fold,sample_id,base_mof_id,mof_name,target_column,aux_feature,ig_aux_importance
1,finetune_000005_v00,finetune_000005,CuHC4O3,xe_uptake_mmol_g,pore_volume_cm3_g,0.03642169386148453
1,finetune_000005_v00,finetune_000005,CuHC4O3,xe_uptake_mmol_g,void_fraction,0.024059660732746124
1,finetune_000005_v00,finetune_000005,CuHC4O3,xe_uptake_mmol_g,gravimetric_surface_area_m2_g,-0.007928616367280483
1,finetune_000005_v00,finetune_000005,CuHC4O3,xe_uptake_mmol_g,volumetric_surface_area_m2_cm3,-0.0077467383816838264
1,finetune_000005_v00,finetune_000005,CuHC4O3,xe_uptake_mmol_g,lcd_A,-0.065129853785038
1,finetune_000005_v00,finetune_000005,CuHC4O3,xe_uptake_mmol_g,pld_A,-0.09027066081762314
1,finetune_000005_v00,finetune_000005,CuHC4O3,xe_uptake_mmol_g,density_g_cm3,0.06102587655186653
1,finetune_000005_v00,finetune_000005,CuHC4O3,xe_uptake_mmol_g,nsites,0.06742100417613983
1,finetune_000005_v00,finetune_000005,CuHC4O3,xe_uptake_mmol_g,nelements,-0.001106482115574181
1,finetune_000005_v00,finetune_000005,CuHC4O3,xe_uptake_mmol_g,open_metal_site,0.0
1,finetune_000005_v00,finetune_000005,CuHC4O3,xe_uptake_mmol_g,has_functional_group,0.003965142648667097
1,finetune_000005_v00,finetune_000005,CuHC4O3,xe_uptake_mmol_g,mean_electronegativity_diff,0.0009470845106989145
1,finetune_000005_v00,finetune_000005,CuHC4O3,xe_uptake_mmol_g,mean_atomic_radius_A,-0.0031624024268239737
1,finetune_000005_v00,finetune_000005,CuHC4O3,xe_uptake_mmol_g,mean_atomic_number,-0.00847022607922554
1,finetune_000005_v00,finetune_000005,CuHC4O3,xe_uptake_mmol_g,metal_fraction,0.07017546892166138
1,finetune_000005_v00,finetune_000005,CuHC4O3,kr_uptake_mmol_g,pore_volume_cm3_g,0.036372605711221695
1,finetune_000005_v00,finetune_000005,CuHC4O3,kr_uptake_mmol_g,void_fraction,0.02433651313185692
1,finetune_000005_v00,finetune_000005,CuHC4O3,kr_uptake_mmol_g,gravimetric_surface_area_m2_g,-0.0076510291546583176
1,finetune_000005_v00,finetune_000005,CuHC4O3,kr_uptake_mmol_g,volumetric_surface_area_m2_cm3,-0.008951045572757721
1,finetune_000005_v00,finetune_000005,CuHC4O3,kr_uptake_mmol_g,lcd_A,-0.06964075565338135
1,finetune_000005_v00,finetune_000005,CuHC4O3,kr_uptake_mmol_g,pld_A,-0.09116382896900177
1,finetune_000005_v00,finetune_000005,CuHC4O3,kr_uptake_mmol_g,density_g_cm3,0.06269420683383942
1,finetune_000005_v00,finetune_000005,CuHC4O3,kr_uptake_mmol_g,nsites,0.06751113384962082
1,finetune_000005_v00,finetune_000005,CuHC4O3,kr_uptake_mmol_g,nelements,-0.0014535908121615648
1,finetune_000005_v00,finetune_000005,CuHC4O3,kr_uptake_mmol_g,open_metal_site,-0.0
1,finetune_000005_v00,finetune_000005,CuHC4O3,kr_uptake_mmol_g,has_functional_group,-0.008398590609431267
1,finetune_000005_v00,finetune_000005,CuHC4O3,kr_uptake_mmol_g,mean_electronegativity_diff,-0.007027675397694111
1,finetune_000005_v00,finetune_000005,CuHC4O3,kr_uptake_mmol_g,mean_atomic_radius_A,-0.0011879131197929382
1,finetune_000005_v00,finetune_000005,CuHC4O3,kr_uptake_mmol_g,mean_atomic_number,-0.0076529192738235
1,finetune_000005_v00,finetune_000005,CuHC4O3,kr_uptake_mmol_g,metal_fraction,0.060246214270591736
1,finetune_000005_v00,finetune_000005,CuHC4O3,xe_kr_selectivity,pore_volume_cm3_g,0.00887551624327898
1,finetune_000005_v00,finetune_000005,CuHC4O3,xe_kr_selectivity,void_fraction,0.014033547602593899
1,finetune_000005_v00,finetune_000005,CuHC4O3,xe_kr_selectivity,gravimetric_surface_area_m2_g,-0.0012875392567366362
1,finetune_000005_v00,finetune_000005,CuHC4O3,xe_kr_selectivity,volumetric_surface_area_m2_cm3,-0.007711458019912243
1,finetune_000005_v00,finetune_000005,CuHC4O3,xe_kr_selectivity,lcd_A,-0.07454854995012283
1,finetune_000005_v00,finetune_000005,CuHC4O3,xe_kr_selectivity,pld_A,-0.10541444271802902
1,finetune_000005_v00,finetune_000005,CuHC4O3,xe_kr_selectivity,density_g_cm3,0.01610765978693962
1,finetune_000005_v00,finetune_000005,CuHC4O3,xe_kr_selectivity,nsites,0.03915591537952423
1,finetune_000005_v00,finetune_000005,CuHC4O3,xe_kr_selectivity,nelements,0.006107276305556297
1,finetune_000005_v00,finetune_000005,CuHC4O3,xe_kr_selectivity,open_metal_site,0.0
1,finetune_000005_v00,finetune_000005,CuHC4O3,xe_kr_selectivity,has_functional_group,-0.018547747284173965
1,finetune_000005_v00,finetune_000005,CuHC4O3,xe_kr_selectivity,mean_electronegativity_diff,-0.04344091936945915
1,finetune_000005_v00,finetune_000005,CuHC4O3,xe_kr_selectivity,mean_atomic_radius_A,-0.003171909600496292
1,finetune_000005_v00,finetune_000005,CuHC4O3,xe_kr_selectivity,mean_atomic_number,-0.018999820575118065
1,finetune_000005_v00,finetune_000005,CuHC4O3,xe_kr_selectivity,metal_fraction,-0.024981554597616196
1,finetune_000005_v00,finetune_000005,CuHC4O3,i2_uptake_mmol_g,pore_volume_cm3_g,0.02970326505601406
1,finetune_000005_v00,finetune_000005,CuHC4O3,i2_uptake_mmol_g,void_fraction,0.022608991712331772
1,finetune_000005_v00,finetune_000005,CuHC4O3,i2_uptake_mmol_g,gravimetric_surface_area_m2_g,-0.0070048123598098755
1,finetune_000005_v00,finetune_000005,CuHC4O3,i2_uptake_mmol_g,volumetric_surface_area_m2_cm3,-0.00830016192048788
1,finetune_000005_v00,finetune_000005,CuHC4O3,i2_uptake_mmol_g,lcd_A,-0.05778371915221214
1,finetune_000005_v00,finetune_000005,CuHC4O3,i2_uptake_mmol_g,pld_A,-0.07984310388565063
1,finetune_000005_v00,finetune_000005,CuHC4O3,i2_uptake_mmol_g,density_g_cm3,0.050479255616664886
1,finetune_000005_v00,finetune_000005,CuHC4O3,i2_uptake_mmol_g,nsites,0.07457250356674194
1,finetune_000005_v00,finetune_000005,CuHC4O3,i2_uptake_mmol_g,nelements,-0.00582108274102211
1,finetune_000005_v00,finetune_000005,CuHC4O3,i2_uptake_mmol_g,open_metal_site,0.0
1,finetune_000005_v00,finetune_000005,CuHC4O3,i2_uptake_mmol_g,has_functional_group,-0.20628443360328674
1,finetune_000005_v00,finetune_000005,CuHC4O3,i2_uptake_mmol_g,mean_electronegativity_diff,0.00700488593429327
1,finetune_000005_v00,finetune_000005,CuHC4O3,i2_uptake_mmol_g,mean_atomic_radius_A,0.00017987925093621016
1,finetune_000005_v00,finetune_000005,CuHC4O3,i2_uptake_mmol_g,mean_atomic_number,-0.0028860201127827168
1,finetune_000005_v00,finetune_000005,CuHC4O3,i2_uptake_mmol_g,metal_fraction,0.05770992115139961
1,finetune_000025_v00,finetune_000025,Ho(CO2)4,xe_uptake_mmol_g,pore_volume_cm3_g,0.0666036382317543
1,finetune_000025_v00,finetune_000025,Ho(CO2)4,xe_uptake_mmol_g,void_fraction,0.16626493632793427
1,finetune_000025_v00,finetune_000025,Ho(CO2)4,xe_uptake_mmol_g,gravimetric_surface_area_m2_g,-0.025509968400001526
1,finetune_000025_v00,finetune_000025,Ho(CO2)4,xe_uptake_mmol_g,volumetric_surface_area_m2_cm3,0.028033098205924034
1,finetune_000025_v00,finetune_000025,Ho(CO2)4,xe_uptake_mmol_g,lcd_A,0.37303951382637024
1,finetune_000025_v00,finetune_000025,Ho(CO2)4,xe_uptake_mmol_g,pld_A,0.35424572229385376
1,finetune_000025_v00,finetune_000025,Ho(CO2)4,xe_uptake_mmol_g,density_g_cm3,-0.12141867727041245
1,finetune_000025_v00,finetune_000025,Ho(CO2)4,xe_uptake_mmol_g,nsites,0.05426166206598282
1,finetune_000025_v00,finetune_000025,Ho(CO2)4,xe_uptake_mmol_g,nelements,0.0024386770091950893
1,finetune_000025_v00,finetune_000025,Ho(CO2)4,xe_uptake_mmol_g,open_metal_site,0.0
1,finetune_000025_v00,finetune_000025,Ho(CO2)4,xe_uptake_mmol_g,has_functional_group,0.011211388744413853
1,finetune_000025_v00,finetune_000025,Ho(CO2)4,xe_uptake_mmol_g,mean_electronegativity_diff,0.0001696911931503564
1,finetune_000025_v00,finetune_000025,Ho(CO2)4,xe_uptake_mmol_g,mean_atomic_radius_A,-0.018272746354341507
1,finetune_000025_v00,finetune_000025,Ho(CO2)4,xe_uptake_mmol_g,mean_atomic_number,0.060355473309755325
1,finetune_000025_v00,finetune_000025,Ho(CO2)4,xe_uptake_mmol_g,metal_fraction,-0.020525524392724037
1,finetune_000025_v00,finetune_000025,Ho(CO2)4,kr_uptake_mmol_g,pore_volume_cm3_g,0.06542957574129105
1,finetune_000025_v00,finetune_000025,Ho(CO2)4,kr_uptake_mmol_g,void_fraction,0.1649392694234848
1,finetune_000025_v00,finetune_000025,Ho(CO2)4,kr_uptake_mmol_g,gravimetric_surface_area_m2_g,-0.02447410672903061
1,finetune_000025_v00,finetune_000025,Ho(CO2)4,kr_uptake_mmol_g,volumetric_surface_area_m2_cm3,0.03168646618723869
1,finetune_000025_v00,finetune_000025,Ho(CO2)4,kr_uptake_mmol_g,lcd_A,0.3848034739494324
1,finetune_000025_v00,finetune_000025,Ho(CO2)4,kr_uptake_mmol_g,pld_A,0.3460065424442291
1,finetune_000025_v00,finetune_000025,Ho(CO2)4,kr_uptake_mmol_g,density_g_cm3,-0.12653793394565582
1,finetune_000025_v00,finetune_000025,Ho(CO2)4,kr_uptake_mmol_g,nsites,0.057224202901124954
1,finetune_000025_v00,finetune_000025,Ho(CO2)4,kr_uptake_mmol_g,nelements,-0.011375367641448975
1,finetune_000025_v00,finetune_000025,Ho(CO2)4,kr_uptake_mmol_g,open_metal_site,-0.0
1,finetune_000025_v00,finetune_000025,Ho(CO2)4,kr_uptake_mmol_g,has_functional_group,0.002723099896684289
1,finetune_000025_v00,finetune_000025,Ho(CO2)4,kr_uptake_mmol_g,mean_electronegativity_diff,0.01040571928024292
1,finetune_000025_v00,finetune_000025,Ho(CO2)4,kr_uptake_mmol_g,mean_atomic_radius_A,-0.0032231418881565332
1,finetune_000025_v00,finetune_000025,Ho(CO2)4,kr_uptake_mmol_g,mean_atomic_number,0.04685651510953903
1,finetune_000025_v00,finetune_000025,Ho(CO2)4,kr_uptake_mmol_g,metal_fraction,-0.01657799631357193
1,finetune_000025_v00,finetune_000025,Ho(CO2)4,xe_kr_selectivity,pore_volume_cm3_g,0.02357739768922329
1,finetune_000025_v00,finetune_000025,Ho(CO2)4,xe_kr_selectivity,void_fraction,0.11595821380615234
1,finetune_000025_v00,finetune_000025,Ho(CO2)4,xe_kr_selectivity,gravimetric_surface_area_m2_g,-0.006390704307705164
1,finetune_000025_v00,finetune_000025,Ho(CO2)4,xe_kr_selectivity,volumetric_surface_area_m2_cm3,0.030640967190265656
1,finetune_000025_v00,finetune_000025,Ho(CO2)4,xe_kr_selectivity,lcd_A,0.4466244876384735
1,finetune_000025_v00,finetune_000025,Ho(CO2)4,xe_kr_selectivity,pld_A,0.4428626298904419
1,finetune_000025_v00,finetune_000025,Ho(CO2)4,xe_kr_selectivity,density_g_cm3,-0.04933623969554901
1,finetune_000025_v00,finetune_000025,Ho(CO2)4,xe_kr_selectivity,nsites,0.04547364264726639
1,finetune_000025_v00,finetune_000025,Ho(CO2)4,xe_kr_selectivity,nelements,0.04409767687320709
1,finetune_000025_v00,finetune_000025,Ho(CO2)4,xe_kr_selectivity,open_metal_site,0.0
1,finetune_000025_v00,finetune_000025,Ho(CO2)4,xe_kr_selectivity,has_functional_group,-0.03579738736152649
1,finetune_000025_v00,finetune_000025,Ho(CO2)4,xe_kr_selectivity,mean_electronegativity_diff,0.07097020745277405
1,finetune_000025_v00,finetune_000025,Ho(CO2)4,xe_kr_selectivity,mean_atomic_radius_A,-0.016209525987505913
1,finetune_000025_v00,finetune_000025,Ho(CO2)4,xe_kr_selectivity,mean_atomic_number,0.14489732682704926
1,finetune_000025_v00,finetune_000025,Ho(CO2)4,xe_kr_selectivity,metal_fraction,0.003361576935276389
1,finetune_000025_v00,finetune_000025,Ho(CO2)4,i2_uptake_mmol_g,pore_volume_cm3_g,0.052690550684928894
1,finetune_000025_v00,finetune_000025,Ho(CO2)4,i2_uptake_mmol_g,void_fraction,0.17023108899593353
1,finetune_000025_v00,finetune_000025,Ho(CO2)4,i2_uptake_mmol_g,gravimetric_surface_area_m2_g,-0.02332424931228161
1,finetune_000025_v00,finetune_000025,Ho(CO2)4,i2_uptake_mmol_g,volumetric_surface_area_m2_cm3,0.029847098514437675
1,finetune_000025_v00,finetune_000025,Ho(CO2)4,i2_uptake_mmol_g,lcd_A,0.3450000584125519
1,finetune_000025_v00,finetune_000025,Ho(CO2)4,i2_uptake_mmol_g,pld_A,0.3501420021057129
1,finetune_000025_v00,finetune_000025,Ho(CO2)4,i2_uptake_mmol_g,density_g_cm3,-0.1077747568488121
1,finetune_000025_v00,finetune_000025,Ho(CO2)4,i2_uptake_mmol_g,nsites,0.06865639984607697
1,finetune_000025_v00,finetune_000025,Ho(CO2)4,i2_uptake_mmol_g,nelements,-0.06436645984649658
1,finetune_000025_v00,finetune_000025,Ho(CO2)4,i2_uptake_mmol_g,open_metal_site,-0.0
1,finetune_000025_v00,finetune_000025,Ho(CO2)4,i2_uptake_mmol_g,has_functional_group,-0.2856881618499756
1,finetune_000025_v00,finetune_000025,Ho(CO2)4,i2_uptake_mmol_g,mean_electronegativity_diff,-0.010635124519467354
1,finetune_000025_v00,finetune_000025,Ho(CO2)4,i2_uptake_mmol_g,mean_atomic_radius_A,0.006325654685497284
1,finetune_000025_v00,finetune_000025,Ho(CO2)4,i2_uptake_mmol_g,mean_atomic_number,0.03326293081045151
1,finetune_000025_v00,finetune_000025,Ho(CO2)4,i2_uptake_mmol_g,metal_fraction,-0.019974952563643456
1,finetune_000192_v00,finetune_000192,ZnCrH18C14(N2O)2,xe_uptake_mmol_g,pore_volume_cm3_g,-0.08829924464225769
1,finetune_000192_v00,finetune_000192,ZnCrH18C14(N2O)2,xe_uptake_mmol_g,void_fraction,-0.12312473356723785
1,finetune_000192_v00,finetune_000192,ZnCrH18C14(N2O)2,xe_uptake_mmol_g,gravimetric_surface_area_m2_g,0.05907762050628662
1,finetune_000192_v00,finetune_000192,ZnCrH18C14(N2O)2,xe_uptake_mmol_g,volumetric_surface_area_m2_cm3,0.0012035324471071362
1,finetune_000192_v00,finetune_000192,ZnCrH18C14(N2O)2,xe_uptake_mmol_g,lcd_A,-0.12500682473182678
1,finetune_000192_v00,finetune_000192,ZnCrH18C14(N2O)2,xe_uptake_mmol_g,pld_A,-0.17175453901290894
1,finetune_000192_v00,finetune_000192,ZnCrH18C14(N2O)2,xe_uptake_mmol_g,density_g_cm3,0.14330130815505981
1,finetune_000192_v00,finetune_000192,ZnCrH18C14(N2O)2,xe_uptake_mmol_g,nsites,-0.07074326276779175
1,finetune_000192_v00,finetune_000192,ZnCrH18C14(N2O)2,xe_uptake_mmol_g,nelements,0.018837451934814453
1,finetune_000192_v00,finetune_000192,ZnCrH18C14(N2O)2,xe_uptake_mmol_g,open_metal_site,0.0
1,finetune_000192_v00,finetune_000192,ZnCrH18C14(N2O)2,xe_uptake_mmol_g,has_functional_group,0.0036901943385601044
1,finetune_000192_v00,finetune_000192,ZnCrH18C14(N2O)2,xe_uptake_mmol_g,mean_electronegativity_diff,0.0006941118626855314
1,finetune_000192_v00,finetune_000192,ZnCrH18C14(N2O)2,xe_uptake_mmol_g,mean_atomic_radius_A,0.07781298458576202
1,finetune_000192_v00,finetune_000192,ZnCrH18C14(N2O)2,xe_uptake_mmol_g,mean_atomic_number,-0.09076623618602753
1,finetune_000192_v00,finetune_000192,ZnCrH18C14(N2O)2,xe_uptake_mmol_g,metal_fraction,-0.0784585177898407
1,finetune_000192_v00,finetune_000192,ZnCrH18C14(N2O)2,kr_uptake_mmol_g,pore_volume_cm3_g,-0.08605913072824478
1,finetune_000192_v00,finetune_000192,ZnCrH18C14(N2O)2,kr_uptake_mmol_g,void_fraction,-0.1292823702096939
1,finetune_000192_v00,finetune_000192,ZnCrH18C14(N2O)2,kr_uptake_mmol_g,gravimetric_surface_area_m2_g,0.05475882813334465
1,finetune_000192_v00,finetune_000192,ZnCrH18C14(N2O)2,kr_uptake_mmol_g,volumetric_surface_area_m2_cm3,0.0012431694194674492
1,finetune_000192_v00,finetune_000192,ZnCrH18C14(N2O)2,kr_uptake_mmol_g,lcd_A,-0.1369728446006775
1,finetune_000192_v00,finetune_000192,ZnCrH18C14(N2O)2,kr_uptake_mmol_g,pld_A,-0.17175471782684326
1,finetune_000192_v00,finetune_000192,ZnCrH18C14(N2O)2,kr_uptake_mmol_g,density_g_cm3,0.1441882699728012
1,finetune_000192_v00,finetune_000192,ZnCrH18C14(N2O)2,kr_uptake_mmol_g,nsites,-0.06702843308448792
1,finetune_000192_v00,finetune_000192,ZnCrH18C14(N2O)2,kr_uptake_mmol_g,nelements,0.026476984843611717
1,finetune_000192_v00,finetune_000192,ZnCrH18C14(N2O)2,kr_uptake_mmol_g,open_metal_site,0.0
1,finetune_000192_v00,finetune_000192,ZnCrH18C14(N2O)2,kr_uptake_mmol_g,has_functional_group,-0.00851390976458788
1,finetune_000192_v00,finetune_000192,ZnCrH18C14(N2O)2,kr_uptake_mmol_g,mean_electronegativity_diff,-0.0021160368341952562
1,finetune_000192_v00,finetune_000192,ZnCrH18C14(N2O)2,kr_uptake_mmol_g,mean_atomic_radius_A,0.044290415942668915
1,finetune_000192_v00,finetune_000192,ZnCrH18C14(N2O)2,kr_uptake_mmol_g,mean_atomic_number,-0.07442738860845566
1,finetune_000192_v00,finetune_000192,ZnCrH18C14(N2O)2,kr_uptake_mmol_g,metal_fraction,-0.06146509572863579
1,finetune_000192_v00,finetune_000192,ZnCrH18C14(N2O)2,xe_kr_selectivity,pore_volume_cm3_g,-0.022878147661685944
1,finetune_000192_v00,finetune_000192,ZnCrH18C14(N2O)2,xe_kr_selectivity,void_fraction,-0.08515651524066925
1,finetune_000192_v00,finetune_000192,ZnCrH18C14(N2O)2,xe_kr_selectivity,gravimetric_surface_area_m2_g,0.008654052391648293
1,finetune_000192_v00,finetune_000192,ZnCrH18C14(N2O)2,xe_kr_selectivity,volumetric_surface_area_m2_cm3,0.0009164449875243008
1,finetune_000192_v00,finetune_000192,ZnCrH18C14(N2O)2,xe_kr_selectivity,lcd_A,-0.14878413081169128
1,finetune_000192_v00,finetune_000192,ZnCrH18C14(N2O)2,xe_kr_selectivity,pld_A,-0.17362001538276672
1,finetune_000192_v00,finetune_000192,ZnCrH18C14(N2O)2,xe_kr_selectivity,density_g_cm3,0.04801498353481293
1,finetune_000192_v00,finetune_000192,ZnCrH18C14(N2O)2,xe_kr_selectivity,nsites,-0.041151419281959534
1,finetune_000192_v00,finetune_000192,ZnCrH18C14(N2O)2,xe_kr_selectivity,nelements,-0.04429657757282257
1,finetune_000192_v00,finetune_000192,ZnCrH18C14(N2O)2,xe_kr_selectivity,open_metal_site,0.0
1,finetune_000192_v00,finetune_000192,ZnCrH18C14(N2O)2,xe_kr_selectivity,has_functional_group,-0.002175653353333473
1,finetune_000192_v00,finetune_000192,ZnCrH18C14(N2O)2,xe_kr_selectivity,mean_electronegativity_diff,-0.00847664289176464
1,finetune_000192_v00,finetune_000192,ZnCrH18C14(N2O)2,xe_kr_selectivity,mean_atomic_radius_A,0.12029290199279785
1,finetune_000192_v00,finetune_000192,ZnCrH18C14(N2O)2,xe_kr_selectivity,mean_atomic_number,-0.11423206329345703
1,finetune_000192_v00,finetune_000192,ZnCrH18C14(N2O)2,xe_kr_selectivity,metal_fraction,0.033875007182359695
1,finetune_000192_v00,finetune_000192,ZnCrH18C14(N2O)2,i2_uptake_mmol_g,pore_volume_cm3_g,-0.07110011577606201
1,finetune_000192_v00,finetune_000192,ZnCrH18C14(N2O)2,i2_uptake_mmol_g,void_fraction,-0.10653718560934067
1,finetune_000192_v00,finetune_000192,ZnCrH18C14(N2O)2,i2_uptake_mmol_g,gravimetric_surface_area_m2_g,0.05399191379547119
1,finetune_000192_v00,finetune_000192,ZnCrH18C14(N2O)2,i2_uptake_mmol_g,volumetric_surface_area_m2_cm3,0.0012011703802272677
1,finetune_000192_v00,finetune_000192,ZnCrH18C14(N2O)2,i2_uptake_mmol_g,lcd_A,-0.09886786341667175
1,finetune_000192_v00,finetune_000192,ZnCrH18C14(N2O)2,i2_uptake_mmol_g,pld_A,-0.13101200759410858
1,finetune_000192_v00,finetune_000192,ZnCrH18C14(N2O)2,i2_uptake_mmol_g,density_g_cm3,0.10339247435331345
1,finetune_000192_v00,finetune_000192,ZnCrH18C14(N2O)2,i2_uptake_mmol_g,nsites,-0.06698791682720184
1,finetune_000192_v00,finetune_000192,ZnCrH18C14(N2O)2,i2_uptake_mmol_g,nelements,0.053704675287008286
1,finetune_000192_v00,finetune_000192,ZnCrH18C14(N2O)2,i2_uptake_mmol_g,open_metal_site,0.0
1,finetune_000192_v00,finetune_000192,ZnCrH18C14(N2O)2,i2_uptake_mmol_g,has_functional_group,-0.14561474323272705
1,finetune_000192_v00,finetune_000192,ZnCrH18C14(N2O)2,i2_uptake_mmol_g,mean_electronegativity_diff,0.0014912927290424705
1,finetune_000192_v00,finetune_000192,ZnCrH18C14(N2O)2,i2_uptake_mmol_g,mean_atomic_radius_A,0.007102918811142445
1,finetune_000192_v00,finetune_000192,ZnCrH18C14(N2O)2,i2_uptake_mmol_g,mean_atomic_number,-0.03806338086724281
1,finetune_000192_v00,finetune_000192,ZnCrH18C14(N2O)2,i2_uptake_mmol_g,metal_fraction,-0.06290597468614578
1,finetune_000231_v00,finetune_000231,NiPC3NO3,xe_uptake_mmol_g,pore_volume_cm3_g,0.16180379688739777
1,finetune_000231_v00,finetune_000231,NiPC3NO3,xe_uptake_mmol_g,void_fraction,0.13951389491558075
1,finetune_000231_v00,finetune_000231,NiPC3NO3,xe_uptake_mmol_g,gravimetric_surface_area_m2_g,0.015956584364175797
1,finetune_000231_v00,finetune_000231,NiPC3NO3,xe_uptake_mmol_g,volumetric_surface_area_m2_cm3,0.007034237962216139
1,finetune_000231_v00,finetune_000231,NiPC3NO3,xe_uptake_mmol_g,lcd_A,-0.007413654122501612
1,finetune_000231_v00,finetune_000231,NiPC3NO3,xe_uptake_mmol_g,pld_A,-0.03203960508108139
1,finetune_000231_v00,finetune_000231,NiPC3NO3,xe_uptake_mmol_g,density_g_cm3,0.06288448721170425
1,finetune_000231_v00,finetune_000231,NiPC3NO3,xe_uptake_mmol_g,nsites,0.07702988386154175
1,finetune_000231_v00,finetune_000231,NiPC3NO3,xe_uptake_mmol_g,nelements,0.0006464671459980309
1,finetune_000231_v00,finetune_000231,NiPC3NO3,xe_uptake_mmol_g,open_metal_site,0.0
1,finetune_000231_v00,finetune_000231,NiPC3NO3,xe_uptake_mmol_g,has_functional_group,-0.0005990962381474674
1,finetune_000231_v00,finetune_000231,NiPC3NO3,xe_uptake_mmol_g,mean_electronegativity_diff,-0.003375201253220439
1,finetune_000231_v00,finetune_000231,NiPC3NO3,xe_uptake_mmol_g,mean_atomic_radius_A,-0.053088895976543427
1,finetune_000231_v00,finetune_000231,NiPC3NO3,xe_uptake_mmol_g,mean_atomic_number,0.0240754596889019
1,finetune_000231_v00,finetune_000231,NiPC3NO3,xe_uptake_mmol_g,metal_fraction,0.06849474459886551
1,finetune_000231_v00,finetune_000231,NiPC3NO3,kr_uptake_mmol_g,pore_volume_cm3_g,0.16469500958919525
1,finetune_000231_v00,finetune_000231,NiPC3NO3,kr_uptake_mmol_g,void_fraction,0.14233197271823883
1,finetune_000231_v00,finetune_000231,NiPC3NO3,kr_uptake_mmol_g,gravimetric_surface_area_m2_g,0.015587527304887772
1,finetune_000231_v00,finetune_000231,NiPC3NO3,kr_uptake_mmol_g,volumetric_surface_area_m2_cm3,0.008250605314970016
1,finetune_000231_v00,finetune_000231,NiPC3NO3,kr_uptake_mmol_g,lcd_A,-0.008059900254011154
1,finetune_000231_v00,finetune_000231,NiPC3NO3,kr_uptake_mmol_g,pld_A,-0.03288181126117706
1,finetune_000231_v00,finetune_000231,NiPC3NO3,kr_uptake_mmol_g,density_g_cm3,0.06615344434976578
1,finetune_000231_v00,finetune_000231,NiPC3NO3,kr_uptake_mmol_g,nsites,0.08017973601818085
1,finetune_000231_v00,finetune_000231,NiPC3NO3,kr_uptake_mmol_g,nelements,0.005797094199806452
1,finetune_000231_v00,finetune_000231,NiPC3NO3,kr_uptake_mmol_g,open_metal_site,-0.0
1,finetune_000231_v00,finetune_000231,NiPC3NO3,kr_uptake_mmol_g,has_functional_group,-0.014739377424120903
1,finetune_000231_v00,finetune_000231,NiPC3NO3,kr_uptake_mmol_g,mean_electronegativity_diff,-0.010994236916303635
1,finetune_000231_v00,finetune_000231,NiPC3NO3,kr_uptake_mmol_g,mean_atomic_radius_A,-0.02062382362782955
1,finetune_000231_v00,finetune_000231,NiPC3NO3,kr_uptake_mmol_g,mean_atomic_number,0.021397965028882027
1,finetune_000231_v00,finetune_000231,NiPC3NO3,kr_uptake_mmol_g,metal_fraction,0.05845106020569801
1,finetune_000231_v00,finetune_000231,NiPC3NO3,xe_kr_selectivity,pore_volume_cm3_g,0.04426911473274231
1,finetune_000231_v00,finetune_000231,NiPC3NO3,xe_kr_selectivity,void_fraction,0.08420222252607346
1,finetune_000231_v00,finetune_000231,NiPC3NO3,xe_kr_selectivity,gravimetric_surface_area_m2_g,0.0032795865554362535
1,finetune_000231_v00,finetune_000231,NiPC3NO3,xe_kr_selectivity,volumetric_surface_area_m2_cm3,0.0071234130300581455
1,finetune_000231_v00,finetune_000231,NiPC3NO3,xe_kr_selectivity,lcd_A,-0.008616422303020954
1,finetune_000231_v00,finetune_000231,NiPC3NO3,xe_kr_selectivity,pld_A,-0.0374843031167984
1,finetune_000231_v00,finetune_000231,NiPC3NO3,xe_kr_selectivity,density_g_cm3,0.019236041232943535
1,finetune_000231_v00,finetune_000231,NiPC3NO3,xe_kr_selectivity,nsites,0.050078827887773514
1,finetune_000231_v00,finetune_000231,NiPC3NO3,xe_kr_selectivity,nelements,-0.03129270300269127
1,finetune_000231_v00,finetune_000231,NiPC3NO3,xe_kr_selectivity,open_metal_site,0.0
1,finetune_000231_v00,finetune_000231,NiPC3NO3,xe_kr_selectivity,has_functional_group,-0.029645470902323723
1,finetune_000231_v00,finetune_000231,NiPC3NO3,xe_kr_selectivity,mean_electronegativity_diff,-0.05245259776711464
1,finetune_000231_v00,finetune_000231,NiPC3NO3,xe_kr_selectivity,mean_atomic_radius_A,-0.04742926359176636
1,finetune_000231_v00,finetune_000231,NiPC3NO3,xe_kr_selectivity,mean_atomic_number,0.05005361884832382
1,finetune_000231_v00,finetune_000231,NiPC3NO3,xe_kr_selectivity,metal_fraction,-0.024769963696599007
1,finetune_000231_v00,finetune_000231,NiPC3NO3,i2_uptake_mmol_g,pore_volume_cm3_g,0.1368257701396942
1,finetune_000231_v00,finetune_000231,NiPC3NO3,i2_uptake_mmol_g,void_fraction,0.13703784346580505
1,finetune_000231_v00,finetune_000231,NiPC3NO3,i2_uptake_mmol_g,gravimetric_surface_area_m2_g,0.0145205557346344
1,finetune_000231_v00,finetune_000231,NiPC3NO3,i2_uptake_mmol_g,volumetric_surface_area_m2_cm3,0.0076096258126199245
1,finetune_000231_v00,finetune_000231,NiPC3NO3,i2_uptake_mmol_g,lcd_A,-0.007167980540543795
1,finetune_000231_v00,finetune_000231,NiPC3NO3,i2_uptake_mmol_g,pld_A,-0.030812066048383713
1,finetune_000231_v00,finetune_000231,NiPC3NO3,i2_uptake_mmol_g,density_g_cm3,0.05442854389548302
1,finetune_000231_v00,finetune_000231,NiPC3NO3,i2_uptake_mmol_g,nsites,0.09225722402334213
1,finetune_000231_v00,finetune_000231,NiPC3NO3,i2_uptake_mmol_g,nelements,0.03159484267234802
1,finetune_000231_v00,finetune_000231,NiPC3NO3,i2_uptake_mmol_g,open_metal_site,0.0
1,finetune_000231_v00,finetune_000231,NiPC3NO3,i2_uptake_mmol_g,has_functional_group,-0.2456471025943756
1,finetune_000231_v00,finetune_000231,NiPC3NO3,i2_uptake_mmol_g,mean_electronegativity_diff,0.0043594022281467915
1,finetune_000231_v00,finetune_000231,NiPC3NO3,i2_uptake_mmol_g,mean_atomic_radius_A,0.001035753870382905
1,finetune_000231_v00,finetune_000231,NiPC3NO3,i2_uptake_mmol_g,mean_atomic_number,0.010248447768390179
1,finetune_000231_v00,finetune_000231,NiPC3NO3,i2_uptake_mmol_g,metal_fraction,0.06338759511709213
1,finetune_000073_v00,finetune_000073,CoHC4O3,xe_uptake_mmol_g,pore_volume_cm3_g,0.2549671530723572
1,finetune_000073_v00,finetune_000073,CoHC4O3,xe_uptake_mmol_g,void_fraction,0.15410491824150085
1,finetune_000073_v00,finetune_000073,CoHC4O3,xe_uptake_mmol_g,gravimetric_surface_area_m2_g,0.0852031484246254
1,finetune_000073_v00,finetune_000073,CoHC4O3,xe_uptake_mmol_g,volumetric_surface_area_m2_cm3,0.02275034412741661
1,finetune_000073_v00,finetune_000073,CoHC4O3,xe_uptake_mmol_g,lcd_A,0.04898412898182869
1,finetune_000073_v00,finetune_000073,CoHC4O3,xe_uptake_mmol_g,pld_A,0.026165073737502098
1,finetune_000073_v00,finetune_000073,CoHC4O3,xe_uptake_mmol_g,density_g_cm3,0.1505638211965561
1,finetune_000073_v00,finetune_000073,CoHC4O3,xe_uptake_mmol_g,nsites,0.08533964306116104
1,finetune_000073_v00,finetune_000073,CoHC4O3,xe_uptake_mmol_g,nelements,-0.0009456716361455619
1,finetune_000073_v00,finetune_000073,CoHC4O3,xe_uptake_mmol_g,open_metal_site,0.0
1,finetune_000073_v00,finetune_000073,CoHC4O3,xe_uptake_mmol_g,has_functional_group,-0.0029305829666554928
1,finetune_000073_v00,finetune_000073,CoHC4O3,xe_uptake_mmol_g,mean_electronegativity_diff,-0.001038287882693112
1,finetune_000073_v00,finetune_000073,CoHC4O3,xe_uptake_mmol_g,mean_atomic_radius_A,-0.0032486747950315475
1,finetune_000073_v00,finetune_000073,CoHC4O3,xe_uptake_mmol_g,mean_atomic_number,-0.015682891011238098
1,finetune_000073_v00,finetune_000073,CoHC4O3,xe_uptake_mmol_g,metal_fraction,0.07593449205160141
1,finetune_000073_v00,finetune_000073,CoHC4O3,kr_uptake_mmol_g,pore_volume_cm3_g,0.2581057846546173
1,finetune_000073_v00,finetune_000073,CoHC4O3,kr_uptake_mmol_g,void_fraction,0.15648730099201202
1,finetune_000073_v00,finetune_000073,CoHC4O3,kr_uptake_mmol_g,gravimetric_surface_area_m2_g,0.08304812759160995
1,finetune_000073_v00,finetune_000073,CoHC4O3,kr_uptake_mmol_g,volumetric_surface_area_m2_cm3,0.026242433115839958
1,finetune_000073_v00,finetune_000073,CoHC4O3,kr_uptake_mmol_g,lcd_A,0.052767351269721985
1,finetune_000073_v00,finetune_000073,CoHC4O3,kr_uptake_mmol_g,pld_A,0.026517296209931374
1,finetune_000073_v00,finetune_000073,CoHC4O3,kr_uptake_mmol_g,density_g_cm3,0.15669918060302734
1,finetune_000073_v00,finetune_000073,CoHC4O3,kr_uptake_mmol_g,nsites,0.0890868529677391
1,finetune_000073_v00,finetune_000073,CoHC4O3,kr_uptake_mmol_g,nelements,-0.002261694520711899
1,finetune_000073_v00,finetune_000073,CoHC4O3,kr_uptake_mmol_g,open_metal_site,-0.0
1,finetune_000073_v00,finetune_000073,CoHC4O3,kr_uptake_mmol_g,has_functional_group,-0.0172900278121233
1,finetune_000073_v00,finetune_000073,CoHC4O3,kr_uptake_mmol_g,mean_electronegativity_diff,-0.007924572564661503
1,finetune_000073_v00,finetune_000073,CoHC4O3,kr_uptake_mmol_g,mean_atomic_radius_A,-0.0012042189482599497
1,finetune_000073_v00,finetune_000073,CoHC4O3,kr_uptake_mmol_g,mean_atomic_number,-0.013461251743137836
1,finetune_000073_v00,finetune_000073,CoHC4O3,kr_uptake_mmol_g,metal_fraction,0.06631585955619812
1,finetune_000073_v00,finetune_000073,CoHC4O3,xe_kr_selectivity,pore_volume_cm3_g,0.055235717445611954
1,finetune_000073_v00,finetune_000073,CoHC4O3,xe_kr_selectivity,void_fraction,0.08110760152339935
1,finetune_000073_v00,finetune_000073,CoHC4O3,xe_kr_selectivity,gravimetric_surface_area_m2_g,0.012474214658141136
1,finetune_000073_v00,finetune_000073,CoHC4O3,xe_kr_selectivity,volumetric_surface_area_m2_cm3,0.019498735666275024
1,finetune_000073_v00,finetune_000073,CoHC4O3,xe_kr_selectivity,lcd_A,0.052715595811605453
1,finetune_000073_v00,finetune_000073,CoHC4O3,xe_kr_selectivity,pld_A,0.02779686264693737
1,finetune_000073_v00,finetune_000073,CoHC4O3,xe_kr_selectivity,density_g_cm3,0.039045896381139755
1,finetune_000073_v00,finetune_000073,CoHC4O3,xe_kr_selectivity,nsites,0.05133574455976486
1,finetune_000073_v00,finetune_000073,CoHC4O3,xe_kr_selectivity,nelements,0.005879192613065243
1,finetune_000073_v00,finetune_000073,CoHC4O3,xe_kr_selectivity,open_metal_site,0.0
1,finetune_000073_v00,finetune_000073,CoHC4O3,xe_kr_selectivity,has_functional_group,-0.026620181277394295
1,finetune_000073_v00,finetune_000073,CoHC4O3,xe_kr_selectivity,mean_electronegativity_diff,-0.04590625315904617
1,finetune_000073_v00,finetune_000073,CoHC4O3,xe_kr_selectivity,mean_atomic_radius_A,-0.0029042779933661222
1,finetune_000073_v00,finetune_000073,CoHC4O3,xe_kr_selectivity,mean_atomic_number,-0.030413886532187462
1,finetune_000073_v00,finetune_000073,CoHC4O3,xe_kr_selectivity,metal_fraction,-0.028667813166975975
1,finetune_000073_v00,finetune_000073,CoHC4O3,i2_uptake_mmol_g,pore_volume_cm3_g,0.2139025777578354
1,finetune_000073_v00,finetune_000073,CoHC4O3,i2_uptake_mmol_g,void_fraction,0.14859145879745483
1,finetune_000073_v00,finetune_000073,CoHC4O3,i2_uptake_mmol_g,gravimetric_surface_area_m2_g,0.07740221172571182
1,finetune_000073_v00,finetune_000073,CoHC4O3,i2_uptake_mmol_g,volumetric_surface_area_m2_cm3,0.023619774729013443
1,finetune_000073_v00,finetune_000073,CoHC4O3,i2_uptake_mmol_g,lcd_A,0.04646962881088257
1,finetune_000073_v00,finetune_000073,CoHC4O3,i2_uptake_mmol_g,pld_A,0.025286590680480003
1,finetune_000073_v00,finetune_000073,CoHC4O3,i2_uptake_mmol_g,density_g_cm3,0.1290457397699356
1,finetune_000073_v00,finetune_000073,CoHC4O3,i2_uptake_mmol_g,nsites,0.10177768021821976
1,finetune_000073_v00,finetune_000073,CoHC4O3,i2_uptake_mmol_g,nelements,-0.007948052138090134
1,finetune_000073_v00,finetune_000073,CoHC4O3,i2_uptake_mmol_g,open_metal_site,0.0
1,finetune_000073_v00,finetune_000073,CoHC4O3,i2_uptake_mmol_g,has_functional_group,-0.2648426294326782
1,finetune_000073_v00,finetune_000073,CoHC4O3,i2_uptake_mmol_g,mean_electronegativity_diff,0.005905316211283207
1,finetune_000073_v00,finetune_000073,CoHC4O3,i2_uptake_mmol_g,mean_atomic_radius_A,0.0005915461806580424
1,finetune_000073_v00,finetune_000073,CoHC4O3,i2_uptake_mmol_g,mean_atomic_number,-0.00669101532548666
1,finetune_000073_v00,finetune_000073,CoHC4O3,i2_uptake_mmol_g,metal_fraction,0.0717543363571167
1,finetune_000278_v00,finetune_000278,UH2(C5O4)2,xe_uptake_mmol_g,pore_volume_cm3_g,0.056131213903427124
1,finetune_000278_v00,finetune_000278,UH2(C5O4)2,xe_uptake_mmol_g,void_fraction,0.12255842983722687
1,finetune_000278_v00,finetune_000278,UH2(C5O4)2,xe_uptake_mmol_g,gravimetric_surface_area_m2_g,0.05208098143339157
1,finetune_000278_v00,finetune_000278,UH2(C5O4)2,xe_uptake_mmol_g,volumetric_surface_area_m2_cm3,0.06531475484371185
1,finetune_000278_v00,finetune_000278,UH2(C5O4)2,xe_uptake_mmol_g,lcd_A,0.29255983233451843
1,finetune_000278_v00,finetune_000278,UH2(C5O4)2,xe_uptake_mmol_g,pld_A,0.2921450734138489
1,finetune_000278_v00,finetune_000278,UH2(C5O4)2,xe_uptake_mmol_g,density_g_cm3,-0.0643630102276802
1,finetune_000278_v00,finetune_000278,UH2(C5O4)2,xe_uptake_mmol_g,nsites,-0.06798671931028366
1,finetune_000278_v00,finetune_000278,UH2(C5O4)2,xe_uptake_mmol_g,nelements,-0.0011656680144369602
1,finetune_000278_v00,finetune_000278,UH2(C5O4)2,xe_uptake_mmol_g,open_metal_site,0.0
1,finetune_000278_v00,finetune_000278,UH2(C5O4)2,xe_uptake_mmol_g,has_functional_group,0.007390013430267572
1,finetune_000278_v00,finetune_000278,UH2(C5O4)2,xe_uptake_mmol_g,mean_electronegativity_diff,5.6706281611695886e-05
1,finetune_000278_v00,finetune_000278,UH2(C5O4)2,xe_uptake_mmol_g,mean_atomic_radius_A,0.007588458247482777
1,finetune_000278_v00,finetune_000278,UH2(C5O4)2,xe_uptake_mmol_g,mean_atomic_number,0.028736770153045654
1,finetune_000278_v00,finetune_000278,UH2(C5O4)2,xe_uptake_mmol_g,metal_fraction,-0.10040543973445892
1,finetune_000278_v00,finetune_000278,UH2(C5O4)2,kr_uptake_mmol_g,pore_volume_cm3_g,0.05548420548439026
1,finetune_000278_v00,finetune_000278,UH2(C5O4)2,kr_uptake_mmol_g,void_fraction,0.12421015650033951
1,finetune_000278_v00,finetune_000278,UH2(C5O4)2,kr_uptake_mmol_g,gravimetric_surface_area_m2_g,0.05003241449594498
1,finetune_000278_v00,finetune_000278,UH2(C5O4)2,kr_uptake_mmol_g,volumetric_surface_area_m2_cm3,0.07475924491882324
1,finetune_000278_v00,finetune_000278,UH2(C5O4)2,kr_uptake_mmol_g,lcd_A,0.3093647062778473
1,finetune_000278_v00,finetune_000278,UH2(C5O4)2,kr_uptake_mmol_g,pld_A,0.29188573360443115
1,finetune_000278_v00,finetune_000278,UH2(C5O4)2,kr_uptake_mmol_g,density_g_cm3,-0.06746205687522888
1,finetune_000278_v00,finetune_000278,UH2(C5O4)2,kr_uptake_mmol_g,nsites,-0.07066380977630615
1,finetune_000278_v00,finetune_000278,UH2(C5O4)2,kr_uptake_mmol_g,nelements,-0.002870654920116067
1,finetune_000278_v00,finetune_000278,UH2(C5O4)2,kr_uptake_mmol_g,open_metal_site,0.0
1,finetune_000278_v00,finetune_000278,UH2(C5O4)2,kr_uptake_mmol_g,has_functional_group,-0.0037600486539304256
1,finetune_000278_v00,finetune_000278,UH2(C5O4)2,kr_uptake_mmol_g,mean_electronegativity_diff,0.0025432882830500603
1,finetune_000278_v00,finetune_000278,UH2(C5O4)2,kr_uptake_mmol_g,mean_atomic_radius_A,0.0022451775148510933
1,finetune_000278_v00,finetune_000278,UH2(C5O4)2,kr_uptake_mmol_g,mean_atomic_number,0.024369793012738228
1,finetune_000278_v00,finetune_000278,UH2(C5O4)2,kr_uptake_mmol_g,metal_fraction,-0.08291803300380707
1,finetune_000278_v00,finetune_000278,UH2(C5O4)2,xe_kr_selectivity,pore_volume_cm3_g,0.016612086445093155
1,finetune_000278_v00,finetune_000278,UH2(C5O4)2,xe_kr_selectivity,void_fraction,0.07953908294439316
1,finetune_000278_v00,finetune_000278,UH2(C5O4)2,xe_kr_selectivity,gravimetric_surface_area_m2_g,0.009793611243367195
1,finetune_000278_v00,finetune_000278,UH2(C5O4)2,xe_kr_selectivity,volumetric_surface_area_m2_cm3,0.06316937506198883
1,finetune_000278_v00,finetune_000278,UH2(C5O4)2,xe_kr_selectivity,lcd_A,0.33864304423332214
1,finetune_000278_v00,finetune_000278,UH2(C5O4)2,xe_kr_selectivity,pld_A,0.33092060685157776
1,finetune_000278_v00,finetune_000278,UH2(C5O4)2,xe_kr_selectivity,density_g_cm3,-0.023143315687775612
1,finetune_000278_v00,finetune_000278,UH2(C5O4)2,xe_kr_selectivity,nsites,-0.051054421812295914
1,finetune_000278_v00,finetune_000278,UH2(C5O4)2,xe_kr_selectivity,nelements,0.004945709370076656
1,finetune_000278_v00,finetune_000278,UH2(C5O4)2,xe_kr_selectivity,open_metal_site,0.0
1,finetune_000278_v00,finetune_000278,UH2(C5O4)2,xe_kr_selectivity,has_functional_group,-0.02521028369665146
1,finetune_000278_v00,finetune_000278,UH2(C5O4)2,xe_kr_selectivity,mean_electronegativity_diff,0.011920731514692307
1,finetune_000278_v00,finetune_000278,UH2(C5O4)2,xe_kr_selectivity,mean_atomic_radius_A,0.007646196521818638
1,finetune_000278_v00,finetune_000278,UH2(C5O4)2,xe_kr_selectivity,mean_atomic_number,0.058159299194812775
1,finetune_000278_v00,finetune_000278,UH2(C5O4)2,xe_kr_selectivity,metal_fraction,0.026160255074501038
1,finetune_000278_v00,finetune_000278,UH2(C5O4)2,i2_uptake_mmol_g,pore_volume_cm3_g,0.045094747096300125
1,finetune_000278_v00,finetune_000278,UH2(C5O4)2,i2_uptake_mmol_g,void_fraction,0.11996576935052872
1,finetune_000278_v00,finetune_000278,UH2(C5O4)2,i2_uptake_mmol_g,gravimetric_surface_area_m2_g,0.0478023961186409
1,finetune_000278_v00,finetune_000278,UH2(C5O4)2,i2_uptake_mmol_g,volumetric_surface_area_m2_cm3,0.06983022391796112
1,finetune_000278_v00,finetune_000278,UH2(C5O4)2,i2_uptake_mmol_g,lcd_A,0.26811161637306213
1,finetune_000278_v00,finetune_000278,UH2(C5O4)2,i2_uptake_mmol_g,pld_A,0.2744656205177307
1,finetune_000278_v00,finetune_000278,UH2(C5O4)2,i2_uptake_mmol_g,density_g_cm3,-0.05529795214533806
1,finetune_000278_v00,finetune_000278,UH2(C5O4)2,i2_uptake_mmol_g,nsites,-0.08141855895519257
1,finetune_000278_v00,finetune_000278,UH2(C5O4)2,i2_uptake_mmol_g,nelements,-0.008896613493561745
1,finetune_000278_v00,finetune_000278,UH2(C5O4)2,i2_uptake_mmol_g,open_metal_site,0.0
1,finetune_000278_v00,finetune_000278,UH2(C5O4)2,i2_uptake_mmol_g,has_functional_group,-0.25526851415634155
1,finetune_000278_v00,finetune_000278,UH2(C5O4)2,i2_uptake_mmol_g,mean_electronegativity_diff,-0.001517836470156908
1,finetune_000278_v00,finetune_000278,UH2(C5O4)2,i2_uptake_mmol_g,mean_atomic_radius_A,-0.0014004904078319669
1,finetune_000278_v00,finetune_000278,UH2(C5O4)2,i2_uptake_mmol_g,mean_atomic_number,0.015636475756764412
1,finetune_000278_v00,finetune_000278,UH2(C5O4)2,i2_uptake_mmol_g,metal_fraction,-0.09536930918693542
1,finetune_000175_v00,finetune_000175,CoHC4O3,xe_uptake_mmol_g,pore_volume_cm3_g,0.2549671530723572
1,finetune_000175_v00,finetune_000175,CoHC4O3,xe_uptake_mmol_g,void_fraction,0.15410491824150085
1,finetune_000175_v00,finetune_000175,CoHC4O3,xe_uptake_mmol_g,gravimetric_surface_area_m2_g,0.0852031484246254
1,finetune_000175_v00,finetune_000175,CoHC4O3,xe_uptake_mmol_g,volumetric_surface_area_m2_cm3,0.02275034412741661
1,finetune_000175_v00,finetune_000175,CoHC4O3,xe_uptake_mmol_g,lcd_A,0.04898412898182869
1,finetune_000175_v00,finetune_000175,CoHC4O3,xe_uptake_mmol_g,pld_A,0.026165073737502098
1,finetune_000175_v00,finetune_000175,CoHC4O3,xe_uptake_mmol_g,density_g_cm3,0.1505638211965561
1,finetune_000175_v00,finetune_000175,CoHC4O3,xe_uptake_mmol_g,nsites,0.08533964306116104
1,finetune_000175_v00,finetune_000175,CoHC4O3,xe_uptake_mmol_g,nelements,-0.0009456716361455619
1,finetune_000175_v00,finetune_000175,CoHC4O3,xe_uptake_mmol_g,open_metal_site,0.0
1,finetune_000175_v00,finetune_000175,CoHC4O3,xe_uptake_mmol_g,has_functional_group,-0.0029305838979780674
1,finetune_000175_v00,finetune_000175,CoHC4O3,xe_uptake_mmol_g,mean_electronegativity_diff,-0.0010382876498624682
1,finetune_000175_v00,finetune_000175,CoHC4O3,xe_uptake_mmol_g,mean_atomic_radius_A,-0.0032486747950315475
1,finetune_000175_v00,finetune_000175,CoHC4O3,xe_uptake_mmol_g,mean_atomic_number,-0.015682891011238098
1,finetune_000175_v00,finetune_000175,CoHC4O3,xe_uptake_mmol_g,metal_fraction,0.07593449205160141
1,finetune_000175_v00,finetune_000175,CoHC4O3,kr_uptake_mmol_g,pore_volume_cm3_g,0.2581057846546173
1,finetune_000175_v00,finetune_000175,CoHC4O3,kr_uptake_mmol_g,void_fraction,0.15648730099201202
1,finetune_000175_v00,finetune_000175,CoHC4O3,kr_uptake_mmol_g,gravimetric_surface_area_m2_g,0.08304813504219055
1,finetune_000175_v00,finetune_000175,CoHC4O3,kr_uptake_mmol_g,volumetric_surface_area_m2_cm3,0.026242433115839958
1,finetune_000175_v00,finetune_000175,CoHC4O3,kr_uptake_mmol_g,lcd_A,0.052767351269721985
1,finetune_000175_v00,finetune_000175,CoHC4O3,kr_uptake_mmol_g,pld_A,0.026517296209931374
1,finetune_000175_v00,finetune_000175,CoHC4O3,kr_uptake_mmol_g,density_g_cm3,0.15669918060302734
1,finetune_000175_v00,finetune_000175,CoHC4O3,kr_uptake_mmol_g,nsites,0.0890868529677391
1,finetune_000175_v00,finetune_000175,CoHC4O3,kr_uptake_mmol_g,nelements,-0.002261694520711899
1,finetune_000175_v00,finetune_000175,CoHC4O3,kr_uptake_mmol_g,open_metal_site,-0.0
1,finetune_000175_v00,finetune_000175,CoHC4O3,kr_uptake_mmol_g,has_functional_group,-0.0172900278121233
1,finetune_000175_v00,finetune_000175,CoHC4O3,kr_uptake_mmol_g,mean_electronegativity_diff,-0.007924571633338928
1,finetune_000175_v00,finetune_000175,CoHC4O3,kr_uptake_mmol_g,mean_atomic_radius_A,-0.0012042189482599497
1,finetune_000175_v00,finetune_000175,CoHC4O3,kr_uptake_mmol_g,mean_atomic_number,-0.013461253605782986
1,finetune_000175_v00,finetune_000175,CoHC4O3,kr_uptake_mmol_g,metal_fraction,0.06631586700677872
1,finetune_000175_v00,finetune_000175,CoHC4O3,xe_kr_selectivity,pore_volume_cm3_g,0.055235717445611954
1,finetune_000175_v00,finetune_000175,CoHC4O3,xe_kr_selectivity,void_fraction,0.08110760152339935
1,finetune_000175_v00,finetune_000175,CoHC4O3,xe_kr_selectivity,gravimetric_surface_area_m2_g,0.012474214658141136
1,finetune_000175_v00,finetune_000175,CoHC4O3,xe_kr_selectivity,volumetric_surface_area_m2_cm3,0.019498735666275024
1,finetune_000175_v00,finetune_000175,CoHC4O3,xe_kr_selectivity,lcd_A,0.052715595811605453
1,finetune_000175_v00,finetune_000175,CoHC4O3,xe_kr_selectivity,pld_A,0.02779686264693737
1,finetune_000175_v00,finetune_000175,CoHC4O3,xe_kr_selectivity,density_g_cm3,0.039045900106430054
1,finetune_000175_v00,finetune_000175,CoHC4O3,xe_kr_selectivity,nsites,0.05133574455976486
1,finetune_000175_v00,finetune_000175,CoHC4O3,xe_kr_selectivity,nelements,0.005879192613065243
1,finetune_000175_v00,finetune_000175,CoHC4O3,xe_kr_selectivity,open_metal_site,0.0
1,finetune_000175_v00,finetune_000175,CoHC4O3,xe_kr_selectivity,has_functional_group,-0.026620177552103996
1,finetune_000175_v00,finetune_000175,CoHC4O3,xe_kr_selectivity,mean_electronegativity_diff,-0.04590625315904617
1,finetune_000175_v00,finetune_000175,CoHC4O3,xe_kr_selectivity,mean_atomic_radius_A,-0.0029042779933661222
1,finetune_000175_v00,finetune_000175,CoHC4O3,xe_kr_selectivity,mean_atomic_number,-0.030413882806897163
1,finetune_000175_v00,finetune_000175,CoHC4O3,xe_kr_selectivity,metal_fraction,-0.028667813166975975
1,finetune_000175_v00,finetune_000175,CoHC4O3,i2_uptake_mmol_g,pore_volume_cm3_g,0.2139025777578354
1,finetune_000175_v00,finetune_000175,CoHC4O3,i2_uptake_mmol_g,void_fraction,0.14859145879745483
1,finetune_000175_v00,finetune_000175,CoHC4O3,i2_uptake_mmol_g,gravimetric_surface_area_m2_g,0.07740221172571182
1,finetune_000175_v00,finetune_000175,CoHC4O3,i2_uptake_mmol_g,volumetric_surface_area_m2_cm3,0.023619774729013443
1,finetune_000175_v00,finetune_000175,CoHC4O3,i2_uptake_mmol_g,lcd_A,0.04646962881088257
1,finetune_000175_v00,finetune_000175,CoHC4O3,i2_uptake_mmol_g,pld_A,0.025286594405770302
1,finetune_000175_v00,finetune_000175,CoHC4O3,i2_uptake_mmol_g,density_g_cm3,0.1290457397699356
1,finetune_000175_v00,finetune_000175,CoHC4O3,i2_uptake_mmol_g,nsites,0.10177768021821976
1,finetune_000175_v00,finetune_000175,CoHC4O3,i2_uptake_mmol_g,nelements,-0.007948052138090134
1,finetune_000175_v00,finetune_000175,CoHC4O3,i2_uptake_mmol_g,open_metal_site,0.0
1,finetune_000175_v00,finetune_000175,CoHC4O3,i2_uptake_mmol_g,has_functional_group,-0.2648426294326782
1,finetune_000175_v00,finetune_000175,CoHC4O3,i2_uptake_mmol_g,mean_electronegativity_diff,0.005905318073928356
1,finetune_000175_v00,finetune_000175,CoHC4O3,i2_uptake_mmol_g,mean_atomic_radius_A,0.0005915463552810252
1,finetune_000175_v00,finetune_000175,CoHC4O3,i2_uptake_mmol_g,mean_atomic_number,-0.00669101532548666
1,finetune_000175_v00,finetune_000175,CoHC4O3,i2_uptake_mmol_g,metal_fraction,0.0717543363571167
1,finetune_000237_v00,finetune_000237,CuH8(C2N)4,xe_uptake_mmol_g,pore_volume_cm3_g,-0.1622018814086914
1,finetune_000237_v00,finetune_000237,CuH8(C2N)4,xe_uptake_mmol_g,void_fraction,-0.15231189131736755
1,finetune_000237_v00,finetune_000237,CuH8(C2N)4,xe_uptake_mmol_g,gravimetric_surface_area_m2_g,0.06793862581253052
1,finetune_000237_v00,finetune_000237,CuH8(C2N)4,xe_uptake_mmol_g,volumetric_surface_area_m2_cm3,0.01789485663175583
1,finetune_000237_v00,finetune_000237,CuH8(C2N)4,xe_uptake_mmol_g,lcd_A,-0.16950349509716034
1,finetune_000237_v00,finetune_000237,CuH8(C2N)4,xe_uptake_mmol_g,pld_A,-0.15224020183086395
1,finetune_000237_v00,finetune_000237,CuH8(C2N)4,xe_uptake_mmol_g,density_g_cm3,0.09279616177082062
1,finetune_000237_v00,finetune_000237,CuH8(C2N)4,xe_uptake_mmol_g,nsites,-0.21637830138206482
1,finetune_000237_v00,finetune_000237,CuH8(C2N)4,xe_uptake_mmol_g,nelements,-0.0021037361584603786
1,finetune_000237_v00,finetune_000237,CuH8(C2N)4,xe_uptake_mmol_g,open_metal_site,0.0
1,finetune_000237_v00,finetune_000237,CuH8(C2N)4,xe_uptake_mmol_g,has_functional_group,0.008616159670054913
1,finetune_000237_v00,finetune_000237,CuH8(C2N)4,xe_uptake_mmol_g,mean_electronegativity_diff,-0.003383195260539651
1,finetune_000237_v00,finetune_000237,CuH8(C2N)4,xe_uptake_mmol_g,mean_atomic_radius_A,0.06642024964094162
1,finetune_000237_v00,finetune_000237,CuH8(C2N)4,xe_uptake_mmol_g,mean_atomic_number,-0.07179227471351624
1,finetune_000237_v00,finetune_000237,CuH8(C2N)4,xe_uptake_mmol_g,metal_fraction,-0.0747680515050888
1,finetune_000237_v00,finetune_000237,CuH8(C2N)4,kr_uptake_mmol_g,pore_volume_cm3_g,-0.15103723108768463
1,finetune_000237_v00,finetune_000237,CuH8(C2N)4,kr_uptake_mmol_g,void_fraction,-0.15582963824272156
1,finetune_000237_v00,finetune_000237,CuH8(C2N)4,kr_uptake_mmol_g,gravimetric_surface_area_m2_g,0.06251520663499832
1,finetune_000237_v00,finetune_000237,CuH8(C2N)4,kr_uptake_mmol_g,volumetric_surface_area_m2_cm3,0.019304655492305756
1,finetune_000237_v00,finetune_000237,CuH8(C2N)4,kr_uptake_mmol_g,lcd_A,-0.1742400825023651
1,finetune_000237_v00,finetune_000237,CuH8(C2N)4,kr_uptake_mmol_g,pld_A,-0.14239467680454254
1,finetune_000237_v00,finetune_000237,CuH8(C2N)4,kr_uptake_mmol_g,density_g_cm3,0.08867943286895752
1,finetune_000237_v00,finetune_000237,CuH8(C2N)4,kr_uptake_mmol_g,nsites,-0.1849537193775177
1,finetune_000237_v00,finetune_000237,CuH8(C2N)4,kr_uptake_mmol_g,nelements,-0.0015328654553741217
1,finetune_000237_v00,finetune_000237,CuH8(C2N)4,kr_uptake_mmol_g,open_metal_site,-0.0
1,finetune_000237_v00,finetune_000237,CuH8(C2N)4,kr_uptake_mmol_g,has_functional_group,-0.002183870179578662
1,finetune_000237_v00,finetune_000237,CuH8(C2N)4,kr_uptake_mmol_g,mean_electronegativity_diff,-0.020364902913570404
1,finetune_000237_v00,finetune_000237,CuH8(C2N)4,kr_uptake_mmol_g,mean_atomic_radius_A,0.0362883061170578
1,finetune_000237_v00,finetune_000237,CuH8(C2N)4,kr_uptake_mmol_g,mean_atomic_number,-0.061465028673410416
1,finetune_000237_v00,finetune_000237,CuH8(C2N)4,kr_uptake_mmol_g,metal_fraction,-0.05629948899149895
1,finetune_000237_v00,finetune_000237,CuH8(C2N)4,xe_kr_selectivity,pore_volume_cm3_g,-0.04682839661836624
1,finetune_000237_v00,finetune_000237,CuH8(C2N)4,xe_kr_selectivity,void_fraction,-0.11539335548877716
1,finetune_000237_v00,finetune_000237,CuH8(C2N)4,xe_kr_selectivity,gravimetric_surface_area_m2_g,0.01083345990628004
1,finetune_000237_v00,finetune_000237,CuH8(C2N)4,xe_kr_selectivity,volumetric_surface_area_m2_cm3,0.01857781782746315
1,finetune_000237_v00,finetune_000237,CuH8(C2N)4,xe_kr_selectivity,lcd_A,-0.20560325682163239
1,finetune_000237_v00,finetune_000237,CuH8(C2N)4,xe_kr_selectivity,pld_A,-0.16111023724079132
1,finetune_000237_v00,finetune_000237,CuH8(C2N)4,xe_kr_selectivity,density_g_cm3,0.03733235225081444
1,finetune_000237_v00,finetune_000237,CuH8(C2N)4,xe_kr_selectivity,nsites,-0.12299690395593643
1,finetune_000237_v00,finetune_000237,CuH8(C2N)4,xe_kr_selectivity,nelements,0.003699548076838255
1,finetune_000237_v00,finetune_000237,CuH8(C2N)4,xe_kr_selectivity,open_metal_site,0.0
1,finetune_000237_v00,finetune_000237,CuH8(C2N)4,xe_kr_selectivity,has_functional_group,0.004541836678981781
1,finetune_000237_v00,finetune_000237,CuH8(C2N)4,xe_kr_selectivity,mean_electronegativity_diff,-0.0630573034286499
1,finetune_000237_v00,finetune_000237,CuH8(C2N)4,xe_kr_selectivity,mean_atomic_radius_A,0.0961657166481018
1,finetune_000237_v00,finetune_000237,CuH8(C2N)4,xe_kr_selectivity,mean_atomic_number,-0.09825782477855682
1,finetune_000237_v00,finetune_000237,CuH8(C2N)4,xe_kr_selectivity,metal_fraction,0.03285328298807144
1,finetune_000237_v00,finetune_000237,CuH8(C2N)4,i2_uptake_mmol_g,pore_volume_cm3_g,-0.1270560473203659
1,finetune_000237_v00,finetune_000237,CuH8(C2N)4,i2_uptake_mmol_g,void_fraction,-0.12736369669437408
1,finetune_000237_v00,finetune_000237,CuH8(C2N)4,i2_uptake_mmol_g,gravimetric_surface_area_m2_g,0.06356613337993622
1,finetune_000237_v00,finetune_000237,CuH8(C2N)4,i2_uptake_mmol_g,volumetric_surface_area_m2_cm3,0.017478255555033684
1,finetune_000237_v00,finetune_000237,CuH8(C2N)4,i2_uptake_mmol_g,lcd_A,-0.11660709977149963
1,finetune_000237_v00,finetune_000237,CuH8(C2N)4,i2_uptake_mmol_g,pld_A,-0.10211366415023804
1,finetune_000237_v00,finetune_000237,CuH8(C2N)4,i2_uptake_mmol_g,density_g_cm3,0.05749751627445221
1,finetune_000237_v00,finetune_000237,CuH8(C2N)4,i2_uptake_mmol_g,nsites,-0.17440006136894226
1,finetune_000237_v00,finetune_000237,CuH8(C2N)4,i2_uptake_mmol_g,nelements,-0.0029790012631565332
1,finetune_000237_v00,finetune_000237,CuH8(C2N)4,i2_uptake_mmol_g,open_metal_site,0.0
1,finetune_000237_v00,finetune_000237,CuH8(C2N)4,i2_uptake_mmol_g,has_functional_group,-0.11067797243595123
1,finetune_000237_v00,finetune_000237,CuH8(C2N)4,i2_uptake_mmol_g,mean_electronegativity_diff,0.007559766061604023
1,finetune_000237_v00,finetune_000237,CuH8(C2N)4,i2_uptake_mmol_g,mean_atomic_radius_A,0.009141308255493641
1,finetune_000237_v00,finetune_000237,CuH8(C2N)4,i2_uptake_mmol_g,mean_atomic_number,-0.02924708090722561
1,finetune_000237_v00,finetune_000237,CuH8(C2N)4,i2_uptake_mmol_g,metal_fraction,-0.05383836105465889
1,finetune_000063_v00,finetune_000063,EuHC6N2O5,xe_uptake_mmol_g,pore_volume_cm3_g,-0.20256847143173218
1,finetune_000063_v00,finetune_000063,EuHC6N2O5,xe_uptake_mmol_g,void_fraction,-0.1474422812461853
1,finetune_000063_v00,finetune_000063,EuHC6N2O5,xe_uptake_mmol_g,gravimetric_surface_area_m2_g,-0.1375254988670349
1,finetune_000063_v00,finetune_000063,EuHC6N2O5,xe_uptake_mmol_g,volumetric_surface_area_m2_cm3,-0.07104358077049255
1,finetune_000063_v00,finetune_000063,EuHC6N2O5,xe_uptake_mmol_g,lcd_A,-0.10541756451129913
1,finetune_000063_v00,finetune_000063,EuHC6N2O5,xe_uptake_mmol_g,pld_A,-0.12739257514476776
1,finetune_000063_v00,finetune_000063,EuHC6N2O5,xe_uptake_mmol_g,density_g_cm3,-0.10305284708738327
1,finetune_000063_v00,finetune_000063,EuHC6N2O5,xe_uptake_mmol_g,nsites,-0.012498058378696442
1,finetune_000063_v00,finetune_000063,EuHC6N2O5,xe_uptake_mmol_g,nelements,0.0009453074308112264
1,finetune_000063_v00,finetune_000063,EuHC6N2O5,xe_uptake_mmol_g,open_metal_site,-0.0
1,finetune_000063_v00,finetune_000063,EuHC6N2O5,xe_uptake_mmol_g,has_functional_group,0.014057724736630917
1,finetune_000063_v00,finetune_000063,EuHC6N2O5,xe_uptake_mmol_g,mean_electronegativity_diff,-0.0015438687987625599
1,finetune_000063_v00,finetune_000063,EuHC6N2O5,xe_uptake_mmol_g,mean_atomic_radius_A,-0.010689666494727135
1,finetune_000063_v00,finetune_000063,EuHC6N2O5,xe_uptake_mmol_g,mean_atomic_number,0.0143663315102458
1,finetune_000063_v00,finetune_000063,EuHC6N2O5,xe_uptake_mmol_g,metal_fraction,-0.031861476600170135
1,finetune_000063_v00,finetune_000063,EuHC6N2O5,kr_uptake_mmol_g,pore_volume_cm3_g,-0.19123463332653046
1,finetune_000063_v00,finetune_000063,EuHC6N2O5,kr_uptake_mmol_g,void_fraction,-0.14968661963939667
1,finetune_000063_v00,finetune_000063,EuHC6N2O5,kr_uptake_mmol_g,gravimetric_surface_area_m2_g,-0.1296973079442978
1,finetune_000063_v00,finetune_000063,EuHC6N2O5,kr_uptake_mmol_g,volumetric_surface_area_m2_cm3,-0.08020941913127899
1,finetune_000063_v00,finetune_000063,EuHC6N2O5,kr_uptake_mmol_g,lcd_A,-0.11116160452365875
1,finetune_000063_v00,finetune_000063,EuHC6N2O5,kr_uptake_mmol_g,pld_A,-0.12570048868656158
1,finetune_000063_v00,finetune_000063,EuHC6N2O5,kr_uptake_mmol_g,density_g_cm3,-0.10219071805477142
1,finetune_000063_v00,finetune_000063,EuHC6N2O5,kr_uptake_mmol_g,nsites,-0.010110516101121902
1,finetune_000063_v00,finetune_000063,EuHC6N2O5,kr_uptake_mmol_g,nelements,-0.0033098063431680202
1,finetune_000063_v00,finetune_000063,EuHC6N2O5,kr_uptake_mmol_g,open_metal_site,-0.0
1,finetune_000063_v00,finetune_000063,EuHC6N2O5,kr_uptake_mmol_g,has_functional_group,0.00846550241112709
1,finetune_000063_v00,finetune_000063,EuHC6N2O5,kr_uptake_mmol_g,mean_electronegativity_diff,0.003378471126779914
1,finetune_000063_v00,finetune_000063,EuHC6N2O5,kr_uptake_mmol_g,mean_atomic_radius_A,-0.003820928744971752
1,finetune_000063_v00,finetune_000063,EuHC6N2O5,kr_uptake_mmol_g,mean_atomic_number,0.013440663926303387
1,finetune_000063_v00,finetune_000063,EuHC6N2O5,kr_uptake_mmol_g,metal_fraction,-0.02365165762603283
1,finetune_000063_v00,finetune_000063,EuHC6N2O5,xe_kr_selectivity,pore_volume_cm3_g,-0.11047232896089554
1,finetune_000063_v00,finetune_000063,EuHC6N2O5,xe_kr_selectivity,void_fraction,-0.15578815340995789
1,finetune_000063_v00,finetune_000063,EuHC6N2O5,xe_kr_selectivity,gravimetric_surface_area_m2_g,-0.05443518981337547
1,finetune_000063_v00,finetune_000063,EuHC6N2O5,xe_kr_selectivity,volumetric_surface_area_m2_cm3,-0.11433988064527512
1,finetune_000063_v00,finetune_000063,EuHC6N2O5,xe_kr_selectivity,lcd_A,-0.1681644469499588
1,finetune_000063_v00,finetune_000063,EuHC6N2O5,xe_kr_selectivity,pld_A,-0.20831146836280823
1,finetune_000063_v00,finetune_000063,EuHC6N2O5,xe_kr_selectivity,density_g_cm3,-0.05030298978090286
1,finetune_000063_v00,finetune_000063,EuHC6N2O5,xe_kr_selectivity,nsites,-0.009653809480369091
1,finetune_000063_v00,finetune_000063,EuHC6N2O5,xe_kr_selectivity,nelements,-0.03253988176584244
1,finetune_000063_v00,finetune_000063,EuHC6N2O5,xe_kr_selectivity,open_metal_site,0.0
1,finetune_000063_v00,finetune_000063,EuHC6N2O5,xe_kr_selectivity,has_functional_group,-0.0112293791025877
1,finetune_000063_v00,finetune_000063,EuHC6N2O5,xe_kr_selectivity,mean_electronegativity_diff,0.014754489064216614
1,finetune_000063_v00,finetune_000063,EuHC6N2O5,xe_kr_selectivity,mean_atomic_radius_A,-0.017687777057290077
1,finetune_000063_v00,finetune_000063,EuHC6N2O5,xe_kr_selectivity,mean_atomic_number,0.039075031876564026
1,finetune_000063_v00,finetune_000063,EuHC6N2O5,xe_kr_selectivity,metal_fraction,0.009629739448428154
1,finetune_000063_v00,finetune_000063,EuHC6N2O5,i2_uptake_mmol_g,pore_volume_cm3_g,-0.16419276595115662
1,finetune_000063_v00,finetune_000063,EuHC6N2O5,i2_uptake_mmol_g,void_fraction,-0.14774298667907715
1,finetune_000063_v00,finetune_000063,EuHC6N2O5,i2_uptake_mmol_g,gravimetric_surface_area_m2_g,-0.12618033587932587
1,finetune_000063_v00,finetune_000063,EuHC6N2O5,i2_uptake_mmol_g,volumetric_surface_area_m2_cm3,-0.07927536219358444
1,finetune_000063_v00,finetune_000063,EuHC6N2O5,i2_uptake_mmol_g,lcd_A,-0.085691437125206
1,finetune_000063_v00,finetune_000063,EuHC6N2O5,i2_uptake_mmol_g,pld_A,-0.1023043841123581
1,finetune_000063_v00,finetune_000063,EuHC6N2O5,i2_uptake_mmol_g,density_g_cm3,-0.07701581716537476
1,finetune_000063_v00,finetune_000063,EuHC6N2O5,i2_uptake_mmol_g,nsites,-0.011922999285161495
1,finetune_000063_v00,finetune_000063,EuHC6N2O5,i2_uptake_mmol_g,nelements,0.012488446198403835
1,finetune_000063_v00,finetune_000063,EuHC6N2O5,i2_uptake_mmol_g,open_metal_site,0.0
1,finetune_000063_v00,finetune_000063,EuHC6N2O5,i2_uptake_mmol_g,has_functional_group,-0.12239690124988556
1,finetune_000063_v00,finetune_000063,EuHC6N2O5,i2_uptake_mmol_g,mean_electronegativity_diff,-0.0036773383617401123
1,finetune_000063_v00,finetune_000063,EuHC6N2O5,i2_uptake_mmol_g,mean_atomic_radius_A,-0.0017508126329630613
1,finetune_000063_v00,finetune_000063,EuHC6N2O5,i2_uptake_mmol_g,mean_atomic_number,0.004634413868188858
1,finetune_000063_v00,finetune_000063,EuHC6N2O5,i2_uptake_mmol_g,metal_fraction,-0.02289869450032711
1,finetune_000289_v00,finetune_000289,TbH8C8(NO3)2,xe_uptake_mmol_g,pore_volume_cm3_g,-0.21140670776367188
1,finetune_000289_v00,finetune_000289,TbH8C8(NO3)2,xe_uptake_mmol_g,void_fraction,-0.15231415629386902
1,finetune_000289_v00,finetune_000289,TbH8C8(NO3)2,xe_uptake_mmol_g,gravimetric_surface_area_m2_g,-0.12206976860761642
1,finetune_000289_v00,finetune_000289,TbH8C8(NO3)2,xe_uptake_mmol_g,volumetric_surface_area_m2_cm3,-0.05537312105298042
1,finetune_000289_v00,finetune_000289,TbH8C8(NO3)2,xe_uptake_mmol_g,lcd_A,-0.16078419983386993
1,finetune_000289_v00,finetune_000289,TbH8C8(NO3)2,xe_uptake_mmol_g,pld_A,-0.1354707032442093
1,finetune_000289_v00,finetune_000289,TbH8C8(NO3)2,xe_uptake_mmol_g,density_g_cm3,-0.1471400111913681
1,finetune_000289_v00,finetune_000289,TbH8C8(NO3)2,xe_uptake_mmol_g,nsites,0.01458636112511158
1,finetune_000289_v00,finetune_000289,TbH8C8(NO3)2,xe_uptake_mmol_g,nelements,0.006703698076307774
1,finetune_000289_v00,finetune_000289,TbH8C8(NO3)2,xe_uptake_mmol_g,open_metal_site,-0.0
1,finetune_000289_v00,finetune_000289,TbH8C8(NO3)2,xe_uptake_mmol_g,has_functional_group,0.008308912627398968
1,finetune_000289_v00,finetune_000289,TbH8C8(NO3)2,xe_uptake_mmol_g,mean_electronegativity_diff,-0.0035333088599145412
1,finetune_000289_v00,finetune_000289,TbH8C8(NO3)2,xe_uptake_mmol_g,mean_atomic_radius_A,0.049652229994535446
1,finetune_000289_v00,finetune_000289,TbH8C8(NO3)2,xe_uptake_mmol_g,mean_atomic_number,-0.028156496584415436
1,finetune_000289_v00,finetune_000289,TbH8C8(NO3)2,xe_uptake_mmol_g,metal_fraction,-0.08492141962051392
1,finetune_000289_v00,finetune_000289,TbH8C8(NO3)2,kr_uptake_mmol_g,pore_volume_cm3_g,-0.19739410281181335
1,finetune_000289_v00,finetune_000289,TbH8C8(NO3)2,kr_uptake_mmol_g,void_fraction,-0.15710076689720154
1,finetune_000289_v00,finetune_000289,TbH8C8(NO3)2,kr_uptake_mmol_g,gravimetric_surface_area_m2_g,-0.11151810735464096
1,finetune_000289_v00,finetune_000289,TbH8C8(NO3)2,kr_uptake_mmol_g,volumetric_surface_area_m2_cm3,-0.056811388581991196
1,finetune_000289_v00,finetune_000289,TbH8C8(NO3)2,kr_uptake_mmol_g,lcd_A,-0.1704866588115692
1,finetune_000289_v00,finetune_000289,TbH8C8(NO3)2,kr_uptake_mmol_g,pld_A,-0.13119783997535706
1,finetune_000289_v00,finetune_000289,TbH8C8(NO3)2,kr_uptake_mmol_g,density_g_cm3,-0.14040668308734894
1,finetune_000289_v00,finetune_000289,TbH8C8(NO3)2,kr_uptake_mmol_g,nsites,0.011960037052631378
1,finetune_000289_v00,finetune_000289,TbH8C8(NO3)2,kr_uptake_mmol_g,nelements,0.004894601181149483
1,finetune_000289_v00,finetune_000289,TbH8C8(NO3)2,kr_uptake_mmol_g,open_metal_site,-0.0
1,finetune_000289_v00,finetune_000289,TbH8C8(NO3)2,kr_uptake_mmol_g,has_functional_group,0.0007685502641834319
1,finetune_000289_v00,finetune_000289,TbH8C8(NO3)2,kr_uptake_mmol_g,mean_electronegativity_diff,0.0034143151715397835
1,finetune_000289_v00,finetune_000289,TbH8C8(NO3)2,kr_uptake_mmol_g,mean_atomic_radius_A,0.024073777720332146
1,finetune_000289_v00,finetune_000289,TbH8C8(NO3)2,kr_uptake_mmol_g,mean_atomic_number,-0.023650018498301506
1,finetune_000289_v00,finetune_000289,TbH8C8(NO3)2,kr_uptake_mmol_g,metal_fraction,-0.06359077244997025
1,finetune_000289_v00,finetune_000289,TbH8C8(NO3)2,xe_kr_selectivity,pore_volume_cm3_g,-0.08222603052854538
1,finetune_000289_v00,finetune_000289,TbH8C8(NO3)2,xe_kr_selectivity,void_fraction,-0.1393200308084488
1,finetune_000289_v00,finetune_000289,TbH8C8(NO3)2,xe_kr_selectivity,gravimetric_surface_area_m2_g,-0.03296491131186485
1,finetune_000289_v00,finetune_000289,TbH8C8(NO3)2,xe_kr_selectivity,volumetric_surface_area_m2_cm3,-0.0626196563243866
1,finetune_000289_v00,finetune_000289,TbH8C8(NO3)2,xe_kr_selectivity,lcd_A,-0.22650955617427826
1,finetune_000289_v00,finetune_000289,TbH8C8(NO3)2,xe_kr_selectivity,pld_A,-0.17396396398544312
1,finetune_000289_v00,finetune_000289,TbH8C8(NO3)2,xe_kr_selectivity,density_g_cm3,-0.05918503180146217
1,finetune_000289_v00,finetune_000289,TbH8C8(NO3)2,xe_kr_selectivity,nsites,0.009571025148034096
1,finetune_000289_v00,finetune_000289,TbH8C8(NO3)2,xe_kr_selectivity,nelements,-0.022266322746872902
1,finetune_000289_v00,finetune_000289,TbH8C8(NO3)2,xe_kr_selectivity,open_metal_site,0.0
1,finetune_000289_v00,finetune_000289,TbH8C8(NO3)2,xe_kr_selectivity,has_functional_group,-0.0031096807215362787
1,finetune_000289_v00,finetune_000289,TbH8C8(NO3)2,xe_kr_selectivity,mean_electronegativity_diff,0.019626397639513016
1,finetune_000289_v00,finetune_000289,TbH8C8(NO3)2,xe_kr_selectivity,mean_atomic_radius_A,0.09089358150959015
1,finetune_000289_v00,finetune_000289,TbH8C8(NO3)2,xe_kr_selectivity,mean_atomic_number,-0.046812787652015686
1,finetune_000289_v00,finetune_000289,TbH8C8(NO3)2,xe_kr_selectivity,metal_fraction,0.03558605909347534
1,finetune_000289_v00,finetune_000289,TbH8C8(NO3)2,i2_uptake_mmol_g,pore_volume_cm3_g,-0.1661553978919983
1,finetune_000289_v00,finetune_000289,TbH8C8(NO3)2,i2_uptake_mmol_g,void_fraction,-0.138060063123703
1,finetune_000289_v00,finetune_000289,TbH8C8(NO3)2,i2_uptake_mmol_g,gravimetric_surface_area_m2_g,-0.11141843348741531
1,finetune_000289_v00,finetune_000289,TbH8C8(NO3)2,i2_uptake_mmol_g,volumetric_surface_area_m2_cm3,-0.05655501410365105
1,finetune_000289_v00,finetune_000289,TbH8C8(NO3)2,i2_uptake_mmol_g,lcd_A,-0.11777652055025101
1,finetune_000289_v00,finetune_000289,TbH8C8(NO3)2,i2_uptake_mmol_g,pld_A,-0.09682679921388626
1,finetune_000289_v00,finetune_000289,TbH8C8(NO3)2,i2_uptake_mmol_g,density_g_cm3,-0.0947725847363472
1,finetune_000289_v00,finetune_000289,TbH8C8(NO3)2,i2_uptake_mmol_g,nsites,0.012388543225824833
1,finetune_000289_v00,finetune_000289,TbH8C8(NO3)2,i2_uptake_mmol_g,nelements,0.014330780133605003
1,finetune_000289_v00,finetune_000289,TbH8C8(NO3)2,i2_uptake_mmol_g,open_metal_site,0.0
1,finetune_000289_v00,finetune_000289,TbH8C8(NO3)2,i2_uptake_mmol_g,has_functional_group,-0.10241533815860748
1,finetune_000289_v00,finetune_000289,TbH8C8(NO3)2,i2_uptake_mmol_g,mean_electronegativity_diff,-0.007609758526086807
1,finetune_000289_v00,finetune_000289,TbH8C8(NO3)2,i2_uptake_mmol_g,mean_atomic_radius_A,0.01136360689997673
1,finetune_000289_v00,finetune_000289,TbH8C8(NO3)2,i2_uptake_mmol_g,mean_atomic_number,-0.00937424786388874
1,finetune_000289_v00,finetune_000289,TbH8C8(NO3)2,i2_uptake_mmol_g,metal_fraction,-0.06127168610692024
1,finetune_000233_v00,finetune_000233,CoHC4O3,xe_uptake_mmol_g,pore_volume_cm3_g,0.2549671530723572
1,finetune_000233_v00,finetune_000233,CoHC4O3,xe_uptake_mmol_g,void_fraction,0.15410491824150085
1,finetune_000233_v00,finetune_000233,CoHC4O3,xe_uptake_mmol_g,gravimetric_surface_area_m2_g,0.0852031484246254
1,finetune_000233_v00,finetune_000233,CoHC4O3,xe_uptake_mmol_g,volumetric_surface_area_m2_cm3,0.02275034785270691
1,finetune_000233_v00,finetune_000233,CoHC4O3,xe_uptake_mmol_g,lcd_A,0.04898412898182869
1,finetune_000233_v00,finetune_000233,CoHC4O3,xe_uptake_mmol_g,pld_A,0.026165073737502098
1,finetune_000233_v00,finetune_000233,CoHC4O3,xe_uptake_mmol_g,density_g_cm3,0.1505638211965561
1,finetune_000233_v00,finetune_000233,CoHC4O3,xe_uptake_mmol_g,nsites,0.08533964306116104
1,finetune_000233_v00,finetune_000233,CoHC4O3,xe_uptake_mmol_g,nelements,-0.0009456716943532228
1,finetune_000233_v00,finetune_000233,CoHC4O3,xe_uptake_mmol_g,open_metal_site,0.0
1,finetune_000233_v00,finetune_000233,CoHC4O3,xe_uptake_mmol_g,has_functional_group,-0.0029305836651474237
1,finetune_000233_v00,finetune_000233,CoHC4O3,xe_uptake_mmol_g,mean_electronegativity_diff,-0.0010382876498624682
1,finetune_000233_v00,finetune_000233,CoHC4O3,xe_uptake_mmol_g,mean_atomic_radius_A,-0.0032486747950315475
1,finetune_000233_v00,finetune_000233,CoHC4O3,xe_uptake_mmol_g,mean_atomic_number,-0.01568288914859295
1,finetune_000233_v00,finetune_000233,CoHC4O3,xe_uptake_mmol_g,metal_fraction,0.07593449205160141
1,finetune_000233_v00,finetune_000233,CoHC4O3,kr_uptake_mmol_g,pore_volume_cm3_g,0.2581057846546173
1,finetune_000233_v00,finetune_000233,CoHC4O3,kr_uptake_mmol_g,void_fraction,0.15648730099201202
1,finetune_000233_v00,finetune_000233,CoHC4O3,kr_uptake_mmol_g,gravimetric_surface_area_m2_g,0.08304812759160995
1,finetune_000233_v00,finetune_000233,CoHC4O3,kr_uptake_mmol_g,volumetric_surface_area_m2_cm3,0.026242433115839958
1,finetune_000233_v00,finetune_000233,CoHC4O3,kr_uptake_mmol_g,lcd_A,0.052767351269721985
1,finetune_000233_v00,finetune_000233,CoHC4O3,kr_uptake_mmol_g,pld_A,0.026517296209931374
1,finetune_000233_v00,finetune_000233,CoHC4O3,kr_uptake_mmol_g,density_g_cm3,0.15669918060302734
1,finetune_000233_v00,finetune_000233,CoHC4O3,kr_uptake_mmol_g,nsites,0.0890868529677391
1,finetune_000233_v00,finetune_000233,CoHC4O3,kr_uptake_mmol_g,nelements,-0.002261694520711899
1,finetune_000233_v00,finetune_000233,CoHC4O3,kr_uptake_mmol_g,open_metal_site,-0.0
1,finetune_000233_v00,finetune_000233,CoHC4O3,kr_uptake_mmol_g,has_functional_group,-0.01729002594947815
1,finetune_000233_v00,finetune_000233,CoHC4O3,kr_uptake_mmol_g,mean_electronegativity_diff,-0.007924572564661503
1,finetune_000233_v00,finetune_000233,CoHC4O3,kr_uptake_mmol_g,mean_atomic_radius_A,-0.001204218715429306
1,finetune_000233_v00,finetune_000233,CoHC4O3,kr_uptake_mmol_g,mean_atomic_number,-0.013461253605782986
1,finetune_000233_v00,finetune_000233,CoHC4O3,kr_uptake_mmol_g,metal_fraction,0.06631585955619812
1,finetune_000233_v00,finetune_000233,CoHC4O3,xe_kr_selectivity,pore_volume_cm3_g,0.055235717445611954
1,finetune_000233_v00,finetune_000233,CoHC4O3,xe_kr_selectivity,void_fraction,0.08110760152339935
1,finetune_000233_v00,finetune_000233,CoHC4O3,xe_kr_selectivity,gravimetric_surface_area_m2_g,0.012474214658141136
1,finetune_000233_v00,finetune_000233,CoHC4O3,xe_kr_selectivity,volumetric_surface_area_m2_cm3,0.019498735666275024
1,finetune_000233_v00,finetune_000233,CoHC4O3,xe_kr_selectivity,lcd_A,0.052715595811605453
1,finetune_000233_v00,finetune_000233,CoHC4O3,xe_kr_selectivity,pld_A,0.02779686264693737
1,finetune_000233_v00,finetune_000233,CoHC4O3,xe_kr_selectivity,density_g_cm3,0.039045900106430054
1,finetune_000233_v00,finetune_000233,CoHC4O3,xe_kr_selectivity,nsites,0.05133574455976486
1,finetune_000233_v00,finetune_000233,CoHC4O3,xe_kr_selectivity,nelements,0.005879192613065243
1,finetune_000233_v00,finetune_000233,CoHC4O3,xe_kr_selectivity,open_metal_site,0.0
1,finetune_000233_v00,finetune_000233,CoHC4O3,xe_kr_selectivity,has_functional_group,-0.026620177552103996
1,finetune_000233_v00,finetune_000233,CoHC4O3,xe_kr_selectivity,mean_electronegativity_diff,-0.04590625315904617
1,finetune_000233_v00,finetune_000233,CoHC4O3,xe_kr_selectivity,mean_atomic_radius_A,-0.0029042779933661222
1,finetune_000233_v00,finetune_000233,CoHC4O3,xe_kr_selectivity,mean_atomic_number,-0.030413882806897163
1,finetune_000233_v00,finetune_000233,CoHC4O3,xe_kr_selectivity,metal_fraction,-0.028667816892266273
1,finetune_000233_v00,finetune_000233,CoHC4O3,i2_uptake_mmol_g,pore_volume_cm3_g,0.2139025777578354
1,finetune_000233_v00,finetune_000233,CoHC4O3,i2_uptake_mmol_g,void_fraction,0.14859145879745483
1,finetune_000233_v00,finetune_000233,CoHC4O3,i2_uptake_mmol_g,gravimetric_surface_area_m2_g,0.07740221172571182
1,finetune_000233_v00,finetune_000233,CoHC4O3,i2_uptake_mmol_g,volumetric_surface_area_m2_cm3,0.023619774729013443
1,finetune_000233_v00,finetune_000233,CoHC4O3,i2_uptake_mmol_g,lcd_A,0.04646962881088257
1,finetune_000233_v00,finetune_000233,CoHC4O3,i2_uptake_mmol_g,pld_A,0.025286590680480003
1,finetune_000233_v00,finetune_000233,CoHC4O3,i2_uptake_mmol_g,density_g_cm3,0.1290457397699356
1,finetune_000233_v00,finetune_000233,CoHC4O3,i2_uptake_mmol_g,nsites,0.10177767276763916
1,finetune_000233_v00,finetune_000233,CoHC4O3,i2_uptake_mmol_g,nelements,-0.007948052138090134
1,finetune_000233_v00,finetune_000233,CoHC4O3,i2_uptake_mmol_g,open_metal_site,0.0
1,finetune_000233_v00,finetune_000233,CoHC4O3,i2_uptake_mmol_g,has_functional_group,-0.2648426294326782
1,finetune_000233_v00,finetune_000233,CoHC4O3,i2_uptake_mmol_g,mean_electronegativity_diff,0.005905318073928356
1,finetune_000233_v00,finetune_000233,CoHC4O3,i2_uptake_mmol_g,mean_atomic_radius_A,0.0005915461806580424
1,finetune_000233_v00,finetune_000233,CoHC4O3,i2_uptake_mmol_g,mean_atomic_number,-0.00669101532548666
1,finetune_000233_v00,finetune_000233,CoHC4O3,i2_uptake_mmol_g,metal_fraction,0.0717543363571167
1,finetune_000239_v00,finetune_000239,ZnHC4O3,xe_uptake_mmol_g,pore_volume_cm3_g,0.2720484733581543
1,finetune_000239_v00,finetune_000239,ZnHC4O3,xe_uptake_mmol_g,void_fraction,0.17958976328372955
1,finetune_000239_v00,finetune_000239,ZnHC4O3,xe_uptake_mmol_g,gravimetric_surface_area_m2_g,0.08849033713340759
1,finetune_000239_v00,finetune_000239,ZnHC4O3,xe_uptake_mmol_g,volumetric_surface_area_m2_cm3,0.028276236727833748
1,finetune_000239_v00,finetune_000239,ZnHC4O3,xe_uptake_mmol_g,lcd_A,0.07464518398046494
1,finetune_000239_v00,finetune_000239,ZnHC4O3,xe_uptake_mmol_g,pld_A,0.05221370607614517
1,finetune_000239_v00,finetune_000239,ZnHC4O3,xe_uptake_mmol_g,density_g_cm3,0.1353943794965744
1,finetune_000239_v00,finetune_000239,ZnHC4O3,xe_uptake_mmol_g,nsites,0.08492616564035416
1,finetune_000239_v00,finetune_000239,ZnHC4O3,xe_uptake_mmol_g,nelements,-0.0004646955640055239
1,finetune_000239_v00,finetune_000239,ZnHC4O3,xe_uptake_mmol_g,open_metal_site,0.0
1,finetune_000239_v00,finetune_000239,ZnHC4O3,xe_uptake_mmol_g,has_functional_group,-0.00015099652227945626
1,finetune_000239_v00,finetune_000239,ZnHC4O3,xe_uptake_mmol_g,mean_electronegativity_diff,-0.000206817509024404
1,finetune_000239_v00,finetune_000239,ZnHC4O3,xe_uptake_mmol_g,mean_atomic_radius_A,-0.0030562044121325016
1,finetune_000239_v00,finetune_000239,ZnHC4O3,xe_uptake_mmol_g,mean_atomic_number,-0.007562372833490372
1,finetune_000239_v00,finetune_000239,ZnHC4O3,xe_uptake_mmol_g,metal_fraction,0.07906399667263031
1,finetune_000239_v00,finetune_000239,ZnHC4O3,kr_uptake_mmol_g,pore_volume_cm3_g,0.2747533917427063
1,finetune_000239_v00,finetune_000239,ZnHC4O3,kr_uptake_mmol_g,void_fraction,0.18180832266807556
1,finetune_000239_v00,finetune_000239,ZnHC4O3,kr_uptake_mmol_g,gravimetric_surface_area_m2_g,0.0862174704670906
1,finetune_000239_v00,finetune_000239,ZnHC4O3,kr_uptake_mmol_g,volumetric_surface_area_m2_cm3,0.03283935412764549
1,finetune_000239_v00,finetune_000239,ZnHC4O3,kr_uptake_mmol_g,lcd_A,0.07989302277565002
1,finetune_000239_v00,finetune_000239,ZnHC4O3,kr_uptake_mmol_g,pld_A,0.052720699459314346
1,finetune_000239_v00,finetune_000239,ZnHC4O3,kr_uptake_mmol_g,density_g_cm3,0.14169012010097504
1,finetune_000239_v00,finetune_000239,ZnHC4O3,kr_uptake_mmol_g,nsites,0.08909641951322556
1,finetune_000239_v00,finetune_000239,ZnHC4O3,kr_uptake_mmol_g,nelements,-0.0019471067935228348
1,finetune_000239_v00,finetune_000239,ZnHC4O3,kr_uptake_mmol_g,open_metal_site,-0.0
1,finetune_000239_v00,finetune_000239,ZnHC4O3,kr_uptake_mmol_g,has_functional_group,-0.013340374454855919
1,finetune_000239_v00,finetune_000239,ZnHC4O3,kr_uptake_mmol_g,mean_electronegativity_diff,-0.0031605109106749296
1,finetune_000239_v00,finetune_000239,ZnHC4O3,kr_uptake_mmol_g,mean_atomic_radius_A,-0.0009002073784358799
1,finetune_000239_v00,finetune_000239,ZnHC4O3,kr_uptake_mmol_g,mean_atomic_number,-0.006490304134786129
1,finetune_000239_v00,finetune_000239,ZnHC4O3,kr_uptake_mmol_g,metal_fraction,0.06911925971508026
1,finetune_000239_v00,finetune_000239,ZnHC4O3,xe_kr_selectivity,pore_volume_cm3_g,0.0632774755358696
1,finetune_000239_v00,finetune_000239,ZnHC4O3,xe_kr_selectivity,void_fraction,0.09758393466472626
1,finetune_000239_v00,finetune_000239,ZnHC4O3,xe_kr_selectivity,gravimetric_surface_area_m2_g,0.013494277372956276
1,finetune_000239_v00,finetune_000239,ZnHC4O3,xe_kr_selectivity,volumetric_surface_area_m2_cm3,0.025941727682948112
1,finetune_000239_v00,finetune_000239,ZnHC4O3,xe_kr_selectivity,lcd_A,0.08155772089958191
1,finetune_000239_v00,finetune_000239,ZnHC4O3,xe_kr_selectivity,pld_A,0.05814032256603241
1,finetune_000239_v00,finetune_000239,ZnHC4O3,xe_kr_selectivity,density_g_cm3,0.03682954981923103
1,finetune_000239_v00,finetune_000239,ZnHC4O3,xe_kr_selectivity,nsites,0.052562251687049866
1,finetune_000239_v00,finetune_000239,ZnHC4O3,xe_kr_selectivity,nelements,0.006279461085796356
1,finetune_000239_v00,finetune_000239,ZnHC4O3,xe_kr_selectivity,open_metal_site,0.0
1,finetune_000239_v00,finetune_000239,ZnHC4O3,xe_kr_selectivity,has_functional_group,-0.02829885296523571
1,finetune_000239_v00,finetune_000239,ZnHC4O3,xe_kr_selectivity,mean_electronegativity_diff,-0.02030916139483452
1,finetune_000239_v00,finetune_000239,ZnHC4O3,xe_kr_selectivity,mean_atomic_radius_A,-0.002660959493368864
1,finetune_000239_v00,finetune_000239,ZnHC4O3,xe_kr_selectivity,mean_atomic_number,-0.016406189650297165
1,finetune_000239_v00,finetune_000239,ZnHC4O3,xe_kr_selectivity,metal_fraction,-0.025228029116988182
1,finetune_000239_v00,finetune_000239,ZnHC4O3,i2_uptake_mmol_g,pore_volume_cm3_g,0.22471937537193298
1,finetune_000239_v00,finetune_000239,ZnHC4O3,i2_uptake_mmol_g,void_fraction,0.1749848574399948
1,finetune_000239_v00,finetune_000239,ZnHC4O3,i2_uptake_mmol_g,gravimetric_surface_area_m2_g,0.07942803204059601
1,finetune_000239_v00,finetune_000239,ZnHC4O3,i2_uptake_mmol_g,volumetric_surface_area_m2_cm3,0.03021075204014778
1,finetune_000239_v00,finetune_000239,ZnHC4O3,i2_uptake_mmol_g,lcd_A,0.07042727619409561
1,finetune_000239_v00,finetune_000239,ZnHC4O3,i2_uptake_mmol_g,pld_A,0.050280969589948654
1,finetune_000239_v00,finetune_000239,ZnHC4O3,i2_uptake_mmol_g,density_g_cm3,0.11845076084136963
1,finetune_000239_v00,finetune_000239,ZnHC4O3,i2_uptake_mmol_g,nsites,0.10235029458999634
1,finetune_000239_v00,finetune_000239,ZnHC4O3,i2_uptake_mmol_g,nelements,-0.008249383419752121
1,finetune_000239_v00,finetune_000239,ZnHC4O3,i2_uptake_mmol_g,open_metal_site,0.0
1,finetune_000239_v00,finetune_000239,ZnHC4O3,i2_uptake_mmol_g,has_functional_group,-0.2729618549346924
1,finetune_000239_v00,finetune_000239,ZnHC4O3,i2_uptake_mmol_g,mean_electronegativity_diff,0.00236829137429595
1,finetune_000239_v00,finetune_000239,ZnHC4O3,i2_uptake_mmol_g,mean_atomic_radius_A,0.0008761847857385874
1,finetune_000239_v00,finetune_000239,ZnHC4O3,i2_uptake_mmol_g,mean_atomic_number,-0.0032327568624168634
1,finetune_000239_v00,finetune_000239,ZnHC4O3,i2_uptake_mmol_g,metal_fraction,0.0724528580904007
1,finetune_000164_v00,finetune_000164,TbH8C8(NO3)2,xe_uptake_mmol_g,pore_volume_cm3_g,-0.21140670776367188
1,finetune_000164_v00,finetune_000164,TbH8C8(NO3)2,xe_uptake_mmol_g,void_fraction,-0.15231415629386902
1,finetune_000164_v00,finetune_000164,TbH8C8(NO3)2,xe_uptake_mmol_g,gravimetric_surface_area_m2_g,-0.12206976860761642
1,finetune_000164_v00,finetune_000164,TbH8C8(NO3)2,xe_uptake_mmol_g,volumetric_surface_area_m2_cm3,-0.05537312105298042
1,finetune_000164_v00,finetune_000164,TbH8C8(NO3)2,xe_uptake_mmol_g,lcd_A,-0.16078419983386993
1,finetune_000164_v00,finetune_000164,TbH8C8(NO3)2,xe_uptake_mmol_g,pld_A,-0.1354707032442093
1,finetune_000164_v00,finetune_000164,TbH8C8(NO3)2,xe_uptake_mmol_g,density_g_cm3,-0.1471400111913681
1,finetune_000164_v00,finetune_000164,TbH8C8(NO3)2,xe_uptake_mmol_g,nsites,0.014586362987756729
1,finetune_000164_v00,finetune_000164,TbH8C8(NO3)2,xe_uptake_mmol_g,nelements,0.006703697144985199
1,finetune_000164_v00,finetune_000164,TbH8C8(NO3)2,xe_uptake_mmol_g,open_metal_site,-0.0
1,finetune_000164_v00,finetune_000164,TbH8C8(NO3)2,xe_uptake_mmol_g,has_functional_group,0.008308913558721542
1,finetune_000164_v00,finetune_000164,TbH8C8(NO3)2,xe_uptake_mmol_g,mean_electronegativity_diff,-0.0035333093255758286
1,finetune_000164_v00,finetune_000164,TbH8C8(NO3)2,xe_uptake_mmol_g,mean_atomic_radius_A,0.049652229994535446
1,finetune_000164_v00,finetune_000164,TbH8C8(NO3)2,xe_uptake_mmol_g,mean_atomic_number,-0.028156496584415436
1,finetune_000164_v00,finetune_000164,TbH8C8(NO3)2,xe_uptake_mmol_g,metal_fraction,-0.08492141962051392
1,finetune_000164_v00,finetune_000164,TbH8C8(NO3)2,kr_uptake_mmol_g,pore_volume_cm3_g,-0.19739410281181335
1,finetune_000164_v00,finetune_000164,TbH8C8(NO3)2,kr_uptake_mmol_g,void_fraction,-0.15710076689720154
1,finetune_000164_v00,finetune_000164,TbH8C8(NO3)2,kr_uptake_mmol_g,gravimetric_surface_area_m2_g,-0.11151809245347977
1,finetune_000164_v00,finetune_000164,TbH8C8(NO3)2,kr_uptake_mmol_g,volumetric_surface_area_m2_cm3,-0.05681139603257179
1,finetune_000164_v00,finetune_000164,TbH8C8(NO3)2,kr_uptake_mmol_g,lcd_A,-0.1704866886138916
1,finetune_000164_v00,finetune_000164,TbH8C8(NO3)2,kr_uptake_mmol_g,pld_A,-0.13119783997535706
1,finetune_000164_v00,finetune_000164,TbH8C8(NO3)2,kr_uptake_mmol_g,density_g_cm3,-0.14040668308734894
1,finetune_000164_v00,finetune_000164,TbH8C8(NO3)2,kr_uptake_mmol_g,nsites,0.011960037052631378
1,finetune_000164_v00,finetune_000164,TbH8C8(NO3)2,kr_uptake_mmol_g,nelements,0.004894601181149483
1,finetune_000164_v00,finetune_000164,TbH8C8(NO3)2,kr_uptake_mmol_g,open_metal_site,-0.0
1,finetune_000164_v00,finetune_000164,TbH8C8(NO3)2,kr_uptake_mmol_g,has_functional_group,0.0007685496238991618
1,finetune_000164_v00,finetune_000164,TbH8C8(NO3)2,kr_uptake_mmol_g,mean_electronegativity_diff,0.0034143158700317144
1,finetune_000164_v00,finetune_000164,TbH8C8(NO3)2,kr_uptake_mmol_g,mean_atomic_radius_A,0.024073777720332146
1,finetune_000164_v00,finetune_000164,TbH8C8(NO3)2,kr_uptake_mmol_g,mean_atomic_number,-0.023650018498301506
1,finetune_000164_v00,finetune_000164,TbH8C8(NO3)2,kr_uptake_mmol_g,metal_fraction,-0.06359077244997025
1,finetune_000164_v00,finetune_000164,TbH8C8(NO3)2,xe_kr_selectivity,pore_volume_cm3_g,-0.08222603052854538
1,finetune_000164_v00,finetune_000164,TbH8C8(NO3)2,xe_kr_selectivity,void_fraction,-0.1393200308084488
1,finetune_000164_v00,finetune_000164,TbH8C8(NO3)2,xe_kr_selectivity,gravimetric_surface_area_m2_g,-0.03296491131186485
1,finetune_000164_v00,finetune_000164,TbH8C8(NO3)2,xe_kr_selectivity,volumetric_surface_area_m2_cm3,-0.0626196563243866
1,finetune_000164_v00,finetune_000164,TbH8C8(NO3)2,xe_kr_selectivity,lcd_A,-0.22650955617427826
1,finetune_000164_v00,finetune_000164,TbH8C8(NO3)2,xe_kr_selectivity,pld_A,-0.17396396398544312
1,finetune_000164_v00,finetune_000164,TbH8C8(NO3)2,xe_kr_selectivity,density_g_cm3,-0.05918503180146217
1,finetune_000164_v00,finetune_000164,TbH8C8(NO3)2,xe_kr_selectivity,nsites,0.00957102607935667
1,finetune_000164_v00,finetune_000164,TbH8C8(NO3)2,xe_kr_selectivity,nelements,-0.022266322746872902
1,finetune_000164_v00,finetune_000164,TbH8C8(NO3)2,xe_kr_selectivity,open_metal_site,0.0
1,finetune_000164_v00,finetune_000164,TbH8C8(NO3)2,xe_kr_selectivity,has_functional_group,-0.003109680488705635
1,finetune_000164_v00,finetune_000164,TbH8C8(NO3)2,xe_kr_selectivity,mean_electronegativity_diff,0.019626397639513016
1,finetune_000164_v00,finetune_000164,TbH8C8(NO3)2,xe_kr_selectivity,mean_atomic_radius_A,0.09089356660842896
1,finetune_000164_v00,finetune_000164,TbH8C8(NO3)2,xe_kr_selectivity,mean_atomic_number,-0.046812787652015686
1,finetune_000164_v00,finetune_000164,TbH8C8(NO3)2,xe_kr_selectivity,metal_fraction,0.03558605536818504
1,finetune_000164_v00,finetune_000164,TbH8C8(NO3)2,i2_uptake_mmol_g,pore_volume_cm3_g,-0.1661553978919983
1,finetune_000164_v00,finetune_000164,TbH8C8(NO3)2,i2_uptake_mmol_g,void_fraction,-0.138060063123703
1,finetune_000164_v00,finetune_000164,TbH8C8(NO3)2,i2_uptake_mmol_g,gravimetric_surface_area_m2_g,-0.11141843348741531
1,finetune_000164_v00,finetune_000164,TbH8C8(NO3)2,i2_uptake_mmol_g,volumetric_surface_area_m2_cm3,-0.05655501410365105
1,finetune_000164_v00,finetune_000164,TbH8C8(NO3)2,i2_uptake_mmol_g,lcd_A,-0.11777652055025101
1,finetune_000164_v00,finetune_000164,TbH8C8(NO3)2,i2_uptake_mmol_g,pld_A,-0.09682679921388626
1,finetune_000164_v00,finetune_000164,TbH8C8(NO3)2,i2_uptake_mmol_g,density_g_cm3,-0.0947725772857666
1,finetune_000164_v00,finetune_000164,TbH8C8(NO3)2,i2_uptake_mmol_g,nsites,0.012388543225824833
1,finetune_000164_v00,finetune_000164,TbH8C8(NO3)2,i2_uptake_mmol_g,nelements,0.014330780133605003
1,finetune_000164_v00,finetune_000164,TbH8C8(NO3)2,i2_uptake_mmol_g,open_metal_site,0.0
1,finetune_000164_v00,finetune_000164,TbH8C8(NO3)2,i2_uptake_mmol_g,has_functional_group,-0.10241533815860748
1,finetune_000164_v00,finetune_000164,TbH8C8(NO3)2,i2_uptake_mmol_g,mean_electronegativity_diff,-0.007609759457409382
1,finetune_000164_v00,finetune_000164,TbH8C8(NO3)2,i2_uptake_mmol_g,mean_atomic_radius_A,0.01136360689997673
1,finetune_000164_v00,finetune_000164,TbH8C8(NO3)2,i2_uptake_mmol_g,mean_atomic_number,-0.00937424786388874
1,finetune_000164_v00,finetune_000164,TbH8C8(NO3)2,i2_uptake_mmol_g,metal_fraction,-0.06127168610692024
1,finetune_000017_v00,finetune_000017,CoH9C13(N2O)2,xe_uptake_mmol_g,pore_volume_cm3_g,-0.20286597311496735
1,finetune_000017_v00,finetune_000017,CoH9C13(N2O)2,xe_uptake_mmol_g,void_fraction,-0.17526157200336456
1,finetune_000017_v00,finetune_000017,CoH9C13(N2O)2,xe_uptake_mmol_g,gravimetric_surface_area_m2_g,-0.1173119992017746
1,finetune_000017_v00,finetune_000017,CoH9C13(N2O)2,xe_uptake_mmol_g,volumetric_surface_area_m2_cm3,-0.07709464430809021
1,finetune_000017_v00,finetune_000017,CoH9C13(N2O)2,xe_uptake_mmol_g,lcd_A,-0.1929275095462799
1,finetune_000017_v00,finetune_000017,CoH9C13(N2O)2,xe_uptake_mmol_g,pld_A,-0.1522524356842041
1,finetune_000017_v00,finetune_000017,CoH9C13(N2O)2,xe_uptake_mmol_g,density_g_cm3,0.05405941978096962
1,finetune_000017_v00,finetune_000017,CoH9C13(N2O)2,xe_uptake_mmol_g,nsites,0.07120294123888016
1,finetune_000017_v00,finetune_000017,CoH9C13(N2O)2,xe_uptake_mmol_g,nelements,0.004034493584185839
1,finetune_000017_v00,finetune_000017,CoH9C13(N2O)2,xe_uptake_mmol_g,open_metal_site,0.0
1,finetune_000017_v00,finetune_000017,CoH9C13(N2O)2,xe_uptake_mmol_g,has_functional_group,0.006170172709971666
1,finetune_000017_v00,finetune_000017,CoH9C13(N2O)2,xe_uptake_mmol_g,mean_electronegativity_diff,0.003369031473994255
1,finetune_000017_v00,finetune_000017,CoH9C13(N2O)2,xe_uptake_mmol_g,mean_atomic_radius_A,0.05536511912941933
1,finetune_000017_v00,finetune_000017,CoH9C13(N2O)2,xe_uptake_mmol_g,mean_atomic_number,-0.07302463799715042
1,finetune_000017_v00,finetune_000017,CoH9C13(N2O)2,xe_uptake_mmol_g,metal_fraction,-0.10508880019187927
1,finetune_000017_v00,finetune_000017,CoH9C13(N2O)2,kr_uptake_mmol_g,pore_volume_cm3_g,-0.1929396241903305
1,finetune_000017_v00,finetune_000017,CoH9C13(N2O)2,kr_uptake_mmol_g,void_fraction,-0.18355241417884827
1,finetune_000017_v00,finetune_000017,CoH9C13(N2O)2,kr_uptake_mmol_g,gravimetric_surface_area_m2_g,-0.1086948812007904
1,finetune_000017_v00,finetune_000017,CoH9C13(N2O)2,kr_uptake_mmol_g,volumetric_surface_area_m2_cm3,-0.07837462425231934
1,finetune_000017_v00,finetune_000017,CoH9C13(N2O)2,kr_uptake_mmol_g,lcd_A,-0.21123120188713074
1,finetune_000017_v00,finetune_000017,CoH9C13(N2O)2,kr_uptake_mmol_g,pld_A,-0.15179304778575897
1,finetune_000017_v00,finetune_000017,CoH9C13(N2O)2,kr_uptake_mmol_g,density_g_cm3,0.05315234884619713
1,finetune_000017_v00,finetune_000017,CoH9C13(N2O)2,kr_uptake_mmol_g,nsites,0.06471280753612518
1,finetune_000017_v00,finetune_000017,CoH9C13(N2O)2,kr_uptake_mmol_g,nelements,0.004226208198815584
1,finetune_000017_v00,finetune_000017,CoH9C13(N2O)2,kr_uptake_mmol_g,open_metal_site,0.0
1,finetune_000017_v00,finetune_000017,CoH9C13(N2O)2,kr_uptake_mmol_g,has_functional_group,-0.0038506085984408855
1,finetune_000017_v00,finetune_000017,CoH9C13(N2O)2,kr_uptake_mmol_g,mean_electronegativity_diff,-0.005644552409648895
1,finetune_000017_v00,finetune_000017,CoH9C13(N2O)2,kr_uptake_mmol_g,mean_atomic_radius_A,0.030493158847093582
1,finetune_000017_v00,finetune_000017,CoH9C13(N2O)2,kr_uptake_mmol_g,mean_atomic_number,-0.05843321979045868
1,finetune_000017_v00,finetune_000017,CoH9C13(N2O)2,kr_uptake_mmol_g,metal_fraction,-0.07801677286624908
1,finetune_000017_v00,finetune_000017,CoH9C13(N2O)2,xe_kr_selectivity,pore_volume_cm3_g,-0.0750197246670723
1,finetune_000017_v00,finetune_000017,CoH9C13(N2O)2,xe_kr_selectivity,void_fraction,-0.15196430683135986
1,finetune_000017_v00,finetune_000017,CoH9C13(N2O)2,xe_kr_selectivity,gravimetric_surface_area_m2_g,-0.031708717346191406
1,finetune_000017_v00,finetune_000017,CoH9C13(N2O)2,xe_kr_selectivity,volumetric_surface_area_m2_cm3,-0.07861600816249847
1,finetune_000017_v00,finetune_000017,CoH9C13(N2O)2,xe_kr_selectivity,lcd_A,-0.2628506124019623
1,finetune_000017_v00,finetune_000017,CoH9C13(N2O)2,xe_kr_selectivity,pld_A,-0.18302948772907257
1,finetune_000017_v00,finetune_000017,CoH9C13(N2O)2,xe_kr_selectivity,density_g_cm3,0.02174316719174385
1,finetune_000017_v00,finetune_000017,CoH9C13(N2O)2,xe_kr_selectivity,nsites,0.048384152352809906
1,finetune_000017_v00,finetune_000017,CoH9C13(N2O)2,xe_kr_selectivity,nelements,-0.02399028278887272
1,finetune_000017_v00,finetune_000017,CoH9C13(N2O)2,xe_kr_selectivity,open_metal_site,0.0
1,finetune_000017_v00,finetune_000017,CoH9C13(N2O)2,xe_kr_selectivity,has_functional_group,-0.004306932911276817
1,finetune_000017_v00,finetune_000017,CoH9C13(N2O)2,xe_kr_selectivity,mean_electronegativity_diff,-0.02829745225608349
1,finetune_000017_v00,finetune_000017,CoH9C13(N2O)2,xe_kr_selectivity,mean_atomic_radius_A,0.09582078456878662
1,finetune_000017_v00,finetune_000017,CoH9C13(N2O)2,xe_kr_selectivity,mean_atomic_number,-0.09989046305418015
1,finetune_000017_v00,finetune_000017,CoH9C13(N2O)2,xe_kr_selectivity,metal_fraction,0.043212734162807465
1,finetune_000017_v00,finetune_000017,CoH9C13(N2O)2,i2_uptake_mmol_g,pore_volume_cm3_g,-0.16506928205490112
1,finetune_000017_v00,finetune_000017,CoH9C13(N2O)2,i2_uptake_mmol_g,void_fraction,-0.1592956930398941
1,finetune_000017_v00,finetune_000017,CoH9C13(N2O)2,i2_uptake_mmol_g,gravimetric_surface_area_m2_g,-0.10908648371696472
1,finetune_000017_v00,finetune_000017,CoH9C13(N2O)2,i2_uptake_mmol_g,volumetric_surface_area_m2_cm3,-0.07475483417510986
1,finetune_000017_v00,finetune_000017,CoH9C13(N2O)2,i2_uptake_mmol_g,lcd_A,-0.1509816199541092
1,finetune_000017_v00,finetune_000017,CoH9C13(N2O)2,i2_uptake_mmol_g,pld_A,-0.1185792088508606
1,finetune_000017_v00,finetune_000017,CoH9C13(N2O)2,i2_uptake_mmol_g,density_g_cm3,0.03694534674286842
1,finetune_000017_v00,finetune_000017,CoH9C13(N2O)2,i2_uptake_mmol_g,nsites,0.06712710112333298
1,finetune_000017_v00,finetune_000017,CoH9C13(N2O)2,i2_uptake_mmol_g,nelements,0.01751905493438244
1,finetune_000017_v00,finetune_000017,CoH9C13(N2O)2,i2_uptake_mmol_g,open_metal_site,0.0
1,finetune_000017_v00,finetune_000017,CoH9C13(N2O)2,i2_uptake_mmol_g,has_functional_group,-0.12450182437896729
1,finetune_000017_v00,finetune_000017,CoH9C13(N2O)2,i2_uptake_mmol_g,mean_electronegativity_diff,0.009309033863246441
1,finetune_000017_v00,finetune_000017,CoH9C13(N2O)2,i2_uptake_mmol_g,mean_atomic_radius_A,0.009281418286263943
1,finetune_000017_v00,finetune_000017,CoH9C13(N2O)2,i2_uptake_mmol_g,mean_atomic_number,-0.029179804027080536
1,finetune_000017_v00,finetune_000017,CoH9C13(N2O)2,i2_uptake_mmol_g,metal_fraction,-0.08349189907312393
1,finetune_000250_v00,finetune_000250,ErH4(CO2)4,xe_uptake_mmol_g,pore_volume_cm3_g,-0.2025718241930008
1,finetune_000250_v00,finetune_000250,ErH4(CO2)4,xe_uptake_mmol_g,void_fraction,-0.14164207875728607
1,finetune_000250_v00,finetune_000250,ErH4(CO2)4,xe_uptake_mmol_g,gravimetric_surface_area_m2_g,-0.1099400594830513
1,finetune_000250_v00,finetune_000250,ErH4(CO2)4,xe_uptake_mmol_g,volumetric_surface_area_m2_cm3,-0.039417579770088196
1,finetune_000250_v00,finetune_000250,ErH4(CO2)4,xe_uptake_mmol_g,lcd_A,-0.17432360351085663
1,finetune_000250_v00,finetune_000250,ErH4(CO2)4,xe_uptake_mmol_g,pld_A,-0.12397809326648712
1,finetune_000250_v00,finetune_000250,ErH4(CO2)4,xe_uptake_mmol_g,density_g_cm3,-0.1637713760137558
1,finetune_000250_v00,finetune_000250,ErH4(CO2)4,xe_uptake_mmol_g,nsites,-0.06961406022310257
1,finetune_000250_v00,finetune_000250,ErH4(CO2)4,xe_uptake_mmol_g,nelements,-0.0019253813661634922
1,finetune_000250_v00,finetune_000250,ErH4(CO2)4,xe_uptake_mmol_g,open_metal_site,-0.0
1,finetune_000250_v00,finetune_000250,ErH4(CO2)4,xe_uptake_mmol_g,has_functional_group,0.010766318067908287
1,finetune_000250_v00,finetune_000250,ErH4(CO2)4,xe_uptake_mmol_g,mean_electronegativity_diff,-0.002657621866092086
1,finetune_000250_v00,finetune_000250,ErH4(CO2)4,xe_uptake_mmol_g,mean_atomic_radius_A,0.03227114677429199
1,finetune_000250_v00,finetune_000250,ErH4(CO2)4,xe_uptake_mmol_g,mean_atomic_number,0.0034358452539891005
1,finetune_000250_v00,finetune_000250,ErH4(CO2)4,xe_uptake_mmol_g,metal_fraction,-0.04601285979151726
1,finetune_000250_v00,finetune_000250,ErH4(CO2)4,kr_uptake_mmol_g,pore_volume_cm3_g,-0.18502435088157654
1,finetune_000250_v00,finetune_000250,ErH4(CO2)4,kr_uptake_mmol_g,void_fraction,-0.14205624163150787
1,finetune_000250_v00,finetune_000250,ErH4(CO2)4,kr_uptake_mmol_g,gravimetric_surface_area_m2_g,-0.10043975710868835
1,finetune_000250_v00,finetune_000250,ErH4(CO2)4,kr_uptake_mmol_g,volumetric_surface_area_m2_cm3,-0.04409891739487648
1,finetune_000250_v00,finetune_000250,ErH4(CO2)4,kr_uptake_mmol_g,lcd_A,-0.17601267993450165
1,finetune_000250_v00,finetune_000250,ErH4(CO2)4,kr_uptake_mmol_g,pld_A,-0.11558004468679428
1,finetune_000250_v00,finetune_000250,ErH4(CO2)4,kr_uptake_mmol_g,density_g_cm3,-0.15320584177970886
1,finetune_000250_v00,finetune_000250,ErH4(CO2)4,kr_uptake_mmol_g,nsites,-0.04995133355259895
1,finetune_000250_v00,finetune_000250,ErH4(CO2)4,kr_uptake_mmol_g,nelements,-0.0008144049788825214
1,finetune_000250_v00,finetune_000250,ErH4(CO2)4,kr_uptake_mmol_g,open_metal_site,-0.0
1,finetune_000250_v00,finetune_000250,ErH4(CO2)4,kr_uptake_mmol_g,has_functional_group,0.004589758813381195
1,finetune_000250_v00,finetune_000250,ErH4(CO2)4,kr_uptake_mmol_g,mean_electronegativity_diff,0.0036368391010910273
1,finetune_000250_v00,finetune_000250,ErH4(CO2)4,kr_uptake_mmol_g,mean_atomic_radius_A,0.012508915737271309
1,finetune_000250_v00,finetune_000250,ErH4(CO2)4,kr_uptake_mmol_g,mean_atomic_number,0.0034203811082988977
1,finetune_000250_v00,finetune_000250,ErH4(CO2)4,kr_uptake_mmol_g,metal_fraction,-0.03539041429758072
1,finetune_000250_v00,finetune_000250,ErH4(CO2)4,xe_kr_selectivity,pore_volume_cm3_g,-0.07985618710517883
1,finetune_000250_v00,finetune_000250,ErH4(CO2)4,xe_kr_selectivity,void_fraction,-0.1263681948184967
1,finetune_000250_v00,finetune_000250,ErH4(CO2)4,xe_kr_selectivity,gravimetric_surface_area_m2_g,-0.027764683589339256
1,finetune_000250_v00,finetune_000250,ErH4(CO2)4,xe_kr_selectivity,volumetric_surface_area_m2_cm3,-0.05484207719564438
1,finetune_000250_v00,finetune_000250,ErH4(CO2)4,xe_kr_selectivity,lcd_A,-0.24397122859954834
1,finetune_000250_v00,finetune_000250,ErH4(CO2)4,xe_kr_selectivity,pld_A,-0.1700955182313919
1,finetune_000250_v00,finetune_000250,ErH4(CO2)4,xe_kr_selectivity,density_g_cm3,-0.06417076289653778
1,finetune_000250_v00,finetune_000250,ErH4(CO2)4,xe_kr_selectivity,nsites,-0.038233332335948944
1,finetune_000250_v00,finetune_000250,ErH4(CO2)4,xe_kr_selectivity,nelements,0.004824915435165167
1,finetune_000250_v00,finetune_000250,ErH4(CO2)4,xe_kr_selectivity,open_metal_site,0.0
1,finetune_000250_v00,finetune_000250,ErH4(CO2)4,xe_kr_selectivity,has_functional_group,-0.000613654381595552
1,finetune_000250_v00,finetune_000250,ErH4(CO2)4,xe_kr_selectivity,mean_electronegativity_diff,0.01914861798286438
1,finetune_000250_v00,finetune_000250,ErH4(CO2)4,xe_kr_selectivity,mean_atomic_radius_A,0.05559410899877548
1,finetune_000250_v00,finetune_000250,ErH4(CO2)4,xe_kr_selectivity,mean_atomic_number,0.008380843326449394
1,finetune_000250_v00,finetune_000250,ErH4(CO2)4,xe_kr_selectivity,metal_fraction,0.01870138943195343
1,finetune_000250_v00,finetune_000250,ErH4(CO2)4,i2_uptake_mmol_g,pore_volume_cm3_g,-0.15601350367069244
1,finetune_000250_v00,finetune_000250,ErH4(CO2)4,i2_uptake_mmol_g,void_fraction,-0.12794043123722076
1,finetune_000250_v00,finetune_000250,ErH4(CO2)4,i2_uptake_mmol_g,gravimetric_surface_area_m2_g,-0.09940101951360703
1,finetune_000250_v00,finetune_000250,ErH4(CO2)4,i2_uptake_mmol_g,volumetric_surface_area_m2_cm3,-0.0429520383477211
1,finetune_000250_v00,finetune_000250,ErH4(CO2)4,i2_uptake_mmol_g,lcd_A,-0.1201149970293045
1,finetune_000250_v00,finetune_000250,ErH4(CO2)4,i2_uptake_mmol_g,pld_A,-0.08184053003787994
1,finetune_000250_v00,finetune_000250,ErH4(CO2)4,i2_uptake_mmol_g,density_g_cm3,-0.1035638377070427
1,finetune_000250_v00,finetune_000250,ErH4(CO2)4,i2_uptake_mmol_g,nsites,-0.05239016190171242
1,finetune_000250_v00,finetune_000250,ErH4(CO2)4,i2_uptake_mmol_g,nelements,-0.00236724317073822
1,finetune_000250_v00,finetune_000250,ErH4(CO2)4,i2_uptake_mmol_g,open_metal_site,0.0
1,finetune_000250_v00,finetune_000250,ErH4(CO2)4,i2_uptake_mmol_g,has_functional_group,-0.09126770496368408
1,finetune_000250_v00,finetune_000250,ErH4(CO2)4,i2_uptake_mmol_g,mean_electronegativity_diff,-0.005991967394948006
1,finetune_000250_v00,finetune_000250,ErH4(CO2)4,i2_uptake_mmol_g,mean_atomic_radius_A,0.007043074816465378
1,finetune_000250_v00,finetune_000250,ErH4(CO2)4,i2_uptake_mmol_g,mean_atomic_number,0.0008483974379487336
1,finetune_000250_v00,finetune_000250,ErH4(CO2)4,i2_uptake_mmol_g,metal_fraction,-0.02987421676516533
1,finetune_000078_v00,finetune_000078,ZnCrH18C14(N2O)2,xe_uptake_mmol_g,pore_volume_cm3_g,-0.08829924464225769
1,finetune_000078_v00,finetune_000078,ZnCrH18C14(N2O)2,xe_uptake_mmol_g,void_fraction,-0.12312473356723785
1,finetune_000078_v00,finetune_000078,ZnCrH18C14(N2O)2,xe_uptake_mmol_g,gravimetric_surface_area_m2_g,0.05907762050628662
1,finetune_000078_v00,finetune_000078,ZnCrH18C14(N2O)2,xe_uptake_mmol_g,volumetric_surface_area_m2_cm3,0.0012035324471071362
1,finetune_000078_v00,finetune_000078,ZnCrH18C14(N2O)2,xe_uptake_mmol_g,lcd_A,-0.12500682473182678
1,finetune_000078_v00,finetune_000078,ZnCrH18C14(N2O)2,xe_uptake_mmol_g,pld_A,-0.17175453901290894
1,finetune_000078_v00,finetune_000078,ZnCrH18C14(N2O)2,xe_uptake_mmol_g,density_g_cm3,0.14330130815505981
1,finetune_000078_v00,finetune_000078,ZnCrH18C14(N2O)2,xe_uptake_mmol_g,nsites,-0.07074326276779175
1,finetune_000078_v00,finetune_000078,ZnCrH18C14(N2O)2,xe_uptake_mmol_g,nelements,0.018837453797459602
1,finetune_000078_v00,finetune_000078,ZnCrH18C14(N2O)2,xe_uptake_mmol_g,open_metal_site,0.0
1,finetune_000078_v00,finetune_000078,ZnCrH18C14(N2O)2,xe_uptake_mmol_g,has_functional_group,0.0036901934072375298
1,finetune_000078_v00,finetune_000078,ZnCrH18C14(N2O)2,xe_uptake_mmol_g,mean_electronegativity_diff,0.0006941118626855314
1,finetune_000078_v00,finetune_000078,ZnCrH18C14(N2O)2,xe_uptake_mmol_g,mean_atomic_radius_A,0.07781299203634262
1,finetune_000078_v00,finetune_000078,ZnCrH18C14(N2O)2,xe_uptake_mmol_g,mean_atomic_number,-0.09076625108718872
1,finetune_000078_v00,finetune_000078,ZnCrH18C14(N2O)2,xe_uptake_mmol_g,metal_fraction,-0.0784585177898407
1,finetune_000078_v00,finetune_000078,ZnCrH18C14(N2O)2,kr_uptake_mmol_g,pore_volume_cm3_g,-0.08605913072824478
1,finetune_000078_v00,finetune_000078,ZnCrH18C14(N2O)2,kr_uptake_mmol_g,void_fraction,-0.1292823702096939
1,finetune_000078_v00,finetune_000078,ZnCrH18C14(N2O)2,kr_uptake_mmol_g,gravimetric_surface_area_m2_g,0.05475882813334465
1,finetune_000078_v00,finetune_000078,ZnCrH18C14(N2O)2,kr_uptake_mmol_g,volumetric_surface_area_m2_cm3,0.0012431694194674492
1,finetune_000078_v00,finetune_000078,ZnCrH18C14(N2O)2,kr_uptake_mmol_g,lcd_A,-0.1369728446006775
1,finetune_000078_v00,finetune_000078,ZnCrH18C14(N2O)2,kr_uptake_mmol_g,pld_A,-0.17175471782684326
1,finetune_000078_v00,finetune_000078,ZnCrH18C14(N2O)2,kr_uptake_mmol_g,density_g_cm3,0.1441882699728012
1,finetune_000078_v00,finetune_000078,ZnCrH18C14(N2O)2,kr_uptake_mmol_g,nsites,-0.06702842563390732
1,finetune_000078_v00,finetune_000078,ZnCrH18C14(N2O)2,kr_uptake_mmol_g,nelements,0.02647697925567627
1,finetune_000078_v00,finetune_000078,ZnCrH18C14(N2O)2,kr_uptake_mmol_g,open_metal_site,0.0
1,finetune_000078_v00,finetune_000078,ZnCrH18C14(N2O)2,kr_uptake_mmol_g,has_functional_group,-0.008513911627233028
1,finetune_000078_v00,finetune_000078,ZnCrH18C14(N2O)2,kr_uptake_mmol_g,mean_electronegativity_diff,-0.0021160366013646126
1,finetune_000078_v00,finetune_000078,ZnCrH18C14(N2O)2,kr_uptake_mmol_g,mean_atomic_radius_A,0.044290415942668915
1,finetune_000078_v00,finetune_000078,ZnCrH18C14(N2O)2,kr_uptake_mmol_g,mean_atomic_number,-0.07442738860845566
1,finetune_000078_v00,finetune_000078,ZnCrH18C14(N2O)2,kr_uptake_mmol_g,metal_fraction,-0.061465099453926086
1,finetune_000078_v00,finetune_000078,ZnCrH18C14(N2O)2,xe_kr_selectivity,pore_volume_cm3_g,-0.022878147661685944
1,finetune_000078_v00,finetune_000078,ZnCrH18C14(N2O)2,xe_kr_selectivity,void_fraction,-0.08515651524066925
1,finetune_000078_v00,finetune_000078,ZnCrH18C14(N2O)2,xe_kr_selectivity,gravimetric_surface_area_m2_g,0.008654052391648293
1,finetune_000078_v00,finetune_000078,ZnCrH18C14(N2O)2,xe_kr_selectivity,volumetric_surface_area_m2_cm3,0.0009164449875243008
1,finetune_000078_v00,finetune_000078,ZnCrH18C14(N2O)2,xe_kr_selectivity,lcd_A,-0.14878413081169128
1,finetune_000078_v00,finetune_000078,ZnCrH18C14(N2O)2,xe_kr_selectivity,pld_A,-0.17362001538276672
1,finetune_000078_v00,finetune_000078,ZnCrH18C14(N2O)2,xe_kr_selectivity,density_g_cm3,0.04801498353481293
1,finetune_000078_v00,finetune_000078,ZnCrH18C14(N2O)2,xe_kr_selectivity,nsites,-0.041151415556669235
1,finetune_000078_v00,finetune_000078,ZnCrH18C14(N2O)2,xe_kr_selectivity,nelements,-0.04429657757282257
1,finetune_000078_v00,finetune_000078,ZnCrH18C14(N2O)2,xe_kr_selectivity,open_metal_site,0.0
1,finetune_000078_v00,finetune_000078,ZnCrH18C14(N2O)2,xe_kr_selectivity,has_functional_group,-0.002175652887672186
1,finetune_000078_v00,finetune_000078,ZnCrH18C14(N2O)2,xe_kr_selectivity,mean_electronegativity_diff,-0.008476643823087215
1,finetune_000078_v00,finetune_000078,ZnCrH18C14(N2O)2,xe_kr_selectivity,mean_atomic_radius_A,0.12029290944337845
1,finetune_000078_v00,finetune_000078,ZnCrH18C14(N2O)2,xe_kr_selectivity,mean_atomic_number,-0.11423206329345703
1,finetune_000078_v00,finetune_000078,ZnCrH18C14(N2O)2,xe_kr_selectivity,metal_fraction,0.033875010907649994
1,finetune_000078_v00,finetune_000078,ZnCrH18C14(N2O)2,i2_uptake_mmol_g,pore_volume_cm3_g,-0.07110011577606201
1,finetune_000078_v00,finetune_000078,ZnCrH18C14(N2O)2,i2_uptake_mmol_g,void_fraction,-0.10653718560934067
1,finetune_000078_v00,finetune_000078,ZnCrH18C14(N2O)2,i2_uptake_mmol_g,gravimetric_surface_area_m2_g,0.05399191752076149
1,finetune_000078_v00,finetune_000078,ZnCrH18C14(N2O)2,i2_uptake_mmol_g,volumetric_surface_area_m2_cm3,0.0012011703802272677
1,finetune_000078_v00,finetune_000078,ZnCrH18C14(N2O)2,i2_uptake_mmol_g,lcd_A,-0.09886786341667175
1,finetune_000078_v00,finetune_000078,ZnCrH18C14(N2O)2,i2_uptake_mmol_g,pld_A,-0.1310119926929474
1,finetune_000078_v00,finetune_000078,ZnCrH18C14(N2O)2,i2_uptake_mmol_g,density_g_cm3,0.10339247435331345
1,finetune_000078_v00,finetune_000078,ZnCrH18C14(N2O)2,i2_uptake_mmol_g,nsites,-0.06698792427778244
1,finetune_000078_v00,finetune_000078,ZnCrH18C14(N2O)2,i2_uptake_mmol_g,nelements,0.053704675287008286
1,finetune_000078_v00,finetune_000078,ZnCrH18C14(N2O)2,i2_uptake_mmol_g,open_metal_site,0.0
1,finetune_000078_v00,finetune_000078,ZnCrH18C14(N2O)2,i2_uptake_mmol_g,has_functional_group,-0.14561474323272705
1,finetune_000078_v00,finetune_000078,ZnCrH18C14(N2O)2,i2_uptake_mmol_g,mean_electronegativity_diff,0.0014912927290424705
1,finetune_000078_v00,finetune_000078,ZnCrH18C14(N2O)2,i2_uptake_mmol_g,mean_atomic_radius_A,0.00710291787981987
1,finetune_000078_v00,finetune_000078,ZnCrH18C14(N2O)2,i2_uptake_mmol_g,mean_atomic_number,-0.03806338086724281
1,finetune_000078_v00,finetune_000078,ZnCrH18C14(N2O)2,i2_uptake_mmol_g,metal_fraction,-0.06290597468614578
1,finetune_000045_v00,finetune_000045,ErH4(CO2)4,xe_uptake_mmol_g,pore_volume_cm3_g,-0.2025718241930008
1,finetune_000045_v00,finetune_000045,ErH4(CO2)4,xe_uptake_mmol_g,void_fraction,-0.14164207875728607
1,finetune_000045_v00,finetune_000045,ErH4(CO2)4,xe_uptake_mmol_g,gravimetric_surface_area_m2_g,-0.1099400594830513
1,finetune_000045_v00,finetune_000045,ErH4(CO2)4,xe_uptake_mmol_g,volumetric_surface_area_m2_cm3,-0.039417579770088196
1,finetune_000045_v00,finetune_000045,ErH4(CO2)4,xe_uptake_mmol_g,lcd_A,-0.17432360351085663
1,finetune_000045_v00,finetune_000045,ErH4(CO2)4,xe_uptake_mmol_g,pld_A,-0.12397809326648712
1,finetune_000045_v00,finetune_000045,ErH4(CO2)4,xe_uptake_mmol_g,density_g_cm3,-0.1637713760137558
1,finetune_000045_v00,finetune_000045,ErH4(CO2)4,xe_uptake_mmol_g,nsites,-0.06961407512426376
1,finetune_000045_v00,finetune_000045,ErH4(CO2)4,xe_uptake_mmol_g,nelements,-0.0019253818318247795
1,finetune_000045_v00,finetune_000045,ErH4(CO2)4,xe_uptake_mmol_g,open_metal_site,-0.0
1,finetune_000045_v00,finetune_000045,ErH4(CO2)4,xe_uptake_mmol_g,has_functional_group,0.010766318067908287
1,finetune_000045_v00,finetune_000045,ErH4(CO2)4,xe_uptake_mmol_g,mean_electronegativity_diff,-0.002657621866092086
1,finetune_000045_v00,finetune_000045,ErH4(CO2)4,xe_uptake_mmol_g,mean_atomic_radius_A,0.03227114677429199
1,finetune_000045_v00,finetune_000045,ErH4(CO2)4,xe_uptake_mmol_g,mean_atomic_number,0.0034358452539891005
1,finetune_000045_v00,finetune_000045,ErH4(CO2)4,xe_uptake_mmol_g,metal_fraction,-0.04601285979151726
1,finetune_000045_v00,finetune_000045,ErH4(CO2)4,kr_uptake_mmol_g,pore_volume_cm3_g,-0.18502435088157654
1,finetune_000045_v00,finetune_000045,ErH4(CO2)4,kr_uptake_mmol_g,void_fraction,-0.14205624163150787
1,finetune_000045_v00,finetune_000045,ErH4(CO2)4,kr_uptake_mmol_g,gravimetric_surface_area_m2_g,-0.10043975710868835
1,finetune_000045_v00,finetune_000045,ErH4(CO2)4,kr_uptake_mmol_g,volumetric_surface_area_m2_cm3,-0.04409891739487648
1,finetune_000045_v00,finetune_000045,ErH4(CO2)4,kr_uptake_mmol_g,lcd_A,-0.17601267993450165
1,finetune_000045_v00,finetune_000045,ErH4(CO2)4,kr_uptake_mmol_g,pld_A,-0.11558004468679428
1,finetune_000045_v00,finetune_000045,ErH4(CO2)4,kr_uptake_mmol_g,density_g_cm3,-0.15320584177970886
1,finetune_000045_v00,finetune_000045,ErH4(CO2)4,kr_uptake_mmol_g,nsites,-0.049951326102018356
1,finetune_000045_v00,finetune_000045,ErH4(CO2)4,kr_uptake_mmol_g,nelements,-0.0008144048624671996
1,finetune_000045_v00,finetune_000045,ErH4(CO2)4,kr_uptake_mmol_g,open_metal_site,-0.0
1,finetune_000045_v00,finetune_000045,ErH4(CO2)4,kr_uptake_mmol_g,has_functional_group,0.004589759279042482
1,finetune_000045_v00,finetune_000045,ErH4(CO2)4,kr_uptake_mmol_g,mean_electronegativity_diff,0.0036368391010910273
1,finetune_000045_v00,finetune_000045,ErH4(CO2)4,kr_uptake_mmol_g,mean_atomic_radius_A,0.01250891387462616
1,finetune_000045_v00,finetune_000045,ErH4(CO2)4,kr_uptake_mmol_g,mean_atomic_number,0.0034203811082988977
1,finetune_000045_v00,finetune_000045,ErH4(CO2)4,kr_uptake_mmol_g,metal_fraction,-0.03539041802287102
1,finetune_000045_v00,finetune_000045,ErH4(CO2)4,xe_kr_selectivity,pore_volume_cm3_g,-0.07985618710517883
1,finetune_000045_v00,finetune_000045,ErH4(CO2)4,xe_kr_selectivity,void_fraction,-0.1263681948184967
1,finetune_000045_v00,finetune_000045,ErH4(CO2)4,xe_kr_selectivity,gravimetric_surface_area_m2_g,-0.027764685451984406
1,finetune_000045_v00,finetune_000045,ErH4(CO2)4,xe_kr_selectivity,volumetric_surface_area_m2_cm3,-0.054842084646224976
1,finetune_000045_v00,finetune_000045,ErH4(CO2)4,xe_kr_selectivity,lcd_A,-0.24397122859954834
1,finetune_000045_v00,finetune_000045,ErH4(CO2)4,xe_kr_selectivity,pld_A,-0.1700955182313919
1,finetune_000045_v00,finetune_000045,ErH4(CO2)4,xe_kr_selectivity,density_g_cm3,-0.06417077034711838
1,finetune_000045_v00,finetune_000045,ErH4(CO2)4,xe_kr_selectivity,nsites,-0.038233332335948944
1,finetune_000045_v00,finetune_000045,ErH4(CO2)4,xe_kr_selectivity,nelements,0.004824915435165167
1,finetune_000045_v00,finetune_000045,ErH4(CO2)4,xe_kr_selectivity,open_metal_site,0.0
1,finetune_000045_v00,finetune_000045,ErH4(CO2)4,xe_kr_selectivity,has_functional_group,-0.0006136541487649083
1,finetune_000045_v00,finetune_000045,ErH4(CO2)4,xe_kr_selectivity,mean_electronegativity_diff,0.01914861798286438
1,finetune_000045_v00,finetune_000045,ErH4(CO2)4,xe_kr_selectivity,mean_atomic_radius_A,0.05559410899877548
1,finetune_000045_v00,finetune_000045,ErH4(CO2)4,xe_kr_selectivity,mean_atomic_number,0.008380843326449394
1,finetune_000045_v00,finetune_000045,ErH4(CO2)4,xe_kr_selectivity,metal_fraction,0.01870138943195343
1,finetune_000045_v00,finetune_000045,ErH4(CO2)4,i2_uptake_mmol_g,pore_volume_cm3_g,-0.15601350367069244
1,finetune_000045_v00,finetune_000045,ErH4(CO2)4,i2_uptake_mmol_g,void_fraction,-0.12794046103954315
1,finetune_000045_v00,finetune_000045,ErH4(CO2)4,i2_uptake_mmol_g,gravimetric_surface_area_m2_g,-0.09940101951360703
1,finetune_000045_v00,finetune_000045,ErH4(CO2)4,i2_uptake_mmol_g,volumetric_surface_area_m2_cm3,-0.0429520420730114
1,finetune_000045_v00,finetune_000045,ErH4(CO2)4,i2_uptake_mmol_g,lcd_A,-0.1201149970293045
1,finetune_000045_v00,finetune_000045,ErH4(CO2)4,i2_uptake_mmol_g,pld_A,-0.08184053003787994
1,finetune_000045_v00,finetune_000045,ErH4(CO2)4,i2_uptake_mmol_g,density_g_cm3,-0.1035638377070427
1,finetune_000045_v00,finetune_000045,ErH4(CO2)4,i2_uptake_mmol_g,nsites,-0.05239016190171242
1,finetune_000045_v00,finetune_000045,ErH4(CO2)4,i2_uptake_mmol_g,nelements,-0.002367243403568864
1,finetune_000045_v00,finetune_000045,ErH4(CO2)4,i2_uptake_mmol_g,open_metal_site,0.0
1,finetune_000045_v00,finetune_000045,ErH4(CO2)4,i2_uptake_mmol_g,has_functional_group,-0.09126770496368408
1,finetune_000045_v00,finetune_000045,ErH4(CO2)4,i2_uptake_mmol_g,mean_electronegativity_diff,-0.005991967394948006
1,finetune_000045_v00,finetune_000045,ErH4(CO2)4,i2_uptake_mmol_g,mean_atomic_radius_A,0.007043075282126665
1,finetune_000045_v00,finetune_000045,ErH4(CO2)4,i2_uptake_mmol_g,mean_atomic_number,0.0008483974379487336
1,finetune_000045_v00,finetune_000045,ErH4(CO2)4,i2_uptake_mmol_g,metal_fraction,-0.029874220490455627
1,finetune_000033_v00,finetune_000033,NiH2(C5O4)2,xe_uptake_mmol_g,pore_volume_cm3_g,-0.08972112834453583
1,finetune_000033_v00,finetune_000033,NiH2(C5O4)2,xe_uptake_mmol_g,void_fraction,-0.09604507684707642
1,finetune_000033_v00,finetune_000033,NiH2(C5O4)2,xe_uptake_mmol_g,gravimetric_surface_area_m2_g,-0.010926314629614353
1,finetune_000033_v00,finetune_000033,NiH2(C5O4)2,xe_uptake_mmol_g,volumetric_surface_area_m2_cm3,-0.017152825370430946
1,finetune_000033_v00,finetune_000033,NiH2(C5O4)2,xe_uptake_mmol_g,lcd_A,-0.09300392866134644
1,finetune_000033_v00,finetune_000033,NiH2(C5O4)2,xe_uptake_mmol_g,pld_A,-0.120735764503479
1,finetune_000033_v00,finetune_000033,NiH2(C5O4)2,xe_uptake_mmol_g,density_g_cm3,0.08149554580450058
1,finetune_000033_v00,finetune_000033,NiH2(C5O4)2,xe_uptake_mmol_g,nsites,-0.04504966363310814
1,finetune_000033_v00,finetune_000033,NiH2(C5O4)2,xe_uptake_mmol_g,nelements,-0.0015326045686379075
1,finetune_000033_v00,finetune_000033,NiH2(C5O4)2,xe_uptake_mmol_g,open_metal_site,0.0
1,finetune_000033_v00,finetune_000033,NiH2(C5O4)2,xe_uptake_mmol_g,has_functional_group,0.009184007532894611
1,finetune_000033_v00,finetune_000033,NiH2(C5O4)2,xe_uptake_mmol_g,mean_electronegativity_diff,5.618485374725424e-05
1,finetune_000033_v00,finetune_000033,NiH2(C5O4)2,xe_uptake_mmol_g,mean_atomic_radius_A,0.018161863088607788
1,finetune_000033_v00,finetune_000033,NiH2(C5O4)2,xe_uptake_mmol_g,mean_atomic_number,-0.03133314102888107
1,finetune_000033_v00,finetune_000033,NiH2(C5O4)2,xe_uptake_mmol_g,metal_fraction,-0.08468779176473618
1,finetune_000033_v00,finetune_000033,NiH2(C5O4)2,kr_uptake_mmol_g,pore_volume_cm3_g,-0.08706582337617874
1,finetune_000033_v00,finetune_000033,NiH2(C5O4)2,kr_uptake_mmol_g,void_fraction,-0.09772731363773346
1,finetune_000033_v00,finetune_000033,NiH2(C5O4)2,kr_uptake_mmol_g,gravimetric_surface_area_m2_g,-0.01037121843546629
1,finetune_000033_v00,finetune_000033,NiH2(C5O4)2,kr_uptake_mmol_g,volumetric_surface_area_m2_cm3,-0.019101686775684357
1,finetune_000033_v00,finetune_000033,NiH2(C5O4)2,kr_uptake_mmol_g,lcd_A,-0.09872621297836304
1,finetune_000033_v00,finetune_000033,NiH2(C5O4)2,kr_uptake_mmol_g,pld_A,-0.12050724029541016
1,finetune_000033_v00,finetune_000033,NiH2(C5O4)2,kr_uptake_mmol_g,density_g_cm3,0.08228644728660583
1,finetune_000033_v00,finetune_000033,NiH2(C5O4)2,kr_uptake_mmol_g,nsites,-0.04234173521399498
1,finetune_000033_v00,finetune_000033,NiH2(C5O4)2,kr_uptake_mmol_g,nelements,-0.0012236046604812145
1,finetune_000033_v00,finetune_000033,NiH2(C5O4)2,kr_uptake_mmol_g,open_metal_site,-0.0
1,finetune_000033_v00,finetune_000033,NiH2(C5O4)2,kr_uptake_mmol_g,has_functional_group,-0.0012131163384765387
1,finetune_000033_v00,finetune_000033,NiH2(C5O4)2,kr_uptake_mmol_g,mean_electronegativity_diff,-0.009148250333964825
1,finetune_000033_v00,finetune_000033,NiH2(C5O4)2,kr_uptake_mmol_g,mean_atomic_radius_A,0.007883487269282341
1,finetune_000033_v00,finetune_000033,NiH2(C5O4)2,kr_uptake_mmol_g,mean_atomic_number,-0.02880086563527584
1,finetune_000033_v00,finetune_000033,NiH2(C5O4)2,kr_uptake_mmol_g,metal_fraction,-0.06856334209442139
1,finetune_000033_v00,finetune_000033,NiH2(C5O4)2,xe_kr_selectivity,pore_volume_cm3_g,-0.026730341836810112
1,finetune_000033_v00,finetune_000033,NiH2(C5O4)2,xe_kr_selectivity,void_fraction,-0.06651126593351364
1,finetune_000033_v00,finetune_000033,NiH2(C5O4)2,xe_kr_selectivity,gravimetric_surface_area_m2_g,-0.0022212520707398653
1,finetune_000033_v00,finetune_000033,NiH2(C5O4)2,xe_kr_selectivity,volumetric_surface_area_m2_cm3,-0.018461717292666435
1,finetune_000033_v00,finetune_000033,NiH2(C5O4)2,xe_kr_selectivity,lcd_A,-0.11381275951862335
1,finetune_000033_v00,finetune_000033,NiH2(C5O4)2,xe_kr_selectivity,pld_A,-0.1446646749973297
1,finetune_000033_v00,finetune_000033,NiH2(C5O4)2,xe_kr_selectivity,density_g_cm3,0.025917377322912216
1,finetune_000033_v00,finetune_000033,NiH2(C5O4)2,xe_kr_selectivity,nsites,-0.02633747272193432
1,finetune_000033_v00,finetune_000033,NiH2(C5O4)2,xe_kr_selectivity,nelements,0.005651991348713636
1,finetune_000033_v00,finetune_000033,NiH2(C5O4)2,xe_kr_selectivity,open_metal_site,0.0
1,finetune_000033_v00,finetune_000033,NiH2(C5O4)2,xe_kr_selectivity,has_functional_group,-0.007918640971183777
1,finetune_000033_v00,finetune_000033,NiH2(C5O4)2,xe_kr_selectivity,mean_electronegativity_diff,-0.037453100085258484
1,finetune_000033_v00,finetune_000033,NiH2(C5O4)2,xe_kr_selectivity,mean_atomic_radius_A,0.022782156243920326
1,finetune_000033_v00,finetune_000033,NiH2(C5O4)2,xe_kr_selectivity,mean_atomic_number,-0.06508947908878326
1,finetune_000033_v00,finetune_000033,NiH2(C5O4)2,xe_kr_selectivity,metal_fraction,0.031012985855340958
1,finetune_000033_v00,finetune_000033,NiH2(C5O4)2,i2_uptake_mmol_g,pore_volume_cm3_g,-0.07130690664052963
1,finetune_000033_v00,finetune_000033,NiH2(C5O4)2,i2_uptake_mmol_g,void_fraction,-0.08722468465566635
1,finetune_000033_v00,finetune_000033,NiH2(C5O4)2,i2_uptake_mmol_g,gravimetric_surface_area_m2_g,-0.009590825997292995
1,finetune_000033_v00,finetune_000033,NiH2(C5O4)2,i2_uptake_mmol_g,volumetric_surface_area_m2_cm3,-0.01787196658551693
1,finetune_000033_v00,finetune_000033,NiH2(C5O4)2,i2_uptake_mmol_g,lcd_A,-0.07499588280916214
1,finetune_000033_v00,finetune_000033,NiH2(C5O4)2,i2_uptake_mmol_g,pld_A,-0.09670685976743698
1,finetune_000033_v00,finetune_000033,NiH2(C5O4)2,i2_uptake_mmol_g,density_g_cm3,0.06218574568629265
1,finetune_000033_v00,finetune_000033,NiH2(C5O4)2,i2_uptake_mmol_g,nsites,-0.04443588852882385
1,finetune_000033_v00,finetune_000033,NiH2(C5O4)2,i2_uptake_mmol_g,nelements,-0.004550482612103224
1,finetune_000033_v00,finetune_000033,NiH2(C5O4)2,i2_uptake_mmol_g,open_metal_site,0.0
1,finetune_000033_v00,finetune_000033,NiH2(C5O4)2,i2_uptake_mmol_g,has_functional_group,-0.15707401931285858
1,finetune_000033_v00,finetune_000033,NiH2(C5O4)2,i2_uptake_mmol_g,mean_electronegativity_diff,0.006526604760438204
1,finetune_000033_v00,finetune_000033,NiH2(C5O4)2,i2_uptake_mmol_g,mean_atomic_radius_A,0.0011480659013614058
1,finetune_000033_v00,finetune_000033,NiH2(C5O4)2,i2_uptake_mmol_g,mean_atomic_number,-0.010636311024427414
1,finetune_000033_v00,finetune_000033,NiH2(C5O4)2,i2_uptake_mmol_g,metal_fraction,-0.06435967236757278
1,finetune_000215_v00,finetune_000215,Ho(CO2)4,xe_uptake_mmol_g,pore_volume_cm3_g,0.0666036382317543
1,finetune_000215_v00,finetune_000215,Ho(CO2)4,xe_uptake_mmol_g,void_fraction,0.16626493632793427
1,finetune_000215_v00,finetune_000215,Ho(CO2)4,xe_uptake_mmol_g,gravimetric_surface_area_m2_g,-0.025509968400001526
1,finetune_000215_v00,finetune_000215,Ho(CO2)4,xe_uptake_mmol_g,volumetric_surface_area_m2_cm3,0.028033098205924034
1,finetune_000215_v00,finetune_000215,Ho(CO2)4,xe_uptake_mmol_g,lcd_A,0.37303948402404785
1,finetune_000215_v00,finetune_000215,Ho(CO2)4,xe_uptake_mmol_g,pld_A,0.35424572229385376
1,finetune_000215_v00,finetune_000215,Ho(CO2)4,xe_uptake_mmol_g,density_g_cm3,-0.12141867727041245
1,finetune_000215_v00,finetune_000215,Ho(CO2)4,xe_uptake_mmol_g,nsites,0.05426166206598282
1,finetune_000215_v00,finetune_000215,Ho(CO2)4,xe_uptake_mmol_g,nelements,0.0024386760778725147
1,finetune_000215_v00,finetune_000215,Ho(CO2)4,xe_uptake_mmol_g,open_metal_site,0.0
1,finetune_000215_v00,finetune_000215,Ho(CO2)4,xe_uptake_mmol_g,has_functional_group,0.011211389675736427
1,finetune_000215_v00,finetune_000215,Ho(CO2)4,xe_uptake_mmol_g,mean_electronegativity_diff,0.00016969107673503458
1,finetune_000215_v00,finetune_000215,Ho(CO2)4,xe_uptake_mmol_g,mean_atomic_radius_A,-0.018272746354341507
1,finetune_000215_v00,finetune_000215,Ho(CO2)4,xe_uptake_mmol_g,mean_atomic_number,0.060355473309755325
1,finetune_000215_v00,finetune_000215,Ho(CO2)4,xe_uptake_mmol_g,metal_fraction,-0.020525524392724037
1,finetune_000215_v00,finetune_000215,Ho(CO2)4,kr_uptake_mmol_g,pore_volume_cm3_g,0.06542957574129105
1,finetune_000215_v00,finetune_000215,Ho(CO2)4,kr_uptake_mmol_g,void_fraction,0.1649392694234848
1,finetune_000215_v00,finetune_000215,Ho(CO2)4,kr_uptake_mmol_g,gravimetric_surface_area_m2_g,-0.02447410672903061
1,finetune_000215_v00,finetune_000215,Ho(CO2)4,kr_uptake_mmol_g,volumetric_surface_area_m2_cm3,0.03168646618723869
1,finetune_000215_v00,finetune_000215,Ho(CO2)4,kr_uptake_mmol_g,lcd_A,0.3848034739494324
1,finetune_000215_v00,finetune_000215,Ho(CO2)4,kr_uptake_mmol_g,pld_A,0.3460065424442291
1,finetune_000215_v00,finetune_000215,Ho(CO2)4,kr_uptake_mmol_g,density_g_cm3,-0.12653793394565582
1,finetune_000215_v00,finetune_000215,Ho(CO2)4,kr_uptake_mmol_g,nsites,0.057224202901124954
1,finetune_000215_v00,finetune_000215,Ho(CO2)4,kr_uptake_mmol_g,nelements,-0.011375367641448975
1,finetune_000215_v00,finetune_000215,Ho(CO2)4,kr_uptake_mmol_g,open_metal_site,-0.0
1,finetune_000215_v00,finetune_000215,Ho(CO2)4,kr_uptake_mmol_g,has_functional_group,0.00272310059517622
1,finetune_000215_v00,finetune_000215,Ho(CO2)4,kr_uptake_mmol_g,mean_electronegativity_diff,0.010405718348920345
1,finetune_000215_v00,finetune_000215,Ho(CO2)4,kr_uptake_mmol_g,mean_atomic_radius_A,-0.003223142120987177
1,finetune_000215_v00,finetune_000215,Ho(CO2)4,kr_uptake_mmol_g,mean_atomic_number,0.04685651510953903
1,finetune_000215_v00,finetune_000215,Ho(CO2)4,kr_uptake_mmol_g,metal_fraction,-0.01657799631357193
1,finetune_000215_v00,finetune_000215,Ho(CO2)4,xe_kr_selectivity,pore_volume_cm3_g,0.02357739768922329
1,finetune_000215_v00,finetune_000215,Ho(CO2)4,xe_kr_selectivity,void_fraction,0.11595821380615234
1,finetune_000215_v00,finetune_000215,Ho(CO2)4,xe_kr_selectivity,gravimetric_surface_area_m2_g,-0.006390703842043877
1,finetune_000215_v00,finetune_000215,Ho(CO2)4,xe_kr_selectivity,volumetric_surface_area_m2_cm3,0.030640967190265656
1,finetune_000215_v00,finetune_000215,Ho(CO2)4,xe_kr_selectivity,lcd_A,0.4466244876384735
1,finetune_000215_v00,finetune_000215,Ho(CO2)4,xe_kr_selectivity,pld_A,0.4428626298904419
1,finetune_000215_v00,finetune_000215,Ho(CO2)4,xe_kr_selectivity,density_g_cm3,-0.04933623969554901
1,finetune_000215_v00,finetune_000215,Ho(CO2)4,xe_kr_selectivity,nsites,0.04547364264726639
1,finetune_000215_v00,finetune_000215,Ho(CO2)4,xe_kr_selectivity,nelements,0.04409767687320709
1,finetune_000215_v00,finetune_000215,Ho(CO2)4,xe_kr_selectivity,open_metal_site,0.0
1,finetune_000215_v00,finetune_000215,Ho(CO2)4,xe_kr_selectivity,has_functional_group,-0.03579738363623619
1,finetune_000215_v00,finetune_000215,Ho(CO2)4,xe_kr_selectivity,mean_electronegativity_diff,0.07097019255161285
1,finetune_000215_v00,finetune_000215,Ho(CO2)4,xe_kr_selectivity,mean_atomic_radius_A,-0.016209527850151062
1,finetune_000215_v00,finetune_000215,Ho(CO2)4,xe_kr_selectivity,mean_atomic_number,0.14489732682704926
1,finetune_000215_v00,finetune_000215,Ho(CO2)4,xe_kr_selectivity,metal_fraction,0.003361576935276389
1,finetune_000215_v00,finetune_000215,Ho(CO2)4,i2_uptake_mmol_g,pore_volume_cm3_g,0.0526905432343483
1,finetune_000215_v00,finetune_000215,Ho(CO2)4,i2_uptake_mmol_g,void_fraction,0.17023108899593353
1,finetune_000215_v00,finetune_000215,Ho(CO2)4,i2_uptake_mmol_g,gravimetric_surface_area_m2_g,-0.02332424931228161
1,finetune_000215_v00,finetune_000215,Ho(CO2)4,i2_uptake_mmol_g,volumetric_surface_area_m2_cm3,0.029847098514437675
1,finetune_000215_v00,finetune_000215,Ho(CO2)4,i2_uptake_mmol_g,lcd_A,0.3450000584125519
1,finetune_000215_v00,finetune_000215,Ho(CO2)4,i2_uptake_mmol_g,pld_A,0.3501420021057129
1,finetune_000215_v00,finetune_000215,Ho(CO2)4,i2_uptake_mmol_g,density_g_cm3,-0.1077747568488121
1,finetune_000215_v00,finetune_000215,Ho(CO2)4,i2_uptake_mmol_g,nsites,0.06865639239549637
1,finetune_000215_v00,finetune_000215,Ho(CO2)4,i2_uptake_mmol_g,nelements,-0.06436646729707718
1,finetune_000215_v00,finetune_000215,Ho(CO2)4,i2_uptake_mmol_g,open_metal_site,-0.0
1,finetune_000215_v00,finetune_000215,Ho(CO2)4,i2_uptake_mmol_g,has_functional_group,-0.2856881618499756
1,finetune_000215_v00,finetune_000215,Ho(CO2)4,i2_uptake_mmol_g,mean_electronegativity_diff,-0.010635124519467354
1,finetune_000215_v00,finetune_000215,Ho(CO2)4,i2_uptake_mmol_g,mean_atomic_radius_A,0.006325654219835997
1,finetune_000215_v00,finetune_000215,Ho(CO2)4,i2_uptake_mmol_g,mean_atomic_number,0.03326292708516121
1,finetune_000215_v00,finetune_000215,Ho(CO2)4,i2_uptake_mmol_g,metal_fraction,-0.019974954426288605
1,finetune_000024_v00,finetune_000024,TbH2C5O6,xe_uptake_mmol_g,pore_volume_cm3_g,-0.21961574256420135
1,finetune_000024_v00,finetune_000024,TbH2C5O6,xe_uptake_mmol_g,void_fraction,-0.1579926609992981
1,finetune_000024_v00,finetune_000024,TbH2C5O6,xe_uptake_mmol_g,gravimetric_surface_area_m2_g,-0.15303431451320648
1,finetune_000024_v00,finetune_000024,TbH2C5O6,xe_uptake_mmol_g,volumetric_surface_area_m2_cm3,-0.07960855215787888
1,finetune_000024_v00,finetune_000024,TbH2C5O6,xe_uptake_mmol_g,lcd_A,-0.12725110352039337
1,finetune_000024_v00,finetune_000024,TbH2C5O6,xe_uptake_mmol_g,pld_A,-0.13362786173820496
1,finetune_000024_v00,finetune_000024,TbH2C5O6,xe_uptake_mmol_g,density_g_cm3,-0.1693388968706131
1,finetune_000024_v00,finetune_000024,TbH2C5O6,xe_uptake_mmol_g,nsites,0.04749300703406334
1,finetune_000024_v00,finetune_000024,TbH2C5O6,xe_uptake_mmol_g,nelements,-0.001262771082110703
1,finetune_000024_v00,finetune_000024,TbH2C5O6,xe_uptake_mmol_g,open_metal_site,-0.0
1,finetune_000024_v00,finetune_000024,TbH2C5O6,xe_uptake_mmol_g,has_functional_group,0.008741727098822594
1,finetune_000024_v00,finetune_000024,TbH2C5O6,xe_uptake_mmol_g,mean_electronegativity_diff,-0.004579664207994938
1,finetune_000024_v00,finetune_000024,TbH2C5O6,xe_uptake_mmol_g,mean_atomic_radius_A,0.007130261044949293
1,finetune_000024_v00,finetune_000024,TbH2C5O6,xe_uptake_mmol_g,mean_atomic_number,0.017049405723810196
1,finetune_000024_v00,finetune_000024,TbH2C5O6,xe_uptake_mmol_g,metal_fraction,-0.024207625538110733
1,finetune_000024_v00,finetune_000024,TbH2C5O6,kr_uptake_mmol_g,pore_volume_cm3_g,-0.20717330276966095
1,finetune_000024_v00,finetune_000024,TbH2C5O6,kr_uptake_mmol_g,void_fraction,-0.15938331186771393
1,finetune_000024_v00,finetune_000024,TbH2C5O6,kr_uptake_mmol_g,gravimetric_surface_area_m2_g,-0.14216876029968262
1,finetune_000024_v00,finetune_000024,TbH2C5O6,kr_uptake_mmol_g,volumetric_surface_area_m2_cm3,-0.08622294664382935
1,finetune_000024_v00,finetune_000024,TbH2C5O6,kr_uptake_mmol_g,lcd_A,-0.133353129029274
1,finetune_000024_v00,finetune_000024,TbH2C5O6,kr_uptake_mmol_g,pld_A,-0.13123831152915955
1,finetune_000024_v00,finetune_000024,TbH2C5O6,kr_uptake_mmol_g,density_g_cm3,-0.16336499154567719
1,finetune_000024_v00,finetune_000024,TbH2C5O6,kr_uptake_mmol_g,nsites,0.03939339146018028
1,finetune_000024_v00,finetune_000024,TbH2C5O6,kr_uptake_mmol_g,nelements,-0.000519807799719274
1,finetune_000024_v00,finetune_000024,TbH2C5O6,kr_uptake_mmol_g,open_metal_site,-0.0
1,finetune_000024_v00,finetune_000024,TbH2C5O6,kr_uptake_mmol_g,has_functional_group,0.000676615396514535
1,finetune_000024_v00,finetune_000024,TbH2C5O6,kr_uptake_mmol_g,mean_electronegativity_diff,0.004502476658672094
1,finetune_000024_v00,finetune_000024,TbH2C5O6,kr_uptake_mmol_g,mean_atomic_radius_A,0.0028724875301122665
1,finetune_000024_v00,finetune_000024,TbH2C5O6,kr_uptake_mmol_g,mean_atomic_number,0.015590887516736984
1,finetune_000024_v00,finetune_000024,TbH2C5O6,kr_uptake_mmol_g,metal_fraction,-0.018554149195551872
1,finetune_000024_v00,finetune_000024,TbH2C5O6,xe_kr_selectivity,pore_volume_cm3_g,-0.09456483274698257
1,finetune_000024_v00,finetune_000024,TbH2C5O6,xe_kr_selectivity,void_fraction,-0.14432354271411896
1,finetune_000024_v00,finetune_000024,TbH2C5O6,xe_kr_selectivity,gravimetric_surface_area_m2_g,-0.046977195888757706
1,finetune_000024_v00,finetune_000024,TbH2C5O6,xe_kr_selectivity,volumetric_surface_area_m2_cm3,-0.10119427740573883
1,finetune_000024_v00,finetune_000024,TbH2C5O6,xe_kr_selectivity,lcd_A,-0.18286889791488647
1,finetune_000024_v00,finetune_000024,TbH2C5O6,xe_kr_selectivity,pld_A,-0.18875229358673096
1,finetune_000024_v00,finetune_000024,TbH2C5O6,xe_kr_selectivity,density_g_cm3,-0.06805844604969025
1,finetune_000024_v00,finetune_000024,TbH2C5O6,xe_kr_selectivity,nsites,0.0321141853928566
1,finetune_000024_v00,finetune_000024,TbH2C5O6,xe_kr_selectivity,nelements,0.005393683444708586
1,finetune_000024_v00,finetune_000024,TbH2C5O6,xe_kr_selectivity,open_metal_site,0.0
1,finetune_000024_v00,finetune_000024,TbH2C5O6,xe_kr_selectivity,has_functional_group,-0.008648999966681004
1,finetune_000024_v00,finetune_000024,TbH2C5O6,xe_kr_selectivity,mean_electronegativity_diff,0.029933327808976173
1,finetune_000024_v00,finetune_000024,TbH2C5O6,xe_kr_selectivity,mean_atomic_radius_A,0.01208395604044199
1,finetune_000024_v00,finetune_000024,TbH2C5O6,xe_kr_selectivity,mean_atomic_number,0.037234704941511154
1,finetune_000024_v00,finetune_000024,TbH2C5O6,xe_kr_selectivity,metal_fraction,0.009377017617225647
1,finetune_000024_v00,finetune_000024,TbH2C5O6,i2_uptake_mmol_g,pore_volume_cm3_g,-0.17417076230049133
1,finetune_000024_v00,finetune_000024,TbH2C5O6,i2_uptake_mmol_g,void_fraction,-0.14767557382583618
1,finetune_000024_v00,finetune_000024,TbH2C5O6,i2_uptake_mmol_g,gravimetric_surface_area_m2_g,-0.1391492336988449
1,finetune_000024_v00,finetune_000024,TbH2C5O6,i2_uptake_mmol_g,volumetric_surface_area_m2_cm3,-0.08267316967248917
1,finetune_000024_v00,finetune_000024,TbH2C5O6,i2_uptake_mmol_g,lcd_A,-0.09702245891094208
1,finetune_000024_v00,finetune_000024,TbH2C5O6,i2_uptake_mmol_g,pld_A,-0.10033588856458664
1,finetune_000024_v00,finetune_000024,TbH2C5O6,i2_uptake_mmol_g,density_g_cm3,-0.11677230149507523
1,finetune_000024_v00,finetune_000024,TbH2C5O6,i2_uptake_mmol_g,nsites,0.042683158069849014
1,finetune_000024_v00,finetune_000024,TbH2C5O6,i2_uptake_mmol_g,nelements,-0.0027449673507362604
1,finetune_000024_v00,finetune_000024,TbH2C5O6,i2_uptake_mmol_g,open_metal_site,0.0
1,finetune_000024_v00,finetune_000024,TbH2C5O6,i2_uptake_mmol_g,has_functional_group,-0.11403869092464447
1,finetune_000024_v00,finetune_000024,TbH2C5O6,i2_uptake_mmol_g,mean_electronegativity_diff,-0.011076005175709724
1,finetune_000024_v00,finetune_000024,TbH2C5O6,i2_uptake_mmol_g,mean_atomic_radius_A,0.0013625591527670622
1,finetune_000024_v00,finetune_000024,TbH2C5O6,i2_uptake_mmol_g,mean_atomic_number,0.0052071185782551765
1,finetune_000024_v00,finetune_000024,TbH2C5O6,i2_uptake_mmol_g,metal_fraction,-0.01764790527522564
1,finetune_000226_v00,finetune_000226,SrU2P2H4(C3O4)2,xe_uptake_mmol_g,pore_volume_cm3_g,-0.20311032235622406
1,finetune_000226_v00,finetune_000226,SrU2P2H4(C3O4)2,xe_uptake_mmol_g,void_fraction,-0.1381024420261383
1,finetune_000226_v00,finetune_000226,SrU2P2H4(C3O4)2,xe_uptake_mmol_g,gravimetric_surface_area_m2_g,-0.13327662646770477
1,finetune_000226_v00,finetune_000226,SrU2P2H4(C3O4)2,xe_uptake_mmol_g,volumetric_surface_area_m2_cm3,-0.06518267840147018
1,finetune_000226_v00,finetune_000226,SrU2P2H4(C3O4)2,xe_uptake_mmol_g,lcd_A,-0.16215690970420837
1,finetune_000226_v00,finetune_000226,SrU2P2H4(C3O4)2,xe_uptake_mmol_g,pld_A,-0.12225359678268433
1,finetune_000226_v00,finetune_000226,SrU2P2H4(C3O4)2,xe_uptake_mmol_g,density_g_cm3,-0.41280874609947205
1,finetune_000226_v00,finetune_000226,SrU2P2H4(C3O4)2,xe_uptake_mmol_g,nsites,-0.007403320167213678
1,finetune_000226_v00,finetune_000226,SrU2P2H4(C3O4)2,xe_uptake_mmol_g,nelements,0.011875251308083534
1,finetune_000226_v00,finetune_000226,SrU2P2H4(C3O4)2,xe_uptake_mmol_g,open_metal_site,-0.0
1,finetune_000226_v00,finetune_000226,SrU2P2H4(C3O4)2,xe_uptake_mmol_g,has_functional_group,0.006825041491538286
1,finetune_000226_v00,finetune_000226,SrU2P2H4(C3O4)2,xe_uptake_mmol_g,mean_electronegativity_diff,-0.0025042532943189144
1,finetune_000226_v00,finetune_000226,SrU2P2H4(C3O4)2,xe_uptake_mmol_g,mean_atomic_radius_A,-0.0359346978366375
1,finetune_000226_v00,finetune_000226,SrU2P2H4(C3O4)2,xe_uptake_mmol_g,mean_atomic_number,0.07939682900905609
1,finetune_000226_v00,finetune_000226,SrU2P2H4(C3O4)2,xe_uptake_mmol_g,metal_fraction,0.06754141300916672
1,finetune_000226_v00,finetune_000226,SrU2P2H4(C3O4)2,kr_uptake_mmol_g,pore_volume_cm3_g,-0.1897376924753189
1,finetune_000226_v00,finetune_000226,SrU2P2H4(C3O4)2,kr_uptake_mmol_g,void_fraction,-0.13530048727989197
1,finetune_000226_v00,finetune_000226,SrU2P2H4(C3O4)2,kr_uptake_mmol_g,gravimetric_surface_area_m2_g,-0.1210678219795227
1,finetune_000226_v00,finetune_000226,SrU2P2H4(C3O4)2,kr_uptake_mmol_g,volumetric_surface_area_m2_cm3,-0.07344422489404678
1,finetune_000226_v00,finetune_000226,SrU2P2H4(C3O4)2,kr_uptake_mmol_g,lcd_A,-0.16315189003944397
1,finetune_000226_v00,finetune_000226,SrU2P2H4(C3O4)2,kr_uptake_mmol_g,pld_A,-0.11449690908193588
1,finetune_000226_v00,finetune_000226,SrU2P2H4(C3O4)2,kr_uptake_mmol_g,density_g_cm3,-0.3733275532722473
1,finetune_000226_v00,finetune_000226,SrU2P2H4(C3O4)2,kr_uptake_mmol_g,nsites,-0.005708678159862757
1,finetune_000226_v00,finetune_000226,SrU2P2H4(C3O4)2,kr_uptake_mmol_g,nelements,0.0013490165583789349
1,finetune_000226_v00,finetune_000226,SrU2P2H4(C3O4)2,kr_uptake_mmol_g,open_metal_site,-0.0
1,finetune_000226_v00,finetune_000226,SrU2P2H4(C3O4)2,kr_uptake_mmol_g,has_functional_group,-0.002789186080917716
1,finetune_000226_v00,finetune_000226,SrU2P2H4(C3O4)2,kr_uptake_mmol_g,mean_electronegativity_diff,0.0020698884036391973
1,finetune_000226_v00,finetune_000226,SrU2P2H4(C3O4)2,kr_uptake_mmol_g,mean_atomic_radius_A,-0.017463190481066704
1,finetune_000226_v00,finetune_000226,SrU2P2H4(C3O4)2,kr_uptake_mmol_g,mean_atomic_number,0.07070208340883255
1,finetune_000226_v00,finetune_000226,SrU2P2H4(C3O4)2,kr_uptake_mmol_g,metal_fraction,0.049233801662921906
1,finetune_000226_v00,finetune_000226,SrU2P2H4(C3O4)2,xe_kr_selectivity,pore_volume_cm3_g,-0.10175055265426636
1,finetune_000226_v00,finetune_000226,SrU2P2H4(C3O4)2,xe_kr_selectivity,void_fraction,-0.14069725573062897
1,finetune_000226_v00,finetune_000226,SrU2P2H4(C3O4)2,xe_kr_selectivity,gravimetric_surface_area_m2_g,-0.046488285064697266
1,finetune_000226_v00,finetune_000226,SrU2P2H4(C3O4)2,xe_kr_selectivity,volumetric_surface_area_m2_cm3,-0.0950513705611229
1,finetune_000226_v00,finetune_000226,SrU2P2H4(C3O4)2,xe_kr_selectivity,lcd_A,-0.2461639642715454
1,finetune_000226_v00,finetune_000226,SrU2P2H4(C3O4)2,xe_kr_selectivity,pld_A,-0.1817004233598709
1,finetune_000226_v00,finetune_000226,SrU2P2H4(C3O4)2,xe_kr_selectivity,density_g_cm3,-0.1782827228307724
1,finetune_000226_v00,finetune_000226,SrU2P2H4(C3O4)2,xe_kr_selectivity,nsites,-0.005200694315135479
1,finetune_000226_v00,finetune_000226,SrU2P2H4(C3O4)2,xe_kr_selectivity,nelements,-0.053519513458013535
1,finetune_000226_v00,finetune_000226,SrU2P2H4(C3O4)2,xe_kr_selectivity,open_metal_site,0.0
1,finetune_000226_v00,finetune_000226,SrU2P2H4(C3O4)2,xe_kr_selectivity,has_functional_group,-0.013391030952334404
1,finetune_000226_v00,finetune_000226,SrU2P2H4(C3O4)2,xe_kr_selectivity,mean_electronegativity_diff,0.019459262490272522
1,finetune_000226_v00,finetune_000226,SrU2P2H4(C3O4)2,xe_kr_selectivity,mean_atomic_radius_A,-0.06183946877717972
1,finetune_000226_v00,finetune_000226,SrU2P2H4(C3O4)2,xe_kr_selectivity,mean_atomic_number,0.16395387053489685
1,finetune_000226_v00,finetune_000226,SrU2P2H4(C3O4)2,xe_kr_selectivity,metal_fraction,-0.0386657752096653
1,finetune_000226_v00,finetune_000226,SrU2P2H4(C3O4)2,i2_uptake_mmol_g,pore_volume_cm3_g,-0.16355222463607788
1,finetune_000226_v00,finetune_000226,SrU2P2H4(C3O4)2,i2_uptake_mmol_g,void_fraction,-0.12939350306987762
1,finetune_000226_v00,finetune_000226,SrU2P2H4(C3O4)2,i2_uptake_mmol_g,gravimetric_surface_area_m2_g,-0.1261206567287445
1,finetune_000226_v00,finetune_000226,SrU2P2H4(C3O4)2,i2_uptake_mmol_g,volumetric_surface_area_m2_cm3,-0.0674670860171318
1,finetune_000226_v00,finetune_000226,SrU2P2H4(C3O4)2,i2_uptake_mmol_g,lcd_A,-0.1217028796672821
1,finetune_000226_v00,finetune_000226,SrU2P2H4(C3O4)2,i2_uptake_mmol_g,pld_A,-0.08527291566133499
1,finetune_000226_v00,finetune_000226,SrU2P2H4(C3O4)2,i2_uptake_mmol_g,density_g_cm3,-0.2596586346626282
1,finetune_000226_v00,finetune_000226,SrU2P2H4(C3O4)2,i2_uptake_mmol_g,nsites,-0.0064450837671756744
1,finetune_000226_v00,finetune_000226,SrU2P2H4(C3O4)2,i2_uptake_mmol_g,nelements,0.015255380421876907
1,finetune_000226_v00,finetune_000226,SrU2P2H4(C3O4)2,i2_uptake_mmol_g,open_metal_site,0.0
1,finetune_000226_v00,finetune_000226,SrU2P2H4(C3O4)2,i2_uptake_mmol_g,has_functional_group,-0.0960499718785286
1,finetune_000226_v00,finetune_000226,SrU2P2H4(C3O4)2,i2_uptake_mmol_g,mean_electronegativity_diff,-0.008689605630934238
1,finetune_000226_v00,finetune_000226,SrU2P2H4(C3O4)2,i2_uptake_mmol_g,mean_atomic_radius_A,-0.013808896765112877
1,finetune_000226_v00,finetune_000226,SrU2P2H4(C3O4)2,i2_uptake_mmol_g,mean_atomic_number,0.01988300122320652
1,finetune_000226_v00,finetune_000226,SrU2P2H4(C3O4)2,i2_uptake_mmol_g,metal_fraction,0.046246372163295746
1,finetune_000092_v00,finetune_000092,AlH5C8O5,xe_uptake_mmol_g,pore_volume_cm3_g,0.28661155700683594
1,finetune_000092_v00,finetune_000092,AlH5C8O5,xe_uptake_mmol_g,void_fraction,0.05664198100566864
1,finetune_000092_v00,finetune_000092,AlH5C8O5,xe_uptake_mmol_g,gravimetric_surface_area_m2_g,0.40027472376823425
1,finetune_000092_v00,finetune_000092,AlH5C8O5,xe_uptake_mmol_g,volumetric_surface_area_m2_cm3,0.1013980433344841
1,finetune_000092_v00,finetune_000092,AlH5C8O5,xe_uptake_mmol_g,lcd_A,-0.02040891908109188
1,finetune_000092_v00,finetune_000092,AlH5C8O5,xe_uptake_mmol_g,pld_A,-0.04932423681020737
1,finetune_000092_v00,finetune_000092,AlH5C8O5,xe_uptake_mmol_g,density_g_cm3,0.283870130777359
1,finetune_000092_v00,finetune_000092,AlH5C8O5,xe_uptake_mmol_g,nsites,-0.13423214852809906
1,finetune_000092_v00,finetune_000092,AlH5C8O5,xe_uptake_mmol_g,nelements,-0.003359392285346985
1,finetune_000092_v00,finetune_000092,AlH5C8O5,xe_uptake_mmol_g,open_metal_site,0.0
1,finetune_000092_v00,finetune_000092,AlH5C8O5,xe_uptake_mmol_g,has_functional_group,0.0018582097254693508
1,finetune_000092_v00,finetune_000092,AlH5C8O5,xe_uptake_mmol_g,mean_electronegativity_diff,-0.0014683072222396731
1,finetune_000092_v00,finetune_000092,AlH5C8O5,xe_uptake_mmol_g,mean_atomic_radius_A,0.049703873693943024
1,finetune_000092_v00,finetune_000092,AlH5C8O5,xe_uptake_mmol_g,mean_atomic_number,-0.07924491167068481
1,finetune_000092_v00,finetune_000092,AlH5C8O5,xe_uptake_mmol_g,metal_fraction,-0.09474816173315048
1,finetune_000092_v00,finetune_000092,AlH5C8O5,kr_uptake_mmol_g,pore_volume_cm3_g,0.28689298033714294
1,finetune_000092_v00,finetune_000092,AlH5C8O5,kr_uptake_mmol_g,void_fraction,0.05793789401650429
1,finetune_000092_v00,finetune_000092,AlH5C8O5,kr_uptake_mmol_g,gravimetric_surface_area_m2_g,0.39128801226615906
1,finetune_000092_v00,finetune_000092,AlH5C8O5,kr_uptake_mmol_g,volumetric_surface_area_m2_cm3,0.1176864355802536
1,finetune_000092_v00,finetune_000092,AlH5C8O5,kr_uptake_mmol_g,lcd_A,-0.021769339218735695
1,finetune_000092_v00,finetune_000092,AlH5C8O5,kr_uptake_mmol_g,pld_A,-0.049856722354888916
1,finetune_000092_v00,finetune_000092,AlH5C8O5,kr_uptake_mmol_g,density_g_cm3,0.29320910573005676
1,finetune_000092_v00,finetune_000092,AlH5C8O5,kr_uptake_mmol_g,nsites,-0.13597747683525085
1,finetune_000092_v00,finetune_000092,AlH5C8O5,kr_uptake_mmol_g,nelements,-0.004485534969717264
1,finetune_000092_v00,finetune_000092,AlH5C8O5,kr_uptake_mmol_g,open_metal_site,-0.0
1,finetune_000092_v00,finetune_000092,AlH5C8O5,kr_uptake_mmol_g,has_functional_group,-0.013613253831863403
1,finetune_000092_v00,finetune_000092,AlH5C8O5,kr_uptake_mmol_g,mean_electronegativity_diff,-0.00438140332698822
1,finetune_000092_v00,finetune_000092,AlH5C8O5,kr_uptake_mmol_g,mean_atomic_radius_A,0.015979742631316185
1,finetune_000092_v00,finetune_000092,AlH5C8O5,kr_uptake_mmol_g,mean_atomic_number,-0.07176707684993744
1,finetune_000092_v00,finetune_000092,AlH5C8O5,kr_uptake_mmol_g,metal_fraction,-0.08359944075345993
1,finetune_000092_v00,finetune_000092,AlH5C8O5,xe_kr_selectivity,pore_volume_cm3_g,0.05168452113866806
1,finetune_000092_v00,finetune_000092,AlH5C8O5,xe_kr_selectivity,void_fraction,0.027630018070340157
1,finetune_000092_v00,finetune_000092,AlH5C8O5,xe_kr_selectivity,gravimetric_surface_area_m2_g,0.031508442014455795
1,finetune_000092_v00,finetune_000092,AlH5C8O5,xe_kr_selectivity,volumetric_surface_area_m2_cm3,0.07931718230247498
1,finetune_000092_v00,finetune_000092,AlH5C8O5,xe_kr_selectivity,lcd_A,-0.020623283460736275
1,finetune_000092_v00,finetune_000092,AlH5C8O5,xe_kr_selectivity,pld_A,-0.04710515961050987
1,finetune_000092_v00,finetune_000092,AlH5C8O5,xe_kr_selectivity,density_g_cm3,0.068736232817173
1,finetune_000092_v00,finetune_000092,AlH5C8O5,xe_kr_selectivity,nsites,-0.06811297684907913
1,finetune_000092_v00,finetune_000092,AlH5C8O5,xe_kr_selectivity,nelements,0.005112519022077322
1,finetune_000092_v00,finetune_000092,AlH5C8O5,xe_kr_selectivity,open_metal_site,0.0
1,finetune_000092_v00,finetune_000092,AlH5C8O5,xe_kr_selectivity,has_functional_group,-0.010427103377878666
1,finetune_000092_v00,finetune_000092,AlH5C8O5,xe_kr_selectivity,mean_electronegativity_diff,-0.01461925357580185
1,finetune_000092_v00,finetune_000092,AlH5C8O5,xe_kr_selectivity,mean_atomic_radius_A,0.05075467377901077
1,finetune_000092_v00,finetune_000092,AlH5C8O5,xe_kr_selectivity,mean_atomic_number,-0.14820726215839386
1,finetune_000092_v00,finetune_000092,AlH5C8O5,xe_kr_selectivity,metal_fraction,0.03366055712103844
1,finetune_000092_v00,finetune_000092,AlH5C8O5,i2_uptake_mmol_g,pore_volume_cm3_g,0.22773432731628418
1,finetune_000092_v00,finetune_000092,AlH5C8O5,i2_uptake_mmol_g,void_fraction,0.05084400996565819
1,finetune_000092_v00,finetune_000092,AlH5C8O5,i2_uptake_mmol_g,gravimetric_surface_area_m2_g,0.35324180126190186
1,finetune_000092_v00,finetune_000092,AlH5C8O5,i2_uptake_mmol_g,volumetric_surface_area_m2_cm3,0.10973606258630753
1,finetune_000092_v00,finetune_000092,AlH5C8O5,i2_uptake_mmol_g,lcd_A,-0.01743915304541588
1,finetune_000092_v00,finetune_000092,AlH5C8O5,i2_uptake_mmol_g,pld_A,-0.04199299216270447
1,finetune_000092_v00,finetune_000092,AlH5C8O5,i2_uptake_mmol_g,density_g_cm3,0.23266351222991943
1,finetune_000092_v00,finetune_000092,AlH5C8O5,i2_uptake_mmol_g,nsites,-0.14073288440704346
1,finetune_000092_v00,finetune_000092,AlH5C8O5,i2_uptake_mmol_g,nelements,-0.008854785934090614
1,finetune_000092_v00,finetune_000092,AlH5C8O5,i2_uptake_mmol_g,open_metal_site,0.0
1,finetune_000092_v00,finetune_000092,AlH5C8O5,i2_uptake_mmol_g,has_functional_group,-0.23180311918258667
1,finetune_000092_v00,finetune_000092,AlH5C8O5,i2_uptake_mmol_g,mean_electronegativity_diff,0.000649134861305356
1,finetune_000092_v00,finetune_000092,AlH5C8O5,i2_uptake_mmol_g,mean_atomic_radius_A,-0.01596580259501934
1,finetune_000092_v00,finetune_000092,AlH5C8O5,i2_uptake_mmol_g,mean_atomic_number,-0.031481705605983734
1,finetune_000092_v00,finetune_000092,AlH5C8O5,i2_uptake_mmol_g,metal_fraction,-0.07861509174108505
1,finetune_000180_v00,finetune_000180,CrH5C8O5,xe_uptake_mmol_g,pore_volume_cm3_g,0.15139125287532806
1,finetune_000180_v00,finetune_000180,CrH5C8O5,xe_uptake_mmol_g,void_fraction,0.017342448234558105
1,finetune_000180_v00,finetune_000180,CrH5C8O5,xe_uptake_mmol_g,gravimetric_surface_area_m2_g,0.2565577030181885
1,finetune_000180_v00,finetune_000180,CrH5C8O5,xe_uptake_mmol_g,volumetric_surface_area_m2_cm3,0.06945452094078064
1,finetune_000180_v00,finetune_000180,CrH5C8O5,xe_uptake_mmol_g,lcd_A,-0.029089055955410004
1,finetune_000180_v00,finetune_000180,CrH5C8O5,xe_uptake_mmol_g,pld_A,-0.057535555213689804
1,finetune_000180_v00,finetune_000180,CrH5C8O5,xe_uptake_mmol_g,density_g_cm3,0.207890585064888
1,finetune_000180_v00,finetune_000180,CrH5C8O5,xe_uptake_mmol_g,nsites,-0.12232784926891327
1,finetune_000180_v00,finetune_000180,CrH5C8O5,xe_uptake_mmol_g,nelements,-0.00377573911100626
1,finetune_000180_v00,finetune_000180,CrH5C8O5,xe_uptake_mmol_g,open_metal_site,0.0
1,finetune_000180_v00,finetune_000180,CrH5C8O5,xe_uptake_mmol_g,has_functional_group,0.002745778765529394
1,finetune_000180_v00,finetune_000180,CrH5C8O5,xe_uptake_mmol_g,mean_electronegativity_diff,-0.0011119904229417443
1,finetune_000180_v00,finetune_000180,CrH5C8O5,xe_uptake_mmol_g,mean_atomic_radius_A,0.04629415646195412
1,finetune_000180_v00,finetune_000180,CrH5C8O5,xe_uptake_mmol_g,mean_atomic_number,-0.06486522406339645
1,finetune_000180_v00,finetune_000180,CrH5C8O5,xe_uptake_mmol_g,metal_fraction,-0.09038751572370529
1,finetune_000180_v00,finetune_000180,CrH5C8O5,kr_uptake_mmol_g,pore_volume_cm3_g,0.15044981241226196
1,finetune_000180_v00,finetune_000180,CrH5C8O5,kr_uptake_mmol_g,void_fraction,0.017741858959197998
1,finetune_000180_v00,finetune_000180,CrH5C8O5,kr_uptake_mmol_g,gravimetric_surface_area_m2_g,0.24743811786174774
1,finetune_000180_v00,finetune_000180,CrH5C8O5,kr_uptake_mmol_g,volumetric_surface_area_m2_cm3,0.07997740805149078
1,finetune_000180_v00,finetune_000180,CrH5C8O5,kr_uptake_mmol_g,lcd_A,-0.03104046732187271
1,finetune_000180_v00,finetune_000180,CrH5C8O5,kr_uptake_mmol_g,pld_A,-0.05791865289211273
1,finetune_000180_v00,finetune_000180,CrH5C8O5,kr_uptake_mmol_g,density_g_cm3,0.21329611539840698
1,finetune_000180_v00,finetune_000180,CrH5C8O5,kr_uptake_mmol_g,nsites,-0.12177594006061554
1,finetune_000180_v00,finetune_000180,CrH5C8O5,kr_uptake_mmol_g,nelements,-0.0045491368509829044
1,finetune_000180_v00,finetune_000180,CrH5C8O5,kr_uptake_mmol_g,open_metal_site,-0.0
1,finetune_000180_v00,finetune_000180,CrH5C8O5,kr_uptake_mmol_g,has_functional_group,-0.011950082145631313
1,finetune_000180_v00,finetune_000180,CrH5C8O5,kr_uptake_mmol_g,mean_electronegativity_diff,-0.005319364834576845
1,finetune_000180_v00,finetune_000180,CrH5C8O5,kr_uptake_mmol_g,mean_atomic_radius_A,0.016825323924422264
1,finetune_000180_v00,finetune_000180,CrH5C8O5,kr_uptake_mmol_g,mean_atomic_number,-0.05912524834275246
1,finetune_000180_v00,finetune_000180,CrH5C8O5,kr_uptake_mmol_g,metal_fraction,-0.0781559869647026
1,finetune_000180_v00,finetune_000180,CrH5C8O5,xe_kr_selectivity,pore_volume_cm3_g,0.02675354853272438
1,finetune_000180_v00,finetune_000180,CrH5C8O5,xe_kr_selectivity,void_fraction,0.00875962432473898
1,finetune_000180_v00,finetune_000180,CrH5C8O5,xe_kr_selectivity,gravimetric_surface_area_m2_g,0.01959299109876156
1,finetune_000180_v00,finetune_000180,CrH5C8O5,xe_kr_selectivity,volumetric_surface_area_m2_cm3,0.05415543168783188
1,finetune_000180_v00,finetune_000180,CrH5C8O5,xe_kr_selectivity,lcd_A,-0.029871691018342972
1,finetune_000180_v00,finetune_000180,CrH5C8O5,xe_kr_selectivity,pld_A,-0.054784663021564484
1,finetune_000180_v00,finetune_000180,CrH5C8O5,xe_kr_selectivity,density_g_cm3,0.05193459987640381
1,finetune_000180_v00,finetune_000180,CrH5C8O5,xe_kr_selectivity,nsites,-0.06226969510316849
1,finetune_000180_v00,finetune_000180,CrH5C8O5,xe_kr_selectivity,nelements,0.0045241801999509335
1,finetune_000180_v00,finetune_000180,CrH5C8O5,xe_kr_selectivity,open_metal_site,0.0
1,finetune_000180_v00,finetune_000180,CrH5C8O5,xe_kr_selectivity,has_functional_group,-0.006512631196528673
1,finetune_000180_v00,finetune_000180,CrH5C8O5,xe_kr_selectivity,mean_electronegativity_diff,-0.01861412636935711
1,finetune_000180_v00,finetune_000180,CrH5C8O5,xe_kr_selectivity,mean_atomic_radius_A,0.05065350979566574
1,finetune_000180_v00,finetune_000180,CrH5C8O5,xe_kr_selectivity,mean_atomic_number,-0.11268234997987747
1,finetune_000180_v00,finetune_000180,CrH5C8O5,xe_kr_selectivity,metal_fraction,0.03339562937617302
1,finetune_000180_v00,finetune_000180,CrH5C8O5,i2_uptake_mmol_g,pore_volume_cm3_g,0.11966928839683533
1,finetune_000180_v00,finetune_000180,CrH5C8O5,i2_uptake_mmol_g,void_fraction,0.015123790130019188
1,finetune_000180_v00,finetune_000180,CrH5C8O5,i2_uptake_mmol_g,gravimetric_surface_area_m2_g,0.2257857471704483
1,finetune_000180_v00,finetune_000180,CrH5C8O5,i2_uptake_mmol_g,volumetric_surface_area_m2_cm3,0.0751885175704956
1,finetune_000180_v00,finetune_000180,CrH5C8O5,i2_uptake_mmol_g,lcd_A,-0.02399531751871109
1,finetune_000180_v00,finetune_000180,CrH5C8O5,i2_uptake_mmol_g,pld_A,-0.04651786759495735
1,finetune_000180_v00,finetune_000180,CrH5C8O5,i2_uptake_mmol_g,density_g_cm3,0.16438783705234528
1,finetune_000180_v00,finetune_000180,CrH5C8O5,i2_uptake_mmol_g,nsites,-0.12182796001434326
1,finetune_000180_v00,finetune_000180,CrH5C8O5,i2_uptake_mmol_g,nelements,-0.007716789375990629
1,finetune_000180_v00,finetune_000180,CrH5C8O5,i2_uptake_mmol_g,open_metal_site,0.0
1,finetune_000180_v00,finetune_000180,CrH5C8O5,i2_uptake_mmol_g,has_functional_group,-0.1995019167661667
1,finetune_000180_v00,finetune_000180,CrH5C8O5,i2_uptake_mmol_g,mean_electronegativity_diff,0.0015381139237433672
1,finetune_000180_v00,finetune_000180,CrH5C8O5,i2_uptake_mmol_g,mean_atomic_radius_A,-0.008336752653121948
1,finetune_000180_v00,finetune_000180,CrH5C8O5,i2_uptake_mmol_g,mean_atomic_number,-0.026148606091737747
1,finetune_000180_v00,finetune_000180,CrH5C8O5,i2_uptake_mmol_g,metal_fraction,-0.07234786450862885
1,finetune_000295_v00,finetune_000295,CoPC3NO3,xe_uptake_mmol_g,pore_volume_cm3_g,0.19785119593143463
1,finetune_000295_v00,finetune_000295,CoPC3NO3,xe_uptake_mmol_g,void_fraction,0.16211363673210144
1,finetune_000295_v00,finetune_000295,CoPC3NO3,xe_uptake_mmol_g,gravimetric_surface_area_m2_g,0.026768086478114128
1,finetune_000295_v00,finetune_000295,CoPC3NO3,xe_uptake_mmol_g,volumetric_surface_area_m2_cm3,0.0103578707203269
1,finetune_000295_v00,finetune_000295,CoPC3NO3,xe_uptake_mmol_g,lcd_A,0.008140282705426216
1,finetune_000295_v00,finetune_000295,CoPC3NO3,xe_uptake_mmol_g,pld_A,-0.01600014977157116
1,finetune_000295_v00,finetune_000295,CoPC3NO3,xe_uptake_mmol_g,density_g_cm3,0.07723341882228851
1,finetune_000295_v00,finetune_000295,CoPC3NO3,xe_uptake_mmol_g,nsites,0.07839296013116837
1,finetune_000295_v00,finetune_000295,CoPC3NO3,xe_uptake_mmol_g,nelements,-0.0009568208479322493
1,finetune_000295_v00,finetune_000295,CoPC3NO3,xe_uptake_mmol_g,open_metal_site,0.0
1,finetune_000295_v00,finetune_000295,CoPC3NO3,xe_uptake_mmol_g,has_functional_group,-0.002442931057885289
1,finetune_000295_v00,finetune_000295,CoPC3NO3,xe_uptake_mmol_g,mean_electronegativity_diff,-0.003283769590780139
1,finetune_000295_v00,finetune_000295,CoPC3NO3,xe_uptake_mmol_g,mean_atomic_radius_A,-0.05369393900036812
1,finetune_000295_v00,finetune_000295,CoPC3NO3,xe_uptake_mmol_g,mean_atomic_number,0.02199585735797882
1,finetune_000295_v00,finetune_000295,CoPC3NO3,xe_uptake_mmol_g,metal_fraction,0.06825917959213257
1,finetune_000295_v00,finetune_000295,CoPC3NO3,kr_uptake_mmol_g,pore_volume_cm3_g,0.20168033242225647
1,finetune_000295_v00,finetune_000295,CoPC3NO3,kr_uptake_mmol_g,void_fraction,0.16508831083774567
1,finetune_000295_v00,finetune_000295,CoPC3NO3,kr_uptake_mmol_g,gravimetric_surface_area_m2_g,0.026211770251393318
1,finetune_000295_v00,finetune_000295,CoPC3NO3,kr_uptake_mmol_g,volumetric_surface_area_m2_cm3,0.012080851942300797
1,finetune_000295_v00,finetune_000295,CoPC3NO3,kr_uptake_mmol_g,lcd_A,0.008845442906022072
1,finetune_000295_v00,finetune_000295,CoPC3NO3,kr_uptake_mmol_g,pld_A,-0.01639585942029953
1,finetune_000295_v00,finetune_000295,CoPC3NO3,kr_uptake_mmol_g,density_g_cm3,0.08120707422494888
1,finetune_000295_v00,finetune_000295,CoPC3NO3,kr_uptake_mmol_g,nsites,0.08186542987823486
1,finetune_000295_v00,finetune_000295,CoPC3NO3,kr_uptake_mmol_g,nelements,0.004837853368371725
1,finetune_000295_v00,finetune_000295,CoPC3NO3,kr_uptake_mmol_g,open_metal_site,0.0
1,finetune_000295_v00,finetune_000295,CoPC3NO3,kr_uptake_mmol_g,has_functional_group,-0.01612355373799801
1,finetune_000295_v00,finetune_000295,CoPC3NO3,kr_uptake_mmol_g,mean_electronegativity_diff,-0.01040578167885542
1,finetune_000295_v00,finetune_000295,CoPC3NO3,kr_uptake_mmol_g,mean_atomic_radius_A,-0.021311268210411072
1,finetune_000295_v00,finetune_000295,CoPC3NO3,kr_uptake_mmol_g,mean_atomic_number,0.019208744168281555
1,finetune_000295_v00,finetune_000295,CoPC3NO3,kr_uptake_mmol_g,metal_fraction,0.05847970396280289
1,finetune_000295_v00,finetune_000295,CoPC3NO3,xe_kr_selectivity,pore_volume_cm3_g,0.05360596999526024
1,finetune_000295_v00,finetune_000295,CoPC3NO3,xe_kr_selectivity,void_fraction,0.09598426520824432
1,finetune_000295_v00,finetune_000295,CoPC3NO3,xe_kr_selectivity,gravimetric_surface_area_m2_g,0.005580511409789324
1,finetune_000295_v00,finetune_000295,CoPC3NO3,xe_kr_selectivity,volumetric_surface_area_m2_cm3,0.010205346159636974
1,finetune_000295_v00,finetune_000295,CoPC3NO3,xe_kr_selectivity,lcd_A,0.009369248524308205
1,finetune_000295_v00,finetune_000295,CoPC3NO3,xe_kr_selectivity,pld_A,-0.018507095053792
1,finetune_000295_v00,finetune_000295,CoPC3NO3,xe_kr_selectivity,density_g_cm3,0.022968091070652008
1,finetune_000295_v00,finetune_000295,CoPC3NO3,xe_kr_selectivity,nsites,0.0510527677834034
1,finetune_000295_v00,finetune_000295,CoPC3NO3,xe_kr_selectivity,nelements,-0.032186269760131836
1,finetune_000295_v00,finetune_000295,CoPC3NO3,xe_kr_selectivity,open_metal_site,0.0
1,finetune_000295_v00,finetune_000295,CoPC3NO3,xe_kr_selectivity,has_functional_group,-0.03245951235294342
1,finetune_000295_v00,finetune_000295,CoPC3NO3,xe_kr_selectivity,mean_electronegativity_diff,-0.0507751889526844
1,finetune_000295_v00,finetune_000295,CoPC3NO3,xe_kr_selectivity,mean_atomic_radius_A,-0.0466979444026947
1,finetune_000295_v00,finetune_000295,CoPC3NO3,xe_kr_selectivity,mean_atomic_number,0.04547245427966118
1,finetune_000295_v00,finetune_000295,CoPC3NO3,xe_kr_selectivity,metal_fraction,-0.02561410702764988
1,finetune_000295_v00,finetune_000295,CoPC3NO3,i2_uptake_mmol_g,pore_volume_cm3_g,0.16859491169452667
1,finetune_000295_v00,finetune_000295,CoPC3NO3,i2_uptake_mmol_g,void_fraction,0.16094844043254852
1,finetune_000295_v00,finetune_000295,CoPC3NO3,i2_uptake_mmol_g,gravimetric_surface_area_m2_g,0.02449336275458336
1,finetune_000295_v00,finetune_000295,CoPC3NO3,i2_uptake_mmol_g,volumetric_surface_area_m2_cm3,0.011084385216236115
1,finetune_000295_v00,finetune_000295,CoPC3NO3,i2_uptake_mmol_g,lcd_A,0.00802519265562296
1,finetune_000295_v00,finetune_000295,CoPC3NO3,i2_uptake_mmol_g,pld_A,-0.015847792848944664
1,finetune_000295_v00,finetune_000295,CoPC3NO3,i2_uptake_mmol_g,density_g_cm3,0.06739248335361481
1,finetune_000295_v00,finetune_000295,CoPC3NO3,i2_uptake_mmol_g,nsites,0.09599806368350983
1,finetune_000295_v00,finetune_000295,CoPC3NO3,i2_uptake_mmol_g,nelements,0.03262545168399811
1,finetune_000295_v00,finetune_000295,CoPC3NO3,i2_uptake_mmol_g,open_metal_site,0.0
1,finetune_000295_v00,finetune_000295,CoPC3NO3,i2_uptake_mmol_g,has_functional_group,-0.25767040252685547
1,finetune_000295_v00,finetune_000295,CoPC3NO3,i2_uptake_mmol_g,mean_electronegativity_diff,0.004521434661000967
1,finetune_000295_v00,finetune_000295,CoPC3NO3,i2_uptake_mmol_g,mean_atomic_radius_A,0.0015752216568216681
1,finetune_000295_v00,finetune_000295,CoPC3NO3,i2_uptake_mmol_g,mean_atomic_number,0.009304903447628021
1,finetune_000295_v00,finetune_000295,CoPC3NO3,i2_uptake_mmol_g,metal_fraction,0.06516090035438538
1,finetune_000113_v00,finetune_000113,CoHC4O3,xe_uptake_mmol_g,pore_volume_cm3_g,0.2549671530723572
1,finetune_000113_v00,finetune_000113,CoHC4O3,xe_uptake_mmol_g,void_fraction,0.15410491824150085
1,finetune_000113_v00,finetune_000113,CoHC4O3,xe_uptake_mmol_g,gravimetric_surface_area_m2_g,0.0852031484246254
1,finetune_000113_v00,finetune_000113,CoHC4O3,xe_uptake_mmol_g,volumetric_surface_area_m2_cm3,0.02275034785270691
1,finetune_000113_v00,finetune_000113,CoHC4O3,xe_uptake_mmol_g,lcd_A,0.04898412898182869
1,finetune_000113_v00,finetune_000113,CoHC4O3,xe_uptake_mmol_g,pld_A,0.02616506814956665
1,finetune_000113_v00,finetune_000113,CoHC4O3,xe_uptake_mmol_g,density_g_cm3,0.1505638211965561
1,finetune_000113_v00,finetune_000113,CoHC4O3,xe_uptake_mmol_g,nsites,0.08533964306116104
1,finetune_000113_v00,finetune_000113,CoHC4O3,xe_uptake_mmol_g,nelements,-0.0009456716361455619
1,finetune_000113_v00,finetune_000113,CoHC4O3,xe_uptake_mmol_g,open_metal_site,0.0
1,finetune_000113_v00,finetune_000113,CoHC4O3,xe_uptake_mmol_g,has_functional_group,-0.0029305831994861364
1,finetune_000113_v00,finetune_000113,CoHC4O3,xe_uptake_mmol_g,mean_electronegativity_diff,-0.0010382879991084337
1,finetune_000113_v00,finetune_000113,CoHC4O3,xe_uptake_mmol_g,mean_atomic_radius_A,-0.0032486747950315475
1,finetune_000113_v00,finetune_000113,CoHC4O3,xe_uptake_mmol_g,mean_atomic_number,-0.015682891011238098
1,finetune_000113_v00,finetune_000113,CoHC4O3,xe_uptake_mmol_g,metal_fraction,0.07593449205160141
1,finetune_000113_v00,finetune_000113,CoHC4O3,kr_uptake_mmol_g,pore_volume_cm3_g,0.2581057846546173
1,finetune_000113_v00,finetune_000113,CoHC4O3,kr_uptake_mmol_g,void_fraction,0.15648730099201202
1,finetune_000113_v00,finetune_000113,CoHC4O3,kr_uptake_mmol_g,gravimetric_surface_area_m2_g,0.08304812759160995
1,finetune_000113_v00,finetune_000113,CoHC4O3,kr_uptake_mmol_g,volumetric_surface_area_m2_cm3,0.026242433115839958
1,finetune_000113_v00,finetune_000113,CoHC4O3,kr_uptake_mmol_g,lcd_A,0.052767351269721985
1,finetune_000113_v00,finetune_000113,CoHC4O3,kr_uptake_mmol_g,pld_A,0.026517296209931374
1,finetune_000113_v00,finetune_000113,CoHC4O3,kr_uptake_mmol_g,density_g_cm3,0.15669918060302734
1,finetune_000113_v00,finetune_000113,CoHC4O3,kr_uptake_mmol_g,nsites,0.0890868529677391
1,finetune_000113_v00,finetune_000113,CoHC4O3,kr_uptake_mmol_g,nelements,-0.002261694520711899
1,finetune_000113_v00,finetune_000113,CoHC4O3,kr_uptake_mmol_g,open_metal_site,-0.0
1,finetune_000113_v00,finetune_000113,CoHC4O3,kr_uptake_mmol_g,has_functional_group,-0.01729002594947815
1,finetune_000113_v00,finetune_000113,CoHC4O3,kr_uptake_mmol_g,mean_electronegativity_diff,-0.007924572564661503
1,finetune_000113_v00,finetune_000113,CoHC4O3,kr_uptake_mmol_g,mean_atomic_radius_A,-0.0012042189482599497
1,finetune_000113_v00,finetune_000113,CoHC4O3,kr_uptake_mmol_g,mean_atomic_number,-0.013461253605782986
1,finetune_000113_v00,finetune_000113,CoHC4O3,kr_uptake_mmol_g,metal_fraction,0.06631585955619812
1,finetune_000113_v00,finetune_000113,CoHC4O3,xe_kr_selectivity,pore_volume_cm3_g,0.055235717445611954
1,finetune_000113_v00,finetune_000113,CoHC4O3,xe_kr_selectivity,void_fraction,0.08110760152339935
1,finetune_000113_v00,finetune_000113,CoHC4O3,xe_kr_selectivity,gravimetric_surface_area_m2_g,0.01247421558946371
1,finetune_000113_v00,finetune_000113,CoHC4O3,xe_kr_selectivity,volumetric_surface_area_m2_cm3,0.019498735666275024
1,finetune_000113_v00,finetune_000113,CoHC4O3,xe_kr_selectivity,lcd_A,0.052715595811605453
1,finetune_000113_v00,finetune_000113,CoHC4O3,xe_kr_selectivity,pld_A,0.02779686264693737
1,finetune_000113_v00,finetune_000113,CoHC4O3,xe_kr_selectivity,density_g_cm3,0.039045900106430054
1,finetune_000113_v00,finetune_000113,CoHC4O3,xe_kr_selectivity,nsites,0.05133574455976486
1,finetune_000113_v00,finetune_000113,CoHC4O3,xe_kr_selectivity,nelements,0.005879192613065243
1,finetune_000113_v00,finetune_000113,CoHC4O3,xe_kr_selectivity,open_metal_site,0.0
1,finetune_000113_v00,finetune_000113,CoHC4O3,xe_kr_selectivity,has_functional_group,-0.026620181277394295
1,finetune_000113_v00,finetune_000113,CoHC4O3,xe_kr_selectivity,mean_electronegativity_diff,-0.04590625315904617
1,finetune_000113_v00,finetune_000113,CoHC4O3,xe_kr_selectivity,mean_atomic_radius_A,-0.0029042779933661222
1,finetune_000113_v00,finetune_000113,CoHC4O3,xe_kr_selectivity,mean_atomic_number,-0.030413882806897163
1,finetune_000113_v00,finetune_000113,CoHC4O3,xe_kr_selectivity,metal_fraction,-0.028667816892266273
1,finetune_000113_v00,finetune_000113,CoHC4O3,i2_uptake_mmol_g,pore_volume_cm3_g,0.2139025777578354
1,finetune_000113_v00,finetune_000113,CoHC4O3,i2_uptake_mmol_g,void_fraction,0.14859145879745483
1,finetune_000113_v00,finetune_000113,CoHC4O3,i2_uptake_mmol_g,gravimetric_surface_area_m2_g,0.07740221172571182
1,finetune_000113_v00,finetune_000113,CoHC4O3,i2_uptake_mmol_g,volumetric_surface_area_m2_cm3,0.023619774729013443
1,finetune_000113_v00,finetune_000113,CoHC4O3,i2_uptake_mmol_g,lcd_A,0.04646962881088257
1,finetune_000113_v00,finetune_000113,CoHC4O3,i2_uptake_mmol_g,pld_A,0.025286594405770302
1,finetune_000113_v00,finetune_000113,CoHC4O3,i2_uptake_mmol_g,density_g_cm3,0.1290457397699356
1,finetune_000113_v00,finetune_000113,CoHC4O3,i2_uptake_mmol_g,nsites,0.10177768021821976
1,finetune_000113_v00,finetune_000113,CoHC4O3,i2_uptake_mmol_g,nelements,-0.007948052138090134
1,finetune_000113_v00,finetune_000113,CoHC4O3,i2_uptake_mmol_g,open_metal_site,0.0
1,finetune_000113_v00,finetune_000113,CoHC4O3,i2_uptake_mmol_g,has_functional_group,-0.2648426294326782
1,finetune_000113_v00,finetune_000113,CoHC4O3,i2_uptake_mmol_g,mean_electronegativity_diff,0.005905318073928356
1,finetune_000113_v00,finetune_000113,CoHC4O3,i2_uptake_mmol_g,mean_atomic_radius_A,0.0005915462970733643
1,finetune_000113_v00,finetune_000113,CoHC4O3,i2_uptake_mmol_g,mean_atomic_number,-0.00669101532548666
1,finetune_000113_v00,finetune_000113,CoHC4O3,i2_uptake_mmol_g,metal_fraction,0.0717543363571167
1,finetune_000286_v00,finetune_000286,Ho(CO2)4,xe_uptake_mmol_g,pore_volume_cm3_g,0.0666036382317543
1,finetune_000286_v00,finetune_000286,Ho(CO2)4,xe_uptake_mmol_g,void_fraction,0.16626493632793427
1,finetune_000286_v00,finetune_000286,Ho(CO2)4,xe_uptake_mmol_g,gravimetric_surface_area_m2_g,-0.025509968400001526
1,finetune_000286_v00,finetune_000286,Ho(CO2)4,xe_uptake_mmol_g,volumetric_surface_area_m2_cm3,0.028033096343278885
1,finetune_000286_v00,finetune_000286,Ho(CO2)4,xe_uptake_mmol_g,lcd_A,0.37303948402404785
1,finetune_000286_v00,finetune_000286,Ho(CO2)4,xe_uptake_mmol_g,pld_A,0.35424572229385376
1,finetune_000286_v00,finetune_000286,Ho(CO2)4,xe_uptake_mmol_g,density_g_cm3,-0.12141867727041245
1,finetune_000286_v00,finetune_000286,Ho(CO2)4,xe_uptake_mmol_g,nsites,0.05426166206598282
1,finetune_000286_v00,finetune_000286,Ho(CO2)4,xe_uptake_mmol_g,nelements,0.002438677242025733
1,finetune_000286_v00,finetune_000286,Ho(CO2)4,xe_uptake_mmol_g,open_metal_site,0.0
1,finetune_000286_v00,finetune_000286,Ho(CO2)4,xe_uptake_mmol_g,has_functional_group,0.011211389675736427
1,finetune_000286_v00,finetune_000286,Ho(CO2)4,xe_uptake_mmol_g,mean_electronegativity_diff,0.0001696914405329153
1,finetune_000286_v00,finetune_000286,Ho(CO2)4,xe_uptake_mmol_g,mean_atomic_radius_A,-0.018272744491696358
1,finetune_000286_v00,finetune_000286,Ho(CO2)4,xe_uptake_mmol_g,mean_atomic_number,0.060355473309755325
1,finetune_000286_v00,finetune_000286,Ho(CO2)4,xe_uptake_mmol_g,metal_fraction,-0.020525524392724037
1,finetune_000286_v00,finetune_000286,Ho(CO2)4,kr_uptake_mmol_g,pore_volume_cm3_g,0.06542957574129105
1,finetune_000286_v00,finetune_000286,Ho(CO2)4,kr_uptake_mmol_g,void_fraction,0.1649392694234848
1,finetune_000286_v00,finetune_000286,Ho(CO2)4,kr_uptake_mmol_g,gravimetric_surface_area_m2_g,-0.02447410672903061
1,finetune_000286_v00,finetune_000286,Ho(CO2)4,kr_uptake_mmol_g,volumetric_surface_area_m2_cm3,0.03168646618723869
1,finetune_000286_v00,finetune_000286,Ho(CO2)4,kr_uptake_mmol_g,lcd_A,0.3848034739494324
1,finetune_000286_v00,finetune_000286,Ho(CO2)4,kr_uptake_mmol_g,pld_A,0.3460065424442291
1,finetune_000286_v00,finetune_000286,Ho(CO2)4,kr_uptake_mmol_g,density_g_cm3,-0.12653793394565582
1,finetune_000286_v00,finetune_000286,Ho(CO2)4,kr_uptake_mmol_g,nsites,0.057224202901124954
1,finetune_000286_v00,finetune_000286,Ho(CO2)4,kr_uptake_mmol_g,nelements,-0.011375367641448975
1,finetune_000286_v00,finetune_000286,Ho(CO2)4,kr_uptake_mmol_g,open_metal_site,-0.0
1,finetune_000286_v00,finetune_000286,Ho(CO2)4,kr_uptake_mmol_g,has_functional_group,0.0027231003623455763
1,finetune_000286_v00,finetune_000286,Ho(CO2)4,kr_uptake_mmol_g,mean_electronegativity_diff,0.010405718348920345
1,finetune_000286_v00,finetune_000286,Ho(CO2)4,kr_uptake_mmol_g,mean_atomic_radius_A,-0.003223142120987177
1,finetune_000286_v00,finetune_000286,Ho(CO2)4,kr_uptake_mmol_g,mean_atomic_number,0.04685651510953903
1,finetune_000286_v00,finetune_000286,Ho(CO2)4,kr_uptake_mmol_g,metal_fraction,-0.01657799631357193
1,finetune_000286_v00,finetune_000286,Ho(CO2)4,xe_kr_selectivity,pore_volume_cm3_g,0.02357739768922329
1,finetune_000286_v00,finetune_000286,Ho(CO2)4,xe_kr_selectivity,void_fraction,0.11595821380615234
1,finetune_000286_v00,finetune_000286,Ho(CO2)4,xe_kr_selectivity,gravimetric_surface_area_m2_g,-0.006390703842043877
1,finetune_000286_v00,finetune_000286,Ho(CO2)4,xe_kr_selectivity,volumetric_surface_area_m2_cm3,0.030640967190265656
1,finetune_000286_v00,finetune_000286,Ho(CO2)4,xe_kr_selectivity,lcd_A,0.4466244876384735
1,finetune_000286_v00,finetune_000286,Ho(CO2)4,xe_kr_selectivity,pld_A,0.4428626298904419
1,finetune_000286_v00,finetune_000286,Ho(CO2)4,xe_kr_selectivity,density_g_cm3,-0.04933623969554901
1,finetune_000286_v00,finetune_000286,Ho(CO2)4,xe_kr_selectivity,nsites,0.04547364264726639
1,finetune_000286_v00,finetune_000286,Ho(CO2)4,xe_kr_selectivity,nelements,0.04409767687320709
1,finetune_000286_v00,finetune_000286,Ho(CO2)4,xe_kr_selectivity,open_metal_site,0.0
1,finetune_000286_v00,finetune_000286,Ho(CO2)4,xe_kr_selectivity,has_functional_group,-0.03579738363623619
1,finetune_000286_v00,finetune_000286,Ho(CO2)4,xe_kr_selectivity,mean_electronegativity_diff,0.07097020745277405
1,finetune_000286_v00,finetune_000286,Ho(CO2)4,xe_kr_selectivity,mean_atomic_radius_A,-0.016209525987505913
1,finetune_000286_v00,finetune_000286,Ho(CO2)4,xe_kr_selectivity,mean_atomic_number,0.14489732682704926
1,finetune_000286_v00,finetune_000286,Ho(CO2)4,xe_kr_selectivity,metal_fraction,0.003361576935276389
1,finetune_000286_v00,finetune_000286,Ho(CO2)4,i2_uptake_mmol_g,pore_volume_cm3_g,0.0526905432343483
1,finetune_000286_v00,finetune_000286,Ho(CO2)4,i2_uptake_mmol_g,void_fraction,0.17023108899593353
1,finetune_000286_v00,finetune_000286,Ho(CO2)4,i2_uptake_mmol_g,gravimetric_surface_area_m2_g,-0.02332424931228161
1,finetune_000286_v00,finetune_000286,Ho(CO2)4,i2_uptake_mmol_g,volumetric_surface_area_m2_cm3,0.029847098514437675
1,finetune_000286_v00,finetune_000286,Ho(CO2)4,i2_uptake_mmol_g,lcd_A,0.3450000584125519
1,finetune_000286_v00,finetune_000286,Ho(CO2)4,i2_uptake_mmol_g,pld_A,0.3501420021057129
1,finetune_000286_v00,finetune_000286,Ho(CO2)4,i2_uptake_mmol_g,density_g_cm3,-0.1077747568488121
1,finetune_000286_v00,finetune_000286,Ho(CO2)4,i2_uptake_mmol_g,nsites,0.06865639239549637
1,finetune_000286_v00,finetune_000286,Ho(CO2)4,i2_uptake_mmol_g,nelements,-0.06436645984649658
1,finetune_000286_v00,finetune_000286,Ho(CO2)4,i2_uptake_mmol_g,open_metal_site,-0.0
1,finetune_000286_v00,finetune_000286,Ho(CO2)4,i2_uptake_mmol_g,has_functional_group,-0.2856881618499756
1,finetune_000286_v00,finetune_000286,Ho(CO2)4,i2_uptake_mmol_g,mean_electronegativity_diff,-0.010635126382112503
1,finetune_000286_v00,finetune_000286,Ho(CO2)4,i2_uptake_mmol_g,mean_atomic_radius_A,0.006325654219835997
1,finetune_000286_v00,finetune_000286,Ho(CO2)4,i2_uptake_mmol_g,mean_atomic_number,0.03326292708516121
1,finetune_000286_v00,finetune_000286,Ho(CO2)4,i2_uptake_mmol_g,metal_fraction,-0.019974952563643456
1,finetune_000076_v00,finetune_000076,CrH5C8O5,xe_uptake_mmol_g,pore_volume_cm3_g,0.15139125287532806
1,finetune_000076_v00,finetune_000076,CrH5C8O5,xe_uptake_mmol_g,void_fraction,0.017342448234558105
1,finetune_000076_v00,finetune_000076,CrH5C8O5,xe_uptake_mmol_g,gravimetric_surface_area_m2_g,0.2565577030181885
1,finetune_000076_v00,finetune_000076,CrH5C8O5,xe_uptake_mmol_g,volumetric_surface_area_m2_cm3,0.06945452094078064
1,finetune_000076_v00,finetune_000076,CrH5C8O5,xe_uptake_mmol_g,lcd_A,-0.029089055955410004
1,finetune_000076_v00,finetune_000076,CrH5C8O5,xe_uptake_mmol_g,pld_A,-0.057535555213689804
1,finetune_000076_v00,finetune_000076,CrH5C8O5,xe_uptake_mmol_g,density_g_cm3,0.207890585064888
1,finetune_000076_v00,finetune_000076,CrH5C8O5,xe_uptake_mmol_g,nsites,-0.12232784926891327
1,finetune_000076_v00,finetune_000076,CrH5C8O5,xe_uptake_mmol_g,nelements,-0.00377573911100626
1,finetune_000076_v00,finetune_000076,CrH5C8O5,xe_uptake_mmol_g,open_metal_site,0.0
1,finetune_000076_v00,finetune_000076,CrH5C8O5,xe_uptake_mmol_g,has_functional_group,0.002745778765529394
1,finetune_000076_v00,finetune_000076,CrH5C8O5,xe_uptake_mmol_g,mean_electronegativity_diff,-0.0011119904229417443
1,finetune_000076_v00,finetune_000076,CrH5C8O5,xe_uptake_mmol_g,mean_atomic_radius_A,0.04629414901137352
1,finetune_000076_v00,finetune_000076,CrH5C8O5,xe_uptake_mmol_g,mean_atomic_number,-0.06486522406339645
1,finetune_000076_v00,finetune_000076,CrH5C8O5,xe_uptake_mmol_g,metal_fraction,-0.09038751572370529
1,finetune_000076_v00,finetune_000076,CrH5C8O5,kr_uptake_mmol_g,pore_volume_cm3_g,0.15044981241226196
1,finetune_000076_v00,finetune_000076,CrH5C8O5,kr_uptake_mmol_g,void_fraction,0.01774185709655285
1,finetune_000076_v00,finetune_000076,CrH5C8O5,kr_uptake_mmol_g,gravimetric_surface_area_m2_g,0.24743811786174774
1,finetune_000076_v00,finetune_000076,CrH5C8O5,kr_uptake_mmol_g,volumetric_surface_area_m2_cm3,0.07997740060091019
1,finetune_000076_v00,finetune_000076,CrH5C8O5,kr_uptake_mmol_g,lcd_A,-0.03104046732187271
1,finetune_000076_v00,finetune_000076,CrH5C8O5,kr_uptake_mmol_g,pld_A,-0.05791865289211273
1,finetune_000076_v00,finetune_000076,CrH5C8O5,kr_uptake_mmol_g,density_g_cm3,0.21329611539840698
1,finetune_000076_v00,finetune_000076,CrH5C8O5,kr_uptake_mmol_g,nsites,-0.12177595496177673
1,finetune_000076_v00,finetune_000076,CrH5C8O5,kr_uptake_mmol_g,nelements,-0.0045491368509829044
1,finetune_000076_v00,finetune_000076,CrH5C8O5,kr_uptake_mmol_g,open_metal_site,-0.0
1,finetune_000076_v00,finetune_000076,CrH5C8O5,kr_uptake_mmol_g,has_functional_group,-0.011950080282986164
1,finetune_000076_v00,finetune_000076,CrH5C8O5,kr_uptake_mmol_g,mean_electronegativity_diff,-0.005319364834576845
1,finetune_000076_v00,finetune_000076,CrH5C8O5,kr_uptake_mmol_g,mean_atomic_radius_A,0.016825323924422264
1,finetune_000076_v00,finetune_000076,CrH5C8O5,kr_uptake_mmol_g,mean_atomic_number,-0.05912524834275246
1,finetune_000076_v00,finetune_000076,CrH5C8O5,kr_uptake_mmol_g,metal_fraction,-0.0781559869647026
1,finetune_000076_v00,finetune_000076,CrH5C8O5,xe_kr_selectivity,pore_volume_cm3_g,0.02675354853272438
1,finetune_000076_v00,finetune_000076,CrH5C8O5,xe_kr_selectivity,void_fraction,0.00875962432473898
1,finetune_000076_v00,finetune_000076,CrH5C8O5,xe_kr_selectivity,gravimetric_surface_area_m2_g,0.019592992961406708
1,finetune_000076_v00,finetune_000076,CrH5C8O5,xe_kr_selectivity,volumetric_surface_area_m2_cm3,0.05415543541312218
1,finetune_000076_v00,finetune_000076,CrH5C8O5,xe_kr_selectivity,lcd_A,-0.029871689155697823
1,finetune_000076_v00,finetune_000076,CrH5C8O5,xe_kr_selectivity,pld_A,-0.054784663021564484
1,finetune_000076_v00,finetune_000076,CrH5C8O5,xe_kr_selectivity,density_g_cm3,0.05193459987640381
1,finetune_000076_v00,finetune_000076,CrH5C8O5,xe_kr_selectivity,nsites,-0.06226969510316849
1,finetune_000076_v00,finetune_000076,CrH5C8O5,xe_kr_selectivity,nelements,0.0045241801999509335
1,finetune_000076_v00,finetune_000076,CrH5C8O5,xe_kr_selectivity,open_metal_site,0.0
1,finetune_000076_v00,finetune_000076,CrH5C8O5,xe_kr_selectivity,has_functional_group,-0.0065126316621899605
1,finetune_000076_v00,finetune_000076,CrH5C8O5,xe_kr_selectivity,mean_electronegativity_diff,-0.01861412636935711
1,finetune_000076_v00,finetune_000076,CrH5C8O5,xe_kr_selectivity,mean_atomic_radius_A,0.05065350979566574
1,finetune_000076_v00,finetune_000076,CrH5C8O5,xe_kr_selectivity,mean_atomic_number,-0.11268234997987747
1,finetune_000076_v00,finetune_000076,CrH5C8O5,xe_kr_selectivity,metal_fraction,0.03339562937617302
1,finetune_000076_v00,finetune_000076,CrH5C8O5,i2_uptake_mmol_g,pore_volume_cm3_g,0.11966928839683533
1,finetune_000076_v00,finetune_000076,CrH5C8O5,i2_uptake_mmol_g,void_fraction,0.015123792923986912
1,finetune_000076_v00,finetune_000076,CrH5C8O5,i2_uptake_mmol_g,gravimetric_surface_area_m2_g,0.22578571736812592
1,finetune_000076_v00,finetune_000076,CrH5C8O5,i2_uptake_mmol_g,volumetric_surface_area_m2_cm3,0.0751885175704956
1,finetune_000076_v00,finetune_000076,CrH5C8O5,i2_uptake_mmol_g,lcd_A,-0.02399531751871109
1,finetune_000076_v00,finetune_000076,CrH5C8O5,i2_uptake_mmol_g,pld_A,-0.04651786759495735
1,finetune_000076_v00,finetune_000076,CrH5C8O5,i2_uptake_mmol_g,density_g_cm3,0.16438783705234528
1,finetune_000076_v00,finetune_000076,CrH5C8O5,i2_uptake_mmol_g,nsites,-0.12182796001434326
1,finetune_000076_v00,finetune_000076,CrH5C8O5,i2_uptake_mmol_g,nelements,-0.007716789375990629
1,finetune_000076_v00,finetune_000076,CrH5C8O5,i2_uptake_mmol_g,open_metal_site,0.0
1,finetune_000076_v00,finetune_000076,CrH5C8O5,i2_uptake_mmol_g,has_functional_group,-0.1995019167661667
1,finetune_000076_v00,finetune_000076,CrH5C8O5,i2_uptake_mmol_g,mean_electronegativity_diff,0.001538114040158689
1,finetune_000076_v00,finetune_000076,CrH5C8O5,i2_uptake_mmol_g,mean_atomic_radius_A,-0.008336750790476799
1,finetune_000076_v00,finetune_000076,CrH5C8O5,i2_uptake_mmol_g,mean_atomic_number,-0.026148606091737747
1,finetune_000076_v00,finetune_000076,CrH5C8O5,i2_uptake_mmol_g,metal_fraction,-0.07234786450862885
1,finetune_000144_v00,finetune_000144,Ho(CO2)4,xe_uptake_mmol_g,pore_volume_cm3_g,0.0666036382317543
1,finetune_000144_v00,finetune_000144,Ho(CO2)4,xe_uptake_mmol_g,void_fraction,0.16626493632793427
1,finetune_000144_v00,finetune_000144,Ho(CO2)4,xe_uptake_mmol_g,gravimetric_surface_area_m2_g,-0.025509968400001526
1,finetune_000144_v00,finetune_000144,Ho(CO2)4,xe_uptake_mmol_g,volumetric_surface_area_m2_cm3,0.028033096343278885
1,finetune_000144_v00,finetune_000144,Ho(CO2)4,xe_uptake_mmol_g,lcd_A,0.37303948402404785
1,finetune_000144_v00,finetune_000144,Ho(CO2)4,xe_uptake_mmol_g,pld_A,0.35424572229385376
1,finetune_000144_v00,finetune_000144,Ho(CO2)4,xe_uptake_mmol_g,density_g_cm3,-0.12141867727041245
1,finetune_000144_v00,finetune_000144,Ho(CO2)4,xe_uptake_mmol_g,nsites,0.05426166206598282
1,finetune_000144_v00,finetune_000144,Ho(CO2)4,xe_uptake_mmol_g,nelements,0.002438677940517664
1,finetune_000144_v00,finetune_000144,Ho(CO2)4,xe_uptake_mmol_g,open_metal_site,0.0
1,finetune_000144_v00,finetune_000144,Ho(CO2)4,xe_uptake_mmol_g,has_functional_group,0.011211388744413853
1,finetune_000144_v00,finetune_000144,Ho(CO2)4,xe_uptake_mmol_g,mean_electronegativity_diff,0.0001696911349426955
1,finetune_000144_v00,finetune_000144,Ho(CO2)4,xe_uptake_mmol_g,mean_atomic_radius_A,-0.018272744491696358
1,finetune_000144_v00,finetune_000144,Ho(CO2)4,xe_uptake_mmol_g,mean_atomic_number,0.060355473309755325
1,finetune_000144_v00,finetune_000144,Ho(CO2)4,xe_uptake_mmol_g,metal_fraction,-0.020525524392724037
1,finetune_000144_v00,finetune_000144,Ho(CO2)4,kr_uptake_mmol_g,pore_volume_cm3_g,0.06542957574129105
1,finetune_000144_v00,finetune_000144,Ho(CO2)4,kr_uptake_mmol_g,void_fraction,0.1649392694234848
1,finetune_000144_v00,finetune_000144,Ho(CO2)4,kr_uptake_mmol_g,gravimetric_surface_area_m2_g,-0.02447410672903061
1,finetune_000144_v00,finetune_000144,Ho(CO2)4,kr_uptake_mmol_g,volumetric_surface_area_m2_cm3,0.03168646618723869
1,finetune_000144_v00,finetune_000144,Ho(CO2)4,kr_uptake_mmol_g,lcd_A,0.3848034739494324
1,finetune_000144_v00,finetune_000144,Ho(CO2)4,kr_uptake_mmol_g,pld_A,0.3460065424442291
1,finetune_000144_v00,finetune_000144,Ho(CO2)4,kr_uptake_mmol_g,density_g_cm3,-0.12653791904449463
1,finetune_000144_v00,finetune_000144,Ho(CO2)4,kr_uptake_mmol_g,nsites,0.057224202901124954
1,finetune_000144_v00,finetune_000144,Ho(CO2)4,kr_uptake_mmol_g,nelements,-0.011375367641448975
1,finetune_000144_v00,finetune_000144,Ho(CO2)4,kr_uptake_mmol_g,open_metal_site,-0.0
1,finetune_000144_v00,finetune_000144,Ho(CO2)4,kr_uptake_mmol_g,has_functional_group,0.00272310059517622
1,finetune_000144_v00,finetune_000144,Ho(CO2)4,kr_uptake_mmol_g,mean_electronegativity_diff,0.01040571741759777
1,finetune_000144_v00,finetune_000144,Ho(CO2)4,kr_uptake_mmol_g,mean_atomic_radius_A,-0.003223142120987177
1,finetune_000144_v00,finetune_000144,Ho(CO2)4,kr_uptake_mmol_g,mean_atomic_number,0.04685651510953903
1,finetune_000144_v00,finetune_000144,Ho(CO2)4,kr_uptake_mmol_g,metal_fraction,-0.01657799631357193
1,finetune_000144_v00,finetune_000144,Ho(CO2)4,xe_kr_selectivity,pore_volume_cm3_g,0.02357739768922329
1,finetune_000144_v00,finetune_000144,Ho(CO2)4,xe_kr_selectivity,void_fraction,0.11595821380615234
1,finetune_000144_v00,finetune_000144,Ho(CO2)4,xe_kr_selectivity,gravimetric_surface_area_m2_g,-0.006390704307705164
1,finetune_000144_v00,finetune_000144,Ho(CO2)4,xe_kr_selectivity,volumetric_surface_area_m2_cm3,0.030640967190265656
1,finetune_000144_v00,finetune_000144,Ho(CO2)4,xe_kr_selectivity,lcd_A,0.4466244876384735
1,finetune_000144_v00,finetune_000144,Ho(CO2)4,xe_kr_selectivity,pld_A,0.4428626298904419
1,finetune_000144_v00,finetune_000144,Ho(CO2)4,xe_kr_selectivity,density_g_cm3,-0.04933623969554901
1,finetune_000144_v00,finetune_000144,Ho(CO2)4,xe_kr_selectivity,nsites,0.04547364264726639
1,finetune_000144_v00,finetune_000144,Ho(CO2)4,xe_kr_selectivity,nelements,0.04409767687320709
1,finetune_000144_v00,finetune_000144,Ho(CO2)4,xe_kr_selectivity,open_metal_site,0.0
1,finetune_000144_v00,finetune_000144,Ho(CO2)4,xe_kr_selectivity,has_functional_group,-0.03579738736152649
1,finetune_000144_v00,finetune_000144,Ho(CO2)4,xe_kr_selectivity,mean_electronegativity_diff,0.07097019255161285
1,finetune_000144_v00,finetune_000144,Ho(CO2)4,xe_kr_selectivity,mean_atomic_radius_A,-0.016209525987505913
1,finetune_000144_v00,finetune_000144,Ho(CO2)4,xe_kr_selectivity,mean_atomic_number,0.14489732682704926
1,finetune_000144_v00,finetune_000144,Ho(CO2)4,xe_kr_selectivity,metal_fraction,0.003361576935276389
1,finetune_000144_v00,finetune_000144,Ho(CO2)4,i2_uptake_mmol_g,pore_volume_cm3_g,0.0526905432343483
1,finetune_000144_v00,finetune_000144,Ho(CO2)4,i2_uptake_mmol_g,void_fraction,0.17023108899593353
1,finetune_000144_v00,finetune_000144,Ho(CO2)4,i2_uptake_mmol_g,gravimetric_surface_area_m2_g,-0.02332424931228161
1,finetune_000144_v00,finetune_000144,Ho(CO2)4,i2_uptake_mmol_g,volumetric_surface_area_m2_cm3,0.029847098514437675
1,finetune_000144_v00,finetune_000144,Ho(CO2)4,i2_uptake_mmol_g,lcd_A,0.3450000584125519
1,finetune_000144_v00,finetune_000144,Ho(CO2)4,i2_uptake_mmol_g,pld_A,0.3501420021057129
1,finetune_000144_v00,finetune_000144,Ho(CO2)4,i2_uptake_mmol_g,density_g_cm3,-0.1077747568488121
1,finetune_000144_v00,finetune_000144,Ho(CO2)4,i2_uptake_mmol_g,nsites,0.06865639239549637
1,finetune_000144_v00,finetune_000144,Ho(CO2)4,i2_uptake_mmol_g,nelements,-0.06436645984649658
1,finetune_000144_v00,finetune_000144,Ho(CO2)4,i2_uptake_mmol_g,open_metal_site,-0.0
1,finetune_000144_v00,finetune_000144,Ho(CO2)4,i2_uptake_mmol_g,has_functional_group,-0.2856881618499756
1,finetune_000144_v00,finetune_000144,Ho(CO2)4,i2_uptake_mmol_g,mean_electronegativity_diff,-0.010635126382112503
1,finetune_000144_v00,finetune_000144,Ho(CO2)4,i2_uptake_mmol_g,mean_atomic_radius_A,0.006325654219835997
1,finetune_000144_v00,finetune_000144,Ho(CO2)4,i2_uptake_mmol_g,mean_atomic_number,0.03326292708516121
1,finetune_000144_v00,finetune_000144,Ho(CO2)4,i2_uptake_mmol_g,metal_fraction,-0.019974952563643456
1,finetune_000046_v00,finetune_000046,NiH9C11(NO)2,xe_uptake_mmol_g,pore_volume_cm3_g,-0.057437073439359665
1,finetune_000046_v00,finetune_000046,NiH9C11(NO)2,xe_uptake_mmol_g,void_fraction,-0.11491410434246063
1,finetune_000046_v00,finetune_000046,NiH9C11(NO)2,xe_uptake_mmol_g,gravimetric_surface_area_m2_g,0.020807938650250435
1,finetune_000046_v00,finetune_000046,NiH9C11(NO)2,xe_uptake_mmol_g,volumetric_surface_area_m2_cm3,-0.02281319908797741
1,finetune_000046_v00,finetune_000046,NiH9C11(NO)2,xe_uptake_mmol_g,lcd_A,-0.054689910262823105
1,finetune_000046_v00,finetune_000046,NiH9C11(NO)2,xe_uptake_mmol_g,pld_A,-0.085938960313797
1,finetune_000046_v00,finetune_000046,NiH9C11(NO)2,xe_uptake_mmol_g,density_g_cm3,0.16756503283977509
1,finetune_000046_v00,finetune_000046,NiH9C11(NO)2,xe_uptake_mmol_g,nsites,0.02625986374914646
1,finetune_000046_v00,finetune_000046,NiH9C11(NO)2,xe_uptake_mmol_g,nelements,0.00842526275664568
1,finetune_000046_v00,finetune_000046,NiH9C11(NO)2,xe_uptake_mmol_g,open_metal_site,0.0
1,finetune_000046_v00,finetune_000046,NiH9C11(NO)2,xe_uptake_mmol_g,has_functional_group,0.003774502547457814
1,finetune_000046_v00,finetune_000046,NiH9C11(NO)2,xe_uptake_mmol_g,mean_electronegativity_diff,0.00326741486787796
1,finetune_000046_v00,finetune_000046,NiH9C11(NO)2,xe_uptake_mmol_g,mean_atomic_radius_A,0.06819578260183334
1,finetune_000046_v00,finetune_000046,NiH9C11(NO)2,xe_uptake_mmol_g,mean_atomic_number,-0.08984651416540146
1,finetune_000046_v00,finetune_000046,NiH9C11(NO)2,xe_uptake_mmol_g,metal_fraction,-0.11116975545883179
1,finetune_000046_v00,finetune_000046,NiH9C11(NO)2,kr_uptake_mmol_g,pore_volume_cm3_g,-0.056302402168512344
1,finetune_000046_v00,finetune_000046,NiH9C11(NO)2,kr_uptake_mmol_g,void_fraction,-0.12011517584323883
1,finetune_000046_v00,finetune_000046,NiH9C11(NO)2,kr_uptake_mmol_g,gravimetric_surface_area_m2_g,0.019498465582728386
1,finetune_000046_v00,finetune_000046,NiH9C11(NO)2,kr_uptake_mmol_g,volumetric_surface_area_m2_cm3,-0.024045515805482864
1,finetune_000046_v00,finetune_000046,NiH9C11(NO)2,kr_uptake_mmol_g,lcd_A,-0.05996473878622055
1,finetune_000046_v00,finetune_000046,NiH9C11(NO)2,kr_uptake_mmol_g,pld_A,-0.08683477342128754
1,finetune_000046_v00,finetune_000046,NiH9C11(NO)2,kr_uptake_mmol_g,density_g_cm3,0.171709343791008
1,finetune_000046_v00,finetune_000046,NiH9C11(NO)2,kr_uptake_mmol_g,nsites,0.026015209034085274
1,finetune_000046_v00,finetune_000046,NiH9C11(NO)2,kr_uptake_mmol_g,nelements,0.013457692228257656
1,finetune_000046_v00,finetune_000046,NiH9C11(NO)2,kr_uptake_mmol_g,open_metal_site,0.0
1,finetune_000046_v00,finetune_000046,NiH9C11(NO)2,kr_uptake_mmol_g,has_functional_group,-0.00960970763117075
1,finetune_000046_v00,finetune_000046,NiH9C11(NO)2,kr_uptake_mmol_g,mean_electronegativity_diff,-0.007976977154612541
1,finetune_000046_v00,finetune_000046,NiH9C11(NO)2,kr_uptake_mmol_g,mean_atomic_radius_A,0.03543704003095627
1,finetune_000046_v00,finetune_000046,NiH9C11(NO)2,kr_uptake_mmol_g,mean_atomic_number,-0.07482356578111649
1,finetune_000046_v00,finetune_000046,NiH9C11(NO)2,kr_uptake_mmol_g,metal_fraction,-0.08903378248214722
1,finetune_000046_v00,finetune_000046,NiH9C11(NO)2,xe_kr_selectivity,pore_volume_cm3_g,-0.01490941271185875
1,finetune_000046_v00,finetune_000046,NiH9C11(NO)2,xe_kr_selectivity,void_fraction,-0.07694453746080399
1,finetune_000046_v00,finetune_000046,NiH9C11(NO)2,xe_kr_selectivity,gravimetric_surface_area_m2_g,0.0033249380066990852
1,finetune_000046_v00,finetune_000046,NiH9C11(NO)2,xe_kr_selectivity,volumetric_surface_area_m2_cm3,-0.01787451282143593
1,finetune_000046_v00,finetune_000046,NiH9C11(NO)2,xe_kr_selectivity,lcd_A,-0.06390799582004547
1,finetune_000046_v00,finetune_000046,NiH9C11(NO)2,xe_kr_selectivity,pld_A,-0.08772817999124527
1,finetune_000046_v00,finetune_000046,NiH9C11(NO)2,xe_kr_selectivity,density_g_cm3,0.055058881640434265
1,finetune_000046_v00,finetune_000046,NiH9C11(NO)2,xe_kr_selectivity,nsites,0.016603440046310425
1,finetune_000046_v00,finetune_000046,NiH9C11(NO)2,xe_kr_selectivity,nelements,-0.021148376166820526
1,finetune_000046_v00,finetune_000046,NiH9C11(NO)2,xe_kr_selectivity,open_metal_site,0.0
1,finetune_000046_v00,finetune_000046,NiH9C11(NO)2,xe_kr_selectivity,has_functional_group,-0.005631415173411369
1,finetune_000046_v00,finetune_000046,NiH9C11(NO)2,xe_kr_selectivity,mean_electronegativity_diff,-0.037548892199993134
1,finetune_000046_v00,finetune_000046,NiH9C11(NO)2,xe_kr_selectivity,mean_atomic_radius_A,0.09693943709135056
1,finetune_000046_v00,finetune_000046,NiH9C11(NO)2,xe_kr_selectivity,mean_atomic_number,-0.12047871202230453
1,finetune_000046_v00,finetune_000046,NiH9C11(NO)2,xe_kr_selectivity,metal_fraction,0.042104944586753845
1,finetune_000046_v00,finetune_000046,NiH9C11(NO)2,i2_uptake_mmol_g,pore_volume_cm3_g,-0.046534694731235504
1,finetune_000046_v00,finetune_000046,NiH9C11(NO)2,i2_uptake_mmol_g,void_fraction,-0.1015288233757019
1,finetune_000046_v00,finetune_000046,NiH9C11(NO)2,i2_uptake_mmol_g,gravimetric_surface_area_m2_g,0.019024763256311417
1,finetune_000046_v00,finetune_000046,NiH9C11(NO)2,i2_uptake_mmol_g,volumetric_surface_area_m2_cm3,-0.022774968296289444
1,finetune_000046_v00,finetune_000046,NiH9C11(NO)2,i2_uptake_mmol_g,lcd_A,-0.04483436793088913
1,finetune_000046_v00,finetune_000046,NiH9C11(NO)2,i2_uptake_mmol_g,pld_A,-0.06977265328168869
1,finetune_000046_v00,finetune_000046,NiH9C11(NO)2,i2_uptake_mmol_g,density_g_cm3,0.1270100623369217
1,finetune_000046_v00,finetune_000046,NiH9C11(NO)2,i2_uptake_mmol_g,nsites,0.02652248926460743
1,finetune_000046_v00,finetune_000046,NiH9C11(NO)2,i2_uptake_mmol_g,nelements,0.029454844072461128
1,finetune_000046_v00,finetune_000046,NiH9C11(NO)2,i2_uptake_mmol_g,open_metal_site,0.0
1,finetune_000046_v00,finetune_000046,NiH9C11(NO)2,i2_uptake_mmol_g,has_functional_group,-0.16995227336883545
1,finetune_000046_v00,finetune_000046,NiH9C11(NO)2,i2_uptake_mmol_g,mean_electronegativity_diff,0.00852985680103302
1,finetune_000046_v00,finetune_000046,NiH9C11(NO)2,i2_uptake_mmol_g,mean_atomic_radius_A,0.0025376398116350174
1,finetune_000046_v00,finetune_000046,NiH9C11(NO)2,i2_uptake_mmol_g,mean_atomic_number,-0.039583124220371246
1,finetune_000046_v00,finetune_000046,NiH9C11(NO)2,i2_uptake_mmol_g,metal_fraction,-0.09475027769804001
1,finetune_000157_v00,finetune_000157,CoHC4O3,xe_uptake_mmol_g,pore_volume_cm3_g,0.2549671530723572
1,finetune_000157_v00,finetune_000157,CoHC4O3,xe_uptake_mmol_g,void_fraction,0.15410491824150085
1,finetune_000157_v00,finetune_000157,CoHC4O3,xe_uptake_mmol_g,gravimetric_surface_area_m2_g,0.0852031484246254
1,finetune_000157_v00,finetune_000157,CoHC4O3,xe_uptake_mmol_g,volumetric_surface_area_m2_cm3,0.02275034412741661
1,finetune_000157_v00,finetune_000157,CoHC4O3,xe_uptake_mmol_g,lcd_A,0.04898412898182869
1,finetune_000157_v00,finetune_000157,CoHC4O3,xe_uptake_mmol_g,pld_A,0.026165073737502098
1,finetune_000157_v00,finetune_000157,CoHC4O3,xe_uptake_mmol_g,density_g_cm3,0.15056383609771729
1,finetune_000157_v00,finetune_000157,CoHC4O3,xe_uptake_mmol_g,nsites,0.08533964306116104
1,finetune_000157_v00,finetune_000157,CoHC4O3,xe_uptake_mmol_g,nelements,-0.0009456716943532228
1,finetune_000157_v00,finetune_000157,CoHC4O3,xe_uptake_mmol_g,open_metal_site,0.0
1,finetune_000157_v00,finetune_000157,CoHC4O3,xe_uptake_mmol_g,has_functional_group,-0.0029305829666554928
1,finetune_000157_v00,finetune_000157,CoHC4O3,xe_uptake_mmol_g,mean_electronegativity_diff,-0.001038288464769721
1,finetune_000157_v00,finetune_000157,CoHC4O3,xe_uptake_mmol_g,mean_atomic_radius_A,-0.0032486747950315475
1,finetune_000157_v00,finetune_000157,CoHC4O3,xe_uptake_mmol_g,mean_atomic_number,-0.01568288914859295
1,finetune_000157_v00,finetune_000157,CoHC4O3,xe_uptake_mmol_g,metal_fraction,0.07593448460102081
1,finetune_000157_v00,finetune_000157,CoHC4O3,kr_uptake_mmol_g,pore_volume_cm3_g,0.2581057846546173
1,finetune_000157_v00,finetune_000157,CoHC4O3,kr_uptake_mmol_g,void_fraction,0.15648730099201202
1,finetune_000157_v00,finetune_000157,CoHC4O3,kr_uptake_mmol_g,gravimetric_surface_area_m2_g,0.08304813504219055
1,finetune_000157_v00,finetune_000157,CoHC4O3,kr_uptake_mmol_g,volumetric_surface_area_m2_cm3,0.026242433115839958
1,finetune_000157_v00,finetune_000157,CoHC4O3,kr_uptake_mmol_g,lcd_A,0.052767351269721985
1,finetune_000157_v00,finetune_000157,CoHC4O3,kr_uptake_mmol_g,pld_A,0.026517296209931374
1,finetune_000157_v00,finetune_000157,CoHC4O3,kr_uptake_mmol_g,density_g_cm3,0.15669918060302734
1,finetune_000157_v00,finetune_000157,CoHC4O3,kr_uptake_mmol_g,nsites,0.0890868604183197
1,finetune_000157_v00,finetune_000157,CoHC4O3,kr_uptake_mmol_g,nelements,-0.002261694520711899
1,finetune_000157_v00,finetune_000157,CoHC4O3,kr_uptake_mmol_g,open_metal_site,-0.0
1,finetune_000157_v00,finetune_000157,CoHC4O3,kr_uptake_mmol_g,has_functional_group,-0.01729002594947815
1,finetune_000157_v00,finetune_000157,CoHC4O3,kr_uptake_mmol_g,mean_electronegativity_diff,-0.007924572564661503
1,finetune_000157_v00,finetune_000157,CoHC4O3,kr_uptake_mmol_g,mean_atomic_radius_A,-0.0012042189482599497
1,finetune_000157_v00,finetune_000157,CoHC4O3,kr_uptake_mmol_g,mean_atomic_number,-0.013461251743137836
1,finetune_000157_v00,finetune_000157,CoHC4O3,kr_uptake_mmol_g,metal_fraction,0.06631585955619812
1,finetune_000157_v00,finetune_000157,CoHC4O3,xe_kr_selectivity,pore_volume_cm3_g,0.055235717445611954
1,finetune_000157_v00,finetune_000157,CoHC4O3,xe_kr_selectivity,void_fraction,0.08110760152339935
1,finetune_000157_v00,finetune_000157,CoHC4O3,xe_kr_selectivity,gravimetric_surface_area_m2_g,0.01247421558946371
1,finetune_000157_v00,finetune_000157,CoHC4O3,xe_kr_selectivity,volumetric_surface_area_m2_cm3,0.019498735666275024
1,finetune_000157_v00,finetune_000157,CoHC4O3,xe_kr_selectivity,lcd_A,0.052715595811605453
1,finetune_000157_v00,finetune_000157,CoHC4O3,xe_kr_selectivity,pld_A,0.02779686264693737
1,finetune_000157_v00,finetune_000157,CoHC4O3,xe_kr_selectivity,density_g_cm3,0.039045900106430054
1,finetune_000157_v00,finetune_000157,CoHC4O3,xe_kr_selectivity,nsites,0.05133574455976486
1,finetune_000157_v00,finetune_000157,CoHC4O3,xe_kr_selectivity,nelements,0.005879192613065243
1,finetune_000157_v00,finetune_000157,CoHC4O3,xe_kr_selectivity,open_metal_site,0.0
1,finetune_000157_v00,finetune_000157,CoHC4O3,xe_kr_selectivity,has_functional_group,-0.026620181277394295
1,finetune_000157_v00,finetune_000157,CoHC4O3,xe_kr_selectivity,mean_electronegativity_diff,-0.04590625315904617
1,finetune_000157_v00,finetune_000157,CoHC4O3,xe_kr_selectivity,mean_atomic_radius_A,-0.0029042779933661222
1,finetune_000157_v00,finetune_000157,CoHC4O3,xe_kr_selectivity,mean_atomic_number,-0.030413886532187462
1,finetune_000157_v00,finetune_000157,CoHC4O3,xe_kr_selectivity,metal_fraction,-0.028667813166975975
1,finetune_000157_v00,finetune_000157,CoHC4O3,i2_uptake_mmol_g,pore_volume_cm3_g,0.2139025777578354
1,finetune_000157_v00,finetune_000157,CoHC4O3,i2_uptake_mmol_g,void_fraction,0.14859145879745483
1,finetune_000157_v00,finetune_000157,CoHC4O3,i2_uptake_mmol_g,gravimetric_surface_area_m2_g,0.07740221172571182
1,finetune_000157_v00,finetune_000157,CoHC4O3,i2_uptake_mmol_g,volumetric_surface_area_m2_cm3,0.023619774729013443
1,finetune_000157_v00,finetune_000157,CoHC4O3,i2_uptake_mmol_g,lcd_A,0.04646962881088257
1,finetune_000157_v00,finetune_000157,CoHC4O3,i2_uptake_mmol_g,pld_A,0.025286590680480003
1,finetune_000157_v00,finetune_000157,CoHC4O3,i2_uptake_mmol_g,density_g_cm3,0.1290457397699356
1,finetune_000157_v00,finetune_000157,CoHC4O3,i2_uptake_mmol_g,nsites,0.10177768021821976
1,finetune_000157_v00,finetune_000157,CoHC4O3,i2_uptake_mmol_g,nelements,-0.007948052138090134
1,finetune_000157_v00,finetune_000157,CoHC4O3,i2_uptake_mmol_g,open_metal_site,0.0
1,finetune_000157_v00,finetune_000157,CoHC4O3,i2_uptake_mmol_g,has_functional_group,-0.2648426294326782
1,finetune_000157_v00,finetune_000157,CoHC4O3,i2_uptake_mmol_g,mean_electronegativity_diff,0.005905316211283207
1,finetune_000157_v00,finetune_000157,CoHC4O3,i2_uptake_mmol_g,mean_atomic_radius_A,0.0005915461806580424
1,finetune_000157_v00,finetune_000157,CoHC4O3,i2_uptake_mmol_g,mean_atomic_number,-0.006691016722470522
1,finetune_000157_v00,finetune_000157,CoHC4O3,i2_uptake_mmol_g,metal_fraction,0.0717543363571167
2,finetune_000006_v00,finetune_000006,Ho(CO2)4,xe_uptake_mmol_g,pore_volume_cm3_g,0.05592009797692299
2,finetune_000006_v00,finetune_000006,Ho(CO2)4,xe_uptake_mmol_g,void_fraction,0.19343534111976624
2,finetune_000006_v00,finetune_000006,Ho(CO2)4,xe_uptake_mmol_g,gravimetric_surface_area_m2_g,-0.025804759934544563
2,finetune_000006_v00,finetune_000006,Ho(CO2)4,xe_uptake_mmol_g,volumetric_surface_area_m2_cm3,0.03080570697784424
2,finetune_000006_v00,finetune_000006,Ho(CO2)4,xe_uptake_mmol_g,lcd_A,0.28431835770606995
2,finetune_000006_v00,finetune_000006,Ho(CO2)4,xe_uptake_mmol_g,pld_A,0.3797999322414398
2,finetune_000006_v00,finetune_000006,Ho(CO2)4,xe_uptake_mmol_g,density_g_cm3,-0.08932723850011826
2,finetune_000006_v00,finetune_000006,Ho(CO2)4,xe_uptake_mmol_g,nsites,0.050746772438287735
2,finetune_000006_v00,finetune_000006,Ho(CO2)4,xe_uptake_mmol_g,nelements,-0.007273677736520767
2,finetune_000006_v00,finetune_000006,Ho(CO2)4,xe_uptake_mmol_g,open_metal_site,-0.0
2,finetune_000006_v00,finetune_000006,Ho(CO2)4,xe_uptake_mmol_g,has_functional_group,-0.0005694070132449269
2,finetune_000006_v00,finetune_000006,Ho(CO2)4,xe_uptake_mmol_g,mean_electronegativity_diff,-0.009864511899650097
2,finetune_000006_v00,finetune_000006,Ho(CO2)4,xe_uptake_mmol_g,mean_atomic_radius_A,-0.007521039340645075
2,finetune_000006_v00,finetune_000006,Ho(CO2)4,xe_uptake_mmol_g,mean_atomic_number,-0.005055186804383993
2,finetune_000006_v00,finetune_000006,Ho(CO2)4,xe_uptake_mmol_g,metal_fraction,-0.007831071503460407
2,finetune_000006_v00,finetune_000006,Ho(CO2)4,kr_uptake_mmol_g,pore_volume_cm3_g,0.06062280386686325
2,finetune_000006_v00,finetune_000006,Ho(CO2)4,kr_uptake_mmol_g,void_fraction,0.19392554461956024
2,finetune_000006_v00,finetune_000006,Ho(CO2)4,kr_uptake_mmol_g,gravimetric_surface_area_m2_g,-0.025803102180361748
2,finetune_000006_v00,finetune_000006,Ho(CO2)4,kr_uptake_mmol_g,volumetric_surface_area_m2_cm3,0.027090229094028473
2,finetune_000006_v00,finetune_000006,Ho(CO2)4,kr_uptake_mmol_g,lcd_A,0.27195078134536743
2,finetune_000006_v00,finetune_000006,Ho(CO2)4,kr_uptake_mmol_g,pld_A,0.37077245116233826
2,finetune_000006_v00,finetune_000006,Ho(CO2)4,kr_uptake_mmol_g,density_g_cm3,-0.10088265687227249
2,finetune_000006_v00,finetune_000006,Ho(CO2)4,kr_uptake_mmol_g,nsites,0.04793689772486687
2,finetune_000006_v00,finetune_000006,Ho(CO2)4,kr_uptake_mmol_g,nelements,-0.0065337964333593845
2,finetune_000006_v00,finetune_000006,Ho(CO2)4,kr_uptake_mmol_g,open_metal_site,-0.0
2,finetune_000006_v00,finetune_000006,Ho(CO2)4,kr_uptake_mmol_g,has_functional_group,0.007694951258599758
2,finetune_000006_v00,finetune_000006,Ho(CO2)4,kr_uptake_mmol_g,mean_electronegativity_diff,-0.014727968722581863
2,finetune_000006_v00,finetune_000006,Ho(CO2)4,kr_uptake_mmol_g,mean_atomic_radius_A,-0.005631719715893269
2,finetune_000006_v00,finetune_000006,Ho(CO2)4,kr_uptake_mmol_g,mean_atomic_number,-0.02756551466882229
2,finetune_000006_v00,finetune_000006,Ho(CO2)4,kr_uptake_mmol_g,metal_fraction,-0.004189428873360157
2,finetune_000006_v00,finetune_000006,Ho(CO2)4,xe_kr_selectivity,pore_volume_cm3_g,0.021880175918340683
2,finetune_000006_v00,finetune_000006,Ho(CO2)4,xe_kr_selectivity,void_fraction,0.13377034664154053
2,finetune_000006_v00,finetune_000006,Ho(CO2)4,xe_kr_selectivity,gravimetric_surface_area_m2_g,-0.011063420213758945
2,finetune_000006_v00,finetune_000006,Ho(CO2)4,xe_kr_selectivity,volumetric_surface_area_m2_cm3,0.023361682891845703
2,finetune_000006_v00,finetune_000006,Ho(CO2)4,xe_kr_selectivity,lcd_A,0.363228976726532
2,finetune_000006_v00,finetune_000006,Ho(CO2)4,xe_kr_selectivity,pld_A,0.41326016187667847
2,finetune_000006_v00,finetune_000006,Ho(CO2)4,xe_kr_selectivity,density_g_cm3,0.012944448739290237
2,finetune_000006_v00,finetune_000006,Ho(CO2)4,xe_kr_selectivity,nsites,0.06432095170021057
2,finetune_000006_v00,finetune_000006,Ho(CO2)4,xe_kr_selectivity,nelements,0.055532101541757584
2,finetune_000006_v00,finetune_000006,Ho(CO2)4,xe_kr_selectivity,open_metal_site,-0.0
2,finetune_000006_v00,finetune_000006,Ho(CO2)4,xe_kr_selectivity,has_functional_group,-0.02194543369114399
2,finetune_000006_v00,finetune_000006,Ho(CO2)4,xe_kr_selectivity,mean_electronegativity_diff,0.06931489706039429
2,finetune_000006_v00,finetune_000006,Ho(CO2)4,xe_kr_selectivity,mean_atomic_radius_A,0.0017461315728724003
2,finetune_000006_v00,finetune_000006,Ho(CO2)4,xe_kr_selectivity,mean_atomic_number,0.09534374624490738
2,finetune_000006_v00,finetune_000006,Ho(CO2)4,xe_kr_selectivity,metal_fraction,0.005432643461972475
2,finetune_000006_v00,finetune_000006,Ho(CO2)4,i2_uptake_mmol_g,pore_volume_cm3_g,0.05189300328493118
2,finetune_000006_v00,finetune_000006,Ho(CO2)4,i2_uptake_mmol_g,void_fraction,0.19007433950901031
2,finetune_000006_v00,finetune_000006,Ho(CO2)4,i2_uptake_mmol_g,gravimetric_surface_area_m2_g,-0.021407639607787132
2,finetune_000006_v00,finetune_000006,Ho(CO2)4,i2_uptake_mmol_g,volumetric_surface_area_m2_cm3,0.028563188388943672
2,finetune_000006_v00,finetune_000006,Ho(CO2)4,i2_uptake_mmol_g,lcd_A,0.23756997287273407
2,finetune_000006_v00,finetune_000006,Ho(CO2)4,i2_uptake_mmol_g,pld_A,0.3704076111316681
2,finetune_000006_v00,finetune_000006,Ho(CO2)4,i2_uptake_mmol_g,density_g_cm3,-0.0813809409737587
2,finetune_000006_v00,finetune_000006,Ho(CO2)4,i2_uptake_mmol_g,nsites,0.05208224058151245
2,finetune_000006_v00,finetune_000006,Ho(CO2)4,i2_uptake_mmol_g,nelements,-0.05267846956849098
2,finetune_000006_v00,finetune_000006,Ho(CO2)4,i2_uptake_mmol_g,open_metal_site,-0.0
2,finetune_000006_v00,finetune_000006,Ho(CO2)4,i2_uptake_mmol_g,has_functional_group,-0.2579582631587982
2,finetune_000006_v00,finetune_000006,Ho(CO2)4,i2_uptake_mmol_g,mean_electronegativity_diff,-0.02168363332748413
2,finetune_000006_v00,finetune_000006,Ho(CO2)4,i2_uptake_mmol_g,mean_atomic_radius_A,-0.007265773601830006
2,finetune_000006_v00,finetune_000006,Ho(CO2)4,i2_uptake_mmol_g,mean_atomic_number,-0.016414176672697067
2,finetune_000006_v00,finetune_000006,Ho(CO2)4,i2_uptake_mmol_g,metal_fraction,-0.005363173317164183
2,finetune_000019_v00,finetune_000019,CoHC4O3,xe_uptake_mmol_g,pore_volume_cm3_g,0.22328141331672668
2,finetune_000019_v00,finetune_000019,CoHC4O3,xe_uptake_mmol_g,void_fraction,0.16422852873802185
2,finetune_000019_v00,finetune_000019,CoHC4O3,xe_uptake_mmol_g,gravimetric_surface_area_m2_g,0.07192642241716385
2,finetune_000019_v00,finetune_000019,CoHC4O3,xe_uptake_mmol_g,volumetric_surface_area_m2_cm3,0.023294886574149132
2,finetune_000019_v00,finetune_000019,CoHC4O3,xe_uptake_mmol_g,lcd_A,0.03948787599802017
2,finetune_000019_v00,finetune_000019,CoHC4O3,xe_uptake_mmol_g,pld_A,0.02621361054480076
2,finetune_000019_v00,finetune_000019,CoHC4O3,xe_uptake_mmol_g,density_g_cm3,0.11849438399076462
2,finetune_000019_v00,finetune_000019,CoHC4O3,xe_uptake_mmol_g,nsites,0.08450876921415329
2,finetune_000019_v00,finetune_000019,CoHC4O3,xe_uptake_mmol_g,nelements,-0.002562725218012929
2,finetune_000019_v00,finetune_000019,CoHC4O3,xe_uptake_mmol_g,open_metal_site,-0.0
2,finetune_000019_v00,finetune_000019,CoHC4O3,xe_uptake_mmol_g,has_functional_group,0.0018894195090979338
2,finetune_000019_v00,finetune_000019,CoHC4O3,xe_uptake_mmol_g,mean_electronegativity_diff,-0.001726754941046238
2,finetune_000019_v00,finetune_000019,CoHC4O3,xe_uptake_mmol_g,mean_atomic_radius_A,-0.0021240240894258022
2,finetune_000019_v00,finetune_000019,CoHC4O3,xe_uptake_mmol_g,mean_atomic_number,7.4948271503672e-05
2,finetune_000019_v00,finetune_000019,CoHC4O3,xe_uptake_mmol_g,metal_fraction,0.06231105327606201
2,finetune_000019_v00,finetune_000019,CoHC4O3,kr_uptake_mmol_g,pore_volume_cm3_g,0.2406933754682541
2,finetune_000019_v00,finetune_000019,CoHC4O3,kr_uptake_mmol_g,void_fraction,0.1699284166097641
2,finetune_000019_v00,finetune_000019,CoHC4O3,kr_uptake_mmol_g,gravimetric_surface_area_m2_g,0.07349587976932526
2,finetune_000019_v00,finetune_000019,CoHC4O3,kr_uptake_mmol_g,volumetric_surface_area_m2_cm3,0.021085070446133614
2,finetune_000019_v00,finetune_000019,CoHC4O3,kr_uptake_mmol_g,lcd_A,0.04124584048986435
2,finetune_000019_v00,finetune_000019,CoHC4O3,kr_uptake_mmol_g,pld_A,0.02751179225742817
2,finetune_000019_v00,finetune_000019,CoHC4O3,kr_uptake_mmol_g,density_g_cm3,0.12977318465709686
2,finetune_000019_v00,finetune_000019,CoHC4O3,kr_uptake_mmol_g,nsites,0.08519366383552551
2,finetune_000019_v00,finetune_000019,CoHC4O3,kr_uptake_mmol_g,nelements,-0.001837958232499659
2,finetune_000019_v00,finetune_000019,CoHC4O3,kr_uptake_mmol_g,open_metal_site,-0.0
2,finetune_000019_v00,finetune_000019,CoHC4O3,kr_uptake_mmol_g,has_functional_group,0.008452162146568298
2,finetune_000019_v00,finetune_000019,CoHC4O3,kr_uptake_mmol_g,mean_electronegativity_diff,-0.0005605098558589816
2,finetune_000019_v00,finetune_000019,CoHC4O3,kr_uptake_mmol_g,mean_atomic_radius_A,-0.0007793697295710444
2,finetune_000019_v00,finetune_000019,CoHC4O3,kr_uptake_mmol_g,mean_atomic_number,0.0019158603390678763
2,finetune_000019_v00,finetune_000019,CoHC4O3,kr_uptake_mmol_g,metal_fraction,0.02799823507666588
2,finetune_000019_v00,finetune_000019,CoHC4O3,xe_kr_selectivity,pore_volume_cm3_g,0.06541834771633148
2,finetune_000019_v00,finetune_000019,CoHC4O3,xe_kr_selectivity,void_fraction,0.09223366528749466
2,finetune_000019_v00,finetune_000019,CoHC4O3,xe_kr_selectivity,gravimetric_surface_area_m2_g,0.02610359713435173
2,finetune_000019_v00,finetune_000019,CoHC4O3,xe_kr_selectivity,volumetric_surface_area_m2_cm3,0.012563108466565609
2,finetune_000019_v00,finetune_000019,CoHC4O3,xe_kr_selectivity,lcd_A,0.0441342256963253
2,finetune_000019_v00,finetune_000019,CoHC4O3,xe_kr_selectivity,pld_A,0.025285758078098297
2,finetune_000019_v00,finetune_000019,CoHC4O3,xe_kr_selectivity,density_g_cm3,-0.020741239190101624
2,finetune_000019_v00,finetune_000019,CoHC4O3,xe_kr_selectivity,nsites,0.07374352961778641
2,finetune_000019_v00,finetune_000019,CoHC4O3,xe_kr_selectivity,nelements,0.010828444734215736
2,finetune_000019_v00,finetune_000019,CoHC4O3,xe_kr_selectivity,open_metal_site,-0.0
2,finetune_000019_v00,finetune_000019,CoHC4O3,xe_kr_selectivity,has_functional_group,-0.010239874012768269
2,finetune_000019_v00,finetune_000019,CoHC4O3,xe_kr_selectivity,mean_electronegativity_diff,-0.051826197654008865
2,finetune_000019_v00,finetune_000019,CoHC4O3,xe_kr_selectivity,mean_atomic_radius_A,-0.005563379265367985
2,finetune_000019_v00,finetune_000019,CoHC4O3,xe_kr_selectivity,mean_atomic_number,-0.01461454015225172
2,finetune_000019_v00,finetune_000019,CoHC4O3,xe_kr_selectivity,metal_fraction,-0.0643942803144455
2,finetune_000019_v00,finetune_000019,CoHC4O3,i2_uptake_mmol_g,pore_volume_cm3_g,0.20407035946846008
2,finetune_000019_v00,finetune_000019,CoHC4O3,i2_uptake_mmol_g,void_fraction,0.1643618792295456
2,finetune_000019_v00,finetune_000019,CoHC4O3,i2_uptake_mmol_g,gravimetric_surface_area_m2_g,0.062268320471048355
2,finetune_000019_v00,finetune_000019,CoHC4O3,i2_uptake_mmol_g,volumetric_surface_area_m2_cm3,0.022343609482049942
2,finetune_000019_v00,finetune_000019,CoHC4O3,i2_uptake_mmol_g,lcd_A,0.03439446911215782
2,finetune_000019_v00,finetune_000019,CoHC4O3,i2_uptake_mmol_g,pld_A,0.026015687733888626
2,finetune_000019_v00,finetune_000019,CoHC4O3,i2_uptake_mmol_g,density_g_cm3,0.10765544325113297
2,finetune_000019_v00,finetune_000019,CoHC4O3,i2_uptake_mmol_g,nsites,0.08479692786931992
2,finetune_000019_v00,finetune_000019,CoHC4O3,i2_uptake_mmol_g,nelements,-0.01180427148938179
2,finetune_000019_v00,finetune_000019,CoHC4O3,i2_uptake_mmol_g,open_metal_site,-0.0
2,finetune_000019_v00,finetune_000019,CoHC4O3,i2_uptake_mmol_g,has_functional_group,-0.25719767808914185
2,finetune_000019_v00,finetune_000019,CoHC4O3,i2_uptake_mmol_g,mean_electronegativity_diff,0.007313176989555359
2,finetune_000019_v00,finetune_000019,CoHC4O3,i2_uptake_mmol_g,mean_atomic_radius_A,-0.0018584862118586898
2,finetune_000019_v00,finetune_000019,CoHC4O3,i2_uptake_mmol_g,mean_atomic_number,0.0037287792656570673
2,finetune_000019_v00,finetune_000019,CoHC4O3,i2_uptake_mmol_g,metal_fraction,0.03938816487789154
2,finetune_000173_v00,finetune_000173,ErH4(CO2)4,xe_uptake_mmol_g,pore_volume_cm3_g,-0.16392256319522858
2,finetune_000173_v00,finetune_000173,ErH4(CO2)4,xe_uptake_mmol_g,void_fraction,-0.1582345962524414
2,finetune_000173_v00,finetune_000173,ErH4(CO2)4,xe_uptake_mmol_g,gravimetric_surface_area_m2_g,-0.08608978241682053
2,finetune_000173_v00,finetune_000173,ErH4(CO2)4,xe_uptake_mmol_g,volumetric_surface_area_m2_cm3,-0.05495568364858627
2,finetune_000173_v00,finetune_000173,ErH4(CO2)4,xe_uptake_mmol_g,lcd_A,-0.13132131099700928
2,finetune_000173_v00,finetune_000173,ErH4(CO2)4,xe_uptake_mmol_g,pld_A,-0.12481387704610825
2,finetune_000173_v00,finetune_000173,ErH4(CO2)4,xe_uptake_mmol_g,density_g_cm3,-0.11233635246753693
2,finetune_000173_v00,finetune_000173,ErH4(CO2)4,xe_uptake_mmol_g,nsites,-0.054909929633140564
2,finetune_000173_v00,finetune_000173,ErH4(CO2)4,xe_uptake_mmol_g,nelements,-0.0012176105519756675
2,finetune_000173_v00,finetune_000173,ErH4(CO2)4,xe_uptake_mmol_g,open_metal_site,-0.0
2,finetune_000173_v00,finetune_000173,ErH4(CO2)4,xe_uptake_mmol_g,has_functional_group,0.010835079476237297
2,finetune_000173_v00,finetune_000173,ErH4(CO2)4,xe_uptake_mmol_g,mean_electronegativity_diff,-0.009784805588424206
2,finetune_000173_v00,finetune_000173,ErH4(CO2)4,xe_uptake_mmol_g,mean_atomic_radius_A,0.006278985645622015
2,finetune_000173_v00,finetune_000173,ErH4(CO2)4,xe_uptake_mmol_g,mean_atomic_number,0.0006866894545964897
2,finetune_000173_v00,finetune_000173,ErH4(CO2)4,xe_uptake_mmol_g,metal_fraction,-0.024138906970620155
2,finetune_000173_v00,finetune_000173,ErH4(CO2)4,kr_uptake_mmol_g,pore_volume_cm3_g,-0.18058867752552032
2,finetune_000173_v00,finetune_000173,ErH4(CO2)4,kr_uptake_mmol_g,void_fraction,-0.16483934223651886
2,finetune_000173_v00,finetune_000173,ErH4(CO2)4,kr_uptake_mmol_g,gravimetric_surface_area_m2_g,-0.07900449633598328
2,finetune_000173_v00,finetune_000173,ErH4(CO2)4,kr_uptake_mmol_g,volumetric_surface_area_m2_cm3,-0.04598274827003479
2,finetune_000173_v00,finetune_000173,ErH4(CO2)4,kr_uptake_mmol_g,lcd_A,-0.1297398805618286
2,finetune_000173_v00,finetune_000173,ErH4(CO2)4,kr_uptake_mmol_g,pld_A,-0.13300511240959167
2,finetune_000173_v00,finetune_000173,ErH4(CO2)4,kr_uptake_mmol_g,density_g_cm3,-0.1206243634223938
2,finetune_000173_v00,finetune_000173,ErH4(CO2)4,kr_uptake_mmol_g,nsites,-0.04504269361495972
2,finetune_000173_v00,finetune_000173,ErH4(CO2)4,kr_uptake_mmol_g,nelements,6.636933539994061e-05
2,finetune_000173_v00,finetune_000173,ErH4(CO2)4,kr_uptake_mmol_g,open_metal_site,-0.0
2,finetune_000173_v00,finetune_000173,ErH4(CO2)4,kr_uptake_mmol_g,has_functional_group,0.0083716856315732
2,finetune_000173_v00,finetune_000173,ErH4(CO2)4,kr_uptake_mmol_g,mean_electronegativity_diff,-0.003792867064476013
2,finetune_000173_v00,finetune_000173,ErH4(CO2)4,kr_uptake_mmol_g,mean_atomic_radius_A,0.006923917215317488
2,finetune_000173_v00,finetune_000173,ErH4(CO2)4,kr_uptake_mmol_g,mean_atomic_number,0.0006848867051303387
2,finetune_000173_v00,finetune_000173,ErH4(CO2)4,kr_uptake_mmol_g,metal_fraction,-0.00809699110686779
2,finetune_000173_v00,finetune_000173,ErH4(CO2)4,xe_kr_selectivity,pore_volume_cm3_g,-0.10236202925443649
2,finetune_000173_v00,finetune_000173,ErH4(CO2)4,xe_kr_selectivity,void_fraction,-0.16608071327209473
2,finetune_000173_v00,finetune_000173,ErH4(CO2)4,xe_kr_selectivity,gravimetric_surface_area_m2_g,-0.044478945434093475
2,finetune_000173_v00,finetune_000173,ErH4(CO2)4,xe_kr_selectivity,volumetric_surface_area_m2_cm3,-0.05289927497506142
2,finetune_000173_v00,finetune_000173,ErH4(CO2)4,xe_kr_selectivity,lcd_A,-0.24378256499767303
2,finetune_000173_v00,finetune_000173,ErH4(CO2)4,xe_kr_selectivity,pld_A,-0.20527924597263336
2,finetune_000173_v00,finetune_000173,ErH4(CO2)4,xe_kr_selectivity,density_g_cm3,0.0392039455473423
2,finetune_000173_v00,finetune_000173,ErH4(CO2)4,xe_kr_selectivity,nsites,-0.11396098881959915
2,finetune_000173_v00,finetune_000173,ErH4(CO2)4,xe_kr_selectivity,nelements,0.0056451414711773396
2,finetune_000173_v00,finetune_000173,ErH4(CO2)4,xe_kr_selectivity,open_metal_site,-0.0
2,finetune_000173_v00,finetune_000173,ErH4(CO2)4,xe_kr_selectivity,has_functional_group,0.0075225248001515865
2,finetune_000173_v00,finetune_000173,ErH4(CO2)4,xe_kr_selectivity,mean_electronegativity_diff,0.015657346695661545
2,finetune_000173_v00,finetune_000173,ErH4(CO2)4,xe_kr_selectivity,mean_atomic_radius_A,0.02550213225185871
2,finetune_000173_v00,finetune_000173,ErH4(CO2)4,xe_kr_selectivity,mean_atomic_number,0.00961131788790226
2,finetune_000173_v00,finetune_000173,ErH4(CO2)4,xe_kr_selectivity,metal_fraction,0.022067490965127945
2,finetune_000173_v00,finetune_000173,ErH4(CO2)4,i2_uptake_mmol_g,pore_volume_cm3_g,-0.15492616593837738
2,finetune_000173_v00,finetune_000173,ErH4(CO2)4,i2_uptake_mmol_g,void_fraction,-0.16912342607975006
2,finetune_000173_v00,finetune_000173,ErH4(CO2)4,i2_uptake_mmol_g,gravimetric_surface_area_m2_g,-0.06494233012199402
2,finetune_000173_v00,finetune_000173,ErH4(CO2)4,i2_uptake_mmol_g,volumetric_surface_area_m2_cm3,-0.0498914010822773
2,finetune_000173_v00,finetune_000173,ErH4(CO2)4,i2_uptake_mmol_g,lcd_A,-0.09903323650360107
2,finetune_000173_v00,finetune_000173,ErH4(CO2)4,i2_uptake_mmol_g,pld_A,-0.12280313670635223
2,finetune_000173_v00,finetune_000173,ErH4(CO2)4,i2_uptake_mmol_g,density_g_cm3,-0.10157911479473114
2,finetune_000173_v00,finetune_000173,ErH4(CO2)4,i2_uptake_mmol_g,nsites,-0.04272008687257767
2,finetune_000173_v00,finetune_000173,ErH4(CO2)4,i2_uptake_mmol_g,nelements,-0.004079457838088274
2,finetune_000173_v00,finetune_000173,ErH4(CO2)4,i2_uptake_mmol_g,open_metal_site,-0.0
2,finetune_000173_v00,finetune_000173,ErH4(CO2)4,i2_uptake_mmol_g,has_functional_group,-0.10053486377000809
2,finetune_000173_v00,finetune_000173,ErH4(CO2)4,i2_uptake_mmol_g,mean_electronegativity_diff,-0.007382652722299099
2,finetune_000173_v00,finetune_000173,ErH4(CO2)4,i2_uptake_mmol_g,mean_atomic_radius_A,0.01647450402379036
2,finetune_000173_v00,finetune_000173,ErH4(CO2)4,i2_uptake_mmol_g,mean_atomic_number,0.001357329310849309
2,finetune_000173_v00,finetune_000173,ErH4(CO2)4,i2_uptake_mmol_g,metal_fraction,-0.01349552720785141
2,finetune_000206_v00,finetune_000206,Ho(CO2)4,xe_uptake_mmol_g,pore_volume_cm3_g,0.05592009797692299
2,finetune_000206_v00,finetune_000206,Ho(CO2)4,xe_uptake_mmol_g,void_fraction,0.19343534111976624
2,finetune_000206_v00,finetune_000206,Ho(CO2)4,xe_uptake_mmol_g,gravimetric_surface_area_m2_g,-0.025804759934544563
2,finetune_000206_v00,finetune_000206,Ho(CO2)4,xe_uptake_mmol_g,volumetric_surface_area_m2_cm3,0.03080570697784424
2,finetune_000206_v00,finetune_000206,Ho(CO2)4,xe_uptake_mmol_g,lcd_A,0.28431835770606995
2,finetune_000206_v00,finetune_000206,Ho(CO2)4,xe_uptake_mmol_g,pld_A,0.3797999322414398
2,finetune_000206_v00,finetune_000206,Ho(CO2)4,xe_uptake_mmol_g,density_g_cm3,-0.08932723850011826
2,finetune_000206_v00,finetune_000206,Ho(CO2)4,xe_uptake_mmol_g,nsites,0.050746772438287735
2,finetune_000206_v00,finetune_000206,Ho(CO2)4,xe_uptake_mmol_g,nelements,-0.007273677736520767
2,finetune_000206_v00,finetune_000206,Ho(CO2)4,xe_uptake_mmol_g,open_metal_site,-0.0
2,finetune_000206_v00,finetune_000206,Ho(CO2)4,xe_uptake_mmol_g,has_functional_group,-0.0005694068968296051
2,finetune_000206_v00,finetune_000206,Ho(CO2)4,xe_uptake_mmol_g,mean_electronegativity_diff,-0.009864512830972672
2,finetune_000206_v00,finetune_000206,Ho(CO2)4,xe_uptake_mmol_g,mean_atomic_radius_A,-0.007521039806306362
2,finetune_000206_v00,finetune_000206,Ho(CO2)4,xe_uptake_mmol_g,mean_atomic_number,-0.0050551858730614185
2,finetune_000206_v00,finetune_000206,Ho(CO2)4,xe_uptake_mmol_g,metal_fraction,-0.007831071503460407
2,finetune_000206_v00,finetune_000206,Ho(CO2)4,kr_uptake_mmol_g,pore_volume_cm3_g,0.06062280386686325
2,finetune_000206_v00,finetune_000206,Ho(CO2)4,kr_uptake_mmol_g,void_fraction,0.19392554461956024
2,finetune_000206_v00,finetune_000206,Ho(CO2)4,kr_uptake_mmol_g,gravimetric_surface_area_m2_g,-0.025803102180361748
2,finetune_000206_v00,finetune_000206,Ho(CO2)4,kr_uptake_mmol_g,volumetric_surface_area_m2_cm3,0.027090229094028473
2,finetune_000206_v00,finetune_000206,Ho(CO2)4,kr_uptake_mmol_g,lcd_A,0.27195075154304504
2,finetune_000206_v00,finetune_000206,Ho(CO2)4,kr_uptake_mmol_g,pld_A,0.37077245116233826
2,finetune_000206_v00,finetune_000206,Ho(CO2)4,kr_uptake_mmol_g,density_g_cm3,-0.10088265687227249
2,finetune_000206_v00,finetune_000206,Ho(CO2)4,kr_uptake_mmol_g,nsites,0.047936905175447464
2,finetune_000206_v00,finetune_000206,Ho(CO2)4,kr_uptake_mmol_g,nelements,-0.006533794570714235
2,finetune_000206_v00,finetune_000206,Ho(CO2)4,kr_uptake_mmol_g,open_metal_site,-0.0
2,finetune_000206_v00,finetune_000206,Ho(CO2)4,kr_uptake_mmol_g,has_functional_group,0.007694950792938471
2,finetune_000206_v00,finetune_000206,Ho(CO2)4,kr_uptake_mmol_g,mean_electronegativity_diff,-0.01472796592861414
2,finetune_000206_v00,finetune_000206,Ho(CO2)4,kr_uptake_mmol_g,mean_atomic_radius_A,-0.005631719250231981
2,finetune_000206_v00,finetune_000206,Ho(CO2)4,kr_uptake_mmol_g,mean_atomic_number,-0.02756551466882229
2,finetune_000206_v00,finetune_000206,Ho(CO2)4,kr_uptake_mmol_g,metal_fraction,-0.004189428873360157
2,finetune_000206_v00,finetune_000206,Ho(CO2)4,xe_kr_selectivity,pore_volume_cm3_g,0.021880175918340683
2,finetune_000206_v00,finetune_000206,Ho(CO2)4,xe_kr_selectivity,void_fraction,0.13377034664154053
2,finetune_000206_v00,finetune_000206,Ho(CO2)4,xe_kr_selectivity,gravimetric_surface_area_m2_g,-0.011063420213758945
2,finetune_000206_v00,finetune_000206,Ho(CO2)4,xe_kr_selectivity,volumetric_surface_area_m2_cm3,0.023361682891845703
2,finetune_000206_v00,finetune_000206,Ho(CO2)4,xe_kr_selectivity,lcd_A,0.363228976726532
2,finetune_000206_v00,finetune_000206,Ho(CO2)4,xe_kr_selectivity,pld_A,0.41326016187667847
2,finetune_000206_v00,finetune_000206,Ho(CO2)4,xe_kr_selectivity,density_g_cm3,0.012944448739290237
2,finetune_000206_v00,finetune_000206,Ho(CO2)4,xe_kr_selectivity,nsites,0.06432095170021057
2,finetune_000206_v00,finetune_000206,Ho(CO2)4,xe_kr_selectivity,nelements,0.05553210526704788
2,finetune_000206_v00,finetune_000206,Ho(CO2)4,xe_kr_selectivity,open_metal_site,-0.0
2,finetune_000206_v00,finetune_000206,Ho(CO2)4,xe_kr_selectivity,has_functional_group,-0.02194543369114399
2,finetune_000206_v00,finetune_000206,Ho(CO2)4,xe_kr_selectivity,mean_electronegativity_diff,0.06931489706039429
2,finetune_000206_v00,finetune_000206,Ho(CO2)4,xe_kr_selectivity,mean_atomic_radius_A,0.0017461321549490094
2,finetune_000206_v00,finetune_000206,Ho(CO2)4,xe_kr_selectivity,mean_atomic_number,0.09534374624490738
2,finetune_000206_v00,finetune_000206,Ho(CO2)4,xe_kr_selectivity,metal_fraction,0.005432643461972475
2,finetune_000206_v00,finetune_000206,Ho(CO2)4,i2_uptake_mmol_g,pore_volume_cm3_g,0.05189300701022148
2,finetune_000206_v00,finetune_000206,Ho(CO2)4,i2_uptake_mmol_g,void_fraction,0.19007433950901031
2,finetune_000206_v00,finetune_000206,Ho(CO2)4,i2_uptake_mmol_g,gravimetric_surface_area_m2_g,-0.021407639607787132
2,finetune_000206_v00,finetune_000206,Ho(CO2)4,i2_uptake_mmol_g,volumetric_surface_area_m2_cm3,0.028563188388943672
2,finetune_000206_v00,finetune_000206,Ho(CO2)4,i2_uptake_mmol_g,lcd_A,0.23756997287273407
2,finetune_000206_v00,finetune_000206,Ho(CO2)4,i2_uptake_mmol_g,pld_A,0.3704076111316681
2,finetune_000206_v00,finetune_000206,Ho(CO2)4,i2_uptake_mmol_g,density_g_cm3,-0.0813809409737587
2,finetune_000206_v00,finetune_000206,Ho(CO2)4,i2_uptake_mmol_g,nsites,0.05208224058151245
2,finetune_000206_v00,finetune_000206,Ho(CO2)4,i2_uptake_mmol_g,nelements,-0.05267846956849098
2,finetune_000206_v00,finetune_000206,Ho(CO2)4,i2_uptake_mmol_g,open_metal_site,-0.0
2,finetune_000206_v00,finetune_000206,Ho(CO2)4,i2_uptake_mmol_g,has_functional_group,-0.2579582631587982
2,finetune_000206_v00,finetune_000206,Ho(CO2)4,i2_uptake_mmol_g,mean_electronegativity_diff,-0.02168363332748413
2,finetune_000206_v00,finetune_000206,Ho(CO2)4,i2_uptake_mmol_g,mean_atomic_radius_A,-0.007265773136168718
2,finetune_000206_v00,finetune_000206,Ho(CO2)4,i2_uptake_mmol_g,mean_atomic_number,-0.01641417294740677
2,finetune_000206_v00,finetune_000206,Ho(CO2)4,i2_uptake_mmol_g,metal_fraction,-0.005363173317164183
2,finetune_000067_v00,finetune_000067,CuHC4O3,xe_uptake_mmol_g,pore_volume_cm3_g,0.02873535081744194
2,finetune_000067_v00,finetune_000067,CuHC4O3,xe_uptake_mmol_g,void_fraction,0.026582395657896996
2,finetune_000067_v00,finetune_000067,CuHC4O3,xe_uptake_mmol_g,gravimetric_surface_area_m2_g,-0.00815407745540142
2,finetune_000067_v00,finetune_000067,CuHC4O3,xe_uptake_mmol_g,volumetric_surface_area_m2_cm3,-0.007928174920380116
2,finetune_000067_v00,finetune_000067,CuHC4O3,xe_uptake_mmol_g,lcd_A,-0.0494755282998085
2,finetune_000067_v00,finetune_000067,CuHC4O3,xe_uptake_mmol_g,pld_A,-0.09785614162683487
2,finetune_000067_v00,finetune_000067,CuHC4O3,xe_uptake_mmol_g,density_g_cm3,0.04809204116463661
2,finetune_000067_v00,finetune_000067,CuHC4O3,xe_uptake_mmol_g,nsites,0.05767980217933655
2,finetune_000067_v00,finetune_000067,CuHC4O3,xe_uptake_mmol_g,nelements,-0.0015288532013073564
2,finetune_000067_v00,finetune_000067,CuHC4O3,xe_uptake_mmol_g,open_metal_site,-0.0
2,finetune_000067_v00,finetune_000067,CuHC4O3,xe_uptake_mmol_g,has_functional_group,0.00675092963501811
2,finetune_000067_v00,finetune_000067,CuHC4O3,xe_uptake_mmol_g,mean_electronegativity_diff,0.005700565408915281
2,finetune_000067_v00,finetune_000067,CuHC4O3,xe_uptake_mmol_g,mean_atomic_radius_A,-0.003180649597197771
2,finetune_000067_v00,finetune_000067,CuHC4O3,xe_uptake_mmol_g,mean_atomic_number,-0.0003240410005673766
2,finetune_000067_v00,finetune_000067,CuHC4O3,xe_uptake_mmol_g,metal_fraction,0.051493819802999496
2,finetune_000067_v00,finetune_000067,CuHC4O3,kr_uptake_mmol_g,pore_volume_cm3_g,0.0316360741853714
2,finetune_000067_v00,finetune_000067,CuHC4O3,kr_uptake_mmol_g,void_fraction,0.02803250215947628
2,finetune_000067_v00,finetune_000067,CuHC4O3,kr_uptake_mmol_g,gravimetric_surface_area_m2_g,-0.00837426446378231
2,finetune_000067_v00,finetune_000067,CuHC4O3,kr_uptake_mmol_g,volumetric_surface_area_m2_cm3,-0.007068517152220011
2,finetune_000067_v00,finetune_000067,CuHC4O3,kr_uptake_mmol_g,lcd_A,-0.05181330814957619
2,finetune_000067_v00,finetune_000067,CuHC4O3,kr_uptake_mmol_g,pld_A,-0.10405563563108444
2,finetune_000067_v00,finetune_000067,CuHC4O3,kr_uptake_mmol_g,density_g_cm3,0.05397222191095352
2,finetune_000067_v00,finetune_000067,CuHC4O3,kr_uptake_mmol_g,nsites,0.058125562965869904
2,finetune_000067_v00,finetune_000067,CuHC4O3,kr_uptake_mmol_g,nelements,-0.0008569845813326538
2,finetune_000067_v00,finetune_000067,CuHC4O3,kr_uptake_mmol_g,open_metal_site,-0.0
2,finetune_000067_v00,finetune_000067,CuHC4O3,kr_uptake_mmol_g,has_functional_group,0.009389516897499561
2,finetune_000067_v00,finetune_000067,CuHC4O3,kr_uptake_mmol_g,mean_electronegativity_diff,0.003970466088503599
2,finetune_000067_v00,finetune_000067,CuHC4O3,kr_uptake_mmol_g,mean_atomic_radius_A,-0.002222368260845542
2,finetune_000067_v00,finetune_000067,CuHC4O3,kr_uptake_mmol_g,mean_atomic_number,0.00044608264579437673
2,finetune_000067_v00,finetune_000067,CuHC4O3,kr_uptake_mmol_g,metal_fraction,0.02416875772178173
2,finetune_000067_v00,finetune_000067,CuHC4O3,xe_kr_selectivity,pore_volume_cm3_g,0.011332478374242783
2,finetune_000067_v00,finetune_000067,CuHC4O3,xe_kr_selectivity,void_fraction,0.019459037110209465
2,finetune_000067_v00,finetune_000067,CuHC4O3,xe_kr_selectivity,gravimetric_surface_area_m2_g,-0.003443573834374547
2,finetune_000067_v00,finetune_000067,CuHC4O3,xe_kr_selectivity,volumetric_surface_area_m2_cm3,-0.005531474482268095
2,finetune_000067_v00,finetune_000067,CuHC4O3,xe_kr_selectivity,lcd_A,-0.06840820610523224
2,finetune_000067_v00,finetune_000067,CuHC4O3,xe_kr_selectivity,pld_A,-0.1151282861828804
2,finetune_000067_v00,finetune_000067,CuHC4O3,xe_kr_selectivity,density_g_cm3,-0.01137897651642561
2,finetune_000067_v00,finetune_000067,CuHC4O3,xe_kr_selectivity,nsites,0.0709809809923172
2,finetune_000067_v00,finetune_000067,CuHC4O3,xe_kr_selectivity,nelements,0.009657285176217556
2,finetune_000067_v00,finetune_000067,CuHC4O3,xe_kr_selectivity,open_metal_site,-0.0
2,finetune_000067_v00,finetune_000067,CuHC4O3,xe_kr_selectivity,has_functional_group,-0.006931844633072615
2,finetune_000067_v00,finetune_000067,CuHC4O3,xe_kr_selectivity,mean_electronegativity_diff,-0.049196530133485794
2,finetune_000067_v00,finetune_000067,CuHC4O3,xe_kr_selectivity,mean_atomic_radius_A,-0.005721570923924446
2,finetune_000067_v00,finetune_000067,CuHC4O3,xe_kr_selectivity,mean_atomic_number,-0.009317565709352493
2,finetune_000067_v00,finetune_000067,CuHC4O3,xe_kr_selectivity,metal_fraction,-0.05036846548318863
2,finetune_000067_v00,finetune_000067,CuHC4O3,i2_uptake_mmol_g,pore_volume_cm3_g,0.02649434469640255
2,finetune_000067_v00,finetune_000067,CuHC4O3,i2_uptake_mmol_g,void_fraction,0.027377018705010414
2,finetune_000067_v00,finetune_000067,CuHC4O3,i2_uptake_mmol_g,gravimetric_surface_area_m2_g,-0.006873707752674818
2,finetune_000067_v00,finetune_000067,CuHC4O3,i2_uptake_mmol_g,volumetric_surface_area_m2_cm3,-0.0075012375600636005
2,finetune_000067_v00,finetune_000067,CuHC4O3,i2_uptake_mmol_g,lcd_A,-0.041099436581134796
2,finetune_000067_v00,finetune_000067,CuHC4O3,i2_uptake_mmol_g,pld_A,-0.09692306071519852
2,finetune_000067_v00,finetune_000067,CuHC4O3,i2_uptake_mmol_g,density_g_cm3,0.043904516845941544
2,finetune_000067_v00,finetune_000067,CuHC4O3,i2_uptake_mmol_g,nsites,0.05723441764712334
2,finetune_000067_v00,finetune_000067,CuHC4O3,i2_uptake_mmol_g,nelements,-0.008471398614346981
2,finetune_000067_v00,finetune_000067,CuHC4O3,i2_uptake_mmol_g,open_metal_site,-0.0
2,finetune_000067_v00,finetune_000067,CuHC4O3,i2_uptake_mmol_g,has_functional_group,-0.2049158215522766
2,finetune_000067_v00,finetune_000067,CuHC4O3,i2_uptake_mmol_g,mean_electronegativity_diff,0.011034611612558365
2,finetune_000067_v00,finetune_000067,CuHC4O3,i2_uptake_mmol_g,mean_atomic_radius_A,-0.004070692230015993
2,finetune_000067_v00,finetune_000067,CuHC4O3,i2_uptake_mmol_g,mean_atomic_number,0.0006886767805553973
2,finetune_000067_v00,finetune_000067,CuHC4O3,i2_uptake_mmol_g,metal_fraction,0.031299833208322525
2,finetune_000262_v00,finetune_000262,Fe2C4Cl2O9,xe_uptake_mmol_g,pore_volume_cm3_g,-0.026218358427286148
2,finetune_000262_v00,finetune_000262,Fe2C4Cl2O9,xe_uptake_mmol_g,void_fraction,0.01839076355099678
2,finetune_000262_v00,finetune_000262,Fe2C4Cl2O9,xe_uptake_mmol_g,gravimetric_surface_area_m2_g,0.0469386912882328
2,finetune_000262_v00,finetune_000262,Fe2C4Cl2O9,xe_uptake_mmol_g,volumetric_surface_area_m2_cm3,0.06259385496377945
2,finetune_000262_v00,finetune_000262,Fe2C4Cl2O9,xe_uptake_mmol_g,lcd_A,0.09148551523685455
2,finetune_000262_v00,finetune_000262,Fe2C4Cl2O9,xe_uptake_mmol_g,pld_A,0.11274250596761703
2,finetune_000262_v00,finetune_000262,Fe2C4Cl2O9,xe_uptake_mmol_g,density_g_cm3,-0.01794303208589554
2,finetune_000262_v00,finetune_000262,Fe2C4Cl2O9,xe_uptake_mmol_g,nsites,-0.12324228137731552
2,finetune_000262_v00,finetune_000262,Fe2C4Cl2O9,xe_uptake_mmol_g,nelements,-0.0003968217642977834
2,finetune_000262_v00,finetune_000262,Fe2C4Cl2O9,xe_uptake_mmol_g,open_metal_site,-0.0
2,finetune_000262_v00,finetune_000262,Fe2C4Cl2O9,xe_uptake_mmol_g,has_functional_group,0.004989089444279671
2,finetune_000262_v00,finetune_000262,Fe2C4Cl2O9,xe_uptake_mmol_g,mean_electronegativity_diff,0.0024686106480658054
2,finetune_000262_v00,finetune_000262,Fe2C4Cl2O9,xe_uptake_mmol_g,mean_atomic_radius_A,-0.0167725570499897
2,finetune_000262_v00,finetune_000262,Fe2C4Cl2O9,xe_uptake_mmol_g,mean_atomic_number,0.0029898842331022024
2,finetune_000262_v00,finetune_000262,Fe2C4Cl2O9,xe_uptake_mmol_g,metal_fraction,0.062174439430236816
2,finetune_000262_v00,finetune_000262,Fe2C4Cl2O9,kr_uptake_mmol_g,pore_volume_cm3_g,-0.028897685930132866
2,finetune_000262_v00,finetune_000262,Fe2C4Cl2O9,kr_uptake_mmol_g,void_fraction,0.018903492018580437
2,finetune_000262_v00,finetune_000262,Fe2C4Cl2O9,kr_uptake_mmol_g,gravimetric_surface_area_m2_g,0.04767433553934097
2,finetune_000262_v00,finetune_000262,Fe2C4Cl2O9,kr_uptake_mmol_g,volumetric_surface_area_m2_cm3,0.05436079204082489
2,finetune_000262_v00,finetune_000262,Fe2C4Cl2O9,kr_uptake_mmol_g,lcd_A,0.09037987887859344
2,finetune_000262_v00,finetune_000262,Fe2C4Cl2O9,kr_uptake_mmol_g,pld_A,0.11359185725450516
2,finetune_000262_v00,finetune_000262,Fe2C4Cl2O9,kr_uptake_mmol_g,density_g_cm3,-0.02096022665500641
2,finetune_000262_v00,finetune_000262,Fe2C4Cl2O9,kr_uptake_mmol_g,nsites,-0.11882058531045914
2,finetune_000262_v00,finetune_000262,Fe2C4Cl2O9,kr_uptake_mmol_g,nelements,-0.00016296099056489766
2,finetune_000262_v00,finetune_000262,Fe2C4Cl2O9,kr_uptake_mmol_g,open_metal_site,-0.0
2,finetune_000262_v00,finetune_000262,Fe2C4Cl2O9,kr_uptake_mmol_g,has_functional_group,0.009431718848645687
2,finetune_000262_v00,finetune_000262,Fe2C4Cl2O9,kr_uptake_mmol_g,mean_electronegativity_diff,0.0020912662148475647
2,finetune_000262_v00,finetune_000262,Fe2C4Cl2O9,kr_uptake_mmol_g,mean_atomic_radius_A,-0.011576259508728981
2,finetune_000262_v00,finetune_000262,Fe2C4Cl2O9,kr_uptake_mmol_g,mean_atomic_number,-0.004926059395074844
2,finetune_000262_v00,finetune_000262,Fe2C4Cl2O9,kr_uptake_mmol_g,metal_fraction,0.03345510736107826
2,finetune_000262_v00,finetune_000262,Fe2C4Cl2O9,xe_kr_selectivity,pore_volume_cm3_g,-0.011714419350028038
2,finetune_000262_v00,finetune_000262,Fe2C4Cl2O9,xe_kr_selectivity,void_fraction,0.015321408398449421
2,finetune_000262_v00,finetune_000262,Fe2C4Cl2O9,xe_kr_selectivity,gravimetric_surface_area_m2_g,0.022993281483650208
2,finetune_000262_v00,finetune_000262,Fe2C4Cl2O9,xe_kr_selectivity,volumetric_surface_area_m2_cm3,0.05136401578783989
2,finetune_000262_v00,finetune_000262,Fe2C4Cl2O9,xe_kr_selectivity,lcd_A,0.13866351544857025
2,finetune_000262_v00,finetune_000262,Fe2C4Cl2O9,xe_kr_selectivity,pld_A,0.14212094247341156
2,finetune_000262_v00,finetune_000262,Fe2C4Cl2O9,xe_kr_selectivity,density_g_cm3,0.005049495492130518
2,finetune_000262_v00,finetune_000262,Fe2C4Cl2O9,xe_kr_selectivity,nsites,-0.17150256037712097
2,finetune_000262_v00,finetune_000262,Fe2C4Cl2O9,xe_kr_selectivity,nelements,0.009801291860640049
2,finetune_000262_v00,finetune_000262,Fe2C4Cl2O9,xe_kr_selectivity,open_metal_site,-0.0
2,finetune_000262_v00,finetune_000262,Fe2C4Cl2O9,xe_kr_selectivity,has_functional_group,-0.01597055420279503
2,finetune_000262_v00,finetune_000262,Fe2C4Cl2O9,xe_kr_selectivity,mean_electronegativity_diff,-0.03766137361526489
2,finetune_000262_v00,finetune_000262,Fe2C4Cl2O9,xe_kr_selectivity,mean_atomic_radius_A,-0.013207726180553436
2,finetune_000262_v00,finetune_000262,Fe2C4Cl2O9,xe_kr_selectivity,mean_atomic_number,0.05435195937752724
2,finetune_000262_v00,finetune_000262,Fe2C4Cl2O9,xe_kr_selectivity,metal_fraction,-0.05117592215538025
2,finetune_000262_v00,finetune_000262,Fe2C4Cl2O9,i2_uptake_mmol_g,pore_volume_cm3_g,-0.024917833507061005
2,finetune_000262_v00,finetune_000262,Fe2C4Cl2O9,i2_uptake_mmol_g,void_fraction,0.01923137903213501
2,finetune_000262_v00,finetune_000262,Fe2C4Cl2O9,i2_uptake_mmol_g,gravimetric_surface_area_m2_g,0.04069475829601288
2,finetune_000262_v00,finetune_000262,Fe2C4Cl2O9,i2_uptake_mmol_g,volumetric_surface_area_m2_cm3,0.06198624148964882
2,finetune_000262_v00,finetune_000262,Fe2C4Cl2O9,i2_uptake_mmol_g,lcd_A,0.07647867500782013
2,finetune_000262_v00,finetune_000262,Fe2C4Cl2O9,i2_uptake_mmol_g,pld_A,0.11192122101783752
2,finetune_000262_v00,finetune_000262,Fe2C4Cl2O9,i2_uptake_mmol_g,density_g_cm3,-0.0171267818659544
2,finetune_000262_v00,finetune_000262,Fe2C4Cl2O9,i2_uptake_mmol_g,nsites,-0.12475714087486267
2,finetune_000262_v00,finetune_000262,Fe2C4Cl2O9,i2_uptake_mmol_g,nelements,-0.008535264059901237
2,finetune_000262_v00,finetune_000262,Fe2C4Cl2O9,i2_uptake_mmol_g,open_metal_site,-0.0
2,finetune_000262_v00,finetune_000262,Fe2C4Cl2O9,i2_uptake_mmol_g,has_functional_group,-0.2252175658941269
2,finetune_000262_v00,finetune_000262,Fe2C4Cl2O9,i2_uptake_mmol_g,mean_electronegativity_diff,0.008905274793505669
2,finetune_000262_v00,finetune_000262,Fe2C4Cl2O9,i2_uptake_mmol_g,mean_atomic_radius_A,-0.01995225064456463
2,finetune_000262_v00,finetune_000262,Fe2C4Cl2O9,i2_uptake_mmol_g,mean_atomic_number,-0.0017900877865031362
2,finetune_000262_v00,finetune_000262,Fe2C4Cl2O9,i2_uptake_mmol_g,metal_fraction,0.03909808397293091
2,finetune_000147_v00,finetune_000147,Ho(CO2)4,xe_uptake_mmol_g,pore_volume_cm3_g,0.05592009797692299
2,finetune_000147_v00,finetune_000147,Ho(CO2)4,xe_uptake_mmol_g,void_fraction,0.19343534111976624
2,finetune_000147_v00,finetune_000147,Ho(CO2)4,xe_uptake_mmol_g,gravimetric_surface_area_m2_g,-0.025804759934544563
2,finetune_000147_v00,finetune_000147,Ho(CO2)4,xe_uptake_mmol_g,volumetric_surface_area_m2_cm3,0.03080570697784424
2,finetune_000147_v00,finetune_000147,Ho(CO2)4,xe_uptake_mmol_g,lcd_A,0.28431835770606995
2,finetune_000147_v00,finetune_000147,Ho(CO2)4,xe_uptake_mmol_g,pld_A,0.3797999322414398
2,finetune_000147_v00,finetune_000147,Ho(CO2)4,xe_uptake_mmol_g,density_g_cm3,-0.08932723850011826
2,finetune_000147_v00,finetune_000147,Ho(CO2)4,xe_uptake_mmol_g,nsites,0.050746772438287735
2,finetune_000147_v00,finetune_000147,Ho(CO2)4,xe_uptake_mmol_g,nelements,-0.007273676805198193
2,finetune_000147_v00,finetune_000147,Ho(CO2)4,xe_uptake_mmol_g,open_metal_site,-0.0
2,finetune_000147_v00,finetune_000147,Ho(CO2)4,xe_uptake_mmol_g,has_functional_group,-0.0005694074789062142
2,finetune_000147_v00,finetune_000147,Ho(CO2)4,xe_uptake_mmol_g,mean_electronegativity_diff,-0.009864512830972672
2,finetune_000147_v00,finetune_000147,Ho(CO2)4,xe_uptake_mmol_g,mean_atomic_radius_A,-0.0075210384093225
2,finetune_000147_v00,finetune_000147,Ho(CO2)4,xe_uptake_mmol_g,mean_atomic_number,-0.005055186804383993
2,finetune_000147_v00,finetune_000147,Ho(CO2)4,xe_uptake_mmol_g,metal_fraction,-0.007831071503460407
2,finetune_000147_v00,finetune_000147,Ho(CO2)4,kr_uptake_mmol_g,pore_volume_cm3_g,0.06062280386686325
2,finetune_000147_v00,finetune_000147,Ho(CO2)4,kr_uptake_mmol_g,void_fraction,0.19392554461956024
2,finetune_000147_v00,finetune_000147,Ho(CO2)4,kr_uptake_mmol_g,gravimetric_surface_area_m2_g,-0.025803102180361748
2,finetune_000147_v00,finetune_000147,Ho(CO2)4,kr_uptake_mmol_g,volumetric_surface_area_m2_cm3,0.027090229094028473
2,finetune_000147_v00,finetune_000147,Ho(CO2)4,kr_uptake_mmol_g,lcd_A,0.27195078134536743
2,finetune_000147_v00,finetune_000147,Ho(CO2)4,kr_uptake_mmol_g,pld_A,0.37077245116233826
2,finetune_000147_v00,finetune_000147,Ho(CO2)4,kr_uptake_mmol_g,density_g_cm3,-0.10088265687227249
2,finetune_000147_v00,finetune_000147,Ho(CO2)4,kr_uptake_mmol_g,nsites,0.04793689772486687
2,finetune_000147_v00,finetune_000147,Ho(CO2)4,kr_uptake_mmol_g,nelements,-0.006533795967698097
2,finetune_000147_v00,finetune_000147,Ho(CO2)4,kr_uptake_mmol_g,open_metal_site,-0.0
2,finetune_000147_v00,finetune_000147,Ho(CO2)4,kr_uptake_mmol_g,has_functional_group,0.007694951258599758
2,finetune_000147_v00,finetune_000147,Ho(CO2)4,kr_uptake_mmol_g,mean_electronegativity_diff,-0.014727968722581863
2,finetune_000147_v00,finetune_000147,Ho(CO2)4,kr_uptake_mmol_g,mean_atomic_radius_A,-0.005631719715893269
2,finetune_000147_v00,finetune_000147,Ho(CO2)4,kr_uptake_mmol_g,mean_atomic_number,-0.02756551466882229
2,finetune_000147_v00,finetune_000147,Ho(CO2)4,kr_uptake_mmol_g,metal_fraction,-0.004189428873360157
2,finetune_000147_v00,finetune_000147,Ho(CO2)4,xe_kr_selectivity,pore_volume_cm3_g,0.021880175918340683
2,finetune_000147_v00,finetune_000147,Ho(CO2)4,xe_kr_selectivity,void_fraction,0.13377034664154053
2,finetune_000147_v00,finetune_000147,Ho(CO2)4,xe_kr_selectivity,gravimetric_surface_area_m2_g,-0.011063420213758945
2,finetune_000147_v00,finetune_000147,Ho(CO2)4,xe_kr_selectivity,volumetric_surface_area_m2_cm3,0.023361682891845703
2,finetune_000147_v00,finetune_000147,Ho(CO2)4,xe_kr_selectivity,lcd_A,0.363228976726532
2,finetune_000147_v00,finetune_000147,Ho(CO2)4,xe_kr_selectivity,pld_A,0.41326016187667847
2,finetune_000147_v00,finetune_000147,Ho(CO2)4,xe_kr_selectivity,density_g_cm3,0.012944448739290237
2,finetune_000147_v00,finetune_000147,Ho(CO2)4,xe_kr_selectivity,nsites,0.06432095170021057
2,finetune_000147_v00,finetune_000147,Ho(CO2)4,xe_kr_selectivity,nelements,0.05553210526704788
2,finetune_000147_v00,finetune_000147,Ho(CO2)4,xe_kr_selectivity,open_metal_site,-0.0
2,finetune_000147_v00,finetune_000147,Ho(CO2)4,xe_kr_selectivity,has_functional_group,-0.02194543369114399
2,finetune_000147_v00,finetune_000147,Ho(CO2)4,xe_kr_selectivity,mean_electronegativity_diff,0.06931489706039429
2,finetune_000147_v00,finetune_000147,Ho(CO2)4,xe_kr_selectivity,mean_atomic_radius_A,0.0017461326206102967
2,finetune_000147_v00,finetune_000147,Ho(CO2)4,xe_kr_selectivity,mean_atomic_number,0.09534374624490738
2,finetune_000147_v00,finetune_000147,Ho(CO2)4,xe_kr_selectivity,metal_fraction,0.005432643927633762
2,finetune_000147_v00,finetune_000147,Ho(CO2)4,i2_uptake_mmol_g,pore_volume_cm3_g,0.05189300701022148
2,finetune_000147_v00,finetune_000147,Ho(CO2)4,i2_uptake_mmol_g,void_fraction,0.19007433950901031
2,finetune_000147_v00,finetune_000147,Ho(CO2)4,i2_uptake_mmol_g,gravimetric_surface_area_m2_g,-0.021407639607787132
2,finetune_000147_v00,finetune_000147,Ho(CO2)4,i2_uptake_mmol_g,volumetric_surface_area_m2_cm3,0.028563188388943672
2,finetune_000147_v00,finetune_000147,Ho(CO2)4,i2_uptake_mmol_g,lcd_A,0.23756997287273407
2,finetune_000147_v00,finetune_000147,Ho(CO2)4,i2_uptake_mmol_g,pld_A,0.3704076111316681
2,finetune_000147_v00,finetune_000147,Ho(CO2)4,i2_uptake_mmol_g,density_g_cm3,-0.0813809409737587
2,finetune_000147_v00,finetune_000147,Ho(CO2)4,i2_uptake_mmol_g,nsites,0.05208224058151245
2,finetune_000147_v00,finetune_000147,Ho(CO2)4,i2_uptake_mmol_g,nelements,-0.05267846956849098
2,finetune_000147_v00,finetune_000147,Ho(CO2)4,i2_uptake_mmol_g,open_metal_site,-0.0
2,finetune_000147_v00,finetune_000147,Ho(CO2)4,i2_uptake_mmol_g,has_functional_group,-0.2579582631587982
2,finetune_000147_v00,finetune_000147,Ho(CO2)4,i2_uptake_mmol_g,mean_electronegativity_diff,-0.02168363332748413
2,finetune_000147_v00,finetune_000147,Ho(CO2)4,i2_uptake_mmol_g,mean_atomic_radius_A,-0.007265773601830006
2,finetune_000147_v00,finetune_000147,Ho(CO2)4,i2_uptake_mmol_g,mean_atomic_number,-0.01641417294740677
2,finetune_000147_v00,finetune_000147,Ho(CO2)4,i2_uptake_mmol_g,metal_fraction,-0.005363173317164183
2,finetune_000228_v00,finetune_000228,Ho(CO2)4,xe_uptake_mmol_g,pore_volume_cm3_g,0.05592009797692299
2,finetune_000228_v00,finetune_000228,Ho(CO2)4,xe_uptake_mmol_g,void_fraction,0.19343534111976624
2,finetune_000228_v00,finetune_000228,Ho(CO2)4,xe_uptake_mmol_g,gravimetric_surface_area_m2_g,-0.025804759934544563
2,finetune_000228_v00,finetune_000228,Ho(CO2)4,xe_uptake_mmol_g,volumetric_surface_area_m2_cm3,0.03080570697784424
2,finetune_000228_v00,finetune_000228,Ho(CO2)4,xe_uptake_mmol_g,lcd_A,0.28431835770606995
2,finetune_000228_v00,finetune_000228,Ho(CO2)4,xe_uptake_mmol_g,pld_A,0.3797999322414398
2,finetune_000228_v00,finetune_000228,Ho(CO2)4,xe_uptake_mmol_g,density_g_cm3,-0.08932723850011826
2,finetune_000228_v00,finetune_000228,Ho(CO2)4,xe_uptake_mmol_g,nsites,0.05074677988886833
2,finetune_000228_v00,finetune_000228,Ho(CO2)4,xe_uptake_mmol_g,nelements,-0.007273677736520767
2,finetune_000228_v00,finetune_000228,Ho(CO2)4,xe_uptake_mmol_g,open_metal_site,-0.0
2,finetune_000228_v00,finetune_000228,Ho(CO2)4,xe_uptake_mmol_g,has_functional_group,-0.0005694067222066224
2,finetune_000228_v00,finetune_000228,Ho(CO2)4,xe_uptake_mmol_g,mean_electronegativity_diff,-0.009864512830972672
2,finetune_000228_v00,finetune_000228,Ho(CO2)4,xe_uptake_mmol_g,mean_atomic_radius_A,-0.007521039340645075
2,finetune_000228_v00,finetune_000228,Ho(CO2)4,xe_uptake_mmol_g,mean_atomic_number,-0.005055186804383993
2,finetune_000228_v00,finetune_000228,Ho(CO2)4,xe_uptake_mmol_g,metal_fraction,-0.007831071503460407
2,finetune_000228_v00,finetune_000228,Ho(CO2)4,kr_uptake_mmol_g,pore_volume_cm3_g,0.06062280386686325
2,finetune_000228_v00,finetune_000228,Ho(CO2)4,kr_uptake_mmol_g,void_fraction,0.19392554461956024
2,finetune_000228_v00,finetune_000228,Ho(CO2)4,kr_uptake_mmol_g,gravimetric_surface_area_m2_g,-0.025803102180361748
2,finetune_000228_v00,finetune_000228,Ho(CO2)4,kr_uptake_mmol_g,volumetric_surface_area_m2_cm3,0.027090229094028473
2,finetune_000228_v00,finetune_000228,Ho(CO2)4,kr_uptake_mmol_g,lcd_A,0.27195078134536743
2,finetune_000228_v00,finetune_000228,Ho(CO2)4,kr_uptake_mmol_g,pld_A,0.37077245116233826
2,finetune_000228_v00,finetune_000228,Ho(CO2)4,kr_uptake_mmol_g,density_g_cm3,-0.10088265687227249
2,finetune_000228_v00,finetune_000228,Ho(CO2)4,kr_uptake_mmol_g,nsites,0.047936905175447464
2,finetune_000228_v00,finetune_000228,Ho(CO2)4,kr_uptake_mmol_g,nelements,-0.006533795036375523
2,finetune_000228_v00,finetune_000228,Ho(CO2)4,kr_uptake_mmol_g,open_metal_site,-0.0
2,finetune_000228_v00,finetune_000228,Ho(CO2)4,kr_uptake_mmol_g,has_functional_group,0.007694951258599758
2,finetune_000228_v00,finetune_000228,Ho(CO2)4,kr_uptake_mmol_g,mean_electronegativity_diff,-0.014727968722581863
2,finetune_000228_v00,finetune_000228,Ho(CO2)4,kr_uptake_mmol_g,mean_atomic_radius_A,-0.005631719715893269
2,finetune_000228_v00,finetune_000228,Ho(CO2)4,kr_uptake_mmol_g,mean_atomic_number,-0.02756551466882229
2,finetune_000228_v00,finetune_000228,Ho(CO2)4,kr_uptake_mmol_g,metal_fraction,-0.004189428873360157
2,finetune_000228_v00,finetune_000228,Ho(CO2)4,xe_kr_selectivity,pore_volume_cm3_g,0.021880175918340683
2,finetune_000228_v00,finetune_000228,Ho(CO2)4,xe_kr_selectivity,void_fraction,0.13377034664154053
2,finetune_000228_v00,finetune_000228,Ho(CO2)4,xe_kr_selectivity,gravimetric_surface_area_m2_g,-0.011063420213758945
2,finetune_000228_v00,finetune_000228,Ho(CO2)4,xe_kr_selectivity,volumetric_surface_area_m2_cm3,0.023361682891845703
2,finetune_000228_v00,finetune_000228,Ho(CO2)4,xe_kr_selectivity,lcd_A,0.363228976726532
2,finetune_000228_v00,finetune_000228,Ho(CO2)4,xe_kr_selectivity,pld_A,0.41326016187667847
2,finetune_000228_v00,finetune_000228,Ho(CO2)4,xe_kr_selectivity,density_g_cm3,0.012944448739290237
2,finetune_000228_v00,finetune_000228,Ho(CO2)4,xe_kr_selectivity,nsites,0.06432095170021057
2,finetune_000228_v00,finetune_000228,Ho(CO2)4,xe_kr_selectivity,nelements,0.05553210526704788
2,finetune_000228_v00,finetune_000228,Ho(CO2)4,xe_kr_selectivity,open_metal_site,-0.0
2,finetune_000228_v00,finetune_000228,Ho(CO2)4,xe_kr_selectivity,has_functional_group,-0.02194543369114399
2,finetune_000228_v00,finetune_000228,Ho(CO2)4,xe_kr_selectivity,mean_electronegativity_diff,0.06931489706039429
2,finetune_000228_v00,finetune_000228,Ho(CO2)4,xe_kr_selectivity,mean_atomic_radius_A,0.0017461314564570785
2,finetune_000228_v00,finetune_000228,Ho(CO2)4,xe_kr_selectivity,mean_atomic_number,0.09534374624490738
2,finetune_000228_v00,finetune_000228,Ho(CO2)4,xe_kr_selectivity,metal_fraction,0.005432643461972475
2,finetune_000228_v00,finetune_000228,Ho(CO2)4,i2_uptake_mmol_g,pore_volume_cm3_g,0.05189300328493118
2,finetune_000228_v00,finetune_000228,Ho(CO2)4,i2_uptake_mmol_g,void_fraction,0.19007433950901031
2,finetune_000228_v00,finetune_000228,Ho(CO2)4,i2_uptake_mmol_g,gravimetric_surface_area_m2_g,-0.021407639607787132
2,finetune_000228_v00,finetune_000228,Ho(CO2)4,i2_uptake_mmol_g,volumetric_surface_area_m2_cm3,0.02856319025158882
2,finetune_000228_v00,finetune_000228,Ho(CO2)4,i2_uptake_mmol_g,lcd_A,0.23756997287273407
2,finetune_000228_v00,finetune_000228,Ho(CO2)4,i2_uptake_mmol_g,pld_A,0.3704076111316681
2,finetune_000228_v00,finetune_000228,Ho(CO2)4,i2_uptake_mmol_g,density_g_cm3,-0.0813809409737587
2,finetune_000228_v00,finetune_000228,Ho(CO2)4,i2_uptake_mmol_g,nsites,0.05208224058151245
2,finetune_000228_v00,finetune_000228,Ho(CO2)4,i2_uptake_mmol_g,nelements,-0.05267846956849098
2,finetune_000228_v00,finetune_000228,Ho(CO2)4,i2_uptake_mmol_g,open_metal_site,-0.0
2,finetune_000228_v00,finetune_000228,Ho(CO2)4,i2_uptake_mmol_g,has_functional_group,-0.2579582631587982
2,finetune_000228_v00,finetune_000228,Ho(CO2)4,i2_uptake_mmol_g,mean_electronegativity_diff,-0.02168363332748413
2,finetune_000228_v00,finetune_000228,Ho(CO2)4,i2_uptake_mmol_g,mean_atomic_radius_A,-0.007265773136168718
2,finetune_000228_v00,finetune_000228,Ho(CO2)4,i2_uptake_mmol_g,mean_atomic_number,-0.01641417294740677
2,finetune_000228_v00,finetune_000228,Ho(CO2)4,i2_uptake_mmol_g,metal_fraction,-0.005363173317164183
2,finetune_000066_v00,finetune_000066,ZnHC4O3,xe_uptake_mmol_g,pore_volume_cm3_g,0.2352616786956787
2,finetune_000066_v00,finetune_000066,ZnHC4O3,xe_uptake_mmol_g,void_fraction,0.19121094048023224
2,finetune_000066_v00,finetune_000066,ZnHC4O3,xe_uptake_mmol_g,gravimetric_surface_area_m2_g,0.07342156022787094
2,finetune_000066_v00,finetune_000066,ZnHC4O3,xe_uptake_mmol_g,volumetric_surface_area_m2_cm3,0.02996196411550045
2,finetune_000066_v00,finetune_000066,ZnHC4O3,xe_uptake_mmol_g,lcd_A,0.05937279015779495
2,finetune_000066_v00,finetune_000066,ZnHC4O3,xe_uptake_mmol_g,pld_A,0.054584089666604996
2,finetune_000066_v00,finetune_000066,ZnHC4O3,xe_uptake_mmol_g,density_g_cm3,0.10820379108190536
2,finetune_000066_v00,finetune_000066,ZnHC4O3,xe_uptake_mmol_g,nsites,0.08024325221776962
2,finetune_000066_v00,finetune_000066,ZnHC4O3,xe_uptake_mmol_g,nelements,-0.0018291434971615672
2,finetune_000066_v00,finetune_000066,ZnHC4O3,xe_uptake_mmol_g,open_metal_site,-0.0
2,finetune_000066_v00,finetune_000066,ZnHC4O3,xe_uptake_mmol_g,has_functional_group,0.0004918301128782332
2,finetune_000066_v00,finetune_000066,ZnHC4O3,xe_uptake_mmol_g,mean_electronegativity_diff,-0.0001549258886370808
2,finetune_000066_v00,finetune_000066,ZnHC4O3,xe_uptake_mmol_g,mean_atomic_radius_A,-0.0025872213300317526
2,finetune_000066_v00,finetune_000066,ZnHC4O3,xe_uptake_mmol_g,mean_atomic_number,9.413396037416533e-05
2,finetune_000066_v00,finetune_000066,ZnHC4O3,xe_uptake_mmol_g,metal_fraction,0.06408018618822098
2,finetune_000066_v00,finetune_000066,ZnHC4O3,kr_uptake_mmol_g,pore_volume_cm3_g,0.2551403343677521
2,finetune_000066_v00,finetune_000066,ZnHC4O3,kr_uptake_mmol_g,void_fraction,0.19735397398471832
2,finetune_000066_v00,finetune_000066,ZnHC4O3,kr_uptake_mmol_g,gravimetric_surface_area_m2_g,0.07498292624950409
2,finetune_000066_v00,finetune_000066,ZnHC4O3,kr_uptake_mmol_g,volumetric_surface_area_m2_cm3,0.027077557519078255
2,finetune_000066_v00,finetune_000066,ZnHC4O3,kr_uptake_mmol_g,lcd_A,0.06102652847766876
2,finetune_000066_v00,finetune_000066,ZnHC4O3,kr_uptake_mmol_g,pld_A,0.056635867804288864
2,finetune_000066_v00,finetune_000066,ZnHC4O3,kr_uptake_mmol_g,density_g_cm3,0.11978847533464432
2,finetune_000066_v00,finetune_000066,ZnHC4O3,kr_uptake_mmol_g,nsites,0.08041626214981079
2,finetune_000066_v00,finetune_000066,ZnHC4O3,kr_uptake_mmol_g,nelements,-0.0014654864789918065
2,finetune_000066_v00,finetune_000066,ZnHC4O3,kr_uptake_mmol_g,open_metal_site,-0.0
2,finetune_000066_v00,finetune_000066,ZnHC4O3,kr_uptake_mmol_g,has_functional_group,0.007438522297888994
2,finetune_000066_v00,finetune_000066,ZnHC4O3,kr_uptake_mmol_g,mean_electronegativity_diff,0.0007038013427518308
2,finetune_000066_v00,finetune_000066,ZnHC4O3,kr_uptake_mmol_g,mean_atomic_radius_A,-0.001134077669121325
2,finetune_000066_v00,finetune_000066,ZnHC4O3,kr_uptake_mmol_g,mean_atomic_number,0.0010381926549598575
2,finetune_000066_v00,finetune_000066,ZnHC4O3,kr_uptake_mmol_g,metal_fraction,0.031151775270700455
2,finetune_000066_v00,finetune_000066,ZnHC4O3,xe_kr_selectivity,pore_volume_cm3_g,0.07533484697341919
2,finetune_000066_v00,finetune_000066,ZnHC4O3,xe_kr_selectivity,void_fraction,0.11548256874084473
2,finetune_000066_v00,finetune_000066,ZnHC4O3,xe_kr_selectivity,gravimetric_surface_area_m2_g,0.027451924979686737
2,finetune_000066_v00,finetune_000066,ZnHC4O3,xe_kr_selectivity,volumetric_surface_area_m2_cm3,0.01807427778840065
2,finetune_000066_v00,finetune_000066,ZnHC4O3,xe_kr_selectivity,lcd_A,0.06891480833292007
2,finetune_000066_v00,finetune_000066,ZnHC4O3,xe_kr_selectivity,pld_A,0.05476093292236328
2,finetune_000066_v00,finetune_000066,ZnHC4O3,xe_kr_selectivity,density_g_cm3,-0.01917281374335289
2,finetune_000066_v00,finetune_000066,ZnHC4O3,xe_kr_selectivity,nsites,0.07890603691339493
2,finetune_000066_v00,finetune_000066,ZnHC4O3,xe_kr_selectivity,nelements,0.01106259599328041
2,finetune_000066_v00,finetune_000066,ZnHC4O3,xe_kr_selectivity,open_metal_site,-0.0
2,finetune_000066_v00,finetune_000066,ZnHC4O3,xe_kr_selectivity,has_functional_group,-0.013683290220797062
2,finetune_000066_v00,finetune_000066,ZnHC4O3,xe_kr_selectivity,mean_electronegativity_diff,-0.025544235482811928
2,finetune_000066_v00,finetune_000066,ZnHC4O3,xe_kr_selectivity,mean_atomic_radius_A,-0.0035646415781229734
2,finetune_000066_v00,finetune_000066,ZnHC4O3,xe_kr_selectivity,mean_atomic_number,-0.00623753247782588
2,finetune_000066_v00,finetune_000066,ZnHC4O3,xe_kr_selectivity,metal_fraction,-0.058110423386096954
2,finetune_000066_v00,finetune_000066,ZnHC4O3,i2_uptake_mmol_g,pore_volume_cm3_g,0.21481816470623016
2,finetune_000066_v00,finetune_000066,ZnHC4O3,i2_uptake_mmol_g,void_fraction,0.1906343251466751
2,finetune_000066_v00,finetune_000066,ZnHC4O3,i2_uptake_mmol_g,gravimetric_surface_area_m2_g,0.06270214915275574
2,finetune_000066_v00,finetune_000066,ZnHC4O3,i2_uptake_mmol_g,volumetric_surface_area_m2_cm3,0.02809102274477482
2,finetune_000066_v00,finetune_000066,ZnHC4O3,i2_uptake_mmol_g,lcd_A,0.05013761296868324
2,finetune_000066_v00,finetune_000066,ZnHC4O3,i2_uptake_mmol_g,pld_A,0.05371851474046707
2,finetune_000066_v00,finetune_000066,ZnHC4O3,i2_uptake_mmol_g,density_g_cm3,0.09783516079187393
2,finetune_000066_v00,finetune_000066,ZnHC4O3,i2_uptake_mmol_g,nsites,0.08096900582313538
2,finetune_000066_v00,finetune_000066,ZnHC4O3,i2_uptake_mmol_g,nelements,-0.011251270771026611
2,finetune_000066_v00,finetune_000066,ZnHC4O3,i2_uptake_mmol_g,open_metal_site,-0.0
2,finetune_000066_v00,finetune_000066,ZnHC4O3,i2_uptake_mmol_g,has_functional_group,-0.2619289755821228
2,finetune_000066_v00,finetune_000066,ZnHC4O3,i2_uptake_mmol_g,mean_electronegativity_diff,0.004319321364164352
2,finetune_000066_v00,finetune_000066,ZnHC4O3,i2_uptake_mmol_g,mean_atomic_radius_A,-0.002580595901235938
2,finetune_000066_v00,finetune_000066,ZnHC4O3,i2_uptake_mmol_g,mean_atomic_number,0.0013237922685220838
2,finetune_000066_v00,finetune_000066,ZnHC4O3,i2_uptake_mmol_g,metal_fraction,0.039822448045015335
2,finetune_000282_v00,finetune_000282,Ho(CO2)4,xe_uptake_mmol_g,pore_volume_cm3_g,0.05592009797692299
2,finetune_000282_v00,finetune_000282,Ho(CO2)4,xe_uptake_mmol_g,void_fraction,0.19343534111976624
2,finetune_000282_v00,finetune_000282,Ho(CO2)4,xe_uptake_mmol_g,gravimetric_surface_area_m2_g,-0.025804759934544563
2,finetune_000282_v00,finetune_000282,Ho(CO2)4,xe_uptake_mmol_g,volumetric_surface_area_m2_cm3,0.03080570697784424
2,finetune_000282_v00,finetune_000282,Ho(CO2)4,xe_uptake_mmol_g,lcd_A,0.28431835770606995
2,finetune_000282_v00,finetune_000282,Ho(CO2)4,xe_uptake_mmol_g,pld_A,0.3797999322414398
2,finetune_000282_v00,finetune_000282,Ho(CO2)4,xe_uptake_mmol_g,density_g_cm3,-0.08932723850011826
2,finetune_000282_v00,finetune_000282,Ho(CO2)4,xe_uptake_mmol_g,nsites,0.050746772438287735
2,finetune_000282_v00,finetune_000282,Ho(CO2)4,xe_uptake_mmol_g,nelements,-0.007273677736520767
2,finetune_000282_v00,finetune_000282,Ho(CO2)4,xe_uptake_mmol_g,open_metal_site,-0.0
2,finetune_000282_v00,finetune_000282,Ho(CO2)4,xe_uptake_mmol_g,has_functional_group,-0.0005694074789062142
2,finetune_000282_v00,finetune_000282,Ho(CO2)4,xe_uptake_mmol_g,mean_electronegativity_diff,-0.009864511899650097
2,finetune_000282_v00,finetune_000282,Ho(CO2)4,xe_uptake_mmol_g,mean_atomic_radius_A,-0.007521039340645075
2,finetune_000282_v00,finetune_000282,Ho(CO2)4,xe_uptake_mmol_g,mean_atomic_number,-0.005055186804383993
2,finetune_000282_v00,finetune_000282,Ho(CO2)4,xe_uptake_mmol_g,metal_fraction,-0.007831071503460407
2,finetune_000282_v00,finetune_000282,Ho(CO2)4,kr_uptake_mmol_g,pore_volume_cm3_g,0.06062280386686325
2,finetune_000282_v00,finetune_000282,Ho(CO2)4,kr_uptake_mmol_g,void_fraction,0.19392554461956024
2,finetune_000282_v00,finetune_000282,Ho(CO2)4,kr_uptake_mmol_g,gravimetric_surface_area_m2_g,-0.025803102180361748
2,finetune_000282_v00,finetune_000282,Ho(CO2)4,kr_uptake_mmol_g,volumetric_surface_area_m2_cm3,0.027090229094028473
2,finetune_000282_v00,finetune_000282,Ho(CO2)4,kr_uptake_mmol_g,lcd_A,0.27195078134536743
2,finetune_000282_v00,finetune_000282,Ho(CO2)4,kr_uptake_mmol_g,pld_A,0.37077245116233826
2,finetune_000282_v00,finetune_000282,Ho(CO2)4,kr_uptake_mmol_g,density_g_cm3,-0.10088265687227249
2,finetune_000282_v00,finetune_000282,Ho(CO2)4,kr_uptake_mmol_g,nsites,0.047936905175447464
2,finetune_000282_v00,finetune_000282,Ho(CO2)4,kr_uptake_mmol_g,nelements,-0.006533795036375523
2,finetune_000282_v00,finetune_000282,Ho(CO2)4,kr_uptake_mmol_g,open_metal_site,-0.0
2,finetune_000282_v00,finetune_000282,Ho(CO2)4,kr_uptake_mmol_g,has_functional_group,0.007694949861615896
2,finetune_000282_v00,finetune_000282,Ho(CO2)4,kr_uptake_mmol_g,mean_electronegativity_diff,-0.014727968722581863
2,finetune_000282_v00,finetune_000282,Ho(CO2)4,kr_uptake_mmol_g,mean_atomic_radius_A,-0.005631720181554556
2,finetune_000282_v00,finetune_000282,Ho(CO2)4,kr_uptake_mmol_g,mean_atomic_number,-0.02756551466882229
2,finetune_000282_v00,finetune_000282,Ho(CO2)4,kr_uptake_mmol_g,metal_fraction,-0.004189428873360157
2,finetune_000282_v00,finetune_000282,Ho(CO2)4,xe_kr_selectivity,pore_volume_cm3_g,0.021880175918340683
2,finetune_000282_v00,finetune_000282,Ho(CO2)4,xe_kr_selectivity,void_fraction,0.13377034664154053
2,finetune_000282_v00,finetune_000282,Ho(CO2)4,xe_kr_selectivity,gravimetric_surface_area_m2_g,-0.011063420213758945
2,finetune_000282_v00,finetune_000282,Ho(CO2)4,xe_kr_selectivity,volumetric_surface_area_m2_cm3,0.023361682891845703
2,finetune_000282_v00,finetune_000282,Ho(CO2)4,xe_kr_selectivity,lcd_A,0.363228976726532
2,finetune_000282_v00,finetune_000282,Ho(CO2)4,xe_kr_selectivity,pld_A,0.41326016187667847
2,finetune_000282_v00,finetune_000282,Ho(CO2)4,xe_kr_selectivity,density_g_cm3,0.012944448739290237
2,finetune_000282_v00,finetune_000282,Ho(CO2)4,xe_kr_selectivity,nsites,0.06432095170021057
2,finetune_000282_v00,finetune_000282,Ho(CO2)4,xe_kr_selectivity,nelements,0.05553210526704788
2,finetune_000282_v00,finetune_000282,Ho(CO2)4,xe_kr_selectivity,open_metal_site,-0.0
2,finetune_000282_v00,finetune_000282,Ho(CO2)4,xe_kr_selectivity,has_functional_group,-0.02194543369114399
2,finetune_000282_v00,finetune_000282,Ho(CO2)4,xe_kr_selectivity,mean_electronegativity_diff,0.06931489706039429
2,finetune_000282_v00,finetune_000282,Ho(CO2)4,xe_kr_selectivity,mean_atomic_radius_A,0.0017461321549490094
2,finetune_000282_v00,finetune_000282,Ho(CO2)4,xe_kr_selectivity,mean_atomic_number,0.09534374624490738
2,finetune_000282_v00,finetune_000282,Ho(CO2)4,xe_kr_selectivity,metal_fraction,0.005432643927633762
2,finetune_000282_v00,finetune_000282,Ho(CO2)4,i2_uptake_mmol_g,pore_volume_cm3_g,0.05189300701022148
2,finetune_000282_v00,finetune_000282,Ho(CO2)4,i2_uptake_mmol_g,void_fraction,0.19007433950901031
2,finetune_000282_v00,finetune_000282,Ho(CO2)4,i2_uptake_mmol_g,gravimetric_surface_area_m2_g,-0.02140764333307743
2,finetune_000282_v00,finetune_000282,Ho(CO2)4,i2_uptake_mmol_g,volumetric_surface_area_m2_cm3,0.028563188388943672
2,finetune_000282_v00,finetune_000282,Ho(CO2)4,i2_uptake_mmol_g,lcd_A,0.23756997287273407
2,finetune_000282_v00,finetune_000282,Ho(CO2)4,i2_uptake_mmol_g,pld_A,0.3704076111316681
2,finetune_000282_v00,finetune_000282,Ho(CO2)4,i2_uptake_mmol_g,density_g_cm3,-0.0813809409737587
2,finetune_000282_v00,finetune_000282,Ho(CO2)4,i2_uptake_mmol_g,nsites,0.05208224058151245
2,finetune_000282_v00,finetune_000282,Ho(CO2)4,i2_uptake_mmol_g,nelements,-0.05267846956849098
2,finetune_000282_v00,finetune_000282,Ho(CO2)4,i2_uptake_mmol_g,open_metal_site,-0.0
2,finetune_000282_v00,finetune_000282,Ho(CO2)4,i2_uptake_mmol_g,has_functional_group,-0.2579582631587982
2,finetune_000282_v00,finetune_000282,Ho(CO2)4,i2_uptake_mmol_g,mean_electronegativity_diff,-0.02168363146483898
2,finetune_000282_v00,finetune_000282,Ho(CO2)4,i2_uptake_mmol_g,mean_atomic_radius_A,-0.007265773136168718
2,finetune_000282_v00,finetune_000282,Ho(CO2)4,i2_uptake_mmol_g,mean_atomic_number,-0.01641417294740677
2,finetune_000282_v00,finetune_000282,Ho(CO2)4,i2_uptake_mmol_g,metal_fraction,-0.005363173317164183
2,finetune_000224_v00,finetune_000224,Ho(CO2)4,xe_uptake_mmol_g,pore_volume_cm3_g,0.05592009797692299
2,finetune_000224_v00,finetune_000224,Ho(CO2)4,xe_uptake_mmol_g,void_fraction,0.19343534111976624
2,finetune_000224_v00,finetune_000224,Ho(CO2)4,xe_uptake_mmol_g,gravimetric_surface_area_m2_g,-0.025804761797189713
2,finetune_000224_v00,finetune_000224,Ho(CO2)4,xe_uptake_mmol_g,volumetric_surface_area_m2_cm3,0.03080570697784424
2,finetune_000224_v00,finetune_000224,Ho(CO2)4,xe_uptake_mmol_g,lcd_A,0.28431835770606995
2,finetune_000224_v00,finetune_000224,Ho(CO2)4,xe_uptake_mmol_g,pld_A,0.3797999322414398
2,finetune_000224_v00,finetune_000224,Ho(CO2)4,xe_uptake_mmol_g,density_g_cm3,-0.08932723850011826
2,finetune_000224_v00,finetune_000224,Ho(CO2)4,xe_uptake_mmol_g,nsites,0.050746772438287735
2,finetune_000224_v00,finetune_000224,Ho(CO2)4,xe_uptake_mmol_g,nelements,-0.007273676805198193
2,finetune_000224_v00,finetune_000224,Ho(CO2)4,xe_uptake_mmol_g,open_metal_site,-0.0
2,finetune_000224_v00,finetune_000224,Ho(CO2)4,xe_uptake_mmol_g,has_functional_group,-0.0005694070132449269
2,finetune_000224_v00,finetune_000224,Ho(CO2)4,xe_uptake_mmol_g,mean_electronegativity_diff,-0.009864510968327522
2,finetune_000224_v00,finetune_000224,Ho(CO2)4,xe_uptake_mmol_g,mean_atomic_radius_A,-0.0075210384093225
2,finetune_000224_v00,finetune_000224,Ho(CO2)4,xe_uptake_mmol_g,mean_atomic_number,-0.005055186804383993
2,finetune_000224_v00,finetune_000224,Ho(CO2)4,xe_uptake_mmol_g,metal_fraction,-0.007831071503460407
2,finetune_000224_v00,finetune_000224,Ho(CO2)4,kr_uptake_mmol_g,pore_volume_cm3_g,0.06062280386686325
2,finetune_000224_v00,finetune_000224,Ho(CO2)4,kr_uptake_mmol_g,void_fraction,0.19392554461956024
2,finetune_000224_v00,finetune_000224,Ho(CO2)4,kr_uptake_mmol_g,gravimetric_surface_area_m2_g,-0.025803102180361748
2,finetune_000224_v00,finetune_000224,Ho(CO2)4,kr_uptake_mmol_g,volumetric_surface_area_m2_cm3,0.027090229094028473
2,finetune_000224_v00,finetune_000224,Ho(CO2)4,kr_uptake_mmol_g,lcd_A,0.27195078134536743
2,finetune_000224_v00,finetune_000224,Ho(CO2)4,kr_uptake_mmol_g,pld_A,0.37077245116233826
2,finetune_000224_v00,finetune_000224,Ho(CO2)4,kr_uptake_mmol_g,density_g_cm3,-0.10088265687227249
2,finetune_000224_v00,finetune_000224,Ho(CO2)4,kr_uptake_mmol_g,nsites,0.04793689772486687
2,finetune_000224_v00,finetune_000224,Ho(CO2)4,kr_uptake_mmol_g,nelements,-0.006533795967698097
2,finetune_000224_v00,finetune_000224,Ho(CO2)4,kr_uptake_mmol_g,open_metal_site,-0.0
2,finetune_000224_v00,finetune_000224,Ho(CO2)4,kr_uptake_mmol_g,has_functional_group,0.007694951258599758
2,finetune_000224_v00,finetune_000224,Ho(CO2)4,kr_uptake_mmol_g,mean_electronegativity_diff,-0.014727966859936714
2,finetune_000224_v00,finetune_000224,Ho(CO2)4,kr_uptake_mmol_g,mean_atomic_radius_A,-0.005631719715893269
2,finetune_000224_v00,finetune_000224,Ho(CO2)4,kr_uptake_mmol_g,mean_atomic_number,-0.02756551466882229
2,finetune_000224_v00,finetune_000224,Ho(CO2)4,kr_uptake_mmol_g,metal_fraction,-0.004189428873360157
2,finetune_000224_v00,finetune_000224,Ho(CO2)4,xe_kr_selectivity,pore_volume_cm3_g,0.021880177780985832
2,finetune_000224_v00,finetune_000224,Ho(CO2)4,xe_kr_selectivity,void_fraction,0.13377034664154053
2,finetune_000224_v00,finetune_000224,Ho(CO2)4,xe_kr_selectivity,gravimetric_surface_area_m2_g,-0.011063420213758945
2,finetune_000224_v00,finetune_000224,Ho(CO2)4,xe_kr_selectivity,volumetric_surface_area_m2_cm3,0.023361682891845703
2,finetune_000224_v00,finetune_000224,Ho(CO2)4,xe_kr_selectivity,lcd_A,0.363228976726532
2,finetune_000224_v00,finetune_000224,Ho(CO2)4,xe_kr_selectivity,pld_A,0.41326016187667847
2,finetune_000224_v00,finetune_000224,Ho(CO2)4,xe_kr_selectivity,density_g_cm3,0.012944448739290237
2,finetune_000224_v00,finetune_000224,Ho(CO2)4,xe_kr_selectivity,nsites,0.06432095170021057
2,finetune_000224_v00,finetune_000224,Ho(CO2)4,xe_kr_selectivity,nelements,0.055532101541757584
2,finetune_000224_v00,finetune_000224,Ho(CO2)4,xe_kr_selectivity,open_metal_site,-0.0
2,finetune_000224_v00,finetune_000224,Ho(CO2)4,xe_kr_selectivity,has_functional_group,-0.02194543369114399
2,finetune_000224_v00,finetune_000224,Ho(CO2)4,xe_kr_selectivity,mean_electronegativity_diff,0.06931489706039429
2,finetune_000224_v00,finetune_000224,Ho(CO2)4,xe_kr_selectivity,mean_atomic_radius_A,0.0017461312236264348
2,finetune_000224_v00,finetune_000224,Ho(CO2)4,xe_kr_selectivity,mean_atomic_number,0.09534374624490738
2,finetune_000224_v00,finetune_000224,Ho(CO2)4,xe_kr_selectivity,metal_fraction,0.005432643461972475
2,finetune_000224_v00,finetune_000224,Ho(CO2)4,i2_uptake_mmol_g,pore_volume_cm3_g,0.05189300701022148
2,finetune_000224_v00,finetune_000224,Ho(CO2)4,i2_uptake_mmol_g,void_fraction,0.19007433950901031
2,finetune_000224_v00,finetune_000224,Ho(CO2)4,i2_uptake_mmol_g,gravimetric_surface_area_m2_g,-0.021407639607787132
2,finetune_000224_v00,finetune_000224,Ho(CO2)4,i2_uptake_mmol_g,volumetric_surface_area_m2_cm3,0.028563188388943672
2,finetune_000224_v00,finetune_000224,Ho(CO2)4,i2_uptake_mmol_g,lcd_A,0.23756997287273407
2,finetune_000224_v00,finetune_000224,Ho(CO2)4,i2_uptake_mmol_g,pld_A,0.3704076111316681
2,finetune_000224_v00,finetune_000224,Ho(CO2)4,i2_uptake_mmol_g,density_g_cm3,-0.0813809409737587
2,finetune_000224_v00,finetune_000224,Ho(CO2)4,i2_uptake_mmol_g,nsites,0.05208224058151245
2,finetune_000224_v00,finetune_000224,Ho(CO2)4,i2_uptake_mmol_g,nelements,-0.05267846956849098
2,finetune_000224_v00,finetune_000224,Ho(CO2)4,i2_uptake_mmol_g,open_metal_site,-0.0
2,finetune_000224_v00,finetune_000224,Ho(CO2)4,i2_uptake_mmol_g,has_functional_group,-0.2579582631587982
2,finetune_000224_v00,finetune_000224,Ho(CO2)4,i2_uptake_mmol_g,mean_electronegativity_diff,-0.02168363332748413
2,finetune_000224_v00,finetune_000224,Ho(CO2)4,i2_uptake_mmol_g,mean_atomic_radius_A,-0.00726577453315258
2,finetune_000224_v00,finetune_000224,Ho(CO2)4,i2_uptake_mmol_g,mean_atomic_number,-0.01641417294740677
2,finetune_000224_v00,finetune_000224,Ho(CO2)4,i2_uptake_mmol_g,metal_fraction,-0.005363173317164183
2,finetune_000232_v00,finetune_000232,MgH6C8S2(NO)4,xe_uptake_mmol_g,pore_volume_cm3_g,0.6663243770599365
2,finetune_000232_v00,finetune_000232,MgH6C8S2(NO)4,xe_uptake_mmol_g,void_fraction,0.32831376791000366
2,finetune_000232_v00,finetune_000232,MgH6C8S2(NO)4,xe_uptake_mmol_g,gravimetric_surface_area_m2_g,0.3997800946235657
2,finetune_000232_v00,finetune_000232,MgH6C8S2(NO)4,xe_uptake_mmol_g,volumetric_surface_area_m2_cm3,0.12940415740013123
2,finetune_000232_v00,finetune_000232,MgH6C8S2(NO)4,xe_uptake_mmol_g,lcd_A,0.20319780707359314
2,finetune_000232_v00,finetune_000232,MgH6C8S2(NO)4,xe_uptake_mmol_g,pld_A,0.24674484133720398
2,finetune_000232_v00,finetune_000232,MgH6C8S2(NO)4,xe_uptake_mmol_g,density_g_cm3,0.2836650013923645
2,finetune_000232_v00,finetune_000232,MgH6C8S2(NO)4,xe_uptake_mmol_g,nsites,0.04648507013916969
2,finetune_000232_v00,finetune_000232,MgH6C8S2(NO)4,xe_uptake_mmol_g,nelements,0.024129318073391914
2,finetune_000232_v00,finetune_000232,MgH6C8S2(NO)4,xe_uptake_mmol_g,open_metal_site,-0.0
2,finetune_000232_v00,finetune_000232,MgH6C8S2(NO)4,xe_uptake_mmol_g,has_functional_group,-0.005865593906491995
2,finetune_000232_v00,finetune_000232,MgH6C8S2(NO)4,xe_uptake_mmol_g,mean_electronegativity_diff,-0.004750867374241352
2,finetune_000232_v00,finetune_000232,MgH6C8S2(NO)4,xe_uptake_mmol_g,mean_atomic_radius_A,-0.006311437115073204
2,finetune_000232_v00,finetune_000232,MgH6C8S2(NO)4,xe_uptake_mmol_g,mean_atomic_number,0.008176217786967754
2,finetune_000232_v00,finetune_000232,MgH6C8S2(NO)4,xe_uptake_mmol_g,metal_fraction,-0.09146732836961746
2,finetune_000232_v00,finetune_000232,MgH6C8S2(NO)4,kr_uptake_mmol_g,pore_volume_cm3_g,0.7308785915374756
2,finetune_000232_v00,finetune_000232,MgH6C8S2(NO)4,kr_uptake_mmol_g,void_fraction,0.34352031350135803
2,finetune_000232_v00,finetune_000232,MgH6C8S2(NO)4,kr_uptake_mmol_g,gravimetric_surface_area_m2_g,0.41668859124183655
2,finetune_000232_v00,finetune_000232,MgH6C8S2(NO)4,kr_uptake_mmol_g,volumetric_surface_area_m2_cm3,0.11817440390586853
2,finetune_000232_v00,finetune_000232,MgH6C8S2(NO)4,kr_uptake_mmol_g,lcd_A,0.21541886031627655
2,finetune_000232_v00,finetune_000232,MgH6C8S2(NO)4,kr_uptake_mmol_g,pld_A,0.26074182987213135
2,finetune_000232_v00,finetune_000232,MgH6C8S2(NO)4,kr_uptake_mmol_g,density_g_cm3,0.31462183594703674
2,finetune_000232_v00,finetune_000232,MgH6C8S2(NO)4,kr_uptake_mmol_g,nsites,0.048118993639945984
2,finetune_000232_v00,finetune_000232,MgH6C8S2(NO)4,kr_uptake_mmol_g,nelements,0.02082194946706295
2,finetune_000232_v00,finetune_000232,MgH6C8S2(NO)4,kr_uptake_mmol_g,open_metal_site,-0.0
2,finetune_000232_v00,finetune_000232,MgH6C8S2(NO)4,kr_uptake_mmol_g,has_functional_group,0.002303145593032241
2,finetune_000232_v00,finetune_000232,MgH6C8S2(NO)4,kr_uptake_mmol_g,mean_electronegativity_diff,-0.002233397215604782
2,finetune_000232_v00,finetune_000232,MgH6C8S2(NO)4,kr_uptake_mmol_g,mean_atomic_radius_A,-0.011958196759223938
2,finetune_000232_v00,finetune_000232,MgH6C8S2(NO)4,kr_uptake_mmol_g,mean_atomic_number,0.023158326745033264
2,finetune_000232_v00,finetune_000232,MgH6C8S2(NO)4,kr_uptake_mmol_g,metal_fraction,-0.03864610195159912
2,finetune_000232_v00,finetune_000232,MgH6C8S2(NO)4,xe_kr_selectivity,pore_volume_cm3_g,0.16301372647285461
2,finetune_000232_v00,finetune_000232,MgH6C8S2(NO)4,xe_kr_selectivity,void_fraction,0.14510424435138702
2,finetune_000232_v00,finetune_000232,MgH6C8S2(NO)4,xe_kr_selectivity,gravimetric_surface_area_m2_g,0.12323415279388428
2,finetune_000232_v00,finetune_000232,MgH6C8S2(NO)4,xe_kr_selectivity,volumetric_surface_area_m2_cm3,0.06426490098237991
2,finetune_000232_v00,finetune_000232,MgH6C8S2(NO)4,xe_kr_selectivity,lcd_A,0.1813230961561203
2,finetune_000232_v00,finetune_000232,MgH6C8S2(NO)4,xe_kr_selectivity,pld_A,0.1959049552679062
2,finetune_000232_v00,finetune_000232,MgH6C8S2(NO)4,xe_kr_selectivity,density_g_cm3,-0.023887086659669876
2,finetune_000232_v00,finetune_000232,MgH6C8S2(NO)4,xe_kr_selectivity,nsites,0.03051643818616867
2,finetune_000232_v00,finetune_000232,MgH6C8S2(NO)4,xe_kr_selectivity,nelements,-0.09146971255540848
2,finetune_000232_v00,finetune_000232,MgH6C8S2(NO)4,xe_kr_selectivity,open_metal_site,0.0
2,finetune_000232_v00,finetune_000232,MgH6C8S2(NO)4,xe_kr_selectivity,has_functional_group,-0.012965734116733074
2,finetune_000232_v00,finetune_000232,MgH6C8S2(NO)4,xe_kr_selectivity,mean_electronegativity_diff,-0.016251221299171448
2,finetune_000232_v00,finetune_000232,MgH6C8S2(NO)4,xe_kr_selectivity,mean_atomic_radius_A,0.007080156821757555
2,finetune_000232_v00,finetune_000232,MgH6C8S2(NO)4,xe_kr_selectivity,mean_atomic_number,-0.0546189583837986
2,finetune_000232_v00,finetune_000232,MgH6C8S2(NO)4,xe_kr_selectivity,metal_fraction,0.09760496765375137
2,finetune_000232_v00,finetune_000232,MgH6C8S2(NO)4,i2_uptake_mmol_g,pore_volume_cm3_g,0.6010663509368896
2,finetune_000232_v00,finetune_000232,MgH6C8S2(NO)4,i2_uptake_mmol_g,void_fraction,0.3268086910247803
2,finetune_000232_v00,finetune_000232,MgH6C8S2(NO)4,i2_uptake_mmol_g,gravimetric_surface_area_m2_g,0.3597084879875183
2,finetune_000232_v00,finetune_000232,MgH6C8S2(NO)4,i2_uptake_mmol_g,volumetric_surface_area_m2_cm3,0.1206248328089714
2,finetune_000232_v00,finetune_000232,MgH6C8S2(NO)4,i2_uptake_mmol_g,lcd_A,0.18003670871257782
2,finetune_000232_v00,finetune_000232,MgH6C8S2(NO)4,i2_uptake_mmol_g,pld_A,0.24150845408439636
2,finetune_000232_v00,finetune_000232,MgH6C8S2(NO)4,i2_uptake_mmol_g,density_g_cm3,0.2659021317958832
2,finetune_000232_v00,finetune_000232,MgH6C8S2(NO)4,i2_uptake_mmol_g,nsites,0.04524039849638939
2,finetune_000232_v00,finetune_000232,MgH6C8S2(NO)4,i2_uptake_mmol_g,nelements,0.11784472316503525
2,finetune_000232_v00,finetune_000232,MgH6C8S2(NO)4,i2_uptake_mmol_g,open_metal_site,-0.0
2,finetune_000232_v00,finetune_000232,MgH6C8S2(NO)4,i2_uptake_mmol_g,has_functional_group,-0.31414347887039185
2,finetune_000232_v00,finetune_000232,MgH6C8S2(NO)4,i2_uptake_mmol_g,mean_electronegativity_diff,0.0018239873461425304
2,finetune_000232_v00,finetune_000232,MgH6C8S2(NO)4,i2_uptake_mmol_g,mean_atomic_radius_A,-0.00415219459682703
2,finetune_000232_v00,finetune_000232,MgH6C8S2(NO)4,i2_uptake_mmol_g,mean_atomic_number,0.03364875912666321
2,finetune_000232_v00,finetune_000232,MgH6C8S2(NO)4,i2_uptake_mmol_g,metal_fraction,-0.058308541774749756
2,finetune_000140_v00,finetune_000140,PrC15NO6,xe_uptake_mmol_g,pore_volume_cm3_g,-0.16248385608196259
2,finetune_000140_v00,finetune_000140,PrC15NO6,xe_uptake_mmol_g,void_fraction,-0.18035216629505157
2,finetune_000140_v00,finetune_000140,PrC15NO6,xe_uptake_mmol_g,gravimetric_surface_area_m2_g,-0.1103246733546257
2,finetune_000140_v00,finetune_000140,PrC15NO6,xe_uptake_mmol_g,volumetric_surface_area_m2_cm3,-0.10061723738908768
2,finetune_000140_v00,finetune_000140,PrC15NO6,xe_uptake_mmol_g,lcd_A,-0.08448061347007751
2,finetune_000140_v00,finetune_000140,PrC15NO6,xe_uptake_mmol_g,pld_A,-0.13878029584884644
2,finetune_000140_v00,finetune_000140,PrC15NO6,xe_uptake_mmol_g,density_g_cm3,0.00016429554671049118
2,finetune_000140_v00,finetune_000140,PrC15NO6,xe_uptake_mmol_g,nsites,-0.006579778157174587
2,finetune_000140_v00,finetune_000140,PrC15NO6,xe_uptake_mmol_g,nelements,-0.0014229277148842812
2,finetune_000140_v00,finetune_000140,PrC15NO6,xe_uptake_mmol_g,open_metal_site,-0.0
2,finetune_000140_v00,finetune_000140,PrC15NO6,xe_uptake_mmol_g,has_functional_group,0.006991364061832428
2,finetune_000140_v00,finetune_000140,PrC15NO6,xe_uptake_mmol_g,mean_electronegativity_diff,-0.020833754912018776
2,finetune_000140_v00,finetune_000140,PrC15NO6,xe_uptake_mmol_g,mean_atomic_radius_A,-0.009958349168300629
2,finetune_000140_v00,finetune_000140,PrC15NO6,xe_uptake_mmol_g,mean_atomic_number,-0.0003809336049016565
2,finetune_000140_v00,finetune_000140,PrC15NO6,xe_uptake_mmol_g,metal_fraction,-0.046556148678064346
2,finetune_000140_v00,finetune_000140,PrC15NO6,kr_uptake_mmol_g,pore_volume_cm3_g,-0.18307018280029297
2,finetune_000140_v00,finetune_000140,PrC15NO6,kr_uptake_mmol_g,void_fraction,-0.18942035734653473
2,finetune_000140_v00,finetune_000140,PrC15NO6,kr_uptake_mmol_g,gravimetric_surface_area_m2_g,-0.10677813738584518
2,finetune_000140_v00,finetune_000140,PrC15NO6,kr_uptake_mmol_g,volumetric_surface_area_m2_cm3,-0.08712508529424667
2,finetune_000140_v00,finetune_000140,PrC15NO6,kr_uptake_mmol_g,lcd_A,-0.08551998436450958
2,finetune_000140_v00,finetune_000140,PrC15NO6,kr_uptake_mmol_g,pld_A,-0.150278702378273
2,finetune_000140_v00,finetune_000140,PrC15NO6,kr_uptake_mmol_g,density_g_cm3,0.00018624597578309476
2,finetune_000140_v00,finetune_000140,PrC15NO6,kr_uptake_mmol_g,nsites,-0.005855053197592497
2,finetune_000140_v00,finetune_000140,PrC15NO6,kr_uptake_mmol_g,nelements,3.303547782707028e-05
2,finetune_000140_v00,finetune_000140,PrC15NO6,kr_uptake_mmol_g,open_metal_site,-0.0
2,finetune_000140_v00,finetune_000140,PrC15NO6,kr_uptake_mmol_g,has_functional_group,0.0033309173304587603
2,finetune_000140_v00,finetune_000140,PrC15NO6,kr_uptake_mmol_g,mean_electronegativity_diff,-0.008454769849777222
2,finetune_000140_v00,finetune_000140,PrC15NO6,kr_uptake_mmol_g,mean_atomic_radius_A,-0.00992590468376875
2,finetune_000140_v00,finetune_000140,PrC15NO6,kr_uptake_mmol_g,mean_atomic_number,-0.0003789879265241325
2,finetune_000140_v00,finetune_000140,PrC15NO6,kr_uptake_mmol_g,metal_fraction,-0.01939786784350872
2,finetune_000140_v00,finetune_000140,PrC15NO6,xe_kr_selectivity,pore_volume_cm3_g,-0.10682006180286407
2,finetune_000140_v00,finetune_000140,PrC15NO6,xe_kr_selectivity,void_fraction,-0.19876834750175476
2,finetune_000140_v00,finetune_000140,PrC15NO6,xe_kr_selectivity,gravimetric_surface_area_m2_g,-0.06729419529438019
2,finetune_000140_v00,finetune_000140,PrC15NO6,xe_kr_selectivity,volumetric_surface_area_m2_cm3,-0.10072238743305206
2,finetune_000140_v00,finetune_000140,PrC15NO6,xe_kr_selectivity,lcd_A,-0.15769807994365692
2,finetune_000140_v00,finetune_000140,PrC15NO6,xe_kr_selectivity,pld_A,-0.22634130716323853
2,finetune_000140_v00,finetune_000140,PrC15NO6,xe_kr_selectivity,density_g_cm3,-5.88112925470341e-05
2,finetune_000140_v00,finetune_000140,PrC15NO6,xe_kr_selectivity,nsites,-0.013517739251255989
2,finetune_000140_v00,finetune_000140,PrC15NO6,xe_kr_selectivity,nelements,0.006081707309931517
2,finetune_000140_v00,finetune_000140,PrC15NO6,xe_kr_selectivity,open_metal_site,-0.0
2,finetune_000140_v00,finetune_000140,PrC15NO6,xe_kr_selectivity,has_functional_group,0.0022622698452323675
2,finetune_000140_v00,finetune_000140,PrC15NO6,xe_kr_selectivity,mean_electronegativity_diff,0.03695107623934746
2,finetune_000140_v00,finetune_000140,PrC15NO6,xe_kr_selectivity,mean_atomic_radius_A,-0.0240278709679842
2,finetune_000140_v00,finetune_000140,PrC15NO6,xe_kr_selectivity,mean_atomic_number,-0.0034785009920597076
2,finetune_000140_v00,finetune_000140,PrC15NO6,xe_kr_selectivity,metal_fraction,0.03389180451631546
2,finetune_000140_v00,finetune_000140,PrC15NO6,i2_uptake_mmol_g,pore_volume_cm3_g,-0.16562578082084656
2,finetune_000140_v00,finetune_000140,PrC15NO6,i2_uptake_mmol_g,void_fraction,-0.20452624559402466
2,finetune_000140_v00,finetune_000140,PrC15NO6,i2_uptake_mmol_g,gravimetric_surface_area_m2_g,-0.09306477010250092
2,finetune_000140_v00,finetune_000140,PrC15NO6,i2_uptake_mmol_g,volumetric_surface_area_m2_cm3,-0.0972655862569809
2,finetune_000140_v00,finetune_000140,PrC15NO6,i2_uptake_mmol_g,lcd_A,-0.07008367031812668
2,finetune_000140_v00,finetune_000140,PrC15NO6,i2_uptake_mmol_g,pld_A,-0.14630639553070068
2,finetune_000140_v00,finetune_000140,PrC15NO6,i2_uptake_mmol_g,density_g_cm3,0.00016398640582337976
2,finetune_000140_v00,finetune_000140,PrC15NO6,i2_uptake_mmol_g,nsites,-0.005897871684283018
2,finetune_000140_v00,finetune_000140,PrC15NO6,i2_uptake_mmol_g,nelements,-0.00552508095279336
2,finetune_000140_v00,finetune_000140,PrC15NO6,i2_uptake_mmol_g,open_metal_site,-0.0
2,finetune_000140_v00,finetune_000140,PrC15NO6,i2_uptake_mmol_g,has_functional_group,-0.12567833065986633
2,finetune_000140_v00,finetune_000140,PrC15NO6,i2_uptake_mmol_g,mean_electronegativity_diff,-0.018051443621516228
2,finetune_000140_v00,finetune_000140,PrC15NO6,i2_uptake_mmol_g,mean_atomic_radius_A,-0.016387199983000755
2,finetune_000140_v00,finetune_000140,PrC15NO6,i2_uptake_mmol_g,mean_atomic_number,-0.00044644056470133364
2,finetune_000140_v00,finetune_000140,PrC15NO6,i2_uptake_mmol_g,metal_fraction,-0.032540060579776764
2,finetune_000016_v00,finetune_000016,ErH4(CO2)4,xe_uptake_mmol_g,pore_volume_cm3_g,-0.16392256319522858
2,finetune_000016_v00,finetune_000016,ErH4(CO2)4,xe_uptake_mmol_g,void_fraction,-0.1582345962524414
2,finetune_000016_v00,finetune_000016,ErH4(CO2)4,xe_uptake_mmol_g,gravimetric_surface_area_m2_g,-0.08608978241682053
2,finetune_000016_v00,finetune_000016,ErH4(CO2)4,xe_uptake_mmol_g,volumetric_surface_area_m2_cm3,-0.05495569109916687
2,finetune_000016_v00,finetune_000016,ErH4(CO2)4,xe_uptake_mmol_g,lcd_A,-0.13132131099700928
2,finetune_000016_v00,finetune_000016,ErH4(CO2)4,xe_uptake_mmol_g,pld_A,-0.12481387704610825
2,finetune_000016_v00,finetune_000016,ErH4(CO2)4,xe_uptake_mmol_g,density_g_cm3,-0.11233635246753693
2,finetune_000016_v00,finetune_000016,ErH4(CO2)4,xe_uptake_mmol_g,nsites,-0.054909929633140564
2,finetune_000016_v00,finetune_000016,ErH4(CO2)4,xe_uptake_mmol_g,nelements,-0.0012176105519756675
2,finetune_000016_v00,finetune_000016,ErH4(CO2)4,xe_uptake_mmol_g,open_metal_site,-0.0
2,finetune_000016_v00,finetune_000016,ErH4(CO2)4,xe_uptake_mmol_g,has_functional_group,0.010835079476237297
2,finetune_000016_v00,finetune_000016,ErH4(CO2)4,xe_uptake_mmol_g,mean_electronegativity_diff,-0.009784805588424206
2,finetune_000016_v00,finetune_000016,ErH4(CO2)4,xe_uptake_mmol_g,mean_atomic_radius_A,0.006278985179960728
2,finetune_000016_v00,finetune_000016,ErH4(CO2)4,xe_uptake_mmol_g,mean_atomic_number,0.0006866894545964897
2,finetune_000016_v00,finetune_000016,ErH4(CO2)4,xe_uptake_mmol_g,metal_fraction,-0.024138906970620155
2,finetune_000016_v00,finetune_000016,ErH4(CO2)4,kr_uptake_mmol_g,pore_volume_cm3_g,-0.18058867752552032
2,finetune_000016_v00,finetune_000016,ErH4(CO2)4,kr_uptake_mmol_g,void_fraction,-0.16483934223651886
2,finetune_000016_v00,finetune_000016,ErH4(CO2)4,kr_uptake_mmol_g,gravimetric_surface_area_m2_g,-0.07900449633598328
2,finetune_000016_v00,finetune_000016,ErH4(CO2)4,kr_uptake_mmol_g,volumetric_surface_area_m2_cm3,-0.04598274827003479
2,finetune_000016_v00,finetune_000016,ErH4(CO2)4,kr_uptake_mmol_g,lcd_A,-0.12973986566066742
2,finetune_000016_v00,finetune_000016,ErH4(CO2)4,kr_uptake_mmol_g,pld_A,-0.13300509750843048
2,finetune_000016_v00,finetune_000016,ErH4(CO2)4,kr_uptake_mmol_g,density_g_cm3,-0.1206243485212326
2,finetune_000016_v00,finetune_000016,ErH4(CO2)4,kr_uptake_mmol_g,nsites,-0.04504269361495972
2,finetune_000016_v00,finetune_000016,ErH4(CO2)4,kr_uptake_mmol_g,nelements,6.636924081249163e-05
2,finetune_000016_v00,finetune_000016,ErH4(CO2)4,kr_uptake_mmol_g,open_metal_site,-0.0
2,finetune_000016_v00,finetune_000016,ErH4(CO2)4,kr_uptake_mmol_g,has_functional_group,0.008371683768928051
2,finetune_000016_v00,finetune_000016,ErH4(CO2)4,kr_uptake_mmol_g,mean_electronegativity_diff,-0.0037928668316453695
2,finetune_000016_v00,finetune_000016,ErH4(CO2)4,kr_uptake_mmol_g,mean_atomic_radius_A,0.006923917215317488
2,finetune_000016_v00,finetune_000016,ErH4(CO2)4,kr_uptake_mmol_g,mean_atomic_number,0.0006848867051303387
2,finetune_000016_v00,finetune_000016,ErH4(CO2)4,kr_uptake_mmol_g,metal_fraction,-0.00809699110686779
2,finetune_000016_v00,finetune_000016,ErH4(CO2)4,xe_kr_selectivity,pore_volume_cm3_g,-0.10236202925443649
2,finetune_000016_v00,finetune_000016,ErH4(CO2)4,xe_kr_selectivity,void_fraction,-0.16608071327209473
2,finetune_000016_v00,finetune_000016,ErH4(CO2)4,xe_kr_selectivity,gravimetric_surface_area_m2_g,-0.04447893053293228
2,finetune_000016_v00,finetune_000016,ErH4(CO2)4,xe_kr_selectivity,volumetric_surface_area_m2_cm3,-0.05289927497506142
2,finetune_000016_v00,finetune_000016,ErH4(CO2)4,xe_kr_selectivity,lcd_A,-0.24378256499767303
2,finetune_000016_v00,finetune_000016,ErH4(CO2)4,xe_kr_selectivity,pld_A,-0.20527924597263336
2,finetune_000016_v00,finetune_000016,ErH4(CO2)4,xe_kr_selectivity,density_g_cm3,0.0392039455473423
2,finetune_000016_v00,finetune_000016,ErH4(CO2)4,xe_kr_selectivity,nsites,-0.11396098881959915
2,finetune_000016_v00,finetune_000016,ErH4(CO2)4,xe_kr_selectivity,nelements,0.005645140539854765
2,finetune_000016_v00,finetune_000016,ErH4(CO2)4,xe_kr_selectivity,open_metal_site,-0.0
2,finetune_000016_v00,finetune_000016,ErH4(CO2)4,xe_kr_selectivity,has_functional_group,0.007522525731474161
2,finetune_000016_v00,finetune_000016,ErH4(CO2)4,xe_kr_selectivity,mean_electronegativity_diff,0.015657346695661545
2,finetune_000016_v00,finetune_000016,ErH4(CO2)4,xe_kr_selectivity,mean_atomic_radius_A,0.02550213411450386
2,finetune_000016_v00,finetune_000016,ErH4(CO2)4,xe_kr_selectivity,mean_atomic_number,0.00961131788790226
2,finetune_000016_v00,finetune_000016,ErH4(CO2)4,xe_kr_selectivity,metal_fraction,0.022067490965127945
2,finetune_000016_v00,finetune_000016,ErH4(CO2)4,i2_uptake_mmol_g,pore_volume_cm3_g,-0.15492616593837738
2,finetune_000016_v00,finetune_000016,ErH4(CO2)4,i2_uptake_mmol_g,void_fraction,-0.16912344098091125
2,finetune_000016_v00,finetune_000016,ErH4(CO2)4,i2_uptake_mmol_g,gravimetric_surface_area_m2_g,-0.06494233012199402
2,finetune_000016_v00,finetune_000016,ErH4(CO2)4,i2_uptake_mmol_g,volumetric_surface_area_m2_cm3,-0.049891397356987
2,finetune_000016_v00,finetune_000016,ErH4(CO2)4,i2_uptake_mmol_g,lcd_A,-0.09903323650360107
2,finetune_000016_v00,finetune_000016,ErH4(CO2)4,i2_uptake_mmol_g,pld_A,-0.12280313670635223
2,finetune_000016_v00,finetune_000016,ErH4(CO2)4,i2_uptake_mmol_g,density_g_cm3,-0.10157911479473114
2,finetune_000016_v00,finetune_000016,ErH4(CO2)4,i2_uptake_mmol_g,nsites,-0.04272008687257767
2,finetune_000016_v00,finetune_000016,ErH4(CO2)4,i2_uptake_mmol_g,nelements,-0.004079457838088274
2,finetune_000016_v00,finetune_000016,ErH4(CO2)4,i2_uptake_mmol_g,open_metal_site,-0.0
2,finetune_000016_v00,finetune_000016,ErH4(CO2)4,i2_uptake_mmol_g,has_functional_group,-0.10053486377000809
2,finetune_000016_v00,finetune_000016,ErH4(CO2)4,i2_uptake_mmol_g,mean_electronegativity_diff,-0.007382652722299099
2,finetune_000016_v00,finetune_000016,ErH4(CO2)4,i2_uptake_mmol_g,mean_atomic_radius_A,0.01647450402379036
2,finetune_000016_v00,finetune_000016,ErH4(CO2)4,i2_uptake_mmol_g,mean_atomic_number,0.001357329310849309
2,finetune_000016_v00,finetune_000016,ErH4(CO2)4,i2_uptake_mmol_g,metal_fraction,-0.01349552720785141
2,finetune_000248_v00,finetune_000248,YH4(CO2)4,xe_uptake_mmol_g,pore_volume_cm3_g,-0.16257628798484802
2,finetune_000248_v00,finetune_000248,YH4(CO2)4,xe_uptake_mmol_g,void_fraction,-0.1664394587278366
2,finetune_000248_v00,finetune_000248,YH4(CO2)4,xe_uptake_mmol_g,gravimetric_surface_area_m2_g,-0.07500480860471725
2,finetune_000248_v00,finetune_000248,YH4(CO2)4,xe_uptake_mmol_g,volumetric_surface_area_m2_cm3,-0.05347135663032532
2,finetune_000248_v00,finetune_000248,YH4(CO2)4,xe_uptake_mmol_g,lcd_A,-0.13706593215465546
2,finetune_000248_v00,finetune_000248,YH4(CO2)4,xe_uptake_mmol_g,pld_A,-0.1309388279914856
2,finetune_000248_v00,finetune_000248,YH4(CO2)4,xe_uptake_mmol_g,density_g_cm3,-0.04435009881854057
2,finetune_000248_v00,finetune_000248,YH4(CO2)4,xe_uptake_mmol_g,nsites,-0.061768002808094025
2,finetune_000248_v00,finetune_000248,YH4(CO2)4,xe_uptake_mmol_g,nelements,-0.001171156414784491
2,finetune_000248_v00,finetune_000248,YH4(CO2)4,xe_uptake_mmol_g,open_metal_site,-0.0
2,finetune_000248_v00,finetune_000248,YH4(CO2)4,xe_uptake_mmol_g,has_functional_group,0.010785890743136406
2,finetune_000248_v00,finetune_000248,YH4(CO2)4,xe_uptake_mmol_g,mean_electronegativity_diff,-0.009874994866549969
2,finetune_000248_v00,finetune_000248,YH4(CO2)4,xe_uptake_mmol_g,mean_atomic_radius_A,0.006670729722827673
2,finetune_000248_v00,finetune_000248,YH4(CO2)4,xe_uptake_mmol_g,mean_atomic_number,-0.0025807321071624756
2,finetune_000248_v00,finetune_000248,YH4(CO2)4,xe_uptake_mmol_g,metal_fraction,-0.02443644404411316
2,finetune_000248_v00,finetune_000248,YH4(CO2)4,kr_uptake_mmol_g,pore_volume_cm3_g,-0.18054820597171783
2,finetune_000248_v00,finetune_000248,YH4(CO2)4,kr_uptake_mmol_g,void_fraction,-0.176190584897995
2,finetune_000248_v00,finetune_000248,YH4(CO2)4,kr_uptake_mmol_g,gravimetric_surface_area_m2_g,-0.07083112001419067
2,finetune_000248_v00,finetune_000248,YH4(CO2)4,kr_uptake_mmol_g,volumetric_surface_area_m2_cm3,-0.04536958411335945
2,finetune_000248_v00,finetune_000248,YH4(CO2)4,kr_uptake_mmol_g,lcd_A,-0.14022193849086761
2,finetune_000248_v00,finetune_000248,YH4(CO2)4,kr_uptake_mmol_g,pld_A,-0.14325140416622162
2,finetune_000248_v00,finetune_000248,YH4(CO2)4,kr_uptake_mmol_g,density_g_cm3,-0.04844716936349869
2,finetune_000248_v00,finetune_000248,YH4(CO2)4,kr_uptake_mmol_g,nsites,-0.05332786962389946
2,finetune_000248_v00,finetune_000248,YH4(CO2)4,kr_uptake_mmol_g,nelements,0.00010603620467009023
2,finetune_000248_v00,finetune_000248,YH4(CO2)4,kr_uptake_mmol_g,open_metal_site,-0.0
2,finetune_000248_v00,finetune_000248,YH4(CO2)4,kr_uptake_mmol_g,has_functional_group,0.0081470413133502
2,finetune_000248_v00,finetune_000248,YH4(CO2)4,kr_uptake_mmol_g,mean_electronegativity_diff,-0.0034394150134176016
2,finetune_000248_v00,finetune_000248,YH4(CO2)4,kr_uptake_mmol_g,mean_atomic_radius_A,0.007260823156684637
2,finetune_000248_v00,finetune_000248,YH4(CO2)4,kr_uptake_mmol_g,mean_atomic_number,-0.0023862742818892
2,finetune_000248_v00,finetune_000248,YH4(CO2)4,kr_uptake_mmol_g,metal_fraction,-0.00775907002389431
2,finetune_000248_v00,finetune_000248,YH4(CO2)4,xe_kr_selectivity,pore_volume_cm3_g,-0.09904399514198303
2,finetune_000248_v00,finetune_000248,YH4(CO2)4,xe_kr_selectivity,void_fraction,-0.1678299605846405
2,finetune_000248_v00,finetune_000248,YH4(CO2)4,xe_kr_selectivity,gravimetric_surface_area_m2_g,-0.03910652920603752
2,finetune_000248_v00,finetune_000248,YH4(CO2)4,xe_kr_selectivity,volumetric_surface_area_m2_cm3,-0.049751266837120056
2,finetune_000248_v00,finetune_000248,YH4(CO2)4,xe_kr_selectivity,lcd_A,-0.2443610280752182
2,finetune_000248_v00,finetune_000248,YH4(CO2)4,xe_kr_selectivity,pld_A,-0.20701248943805695
2,finetune_000248_v00,finetune_000248,YH4(CO2)4,xe_kr_selectivity,density_g_cm3,0.01358691044151783
2,finetune_000248_v00,finetune_000248,YH4(CO2)4,xe_kr_selectivity,nsites,-0.11225373297929764
2,finetune_000248_v00,finetune_000248,YH4(CO2)4,xe_kr_selectivity,nelements,0.006194667425006628
2,finetune_000248_v00,finetune_000248,YH4(CO2)4,xe_kr_selectivity,open_metal_site,-0.0
2,finetune_000248_v00,finetune_000248,YH4(CO2)4,xe_kr_selectivity,has_functional_group,0.007890344597399235
2,finetune_000248_v00,finetune_000248,YH4(CO2)4,xe_kr_selectivity,mean_electronegativity_diff,0.0178856011480093
2,finetune_000248_v00,finetune_000248,YH4(CO2)4,xe_kr_selectivity,mean_atomic_radius_A,0.026799052953720093
2,finetune_000248_v00,finetune_000248,YH4(CO2)4,xe_kr_selectivity,mean_atomic_number,-0.029155606403946877
2,finetune_000248_v00,finetune_000248,YH4(CO2)4,xe_kr_selectivity,metal_fraction,0.02435176633298397
2,finetune_000248_v00,finetune_000248,YH4(CO2)4,i2_uptake_mmol_g,pore_volume_cm3_g,-0.15363185107707977
2,finetune_000248_v00,finetune_000248,YH4(CO2)4,i2_uptake_mmol_g,void_fraction,-0.17846794426441193
2,finetune_000248_v00,finetune_000248,YH4(CO2)4,i2_uptake_mmol_g,gravimetric_surface_area_m2_g,-0.05798782780766487
2,finetune_000248_v00,finetune_000248,YH4(CO2)4,i2_uptake_mmol_g,volumetric_surface_area_m2_cm3,-0.04854697361588478
2,finetune_000248_v00,finetune_000248,YH4(CO2)4,i2_uptake_mmol_g,lcd_A,-0.1055108830332756
2,finetune_000248_v00,finetune_000248,YH4(CO2)4,i2_uptake_mmol_g,pld_A,-0.13023777306079865
2,finetune_000248_v00,finetune_000248,YH4(CO2)4,i2_uptake_mmol_g,density_g_cm3,-0.04084150865674019
2,finetune_000248_v00,finetune_000248,YH4(CO2)4,i2_uptake_mmol_g,nsites,-0.04958045482635498
2,finetune_000248_v00,finetune_000248,YH4(CO2)4,i2_uptake_mmol_g,nelements,-0.004430148750543594
2,finetune_000248_v00,finetune_000248,YH4(CO2)4,i2_uptake_mmol_g,open_metal_site,-0.0
2,finetune_000248_v00,finetune_000248,YH4(CO2)4,i2_uptake_mmol_g,has_functional_group,-0.1072441041469574
2,finetune_000248_v00,finetune_000248,YH4(CO2)4,i2_uptake_mmol_g,mean_electronegativity_diff,-0.007270840462297201
2,finetune_000248_v00,finetune_000248,YH4(CO2)4,i2_uptake_mmol_g,mean_atomic_radius_A,0.015896419063210487
2,finetune_000248_v00,finetune_000248,YH4(CO2)4,i2_uptake_mmol_g,mean_atomic_number,-0.0038886333350092173
2,finetune_000248_v00,finetune_000248,YH4(CO2)4,i2_uptake_mmol_g,metal_fraction,-0.013430234044790268
2,finetune_000079_v00,finetune_000079,MgPHCO6,xe_uptake_mmol_g,pore_volume_cm3_g,-0.0814317986369133
2,finetune_000079_v00,finetune_000079,MgPHCO6,xe_uptake_mmol_g,void_fraction,-0.06829256564378738
2,finetune_000079_v00,finetune_000079,MgPHCO6,xe_uptake_mmol_g,gravimetric_surface_area_m2_g,0.0013564086984843016
2,finetune_000079_v00,finetune_000079,MgPHCO6,xe_uptake_mmol_g,volumetric_surface_area_m2_cm3,0.014411218464374542
2,finetune_000079_v00,finetune_000079,MgPHCO6,xe_uptake_mmol_g,lcd_A,-0.11837425827980042
2,finetune_000079_v00,finetune_000079,MgPHCO6,xe_uptake_mmol_g,pld_A,-0.1701134592294693
2,finetune_000079_v00,finetune_000079,MgPHCO6,xe_uptake_mmol_g,density_g_cm3,0.001073329709470272
2,finetune_000079_v00,finetune_000079,MgPHCO6,xe_uptake_mmol_g,nsites,-0.056351155042648315
2,finetune_000079_v00,finetune_000079,MgPHCO6,xe_uptake_mmol_g,nelements,0.006151547189801931
2,finetune_000079_v00,finetune_000079,MgPHCO6,xe_uptake_mmol_g,open_metal_site,-0.0
2,finetune_000079_v00,finetune_000079,MgPHCO6,xe_uptake_mmol_g,has_functional_group,0.013217974454164505
2,finetune_000079_v00,finetune_000079,MgPHCO6,xe_uptake_mmol_g,mean_electronegativity_diff,0.0015612640418112278
2,finetune_000079_v00,finetune_000079,MgPHCO6,xe_uptake_mmol_g,mean_atomic_radius_A,-0.003588577965274453
2,finetune_000079_v00,finetune_000079,MgPHCO6,xe_uptake_mmol_g,mean_atomic_number,-0.0007848058012314141
2,finetune_000079_v00,finetune_000079,MgPHCO6,xe_uptake_mmol_g,metal_fraction,0.025246329605579376
2,finetune_000079_v00,finetune_000079,MgPHCO6,kr_uptake_mmol_g,pore_volume_cm3_g,-0.08969572931528091
2,finetune_000079_v00,finetune_000079,MgPHCO6,kr_uptake_mmol_g,void_fraction,-0.07348000258207321
2,finetune_000079_v00,finetune_000079,MgPHCO6,kr_uptake_mmol_g,gravimetric_surface_area_m2_g,0.0013643507845699787
2,finetune_000079_v00,finetune_000079,MgPHCO6,kr_uptake_mmol_g,volumetric_surface_area_m2_cm3,0.012628650292754173
2,finetune_000079_v00,finetune_000079,MgPHCO6,kr_uptake_mmol_g,lcd_A,-0.13028548657894135
2,finetune_000079_v00,finetune_000079,MgPHCO6,kr_uptake_mmol_g,pld_A,-0.18827785551548004
2,finetune_000079_v00,finetune_000079,MgPHCO6,kr_uptake_mmol_g,density_g_cm3,0.001164449960924685
2,finetune_000079_v00,finetune_000079,MgPHCO6,kr_uptake_mmol_g,nsites,-0.05542167276144028
2,finetune_000079_v00,finetune_000079,MgPHCO6,kr_uptake_mmol_g,nelements,0.0025993098970502615
2,finetune_000079_v00,finetune_000079,MgPHCO6,kr_uptake_mmol_g,open_metal_site,-0.0
2,finetune_000079_v00,finetune_000079,MgPHCO6,kr_uptake_mmol_g,has_functional_group,0.015322178602218628
2,finetune_000079_v00,finetune_000079,MgPHCO6,kr_uptake_mmol_g,mean_electronegativity_diff,0.0002810096775647253
2,finetune_000079_v00,finetune_000079,MgPHCO6,kr_uptake_mmol_g,mean_atomic_radius_A,-0.002543405396863818
2,finetune_000079_v00,finetune_000079,MgPHCO6,kr_uptake_mmol_g,mean_atomic_number,-0.0005693899001926184
2,finetune_000079_v00,finetune_000079,MgPHCO6,kr_uptake_mmol_g,metal_fraction,0.008804933167994022
2,finetune_000079_v00,finetune_000079,MgPHCO6,xe_kr_selectivity,pore_volume_cm3_g,-0.03209028020501137
2,finetune_000079_v00,finetune_000079,MgPHCO6,xe_kr_selectivity,void_fraction,-0.05038908123970032
2,finetune_000079_v00,finetune_000079,MgPHCO6,xe_kr_selectivity,gravimetric_surface_area_m2_g,0.0005513243959285319
2,finetune_000079_v00,finetune_000079,MgPHCO6,xe_kr_selectivity,volumetric_surface_area_m2_cm3,0.00931635033339262
2,finetune_000079_v00,finetune_000079,MgPHCO6,xe_kr_selectivity,lcd_A,-0.17734602093696594
2,finetune_000079_v00,finetune_000079,MgPHCO6,xe_kr_selectivity,pld_A,-0.21412816643714905
2,finetune_000079_v00,finetune_000079,MgPHCO6,xe_kr_selectivity,density_g_cm3,-0.00034019851591438055
2,finetune_000079_v00,finetune_000079,MgPHCO6,xe_kr_selectivity,nsites,-0.06514595448970795
2,finetune_000079_v00,finetune_000079,MgPHCO6,xe_kr_selectivity,nelements,-0.027549948543310165
2,finetune_000079_v00,finetune_000079,MgPHCO6,xe_kr_selectivity,open_metal_site,-0.0
2,finetune_000079_v00,finetune_000079,MgPHCO6,xe_kr_selectivity,has_functional_group,0.007186148315668106
2,finetune_000079_v00,finetune_000079,MgPHCO6,xe_kr_selectivity,mean_electronegativity_diff,-0.009095387533307076
2,finetune_000079_v00,finetune_000079,MgPHCO6,xe_kr_selectivity,mean_atomic_radius_A,-0.01685967855155468
2,finetune_000079_v00,finetune_000079,MgPHCO6,xe_kr_selectivity,mean_atomic_number,-0.018419846892356873
2,finetune_000079_v00,finetune_000079,MgPHCO6,xe_kr_selectivity,metal_fraction,-0.034860607236623764
2,finetune_000079_v00,finetune_000079,MgPHCO6,i2_uptake_mmol_g,pore_volume_cm3_g,-0.0734628438949585
2,finetune_000079_v00,finetune_000079,MgPHCO6,i2_uptake_mmol_g,void_fraction,-0.06992687284946442
2,finetune_000079_v00,finetune_000079,MgPHCO6,i2_uptake_mmol_g,gravimetric_surface_area_m2_g,0.0011131706414744258
2,finetune_000079_v00,finetune_000079,MgPHCO6,i2_uptake_mmol_g,volumetric_surface_area_m2_cm3,0.013590474613010883
2,finetune_000079_v00,finetune_000079,MgPHCO6,i2_uptake_mmol_g,lcd_A,-0.09787330776453018
2,finetune_000079_v00,finetune_000079,MgPHCO6,i2_uptake_mmol_g,pld_A,-0.16389912366867065
2,finetune_000079_v00,finetune_000079,MgPHCO6,i2_uptake_mmol_g,density_g_cm3,0.0009539846214465797
2,finetune_000079_v00,finetune_000079,MgPHCO6,i2_uptake_mmol_g,nsites,-0.049380168318748474
2,finetune_000079_v00,finetune_000079,MgPHCO6,i2_uptake_mmol_g,nelements,0.02066626027226448
2,finetune_000079_v00,finetune_000079,MgPHCO6,i2_uptake_mmol_g,open_metal_site,-0.0
2,finetune_000079_v00,finetune_000079,MgPHCO6,i2_uptake_mmol_g,has_functional_group,-0.14810609817504883
2,finetune_000079_v00,finetune_000079,MgPHCO6,i2_uptake_mmol_g,mean_electronegativity_diff,0.001285658567212522
2,finetune_000079_v00,finetune_000079,MgPHCO6,i2_uptake_mmol_g,mean_atomic_radius_A,-0.007074267603456974
2,finetune_000079_v00,finetune_000079,MgPHCO6,i2_uptake_mmol_g,mean_atomic_number,0.0010040225461125374
2,finetune_000079_v00,finetune_000079,MgPHCO6,i2_uptake_mmol_g,metal_fraction,0.014239546842873096
2,finetune_000031_v00,finetune_000031,Fe2C4Cl2O9,xe_uptake_mmol_g,pore_volume_cm3_g,-0.048912737518548965
2,finetune_000031_v00,finetune_000031,Fe2C4Cl2O9,xe_uptake_mmol_g,void_fraction,-0.008160436525940895
2,finetune_000031_v00,finetune_000031,Fe2C4Cl2O9,xe_uptake_mmol_g,gravimetric_surface_area_m2_g,0.026463104411959648
2,finetune_000031_v00,finetune_000031,Fe2C4Cl2O9,xe_uptake_mmol_g,volumetric_surface_area_m2_cm3,0.04869099333882332
2,finetune_000031_v00,finetune_000031,Fe2C4Cl2O9,xe_uptake_mmol_g,lcd_A,0.06733430922031403
2,finetune_000031_v00,finetune_000031,Fe2C4Cl2O9,xe_uptake_mmol_g,pld_A,0.07747122645378113
2,finetune_000031_v00,finetune_000031,Fe2C4Cl2O9,xe_uptake_mmol_g,density_g_cm3,-0.023974617943167686
2,finetune_000031_v00,finetune_000031,Fe2C4Cl2O9,xe_uptake_mmol_g,nsites,-0.11338013410568237
2,finetune_000031_v00,finetune_000031,Fe2C4Cl2O9,xe_uptake_mmol_g,nelements,-0.00035615829983726144
2,finetune_000031_v00,finetune_000031,Fe2C4Cl2O9,xe_uptake_mmol_g,open_metal_site,-0.0
2,finetune_000031_v00,finetune_000031,Fe2C4Cl2O9,xe_uptake_mmol_g,has_functional_group,0.005973897408694029
2,finetune_000031_v00,finetune_000031,Fe2C4Cl2O9,xe_uptake_mmol_g,mean_electronegativity_diff,0.0035455022007226944
2,finetune_000031_v00,finetune_000031,Fe2C4Cl2O9,xe_uptake_mmol_g,mean_atomic_radius_A,-0.01731182634830475
2,finetune_000031_v00,finetune_000031,Fe2C4Cl2O9,xe_uptake_mmol_g,mean_atomic_number,0.0032652264926582575
2,finetune_000031_v00,finetune_000031,Fe2C4Cl2O9,xe_uptake_mmol_g,metal_fraction,0.05928224325180054
2,finetune_000031_v00,finetune_000031,Fe2C4Cl2O9,kr_uptake_mmol_g,pore_volume_cm3_g,-0.054133255034685135
2,finetune_000031_v00,finetune_000031,Fe2C4Cl2O9,kr_uptake_mmol_g,void_fraction,-0.00842429418116808
2,finetune_000031_v00,finetune_000031,Fe2C4Cl2O9,kr_uptake_mmol_g,gravimetric_surface_area_m2_g,0.026894310489296913
2,finetune_000031_v00,finetune_000031,Fe2C4Cl2O9,kr_uptake_mmol_g,volumetric_surface_area_m2_cm3,0.04205852374434471
2,finetune_000031_v00,finetune_000031,Fe2C4Cl2O9,kr_uptake_mmol_g,lcd_A,0.06661826372146606
2,finetune_000031_v00,finetune_000031,Fe2C4Cl2O9,kr_uptake_mmol_g,pld_A,0.07844922691583633
2,finetune_000031_v00,finetune_000031,Fe2C4Cl2O9,kr_uptake_mmol_g,density_g_cm3,-0.02811303548514843
2,finetune_000031_v00,finetune_000031,Fe2C4Cl2O9,kr_uptake_mmol_g,nsites,-0.10883980244398117
2,finetune_000031_v00,finetune_000031,Fe2C4Cl2O9,kr_uptake_mmol_g,nelements,-4.5303582737687975e-05
2,finetune_000031_v00,finetune_000031,Fe2C4Cl2O9,kr_uptake_mmol_g,open_metal_site,-0.0
2,finetune_000031_v00,finetune_000031,Fe2C4Cl2O9,kr_uptake_mmol_g,has_functional_group,0.009575195610523224
2,finetune_000031_v00,finetune_000031,Fe2C4Cl2O9,kr_uptake_mmol_g,mean_electronegativity_diff,0.002584992442280054
2,finetune_000031_v00,finetune_000031,Fe2C4Cl2O9,kr_uptake_mmol_g,mean_atomic_radius_A,-0.012382958084344864
2,finetune_000031_v00,finetune_000031,Fe2C4Cl2O9,kr_uptake_mmol_g,mean_atomic_number,-0.0039335209876298904
2,finetune_000031_v00,finetune_000031,Fe2C4Cl2O9,kr_uptake_mmol_g,metal_fraction,0.03175966441631317
2,finetune_000031_v00,finetune_000031,Fe2C4Cl2O9,xe_kr_selectivity,pore_volume_cm3_g,-0.022944968193769455
2,finetune_000031_v00,finetune_000031,Fe2C4Cl2O9,xe_kr_selectivity,void_fraction,-0.007109528873115778
2,finetune_000031_v00,finetune_000031,Fe2C4Cl2O9,xe_kr_selectivity,gravimetric_surface_area_m2_g,0.013340489007532597
2,finetune_000031_v00,finetune_000031,Fe2C4Cl2O9,xe_kr_selectivity,volumetric_surface_area_m2_cm3,0.04123549163341522
2,finetune_000031_v00,finetune_000031,Fe2C4Cl2O9,xe_kr_selectivity,lcd_A,0.10600808262825012
2,finetune_000031_v00,finetune_000031,Fe2C4Cl2O9,xe_kr_selectivity,pld_A,0.10151997953653336
2,finetune_000031_v00,finetune_000031,Fe2C4Cl2O9,xe_kr_selectivity,density_g_cm3,0.007238663733005524
2,finetune_000031_v00,finetune_000031,Fe2C4Cl2O9,xe_kr_selectivity,nsites,-0.167472705245018
2,finetune_000031_v00,finetune_000031,Fe2C4Cl2O9,xe_kr_selectivity,nelements,0.009542442858219147
2,finetune_000031_v00,finetune_000031,Fe2C4Cl2O9,xe_kr_selectivity,open_metal_site,-0.0
2,finetune_000031_v00,finetune_000031,Fe2C4Cl2O9,xe_kr_selectivity,has_functional_group,-0.014223763719201088
2,finetune_000031_v00,finetune_000031,Fe2C4Cl2O9,xe_kr_selectivity,mean_electronegativity_diff,-0.03658530116081238
2,finetune_000031_v00,finetune_000031,Fe2C4Cl2O9,xe_kr_selectivity,mean_atomic_radius_A,-0.015543335117399693
2,finetune_000031_v00,finetune_000031,Fe2C4Cl2O9,xe_kr_selectivity,mean_atomic_number,0.054062362760305405
2,finetune_000031_v00,finetune_000031,Fe2C4Cl2O9,xe_kr_selectivity,metal_fraction,-0.04877184331417084
2,finetune_000031_v00,finetune_000031,Fe2C4Cl2O9,i2_uptake_mmol_g,pore_volume_cm3_g,-0.04663773626089096
2,finetune_000031_v00,finetune_000031,Fe2C4Cl2O9,i2_uptake_mmol_g,void_fraction,-0.008587884716689587
2,finetune_000031_v00,finetune_000031,Fe2C4Cl2O9,i2_uptake_mmol_g,gravimetric_surface_area_m2_g,0.022818060591816902
2,finetune_000031_v00,finetune_000031,Fe2C4Cl2O9,i2_uptake_mmol_g,volumetric_surface_area_m2_cm3,0.04798874258995056
2,finetune_000031_v00,finetune_000031,Fe2C4Cl2O9,i2_uptake_mmol_g,lcd_A,0.05571857839822769
2,finetune_000031_v00,finetune_000031,Fe2C4Cl2O9,i2_uptake_mmol_g,pld_A,0.07689020782709122
2,finetune_000031_v00,finetune_000031,Fe2C4Cl2O9,i2_uptake_mmol_g,density_g_cm3,-0.022943278774619102
2,finetune_000031_v00,finetune_000031,Fe2C4Cl2O9,i2_uptake_mmol_g,nsites,-0.11394599825143814
2,finetune_000031_v00,finetune_000031,Fe2C4Cl2O9,i2_uptake_mmol_g,nelements,-0.00790200475603342
2,finetune_000031_v00,finetune_000031,Fe2C4Cl2O9,i2_uptake_mmol_g,open_metal_site,-0.0
2,finetune_000031_v00,finetune_000031,Fe2C4Cl2O9,i2_uptake_mmol_g,has_functional_group,-0.21238721907138824
2,finetune_000031_v00,finetune_000031,Fe2C4Cl2O9,i2_uptake_mmol_g,mean_electronegativity_diff,0.00917070358991623
2,finetune_000031_v00,finetune_000031,Fe2C4Cl2O9,i2_uptake_mmol_g,mean_atomic_radius_A,-0.021781407296657562
2,finetune_000031_v00,finetune_000031,Fe2C4Cl2O9,i2_uptake_mmol_g,mean_atomic_number,-0.0007296969415619969
2,finetune_000031_v00,finetune_000031,Fe2C4Cl2O9,i2_uptake_mmol_g,metal_fraction,0.037156347185373306
2,finetune_000022_v00,finetune_000022,NiPC3NO3,xe_uptake_mmol_g,pore_volume_cm3_g,0.13965171575546265
2,finetune_000022_v00,finetune_000022,NiPC3NO3,xe_uptake_mmol_g,void_fraction,0.14693696796894073
2,finetune_000022_v00,finetune_000022,NiPC3NO3,xe_uptake_mmol_g,gravimetric_surface_area_m2_g,0.011603884398937225
2,finetune_000022_v00,finetune_000022,NiPC3NO3,xe_uptake_mmol_g,volumetric_surface_area_m2_cm3,0.00752457557246089
2,finetune_000022_v00,finetune_000022,NiPC3NO3,xe_uptake_mmol_g,lcd_A,-0.0059859720058739185
2,finetune_000022_v00,finetune_000022,NiPC3NO3,xe_uptake_mmol_g,pld_A,-0.037579137831926346
2,finetune_000022_v00,finetune_000022,NiPC3NO3,xe_uptake_mmol_g,density_g_cm3,0.052937887609004974
2,finetune_000022_v00,finetune_000022,NiPC3NO3,xe_uptake_mmol_g,nsites,0.07323221862316132
2,finetune_000022_v00,finetune_000022,NiPC3NO3,xe_uptake_mmol_g,nelements,0.0074340831488370895
2,finetune_000022_v00,finetune_000022,NiPC3NO3,xe_uptake_mmol_g,open_metal_site,-0.0
2,finetune_000022_v00,finetune_000022,NiPC3NO3,xe_uptake_mmol_g,has_functional_group,0.0049918536096811295
2,finetune_000022_v00,finetune_000022,NiPC3NO3,xe_uptake_mmol_g,mean_electronegativity_diff,0.0013918757904320955
2,finetune_000022_v00,finetune_000022,NiPC3NO3,xe_uptake_mmol_g,mean_atomic_radius_A,-0.01478662434965372
2,finetune_000022_v00,finetune_000022,NiPC3NO3,xe_uptake_mmol_g,mean_atomic_number,-7.549123984063044e-05
2,finetune_000022_v00,finetune_000022,NiPC3NO3,xe_uptake_mmol_g,metal_fraction,0.058851540088653564
2,finetune_000022_v00,finetune_000022,NiPC3NO3,kr_uptake_mmol_g,pore_volume_cm3_g,0.1522030532360077
2,finetune_000022_v00,finetune_000022,NiPC3NO3,kr_uptake_mmol_g,void_fraction,0.1539284735918045
2,finetune_000022_v00,finetune_000022,NiPC3NO3,kr_uptake_mmol_g,gravimetric_surface_area_m2_g,0.011872353963553905
2,finetune_000022_v00,finetune_000022,NiPC3NO3,kr_uptake_mmol_g,volumetric_surface_area_m2_cm3,0.006727894302457571
2,finetune_000022_v00,finetune_000022,NiPC3NO3,kr_uptake_mmol_g,lcd_A,-0.0063242302276194096
2,finetune_000022_v00,finetune_000022,NiPC3NO3,kr_uptake_mmol_g,pld_A,-0.039661262184381485
2,finetune_000022_v00,finetune_000022,NiPC3NO3,kr_uptake_mmol_g,density_g_cm3,0.05818182975053787
2,finetune_000022_v00,finetune_000022,NiPC3NO3,kr_uptake_mmol_g,nsites,0.07430849969387054
2,finetune_000022_v00,finetune_000022,NiPC3NO3,kr_uptake_mmol_g,nelements,0.005476021207869053
2,finetune_000022_v00,finetune_000022,NiPC3NO3,kr_uptake_mmol_g,open_metal_site,-0.0
2,finetune_000022_v00,finetune_000022,NiPC3NO3,kr_uptake_mmol_g,has_functional_group,0.011563257314264774
2,finetune_000022_v00,finetune_000022,NiPC3NO3,kr_uptake_mmol_g,mean_electronegativity_diff,0.002117670839652419
2,finetune_000022_v00,finetune_000022,NiPC3NO3,kr_uptake_mmol_g,mean_atomic_radius_A,-0.0064215753227472305
2,finetune_000022_v00,finetune_000022,NiPC3NO3,kr_uptake_mmol_g,mean_atomic_number,-0.0030737528577446938
2,finetune_000022_v00,finetune_000022,NiPC3NO3,kr_uptake_mmol_g,metal_fraction,0.028335535898804665
2,finetune_000022_v00,finetune_000022,NiPC3NO3,xe_kr_selectivity,pore_volume_cm3_g,0.04250922054052353
2,finetune_000022_v00,finetune_000022,NiPC3NO3,xe_kr_selectivity,void_fraction,0.09092702716588974
2,finetune_000022_v00,finetune_000022,NiPC3NO3,xe_kr_selectivity,gravimetric_surface_area_m2_g,0.004247964359819889
2,finetune_000022_v00,finetune_000022,NiPC3NO3,xe_kr_selectivity,volumetric_surface_area_m2_cm3,0.0042651984840631485
2,finetune_000022_v00,finetune_000022,NiPC3NO3,xe_kr_selectivity,lcd_A,-0.007440503686666489
2,finetune_000022_v00,finetune_000022,NiPC3NO3,xe_kr_selectivity,pld_A,-0.039206571877002716
2,finetune_000022_v00,finetune_000022,NiPC3NO3,xe_kr_selectivity,density_g_cm3,-0.01314563862979412
2,finetune_000022_v00,finetune_000022,NiPC3NO3,xe_kr_selectivity,nsites,0.07281816750764847
2,finetune_000022_v00,finetune_000022,NiPC3NO3,xe_kr_selectivity,nelements,-0.03278099745512009
2,finetune_000022_v00,finetune_000022,NiPC3NO3,xe_kr_selectivity,open_metal_site,-0.0
2,finetune_000022_v00,finetune_000022,NiPC3NO3,xe_kr_selectivity,has_functional_group,-0.008848706260323524
2,finetune_000022_v00,finetune_000022,NiPC3NO3,xe_kr_selectivity,mean_electronegativity_diff,-0.061340946704149246
2,finetune_000022_v00,finetune_000022,NiPC3NO3,xe_kr_selectivity,mean_atomic_radius_A,-0.03300440311431885
2,finetune_000022_v00,finetune_000022,NiPC3NO3,xe_kr_selectivity,mean_atomic_number,0.03392097353935242
2,finetune_000022_v00,finetune_000022,NiPC3NO3,xe_kr_selectivity,metal_fraction,-0.061282623559236526
2,finetune_000022_v00,finetune_000022,NiPC3NO3,i2_uptake_mmol_g,pore_volume_cm3_g,0.12718640267848969
2,finetune_000022_v00,finetune_000022,NiPC3NO3,i2_uptake_mmol_g,void_fraction,0.14916227757930756
2,finetune_000022_v00,finetune_000022,NiPC3NO3,i2_uptake_mmol_g,gravimetric_surface_area_m2_g,0.01000821404159069
2,finetune_000022_v00,finetune_000022,NiPC3NO3,i2_uptake_mmol_g,volumetric_surface_area_m2_cm3,0.007265244144946337
2,finetune_000022_v00,finetune_000022,NiPC3NO3,i2_uptake_mmol_g,lcd_A,-0.005188727751374245
2,finetune_000022_v00,finetune_000022,NiPC3NO3,i2_uptake_mmol_g,pld_A,-0.03684035688638687
2,finetune_000022_v00,finetune_000022,NiPC3NO3,i2_uptake_mmol_g,density_g_cm3,0.04758061096072197
2,finetune_000022_v00,finetune_000022,NiPC3NO3,i2_uptake_mmol_g,nsites,0.07311113178730011
2,finetune_000022_v00,finetune_000022,NiPC3NO3,i2_uptake_mmol_g,nelements,0.031727153807878494
2,finetune_000022_v00,finetune_000022,NiPC3NO3,i2_uptake_mmol_g,open_metal_site,-0.0
2,finetune_000022_v00,finetune_000022,NiPC3NO3,i2_uptake_mmol_g,has_functional_group,-0.23475641012191772
2,finetune_000022_v00,finetune_000022,NiPC3NO3,i2_uptake_mmol_g,mean_electronegativity_diff,0.01125833485275507
2,finetune_000022_v00,finetune_000022,NiPC3NO3,i2_uptake_mmol_g,mean_atomic_radius_A,-0.01575315184891224
2,finetune_000022_v00,finetune_000022,NiPC3NO3,i2_uptake_mmol_g,mean_atomic_number,-0.00656227208673954
2,finetune_000022_v00,finetune_000022,NiPC3NO3,i2_uptake_mmol_g,metal_fraction,0.03576426953077316
2,finetune_000185_v00,finetune_000185,MgPHCO6,xe_uptake_mmol_g,pore_volume_cm3_g,-0.0814317911863327
2,finetune_000185_v00,finetune_000185,MgPHCO6,xe_uptake_mmol_g,void_fraction,-0.06829256564378738
2,finetune_000185_v00,finetune_000185,MgPHCO6,xe_uptake_mmol_g,gravimetric_surface_area_m2_g,0.0013564086984843016
2,finetune_000185_v00,finetune_000185,MgPHCO6,xe_uptake_mmol_g,volumetric_surface_area_m2_cm3,0.014411218464374542
2,finetune_000185_v00,finetune_000185,MgPHCO6,xe_uptake_mmol_g,lcd_A,-0.11837425827980042
2,finetune_000185_v00,finetune_000185,MgPHCO6,xe_uptake_mmol_g,pld_A,-0.1701134443283081
2,finetune_000185_v00,finetune_000185,MgPHCO6,xe_uptake_mmol_g,density_g_cm3,0.001073329709470272
2,finetune_000185_v00,finetune_000185,MgPHCO6,xe_uptake_mmol_g,nsites,-0.056351155042648315
2,finetune_000185_v00,finetune_000185,MgPHCO6,xe_uptake_mmol_g,nelements,0.006151546258479357
2,finetune_000185_v00,finetune_000185,MgPHCO6,xe_uptake_mmol_g,open_metal_site,-0.0
2,finetune_000185_v00,finetune_000185,MgPHCO6,xe_uptake_mmol_g,has_functional_group,0.013217974454164505
2,finetune_000185_v00,finetune_000185,MgPHCO6,xe_uptake_mmol_g,mean_electronegativity_diff,0.0015612642746418715
2,finetune_000185_v00,finetune_000185,MgPHCO6,xe_uptake_mmol_g,mean_atomic_radius_A,-0.0035885788965970278
2,finetune_000185_v00,finetune_000185,MgPHCO6,xe_uptake_mmol_g,mean_atomic_number,-0.0007848055101931095
2,finetune_000185_v00,finetune_000185,MgPHCO6,xe_uptake_mmol_g,metal_fraction,0.025246329605579376
2,finetune_000185_v00,finetune_000185,MgPHCO6,kr_uptake_mmol_g,pore_volume_cm3_g,-0.08969572931528091
2,finetune_000185_v00,finetune_000185,MgPHCO6,kr_uptake_mmol_g,void_fraction,-0.07347999513149261
2,finetune_000185_v00,finetune_000185,MgPHCO6,kr_uptake_mmol_g,gravimetric_surface_area_m2_g,0.0013643507845699787
2,finetune_000185_v00,finetune_000185,MgPHCO6,kr_uptake_mmol_g,volumetric_surface_area_m2_cm3,0.012628650292754173
2,finetune_000185_v00,finetune_000185,MgPHCO6,kr_uptake_mmol_g,lcd_A,-0.13028548657894135
2,finetune_000185_v00,finetune_000185,MgPHCO6,kr_uptake_mmol_g,pld_A,-0.18827785551548004
2,finetune_000185_v00,finetune_000185,MgPHCO6,kr_uptake_mmol_g,density_g_cm3,0.001164449960924685
2,finetune_000185_v00,finetune_000185,MgPHCO6,kr_uptake_mmol_g,nsites,-0.055421680212020874
2,finetune_000185_v00,finetune_000185,MgPHCO6,kr_uptake_mmol_g,nelements,0.0025993098970502615
2,finetune_000185_v00,finetune_000185,MgPHCO6,kr_uptake_mmol_g,open_metal_site,-0.0
2,finetune_000185_v00,finetune_000185,MgPHCO6,kr_uptake_mmol_g,has_functional_group,0.015322177670896053
2,finetune_000185_v00,finetune_000185,MgPHCO6,kr_uptake_mmol_g,mean_electronegativity_diff,0.000281009852187708
2,finetune_000185_v00,finetune_000185,MgPHCO6,kr_uptake_mmol_g,mean_atomic_radius_A,-0.002543405396863818
2,finetune_000185_v00,finetune_000185,MgPHCO6,kr_uptake_mmol_g,mean_atomic_number,-0.0005693897837772965
2,finetune_000185_v00,finetune_000185,MgPHCO6,kr_uptake_mmol_g,metal_fraction,0.008804934099316597
2,finetune_000185_v00,finetune_000185,MgPHCO6,xe_kr_selectivity,pore_volume_cm3_g,-0.03209028020501137
2,finetune_000185_v00,finetune_000185,MgPHCO6,xe_kr_selectivity,void_fraction,-0.05038908123970032
2,finetune_000185_v00,finetune_000185,MgPHCO6,xe_kr_selectivity,gravimetric_surface_area_m2_g,0.0005513243959285319
2,finetune_000185_v00,finetune_000185,MgPHCO6,xe_kr_selectivity,volumetric_surface_area_m2_cm3,0.009316351264715195
2,finetune_000185_v00,finetune_000185,MgPHCO6,xe_kr_selectivity,lcd_A,-0.17734603583812714
2,finetune_000185_v00,finetune_000185,MgPHCO6,xe_kr_selectivity,pld_A,-0.21412816643714905
2,finetune_000185_v00,finetune_000185,MgPHCO6,xe_kr_selectivity,density_g_cm3,-0.000340198545018211
2,finetune_000185_v00,finetune_000185,MgPHCO6,xe_kr_selectivity,nsites,-0.06514596194028854
2,finetune_000185_v00,finetune_000185,MgPHCO6,xe_kr_selectivity,nelements,-0.027549946680665016
2,finetune_000185_v00,finetune_000185,MgPHCO6,xe_kr_selectivity,open_metal_site,-0.0
2,finetune_000185_v00,finetune_000185,MgPHCO6,xe_kr_selectivity,has_functional_group,0.007186148315668106
2,finetune_000185_v00,finetune_000185,MgPHCO6,xe_kr_selectivity,mean_electronegativity_diff,-0.009095387533307076
2,finetune_000185_v00,finetune_000185,MgPHCO6,xe_kr_selectivity,mean_atomic_radius_A,-0.01685967855155468
2,finetune_000185_v00,finetune_000185,MgPHCO6,xe_kr_selectivity,mean_atomic_number,-0.018419845029711723
2,finetune_000185_v00,finetune_000185,MgPHCO6,xe_kr_selectivity,metal_fraction,-0.03486061096191406
2,finetune_000185_v00,finetune_000185,MgPHCO6,i2_uptake_mmol_g,pore_volume_cm3_g,-0.0734628438949585
2,finetune_000185_v00,finetune_000185,MgPHCO6,i2_uptake_mmol_g,void_fraction,-0.06992686539888382
2,finetune_000185_v00,finetune_000185,MgPHCO6,i2_uptake_mmol_g,gravimetric_surface_area_m2_g,0.0011131706414744258
2,finetune_000185_v00,finetune_000185,MgPHCO6,i2_uptake_mmol_g,volumetric_surface_area_m2_cm3,0.013590472750365734
2,finetune_000185_v00,finetune_000185,MgPHCO6,i2_uptake_mmol_g,lcd_A,-0.09787330776453018
2,finetune_000185_v00,finetune_000185,MgPHCO6,i2_uptake_mmol_g,pld_A,-0.16389912366867065
2,finetune_000185_v00,finetune_000185,MgPHCO6,i2_uptake_mmol_g,density_g_cm3,0.0009539846214465797
2,finetune_000185_v00,finetune_000185,MgPHCO6,i2_uptake_mmol_g,nsites,-0.049380168318748474
2,finetune_000185_v00,finetune_000185,MgPHCO6,i2_uptake_mmol_g,nelements,0.02066626027226448
2,finetune_000185_v00,finetune_000185,MgPHCO6,i2_uptake_mmol_g,open_metal_site,-0.0
2,finetune_000185_v00,finetune_000185,MgPHCO6,i2_uptake_mmol_g,has_functional_group,-0.14810609817504883
2,finetune_000185_v00,finetune_000185,MgPHCO6,i2_uptake_mmol_g,mean_electronegativity_diff,0.0012856586836278439
2,finetune_000185_v00,finetune_000185,MgPHCO6,i2_uptake_mmol_g,mean_atomic_radius_A,-0.007074267603456974
2,finetune_000185_v00,finetune_000185,MgPHCO6,i2_uptake_mmol_g,mean_atomic_number,0.0010040225461125374
2,finetune_000185_v00,finetune_000185,MgPHCO6,i2_uptake_mmol_g,metal_fraction,0.014239546842873096
2,finetune_000018_v00,finetune_000018,CoHC4O3,xe_uptake_mmol_g,pore_volume_cm3_g,0.22328141331672668
2,finetune_000018_v00,finetune_000018,CoHC4O3,xe_uptake_mmol_g,void_fraction,0.16422852873802185
2,finetune_000018_v00,finetune_000018,CoHC4O3,xe_uptake_mmol_g,gravimetric_surface_area_m2_g,0.07192642241716385
2,finetune_000018_v00,finetune_000018,CoHC4O3,xe_uptake_mmol_g,volumetric_surface_area_m2_cm3,0.02329488843679428
2,finetune_000018_v00,finetune_000018,CoHC4O3,xe_uptake_mmol_g,lcd_A,0.03948787599802017
2,finetune_000018_v00,finetune_000018,CoHC4O3,xe_uptake_mmol_g,pld_A,0.02621361054480076
2,finetune_000018_v00,finetune_000018,CoHC4O3,xe_uptake_mmol_g,density_g_cm3,0.11849439144134521
2,finetune_000018_v00,finetune_000018,CoHC4O3,xe_uptake_mmol_g,nsites,0.08450876921415329
2,finetune_000018_v00,finetune_000018,CoHC4O3,xe_uptake_mmol_g,nelements,-0.0025627254508435726
2,finetune_000018_v00,finetune_000018,CoHC4O3,xe_uptake_mmol_g,open_metal_site,-0.0
2,finetune_000018_v00,finetune_000018,CoHC4O3,xe_uptake_mmol_g,has_functional_group,0.00188941799569875
2,finetune_000018_v00,finetune_000018,CoHC4O3,xe_uptake_mmol_g,mean_electronegativity_diff,-0.001726754941046238
2,finetune_000018_v00,finetune_000018,CoHC4O3,xe_uptake_mmol_g,mean_atomic_radius_A,-0.0021240240894258022
2,finetune_000018_v00,finetune_000018,CoHC4O3,xe_uptake_mmol_g,mean_atomic_number,7.494839519495144e-05
2,finetune_000018_v00,finetune_000018,CoHC4O3,xe_uptake_mmol_g,metal_fraction,0.06231105327606201
2,finetune_000018_v00,finetune_000018,CoHC4O3,kr_uptake_mmol_g,pore_volume_cm3_g,0.2406933754682541
2,finetune_000018_v00,finetune_000018,CoHC4O3,kr_uptake_mmol_g,void_fraction,0.1699284166097641
2,finetune_000018_v00,finetune_000018,CoHC4O3,kr_uptake_mmol_g,gravimetric_surface_area_m2_g,0.07349587976932526
2,finetune_000018_v00,finetune_000018,CoHC4O3,kr_uptake_mmol_g,volumetric_surface_area_m2_cm3,0.021085070446133614
2,finetune_000018_v00,finetune_000018,CoHC4O3,kr_uptake_mmol_g,lcd_A,0.04124584048986435
2,finetune_000018_v00,finetune_000018,CoHC4O3,kr_uptake_mmol_g,pld_A,0.02751179225742817
2,finetune_000018_v00,finetune_000018,CoHC4O3,kr_uptake_mmol_g,density_g_cm3,0.12977318465709686
2,finetune_000018_v00,finetune_000018,CoHC4O3,kr_uptake_mmol_g,nsites,0.08519366383552551
2,finetune_000018_v00,finetune_000018,CoHC4O3,kr_uptake_mmol_g,nelements,-0.0018379578832536936
2,finetune_000018_v00,finetune_000018,CoHC4O3,kr_uptake_mmol_g,open_metal_site,-0.0
2,finetune_000018_v00,finetune_000018,CoHC4O3,kr_uptake_mmol_g,has_functional_group,0.008452162146568298
2,finetune_000018_v00,finetune_000018,CoHC4O3,kr_uptake_mmol_g,mean_electronegativity_diff,-0.0005605092737823725
2,finetune_000018_v00,finetune_000018,CoHC4O3,kr_uptake_mmol_g,mean_atomic_radius_A,-0.0007793697295710444
2,finetune_000018_v00,finetune_000018,CoHC4O3,kr_uptake_mmol_g,mean_atomic_number,0.0019158603390678763
2,finetune_000018_v00,finetune_000018,CoHC4O3,kr_uptake_mmol_g,metal_fraction,0.02799823321402073
2,finetune_000018_v00,finetune_000018,CoHC4O3,xe_kr_selectivity,pore_volume_cm3_g,0.06541834026575089
2,finetune_000018_v00,finetune_000018,CoHC4O3,xe_kr_selectivity,void_fraction,0.09223366528749466
2,finetune_000018_v00,finetune_000018,CoHC4O3,xe_kr_selectivity,gravimetric_surface_area_m2_g,0.02610359713435173
2,finetune_000018_v00,finetune_000018,CoHC4O3,xe_kr_selectivity,volumetric_surface_area_m2_cm3,0.012563107535243034
2,finetune_000018_v00,finetune_000018,CoHC4O3,xe_kr_selectivity,lcd_A,0.0441342256963253
2,finetune_000018_v00,finetune_000018,CoHC4O3,xe_kr_selectivity,pld_A,0.025285758078098297
2,finetune_000018_v00,finetune_000018,CoHC4O3,xe_kr_selectivity,density_g_cm3,-0.020741239190101624
2,finetune_000018_v00,finetune_000018,CoHC4O3,xe_kr_selectivity,nsites,0.07374352961778641
2,finetune_000018_v00,finetune_000018,CoHC4O3,xe_kr_selectivity,nelements,0.010828445665538311
2,finetune_000018_v00,finetune_000018,CoHC4O3,xe_kr_selectivity,open_metal_site,-0.0
2,finetune_000018_v00,finetune_000018,CoHC4O3,xe_kr_selectivity,has_functional_group,-0.010239874012768269
2,finetune_000018_v00,finetune_000018,CoHC4O3,xe_kr_selectivity,mean_electronegativity_diff,-0.051826197654008865
2,finetune_000018_v00,finetune_000018,CoHC4O3,xe_kr_selectivity,mean_atomic_radius_A,-0.005563380662351847
2,finetune_000018_v00,finetune_000018,CoHC4O3,xe_kr_selectivity,mean_atomic_number,-0.01461454015225172
2,finetune_000018_v00,finetune_000018,CoHC4O3,xe_kr_selectivity,metal_fraction,-0.0643942803144455
2,finetune_000018_v00,finetune_000018,CoHC4O3,i2_uptake_mmol_g,pore_volume_cm3_g,0.20407035946846008
2,finetune_000018_v00,finetune_000018,CoHC4O3,i2_uptake_mmol_g,void_fraction,0.1643618792295456
2,finetune_000018_v00,finetune_000018,CoHC4O3,i2_uptake_mmol_g,gravimetric_surface_area_m2_g,0.062268320471048355
2,finetune_000018_v00,finetune_000018,CoHC4O3,i2_uptake_mmol_g,volumetric_surface_area_m2_cm3,0.022343609482049942
2,finetune_000018_v00,finetune_000018,CoHC4O3,i2_uptake_mmol_g,lcd_A,0.03439446911215782
2,finetune_000018_v00,finetune_000018,CoHC4O3,i2_uptake_mmol_g,pld_A,0.026015687733888626
2,finetune_000018_v00,finetune_000018,CoHC4O3,i2_uptake_mmol_g,density_g_cm3,0.10765544325113297
2,finetune_000018_v00,finetune_000018,CoHC4O3,i2_uptake_mmol_g,nsites,0.08479692786931992
2,finetune_000018_v00,finetune_000018,CoHC4O3,i2_uptake_mmol_g,nelements,-0.01180427148938179
2,finetune_000018_v00,finetune_000018,CoHC4O3,i2_uptake_mmol_g,open_metal_site,-0.0
2,finetune_000018_v00,finetune_000018,CoHC4O3,i2_uptake_mmol_g,has_functional_group,-0.25719767808914185
2,finetune_000018_v00,finetune_000018,CoHC4O3,i2_uptake_mmol_g,mean_electronegativity_diff,0.007313178852200508
2,finetune_000018_v00,finetune_000018,CoHC4O3,i2_uptake_mmol_g,mean_atomic_radius_A,-0.0018584865611046553
2,finetune_000018_v00,finetune_000018,CoHC4O3,i2_uptake_mmol_g,mean_atomic_number,0.0037287792656570673
2,finetune_000018_v00,finetune_000018,CoHC4O3,i2_uptake_mmol_g,metal_fraction,0.03938816487789154
2,finetune_000194_v00,finetune_000194,MgPHCO6,xe_uptake_mmol_g,pore_volume_cm3_g,-0.0814318060874939
2,finetune_000194_v00,finetune_000194,MgPHCO6,xe_uptake_mmol_g,void_fraction,-0.06829256564378738
2,finetune_000194_v00,finetune_000194,MgPHCO6,xe_uptake_mmol_g,gravimetric_surface_area_m2_g,0.0013564086984843016
2,finetune_000194_v00,finetune_000194,MgPHCO6,xe_uptake_mmol_g,volumetric_surface_area_m2_cm3,0.014411218464374542
2,finetune_000194_v00,finetune_000194,MgPHCO6,xe_uptake_mmol_g,lcd_A,-0.11837425827980042
2,finetune_000194_v00,finetune_000194,MgPHCO6,xe_uptake_mmol_g,pld_A,-0.1701134443283081
2,finetune_000194_v00,finetune_000194,MgPHCO6,xe_uptake_mmol_g,density_g_cm3,0.001073329709470272
2,finetune_000194_v00,finetune_000194,MgPHCO6,xe_uptake_mmol_g,nsites,-0.056351155042648315
2,finetune_000194_v00,finetune_000194,MgPHCO6,xe_uptake_mmol_g,nelements,0.006151547189801931
2,finetune_000194_v00,finetune_000194,MgPHCO6,xe_uptake_mmol_g,open_metal_site,-0.0
2,finetune_000194_v00,finetune_000194,MgPHCO6,xe_uptake_mmol_g,has_functional_group,0.013217976316809654
2,finetune_000194_v00,finetune_000194,MgPHCO6,xe_uptake_mmol_g,mean_electronegativity_diff,0.0015612642746418715
2,finetune_000194_v00,finetune_000194,MgPHCO6,xe_uptake_mmol_g,mean_atomic_radius_A,-0.0035885784309357405
2,finetune_000194_v00,finetune_000194,MgPHCO6,xe_uptake_mmol_g,mean_atomic_number,-0.0007848056848160923
2,finetune_000194_v00,finetune_000194,MgPHCO6,xe_uptake_mmol_g,metal_fraction,0.025246329605579376
2,finetune_000194_v00,finetune_000194,MgPHCO6,kr_uptake_mmol_g,pore_volume_cm3_g,-0.08969572931528091
2,finetune_000194_v00,finetune_000194,MgPHCO6,kr_uptake_mmol_g,void_fraction,-0.07348000258207321
2,finetune_000194_v00,finetune_000194,MgPHCO6,kr_uptake_mmol_g,gravimetric_surface_area_m2_g,0.0013643507845699787
2,finetune_000194_v00,finetune_000194,MgPHCO6,kr_uptake_mmol_g,volumetric_surface_area_m2_cm3,0.012628651224076748
2,finetune_000194_v00,finetune_000194,MgPHCO6,kr_uptake_mmol_g,lcd_A,-0.13028548657894135
2,finetune_000194_v00,finetune_000194,MgPHCO6,kr_uptake_mmol_g,pld_A,-0.18827788531780243
2,finetune_000194_v00,finetune_000194,MgPHCO6,kr_uptake_mmol_g,density_g_cm3,0.001164449960924685
2,finetune_000194_v00,finetune_000194,MgPHCO6,kr_uptake_mmol_g,nsites,-0.05542167276144028
2,finetune_000194_v00,finetune_000194,MgPHCO6,kr_uptake_mmol_g,nelements,0.002599310362711549
2,finetune_000194_v00,finetune_000194,MgPHCO6,kr_uptake_mmol_g,open_metal_site,-0.0
2,finetune_000194_v00,finetune_000194,MgPHCO6,kr_uptake_mmol_g,has_functional_group,0.015322178602218628
2,finetune_000194_v00,finetune_000194,MgPHCO6,kr_uptake_mmol_g,mean_electronegativity_diff,0.0002810097939800471
2,finetune_000194_v00,finetune_000194,MgPHCO6,kr_uptake_mmol_g,mean_atomic_radius_A,-0.0025434051640331745
2,finetune_000194_v00,finetune_000194,MgPHCO6,kr_uptake_mmol_g,mean_atomic_number,-0.0005693897837772965
2,finetune_000194_v00,finetune_000194,MgPHCO6,kr_uptake_mmol_g,metal_fraction,0.008804932236671448
2,finetune_000194_v00,finetune_000194,MgPHCO6,xe_kr_selectivity,pore_volume_cm3_g,-0.03209028020501137
2,finetune_000194_v00,finetune_000194,MgPHCO6,xe_kr_selectivity,void_fraction,-0.05038908123970032
2,finetune_000194_v00,finetune_000194,MgPHCO6,xe_kr_selectivity,gravimetric_surface_area_m2_g,0.0005513243959285319
2,finetune_000194_v00,finetune_000194,MgPHCO6,xe_kr_selectivity,volumetric_surface_area_m2_cm3,0.009316351264715195
2,finetune_000194_v00,finetune_000194,MgPHCO6,xe_kr_selectivity,lcd_A,-0.17734602093696594
2,finetune_000194_v00,finetune_000194,MgPHCO6,xe_kr_selectivity,pld_A,-0.21412816643714905
2,finetune_000194_v00,finetune_000194,MgPHCO6,xe_kr_selectivity,density_g_cm3,-0.000340198545018211
2,finetune_000194_v00,finetune_000194,MgPHCO6,xe_kr_selectivity,nsites,-0.06514596194028854
2,finetune_000194_v00,finetune_000194,MgPHCO6,xe_kr_selectivity,nelements,-0.027549948543310165
2,finetune_000194_v00,finetune_000194,MgPHCO6,xe_kr_selectivity,open_metal_site,-0.0
2,finetune_000194_v00,finetune_000194,MgPHCO6,xe_kr_selectivity,has_functional_group,0.007186148781329393
2,finetune_000194_v00,finetune_000194,MgPHCO6,xe_kr_selectivity,mean_electronegativity_diff,-0.00909538846462965
2,finetune_000194_v00,finetune_000194,MgPHCO6,xe_kr_selectivity,mean_atomic_radius_A,-0.01685967855155468
2,finetune_000194_v00,finetune_000194,MgPHCO6,xe_kr_selectivity,mean_atomic_number,-0.018419845029711723
2,finetune_000194_v00,finetune_000194,MgPHCO6,xe_kr_selectivity,metal_fraction,-0.034860607236623764
2,finetune_000194_v00,finetune_000194,MgPHCO6,i2_uptake_mmol_g,pore_volume_cm3_g,-0.0734628438949585
2,finetune_000194_v00,finetune_000194,MgPHCO6,i2_uptake_mmol_g,void_fraction,-0.06992686539888382
2,finetune_000194_v00,finetune_000194,MgPHCO6,i2_uptake_mmol_g,gravimetric_surface_area_m2_g,0.001113170525059104
2,finetune_000194_v00,finetune_000194,MgPHCO6,i2_uptake_mmol_g,volumetric_surface_area_m2_cm3,0.013590472750365734
2,finetune_000194_v00,finetune_000194,MgPHCO6,i2_uptake_mmol_g,lcd_A,-0.09787330776453018
2,finetune_000194_v00,finetune_000194,MgPHCO6,i2_uptake_mmol_g,pld_A,-0.16389912366867065
2,finetune_000194_v00,finetune_000194,MgPHCO6,i2_uptake_mmol_g,density_g_cm3,0.0009539846214465797
2,finetune_000194_v00,finetune_000194,MgPHCO6,i2_uptake_mmol_g,nsites,-0.049380168318748474
2,finetune_000194_v00,finetune_000194,MgPHCO6,i2_uptake_mmol_g,nelements,0.02066626027226448
2,finetune_000194_v00,finetune_000194,MgPHCO6,i2_uptake_mmol_g,open_metal_site,-0.0
2,finetune_000194_v00,finetune_000194,MgPHCO6,i2_uptake_mmol_g,has_functional_group,-0.14810609817504883
2,finetune_000194_v00,finetune_000194,MgPHCO6,i2_uptake_mmol_g,mean_electronegativity_diff,0.0012856586836278439
2,finetune_000194_v00,finetune_000194,MgPHCO6,i2_uptake_mmol_g,mean_atomic_radius_A,-0.007074267603456974
2,finetune_000194_v00,finetune_000194,MgPHCO6,i2_uptake_mmol_g,mean_atomic_number,0.0010040225461125374
2,finetune_000194_v00,finetune_000194,MgPHCO6,i2_uptake_mmol_g,metal_fraction,0.014239544980227947
2,finetune_000084_v00,finetune_000084,CoHC4O3,xe_uptake_mmol_g,pore_volume_cm3_g,0.22328141331672668
2,finetune_000084_v00,finetune_000084,CoHC4O3,xe_uptake_mmol_g,void_fraction,0.16422852873802185
2,finetune_000084_v00,finetune_000084,CoHC4O3,xe_uptake_mmol_g,gravimetric_surface_area_m2_g,0.07192642241716385
2,finetune_000084_v00,finetune_000084,CoHC4O3,xe_uptake_mmol_g,volumetric_surface_area_m2_cm3,0.02329488843679428
2,finetune_000084_v00,finetune_000084,CoHC4O3,xe_uptake_mmol_g,lcd_A,0.03948787599802017
2,finetune_000084_v00,finetune_000084,CoHC4O3,xe_uptake_mmol_g,pld_A,0.02621361054480076
2,finetune_000084_v00,finetune_000084,CoHC4O3,xe_uptake_mmol_g,density_g_cm3,0.11849439144134521
2,finetune_000084_v00,finetune_000084,CoHC4O3,xe_uptake_mmol_g,nsites,0.08450876921415329
2,finetune_000084_v00,finetune_000084,CoHC4O3,xe_uptake_mmol_g,nelements,-0.002562725218012929
2,finetune_000084_v00,finetune_000084,CoHC4O3,xe_uptake_mmol_g,open_metal_site,-0.0
2,finetune_000084_v00,finetune_000084,CoHC4O3,xe_uptake_mmol_g,has_functional_group,0.0018894184613600373
2,finetune_000084_v00,finetune_000084,CoHC4O3,xe_uptake_mmol_g,mean_electronegativity_diff,-0.0017267552902922034
2,finetune_000084_v00,finetune_000084,CoHC4O3,xe_uptake_mmol_g,mean_atomic_radius_A,-0.0021240240894258022
2,finetune_000084_v00,finetune_000084,CoHC4O3,xe_uptake_mmol_g,mean_atomic_number,7.494834426324815e-05
2,finetune_000084_v00,finetune_000084,CoHC4O3,xe_uptake_mmol_g,metal_fraction,0.06231105327606201
2,finetune_000084_v00,finetune_000084,CoHC4O3,kr_uptake_mmol_g,pore_volume_cm3_g,0.2406933754682541
2,finetune_000084_v00,finetune_000084,CoHC4O3,kr_uptake_mmol_g,void_fraction,0.1699284166097641
2,finetune_000084_v00,finetune_000084,CoHC4O3,kr_uptake_mmol_g,gravimetric_surface_area_m2_g,0.07349587976932526
2,finetune_000084_v00,finetune_000084,CoHC4O3,kr_uptake_mmol_g,volumetric_surface_area_m2_cm3,0.021085070446133614
2,finetune_000084_v00,finetune_000084,CoHC4O3,kr_uptake_mmol_g,lcd_A,0.04124584048986435
2,finetune_000084_v00,finetune_000084,CoHC4O3,kr_uptake_mmol_g,pld_A,0.02751179225742817
2,finetune_000084_v00,finetune_000084,CoHC4O3,kr_uptake_mmol_g,density_g_cm3,0.12977318465709686
2,finetune_000084_v00,finetune_000084,CoHC4O3,kr_uptake_mmol_g,nsites,0.08519366383552551
2,finetune_000084_v00,finetune_000084,CoHC4O3,kr_uptake_mmol_g,nelements,-0.0018379581160843372
2,finetune_000084_v00,finetune_000084,CoHC4O3,kr_uptake_mmol_g,open_metal_site,-0.0
2,finetune_000084_v00,finetune_000084,CoHC4O3,kr_uptake_mmol_g,has_functional_group,0.008452162146568298
2,finetune_000084_v00,finetune_000084,CoHC4O3,kr_uptake_mmol_g,mean_electronegativity_diff,-0.0005605094484053552
2,finetune_000084_v00,finetune_000084,CoHC4O3,kr_uptake_mmol_g,mean_atomic_radius_A,-0.0007793697295710444
2,finetune_000084_v00,finetune_000084,CoHC4O3,kr_uptake_mmol_g,mean_atomic_number,0.0019158601062372327
2,finetune_000084_v00,finetune_000084,CoHC4O3,kr_uptake_mmol_g,metal_fraction,0.02799823507666588
2,finetune_000084_v00,finetune_000084,CoHC4O3,xe_kr_selectivity,pore_volume_cm3_g,0.06541834771633148
2,finetune_000084_v00,finetune_000084,CoHC4O3,xe_kr_selectivity,void_fraction,0.09223366528749466
2,finetune_000084_v00,finetune_000084,CoHC4O3,xe_kr_selectivity,gravimetric_surface_area_m2_g,0.02610359713435173
2,finetune_000084_v00,finetune_000084,CoHC4O3,xe_kr_selectivity,volumetric_surface_area_m2_cm3,0.012563109397888184
2,finetune_000084_v00,finetune_000084,CoHC4O3,xe_kr_selectivity,lcd_A,0.0441342256963253
2,finetune_000084_v00,finetune_000084,CoHC4O3,xe_kr_selectivity,pld_A,0.025285756215453148
2,finetune_000084_v00,finetune_000084,CoHC4O3,xe_kr_selectivity,density_g_cm3,-0.020741239190101624
2,finetune_000084_v00,finetune_000084,CoHC4O3,xe_kr_selectivity,nsites,0.07374352961778641
2,finetune_000084_v00,finetune_000084,CoHC4O3,xe_kr_selectivity,nelements,0.010828445665538311
2,finetune_000084_v00,finetune_000084,CoHC4O3,xe_kr_selectivity,open_metal_site,-0.0
2,finetune_000084_v00,finetune_000084,CoHC4O3,xe_kr_selectivity,has_functional_group,-0.010239874944090843
2,finetune_000084_v00,finetune_000084,CoHC4O3,xe_kr_selectivity,mean_electronegativity_diff,-0.051826197654008865
2,finetune_000084_v00,finetune_000084,CoHC4O3,xe_kr_selectivity,mean_atomic_radius_A,-0.005563380662351847
2,finetune_000084_v00,finetune_000084,CoHC4O3,xe_kr_selectivity,mean_atomic_number,-0.014614538289606571
2,finetune_000084_v00,finetune_000084,CoHC4O3,xe_kr_selectivity,metal_fraction,-0.0643942803144455
2,finetune_000084_v00,finetune_000084,CoHC4O3,i2_uptake_mmol_g,pore_volume_cm3_g,0.20407035946846008
2,finetune_000084_v00,finetune_000084,CoHC4O3,i2_uptake_mmol_g,void_fraction,0.1643618792295456
2,finetune_000084_v00,finetune_000084,CoHC4O3,i2_uptake_mmol_g,gravimetric_surface_area_m2_g,0.062268320471048355
2,finetune_000084_v00,finetune_000084,CoHC4O3,i2_uptake_mmol_g,volumetric_surface_area_m2_cm3,0.022343609482049942
2,finetune_000084_v00,finetune_000084,CoHC4O3,i2_uptake_mmol_g,lcd_A,0.03439446911215782
2,finetune_000084_v00,finetune_000084,CoHC4O3,i2_uptake_mmol_g,pld_A,0.026015687733888626
2,finetune_000084_v00,finetune_000084,CoHC4O3,i2_uptake_mmol_g,density_g_cm3,0.10765544325113297
2,finetune_000084_v00,finetune_000084,CoHC4O3,i2_uptake_mmol_g,nsites,0.08479692786931992
2,finetune_000084_v00,finetune_000084,CoHC4O3,i2_uptake_mmol_g,nelements,-0.01180427148938179
2,finetune_000084_v00,finetune_000084,CoHC4O3,i2_uptake_mmol_g,open_metal_site,-0.0
2,finetune_000084_v00,finetune_000084,CoHC4O3,i2_uptake_mmol_g,has_functional_group,-0.25719767808914185
2,finetune_000084_v00,finetune_000084,CoHC4O3,i2_uptake_mmol_g,mean_electronegativity_diff,0.007313178852200508
2,finetune_000084_v00,finetune_000084,CoHC4O3,i2_uptake_mmol_g,mean_atomic_radius_A,-0.0018584869103506207
2,finetune_000084_v00,finetune_000084,CoHC4O3,i2_uptake_mmol_g,mean_atomic_number,0.003728779498487711
2,finetune_000084_v00,finetune_000084,CoHC4O3,i2_uptake_mmol_g,metal_fraction,0.03938816487789154
2,finetune_000154_v00,finetune_000154,Ho(CO2)4,xe_uptake_mmol_g,pore_volume_cm3_g,0.05592009797692299
2,finetune_000154_v00,finetune_000154,Ho(CO2)4,xe_uptake_mmol_g,void_fraction,0.19343534111976624
2,finetune_000154_v00,finetune_000154,Ho(CO2)4,xe_uptake_mmol_g,gravimetric_surface_area_m2_g,-0.025804761797189713
2,finetune_000154_v00,finetune_000154,Ho(CO2)4,xe_uptake_mmol_g,volumetric_surface_area_m2_cm3,0.03080570697784424
2,finetune_000154_v00,finetune_000154,Ho(CO2)4,xe_uptake_mmol_g,lcd_A,0.28431835770606995
2,finetune_000154_v00,finetune_000154,Ho(CO2)4,xe_uptake_mmol_g,pld_A,0.3797999322414398
2,finetune_000154_v00,finetune_000154,Ho(CO2)4,xe_uptake_mmol_g,density_g_cm3,-0.08932723850011826
2,finetune_000154_v00,finetune_000154,Ho(CO2)4,xe_uptake_mmol_g,nsites,0.05074677988886833
2,finetune_000154_v00,finetune_000154,Ho(CO2)4,xe_uptake_mmol_g,nelements,-0.007273676805198193
2,finetune_000154_v00,finetune_000154,Ho(CO2)4,xe_uptake_mmol_g,open_metal_site,-0.0
2,finetune_000154_v00,finetune_000154,Ho(CO2)4,xe_uptake_mmol_g,has_functional_group,-0.0005694067222066224
2,finetune_000154_v00,finetune_000154,Ho(CO2)4,xe_uptake_mmol_g,mean_electronegativity_diff,-0.009864512830972672
2,finetune_000154_v00,finetune_000154,Ho(CO2)4,xe_uptake_mmol_g,mean_atomic_radius_A,-0.0075210384093225
2,finetune_000154_v00,finetune_000154,Ho(CO2)4,xe_uptake_mmol_g,mean_atomic_number,-0.005055187735706568
2,finetune_000154_v00,finetune_000154,Ho(CO2)4,xe_uptake_mmol_g,metal_fraction,-0.007831071503460407
2,finetune_000154_v00,finetune_000154,Ho(CO2)4,kr_uptake_mmol_g,pore_volume_cm3_g,0.06062280386686325
2,finetune_000154_v00,finetune_000154,Ho(CO2)4,kr_uptake_mmol_g,void_fraction,0.19392554461956024
2,finetune_000154_v00,finetune_000154,Ho(CO2)4,kr_uptake_mmol_g,gravimetric_surface_area_m2_g,-0.025803102180361748
2,finetune_000154_v00,finetune_000154,Ho(CO2)4,kr_uptake_mmol_g,volumetric_surface_area_m2_cm3,0.027090229094028473
2,finetune_000154_v00,finetune_000154,Ho(CO2)4,kr_uptake_mmol_g,lcd_A,0.27195075154304504
2,finetune_000154_v00,finetune_000154,Ho(CO2)4,kr_uptake_mmol_g,pld_A,0.37077245116233826
2,finetune_000154_v00,finetune_000154,Ho(CO2)4,kr_uptake_mmol_g,density_g_cm3,-0.10088265687227249
2,finetune_000154_v00,finetune_000154,Ho(CO2)4,kr_uptake_mmol_g,nsites,0.04793689772486687
2,finetune_000154_v00,finetune_000154,Ho(CO2)4,kr_uptake_mmol_g,nelements,-0.006533795967698097
2,finetune_000154_v00,finetune_000154,Ho(CO2)4,kr_uptake_mmol_g,open_metal_site,-0.0
2,finetune_000154_v00,finetune_000154,Ho(CO2)4,kr_uptake_mmol_g,has_functional_group,0.007694951258599758
2,finetune_000154_v00,finetune_000154,Ho(CO2)4,kr_uptake_mmol_g,mean_electronegativity_diff,-0.014727966859936714
2,finetune_000154_v00,finetune_000154,Ho(CO2)4,kr_uptake_mmol_g,mean_atomic_radius_A,-0.005631719250231981
2,finetune_000154_v00,finetune_000154,Ho(CO2)4,kr_uptake_mmol_g,mean_atomic_number,-0.027565518394112587
2,finetune_000154_v00,finetune_000154,Ho(CO2)4,kr_uptake_mmol_g,metal_fraction,-0.004189428873360157
2,finetune_000154_v00,finetune_000154,Ho(CO2)4,xe_kr_selectivity,pore_volume_cm3_g,0.021880175918340683
2,finetune_000154_v00,finetune_000154,Ho(CO2)4,xe_kr_selectivity,void_fraction,0.13377034664154053
2,finetune_000154_v00,finetune_000154,Ho(CO2)4,xe_kr_selectivity,gravimetric_surface_area_m2_g,-0.011063420213758945
2,finetune_000154_v00,finetune_000154,Ho(CO2)4,xe_kr_selectivity,volumetric_surface_area_m2_cm3,0.023361682891845703
2,finetune_000154_v00,finetune_000154,Ho(CO2)4,xe_kr_selectivity,lcd_A,0.363228976726532
2,finetune_000154_v00,finetune_000154,Ho(CO2)4,xe_kr_selectivity,pld_A,0.41326016187667847
2,finetune_000154_v00,finetune_000154,Ho(CO2)4,xe_kr_selectivity,density_g_cm3,0.012944448739290237
2,finetune_000154_v00,finetune_000154,Ho(CO2)4,xe_kr_selectivity,nsites,0.06432095170021057
2,finetune_000154_v00,finetune_000154,Ho(CO2)4,xe_kr_selectivity,nelements,0.05553210526704788
2,finetune_000154_v00,finetune_000154,Ho(CO2)4,xe_kr_selectivity,open_metal_site,-0.0
2,finetune_000154_v00,finetune_000154,Ho(CO2)4,xe_kr_selectivity,has_functional_group,-0.02194543369114399
2,finetune_000154_v00,finetune_000154,Ho(CO2)4,xe_kr_selectivity,mean_electronegativity_diff,0.06931489706039429
2,finetune_000154_v00,finetune_000154,Ho(CO2)4,xe_kr_selectivity,mean_atomic_radius_A,0.001746131805703044
2,finetune_000154_v00,finetune_000154,Ho(CO2)4,xe_kr_selectivity,mean_atomic_number,0.09534374624490738
2,finetune_000154_v00,finetune_000154,Ho(CO2)4,xe_kr_selectivity,metal_fraction,0.005432643927633762
2,finetune_000154_v00,finetune_000154,Ho(CO2)4,i2_uptake_mmol_g,pore_volume_cm3_g,0.05189300701022148
2,finetune_000154_v00,finetune_000154,Ho(CO2)4,i2_uptake_mmol_g,void_fraction,0.19007433950901031
2,finetune_000154_v00,finetune_000154,Ho(CO2)4,i2_uptake_mmol_g,gravimetric_surface_area_m2_g,-0.021407639607787132
2,finetune_000154_v00,finetune_000154,Ho(CO2)4,i2_uptake_mmol_g,volumetric_surface_area_m2_cm3,0.028563188388943672
2,finetune_000154_v00,finetune_000154,Ho(CO2)4,i2_uptake_mmol_g,lcd_A,0.23756997287273407
2,finetune_000154_v00,finetune_000154,Ho(CO2)4,i2_uptake_mmol_g,pld_A,0.3704076111316681
2,finetune_000154_v00,finetune_000154,Ho(CO2)4,i2_uptake_mmol_g,density_g_cm3,-0.0813809409737587
2,finetune_000154_v00,finetune_000154,Ho(CO2)4,i2_uptake_mmol_g,nsites,0.05208224058151245
2,finetune_000154_v00,finetune_000154,Ho(CO2)4,i2_uptake_mmol_g,nelements,-0.05267846956849098
2,finetune_000154_v00,finetune_000154,Ho(CO2)4,i2_uptake_mmol_g,open_metal_site,-0.0
2,finetune_000154_v00,finetune_000154,Ho(CO2)4,i2_uptake_mmol_g,has_functional_group,-0.2579582631587982
2,finetune_000154_v00,finetune_000154,Ho(CO2)4,i2_uptake_mmol_g,mean_electronegativity_diff,-0.02168363332748413
2,finetune_000154_v00,finetune_000154,Ho(CO2)4,i2_uptake_mmol_g,mean_atomic_radius_A,-0.007265773136168718
2,finetune_000154_v00,finetune_000154,Ho(CO2)4,i2_uptake_mmol_g,mean_atomic_number,-0.016414174810051918
2,finetune_000154_v00,finetune_000154,Ho(CO2)4,i2_uptake_mmol_g,metal_fraction,-0.005363173317164183
2,finetune_000288_v00,finetune_000288,TbH8C8(NO3)2,xe_uptake_mmol_g,pore_volume_cm3_g,-0.17862780392169952
2,finetune_000288_v00,finetune_000288,TbH8C8(NO3)2,xe_uptake_mmol_g,void_fraction,-0.1726399064064026
2,finetune_000288_v00,finetune_000288,TbH8C8(NO3)2,xe_uptake_mmol_g,gravimetric_surface_area_m2_g,-0.0974849984049797
2,finetune_000288_v00,finetune_000288,TbH8C8(NO3)2,xe_uptake_mmol_g,volumetric_surface_area_m2_cm3,-0.07031227648258209
2,finetune_000288_v00,finetune_000288,TbH8C8(NO3)2,xe_uptake_mmol_g,lcd_A,-0.12325052171945572
2,finetune_000288_v00,finetune_000288,TbH8C8(NO3)2,xe_uptake_mmol_g,pld_A,-0.13357040286064148
2,finetune_000288_v00,finetune_000288,TbH8C8(NO3)2,xe_uptake_mmol_g,density_g_cm3,-0.1037343442440033
2,finetune_000288_v00,finetune_000288,TbH8C8(NO3)2,xe_uptake_mmol_g,nsites,0.01200120896100998
2,finetune_000288_v00,finetune_000288,TbH8C8(NO3)2,xe_uptake_mmol_g,nelements,0.006080246530473232
2,finetune_000288_v00,finetune_000288,TbH8C8(NO3)2,xe_uptake_mmol_g,open_metal_site,-0.0
2,finetune_000288_v00,finetune_000288,TbH8C8(NO3)2,xe_uptake_mmol_g,has_functional_group,0.010262561030685902
2,finetune_000288_v00,finetune_000288,TbH8C8(NO3)2,xe_uptake_mmol_g,mean_electronegativity_diff,-0.011668229475617409
2,finetune_000288_v00,finetune_000288,TbH8C8(NO3)2,xe_uptake_mmol_g,mean_atomic_radius_A,0.007197120692580938
2,finetune_000288_v00,finetune_000288,TbH8C8(NO3)2,xe_uptake_mmol_g,mean_atomic_number,-0.002040671184659004
2,finetune_000288_v00,finetune_000288,TbH8C8(NO3)2,xe_uptake_mmol_g,metal_fraction,-0.045904435217380524
2,finetune_000288_v00,finetune_000288,TbH8C8(NO3)2,kr_uptake_mmol_g,pore_volume_cm3_g,-0.19802619516849518
2,finetune_000288_v00,finetune_000288,TbH8C8(NO3)2,kr_uptake_mmol_g,void_fraction,-0.1832767128944397
2,finetune_000288_v00,finetune_000288,TbH8C8(NO3)2,kr_uptake_mmol_g,gravimetric_surface_area_m2_g,-0.09302134811878204
2,finetune_000288_v00,finetune_000288,TbH8C8(NO3)2,kr_uptake_mmol_g,volumetric_surface_area_m2_cm3,-0.060790788382291794
2,finetune_000288_v00,finetune_000288,TbH8C8(NO3)2,kr_uptake_mmol_g,lcd_A,-0.12763996422290802
2,finetune_000288_v00,finetune_000288,TbH8C8(NO3)2,kr_uptake_mmol_g,pld_A,-0.14598307013511658
2,finetune_000288_v00,finetune_000288,TbH8C8(NO3)2,kr_uptake_mmol_g,density_g_cm3,-0.11327249556779861
2,finetune_000288_v00,finetune_000288,TbH8C8(NO3)2,kr_uptake_mmol_g,nsites,0.010957331396639347
2,finetune_000288_v00,finetune_000288,TbH8C8(NO3)2,kr_uptake_mmol_g,nelements,0.0032139266841113567
2,finetune_000288_v00,finetune_000288,TbH8C8(NO3)2,kr_uptake_mmol_g,open_metal_site,-0.0
2,finetune_000288_v00,finetune_000288,TbH8C8(NO3)2,kr_uptake_mmol_g,has_functional_group,0.006302776746451855
2,finetune_000288_v00,finetune_000288,TbH8C8(NO3)2,kr_uptake_mmol_g,mean_electronegativity_diff,-0.005707635544240475
2,finetune_000288_v00,finetune_000288,TbH8C8(NO3)2,kr_uptake_mmol_g,mean_atomic_radius_A,0.009388111531734467
2,finetune_000288_v00,finetune_000288,TbH8C8(NO3)2,kr_uptake_mmol_g,mean_atomic_number,-0.0011612467933446169
2,finetune_000288_v00,finetune_000288,TbH8C8(NO3)2,kr_uptake_mmol_g,metal_fraction,-0.015877053141593933
2,finetune_000288_v00,finetune_000288,TbH8C8(NO3)2,xe_kr_selectivity,pore_volume_cm3_g,-0.10121927410364151
2,finetune_000288_v00,finetune_000288,TbH8C8(NO3)2,xe_kr_selectivity,void_fraction,-0.15931005775928497
2,finetune_000288_v00,finetune_000288,TbH8C8(NO3)2,xe_kr_selectivity,gravimetric_surface_area_m2_g,-0.047516267746686935
2,finetune_000288_v00,finetune_000288,TbH8C8(NO3)2,xe_kr_selectivity,volumetric_surface_area_m2_cm3,-0.06382231414318085
2,finetune_000288_v00,finetune_000288,TbH8C8(NO3)2,xe_kr_selectivity,lcd_A,-0.20726674795150757
2,finetune_000288_v00,finetune_000288,TbH8C8(NO3)2,xe_kr_selectivity,pld_A,-0.19730278849601746
2,finetune_000288_v00,finetune_000288,TbH8C8(NO3)2,xe_kr_selectivity,density_g_cm3,0.023161964491009712
2,finetune_000288_v00,finetune_000288,TbH8C8(NO3)2,xe_kr_selectivity,nsites,0.020756425336003304
2,finetune_000288_v00,finetune_000288,TbH8C8(NO3)2,xe_kr_selectivity,nelements,-0.017137015238404274
2,finetune_000288_v00,finetune_000288,TbH8C8(NO3)2,xe_kr_selectivity,open_metal_site,-0.0
2,finetune_000288_v00,finetune_000288,TbH8C8(NO3)2,xe_kr_selectivity,has_functional_group,0.0073618208989501
2,finetune_000288_v00,finetune_000288,TbH8C8(NO3)2,xe_kr_selectivity,mean_electronegativity_diff,0.017124976962804794
2,finetune_000288_v00,finetune_000288,TbH8C8(NO3)2,xe_kr_selectivity,mean_atomic_radius_A,0.044067706912755966
2,finetune_000288_v00,finetune_000288,TbH8C8(NO3)2,xe_kr_selectivity,mean_atomic_number,-0.035386115312576294
2,finetune_000288_v00,finetune_000288,TbH8C8(NO3)2,xe_kr_selectivity,metal_fraction,0.047220632433891296
2,finetune_000288_v00,finetune_000288,TbH8C8(NO3)2,i2_uptake_mmol_g,pore_volume_cm3_g,-0.1668853908777237
2,finetune_000288_v00,finetune_000288,TbH8C8(NO3)2,i2_uptake_mmol_g,void_fraction,-0.18390461802482605
2,finetune_000288_v00,finetune_000288,TbH8C8(NO3)2,i2_uptake_mmol_g,gravimetric_surface_area_m2_g,-0.07569846510887146
2,finetune_000288_v00,finetune_000288,TbH8C8(NO3)2,i2_uptake_mmol_g,volumetric_surface_area_m2_cm3,-0.0625576451420784
2,finetune_000288_v00,finetune_000288,TbH8C8(NO3)2,i2_uptake_mmol_g,lcd_A,-0.09831046313047409
2,finetune_000288_v00,finetune_000288,TbH8C8(NO3)2,i2_uptake_mmol_g,pld_A,-0.13225127756595612
2,finetune_000288_v00,finetune_000288,TbH8C8(NO3)2,i2_uptake_mmol_g,density_g_cm3,-0.09434451162815094
2,finetune_000288_v00,finetune_000288,TbH8C8(NO3)2,i2_uptake_mmol_g,nsites,0.009793703444302082
2,finetune_000288_v00,finetune_000288,TbH8C8(NO3)2,i2_uptake_mmol_g,nelements,0.015471004880964756
2,finetune_000288_v00,finetune_000288,TbH8C8(NO3)2,i2_uptake_mmol_g,open_metal_site,-0.0
2,finetune_000288_v00,finetune_000288,TbH8C8(NO3)2,i2_uptake_mmol_g,has_functional_group,-0.10416460037231445
2,finetune_000288_v00,finetune_000288,TbH8C8(NO3)2,i2_uptake_mmol_g,mean_electronegativity_diff,-0.009040853008627892
2,finetune_000288_v00,finetune_000288,TbH8C8(NO3)2,i2_uptake_mmol_g,mean_atomic_radius_A,0.024358293041586876
2,finetune_000288_v00,finetune_000288,TbH8C8(NO3)2,i2_uptake_mmol_g,mean_atomic_number,-0.0029513873159885406
2,finetune_000288_v00,finetune_000288,TbH8C8(NO3)2,i2_uptake_mmol_g,metal_fraction,-0.026826661080121994
2,finetune_000116_v00,finetune_000116,Fe5H8C4N20OF7,xe_uptake_mmol_g,pore_volume_cm3_g,-0.16899816691875458
2,finetune_000116_v00,finetune_000116,Fe5H8C4N20OF7,xe_uptake_mmol_g,void_fraction,-0.16852274537086487
2,finetune_000116_v00,finetune_000116,Fe5H8C4N20OF7,xe_uptake_mmol_g,gravimetric_surface_area_m2_g,-0.09603773802518845
2,finetune_000116_v00,finetune_000116,Fe5H8C4N20OF7,xe_uptake_mmol_g,volumetric_surface_area_m2_cm3,-0.07567445933818817
2,finetune_000116_v00,finetune_000116,Fe5H8C4N20OF7,xe_uptake_mmol_g,lcd_A,-0.1386326104402542
2,finetune_000116_v00,finetune_000116,Fe5H8C4N20OF7,xe_uptake_mmol_g,pld_A,-0.1336868554353714
2,finetune_000116_v00,finetune_000116,Fe5H8C4N20OF7,xe_uptake_mmol_g,density_g_cm3,-0.06666526198387146
2,finetune_000116_v00,finetune_000116,Fe5H8C4N20OF7,xe_uptake_mmol_g,nsites,-0.010872269980609417
2,finetune_000116_v00,finetune_000116,Fe5H8C4N20OF7,xe_uptake_mmol_g,nelements,0.010919670574367046
2,finetune_000116_v00,finetune_000116,Fe5H8C4N20OF7,xe_uptake_mmol_g,open_metal_site,-0.0
2,finetune_000116_v00,finetune_000116,Fe5H8C4N20OF7,xe_uptake_mmol_g,has_functional_group,0.008680674247443676
2,finetune_000116_v00,finetune_000116,Fe5H8C4N20OF7,xe_uptake_mmol_g,mean_electronegativity_diff,-0.0021338886581361294
2,finetune_000116_v00,finetune_000116,Fe5H8C4N20OF7,xe_uptake_mmol_g,mean_atomic_radius_A,0.0032673333771526814
2,finetune_000116_v00,finetune_000116,Fe5H8C4N20OF7,xe_uptake_mmol_g,mean_atomic_number,-0.0016863731434568763
2,finetune_000116_v00,finetune_000116,Fe5H8C4N20OF7,xe_uptake_mmol_g,metal_fraction,0.03838251903653145
2,finetune_000116_v00,finetune_000116,Fe5H8C4N20OF7,kr_uptake_mmol_g,pore_volume_cm3_g,-0.1890677958726883
2,finetune_000116_v00,finetune_000116,Fe5H8C4N20OF7,kr_uptake_mmol_g,void_fraction,-0.17979256808757782
2,finetune_000116_v00,finetune_000116,Fe5H8C4N20OF7,kr_uptake_mmol_g,gravimetric_surface_area_m2_g,-0.09358357638120651
2,finetune_000116_v00,finetune_000116,Fe5H8C4N20OF7,kr_uptake_mmol_g,volumetric_surface_area_m2_cm3,-0.06306662410497665
2,finetune_000116_v00,finetune_000116,Fe5H8C4N20OF7,kr_uptake_mmol_g,lcd_A,-0.1424882560968399
2,finetune_000116_v00,finetune_000116,Fe5H8C4N20OF7,kr_uptake_mmol_g,pld_A,-0.14384855329990387
2,finetune_000116_v00,finetune_000116,Fe5H8C4N20OF7,kr_uptake_mmol_g,density_g_cm3,-0.0749095231294632
2,finetune_000116_v00,finetune_000116,Fe5H8C4N20OF7,kr_uptake_mmol_g,nsites,-0.009837358258664608
2,finetune_000116_v00,finetune_000116,Fe5H8C4N20OF7,kr_uptake_mmol_g,nelements,0.007733704522252083
2,finetune_000116_v00,finetune_000116,Fe5H8C4N20OF7,kr_uptake_mmol_g,open_metal_site,-0.0
2,finetune_000116_v00,finetune_000116,Fe5H8C4N20OF7,kr_uptake_mmol_g,has_functional_group,0.005920085124671459
2,finetune_000116_v00,finetune_000116,Fe5H8C4N20OF7,kr_uptake_mmol_g,mean_electronegativity_diff,-0.0010363890323787928
2,finetune_000116_v00,finetune_000116,Fe5H8C4N20OF7,kr_uptake_mmol_g,mean_atomic_radius_A,0.0031761969439685345
2,finetune_000116_v00,finetune_000116,Fe5H8C4N20OF7,kr_uptake_mmol_g,mean_atomic_number,-0.0009349972242489457
2,finetune_000116_v00,finetune_000116,Fe5H8C4N20OF7,kr_uptake_mmol_g,metal_fraction,0.021054498851299286
2,finetune_000116_v00,finetune_000116,Fe5H8C4N20OF7,xe_kr_selectivity,pore_volume_cm3_g,-0.09940842539072037
2,finetune_000116_v00,finetune_000116,Fe5H8C4N20OF7,xe_kr_selectivity,void_fraction,-0.17759045958518982
2,finetune_000116_v00,finetune_000116,Fe5H8C4N20OF7,xe_kr_selectivity,gravimetric_surface_area_m2_g,-0.047470249235630035
2,finetune_000116_v00,finetune_000116,Fe5H8C4N20OF7,xe_kr_selectivity,volumetric_surface_area_m2_cm3,-0.0708300918340683
2,finetune_000116_v00,finetune_000116,Fe5H8C4N20OF7,xe_kr_selectivity,lcd_A,-0.2557133436203003
2,finetune_000116_v00,finetune_000116,Fe5H8C4N20OF7,xe_kr_selectivity,pld_A,-0.21525566279888153
2,finetune_000116_v00,finetune_000116,Fe5H8C4N20OF7,xe_kr_selectivity,density_g_cm3,0.029119834303855896
2,finetune_000116_v00,finetune_000116,Fe5H8C4N20OF7,xe_kr_selectivity,nsites,-0.02248924784362316
2,finetune_000116_v00,finetune_000116,Fe5H8C4N20OF7,xe_kr_selectivity,nelements,-0.03994850441813469
2,finetune_000116_v00,finetune_000116,Fe5H8C4N20OF7,xe_kr_selectivity,open_metal_site,-0.0
2,finetune_000116_v00,finetune_000116,Fe5H8C4N20OF7,xe_kr_selectivity,has_functional_group,0.001654456602409482
2,finetune_000116_v00,finetune_000116,Fe5H8C4N20OF7,xe_kr_selectivity,mean_electronegativity_diff,0.0037612661253660917
2,finetune_000116_v00,finetune_000116,Fe5H8C4N20OF7,xe_kr_selectivity,mean_atomic_radius_A,0.009878291748464108
2,finetune_000116_v00,finetune_000116,Fe5H8C4N20OF7,xe_kr_selectivity,mean_atomic_number,-0.017005031928420067
2,finetune_000116_v00,finetune_000116,Fe5H8C4N20OF7,xe_kr_selectivity,metal_fraction,-0.024679025635123253
2,finetune_000116_v00,finetune_000116,Fe5H8C4N20OF7,i2_uptake_mmol_g,pore_volume_cm3_g,-0.15682566165924072
2,finetune_000116_v00,finetune_000116,Fe5H8C4N20OF7,i2_uptake_mmol_g,void_fraction,-0.18076226115226746
2,finetune_000116_v00,finetune_000116,Fe5H8C4N20OF7,i2_uptake_mmol_g,gravimetric_surface_area_m2_g,-0.07444275170564651
2,finetune_000116_v00,finetune_000116,Fe5H8C4N20OF7,i2_uptake_mmol_g,volumetric_surface_area_m2_cm3,-0.06317085027694702
2,finetune_000116_v00,finetune_000116,Fe5H8C4N20OF7,i2_uptake_mmol_g,lcd_A,-0.10410910844802856
2,finetune_000116_v00,finetune_000116,Fe5H8C4N20OF7,i2_uptake_mmol_g,pld_A,-0.12920959293842316
2,finetune_000116_v00,finetune_000116,Fe5H8C4N20OF7,i2_uptake_mmol_g,density_g_cm3,-0.061791859567165375
2,finetune_000116_v00,finetune_000116,Fe5H8C4N20OF7,i2_uptake_mmol_g,nsites,-0.009033216163516045
2,finetune_000116_v00,finetune_000116,Fe5H8C4N20OF7,i2_uptake_mmol_g,nelements,0.034470248967409134
2,finetune_000116_v00,finetune_000116,Fe5H8C4N20OF7,i2_uptake_mmol_g,open_metal_site,-0.0
2,finetune_000116_v00,finetune_000116,Fe5H8C4N20OF7,i2_uptake_mmol_g,has_functional_group,-0.11529295891523361
2,finetune_000116_v00,finetune_000116,Fe5H8C4N20OF7,i2_uptake_mmol_g,mean_electronegativity_diff,-0.0018884355667978525
2,finetune_000116_v00,finetune_000116,Fe5H8C4N20OF7,i2_uptake_mmol_g,mean_atomic_radius_A,0.008462662808597088
2,finetune_000116_v00,finetune_000116,Fe5H8C4N20OF7,i2_uptake_mmol_g,mean_atomic_number,-0.0015587639063596725
2,finetune_000116_v00,finetune_000116,Fe5H8C4N20OF7,i2_uptake_mmol_g,metal_fraction,0.024888843297958374
2,finetune_000274_v00,finetune_000274,NdC4NO4,xe_uptake_mmol_g,pore_volume_cm3_g,-0.10758013278245926
2,finetune_000274_v00,finetune_000274,NdC4NO4,xe_uptake_mmol_g,void_fraction,-0.05937014892697334
2,finetune_000274_v00,finetune_000274,NdC4NO4,xe_uptake_mmol_g,gravimetric_surface_area_m2_g,-0.0670783594250679
2,finetune_000274_v00,finetune_000274,NdC4NO4,xe_uptake_mmol_g,volumetric_surface_area_m2_cm3,-0.020639436319470406
2,finetune_000274_v00,finetune_000274,NdC4NO4,xe_uptake_mmol_g,lcd_A,0.005864274222403765
2,finetune_000274_v00,finetune_000274,NdC4NO4,xe_uptake_mmol_g,pld_A,-0.012216008268296719
2,finetune_000274_v00,finetune_000274,NdC4NO4,xe_uptake_mmol_g,density_g_cm3,-0.08131188154220581
2,finetune_000274_v00,finetune_000274,NdC4NO4,xe_uptake_mmol_g,nsites,-0.04864095151424408
2,finetune_000274_v00,finetune_000274,NdC4NO4,xe_uptake_mmol_g,nelements,-0.001487902132794261
2,finetune_000274_v00,finetune_000274,NdC4NO4,xe_uptake_mmol_g,open_metal_site,-0.0
2,finetune_000274_v00,finetune_000274,NdC4NO4,xe_uptake_mmol_g,has_functional_group,0.007656218949705362
2,finetune_000274_v00,finetune_000274,NdC4NO4,xe_uptake_mmol_g,mean_electronegativity_diff,-0.01419780682772398
2,finetune_000274_v00,finetune_000274,NdC4NO4,xe_uptake_mmol_g,mean_atomic_radius_A,-0.018327349796891212
2,finetune_000274_v00,finetune_000274,NdC4NO4,xe_uptake_mmol_g,mean_atomic_number,0.006164915394037962
2,finetune_000274_v00,finetune_000274,NdC4NO4,xe_uptake_mmol_g,metal_fraction,0.029004288837313652
2,finetune_000274_v00,finetune_000274,NdC4NO4,kr_uptake_mmol_g,pore_volume_cm3_g,-0.11890453845262527
2,finetune_000274_v00,finetune_000274,NdC4NO4,kr_uptake_mmol_g,void_fraction,-0.06088869273662567
2,finetune_000274_v00,finetune_000274,NdC4NO4,kr_uptake_mmol_g,gravimetric_surface_area_m2_g,-0.06638962030410767
2,finetune_000274_v00,finetune_000274,NdC4NO4,kr_uptake_mmol_g,volumetric_surface_area_m2_cm3,-0.017678506672382355
2,finetune_000274_v00,finetune_000274,NdC4NO4,kr_uptake_mmol_g,lcd_A,0.005730075761675835
2,finetune_000274_v00,finetune_000274,NdC4NO4,kr_uptake_mmol_g,pld_A,-0.012363611720502377
2,finetune_000274_v00,finetune_000274,NdC4NO4,kr_uptake_mmol_g,density_g_cm3,-0.09334474056959152
2,finetune_000274_v00,finetune_000274,NdC4NO4,kr_uptake_mmol_g,nsites,-0.04474038630723953
2,finetune_000274_v00,finetune_000274,NdC4NO4,kr_uptake_mmol_g,nelements,-0.0006744198617525399
2,finetune_000274_v00,finetune_000274,NdC4NO4,kr_uptake_mmol_g,open_metal_site,-0.0
2,finetune_000274_v00,finetune_000274,NdC4NO4,kr_uptake_mmol_g,has_functional_group,0.009425581432878971
2,finetune_000274_v00,finetune_000274,NdC4NO4,kr_uptake_mmol_g,mean_electronegativity_diff,-0.008468033745884895
2,finetune_000274_v00,finetune_000274,NdC4NO4,kr_uptake_mmol_g,mean_atomic_radius_A,-0.014021161943674088
2,finetune_000274_v00,finetune_000274,NdC4NO4,kr_uptake_mmol_g,mean_atomic_number,-0.0031732842326164246
2,finetune_000274_v00,finetune_000274,NdC4NO4,kr_uptake_mmol_g,metal_fraction,0.015258591622114182
2,finetune_000274_v00,finetune_000274,NdC4NO4,xe_kr_selectivity,pore_volume_cm3_g,-0.055841635912656784
2,finetune_000274_v00,finetune_000274,NdC4NO4,xe_kr_selectivity,void_fraction,-0.0557636022567749
2,finetune_000274_v00,finetune_000274,NdC4NO4,xe_kr_selectivity,gravimetric_surface_area_m2_g,-0.03604067489504814
2,finetune_000274_v00,finetune_000274,NdC4NO4,xe_kr_selectivity,volumetric_surface_area_m2_cm3,-0.018570097163319588
2,finetune_000274_v00,finetune_000274,NdC4NO4,xe_kr_selectivity,lcd_A,0.009934457018971443
2,finetune_000274_v00,finetune_000274,NdC4NO4,xe_kr_selectivity,pld_A,-0.017400214448571205
2,finetune_000274_v00,finetune_000274,NdC4NO4,xe_kr_selectivity,density_g_cm3,0.026882389560341835
2,finetune_000274_v00,finetune_000274,NdC4NO4,xe_kr_selectivity,nsites,-0.08518681675195694
2,finetune_000274_v00,finetune_000274,NdC4NO4,xe_kr_selectivity,nelements,0.007991593331098557
2,finetune_000274_v00,finetune_000274,NdC4NO4,xe_kr_selectivity,open_metal_site,-0.0
2,finetune_000274_v00,finetune_000274,NdC4NO4,xe_kr_selectivity,has_functional_group,-0.006298362277448177
2,finetune_000274_v00,finetune_000274,NdC4NO4,xe_kr_selectivity,mean_electronegativity_diff,0.04790612310171127
2,finetune_000274_v00,finetune_000274,NdC4NO4,xe_kr_selectivity,mean_atomic_radius_A,-0.0260872021317482
2,finetune_000274_v00,finetune_000274,NdC4NO4,xe_kr_selectivity,mean_atomic_number,0.0990714430809021
2,finetune_000274_v00,finetune_000274,NdC4NO4,xe_kr_selectivity,metal_fraction,-0.021457942202687263
2,finetune_000274_v00,finetune_000274,NdC4NO4,i2_uptake_mmol_g,pore_volume_cm3_g,-0.10358288884162903
2,finetune_000274_v00,finetune_000274,NdC4NO4,i2_uptake_mmol_g,void_fraction,-0.06235932931303978
2,finetune_000274_v00,finetune_000274,NdC4NO4,i2_uptake_mmol_g,gravimetric_surface_area_m2_g,-0.05511254444718361
2,finetune_000274_v00,finetune_000274,NdC4NO4,i2_uptake_mmol_g,volumetric_surface_area_m2_cm3,-0.01962900534272194
2,finetune_000274_v00,finetune_000274,NdC4NO4,i2_uptake_mmol_g,lcd_A,0.004766202997416258
2,finetune_000274_v00,finetune_000274,NdC4NO4,i2_uptake_mmol_g,pld_A,-0.011965651996433735
2,finetune_000274_v00,finetune_000274,NdC4NO4,i2_uptake_mmol_g,density_g_cm3,-0.07624422013759613
2,finetune_000274_v00,finetune_000274,NdC4NO4,i2_uptake_mmol_g,nsites,-0.046542342752218246
2,finetune_000274_v00,finetune_000274,NdC4NO4,i2_uptake_mmol_g,nelements,-0.006741834804415703
2,finetune_000274_v00,finetune_000274,NdC4NO4,i2_uptake_mmol_g,open_metal_site,-0.0
2,finetune_000274_v00,finetune_000274,NdC4NO4,i2_uptake_mmol_g,has_functional_group,-0.16852125525474548
2,finetune_000274_v00,finetune_000274,NdC4NO4,i2_uptake_mmol_g,mean_electronegativity_diff,-0.014550859108567238
2,finetune_000274_v00,finetune_000274,NdC4NO4,i2_uptake_mmol_g,mean_atomic_radius_A,-0.02639663964509964
2,finetune_000274_v00,finetune_000274,NdC4NO4,i2_uptake_mmol_g,mean_atomic_number,0.001675432431511581
2,finetune_000274_v00,finetune_000274,NdC4NO4,i2_uptake_mmol_g,metal_fraction,0.019572017714381218
2,finetune_000069_v00,finetune_000069,CuHC4O3,xe_uptake_mmol_g,pore_volume_cm3_g,0.02873535081744194
2,finetune_000069_v00,finetune_000069,CuHC4O3,xe_uptake_mmol_g,void_fraction,0.026582395657896996
2,finetune_000069_v00,finetune_000069,CuHC4O3,xe_uptake_mmol_g,gravimetric_surface_area_m2_g,-0.00815407745540142
2,finetune_000069_v00,finetune_000069,CuHC4O3,xe_uptake_mmol_g,volumetric_surface_area_m2_cm3,-0.007928174920380116
2,finetune_000069_v00,finetune_000069,CuHC4O3,xe_uptake_mmol_g,lcd_A,-0.0494755282998085
2,finetune_000069_v00,finetune_000069,CuHC4O3,xe_uptake_mmol_g,pld_A,-0.09785614162683487
2,finetune_000069_v00,finetune_000069,CuHC4O3,xe_uptake_mmol_g,density_g_cm3,0.04809204116463661
2,finetune_000069_v00,finetune_000069,CuHC4O3,xe_uptake_mmol_g,nsites,0.05767980217933655
2,finetune_000069_v00,finetune_000069,CuHC4O3,xe_uptake_mmol_g,nelements,-0.0015288532013073564
2,finetune_000069_v00,finetune_000069,CuHC4O3,xe_uptake_mmol_g,open_metal_site,-0.0
2,finetune_000069_v00,finetune_000069,CuHC4O3,xe_uptake_mmol_g,has_functional_group,0.00675092963501811
2,finetune_000069_v00,finetune_000069,CuHC4O3,xe_uptake_mmol_g,mean_electronegativity_diff,0.005700566340237856
2,finetune_000069_v00,finetune_000069,CuHC4O3,xe_uptake_mmol_g,mean_atomic_radius_A,-0.0031806500628590584
2,finetune_000069_v00,finetune_000069,CuHC4O3,xe_uptake_mmol_g,mean_atomic_number,-0.0003240409423597157
2,finetune_000069_v00,finetune_000069,CuHC4O3,xe_uptake_mmol_g,metal_fraction,0.051493819802999496
2,finetune_000069_v00,finetune_000069,CuHC4O3,kr_uptake_mmol_g,pore_volume_cm3_g,0.0316360704600811
2,finetune_000069_v00,finetune_000069,CuHC4O3,kr_uptake_mmol_g,void_fraction,0.02803250215947628
2,finetune_000069_v00,finetune_000069,CuHC4O3,kr_uptake_mmol_g,gravimetric_surface_area_m2_g,-0.00837426446378231
2,finetune_000069_v00,finetune_000069,CuHC4O3,kr_uptake_mmol_g,volumetric_surface_area_m2_cm3,-0.007068517152220011
2,finetune_000069_v00,finetune_000069,CuHC4O3,kr_uptake_mmol_g,lcd_A,-0.05181330814957619
2,finetune_000069_v00,finetune_000069,CuHC4O3,kr_uptake_mmol_g,pld_A,-0.10405563563108444
2,finetune_000069_v00,finetune_000069,CuHC4O3,kr_uptake_mmol_g,density_g_cm3,0.05397222191095352
2,finetune_000069_v00,finetune_000069,CuHC4O3,kr_uptake_mmol_g,nsites,0.0581255666911602
2,finetune_000069_v00,finetune_000069,CuHC4O3,kr_uptake_mmol_g,nelements,-0.000856984406709671
2,finetune_000069_v00,finetune_000069,CuHC4O3,kr_uptake_mmol_g,open_metal_site,-0.0
2,finetune_000069_v00,finetune_000069,CuHC4O3,kr_uptake_mmol_g,has_functional_group,0.009389519691467285
2,finetune_000069_v00,finetune_000069,CuHC4O3,kr_uptake_mmol_g,mean_electronegativity_diff,0.003970466088503599
2,finetune_000069_v00,finetune_000069,CuHC4O3,kr_uptake_mmol_g,mean_atomic_radius_A,-0.002222368260845542
2,finetune_000069_v00,finetune_000069,CuHC4O3,kr_uptake_mmol_g,mean_atomic_number,0.00044608255848288536
2,finetune_000069_v00,finetune_000069,CuHC4O3,kr_uptake_mmol_g,metal_fraction,0.02416875772178173
2,finetune_000069_v00,finetune_000069,CuHC4O3,xe_kr_selectivity,pore_volume_cm3_g,0.011332478374242783
2,finetune_000069_v00,finetune_000069,CuHC4O3,xe_kr_selectivity,void_fraction,0.019459037110209465
2,finetune_000069_v00,finetune_000069,CuHC4O3,xe_kr_selectivity,gravimetric_surface_area_m2_g,-0.003443573834374547
2,finetune_000069_v00,finetune_000069,CuHC4O3,xe_kr_selectivity,volumetric_surface_area_m2_cm3,-0.005531474947929382
2,finetune_000069_v00,finetune_000069,CuHC4O3,xe_kr_selectivity,lcd_A,-0.06840820610523224
2,finetune_000069_v00,finetune_000069,CuHC4O3,xe_kr_selectivity,pld_A,-0.1151282861828804
2,finetune_000069_v00,finetune_000069,CuHC4O3,xe_kr_selectivity,density_g_cm3,-0.011378979310393333
2,finetune_000069_v00,finetune_000069,CuHC4O3,xe_kr_selectivity,nsites,0.0709809809923172
2,finetune_000069_v00,finetune_000069,CuHC4O3,xe_kr_selectivity,nelements,0.00965728797018528
2,finetune_000069_v00,finetune_000069,CuHC4O3,xe_kr_selectivity,open_metal_site,-0.0
2,finetune_000069_v00,finetune_000069,CuHC4O3,xe_kr_selectivity,has_functional_group,-0.00693184370175004
2,finetune_000069_v00,finetune_000069,CuHC4O3,xe_kr_selectivity,mean_electronegativity_diff,-0.049196530133485794
2,finetune_000069_v00,finetune_000069,CuHC4O3,xe_kr_selectivity,mean_atomic_radius_A,-0.005721570458263159
2,finetune_000069_v00,finetune_000069,CuHC4O3,xe_kr_selectivity,mean_atomic_number,-0.009317565709352493
2,finetune_000069_v00,finetune_000069,CuHC4O3,xe_kr_selectivity,metal_fraction,-0.05036846548318863
2,finetune_000069_v00,finetune_000069,CuHC4O3,i2_uptake_mmol_g,pore_volume_cm3_g,0.02649434469640255
2,finetune_000069_v00,finetune_000069,CuHC4O3,i2_uptake_mmol_g,void_fraction,0.027377018705010414
2,finetune_000069_v00,finetune_000069,CuHC4O3,i2_uptake_mmol_g,gravimetric_surface_area_m2_g,-0.006873708683997393
2,finetune_000069_v00,finetune_000069,CuHC4O3,i2_uptake_mmol_g,volumetric_surface_area_m2_cm3,-0.0075012375600636005
2,finetune_000069_v00,finetune_000069,CuHC4O3,i2_uptake_mmol_g,lcd_A,-0.041099436581134796
2,finetune_000069_v00,finetune_000069,CuHC4O3,i2_uptake_mmol_g,pld_A,-0.09692306071519852
2,finetune_000069_v00,finetune_000069,CuHC4O3,i2_uptake_mmol_g,density_g_cm3,0.043904516845941544
2,finetune_000069_v00,finetune_000069,CuHC4O3,i2_uptake_mmol_g,nsites,0.05723441764712334
2,finetune_000069_v00,finetune_000069,CuHC4O3,i2_uptake_mmol_g,nelements,-0.008471398614346981
2,finetune_000069_v00,finetune_000069,CuHC4O3,i2_uptake_mmol_g,open_metal_site,-0.0
2,finetune_000069_v00,finetune_000069,CuHC4O3,i2_uptake_mmol_g,has_functional_group,-0.20491580665111542
2,finetune_000069_v00,finetune_000069,CuHC4O3,i2_uptake_mmol_g,mean_electronegativity_diff,0.01103461068123579
2,finetune_000069_v00,finetune_000069,CuHC4O3,i2_uptake_mmol_g,mean_atomic_radius_A,-0.004070691764354706
2,finetune_000069_v00,finetune_000069,CuHC4O3,i2_uptake_mmol_g,mean_atomic_number,0.0006886768969707191
2,finetune_000069_v00,finetune_000069,CuHC4O3,i2_uptake_mmol_g,metal_fraction,0.03129982948303223
2,finetune_000124_v00,finetune_000124,Fe2C4Cl2O9,xe_uptake_mmol_g,pore_volume_cm3_g,-0.026218358427286148
2,finetune_000124_v00,finetune_000124,Fe2C4Cl2O9,xe_uptake_mmol_g,void_fraction,0.01839076355099678
2,finetune_000124_v00,finetune_000124,Fe2C4Cl2O9,xe_uptake_mmol_g,gravimetric_surface_area_m2_g,0.046938687562942505
2,finetune_000124_v00,finetune_000124,Fe2C4Cl2O9,xe_uptake_mmol_g,volumetric_surface_area_m2_cm3,0.06259385496377945
2,finetune_000124_v00,finetune_000124,Fe2C4Cl2O9,xe_uptake_mmol_g,lcd_A,0.09148551523685455
2,finetune_000124_v00,finetune_000124,Fe2C4Cl2O9,xe_uptake_mmol_g,pld_A,0.11274250596761703
2,finetune_000124_v00,finetune_000124,Fe2C4Cl2O9,xe_uptake_mmol_g,density_g_cm3,-0.01794303208589554
2,finetune_000124_v00,finetune_000124,Fe2C4Cl2O9,xe_uptake_mmol_g,nsites,-0.12324228137731552
2,finetune_000124_v00,finetune_000124,Fe2C4Cl2O9,xe_uptake_mmol_g,nelements,-0.0003968217642977834
2,finetune_000124_v00,finetune_000124,Fe2C4Cl2O9,xe_uptake_mmol_g,open_metal_site,-0.0
2,finetune_000124_v00,finetune_000124,Fe2C4Cl2O9,xe_uptake_mmol_g,has_functional_group,0.004989088978618383
2,finetune_000124_v00,finetune_000124,Fe2C4Cl2O9,xe_uptake_mmol_g,mean_electronegativity_diff,0.0024686111137270927
2,finetune_000124_v00,finetune_000124,Fe2C4Cl2O9,xe_uptake_mmol_g,mean_atomic_radius_A,-0.0167725570499897
2,finetune_000124_v00,finetune_000124,Fe2C4Cl2O9,xe_uptake_mmol_g,mean_atomic_number,0.0029898842331022024
2,finetune_000124_v00,finetune_000124,Fe2C4Cl2O9,xe_uptake_mmol_g,metal_fraction,0.06217445060610771
2,finetune_000124_v00,finetune_000124,Fe2C4Cl2O9,kr_uptake_mmol_g,pore_volume_cm3_g,-0.028897689655423164
2,finetune_000124_v00,finetune_000124,Fe2C4Cl2O9,kr_uptake_mmol_g,void_fraction,0.018903492018580437
2,finetune_000124_v00,finetune_000124,Fe2C4Cl2O9,kr_uptake_mmol_g,gravimetric_surface_area_m2_g,0.04767433553934097
2,finetune_000124_v00,finetune_000124,Fe2C4Cl2O9,kr_uptake_mmol_g,volumetric_surface_area_m2_cm3,0.05436079204082489
2,finetune_000124_v00,finetune_000124,Fe2C4Cl2O9,kr_uptake_mmol_g,lcd_A,0.09037987142801285
2,finetune_000124_v00,finetune_000124,Fe2C4Cl2O9,kr_uptake_mmol_g,pld_A,0.11359185725450516
2,finetune_000124_v00,finetune_000124,Fe2C4Cl2O9,kr_uptake_mmol_g,density_g_cm3,-0.02096022665500641
2,finetune_000124_v00,finetune_000124,Fe2C4Cl2O9,kr_uptake_mmol_g,nsites,-0.11882058531045914
2,finetune_000124_v00,finetune_000124,Fe2C4Cl2O9,kr_uptake_mmol_g,nelements,-0.00016296078683808446
2,finetune_000124_v00,finetune_000124,Fe2C4Cl2O9,kr_uptake_mmol_g,open_metal_site,-0.0
2,finetune_000124_v00,finetune_000124,Fe2C4Cl2O9,kr_uptake_mmol_g,has_functional_group,0.009431719779968262
2,finetune_000124_v00,finetune_000124,Fe2C4Cl2O9,kr_uptake_mmol_g,mean_electronegativity_diff,0.0020912650506943464
2,finetune_000124_v00,finetune_000124,Fe2C4Cl2O9,kr_uptake_mmol_g,mean_atomic_radius_A,-0.011576256714761257
2,finetune_000124_v00,finetune_000124,Fe2C4Cl2O9,kr_uptake_mmol_g,mean_atomic_number,-0.004926059395074844
2,finetune_000124_v00,finetune_000124,Fe2C4Cl2O9,kr_uptake_mmol_g,metal_fraction,0.03345511108636856
2,finetune_000124_v00,finetune_000124,Fe2C4Cl2O9,xe_kr_selectivity,pore_volume_cm3_g,-0.011714420281350613
2,finetune_000124_v00,finetune_000124,Fe2C4Cl2O9,xe_kr_selectivity,void_fraction,0.015321408398449421
2,finetune_000124_v00,finetune_000124,Fe2C4Cl2O9,xe_kr_selectivity,gravimetric_surface_area_m2_g,0.022993281483650208
2,finetune_000124_v00,finetune_000124,Fe2C4Cl2O9,xe_kr_selectivity,volumetric_surface_area_m2_cm3,0.05136401578783989
2,finetune_000124_v00,finetune_000124,Fe2C4Cl2O9,xe_kr_selectivity,lcd_A,0.13866351544857025
2,finetune_000124_v00,finetune_000124,Fe2C4Cl2O9,xe_kr_selectivity,pld_A,0.14212094247341156
2,finetune_000124_v00,finetune_000124,Fe2C4Cl2O9,xe_kr_selectivity,density_g_cm3,0.005049495957791805
2,finetune_000124_v00,finetune_000124,Fe2C4Cl2O9,xe_kr_selectivity,nsites,-0.17150256037712097
2,finetune_000124_v00,finetune_000124,Fe2C4Cl2O9,xe_kr_selectivity,nelements,0.009801290929317474
2,finetune_000124_v00,finetune_000124,Fe2C4Cl2O9,xe_kr_selectivity,open_metal_site,-0.0
2,finetune_000124_v00,finetune_000124,Fe2C4Cl2O9,xe_kr_selectivity,has_functional_group,-0.01597055234014988
2,finetune_000124_v00,finetune_000124,Fe2C4Cl2O9,xe_kr_selectivity,mean_electronegativity_diff,-0.03766137361526489
2,finetune_000124_v00,finetune_000124,Fe2C4Cl2O9,xe_kr_selectivity,mean_atomic_radius_A,-0.013207724317908287
2,finetune_000124_v00,finetune_000124,Fe2C4Cl2O9,xe_kr_selectivity,mean_atomic_number,0.05435195937752724
2,finetune_000124_v00,finetune_000124,Fe2C4Cl2O9,xe_kr_selectivity,metal_fraction,-0.05117592215538025
2,finetune_000124_v00,finetune_000124,Fe2C4Cl2O9,i2_uptake_mmol_g,pore_volume_cm3_g,-0.024917833507061005
2,finetune_000124_v00,finetune_000124,Fe2C4Cl2O9,i2_uptake_mmol_g,void_fraction,0.01923137716948986
2,finetune_000124_v00,finetune_000124,Fe2C4Cl2O9,i2_uptake_mmol_g,gravimetric_surface_area_m2_g,0.04069475829601288
2,finetune_000124_v00,finetune_000124,Fe2C4Cl2O9,i2_uptake_mmol_g,volumetric_surface_area_m2_cm3,0.06198624148964882
2,finetune_000124_v00,finetune_000124,Fe2C4Cl2O9,i2_uptake_mmol_g,lcd_A,0.07647867500782013
2,finetune_000124_v00,finetune_000124,Fe2C4Cl2O9,i2_uptake_mmol_g,pld_A,0.11192122101783752
2,finetune_000124_v00,finetune_000124,Fe2C4Cl2O9,i2_uptake_mmol_g,density_g_cm3,-0.0171267818659544
2,finetune_000124_v00,finetune_000124,Fe2C4Cl2O9,i2_uptake_mmol_g,nsites,-0.12475712597370148
2,finetune_000124_v00,finetune_000124,Fe2C4Cl2O9,i2_uptake_mmol_g,nelements,-0.008535264059901237
2,finetune_000124_v00,finetune_000124,Fe2C4Cl2O9,i2_uptake_mmol_g,open_metal_site,-0.0
2,finetune_000124_v00,finetune_000124,Fe2C4Cl2O9,i2_uptake_mmol_g,has_functional_group,-0.2252175658941269
2,finetune_000124_v00,finetune_000124,Fe2C4Cl2O9,i2_uptake_mmol_g,mean_electronegativity_diff,0.008905273862183094
2,finetune_000124_v00,finetune_000124,Fe2C4Cl2O9,i2_uptake_mmol_g,mean_atomic_radius_A,-0.01995225064456463
2,finetune_000124_v00,finetune_000124,Fe2C4Cl2O9,i2_uptake_mmol_g,mean_atomic_number,-0.0017900881357491016
2,finetune_000124_v00,finetune_000124,Fe2C4Cl2O9,i2_uptake_mmol_g,metal_fraction,0.03909808397293091
2,finetune_000037_v00,finetune_000037,SmH9(C2O)6,xe_uptake_mmol_g,pore_volume_cm3_g,-0.17779529094696045
2,finetune_000037_v00,finetune_000037,SmH9(C2O)6,xe_uptake_mmol_g,void_fraction,-0.18806570768356323
2,finetune_000037_v00,finetune_000037,SmH9(C2O)6,xe_uptake_mmol_g,gravimetric_surface_area_m2_g,-0.10744199901819229
2,finetune_000037_v00,finetune_000037,SmH9(C2O)6,xe_uptake_mmol_g,volumetric_surface_area_m2_cm3,-0.09491073340177536
2,finetune_000037_v00,finetune_000037,SmH9(C2O)6,xe_uptake_mmol_g,lcd_A,-0.1153336837887764
2,finetune_000037_v00,finetune_000037,SmH9(C2O)6,xe_uptake_mmol_g,pld_A,-0.1435908079147339
2,finetune_000037_v00,finetune_000037,SmH9(C2O)6,xe_uptake_mmol_g,density_g_cm3,-0.007365429773926735
2,finetune_000037_v00,finetune_000037,SmH9(C2O)6,xe_uptake_mmol_g,nsites,0.045834172517061234
2,finetune_000037_v00,finetune_000037,SmH9(C2O)6,xe_uptake_mmol_g,nelements,-0.002186083933338523
2,finetune_000037_v00,finetune_000037,SmH9(C2O)6,xe_uptake_mmol_g,open_metal_site,-0.0
2,finetune_000037_v00,finetune_000037,SmH9(C2O)6,xe_uptake_mmol_g,has_functional_group,0.009422213770449162
2,finetune_000037_v00,finetune_000037,SmH9(C2O)6,xe_uptake_mmol_g,mean_electronegativity_diff,-0.012419074773788452
2,finetune_000037_v00,finetune_000037,SmH9(C2O)6,xe_uptake_mmol_g,mean_atomic_radius_A,0.009227207861840725
2,finetune_000037_v00,finetune_000037,SmH9(C2O)6,xe_uptake_mmol_g,mean_atomic_number,-0.002842850284650922
2,finetune_000037_v00,finetune_000037,SmH9(C2O)6,xe_uptake_mmol_g,metal_fraction,-0.053630996495485306
2,finetune_000037_v00,finetune_000037,SmH9(C2O)6,kr_uptake_mmol_g,pore_volume_cm3_g,-0.19851253926753998
2,finetune_000037_v00,finetune_000037,SmH9(C2O)6,kr_uptake_mmol_g,void_fraction,-0.20119832456111908
2,finetune_000037_v00,finetune_000037,SmH9(C2O)6,kr_uptake_mmol_g,gravimetric_surface_area_m2_g,-0.1054878756403923
2,finetune_000037_v00,finetune_000037,SmH9(C2O)6,kr_uptake_mmol_g,volumetric_surface_area_m2_cm3,-0.08309254050254822
2,finetune_000037_v00,finetune_000037,SmH9(C2O)6,kr_uptake_mmol_g,lcd_A,-0.12164664268493652
2,finetune_000037_v00,finetune_000037,SmH9(C2O)6,kr_uptake_mmol_g,pld_A,-0.15969106554985046
2,finetune_000037_v00,finetune_000037,SmH9(C2O)6,kr_uptake_mmol_g,density_g_cm3,-0.008197599090635777
2,finetune_000037_v00,finetune_000037,SmH9(C2O)6,kr_uptake_mmol_g,nsites,0.04373583570122719
2,finetune_000037_v00,finetune_000037,SmH9(C2O)6,kr_uptake_mmol_g,nelements,-0.0010337142739444971
2,finetune_000037_v00,finetune_000037,SmH9(C2O)6,kr_uptake_mmol_g,open_metal_site,-0.0
2,finetune_000037_v00,finetune_000037,SmH9(C2O)6,kr_uptake_mmol_g,has_functional_group,0.004905988462269306
2,finetune_000037_v00,finetune_000037,SmH9(C2O)6,kr_uptake_mmol_g,mean_electronegativity_diff,-0.0063244435004889965
2,finetune_000037_v00,finetune_000037,SmH9(C2O)6,kr_uptake_mmol_g,mean_atomic_radius_A,0.01090929564088583
2,finetune_000037_v00,finetune_000037,SmH9(C2O)6,kr_uptake_mmol_g,mean_atomic_number,-0.001679333858191967
2,finetune_000037_v00,finetune_000037,SmH9(C2O)6,kr_uptake_mmol_g,metal_fraction,-0.01758318953216076
2,finetune_000037_v00,finetune_000037,SmH9(C2O)6,xe_kr_selectivity,pore_volume_cm3_g,-0.09861426800489426
2,finetune_000037_v00,finetune_000037,SmH9(C2O)6,xe_kr_selectivity,void_fraction,-0.16630268096923828
2,finetune_000037_v00,finetune_000037,SmH9(C2O)6,xe_kr_selectivity,gravimetric_surface_area_m2_g,-0.05399690940976143
2,finetune_000037_v00,finetune_000037,SmH9(C2O)6,xe_kr_selectivity,volumetric_surface_area_m2_cm3,-0.08432295173406601
2,finetune_000037_v00,finetune_000037,SmH9(C2O)6,xe_kr_selectivity,lcd_A,-0.18348428606987
2,finetune_000037_v00,finetune_000037,SmH9(C2O)6,xe_kr_selectivity,pld_A,-0.20182371139526367
2,finetune_000037_v00,finetune_000037,SmH9(C2O)6,xe_kr_selectivity,density_g_cm3,0.0011257354635745287
2,finetune_000037_v00,finetune_000037,SmH9(C2O)6,xe_kr_selectivity,nsites,0.0716191828250885
2,finetune_000037_v00,finetune_000037,SmH9(C2O)6,xe_kr_selectivity,nelements,0.00618515070527792
2,finetune_000037_v00,finetune_000037,SmH9(C2O)6,xe_kr_selectivity,open_metal_site,-0.0
2,finetune_000037_v00,finetune_000037,SmH9(C2O)6,xe_kr_selectivity,has_functional_group,0.006166871637105942
2,finetune_000037_v00,finetune_000037,SmH9(C2O)6,xe_kr_selectivity,mean_electronegativity_diff,0.019592933356761932
2,finetune_000037_v00,finetune_000037,SmH9(C2O)6,xe_kr_selectivity,mean_atomic_radius_A,0.046879854053258896
2,finetune_000037_v00,finetune_000037,SmH9(C2O)6,xe_kr_selectivity,mean_atomic_number,-0.04615769535303116
2,finetune_000037_v00,finetune_000037,SmH9(C2O)6,xe_kr_selectivity,metal_fraction,0.05753209441900253
2,finetune_000037_v00,finetune_000037,SmH9(C2O)6,i2_uptake_mmol_g,pore_volume_cm3_g,-0.1657036691904068
2,finetune_000037_v00,finetune_000037,SmH9(C2O)6,i2_uptake_mmol_g,void_fraction,-0.19961656630039215
2,finetune_000037_v00,finetune_000037,SmH9(C2O)6,i2_uptake_mmol_g,gravimetric_surface_area_m2_g,-0.0847933366894722
2,finetune_000037_v00,finetune_000037,SmH9(C2O)6,i2_uptake_mmol_g,volumetric_surface_area_m2_cm3,-0.08517931401729584
2,finetune_000037_v00,finetune_000037,SmH9(C2O)6,i2_uptake_mmol_g,lcd_A,-0.09415008872747421
2,finetune_000037_v00,finetune_000037,SmH9(C2O)6,i2_uptake_mmol_g,pld_A,-0.144510418176651
2,finetune_000037_v00,finetune_000037,SmH9(C2O)6,i2_uptake_mmol_g,density_g_cm3,-0.006794730667024851
2,finetune_000037_v00,finetune_000037,SmH9(C2O)6,i2_uptake_mmol_g,nsites,0.038863036781549454
2,finetune_000037_v00,finetune_000037,SmH9(C2O)6,i2_uptake_mmol_g,nelements,-0.005626491736620665
2,finetune_000037_v00,finetune_000037,SmH9(C2O)6,i2_uptake_mmol_g,open_metal_site,-0.0
2,finetune_000037_v00,finetune_000037,SmH9(C2O)6,i2_uptake_mmol_g,has_functional_group,-0.11464392393827438
2,finetune_000037_v00,finetune_000037,SmH9(C2O)6,i2_uptake_mmol_g,mean_electronegativity_diff,-0.009439189918339252
2,finetune_000037_v00,finetune_000037,SmH9(C2O)6,i2_uptake_mmol_g,mean_atomic_radius_A,0.02441788651049137
2,finetune_000037_v00,finetune_000037,SmH9(C2O)6,i2_uptake_mmol_g,mean_atomic_number,-0.003185421461239457
2,finetune_000037_v00,finetune_000037,SmH9(C2O)6,i2_uptake_mmol_g,metal_fraction,-0.03147896006703377
2,finetune_000132_v00,finetune_000132,CuHC4O3,xe_uptake_mmol_g,pore_volume_cm3_g,0.028735347092151642
2,finetune_000132_v00,finetune_000132,CuHC4O3,xe_uptake_mmol_g,void_fraction,0.026582395657896996
2,finetune_000132_v00,finetune_000132,CuHC4O3,xe_uptake_mmol_g,gravimetric_surface_area_m2_g,-0.00815407745540142
2,finetune_000132_v00,finetune_000132,CuHC4O3,xe_uptake_mmol_g,volumetric_surface_area_m2_cm3,-0.007928174920380116
2,finetune_000132_v00,finetune_000132,CuHC4O3,xe_uptake_mmol_g,lcd_A,-0.0494755320250988
2,finetune_000132_v00,finetune_000132,CuHC4O3,xe_uptake_mmol_g,pld_A,-0.09785614162683487
2,finetune_000132_v00,finetune_000132,CuHC4O3,xe_uptake_mmol_g,density_g_cm3,0.04809204116463661
2,finetune_000132_v00,finetune_000132,CuHC4O3,xe_uptake_mmol_g,nsites,0.05767980217933655
2,finetune_000132_v00,finetune_000132,CuHC4O3,xe_uptake_mmol_g,nelements,-0.0015288533177226782
2,finetune_000132_v00,finetune_000132,CuHC4O3,xe_uptake_mmol_g,open_metal_site,-0.0
2,finetune_000132_v00,finetune_000132,CuHC4O3,xe_uptake_mmol_g,has_functional_group,0.00675092963501811
2,finetune_000132_v00,finetune_000132,CuHC4O3,xe_uptake_mmol_g,mean_electronegativity_diff,0.005700566805899143
2,finetune_000132_v00,finetune_000132,CuHC4O3,xe_uptake_mmol_g,mean_atomic_radius_A,-0.0031806500628590584
2,finetune_000132_v00,finetune_000132,CuHC4O3,xe_uptake_mmol_g,mean_atomic_number,-0.0003240410005673766
2,finetune_000132_v00,finetune_000132,CuHC4O3,xe_uptake_mmol_g,metal_fraction,0.051493819802999496
2,finetune_000132_v00,finetune_000132,CuHC4O3,kr_uptake_mmol_g,pore_volume_cm3_g,0.0316360704600811
2,finetune_000132_v00,finetune_000132,CuHC4O3,kr_uptake_mmol_g,void_fraction,0.02803250215947628
2,finetune_000132_v00,finetune_000132,CuHC4O3,kr_uptake_mmol_g,gravimetric_surface_area_m2_g,-0.00837426446378231
2,finetune_000132_v00,finetune_000132,CuHC4O3,kr_uptake_mmol_g,volumetric_surface_area_m2_cm3,-0.007068517152220011
2,finetune_000132_v00,finetune_000132,CuHC4O3,kr_uptake_mmol_g,lcd_A,-0.05181330814957619
2,finetune_000132_v00,finetune_000132,CuHC4O3,kr_uptake_mmol_g,pld_A,-0.10405563563108444
2,finetune_000132_v00,finetune_000132,CuHC4O3,kr_uptake_mmol_g,density_g_cm3,0.05397221818566322
2,finetune_000132_v00,finetune_000132,CuHC4O3,kr_uptake_mmol_g,nsites,0.058125562965869904
2,finetune_000132_v00,finetune_000132,CuHC4O3,kr_uptake_mmol_g,nelements,-0.0008569846977479756
2,finetune_000132_v00,finetune_000132,CuHC4O3,kr_uptake_mmol_g,open_metal_site,-0.0
2,finetune_000132_v00,finetune_000132,CuHC4O3,kr_uptake_mmol_g,has_functional_group,0.00938951876014471
2,finetune_000132_v00,finetune_000132,CuHC4O3,kr_uptake_mmol_g,mean_electronegativity_diff,0.003970466088503599
2,finetune_000132_v00,finetune_000132,CuHC4O3,kr_uptake_mmol_g,mean_atomic_radius_A,-0.002222368260845542
2,finetune_000132_v00,finetune_000132,CuHC4O3,kr_uptake_mmol_g,mean_atomic_number,0.0004460826748982072
2,finetune_000132_v00,finetune_000132,CuHC4O3,kr_uptake_mmol_g,metal_fraction,0.02416875772178173
2,finetune_000132_v00,finetune_000132,CuHC4O3,xe_kr_selectivity,pore_volume_cm3_g,0.011332478374242783
2,finetune_000132_v00,finetune_000132,CuHC4O3,xe_kr_selectivity,void_fraction,0.019459037110209465
2,finetune_000132_v00,finetune_000132,CuHC4O3,xe_kr_selectivity,gravimetric_surface_area_m2_g,-0.003443573834374547
2,finetune_000132_v00,finetune_000132,CuHC4O3,xe_kr_selectivity,volumetric_surface_area_m2_cm3,-0.005531474947929382
2,finetune_000132_v00,finetune_000132,CuHC4O3,xe_kr_selectivity,lcd_A,-0.06840820610523224
2,finetune_000132_v00,finetune_000132,CuHC4O3,xe_kr_selectivity,pld_A,-0.11512827128171921
2,finetune_000132_v00,finetune_000132,CuHC4O3,xe_kr_selectivity,density_g_cm3,-0.01137897651642561
2,finetune_000132_v00,finetune_000132,CuHC4O3,xe_kr_selectivity,nsites,0.0709809809923172
2,finetune_000132_v00,finetune_000132,CuHC4O3,xe_kr_selectivity,nelements,0.00965728797018528
2,finetune_000132_v00,finetune_000132,CuHC4O3,xe_kr_selectivity,open_metal_site,-0.0
2,finetune_000132_v00,finetune_000132,CuHC4O3,xe_kr_selectivity,has_functional_group,-0.006931844633072615
2,finetune_000132_v00,finetune_000132,CuHC4O3,xe_kr_selectivity,mean_electronegativity_diff,-0.04919653758406639
2,finetune_000132_v00,finetune_000132,CuHC4O3,xe_kr_selectivity,mean_atomic_radius_A,-0.0057215699926018715
2,finetune_000132_v00,finetune_000132,CuHC4O3,xe_kr_selectivity,mean_atomic_number,-0.009317565709352493
2,finetune_000132_v00,finetune_000132,CuHC4O3,xe_kr_selectivity,metal_fraction,-0.05036846548318863
2,finetune_000132_v00,finetune_000132,CuHC4O3,i2_uptake_mmol_g,pore_volume_cm3_g,0.02649434469640255
2,finetune_000132_v00,finetune_000132,CuHC4O3,i2_uptake_mmol_g,void_fraction,0.027377018705010414
2,finetune_000132_v00,finetune_000132,CuHC4O3,i2_uptake_mmol_g,gravimetric_surface_area_m2_g,-0.006873708683997393
2,finetune_000132_v00,finetune_000132,CuHC4O3,i2_uptake_mmol_g,volumetric_surface_area_m2_cm3,-0.0075012375600636005
2,finetune_000132_v00,finetune_000132,CuHC4O3,i2_uptake_mmol_g,lcd_A,-0.041099436581134796
2,finetune_000132_v00,finetune_000132,CuHC4O3,i2_uptake_mmol_g,pld_A,-0.09692306816577911
2,finetune_000132_v00,finetune_000132,CuHC4O3,i2_uptake_mmol_g,density_g_cm3,0.043904516845941544
2,finetune_000132_v00,finetune_000132,CuHC4O3,i2_uptake_mmol_g,nsites,0.05723441764712334
2,finetune_000132_v00,finetune_000132,CuHC4O3,i2_uptake_mmol_g,nelements,-0.008471398614346981
2,finetune_000132_v00,finetune_000132,CuHC4O3,i2_uptake_mmol_g,open_metal_site,-0.0
2,finetune_000132_v00,finetune_000132,CuHC4O3,i2_uptake_mmol_g,has_functional_group,-0.20491580665111542
2,finetune_000132_v00,finetune_000132,CuHC4O3,i2_uptake_mmol_g,mean_electronegativity_diff,0.01103461068123579
2,finetune_000132_v00,finetune_000132,CuHC4O3,i2_uptake_mmol_g,mean_atomic_radius_A,-0.004070692230015993
2,finetune_000132_v00,finetune_000132,CuHC4O3,i2_uptake_mmol_g,mean_atomic_number,0.00068867695517838
2,finetune_000132_v00,finetune_000132,CuHC4O3,i2_uptake_mmol_g,metal_fraction,0.03129982948303223
3,finetune_000002_v00,finetune_000002,LiC6N4F3,xe_uptake_mmol_g,pore_volume_cm3_g,-0.1664232760667801
3,finetune_000002_v00,finetune_000002,LiC6N4F3,xe_uptake_mmol_g,void_fraction,-0.1793920248746872
3,finetune_000002_v00,finetune_000002,LiC6N4F3,xe_uptake_mmol_g,gravimetric_surface_area_m2_g,-0.11073804646730423
3,finetune_000002_v00,finetune_000002,LiC6N4F3,xe_uptake_mmol_g,volumetric_surface_area_m2_cm3,-0.1215335801243782
3,finetune_000002_v00,finetune_000002,LiC6N4F3,xe_uptake_mmol_g,lcd_A,-0.0912100300192833
3,finetune_000002_v00,finetune_000002,LiC6N4F3,xe_uptake_mmol_g,pld_A,-0.10084667801856995
3,finetune_000002_v00,finetune_000002,LiC6N4F3,xe_uptake_mmol_g,density_g_cm3,0.05801693722605705
3,finetune_000002_v00,finetune_000002,LiC6N4F3,xe_uptake_mmol_g,nsites,0.048927195370197296
3,finetune_000002_v00,finetune_000002,LiC6N4F3,xe_uptake_mmol_g,nelements,-0.00310905696824193
3,finetune_000002_v00,finetune_000002,LiC6N4F3,xe_uptake_mmol_g,open_metal_site,-0.0
3,finetune_000002_v00,finetune_000002,LiC6N4F3,xe_uptake_mmol_g,has_functional_group,0.006488150451332331
3,finetune_000002_v00,finetune_000002,LiC6N4F3,xe_uptake_mmol_g,mean_electronegativity_diff,-0.019569003954529762
3,finetune_000002_v00,finetune_000002,LiC6N4F3,xe_uptake_mmol_g,mean_atomic_radius_A,-0.005709600634872913
3,finetune_000002_v00,finetune_000002,LiC6N4F3,xe_uptake_mmol_g,mean_atomic_number,-0.02142852544784546
3,finetune_000002_v00,finetune_000002,LiC6N4F3,xe_uptake_mmol_g,metal_fraction,-0.01367143727838993
3,finetune_000002_v00,finetune_000002,LiC6N4F3,kr_uptake_mmol_g,pore_volume_cm3_g,-0.1810426414012909
3,finetune_000002_v00,finetune_000002,LiC6N4F3,kr_uptake_mmol_g,void_fraction,-0.18238025903701782
3,finetune_000002_v00,finetune_000002,LiC6N4F3,kr_uptake_mmol_g,gravimetric_surface_area_m2_g,-0.09860631078481674
3,finetune_000002_v00,finetune_000002,LiC6N4F3,kr_uptake_mmol_g,volumetric_surface_area_m2_cm3,-0.1312040388584137
3,finetune_000002_v00,finetune_000002,LiC6N4F3,kr_uptake_mmol_g,lcd_A,-0.11310747265815735
3,finetune_000002_v00,finetune_000002,LiC6N4F3,kr_uptake_mmol_g,pld_A,-0.1345885843038559
3,finetune_000002_v00,finetune_000002,LiC6N4F3,kr_uptake_mmol_g,density_g_cm3,0.059951890259981155
3,finetune_000002_v00,finetune_000002,LiC6N4F3,kr_uptake_mmol_g,nsites,0.049234189093112946
3,finetune_000002_v00,finetune_000002,LiC6N4F3,kr_uptake_mmol_g,nelements,-0.0008986563188955188
3,finetune_000002_v00,finetune_000002,LiC6N4F3,kr_uptake_mmol_g,open_metal_site,-0.0
3,finetune_000002_v00,finetune_000002,LiC6N4F3,kr_uptake_mmol_g,has_functional_group,0.0029344591312110424
3,finetune_000002_v00,finetune_000002,LiC6N4F3,kr_uptake_mmol_g,mean_electronegativity_diff,0.002879552775993943
3,finetune_000002_v00,finetune_000002,LiC6N4F3,kr_uptake_mmol_g,mean_atomic_radius_A,-0.005605948623269796
3,finetune_000002_v00,finetune_000002,LiC6N4F3,kr_uptake_mmol_g,mean_atomic_number,-0.029138578101992607
3,finetune_000002_v00,finetune_000002,LiC6N4F3,kr_uptake_mmol_g,metal_fraction,-0.008815808221697807
3,finetune_000002_v00,finetune_000002,LiC6N4F3,xe_kr_selectivity,pore_volume_cm3_g,-0.10059869289398193
3,finetune_000002_v00,finetune_000002,LiC6N4F3,xe_kr_selectivity,void_fraction,-0.15803790092468262
3,finetune_000002_v00,finetune_000002,LiC6N4F3,xe_kr_selectivity,gravimetric_surface_area_m2_g,-0.05312000587582588
3,finetune_000002_v00,finetune_000002,LiC6N4F3,xe_kr_selectivity,volumetric_surface_area_m2_cm3,-0.09313876926898956
3,finetune_000002_v00,finetune_000002,LiC6N4F3,xe_kr_selectivity,lcd_A,-0.19793975353240967
3,finetune_000002_v00,finetune_000002,LiC6N4F3,xe_kr_selectivity,pld_A,-0.23787261545658112
3,finetune_000002_v00,finetune_000002,LiC6N4F3,xe_kr_selectivity,density_g_cm3,-0.0021380034741014242
3,finetune_000002_v00,finetune_000002,LiC6N4F3,xe_kr_selectivity,nsites,0.049217306077480316
3,finetune_000002_v00,finetune_000002,LiC6N4F3,xe_kr_selectivity,nelements,0.002920478582382202
3,finetune_000002_v00,finetune_000002,LiC6N4F3,xe_kr_selectivity,open_metal_site,-0.0
3,finetune_000002_v00,finetune_000002,LiC6N4F3,xe_kr_selectivity,has_functional_group,-0.007316931616514921
3,finetune_000002_v00,finetune_000002,LiC6N4F3,xe_kr_selectivity,mean_electronegativity_diff,0.023571481928229332
3,finetune_000002_v00,finetune_000002,LiC6N4F3,xe_kr_selectivity,mean_atomic_radius_A,-0.008379672653973103
3,finetune_000002_v00,finetune_000002,LiC6N4F3,xe_kr_selectivity,mean_atomic_number,-0.11864445358514786
3,finetune_000002_v00,finetune_000002,LiC6N4F3,xe_kr_selectivity,metal_fraction,0.010790742933750153
3,finetune_000002_v00,finetune_000002,LiC6N4F3,i2_uptake_mmol_g,pore_volume_cm3_g,-0.16225740313529968
3,finetune_000002_v00,finetune_000002,LiC6N4F3,i2_uptake_mmol_g,void_fraction,-0.1835727095603943
3,finetune_000002_v00,finetune_000002,LiC6N4F3,i2_uptake_mmol_g,gravimetric_surface_area_m2_g,-0.11032453924417496
3,finetune_000002_v00,finetune_000002,LiC6N4F3,i2_uptake_mmol_g,volumetric_surface_area_m2_cm3,-0.13124126195907593
3,finetune_000002_v00,finetune_000002,LiC6N4F3,i2_uptake_mmol_g,lcd_A,-0.11835268139839172
3,finetune_000002_v00,finetune_000002,LiC6N4F3,i2_uptake_mmol_g,pld_A,-0.15098927915096283
3,finetune_000002_v00,finetune_000002,LiC6N4F3,i2_uptake_mmol_g,density_g_cm3,0.05293978378176689
3,finetune_000002_v00,finetune_000002,LiC6N4F3,i2_uptake_mmol_g,nsites,0.0557779036462307
3,finetune_000002_v00,finetune_000002,LiC6N4F3,i2_uptake_mmol_g,nelements,-0.005948482546955347
3,finetune_000002_v00,finetune_000002,LiC6N4F3,i2_uptake_mmol_g,open_metal_site,-0.0
3,finetune_000002_v00,finetune_000002,LiC6N4F3,i2_uptake_mmol_g,has_functional_group,-0.1276368796825409
3,finetune_000002_v00,finetune_000002,LiC6N4F3,i2_uptake_mmol_g,mean_electronegativity_diff,-0.009691628627479076
3,finetune_000002_v00,finetune_000002,LiC6N4F3,i2_uptake_mmol_g,mean_atomic_radius_A,-0.006798938848078251
3,finetune_000002_v00,finetune_000002,LiC6N4F3,i2_uptake_mmol_g,mean_atomic_number,-0.012715265154838562
3,finetune_000002_v00,finetune_000002,LiC6N4F3,i2_uptake_mmol_g,metal_fraction,-0.00891057588160038
3,finetune_000035_v00,finetune_000035,CoH4(C3O2)2,xe_uptake_mmol_g,pore_volume_cm3_g,-0.07825929671525955
3,finetune_000035_v00,finetune_000035,CoH4(C3O2)2,xe_uptake_mmol_g,void_fraction,-0.09597457200288773
3,finetune_000035_v00,finetune_000035,CoH4(C3O2)2,xe_uptake_mmol_g,gravimetric_surface_area_m2_g,0.07745590060949326
3,finetune_000035_v00,finetune_000035,CoH4(C3O2)2,xe_uptake_mmol_g,volumetric_surface_area_m2_cm3,0.05984468758106232
3,finetune_000035_v00,finetune_000035,CoH4(C3O2)2,xe_uptake_mmol_g,lcd_A,-0.06541559845209122
3,finetune_000035_v00,finetune_000035,CoH4(C3O2)2,xe_uptake_mmol_g,pld_A,-0.09358464926481247
3,finetune_000035_v00,finetune_000035,CoH4(C3O2)2,xe_uptake_mmol_g,density_g_cm3,0.07235153764486313
3,finetune_000035_v00,finetune_000035,CoH4(C3O2)2,xe_uptake_mmol_g,nsites,-0.1580783724784851
3,finetune_000035_v00,finetune_000035,CoH4(C3O2)2,xe_uptake_mmol_g,nelements,-0.0021967317443341017
3,finetune_000035_v00,finetune_000035,CoH4(C3O2)2,xe_uptake_mmol_g,open_metal_site,-0.0
3,finetune_000035_v00,finetune_000035,CoH4(C3O2)2,xe_uptake_mmol_g,has_functional_group,0.009548419155180454
3,finetune_000035_v00,finetune_000035,CoH4(C3O2)2,xe_uptake_mmol_g,mean_electronegativity_diff,0.0028358427807688713
3,finetune_000035_v00,finetune_000035,CoH4(C3O2)2,xe_uptake_mmol_g,mean_atomic_radius_A,0.012244759127497673
3,finetune_000035_v00,finetune_000035,CoH4(C3O2)2,xe_uptake_mmol_g,mean_atomic_number,-0.03698208928108215
3,finetune_000035_v00,finetune_000035,CoH4(C3O2)2,xe_uptake_mmol_g,metal_fraction,-0.01912970282137394
3,finetune_000035_v00,finetune_000035,CoH4(C3O2)2,kr_uptake_mmol_g,pore_volume_cm3_g,-0.08094138652086258
3,finetune_000035_v00,finetune_000035,CoH4(C3O2)2,kr_uptake_mmol_g,void_fraction,-0.09630285948514938
3,finetune_000035_v00,finetune_000035,CoH4(C3O2)2,kr_uptake_mmol_g,gravimetric_surface_area_m2_g,0.06911861896514893
3,finetune_000035_v00,finetune_000035,CoH4(C3O2)2,kr_uptake_mmol_g,volumetric_surface_area_m2_cm3,0.06021026521921158
3,finetune_000035_v00,finetune_000035,CoH4(C3O2)2,kr_uptake_mmol_g,lcd_A,-0.0731579065322876
3,finetune_000035_v00,finetune_000035,CoH4(C3O2)2,kr_uptake_mmol_g,pld_A,-0.10991378873586655
3,finetune_000035_v00,finetune_000035,CoH4(C3O2)2,kr_uptake_mmol_g,density_g_cm3,0.07538554072380066
3,finetune_000035_v00,finetune_000035,CoH4(C3O2)2,kr_uptake_mmol_g,nsites,-0.15615254640579224
3,finetune_000035_v00,finetune_000035,CoH4(C3O2)2,kr_uptake_mmol_g,nelements,-1.332616761828831e-06
3,finetune_000035_v00,finetune_000035,CoH4(C3O2)2,kr_uptake_mmol_g,open_metal_site,-0.0
3,finetune_000035_v00,finetune_000035,CoH4(C3O2)2,kr_uptake_mmol_g,has_functional_group,0.007308534346520901
3,finetune_000035_v00,finetune_000035,CoH4(C3O2)2,kr_uptake_mmol_g,mean_electronegativity_diff,-0.0049939826130867004
3,finetune_000035_v00,finetune_000035,CoH4(C3O2)2,kr_uptake_mmol_g,mean_atomic_radius_A,0.014447025023400784
3,finetune_000035_v00,finetune_000035,CoH4(C3O2)2,kr_uptake_mmol_g,mean_atomic_number,-0.04021764174103737
3,finetune_000035_v00,finetune_000035,CoH4(C3O2)2,kr_uptake_mmol_g,metal_fraction,-0.011450737714767456
3,finetune_000035_v00,finetune_000035,CoH4(C3O2)2,xe_kr_selectivity,pore_volume_cm3_g,-0.027164876461029053
3,finetune_000035_v00,finetune_000035,CoH4(C3O2)2,xe_kr_selectivity,void_fraction,-0.0575055368244648
3,finetune_000035_v00,finetune_000035,CoH4(C3O2)2,xe_kr_selectivity,gravimetric_surface_area_m2_g,0.018372662365436554
3,finetune_000035_v00,finetune_000035,CoH4(C3O2)2,xe_kr_selectivity,volumetric_surface_area_m2_cm3,0.028860364109277725
3,finetune_000035_v00,finetune_000035,CoH4(C3O2)2,xe_kr_selectivity,lcd_A,-0.1121777594089508
3,finetune_000035_v00,finetune_000035,CoH4(C3O2)2,xe_kr_selectivity,pld_A,-0.17406654357910156
3,finetune_000035_v00,finetune_000035,CoH4(C3O2)2,xe_kr_selectivity,density_g_cm3,-0.009084523655474186
3,finetune_000035_v00,finetune_000035,CoH4(C3O2)2,xe_kr_selectivity,nsites,-0.10148680210113525
3,finetune_000035_v00,finetune_000035,CoH4(C3O2)2,xe_kr_selectivity,nelements,0.00471534812822938
3,finetune_000035_v00,finetune_000035,CoH4(C3O2)2,xe_kr_selectivity,open_metal_site,0.0
3,finetune_000035_v00,finetune_000035,CoH4(C3O2)2,xe_kr_selectivity,has_functional_group,-0.0061581130139529705
3,finetune_000035_v00,finetune_000035,CoH4(C3O2)2,xe_kr_selectivity,mean_electronegativity_diff,-0.006356061436235905
3,finetune_000035_v00,finetune_000035,CoH4(C3O2)2,xe_kr_selectivity,mean_atomic_radius_A,0.02766403928399086
3,finetune_000035_v00,finetune_000035,CoH4(C3O2)2,xe_kr_selectivity,mean_atomic_number,-0.1304638832807541
3,finetune_000035_v00,finetune_000035,CoH4(C3O2)2,xe_kr_selectivity,metal_fraction,0.02366199903190136
3,finetune_000035_v00,finetune_000035,CoH4(C3O2)2,i2_uptake_mmol_g,pore_volume_cm3_g,-0.06500941514968872
3,finetune_000035_v00,finetune_000035,CoH4(C3O2)2,i2_uptake_mmol_g,void_fraction,-0.08529533445835114
3,finetune_000035_v00,finetune_000035,CoH4(C3O2)2,i2_uptake_mmol_g,gravimetric_surface_area_m2_g,0.07065318524837494
3,finetune_000035_v00,finetune_000035,CoH4(C3O2)2,i2_uptake_mmol_g,volumetric_surface_area_m2_cm3,0.057519249618053436
3,finetune_000035_v00,finetune_000035,CoH4(C3O2)2,i2_uptake_mmol_g,lcd_A,-0.07144900411367416
3,finetune_000035_v00,finetune_000035,CoH4(C3O2)2,i2_uptake_mmol_g,pld_A,-0.12078951299190521
3,finetune_000035_v00,finetune_000035,CoH4(C3O2)2,i2_uptake_mmol_g,density_g_cm3,0.06595761328935623
3,finetune_000035_v00,finetune_000035,CoH4(C3O2)2,i2_uptake_mmol_g,nsites,-0.15535378456115723
3,finetune_000035_v00,finetune_000035,CoH4(C3O2)2,i2_uptake_mmol_g,nelements,-0.0030916272662580013
3,finetune_000035_v00,finetune_000035,CoH4(C3O2)2,i2_uptake_mmol_g,open_metal_site,-0.0
3,finetune_000035_v00,finetune_000035,CoH4(C3O2)2,i2_uptake_mmol_g,has_functional_group,-0.14265315234661102
3,finetune_000035_v00,finetune_000035,CoH4(C3O2)2,i2_uptake_mmol_g,mean_electronegativity_diff,-6.397514516720548e-05
3,finetune_000035_v00,finetune_000035,CoH4(C3O2)2,i2_uptake_mmol_g,mean_atomic_radius_A,0.02057756669819355
3,finetune_000035_v00,finetune_000035,CoH4(C3O2)2,i2_uptake_mmol_g,mean_atomic_number,-0.014526967890560627
3,finetune_000035_v00,finetune_000035,CoH4(C3O2)2,i2_uptake_mmol_g,metal_fraction,-0.00911601260304451
3,finetune_000176_v00,finetune_000176,CoPC3NO3,xe_uptake_mmol_g,pore_volume_cm3_g,0.19362138211727142
3,finetune_000176_v00,finetune_000176,CoPC3NO3,xe_uptake_mmol_g,void_fraction,0.192857563495636
3,finetune_000176_v00,finetune_000176,CoPC3NO3,xe_uptake_mmol_g,gravimetric_surface_area_m2_g,0.0308932326734066
3,finetune_000176_v00,finetune_000176,CoPC3NO3,xe_uptake_mmol_g,volumetric_surface_area_m2_cm3,0.026682332158088684
3,finetune_000176_v00,finetune_000176,CoPC3NO3,xe_uptake_mmol_g,lcd_A,0.016616227105259895
3,finetune_000176_v00,finetune_000176,CoPC3NO3,xe_uptake_mmol_g,pld_A,-0.0025381341110914946
3,finetune_000176_v00,finetune_000176,CoPC3NO3,xe_uptake_mmol_g,density_g_cm3,0.07325981557369232
3,finetune_000176_v00,finetune_000176,CoPC3NO3,xe_uptake_mmol_g,nsites,0.09300731867551804
3,finetune_000176_v00,finetune_000176,CoPC3NO3,xe_uptake_mmol_g,nelements,0.004746272694319487
3,finetune_000176_v00,finetune_000176,CoPC3NO3,xe_uptake_mmol_g,open_metal_site,-0.0
3,finetune_000176_v00,finetune_000176,CoPC3NO3,xe_uptake_mmol_g,has_functional_group,0.007503159809857607
3,finetune_000176_v00,finetune_000176,CoPC3NO3,xe_uptake_mmol_g,mean_electronegativity_diff,-0.007101636845618486
3,finetune_000176_v00,finetune_000176,CoPC3NO3,xe_uptake_mmol_g,mean_atomic_radius_A,-0.03315655142068863
3,finetune_000176_v00,finetune_000176,CoPC3NO3,xe_uptake_mmol_g,mean_atomic_number,0.01694919541478157
3,finetune_000176_v00,finetune_000176,CoPC3NO3,xe_uptake_mmol_g,metal_fraction,0.06423206627368927
3,finetune_000176_v00,finetune_000176,CoPC3NO3,kr_uptake_mmol_g,pore_volume_cm3_g,0.19728204607963562
3,finetune_000176_v00,finetune_000176,CoPC3NO3,kr_uptake_mmol_g,void_fraction,0.1910833865404129
3,finetune_000176_v00,finetune_000176,CoPC3NO3,kr_uptake_mmol_g,gravimetric_surface_area_m2_g,0.029278486967086792
3,finetune_000176_v00,finetune_000176,CoPC3NO3,kr_uptake_mmol_g,volumetric_surface_area_m2_cm3,0.02573804184794426
3,finetune_000176_v00,finetune_000176,CoPC3NO3,kr_uptake_mmol_g,lcd_A,0.01712317392230034
3,finetune_000176_v00,finetune_000176,CoPC3NO3,kr_uptake_mmol_g,pld_A,-0.00273485598154366
3,finetune_000176_v00,finetune_000176,CoPC3NO3,kr_uptake_mmol_g,density_g_cm3,0.08039242774248123
3,finetune_000176_v00,finetune_000176,CoPC3NO3,kr_uptake_mmol_g,nsites,0.09585002064704895
3,finetune_000176_v00,finetune_000176,CoPC3NO3,kr_uptake_mmol_g,nelements,-0.0052254642359912395
3,finetune_000176_v00,finetune_000176,CoPC3NO3,kr_uptake_mmol_g,open_metal_site,-0.0
3,finetune_000176_v00,finetune_000176,CoPC3NO3,kr_uptake_mmol_g,has_functional_group,0.008471664041280746
3,finetune_000176_v00,finetune_000176,CoPC3NO3,kr_uptake_mmol_g,mean_electronegativity_diff,-0.014818830415606499
3,finetune_000176_v00,finetune_000176,CoPC3NO3,kr_uptake_mmol_g,mean_atomic_radius_A,-0.036718595772981644
3,finetune_000176_v00,finetune_000176,CoPC3NO3,kr_uptake_mmol_g,mean_atomic_number,0.014530282467603683
3,finetune_000176_v00,finetune_000176,CoPC3NO3,kr_uptake_mmol_g,metal_fraction,0.04590117931365967
3,finetune_000176_v00,finetune_000176,CoPC3NO3,xe_kr_selectivity,pore_volume_cm3_g,0.06738917529582977
3,finetune_000176_v00,finetune_000176,CoPC3NO3,xe_kr_selectivity,void_fraction,0.08983413875102997
3,finetune_000176_v00,finetune_000176,CoPC3NO3,xe_kr_selectivity,gravimetric_surface_area_m2_g,0.005816433113068342
3,finetune_000176_v00,finetune_000176,CoPC3NO3,xe_kr_selectivity,volumetric_surface_area_m2_cm3,0.011177250184118748
3,finetune_000176_v00,finetune_000176,CoPC3NO3,xe_kr_selectivity,lcd_A,0.022800471633672714
3,finetune_000176_v00,finetune_000176,CoPC3NO3,xe_kr_selectivity,pld_A,-0.003783575491979718
3,finetune_000176_v00,finetune_000176,CoPC3NO3,xe_kr_selectivity,density_g_cm3,-0.005420281086117029
3,finetune_000176_v00,finetune_000176,CoPC3NO3,xe_kr_selectivity,nsites,0.060493919998407364
3,finetune_000176_v00,finetune_000176,CoPC3NO3,xe_kr_selectivity,nelements,-0.0185842402279377
3,finetune_000176_v00,finetune_000176,CoPC3NO3,xe_kr_selectivity,open_metal_site,-0.0
3,finetune_000176_v00,finetune_000176,CoPC3NO3,xe_kr_selectivity,has_functional_group,-0.02042265422642231
3,finetune_000176_v00,finetune_000176,CoPC3NO3,xe_kr_selectivity,mean_electronegativity_diff,-0.01730794832110405
3,finetune_000176_v00,finetune_000176,CoPC3NO3,xe_kr_selectivity,mean_atomic_radius_A,-0.019093072041869164
3,finetune_000176_v00,finetune_000176,CoPC3NO3,xe_kr_selectivity,mean_atomic_number,0.07145282626152039
3,finetune_000176_v00,finetune_000176,CoPC3NO3,xe_kr_selectivity,metal_fraction,-0.04583972319960594
3,finetune_000176_v00,finetune_000176,CoPC3NO3,i2_uptake_mmol_g,pore_volume_cm3_g,0.16314895451068878
3,finetune_000176_v00,finetune_000176,CoPC3NO3,i2_uptake_mmol_g,void_fraction,0.16273143887519836
3,finetune_000176_v00,finetune_000176,CoPC3NO3,i2_uptake_mmol_g,gravimetric_surface_area_m2_g,0.027004728093743324
3,finetune_000176_v00,finetune_000176,CoPC3NO3,i2_uptake_mmol_g,volumetric_surface_area_m2_cm3,0.025797277688980103
3,finetune_000176_v00,finetune_000176,CoPC3NO3,i2_uptake_mmol_g,lcd_A,0.016209449619054794
3,finetune_000176_v00,finetune_000176,CoPC3NO3,i2_uptake_mmol_g,pld_A,-0.0030905804596841335
3,finetune_000176_v00,finetune_000176,CoPC3NO3,i2_uptake_mmol_g,density_g_cm3,0.07398035377264023
3,finetune_000176_v00,finetune_000176,CoPC3NO3,i2_uptake_mmol_g,nsites,0.10370159894227982
3,finetune_000176_v00,finetune_000176,CoPC3NO3,i2_uptake_mmol_g,nelements,0.010010579600930214
3,finetune_000176_v00,finetune_000176,CoPC3NO3,i2_uptake_mmol_g,open_metal_site,-0.0
3,finetune_000176_v00,finetune_000176,CoPC3NO3,i2_uptake_mmol_g,has_functional_group,-0.24112628400325775
3,finetune_000176_v00,finetune_000176,CoPC3NO3,i2_uptake_mmol_g,mean_electronegativity_diff,-0.013757062144577503
3,finetune_000176_v00,finetune_000176,CoPC3NO3,i2_uptake_mmol_g,mean_atomic_radius_A,-0.032554805278778076
3,finetune_000176_v00,finetune_000176,CoPC3NO3,i2_uptake_mmol_g,mean_atomic_number,-0.001408413052558899
3,finetune_000176_v00,finetune_000176,CoPC3NO3,i2_uptake_mmol_g,metal_fraction,0.04826709255576134
3,finetune_000222_v00,finetune_000222,Co3H16(C9O7)2,xe_uptake_mmol_g,pore_volume_cm3_g,-0.16470490396022797
3,finetune_000222_v00,finetune_000222,Co3H16(C9O7)2,xe_uptake_mmol_g,void_fraction,-0.16417944431304932
3,finetune_000222_v00,finetune_000222,Co3H16(C9O7)2,xe_uptake_mmol_g,gravimetric_surface_area_m2_g,-0.08925696462392807
3,finetune_000222_v00,finetune_000222,Co3H16(C9O7)2,xe_uptake_mmol_g,volumetric_surface_area_m2_cm3,-0.08730722963809967
3,finetune_000222_v00,finetune_000222,Co3H16(C9O7)2,xe_uptake_mmol_g,lcd_A,-0.09716423600912094
3,finetune_000222_v00,finetune_000222,Co3H16(C9O7)2,xe_uptake_mmol_g,pld_A,-0.08980129659175873
3,finetune_000222_v00,finetune_000222,Co3H16(C9O7)2,xe_uptake_mmol_g,density_g_cm3,-0.014598543755710125
3,finetune_000222_v00,finetune_000222,Co3H16(C9O7)2,xe_uptake_mmol_g,nsites,0.02042040228843689
3,finetune_000222_v00,finetune_000222,Co3H16(C9O7)2,xe_uptake_mmol_g,nelements,-0.003016167785972357
3,finetune_000222_v00,finetune_000222,Co3H16(C9O7)2,xe_uptake_mmol_g,open_metal_site,-0.0
3,finetune_000222_v00,finetune_000222,Co3H16(C9O7)2,xe_uptake_mmol_g,has_functional_group,0.010466175153851509
3,finetune_000222_v00,finetune_000222,Co3H16(C9O7)2,xe_uptake_mmol_g,mean_electronegativity_diff,0.005222142208367586
3,finetune_000222_v00,finetune_000222,Co3H16(C9O7)2,xe_uptake_mmol_g,mean_atomic_radius_A,0.019671563059091568
3,finetune_000222_v00,finetune_000222,Co3H16(C9O7)2,xe_uptake_mmol_g,mean_atomic_number,-0.030850253999233246
3,finetune_000222_v00,finetune_000222,Co3H16(C9O7)2,xe_uptake_mmol_g,metal_fraction,-0.026749007403850555
3,finetune_000222_v00,finetune_000222,Co3H16(C9O7)2,kr_uptake_mmol_g,pore_volume_cm3_g,-0.1773211807012558
3,finetune_000222_v00,finetune_000222,Co3H16(C9O7)2,kr_uptake_mmol_g,void_fraction,-0.16729025542736053
3,finetune_000222_v00,finetune_000222,Co3H16(C9O7)2,kr_uptake_mmol_g,gravimetric_surface_area_m2_g,-0.07945410907268524
3,finetune_000222_v00,finetune_000222,Co3H16(C9O7)2,kr_uptake_mmol_g,volumetric_surface_area_m2_cm3,-0.09285177290439606
3,finetune_000222_v00,finetune_000222,Co3H16(C9O7)2,kr_uptake_mmol_g,lcd_A,-0.1210675984621048
3,finetune_000222_v00,finetune_000222,Co3H16(C9O7)2,kr_uptake_mmol_g,pld_A,-0.11633946746587753
3,finetune_000222_v00,finetune_000222,Co3H16(C9O7)2,kr_uptake_mmol_g,density_g_cm3,-0.014884402975440025
3,finetune_000222_v00,finetune_000222,Co3H16(C9O7)2,kr_uptake_mmol_g,nsites,0.01959342323243618
3,finetune_000222_v00,finetune_000222,Co3H16(C9O7)2,kr_uptake_mmol_g,nelements,-0.001547300606034696
3,finetune_000222_v00,finetune_000222,Co3H16(C9O7)2,kr_uptake_mmol_g,open_metal_site,-0.0
3,finetune_000222_v00,finetune_000222,Co3H16(C9O7)2,kr_uptake_mmol_g,has_functional_group,0.0053904177621006966
3,finetune_000222_v00,finetune_000222,Co3H16(C9O7)2,kr_uptake_mmol_g,mean_electronegativity_diff,-0.0028874806594103575
3,finetune_000222_v00,finetune_000222,Co3H16(C9O7)2,kr_uptake_mmol_g,mean_atomic_radius_A,0.020129891112446785
3,finetune_000222_v00,finetune_000222,Co3H16(C9O7)2,kr_uptake_mmol_g,mean_atomic_number,-0.03836561739444733
3,finetune_000222_v00,finetune_000222,Co3H16(C9O7)2,kr_uptake_mmol_g,metal_fraction,-0.015054446645081043
3,finetune_000222_v00,finetune_000222,Co3H16(C9O7)2,xe_kr_selectivity,pore_volume_cm3_g,-0.07965274155139923
3,finetune_000222_v00,finetune_000222,Co3H16(C9O7)2,xe_kr_selectivity,void_fraction,-0.13262242078781128
3,finetune_000222_v00,finetune_000222,Co3H16(C9O7)2,xe_kr_selectivity,gravimetric_surface_area_m2_g,-0.03191724419593811
3,finetune_000222_v00,finetune_000222,Co3H16(C9O7)2,xe_kr_selectivity,volumetric_surface_area_m2_cm3,-0.05400483310222626
3,finetune_000222_v00,finetune_000222,Co3H16(C9O7)2,xe_kr_selectivity,lcd_A,-0.2068805992603302
3,finetune_000222_v00,finetune_000222,Co3H16(C9O7)2,xe_kr_selectivity,pld_A,-0.2054959088563919
3,finetune_000222_v00,finetune_000222,Co3H16(C9O7)2,xe_kr_selectivity,density_g_cm3,0.0018835566006600857
3,finetune_000222_v00,finetune_000222,Co3H16(C9O7)2,xe_kr_selectivity,nsites,0.01705661416053772
3,finetune_000222_v00,finetune_000222,Co3H16(C9O7)2,xe_kr_selectivity,nelements,0.003190892282873392
3,finetune_000222_v00,finetune_000222,Co3H16(C9O7)2,xe_kr_selectivity,open_metal_site,-0.0
3,finetune_000222_v00,finetune_000222,Co3H16(C9O7)2,xe_kr_selectivity,has_functional_group,-0.0021434363443404436
3,finetune_000222_v00,finetune_000222,Co3H16(C9O7)2,xe_kr_selectivity,mean_electronegativity_diff,-0.0037151107098907232
3,finetune_000222_v00,finetune_000222,Co3H16(C9O7)2,xe_kr_selectivity,mean_atomic_radius_A,0.04533441364765167
3,finetune_000222_v00,finetune_000222,Co3H16(C9O7)2,xe_kr_selectivity,mean_atomic_number,-0.13242825865745544
3,finetune_000222_v00,finetune_000222,Co3H16(C9O7)2,xe_kr_selectivity,metal_fraction,0.029253307729959488
3,finetune_000222_v00,finetune_000222,Co3H16(C9O7)2,i2_uptake_mmol_g,pore_volume_cm3_g,-0.1465383917093277
3,finetune_000222_v00,finetune_000222,Co3H16(C9O7)2,i2_uptake_mmol_g,void_fraction,-0.15698538720607758
3,finetune_000222_v00,finetune_000222,Co3H16(C9O7)2,i2_uptake_mmol_g,gravimetric_surface_area_m2_g,-0.08687276393175125
3,finetune_000222_v00,finetune_000222,Co3H16(C9O7)2,i2_uptake_mmol_g,volumetric_surface_area_m2_cm3,-0.08407657593488693
3,finetune_000222_v00,finetune_000222,Co3H16(C9O7)2,i2_uptake_mmol_g,lcd_A,-0.12211456149816513
3,finetune_000222_v00,finetune_000222,Co3H16(C9O7)2,i2_uptake_mmol_g,pld_A,-0.1256232112646103
3,finetune_000222_v00,finetune_000222,Co3H16(C9O7)2,i2_uptake_mmol_g,density_g_cm3,-0.01257521752268076
3,finetune_000222_v00,finetune_000222,Co3H16(C9O7)2,i2_uptake_mmol_g,nsites,0.019626427441835403
3,finetune_000222_v00,finetune_000222,Co3H16(C9O7)2,i2_uptake_mmol_g,nelements,-0.00434435298666358
3,finetune_000222_v00,finetune_000222,Co3H16(C9O7)2,i2_uptake_mmol_g,open_metal_site,-0.0
3,finetune_000222_v00,finetune_000222,Co3H16(C9O7)2,i2_uptake_mmol_g,has_functional_group,-0.10289589315652847
3,finetune_000222_v00,finetune_000222,Co3H16(C9O7)2,i2_uptake_mmol_g,mean_electronegativity_diff,0.0046624778769910336
3,finetune_000222_v00,finetune_000222,Co3H16(C9O7)2,i2_uptake_mmol_g,mean_atomic_radius_A,0.026283251121640205
3,finetune_000222_v00,finetune_000222,Co3H16(C9O7)2,i2_uptake_mmol_g,mean_atomic_number,-0.018407106399536133
3,finetune_000222_v00,finetune_000222,Co3H16(C9O7)2,i2_uptake_mmol_g,metal_fraction,-0.013228957541286945
3,finetune_000085_v00,finetune_000085,ZnH3(CO2)3,xe_uptake_mmol_g,pore_volume_cm3_g,-0.14663459360599518
3,finetune_000085_v00,finetune_000085,ZnH3(CO2)3,xe_uptake_mmol_g,void_fraction,-0.14069268107414246
3,finetune_000085_v00,finetune_000085,ZnH3(CO2)3,xe_uptake_mmol_g,gravimetric_surface_area_m2_g,-0.0814322680234909
3,finetune_000085_v00,finetune_000085,ZnH3(CO2)3,xe_uptake_mmol_g,volumetric_surface_area_m2_cm3,-0.0767875537276268
3,finetune_000085_v00,finetune_000085,ZnH3(CO2)3,xe_uptake_mmol_g,lcd_A,-0.058779120445251465
3,finetune_000085_v00,finetune_000085,ZnH3(CO2)3,xe_uptake_mmol_g,pld_A,-0.08254744112491608
3,finetune_000085_v00,finetune_000085,ZnH3(CO2)3,xe_uptake_mmol_g,density_g_cm3,-0.012561977840960026
3,finetune_000085_v00,finetune_000085,ZnH3(CO2)3,xe_uptake_mmol_g,nsites,0.02983202412724495
3,finetune_000085_v00,finetune_000085,ZnH3(CO2)3,xe_uptake_mmol_g,nelements,-0.0026842711959034204
3,finetune_000085_v00,finetune_000085,ZnH3(CO2)3,xe_uptake_mmol_g,open_metal_site,-0.0
3,finetune_000085_v00,finetune_000085,ZnH3(CO2)3,xe_uptake_mmol_g,has_functional_group,0.014440448954701424
3,finetune_000085_v00,finetune_000085,ZnH3(CO2)3,xe_uptake_mmol_g,mean_electronegativity_diff,0.002041577361524105
3,finetune_000085_v00,finetune_000085,ZnH3(CO2)3,xe_uptake_mmol_g,mean_atomic_radius_A,0.020070156082510948
3,finetune_000085_v00,finetune_000085,ZnH3(CO2)3,xe_uptake_mmol_g,mean_atomic_number,-0.015261553227901459
3,finetune_000085_v00,finetune_000085,ZnH3(CO2)3,xe_uptake_mmol_g,metal_fraction,-0.006201503798365593
3,finetune_000085_v00,finetune_000085,ZnH3(CO2)3,kr_uptake_mmol_g,pore_volume_cm3_g,-0.1560845822095871
3,finetune_000085_v00,finetune_000085,ZnH3(CO2)3,kr_uptake_mmol_g,void_fraction,-0.13988272845745087
3,finetune_000085_v00,finetune_000085,ZnH3(CO2)3,kr_uptake_mmol_g,gravimetric_surface_area_m2_g,-0.07392337918281555
3,finetune_000085_v00,finetune_000085,ZnH3(CO2)3,kr_uptake_mmol_g,volumetric_surface_area_m2_cm3,-0.08085379749536514
3,finetune_000085_v00,finetune_000085,ZnH3(CO2)3,kr_uptake_mmol_g,lcd_A,-0.06948094815015793
3,finetune_000085_v00,finetune_000085,ZnH3(CO2)3,kr_uptake_mmol_g,pld_A,-0.10304310917854309
3,finetune_000085_v00,finetune_000085,ZnH3(CO2)3,kr_uptake_mmol_g,density_g_cm3,-0.012960740365087986
3,finetune_000085_v00,finetune_000085,ZnH3(CO2)3,kr_uptake_mmol_g,nsites,0.029841596260666847
3,finetune_000085_v00,finetune_000085,ZnH3(CO2)3,kr_uptake_mmol_g,nelements,-0.00046870793448761106
3,finetune_000085_v00,finetune_000085,ZnH3(CO2)3,kr_uptake_mmol_g,open_metal_site,-0.0
3,finetune_000085_v00,finetune_000085,ZnH3(CO2)3,kr_uptake_mmol_g,has_functional_group,0.009516259655356407
3,finetune_000085_v00,finetune_000085,ZnH3(CO2)3,kr_uptake_mmol_g,mean_electronegativity_diff,-0.0018854555673897266
3,finetune_000085_v00,finetune_000085,ZnH3(CO2)3,kr_uptake_mmol_g,mean_atomic_radius_A,0.019095052033662796
3,finetune_000085_v00,finetune_000085,ZnH3(CO2)3,kr_uptake_mmol_g,mean_atomic_number,-0.01765925996005535
3,finetune_000085_v00,finetune_000085,ZnH3(CO2)3,kr_uptake_mmol_g,metal_fraction,-0.0036650330293923616
3,finetune_000085_v00,finetune_000085,ZnH3(CO2)3,xe_kr_selectivity,pore_volume_cm3_g,-0.072750024497509
3,finetune_000085_v00,finetune_000085,ZnH3(CO2)3,xe_kr_selectivity,void_fraction,-0.10652289539575577
3,finetune_000085_v00,finetune_000085,ZnH3(CO2)3,xe_kr_selectivity,gravimetric_surface_area_m2_g,-0.03013518825173378
3,finetune_000085_v00,finetune_000085,ZnH3(CO2)3,xe_kr_selectivity,volumetric_surface_area_m2_cm3,-0.04901479184627533
3,finetune_000085_v00,finetune_000085,ZnH3(CO2)3,xe_kr_selectivity,lcd_A,-0.117778480052948
3,finetune_000085_v00,finetune_000085,ZnH3(CO2)3,xe_kr_selectivity,pld_A,-0.18294481933116913
3,finetune_000085_v00,finetune_000085,ZnH3(CO2)3,xe_kr_selectivity,density_g_cm3,0.0013382146134972572
3,finetune_000085_v00,finetune_000085,ZnH3(CO2)3,xe_kr_selectivity,nsites,0.02662467211484909
3,finetune_000085_v00,finetune_000085,ZnH3(CO2)3,xe_kr_selectivity,nelements,0.0045738485641777515
3,finetune_000085_v00,finetune_000085,ZnH3(CO2)3,xe_kr_selectivity,open_metal_site,-0.0
3,finetune_000085_v00,finetune_000085,ZnH3(CO2)3,xe_kr_selectivity,has_functional_group,-0.00040054169949144125
3,finetune_000085_v00,finetune_000085,ZnH3(CO2)3,xe_kr_selectivity,mean_electronegativity_diff,-0.0033546898048371077
3,finetune_000085_v00,finetune_000085,ZnH3(CO2)3,xe_kr_selectivity,mean_atomic_radius_A,0.03078433871269226
3,finetune_000085_v00,finetune_000085,ZnH3(CO2)3,xe_kr_selectivity,mean_atomic_number,-0.07354575395584106
3,finetune_000085_v00,finetune_000085,ZnH3(CO2)3,xe_kr_selectivity,metal_fraction,0.006101766601204872
3,finetune_000085_v00,finetune_000085,ZnH3(CO2)3,i2_uptake_mmol_g,pore_volume_cm3_g,-0.12651948630809784
3,finetune_000085_v00,finetune_000085,ZnH3(CO2)3,i2_uptake_mmol_g,void_fraction,-0.12755587697029114
3,finetune_000085_v00,finetune_000085,ZnH3(CO2)3,i2_uptake_mmol_g,gravimetric_surface_area_m2_g,-0.0754910260438919
3,finetune_000085_v00,finetune_000085,ZnH3(CO2)3,i2_uptake_mmol_g,volumetric_surface_area_m2_cm3,-0.07322989404201508
3,finetune_000085_v00,finetune_000085,ZnH3(CO2)3,i2_uptake_mmol_g,lcd_A,-0.06690002977848053
3,finetune_000085_v00,finetune_000085,ZnH3(CO2)3,i2_uptake_mmol_g,pld_A,-0.10944162309169769
3,finetune_000085_v00,finetune_000085,ZnH3(CO2)3,i2_uptake_mmol_g,density_g_cm3,-0.010840983130037785
3,finetune_000085_v00,finetune_000085,ZnH3(CO2)3,i2_uptake_mmol_g,nsites,0.02985396608710289
3,finetune_000085_v00,finetune_000085,ZnH3(CO2)3,i2_uptake_mmol_g,nelements,-0.004797092638909817
3,finetune_000085_v00,finetune_000085,ZnH3(CO2)3,i2_uptake_mmol_g,open_metal_site,-0.0
3,finetune_000085_v00,finetune_000085,ZnH3(CO2)3,i2_uptake_mmol_g,has_functional_group,-0.12197823822498322
3,finetune_000085_v00,finetune_000085,ZnH3(CO2)3,i2_uptake_mmol_g,mean_electronegativity_diff,0.00144284893758595
3,finetune_000085_v00,finetune_000085,ZnH3(CO2)3,i2_uptake_mmol_g,mean_atomic_radius_A,0.02384079061448574
3,finetune_000085_v00,finetune_000085,ZnH3(CO2)3,i2_uptake_mmol_g,mean_atomic_number,-0.0066471341997385025
3,finetune_000085_v00,finetune_000085,ZnH3(CO2)3,i2_uptake_mmol_g,metal_fraction,-0.0034968522377312183
3,finetune_000271_v00,finetune_000271,Fe2C4Cl2O9,xe_uptake_mmol_g,pore_volume_cm3_g,-0.01989748701453209
3,finetune_000271_v00,finetune_000271,Fe2C4Cl2O9,xe_uptake_mmol_g,void_fraction,0.030175287276506424
3,finetune_000271_v00,finetune_000271,Fe2C4Cl2O9,xe_uptake_mmol_g,gravimetric_surface_area_m2_g,0.0573713555932045
3,finetune_000271_v00,finetune_000271,Fe2C4Cl2O9,xe_uptake_mmol_g,volumetric_surface_area_m2_cm3,0.11203964054584503
3,finetune_000271_v00,finetune_000271,Fe2C4Cl2O9,xe_uptake_mmol_g,lcd_A,0.10167738050222397
3,finetune_000271_v00,finetune_000271,Fe2C4Cl2O9,xe_uptake_mmol_g,pld_A,0.10094276070594788
3,finetune_000271_v00,finetune_000271,Fe2C4Cl2O9,xe_uptake_mmol_g,density_g_cm3,-0.020072728395462036
3,finetune_000271_v00,finetune_000271,Fe2C4Cl2O9,xe_uptake_mmol_g,nsites,-0.15683113038539886
3,finetune_000271_v00,finetune_000271,Fe2C4Cl2O9,xe_uptake_mmol_g,nelements,-0.0014551873318850994
3,finetune_000271_v00,finetune_000271,Fe2C4Cl2O9,xe_uptake_mmol_g,open_metal_site,-0.0
3,finetune_000271_v00,finetune_000271,Fe2C4Cl2O9,xe_uptake_mmol_g,has_functional_group,0.01643066108226776
3,finetune_000271_v00,finetune_000271,Fe2C4Cl2O9,xe_uptake_mmol_g,mean_electronegativity_diff,-0.00131379219237715
3,finetune_000271_v00,finetune_000271,Fe2C4Cl2O9,xe_uptake_mmol_g,mean_atomic_radius_A,-0.032874204218387604
3,finetune_000271_v00,finetune_000271,Fe2C4Cl2O9,xe_uptake_mmol_g,mean_atomic_number,0.026593739166855812
3,finetune_000271_v00,finetune_000271,Fe2C4Cl2O9,xe_uptake_mmol_g,metal_fraction,0.06179825961589813
3,finetune_000271_v00,finetune_000271,Fe2C4Cl2O9,kr_uptake_mmol_g,pore_volume_cm3_g,-0.020208662375807762
3,finetune_000271_v00,finetune_000271,Fe2C4Cl2O9,kr_uptake_mmol_g,void_fraction,0.029002472758293152
3,finetune_000271_v00,finetune_000271,Fe2C4Cl2O9,kr_uptake_mmol_g,gravimetric_surface_area_m2_g,0.05218587815761566
3,finetune_000271_v00,finetune_000271,Fe2C4Cl2O9,kr_uptake_mmol_g,volumetric_surface_area_m2_cm3,0.10892190039157867
3,finetune_000271_v00,finetune_000271,Fe2C4Cl2O9,kr_uptake_mmol_g,lcd_A,0.10056271404027939
3,finetune_000271_v00,finetune_000271,Fe2C4Cl2O9,kr_uptake_mmol_g,pld_A,0.1050817221403122
3,finetune_000271_v00,finetune_000271,Fe2C4Cl2O9,kr_uptake_mmol_g,density_g_cm3,-0.022649873048067093
3,finetune_000271_v00,finetune_000271,Fe2C4Cl2O9,kr_uptake_mmol_g,nsites,-0.16355858743190765
3,finetune_000271_v00,finetune_000271,Fe2C4Cl2O9,kr_uptake_mmol_g,nelements,0.0027821853291243315
3,finetune_000271_v00,finetune_000271,Fe2C4Cl2O9,kr_uptake_mmol_g,open_metal_site,-0.0
3,finetune_000271_v00,finetune_000271,Fe2C4Cl2O9,kr_uptake_mmol_g,has_functional_group,0.011937015689909458
3,finetune_000271_v00,finetune_000271,Fe2C4Cl2O9,kr_uptake_mmol_g,mean_electronegativity_diff,-0.007308742962777615
3,finetune_000271_v00,finetune_000271,Fe2C4Cl2O9,kr_uptake_mmol_g,mean_atomic_radius_A,-0.0371968150138855
3,finetune_000271_v00,finetune_000271,Fe2C4Cl2O9,kr_uptake_mmol_g,mean_atomic_number,0.019654780626296997
3,finetune_000271_v00,finetune_000271,Fe2C4Cl2O9,kr_uptake_mmol_g,metal_fraction,0.04309896379709244
3,finetune_000271_v00,finetune_000271,Fe2C4Cl2O9,xe_kr_selectivity,pore_volume_cm3_g,-0.008809463120996952
3,finetune_000271_v00,finetune_000271,Fe2C4Cl2O9,xe_kr_selectivity,void_fraction,0.017480090260505676
3,finetune_000271_v00,finetune_000271,Fe2C4Cl2O9,xe_kr_selectivity,gravimetric_surface_area_m2_g,0.01821858063340187
3,finetune_000271_v00,finetune_000271,Fe2C4Cl2O9,xe_kr_selectivity,volumetric_surface_area_m2_cm3,0.06634889543056488
3,finetune_000271_v00,finetune_000271,Fe2C4Cl2O9,xe_kr_selectivity,lcd_A,0.1607787013053894
3,finetune_000271_v00,finetune_000271,Fe2C4Cl2O9,xe_kr_selectivity,pld_A,0.17506945133209229
3,finetune_000271_v00,finetune_000271,Fe2C4Cl2O9,xe_kr_selectivity,density_g_cm3,0.0006380645208992064
3,finetune_000271_v00,finetune_000271,Fe2C4Cl2O9,xe_kr_selectivity,nsites,-0.12795090675354004
3,finetune_000271_v00,finetune_000271,Fe2C4Cl2O9,xe_kr_selectivity,nelements,0.007520558312535286
3,finetune_000271_v00,finetune_000271,Fe2C4Cl2O9,xe_kr_selectivity,open_metal_site,-0.0
3,finetune_000271_v00,finetune_000271,Fe2C4Cl2O9,xe_kr_selectivity,has_functional_group,-0.011384796351194382
3,finetune_000271_v00,finetune_000271,Fe2C4Cl2O9,xe_kr_selectivity,mean_electronegativity_diff,-0.010671386495232582
3,finetune_000271_v00,finetune_000271,Fe2C4Cl2O9,xe_kr_selectivity,mean_atomic_radius_A,-0.018491828814148903
3,finetune_000271_v00,finetune_000271,Fe2C4Cl2O9,xe_kr_selectivity,mean_atomic_number,0.11161109805107117
3,finetune_000271_v00,finetune_000271,Fe2C4Cl2O9,xe_kr_selectivity,metal_fraction,-0.04860443249344826
3,finetune_000271_v00,finetune_000271,Fe2C4Cl2O9,i2_uptake_mmol_g,pore_volume_cm3_g,-0.01648261770606041
3,finetune_000271_v00,finetune_000271,Fe2C4Cl2O9,i2_uptake_mmol_g,void_fraction,0.024972708895802498
3,finetune_000271_v00,finetune_000271,Fe2C4Cl2O9,i2_uptake_mmol_g,gravimetric_surface_area_m2_g,0.0481506809592247
3,finetune_000271_v00,finetune_000271,Fe2C4Cl2O9,i2_uptake_mmol_g,volumetric_surface_area_m2_cm3,0.10670260339975357
3,finetune_000271_v00,finetune_000271,Fe2C4Cl2O9,i2_uptake_mmol_g,lcd_A,0.09364037215709686
3,finetune_000271_v00,finetune_000271,Fe2C4Cl2O9,i2_uptake_mmol_g,pld_A,0.11693011224269867
3,finetune_000271_v00,finetune_000271,Fe2C4Cl2O9,i2_uptake_mmol_g,density_g_cm3,-0.019469110295176506
3,finetune_000271_v00,finetune_000271,Fe2C4Cl2O9,i2_uptake_mmol_g,nsites,-0.17398618161678314
3,finetune_000271_v00,finetune_000271,Fe2C4Cl2O9,i2_uptake_mmol_g,nelements,-0.003568829968571663
3,finetune_000271_v00,finetune_000271,Fe2C4Cl2O9,i2_uptake_mmol_g,open_metal_site,-0.0
3,finetune_000271_v00,finetune_000271,Fe2C4Cl2O9,i2_uptake_mmol_g,has_functional_group,-0.20585031807422638
3,finetune_000271_v00,finetune_000271,Fe2C4Cl2O9,i2_uptake_mmol_g,mean_electronegativity_diff,-0.006030450575053692
3,finetune_000271_v00,finetune_000271,Fe2C4Cl2O9,i2_uptake_mmol_g,mean_atomic_radius_A,-0.036038000136613846
3,finetune_000271_v00,finetune_000271,Fe2C4Cl2O9,i2_uptake_mmol_g,mean_atomic_number,-0.0021646516397595406
3,finetune_000271_v00,finetune_000271,Fe2C4Cl2O9,i2_uptake_mmol_g,metal_fraction,0.04420797526836395
3,finetune_000168_v00,finetune_000168,CoHC4O3,xe_uptake_mmol_g,pore_volume_cm3_g,0.24355052411556244
3,finetune_000168_v00,finetune_000168,CoHC4O3,xe_uptake_mmol_g,void_fraction,0.18236437439918518
3,finetune_000168_v00,finetune_000168,CoHC4O3,xe_uptake_mmol_g,gravimetric_surface_area_m2_g,0.08753930032253265
3,finetune_000168_v00,finetune_000168,CoHC4O3,xe_uptake_mmol_g,volumetric_surface_area_m2_cm3,0.048733554780483246
3,finetune_000168_v00,finetune_000168,CoHC4O3,xe_uptake_mmol_g,lcd_A,0.0486946776509285
3,finetune_000168_v00,finetune_000168,CoHC4O3,xe_uptake_mmol_g,pld_A,0.03432472050189972
3,finetune_000168_v00,finetune_000168,CoHC4O3,xe_uptake_mmol_g,density_g_cm3,0.1291893869638443
3,finetune_000168_v00,finetune_000168,CoHC4O3,xe_uptake_mmol_g,nsites,0.10149157792329788
3,finetune_000168_v00,finetune_000168,CoHC4O3,xe_uptake_mmol_g,nelements,-0.0015824787551537156
3,finetune_000168_v00,finetune_000168,CoHC4O3,xe_uptake_mmol_g,open_metal_site,-0.0
3,finetune_000168_v00,finetune_000168,CoHC4O3,xe_uptake_mmol_g,has_functional_group,0.0035009272396564484
3,finetune_000168_v00,finetune_000168,CoHC4O3,xe_uptake_mmol_g,mean_electronegativity_diff,-0.007545914966613054
3,finetune_000168_v00,finetune_000168,CoHC4O3,xe_uptake_mmol_g,mean_atomic_radius_A,-0.003263294231146574
3,finetune_000168_v00,finetune_000168,CoHC4O3,xe_uptake_mmol_g,mean_atomic_number,-0.010708846151828766
3,finetune_000168_v00,finetune_000168,CoHC4O3,xe_uptake_mmol_g,metal_fraction,0.0651056319475174
3,finetune_000168_v00,finetune_000168,CoHC4O3,kr_uptake_mmol_g,pore_volume_cm3_g,0.24906879663467407
3,finetune_000168_v00,finetune_000168,CoHC4O3,kr_uptake_mmol_g,void_fraction,0.1807176172733307
3,finetune_000168_v00,finetune_000168,CoHC4O3,kr_uptake_mmol_g,gravimetric_surface_area_m2_g,0.08296970278024673
3,finetune_000168_v00,finetune_000168,CoHC4O3,kr_uptake_mmol_g,volumetric_surface_area_m2_cm3,0.04759583994746208
3,finetune_000168_v00,finetune_000168,CoHC4O3,kr_uptake_mmol_g,lcd_A,0.050688739866018295
3,finetune_000168_v00,finetune_000168,CoHC4O3,kr_uptake_mmol_g,pld_A,0.03752896934747696
3,finetune_000168_v00,finetune_000168,CoHC4O3,kr_uptake_mmol_g,density_g_cm3,0.14033299684524536
3,finetune_000168_v00,finetune_000168,CoHC4O3,kr_uptake_mmol_g,nsites,0.10547161847352982
3,finetune_000168_v00,finetune_000168,CoHC4O3,kr_uptake_mmol_g,nelements,0.0024737410712987185
3,finetune_000168_v00,finetune_000168,CoHC4O3,kr_uptake_mmol_g,open_metal_site,-0.0
3,finetune_000168_v00,finetune_000168,CoHC4O3,kr_uptake_mmol_g,has_functional_group,0.005771906580775976
3,finetune_000168_v00,finetune_000168,CoHC4O3,kr_uptake_mmol_g,mean_electronegativity_diff,-0.014625446870923042
3,finetune_000168_v00,finetune_000168,CoHC4O3,kr_uptake_mmol_g,mean_atomic_radius_A,-0.0037126631941646338
3,finetune_000168_v00,finetune_000168,CoHC4O3,kr_uptake_mmol_g,mean_atomic_number,-0.009846450760960579
3,finetune_000168_v00,finetune_000168,CoHC4O3,kr_uptake_mmol_g,metal_fraction,0.045778438448905945
3,finetune_000168_v00,finetune_000168,CoHC4O3,xe_kr_selectivity,pore_volume_cm3_g,0.07629525661468506
3,finetune_000168_v00,finetune_000168,CoHC4O3,xe_kr_selectivity,void_fraction,0.08022859692573547
3,finetune_000168_v00,finetune_000168,CoHC4O3,xe_kr_selectivity,gravimetric_surface_area_m2_g,0.013912325724959373
3,finetune_000168_v00,finetune_000168,CoHC4O3,xe_kr_selectivity,volumetric_surface_area_m2_cm3,0.018469035625457764
3,finetune_000168_v00,finetune_000168,CoHC4O3,xe_kr_selectivity,lcd_A,0.06279101222753525
3,finetune_000168_v00,finetune_000168,CoHC4O3,xe_kr_selectivity,pld_A,0.048099271953105927
3,finetune_000168_v00,finetune_000168,CoHC4O3,xe_kr_selectivity,density_g_cm3,-0.010236743837594986
3,finetune_000168_v00,finetune_000168,CoHC4O3,xe_kr_selectivity,nsites,0.059478458017110825
3,finetune_000168_v00,finetune_000168,CoHC4O3,xe_kr_selectivity,nelements,0.007056019734591246
3,finetune_000168_v00,finetune_000168,CoHC4O3,xe_kr_selectivity,open_metal_site,-0.0
3,finetune_000168_v00,finetune_000168,CoHC4O3,xe_kr_selectivity,has_functional_group,-0.017904995009303093
3,finetune_000168_v00,finetune_000168,CoHC4O3,xe_kr_selectivity,mean_electronegativity_diff,-0.01645110733807087
3,finetune_000168_v00,finetune_000168,CoHC4O3,xe_kr_selectivity,mean_atomic_radius_A,-0.002325361827388406
3,finetune_000168_v00,finetune_000168,CoHC4O3,xe_kr_selectivity,mean_atomic_number,-0.039951618760824203
3,finetune_000168_v00,finetune_000168,CoHC4O3,xe_kr_selectivity,metal_fraction,-0.050484590232372284
3,finetune_000168_v00,finetune_000168,CoHC4O3,i2_uptake_mmol_g,pore_volume_cm3_g,0.2058347910642624
3,finetune_000168_v00,finetune_000168,CoHC4O3,i2_uptake_mmol_g,void_fraction,0.15530171990394592
3,finetune_000168_v00,finetune_000168,CoHC4O3,i2_uptake_mmol_g,gravimetric_surface_area_m2_g,0.07712945342063904
3,finetune_000168_v00,finetune_000168,CoHC4O3,i2_uptake_mmol_g,volumetric_surface_area_m2_cm3,0.04834023118019104
3,finetune_000168_v00,finetune_000168,CoHC4O3,i2_uptake_mmol_g,lcd_A,0.046936556696891785
3,finetune_000168_v00,finetune_000168,CoHC4O3,i2_uptake_mmol_g,pld_A,0.04138113930821419
3,finetune_000168_v00,finetune_000168,CoHC4O3,i2_uptake_mmol_g,density_g_cm3,0.13337215781211853
3,finetune_000168_v00,finetune_000168,CoHC4O3,i2_uptake_mmol_g,nsites,0.10988031327724457
3,finetune_000168_v00,finetune_000168,CoHC4O3,i2_uptake_mmol_g,nelements,-0.003537579672411084
3,finetune_000168_v00,finetune_000168,CoHC4O3,i2_uptake_mmol_g,open_metal_site,-0.0
3,finetune_000168_v00,finetune_000168,CoHC4O3,i2_uptake_mmol_g,has_functional_group,-0.2507169842720032
3,finetune_000168_v00,finetune_000168,CoHC4O3,i2_uptake_mmol_g,mean_electronegativity_diff,-0.011856871657073498
3,finetune_000168_v00,finetune_000168,CoHC4O3,i2_uptake_mmol_g,mean_atomic_radius_A,-0.0035506635904312134
3,finetune_000168_v00,finetune_000168,CoHC4O3,i2_uptake_mmol_g,mean_atomic_number,-0.0004383381165098399
3,finetune_000168_v00,finetune_000168,CoHC4O3,i2_uptake_mmol_g,metal_fraction,0.04850776121020317
3,finetune_000246_v00,finetune_000246,Ho(CO2)4,xe_uptake_mmol_g,pore_volume_cm3_g,0.07331805676221848
3,finetune_000246_v00,finetune_000246,Ho(CO2)4,xe_uptake_mmol_g,void_fraction,0.21634550392627716
3,finetune_000246_v00,finetune_000246,Ho(CO2)4,xe_uptake_mmol_g,gravimetric_surface_area_m2_g,-0.018609805032610893
3,finetune_000246_v00,finetune_000246,Ho(CO2)4,xe_uptake_mmol_g,volumetric_surface_area_m2_cm3,0.058153972029685974
3,finetune_000246_v00,finetune_000246,Ho(CO2)4,xe_uptake_mmol_g,lcd_A,0.30542415380477905
3,finetune_000246_v00,finetune_000246,Ho(CO2)4,xe_uptake_mmol_g,pld_A,0.34268057346343994
3,finetune_000246_v00,finetune_000246,Ho(CO2)4,xe_uptake_mmol_g,density_g_cm3,-0.09389355778694153
3,finetune_000246_v00,finetune_000246,Ho(CO2)4,xe_uptake_mmol_g,nsites,0.06609605997800827
3,finetune_000246_v00,finetune_000246,Ho(CO2)4,xe_uptake_mmol_g,nelements,-0.01127316802740097
3,finetune_000246_v00,finetune_000246,Ho(CO2)4,xe_uptake_mmol_g,open_metal_site,-0.0
3,finetune_000246_v00,finetune_000246,Ho(CO2)4,xe_uptake_mmol_g,has_functional_group,0.014004346914589405
3,finetune_000246_v00,finetune_000246,Ho(CO2)4,xe_uptake_mmol_g,mean_electronegativity_diff,0.013012436218559742
3,finetune_000246_v00,finetune_000246,Ho(CO2)4,xe_uptake_mmol_g,mean_atomic_radius_A,-0.019213592633605003
3,finetune_000246_v00,finetune_000246,Ho(CO2)4,xe_uptake_mmol_g,mean_atomic_number,0.05070577934384346
3,finetune_000246_v00,finetune_000246,Ho(CO2)4,xe_uptake_mmol_g,metal_fraction,-0.011346780695021152
3,finetune_000246_v00,finetune_000246,Ho(CO2)4,kr_uptake_mmol_g,pore_volume_cm3_g,0.0733889490365982
3,finetune_000246_v00,finetune_000246,Ho(CO2)4,kr_uptake_mmol_g,void_fraction,0.20448414981365204
3,finetune_000246_v00,finetune_000246,Ho(CO2)4,kr_uptake_mmol_g,gravimetric_surface_area_m2_g,-0.016916392371058464
3,finetune_000246_v00,finetune_000246,Ho(CO2)4,kr_uptake_mmol_g,volumetric_surface_area_m2_cm3,0.055927835404872894
3,finetune_000246_v00,finetune_000246,Ho(CO2)4,kr_uptake_mmol_g,lcd_A,0.28933554887771606
3,finetune_000246_v00,finetune_000246,Ho(CO2)4,kr_uptake_mmol_g,pld_A,0.34230488538742065
3,finetune_000246_v00,finetune_000246,Ho(CO2)4,kr_uptake_mmol_g,density_g_cm3,-0.10689568519592285
3,finetune_000246_v00,finetune_000246,Ho(CO2)4,kr_uptake_mmol_g,nsites,0.06981385499238968
3,finetune_000246_v00,finetune_000246,Ho(CO2)4,kr_uptake_mmol_g,nelements,0.012556721456348896
3,finetune_000246_v00,finetune_000246,Ho(CO2)4,kr_uptake_mmol_g,open_metal_site,-0.0
3,finetune_000246_v00,finetune_000246,Ho(CO2)4,kr_uptake_mmol_g,has_functional_group,0.00778948375955224
3,finetune_000246_v00,finetune_000246,Ho(CO2)4,kr_uptake_mmol_g,mean_electronegativity_diff,0.021796654909849167
3,finetune_000246_v00,finetune_000246,Ho(CO2)4,kr_uptake_mmol_g,mean_atomic_radius_A,-0.02298642322421074
3,finetune_000246_v00,finetune_000246,Ho(CO2)4,kr_uptake_mmol_g,mean_atomic_number,0.030326202511787415
3,finetune_000246_v00,finetune_000246,Ho(CO2)4,kr_uptake_mmol_g,metal_fraction,-0.008597827516496181
3,finetune_000246_v00,finetune_000246,Ho(CO2)4,xe_kr_selectivity,pore_volume_cm3_g,0.030300403013825417
3,finetune_000246_v00,finetune_000246,Ho(CO2)4,xe_kr_selectivity,void_fraction,0.1194099634885788
3,finetune_000246_v00,finetune_000246,Ho(CO2)4,xe_kr_selectivity,gravimetric_surface_area_m2_g,-0.005121470429003239
3,finetune_000246_v00,finetune_000246,Ho(CO2)4,xe_kr_selectivity,volumetric_surface_area_m2_cm3,0.031506381928920746
3,finetune_000246_v00,finetune_000246,Ho(CO2)4,xe_kr_selectivity,lcd_A,0.4148975610733032
3,finetune_000246_v00,finetune_000246,Ho(CO2)4,xe_kr_selectivity,pld_A,0.5013951063156128
3,finetune_000246_v00,finetune_000246,Ho(CO2)4,xe_kr_selectivity,density_g_cm3,-9.63331840466708e-05
3,finetune_000246_v00,finetune_000246,Ho(CO2)4,xe_kr_selectivity,nsites,0.05043775960803032
3,finetune_000246_v00,finetune_000246,Ho(CO2)4,xe_kr_selectivity,nelements,0.02855108119547367
3,finetune_000246_v00,finetune_000246,Ho(CO2)4,xe_kr_selectivity,open_metal_site,-0.0
3,finetune_000246_v00,finetune_000246,Ho(CO2)4,xe_kr_selectivity,has_functional_group,-0.01245554443448782
3,finetune_000246_v00,finetune_000246,Ho(CO2)4,xe_kr_selectivity,mean_electronegativity_diff,0.035910412669181824
3,finetune_000246_v00,finetune_000246,Ho(CO2)4,xe_kr_selectivity,mean_atomic_radius_A,-0.009271129965782166
3,finetune_000246_v00,finetune_000246,Ho(CO2)4,xe_kr_selectivity,mean_atomic_number,0.20856502652168274
3,finetune_000246_v00,finetune_000246,Ho(CO2)4,xe_kr_selectivity,metal_fraction,0.0064435480162501335
3,finetune_000246_v00,finetune_000246,Ho(CO2)4,i2_uptake_mmol_g,pore_volume_cm3_g,0.05984821170568466
3,finetune_000246_v00,finetune_000246,Ho(CO2)4,i2_uptake_mmol_g,void_fraction,0.17608487606048584
3,finetune_000246_v00,finetune_000246,Ho(CO2)4,i2_uptake_mmol_g,gravimetric_surface_area_m2_g,-0.015267315320670605
3,finetune_000246_v00,finetune_000246,Ho(CO2)4,i2_uptake_mmol_g,volumetric_surface_area_m2_cm3,0.056425318121910095
3,finetune_000246_v00,finetune_000246,Ho(CO2)4,i2_uptake_mmol_g,lcd_A,0.25487032532691956
3,finetune_000246_v00,finetune_000246,Ho(CO2)4,i2_uptake_mmol_g,pld_A,0.36295804381370544
3,finetune_000246_v00,finetune_000246,Ho(CO2)4,i2_uptake_mmol_g,density_g_cm3,-0.09751518070697784
3,finetune_000246_v00,finetune_000246,Ho(CO2)4,i2_uptake_mmol_g,nsites,0.07148957252502441
3,finetune_000246_v00,finetune_000246,Ho(CO2)4,i2_uptake_mmol_g,nelements,-0.024611543864011765
3,finetune_000246_v00,finetune_000246,Ho(CO2)4,i2_uptake_mmol_g,open_metal_site,-0.0
3,finetune_000246_v00,finetune_000246,Ho(CO2)4,i2_uptake_mmol_g,has_functional_group,-0.2547335922718048
3,finetune_000246_v00,finetune_000246,Ho(CO2)4,i2_uptake_mmol_g,mean_electronegativity_diff,0.021843794733285904
3,finetune_000246_v00,finetune_000246,Ho(CO2)4,i2_uptake_mmol_g,mean_atomic_radius_A,-0.019017579033970833
3,finetune_000246_v00,finetune_000246,Ho(CO2)4,i2_uptake_mmol_g,mean_atomic_number,-0.012423743493855
3,finetune_000246_v00,finetune_000246,Ho(CO2)4,i2_uptake_mmol_g,metal_fraction,-0.009164328686892986
3,finetune_000083_v00,finetune_000083,CoHC4O3,xe_uptake_mmol_g,pore_volume_cm3_g,0.24355052411556244
3,finetune_000083_v00,finetune_000083,CoHC4O3,xe_uptake_mmol_g,void_fraction,0.18236437439918518
3,finetune_000083_v00,finetune_000083,CoHC4O3,xe_uptake_mmol_g,gravimetric_surface_area_m2_g,0.08753930032253265
3,finetune_000083_v00,finetune_000083,CoHC4O3,xe_uptake_mmol_g,volumetric_surface_area_m2_cm3,0.048733554780483246
3,finetune_000083_v00,finetune_000083,CoHC4O3,xe_uptake_mmol_g,lcd_A,0.0486946776509285
3,finetune_000083_v00,finetune_000083,CoHC4O3,xe_uptake_mmol_g,pld_A,0.03432472050189972
3,finetune_000083_v00,finetune_000083,CoHC4O3,xe_uptake_mmol_g,density_g_cm3,0.1291893869638443
3,finetune_000083_v00,finetune_000083,CoHC4O3,xe_uptake_mmol_g,nsites,0.10149157792329788
3,finetune_000083_v00,finetune_000083,CoHC4O3,xe_uptake_mmol_g,nelements,-0.0015824784059077501
3,finetune_000083_v00,finetune_000083,CoHC4O3,xe_uptake_mmol_g,open_metal_site,-0.0
3,finetune_000083_v00,finetune_000083,CoHC4O3,xe_uptake_mmol_g,has_functional_group,0.0035009272396564484
3,finetune_000083_v00,finetune_000083,CoHC4O3,xe_uptake_mmol_g,mean_electronegativity_diff,-0.007545914966613054
3,finetune_000083_v00,finetune_000083,CoHC4O3,xe_uptake_mmol_g,mean_atomic_radius_A,-0.003263294231146574
3,finetune_000083_v00,finetune_000083,CoHC4O3,xe_uptake_mmol_g,mean_atomic_number,-0.010708846151828766
3,finetune_000083_v00,finetune_000083,CoHC4O3,xe_uptake_mmol_g,metal_fraction,0.0651056319475174
3,finetune_000083_v00,finetune_000083,CoHC4O3,kr_uptake_mmol_g,pore_volume_cm3_g,0.24906879663467407
3,finetune_000083_v00,finetune_000083,CoHC4O3,kr_uptake_mmol_g,void_fraction,0.1807176172733307
3,finetune_000083_v00,finetune_000083,CoHC4O3,kr_uptake_mmol_g,gravimetric_surface_area_m2_g,0.08296970278024673
3,finetune_000083_v00,finetune_000083,CoHC4O3,kr_uptake_mmol_g,volumetric_surface_area_m2_cm3,0.04759583994746208
3,finetune_000083_v00,finetune_000083,CoHC4O3,kr_uptake_mmol_g,lcd_A,0.050688739866018295
3,finetune_000083_v00,finetune_000083,CoHC4O3,kr_uptake_mmol_g,pld_A,0.03752896934747696
3,finetune_000083_v00,finetune_000083,CoHC4O3,kr_uptake_mmol_g,density_g_cm3,0.14033299684524536
3,finetune_000083_v00,finetune_000083,CoHC4O3,kr_uptake_mmol_g,nsites,0.10547161847352982
3,finetune_000083_v00,finetune_000083,CoHC4O3,kr_uptake_mmol_g,nelements,0.002473740605637431
3,finetune_000083_v00,finetune_000083,CoHC4O3,kr_uptake_mmol_g,open_metal_site,-0.0
3,finetune_000083_v00,finetune_000083,CoHC4O3,kr_uptake_mmol_g,has_functional_group,0.0057719070464372635
3,finetune_000083_v00,finetune_000083,CoHC4O3,kr_uptake_mmol_g,mean_electronegativity_diff,-0.014625444076955318
3,finetune_000083_v00,finetune_000083,CoHC4O3,kr_uptake_mmol_g,mean_atomic_radius_A,-0.0037126634269952774
3,finetune_000083_v00,finetune_000083,CoHC4O3,kr_uptake_mmol_g,mean_atomic_number,-0.009846452623605728
3,finetune_000083_v00,finetune_000083,CoHC4O3,kr_uptake_mmol_g,metal_fraction,0.045778438448905945
3,finetune_000083_v00,finetune_000083,CoHC4O3,xe_kr_selectivity,pore_volume_cm3_g,0.07629524916410446
3,finetune_000083_v00,finetune_000083,CoHC4O3,xe_kr_selectivity,void_fraction,0.08022859692573547
3,finetune_000083_v00,finetune_000083,CoHC4O3,xe_kr_selectivity,gravimetric_surface_area_m2_g,0.013912323862314224
3,finetune_000083_v00,finetune_000083,CoHC4O3,xe_kr_selectivity,volumetric_surface_area_m2_cm3,0.018469035625457764
3,finetune_000083_v00,finetune_000083,CoHC4O3,xe_kr_selectivity,lcd_A,0.06279099732637405
3,finetune_000083_v00,finetune_000083,CoHC4O3,xe_kr_selectivity,pld_A,0.048099271953105927
3,finetune_000083_v00,finetune_000083,CoHC4O3,xe_kr_selectivity,density_g_cm3,-0.01023674476891756
3,finetune_000083_v00,finetune_000083,CoHC4O3,xe_kr_selectivity,nsites,0.059478458017110825
3,finetune_000083_v00,finetune_000083,CoHC4O3,xe_kr_selectivity,nelements,0.007056019734591246
3,finetune_000083_v00,finetune_000083,CoHC4O3,xe_kr_selectivity,open_metal_site,-0.0
3,finetune_000083_v00,finetune_000083,CoHC4O3,xe_kr_selectivity,has_functional_group,-0.017904993146657944
3,finetune_000083_v00,finetune_000083,CoHC4O3,xe_kr_selectivity,mean_electronegativity_diff,-0.01645110733807087
3,finetune_000083_v00,finetune_000083,CoHC4O3,xe_kr_selectivity,mean_atomic_radius_A,-0.002325361827388406
3,finetune_000083_v00,finetune_000083,CoHC4O3,xe_kr_selectivity,mean_atomic_number,-0.039951618760824203
3,finetune_000083_v00,finetune_000083,CoHC4O3,xe_kr_selectivity,metal_fraction,-0.050484586507081985
3,finetune_000083_v00,finetune_000083,CoHC4O3,i2_uptake_mmol_g,pore_volume_cm3_g,0.2058347910642624
3,finetune_000083_v00,finetune_000083,CoHC4O3,i2_uptake_mmol_g,void_fraction,0.15530171990394592
3,finetune_000083_v00,finetune_000083,CoHC4O3,i2_uptake_mmol_g,gravimetric_surface_area_m2_g,0.07712945342063904
3,finetune_000083_v00,finetune_000083,CoHC4O3,i2_uptake_mmol_g,volumetric_surface_area_m2_cm3,0.04834023118019104
3,finetune_000083_v00,finetune_000083,CoHC4O3,i2_uptake_mmol_g,lcd_A,0.046936556696891785
3,finetune_000083_v00,finetune_000083,CoHC4O3,i2_uptake_mmol_g,pld_A,0.041381146758794785
3,finetune_000083_v00,finetune_000083,CoHC4O3,i2_uptake_mmol_g,density_g_cm3,0.13337215781211853
3,finetune_000083_v00,finetune_000083,CoHC4O3,i2_uptake_mmol_g,nsites,0.10988031327724457
3,finetune_000083_v00,finetune_000083,CoHC4O3,i2_uptake_mmol_g,nelements,-0.003537578973919153
3,finetune_000083_v00,finetune_000083,CoHC4O3,i2_uptake_mmol_g,open_metal_site,-0.0
3,finetune_000083_v00,finetune_000083,CoHC4O3,i2_uptake_mmol_g,has_functional_group,-0.2507169842720032
3,finetune_000083_v00,finetune_000083,CoHC4O3,i2_uptake_mmol_g,mean_electronegativity_diff,-0.011856868863105774
3,finetune_000083_v00,finetune_000083,CoHC4O3,i2_uptake_mmol_g,mean_atomic_radius_A,-0.0035506635904312134
3,finetune_000083_v00,finetune_000083,CoHC4O3,i2_uptake_mmol_g,mean_atomic_number,-0.00043833794188685715
3,finetune_000083_v00,finetune_000083,CoHC4O3,i2_uptake_mmol_g,metal_fraction,0.04850776493549347
3,finetune_000283_v00,finetune_000283,CoHC4O3,xe_uptake_mmol_g,pore_volume_cm3_g,0.24355052411556244
3,finetune_000283_v00,finetune_000283,CoHC4O3,xe_uptake_mmol_g,void_fraction,0.18236437439918518
3,finetune_000283_v00,finetune_000283,CoHC4O3,xe_uptake_mmol_g,gravimetric_surface_area_m2_g,0.08753930032253265
3,finetune_000283_v00,finetune_000283,CoHC4O3,xe_uptake_mmol_g,volumetric_surface_area_m2_cm3,0.048733554780483246
3,finetune_000283_v00,finetune_000283,CoHC4O3,xe_uptake_mmol_g,lcd_A,0.0486946776509285
3,finetune_000283_v00,finetune_000283,CoHC4O3,xe_uptake_mmol_g,pld_A,0.03432472050189972
3,finetune_000283_v00,finetune_000283,CoHC4O3,xe_uptake_mmol_g,density_g_cm3,0.1291893869638443
3,finetune_000283_v00,finetune_000283,CoHC4O3,xe_uptake_mmol_g,nsites,0.10149157792329788
3,finetune_000283_v00,finetune_000283,CoHC4O3,xe_uptake_mmol_g,nelements,-0.0015824784059077501
3,finetune_000283_v00,finetune_000283,CoHC4O3,xe_uptake_mmol_g,open_metal_site,-0.0
3,finetune_000283_v00,finetune_000283,CoHC4O3,xe_uptake_mmol_g,has_functional_group,0.0035009277053177357
3,finetune_000283_v00,finetune_000283,CoHC4O3,xe_uptake_mmol_g,mean_electronegativity_diff,-0.007545914966613054
3,finetune_000283_v00,finetune_000283,CoHC4O3,xe_uptake_mmol_g,mean_atomic_radius_A,-0.003263294231146574
3,finetune_000283_v00,finetune_000283,CoHC4O3,xe_uptake_mmol_g,mean_atomic_number,-0.010708846151828766
3,finetune_000283_v00,finetune_000283,CoHC4O3,xe_uptake_mmol_g,metal_fraction,0.0651056319475174
3,finetune_000283_v00,finetune_000283,CoHC4O3,kr_uptake_mmol_g,pore_volume_cm3_g,0.24906879663467407
3,finetune_000283_v00,finetune_000283,CoHC4O3,kr_uptake_mmol_g,void_fraction,0.1807176172733307
3,finetune_000283_v00,finetune_000283,CoHC4O3,kr_uptake_mmol_g,gravimetric_surface_area_m2_g,0.08296970278024673
3,finetune_000283_v00,finetune_000283,CoHC4O3,kr_uptake_mmol_g,volumetric_surface_area_m2_cm3,0.04759583994746208
3,finetune_000283_v00,finetune_000283,CoHC4O3,kr_uptake_mmol_g,lcd_A,0.050688739866018295
3,finetune_000283_v00,finetune_000283,CoHC4O3,kr_uptake_mmol_g,pld_A,0.03752896934747696
3,finetune_000283_v00,finetune_000283,CoHC4O3,kr_uptake_mmol_g,density_g_cm3,0.14033299684524536
3,finetune_000283_v00,finetune_000283,CoHC4O3,kr_uptake_mmol_g,nsites,0.10547161847352982
3,finetune_000283_v00,finetune_000283,CoHC4O3,kr_uptake_mmol_g,nelements,0.0024737410712987185
3,finetune_000283_v00,finetune_000283,CoHC4O3,kr_uptake_mmol_g,open_metal_site,-0.0
3,finetune_000283_v00,finetune_000283,CoHC4O3,kr_uptake_mmol_g,has_functional_group,0.0057719070464372635
3,finetune_000283_v00,finetune_000283,CoHC4O3,kr_uptake_mmol_g,mean_electronegativity_diff,-0.014625445008277893
3,finetune_000283_v00,finetune_000283,CoHC4O3,kr_uptake_mmol_g,mean_atomic_radius_A,-0.0037126631941646338
3,finetune_000283_v00,finetune_000283,CoHC4O3,kr_uptake_mmol_g,mean_atomic_number,-0.009846450760960579
3,finetune_000283_v00,finetune_000283,CoHC4O3,kr_uptake_mmol_g,metal_fraction,0.045778438448905945
3,finetune_000283_v00,finetune_000283,CoHC4O3,xe_kr_selectivity,pore_volume_cm3_g,0.07629524916410446
3,finetune_000283_v00,finetune_000283,CoHC4O3,xe_kr_selectivity,void_fraction,0.08022859692573547
3,finetune_000283_v00,finetune_000283,CoHC4O3,xe_kr_selectivity,gravimetric_surface_area_m2_g,0.013912325724959373
3,finetune_000283_v00,finetune_000283,CoHC4O3,xe_kr_selectivity,volumetric_surface_area_m2_cm3,0.018469035625457764
3,finetune_000283_v00,finetune_000283,CoHC4O3,xe_kr_selectivity,lcd_A,0.06279101222753525
3,finetune_000283_v00,finetune_000283,CoHC4O3,xe_kr_selectivity,pld_A,0.048099271953105927
3,finetune_000283_v00,finetune_000283,CoHC4O3,xe_kr_selectivity,density_g_cm3,-0.01023674476891756
3,finetune_000283_v00,finetune_000283,CoHC4O3,xe_kr_selectivity,nsites,0.05947844311594963
3,finetune_000283_v00,finetune_000283,CoHC4O3,xe_kr_selectivity,nelements,0.007056019734591246
3,finetune_000283_v00,finetune_000283,CoHC4O3,xe_kr_selectivity,open_metal_site,-0.0
3,finetune_000283_v00,finetune_000283,CoHC4O3,xe_kr_selectivity,has_functional_group,-0.017904995009303093
3,finetune_000283_v00,finetune_000283,CoHC4O3,xe_kr_selectivity,mean_electronegativity_diff,-0.01645110733807087
3,finetune_000283_v00,finetune_000283,CoHC4O3,xe_kr_selectivity,mean_atomic_radius_A,-0.002325361827388406
3,finetune_000283_v00,finetune_000283,CoHC4O3,xe_kr_selectivity,mean_atomic_number,-0.039951615035533905
3,finetune_000283_v00,finetune_000283,CoHC4O3,xe_kr_selectivity,metal_fraction,-0.050484586507081985
3,finetune_000283_v00,finetune_000283,CoHC4O3,i2_uptake_mmol_g,pore_volume_cm3_g,0.2058347910642624
3,finetune_000283_v00,finetune_000283,CoHC4O3,i2_uptake_mmol_g,void_fraction,0.15530169010162354
3,finetune_000283_v00,finetune_000283,CoHC4O3,i2_uptake_mmol_g,gravimetric_surface_area_m2_g,0.07712945342063904
3,finetune_000283_v00,finetune_000283,CoHC4O3,i2_uptake_mmol_g,volumetric_surface_area_m2_cm3,0.04834023118019104
3,finetune_000283_v00,finetune_000283,CoHC4O3,i2_uptake_mmol_g,lcd_A,0.046936556696891785
3,finetune_000283_v00,finetune_000283,CoHC4O3,i2_uptake_mmol_g,pld_A,0.041381146758794785
3,finetune_000283_v00,finetune_000283,CoHC4O3,i2_uptake_mmol_g,density_g_cm3,0.13337215781211853
3,finetune_000283_v00,finetune_000283,CoHC4O3,i2_uptake_mmol_g,nsites,0.10988031327724457
3,finetune_000283_v00,finetune_000283,CoHC4O3,i2_uptake_mmol_g,nelements,-0.003537579672411084
3,finetune_000283_v00,finetune_000283,CoHC4O3,i2_uptake_mmol_g,open_metal_site,-0.0
3,finetune_000283_v00,finetune_000283,CoHC4O3,i2_uptake_mmol_g,has_functional_group,-0.2507169842720032
3,finetune_000283_v00,finetune_000283,CoHC4O3,i2_uptake_mmol_g,mean_electronegativity_diff,-0.011856869794428349
3,finetune_000283_v00,finetune_000283,CoHC4O3,i2_uptake_mmol_g,mean_atomic_radius_A,-0.0035506640560925007
3,finetune_000283_v00,finetune_000283,CoHC4O3,i2_uptake_mmol_g,mean_atomic_number,-0.0004383378545753658
3,finetune_000283_v00,finetune_000283,CoHC4O3,i2_uptake_mmol_g,metal_fraction,0.04850776493549347
3,finetune_000223_v00,finetune_000223,AlH5C8O5,xe_uptake_mmol_g,pore_volume_cm3_g,0.2697995603084564
3,finetune_000223_v00,finetune_000223,AlH5C8O5,xe_uptake_mmol_g,void_fraction,0.07622183859348297
3,finetune_000223_v00,finetune_000223,AlH5C8O5,xe_uptake_mmol_g,gravimetric_surface_area_m2_g,0.41093698143959045
3,finetune_000223_v00,finetune_000223,AlH5C8O5,xe_uptake_mmol_g,volumetric_surface_area_m2_cm3,0.21603187918663025
3,finetune_000223_v00,finetune_000223,AlH5C8O5,xe_uptake_mmol_g,lcd_A,-0.005436185747385025
3,finetune_000223_v00,finetune_000223,AlH5C8O5,xe_uptake_mmol_g,pld_A,-0.0302333515137434
3,finetune_000223_v00,finetune_000223,AlH5C8O5,xe_uptake_mmol_g,density_g_cm3,0.23475821316242218
3,finetune_000223_v00,finetune_000223,AlH5C8O5,xe_uptake_mmol_g,nsites,-0.15355049073696136
3,finetune_000223_v00,finetune_000223,AlH5C8O5,xe_uptake_mmol_g,nelements,-0.0010354730766266584
3,finetune_000223_v00,finetune_000223,AlH5C8O5,xe_uptake_mmol_g,open_metal_site,-0.0
3,finetune_000223_v00,finetune_000223,AlH5C8O5,xe_uptake_mmol_g,has_functional_group,0.0018055755645036697
3,finetune_000223_v00,finetune_000223,AlH5C8O5,xe_uptake_mmol_g,mean_electronegativity_diff,-0.0011287302477285266
3,finetune_000223_v00,finetune_000223,AlH5C8O5,xe_uptake_mmol_g,mean_atomic_radius_A,0.018627101555466652
3,finetune_000223_v00,finetune_000223,AlH5C8O5,xe_uptake_mmol_g,mean_atomic_number,-0.06967422366142273
3,finetune_000223_v00,finetune_000223,AlH5C8O5,xe_uptake_mmol_g,metal_fraction,-0.056437041610479355
3,finetune_000223_v00,finetune_000223,AlH5C8O5,kr_uptake_mmol_g,pore_volume_cm3_g,0.27938804030418396
3,finetune_000223_v00,finetune_000223,AlH5C8O5,kr_uptake_mmol_g,void_fraction,0.07705046981573105
3,finetune_000223_v00,finetune_000223,AlH5C8O5,kr_uptake_mmol_g,gravimetric_surface_area_m2_g,0.39147472381591797
3,finetune_000223_v00,finetune_000223,AlH5C8O5,kr_uptake_mmol_g,volumetric_surface_area_m2_cm3,0.2134794443845749
3,finetune_000223_v00,finetune_000223,AlH5C8O5,kr_uptake_mmol_g,lcd_A,-0.005826741922646761
3,finetune_000223_v00,finetune_000223,AlH5C8O5,kr_uptake_mmol_g,pld_A,-0.033804334700107574
3,finetune_000223_v00,finetune_000223,AlH5C8O5,kr_uptake_mmol_g,density_g_cm3,0.2529018819332123
3,finetune_000223_v00,finetune_000223,AlH5C8O5,kr_uptake_mmol_g,nsites,-0.1595432162284851
3,finetune_000223_v00,finetune_000223,AlH5C8O5,kr_uptake_mmol_g,nelements,0.002268429845571518
3,finetune_000223_v00,finetune_000223,AlH5C8O5,kr_uptake_mmol_g,open_metal_site,-0.0
3,finetune_000223_v00,finetune_000223,AlH5C8O5,kr_uptake_mmol_g,has_functional_group,0.004320529289543629
3,finetune_000223_v00,finetune_000223,AlH5C8O5,kr_uptake_mmol_g,mean_electronegativity_diff,-0.0031391310039907694
3,finetune_000223_v00,finetune_000223,AlH5C8O5,kr_uptake_mmol_g,mean_atomic_radius_A,0.022862721234560013
3,finetune_000223_v00,finetune_000223,AlH5C8O5,kr_uptake_mmol_g,mean_atomic_number,-0.07180137187242508
3,finetune_000223_v00,finetune_000223,AlH5C8O5,kr_uptake_mmol_g,metal_fraction,-0.0380987785756588
3,finetune_000223_v00,finetune_000223,AlH5C8O5,xe_kr_selectivity,pore_volume_cm3_g,0.06966571509838104
3,finetune_000223_v00,finetune_000223,AlH5C8O5,xe_kr_selectivity,void_fraction,0.030243536457419395
3,finetune_000223_v00,finetune_000223,AlH5C8O5,xe_kr_selectivity,gravimetric_surface_area_m2_g,0.04459059610962868
3,finetune_000223_v00,finetune_000223,AlH5C8O5,xe_kr_selectivity,volumetric_surface_area_m2_cm3,0.07286681234836578
3,finetune_000223_v00,finetune_000223,AlH5C8O5,xe_kr_selectivity,lcd_A,-0.006813421845436096
3,finetune_000223_v00,finetune_000223,AlH5C8O5,xe_kr_selectivity,pld_A,-0.04010118544101715
3,finetune_000223_v00,finetune_000223,AlH5C8O5,xe_kr_selectivity,density_g_cm3,-0.017906788736581802
3,finetune_000223_v00,finetune_000223,AlH5C8O5,xe_kr_selectivity,nsites,-0.07756409794092178
3,finetune_000223_v00,finetune_000223,AlH5C8O5,xe_kr_selectivity,nelements,0.006737349089235067
3,finetune_000223_v00,finetune_000223,AlH5C8O5,xe_kr_selectivity,open_metal_site,-0.0
3,finetune_000223_v00,finetune_000223,AlH5C8O5,xe_kr_selectivity,has_functional_group,-0.012408403679728508
3,finetune_000223_v00,finetune_000223,AlH5C8O5,xe_kr_selectivity,mean_electronegativity_diff,-0.005962679162621498
3,finetune_000223_v00,finetune_000223,AlH5C8O5,xe_kr_selectivity,mean_atomic_radius_A,0.027642186731100082
3,finetune_000223_v00,finetune_000223,AlH5C8O5,xe_kr_selectivity,mean_atomic_number,-0.22926431894302368
3,finetune_000223_v00,finetune_000223,AlH5C8O5,xe_kr_selectivity,metal_fraction,0.058146968483924866
3,finetune_000223_v00,finetune_000223,AlH5C8O5,i2_uptake_mmol_g,pore_volume_cm3_g,0.22694960236549377
3,finetune_000223_v00,finetune_000223,AlH5C8O5,i2_uptake_mmol_g,void_fraction,0.06577974557876587
3,finetune_000223_v00,finetune_000223,AlH5C8O5,i2_uptake_mmol_g,gravimetric_surface_area_m2_g,0.3658195436000824
3,finetune_000223_v00,finetune_000223,AlH5C8O5,i2_uptake_mmol_g,volumetric_surface_area_m2_cm3,0.2195751667022705
3,finetune_000223_v00,finetune_000223,AlH5C8O5,i2_uptake_mmol_g,lcd_A,-0.005305166821926832
3,finetune_000223_v00,finetune_000223,AlH5C8O5,i2_uptake_mmol_g,pld_A,-0.03688301146030426
3,finetune_000223_v00,finetune_000223,AlH5C8O5,i2_uptake_mmol_g,density_g_cm3,0.24298712611198425
3,finetune_000223_v00,finetune_000223,AlH5C8O5,i2_uptake_mmol_g,nsites,-0.16132788360118866
3,finetune_000223_v00,finetune_000223,AlH5C8O5,i2_uptake_mmol_g,nelements,-0.002788107842206955
3,finetune_000223_v00,finetune_000223,AlH5C8O5,i2_uptake_mmol_g,open_metal_site,-0.0
3,finetune_000223_v00,finetune_000223,AlH5C8O5,i2_uptake_mmol_g,has_functional_group,-0.2444387525320053
3,finetune_000223_v00,finetune_000223,AlH5C8O5,i2_uptake_mmol_g,mean_electronegativity_diff,-0.0030855396762490273
3,finetune_000223_v00,finetune_000223,AlH5C8O5,i2_uptake_mmol_g,mean_atomic_radius_A,0.02757640741765499
3,finetune_000223_v00,finetune_000223,AlH5C8O5,i2_uptake_mmol_g,mean_atomic_number,-0.010841242969036102
3,finetune_000223_v00,finetune_000223,AlH5C8O5,i2_uptake_mmol_g,metal_fraction,-0.035989779978990555
3,finetune_000253_v00,finetune_000253,ErH2C5O6,xe_uptake_mmol_g,pore_volume_cm3_g,-0.17634063959121704
3,finetune_000253_v00,finetune_000253,ErH2C5O6,xe_uptake_mmol_g,void_fraction,-0.16135051846504211
3,finetune_000253_v00,finetune_000253,ErH2C5O6,xe_uptake_mmol_g,gravimetric_surface_area_m2_g,-0.11380178481340408
3,finetune_000253_v00,finetune_000253,ErH2C5O6,xe_uptake_mmol_g,volumetric_surface_area_m2_cm3,-0.10904349386692047
3,finetune_000253_v00,finetune_000253,ErH2C5O6,xe_uptake_mmol_g,lcd_A,-0.07314226776361465
3,finetune_000253_v00,finetune_000253,ErH2C5O6,xe_uptake_mmol_g,pld_A,-0.08962024748325348
3,finetune_000253_v00,finetune_000253,ErH2C5O6,xe_uptake_mmol_g,density_g_cm3,-0.15750226378440857
3,finetune_000253_v00,finetune_000253,ErH2C5O6,xe_uptake_mmol_g,nsites,0.03895304724574089
3,finetune_000253_v00,finetune_000253,ErH2C5O6,xe_uptake_mmol_g,nelements,-0.002995865186676383
3,finetune_000253_v00,finetune_000253,ErH2C5O6,xe_uptake_mmol_g,open_metal_site,-0.0
3,finetune_000253_v00,finetune_000253,ErH2C5O6,xe_uptake_mmol_g,has_functional_group,0.014255375601351261
3,finetune_000253_v00,finetune_000253,ErH2C5O6,xe_uptake_mmol_g,mean_electronegativity_diff,-0.004679316189140081
3,finetune_000253_v00,finetune_000253,ErH2C5O6,xe_uptake_mmol_g,mean_atomic_radius_A,0.00308727053925395
3,finetune_000253_v00,finetune_000253,ErH2C5O6,xe_uptake_mmol_g,mean_atomic_number,0.011390007100999355
3,finetune_000253_v00,finetune_000253,ErH2C5O6,xe_uptake_mmol_g,metal_fraction,-0.012728502042591572
3,finetune_000253_v00,finetune_000253,ErH2C5O6,kr_uptake_mmol_g,pore_volume_cm3_g,-0.19118830561637878
3,finetune_000253_v00,finetune_000253,ErH2C5O6,kr_uptake_mmol_g,void_fraction,-0.15844793617725372
3,finetune_000253_v00,finetune_000253,ErH2C5O6,kr_uptake_mmol_g,gravimetric_surface_area_m2_g,-0.10041971504688263
3,finetune_000253_v00,finetune_000253,ErH2C5O6,kr_uptake_mmol_g,volumetric_surface_area_m2_cm3,-0.11745826154947281
3,finetune_000253_v00,finetune_000253,ErH2C5O6,kr_uptake_mmol_g,lcd_A,-0.08699342608451843
3,finetune_000253_v00,finetune_000253,ErH2C5O6,kr_uptake_mmol_g,pld_A,-0.11145910620689392
3,finetune_000253_v00,finetune_000253,ErH2C5O6,kr_uptake_mmol_g,density_g_cm3,-0.16171042621135712
3,finetune_000253_v00,finetune_000253,ErH2C5O6,kr_uptake_mmol_g,nsites,0.038618918508291245
3,finetune_000253_v00,finetune_000253,ErH2C5O6,kr_uptake_mmol_g,nelements,-0.00100336701143533
3,finetune_000253_v00,finetune_000253,ErH2C5O6,kr_uptake_mmol_g,open_metal_site,-0.0
3,finetune_000253_v00,finetune_000253,ErH2C5O6,kr_uptake_mmol_g,has_functional_group,0.00826529785990715
3,finetune_000253_v00,finetune_000253,ErH2C5O6,kr_uptake_mmol_g,mean_electronegativity_diff,0.0006361162522807717
3,finetune_000253_v00,finetune_000253,ErH2C5O6,kr_uptake_mmol_g,mean_atomic_radius_A,0.002902730368077755
3,finetune_000253_v00,finetune_000253,ErH2C5O6,kr_uptake_mmol_g,mean_atomic_number,0.013561918400228024
3,finetune_000253_v00,finetune_000253,ErH2C5O6,kr_uptake_mmol_g,metal_fraction,-0.007536216173321009
3,finetune_000253_v00,finetune_000253,ErH2C5O6,xe_kr_selectivity,pore_volume_cm3_g,-0.11882942169904709
3,finetune_000253_v00,finetune_000253,ErH2C5O6,xe_kr_selectivity,void_fraction,-0.1549510955810547
3,finetune_000253_v00,finetune_000253,ErH2C5O6,xe_kr_selectivity,gravimetric_surface_area_m2_g,-0.062547966837883
3,finetune_000253_v00,finetune_000253,ErH2C5O6,xe_kr_selectivity,volumetric_surface_area_m2_cm3,-0.0973907932639122
3,finetune_000253_v00,finetune_000253,ErH2C5O6,xe_kr_selectivity,lcd_A,-0.17464423179626465
3,finetune_000253_v00,finetune_000253,ErH2C5O6,xe_kr_selectivity,pld_A,-0.23031803965568542
3,finetune_000253_v00,finetune_000253,ErH2C5O6,xe_kr_selectivity,density_g_cm3,0.013804151676595211
3,finetune_000253_v00,finetune_000253,ErH2C5O6,xe_kr_selectivity,nsites,0.04581635445356369
3,finetune_000253_v00,finetune_000253,ErH2C5O6,xe_kr_selectivity,nelements,0.003940947819501162
3,finetune_000253_v00,finetune_000253,ErH2C5O6,xe_kr_selectivity,open_metal_site,-0.0
3,finetune_000253_v00,finetune_000253,ErH2C5O6,xe_kr_selectivity,has_functional_group,0.004832228180021048
3,finetune_000253_v00,finetune_000253,ErH2C5O6,xe_kr_selectivity,mean_electronegativity_diff,0.004225434269756079
3,finetune_000253_v00,finetune_000253,ErH2C5O6,xe_kr_selectivity,mean_atomic_radius_A,0.004545353353023529
3,finetune_000253_v00,finetune_000253,ErH2C5O6,xe_kr_selectivity,mean_atomic_number,0.07760251313447952
3,finetune_000253_v00,finetune_000253,ErH2C5O6,xe_kr_selectivity,metal_fraction,0.009537597186863422
3,finetune_000253_v00,finetune_000253,ErH2C5O6,i2_uptake_mmol_g,pore_volume_cm3_g,-0.15968933701515198
3,finetune_000253_v00,finetune_000253,ErH2C5O6,i2_uptake_mmol_g,void_fraction,-0.15012229979038239
3,finetune_000253_v00,finetune_000253,ErH2C5O6,i2_uptake_mmol_g,gravimetric_surface_area_m2_g,-0.11043485999107361
3,finetune_000253_v00,finetune_000253,ErH2C5O6,i2_uptake_mmol_g,volumetric_surface_area_m2_cm3,-0.1052183210849762
3,finetune_000253_v00,finetune_000253,ErH2C5O6,i2_uptake_mmol_g,lcd_A,-0.08681348711252213
3,finetune_000253_v00,finetune_000253,ErH2C5O6,i2_uptake_mmol_g,pld_A,-0.11942396312952042
3,finetune_000253_v00,finetune_000253,ErH2C5O6,i2_uptake_mmol_g,density_g_cm3,-0.12737973034381866
3,finetune_000253_v00,finetune_000253,ErH2C5O6,i2_uptake_mmol_g,nsites,0.04115976765751839
3,finetune_000253_v00,finetune_000253,ErH2C5O6,i2_uptake_mmol_g,nelements,-0.004619221203029156
3,finetune_000253_v00,finetune_000253,ErH2C5O6,i2_uptake_mmol_g,open_metal_site,-0.0
3,finetune_000253_v00,finetune_000253,ErH2C5O6,i2_uptake_mmol_g,has_functional_group,-0.102149598300457
3,finetune_000253_v00,finetune_000253,ErH2C5O6,i2_uptake_mmol_g,mean_electronegativity_diff,-0.003689938224852085
3,finetune_000253_v00,finetune_000253,ErH2C5O6,i2_uptake_mmol_g,mean_atomic_radius_A,0.0034888845402747393
3,finetune_000253_v00,finetune_000253,ErH2C5O6,i2_uptake_mmol_g,mean_atomic_number,0.0057855574414134026
3,finetune_000253_v00,finetune_000253,ErH2C5O6,i2_uptake_mmol_g,metal_fraction,-0.007807847112417221
3,finetune_000159_v00,finetune_000159,Ho(CO2)4,xe_uptake_mmol_g,pore_volume_cm3_g,0.07331805676221848
3,finetune_000159_v00,finetune_000159,Ho(CO2)4,xe_uptake_mmol_g,void_fraction,0.21634550392627716
3,finetune_000159_v00,finetune_000159,Ho(CO2)4,xe_uptake_mmol_g,gravimetric_surface_area_m2_g,-0.018609805032610893
3,finetune_000159_v00,finetune_000159,Ho(CO2)4,xe_uptake_mmol_g,volumetric_surface_area_m2_cm3,0.058153972029685974
3,finetune_000159_v00,finetune_000159,Ho(CO2)4,xe_uptake_mmol_g,lcd_A,0.30542415380477905
3,finetune_000159_v00,finetune_000159,Ho(CO2)4,xe_uptake_mmol_g,pld_A,0.34268057346343994
3,finetune_000159_v00,finetune_000159,Ho(CO2)4,xe_uptake_mmol_g,density_g_cm3,-0.09389355778694153
3,finetune_000159_v00,finetune_000159,Ho(CO2)4,xe_uptake_mmol_g,nsites,0.06609605997800827
3,finetune_000159_v00,finetune_000159,Ho(CO2)4,xe_uptake_mmol_g,nelements,-0.011273168958723545
3,finetune_000159_v00,finetune_000159,Ho(CO2)4,xe_uptake_mmol_g,open_metal_site,-0.0
3,finetune_000159_v00,finetune_000159,Ho(CO2)4,xe_uptake_mmol_g,has_functional_group,0.014004348777234554
3,finetune_000159_v00,finetune_000159,Ho(CO2)4,xe_uptake_mmol_g,mean_electronegativity_diff,0.013012437149882317
3,finetune_000159_v00,finetune_000159,Ho(CO2)4,xe_uptake_mmol_g,mean_atomic_radius_A,-0.019213592633605003
3,finetune_000159_v00,finetune_000159,Ho(CO2)4,xe_uptake_mmol_g,mean_atomic_number,0.05070577934384346
3,finetune_000159_v00,finetune_000159,Ho(CO2)4,xe_uptake_mmol_g,metal_fraction,-0.011346780695021152
3,finetune_000159_v00,finetune_000159,Ho(CO2)4,kr_uptake_mmol_g,pore_volume_cm3_g,0.0733889490365982
3,finetune_000159_v00,finetune_000159,Ho(CO2)4,kr_uptake_mmol_g,void_fraction,0.20448413491249084
3,finetune_000159_v00,finetune_000159,Ho(CO2)4,kr_uptake_mmol_g,gravimetric_surface_area_m2_g,-0.016916390508413315
3,finetune_000159_v00,finetune_000159,Ho(CO2)4,kr_uptake_mmol_g,volumetric_surface_area_m2_cm3,0.055927835404872894
3,finetune_000159_v00,finetune_000159,Ho(CO2)4,kr_uptake_mmol_g,lcd_A,0.28933554887771606
3,finetune_000159_v00,finetune_000159,Ho(CO2)4,kr_uptake_mmol_g,pld_A,0.34230488538742065
3,finetune_000159_v00,finetune_000159,Ho(CO2)4,kr_uptake_mmol_g,density_g_cm3,-0.10689568519592285
3,finetune_000159_v00,finetune_000159,Ho(CO2)4,kr_uptake_mmol_g,nsites,0.06981385499238968
3,finetune_000159_v00,finetune_000159,Ho(CO2)4,kr_uptake_mmol_g,nelements,0.012556721456348896
3,finetune_000159_v00,finetune_000159,Ho(CO2)4,kr_uptake_mmol_g,open_metal_site,-0.0
3,finetune_000159_v00,finetune_000159,Ho(CO2)4,kr_uptake_mmol_g,has_functional_group,0.007789484690874815
3,finetune_000159_v00,finetune_000159,Ho(CO2)4,kr_uptake_mmol_g,mean_electronegativity_diff,0.021796654909849167
3,finetune_000159_v00,finetune_000159,Ho(CO2)4,kr_uptake_mmol_g,mean_atomic_radius_A,-0.02298641763627529
3,finetune_000159_v00,finetune_000159,Ho(CO2)4,kr_uptake_mmol_g,mean_atomic_number,0.030326196923851967
3,finetune_000159_v00,finetune_000159,Ho(CO2)4,kr_uptake_mmol_g,metal_fraction,-0.00859782937914133
3,finetune_000159_v00,finetune_000159,Ho(CO2)4,xe_kr_selectivity,pore_volume_cm3_g,0.030300403013825417
3,finetune_000159_v00,finetune_000159,Ho(CO2)4,xe_kr_selectivity,void_fraction,0.1194099634885788
3,finetune_000159_v00,finetune_000159,Ho(CO2)4,xe_kr_selectivity,gravimetric_surface_area_m2_g,-0.005121470429003239
3,finetune_000159_v00,finetune_000159,Ho(CO2)4,xe_kr_selectivity,volumetric_surface_area_m2_cm3,0.031506381928920746
3,finetune_000159_v00,finetune_000159,Ho(CO2)4,xe_kr_selectivity,lcd_A,0.4148975610733032
3,finetune_000159_v00,finetune_000159,Ho(CO2)4,xe_kr_selectivity,pld_A,0.5013951063156128
3,finetune_000159_v00,finetune_000159,Ho(CO2)4,xe_kr_selectivity,density_g_cm3,-9.633320587454364e-05
3,finetune_000159_v00,finetune_000159,Ho(CO2)4,xe_kr_selectivity,nsites,0.05043775588274002
3,finetune_000159_v00,finetune_000159,Ho(CO2)4,xe_kr_selectivity,nelements,0.02855107933282852
3,finetune_000159_v00,finetune_000159,Ho(CO2)4,xe_kr_selectivity,open_metal_site,-0.0
3,finetune_000159_v00,finetune_000159,Ho(CO2)4,xe_kr_selectivity,has_functional_group,-0.012455540709197521
3,finetune_000159_v00,finetune_000159,Ho(CO2)4,xe_kr_selectivity,mean_electronegativity_diff,0.035910412669181824
3,finetune_000159_v00,finetune_000159,Ho(CO2)4,xe_kr_selectivity,mean_atomic_radius_A,-0.009271131828427315
3,finetune_000159_v00,finetune_000159,Ho(CO2)4,xe_kr_selectivity,mean_atomic_number,0.20856502652168274
3,finetune_000159_v00,finetune_000159,Ho(CO2)4,xe_kr_selectivity,metal_fraction,0.0064435480162501335
3,finetune_000159_v00,finetune_000159,Ho(CO2)4,i2_uptake_mmol_g,pore_volume_cm3_g,0.05984821170568466
3,finetune_000159_v00,finetune_000159,Ho(CO2)4,i2_uptake_mmol_g,void_fraction,0.17608487606048584
3,finetune_000159_v00,finetune_000159,Ho(CO2)4,i2_uptake_mmol_g,gravimetric_surface_area_m2_g,-0.015267317183315754
3,finetune_000159_v00,finetune_000159,Ho(CO2)4,i2_uptake_mmol_g,volumetric_surface_area_m2_cm3,0.056425318121910095
3,finetune_000159_v00,finetune_000159,Ho(CO2)4,i2_uptake_mmol_g,lcd_A,0.25487032532691956
3,finetune_000159_v00,finetune_000159,Ho(CO2)4,i2_uptake_mmol_g,pld_A,0.36295804381370544
3,finetune_000159_v00,finetune_000159,Ho(CO2)4,i2_uptake_mmol_g,density_g_cm3,-0.09751518070697784
3,finetune_000159_v00,finetune_000159,Ho(CO2)4,i2_uptake_mmol_g,nsites,0.07148956507444382
3,finetune_000159_v00,finetune_000159,Ho(CO2)4,i2_uptake_mmol_g,nelements,-0.024611543864011765
3,finetune_000159_v00,finetune_000159,Ho(CO2)4,i2_uptake_mmol_g,open_metal_site,-0.0
3,finetune_000159_v00,finetune_000159,Ho(CO2)4,i2_uptake_mmol_g,has_functional_group,-0.2547335922718048
3,finetune_000159_v00,finetune_000159,Ho(CO2)4,i2_uptake_mmol_g,mean_electronegativity_diff,0.021843791007995605
3,finetune_000159_v00,finetune_000159,Ho(CO2)4,i2_uptake_mmol_g,mean_atomic_radius_A,-0.019017579033970833
3,finetune_000159_v00,finetune_000159,Ho(CO2)4,i2_uptake_mmol_g,mean_atomic_number,-0.012423742562532425
3,finetune_000159_v00,finetune_000159,Ho(CO2)4,i2_uptake_mmol_g,metal_fraction,-0.009164328686892986
3,finetune_000028_v00,finetune_000028,CuHC4O3,xe_uptake_mmol_g,pore_volume_cm3_g,0.04033429175615311
3,finetune_000028_v00,finetune_000028,CuHC4O3,xe_uptake_mmol_g,void_fraction,0.038740888237953186
3,finetune_000028_v00,finetune_000028,CuHC4O3,xe_uptake_mmol_g,gravimetric_surface_area_m2_g,-0.002035396872088313
3,finetune_000028_v00,finetune_000028,CuHC4O3,xe_uptake_mmol_g,volumetric_surface_area_m2_cm3,-0.005645631346851587
3,finetune_000028_v00,finetune_000028,CuHC4O3,xe_uptake_mmol_g,lcd_A,-0.03823426365852356
3,finetune_000028_v00,finetune_000028,CuHC4O3,xe_uptake_mmol_g,pld_A,-0.06309249997138977
3,finetune_000028_v00,finetune_000028,CuHC4O3,xe_uptake_mmol_g,density_g_cm3,0.05728534609079361
3,finetune_000028_v00,finetune_000028,CuHC4O3,xe_uptake_mmol_g,nsites,0.07235553860664368
3,finetune_000028_v00,finetune_000028,CuHC4O3,xe_uptake_mmol_g,nelements,-0.00201392755843699
3,finetune_000028_v00,finetune_000028,CuHC4O3,xe_uptake_mmol_g,open_metal_site,-0.0
3,finetune_000028_v00,finetune_000028,CuHC4O3,xe_uptake_mmol_g,has_functional_group,0.012067972682416439
3,finetune_000028_v00,finetune_000028,CuHC4O3,xe_uptake_mmol_g,mean_electronegativity_diff,-0.0010597280925139785
3,finetune_000028_v00,finetune_000028,CuHC4O3,xe_uptake_mmol_g,mean_atomic_radius_A,-0.003533140290528536
3,finetune_000028_v00,finetune_000028,CuHC4O3,xe_uptake_mmol_g,mean_atomic_number,-0.005224153865128756
3,finetune_000028_v00,finetune_000028,CuHC4O3,xe_uptake_mmol_g,metal_fraction,0.052768778055906296
3,finetune_000028_v00,finetune_000028,CuHC4O3,kr_uptake_mmol_g,pore_volume_cm3_g,0.04174908623099327
3,finetune_000028_v00,finetune_000028,CuHC4O3,kr_uptake_mmol_g,void_fraction,0.038196198642253876
3,finetune_000028_v00,finetune_000028,CuHC4O3,kr_uptake_mmol_g,gravimetric_surface_area_m2_g,-0.001894747605547309
3,finetune_000028_v00,finetune_000028,CuHC4O3,kr_uptake_mmol_g,volumetric_surface_area_m2_cm3,-0.005620091687887907
3,finetune_000028_v00,finetune_000028,CuHC4O3,kr_uptake_mmol_g,lcd_A,-0.041242122650146484
3,finetune_000028_v00,finetune_000028,CuHC4O3,kr_uptake_mmol_g,pld_A,-0.07213994115591049
3,finetune_000028_v00,finetune_000028,CuHC4O3,kr_uptake_mmol_g,density_g_cm3,0.06132013350725174
3,finetune_000028_v00,finetune_000028,CuHC4O3,kr_uptake_mmol_g,nsites,0.07471201568841934
3,finetune_000028_v00,finetune_000028,CuHC4O3,kr_uptake_mmol_g,nelements,0.0015582003397867084
3,finetune_000028_v00,finetune_000028,CuHC4O3,kr_uptake_mmol_g,open_metal_site,-0.0
3,finetune_000028_v00,finetune_000028,CuHC4O3,kr_uptake_mmol_g,has_functional_group,0.010820841416716576
3,finetune_000028_v00,finetune_000028,CuHC4O3,kr_uptake_mmol_g,mean_electronegativity_diff,-0.009484398178756237
3,finetune_000028_v00,finetune_000028,CuHC4O3,kr_uptake_mmol_g,mean_atomic_radius_A,-0.0036253882572054863
3,finetune_000028_v00,finetune_000028,CuHC4O3,kr_uptake_mmol_g,mean_atomic_number,-0.005206726491451263
3,finetune_000028_v00,finetune_000028,CuHC4O3,kr_uptake_mmol_g,metal_fraction,0.03549850732088089
3,finetune_000028_v00,finetune_000028,CuHC4O3,xe_kr_selectivity,pore_volume_cm3_g,0.015864651650190353
3,finetune_000028_v00,finetune_000028,CuHC4O3,xe_kr_selectivity,void_fraction,0.021442079916596413
3,finetune_000028_v00,finetune_000028,CuHC4O3,xe_kr_selectivity,gravimetric_surface_area_m2_g,-0.0005204236949793994
3,finetune_000028_v00,finetune_000028,CuHC4O3,xe_kr_selectivity,volumetric_surface_area_m2_cm3,-0.0027270091231912374
3,finetune_000028_v00,finetune_000028,CuHC4O3,xe_kr_selectivity,lcd_A,-0.059166353195905685
3,finetune_000028_v00,finetune_000028,CuHC4O3,xe_kr_selectivity,pld_A,-0.10849662870168686
3,finetune_000028_v00,finetune_000028,CuHC4O3,xe_kr_selectivity,density_g_cm3,-0.004993685986846685
3,finetune_000028_v00,finetune_000028,CuHC4O3,xe_kr_selectivity,nsites,0.052289146929979324
3,finetune_000028_v00,finetune_000028,CuHC4O3,xe_kr_selectivity,nelements,0.0065283216536045074
3,finetune_000028_v00,finetune_000028,CuHC4O3,xe_kr_selectivity,open_metal_site,-0.0
3,finetune_000028_v00,finetune_000028,CuHC4O3,xe_kr_selectivity,has_functional_group,-0.010681886225938797
3,finetune_000028_v00,finetune_000028,CuHC4O3,xe_kr_selectivity,mean_electronegativity_diff,-0.011801283806562424
3,finetune_000028_v00,finetune_000028,CuHC4O3,xe_kr_selectivity,mean_atomic_radius_A,-0.002921649254858494
3,finetune_000028_v00,finetune_000028,CuHC4O3,xe_kr_selectivity,mean_atomic_number,-0.022897617891430855
3,finetune_000028_v00,finetune_000028,CuHC4O3,xe_kr_selectivity,metal_fraction,-0.0426507405936718
3,finetune_000028_v00,finetune_000028,CuHC4O3,i2_uptake_mmol_g,pore_volume_cm3_g,0.03385334834456444
3,finetune_000028_v00,finetune_000028,CuHC4O3,i2_uptake_mmol_g,void_fraction,0.033101603388786316
3,finetune_000028_v00,finetune_000028,CuHC4O3,i2_uptake_mmol_g,gravimetric_surface_area_m2_g,-0.001780990744009614
3,finetune_000028_v00,finetune_000028,CuHC4O3,i2_uptake_mmol_g,volumetric_surface_area_m2_cm3,-0.005429532844573259
3,finetune_000028_v00,finetune_000028,CuHC4O3,i2_uptake_mmol_g,lcd_A,-0.038324352353811264
3,finetune_000028_v00,finetune_000028,CuHC4O3,i2_uptake_mmol_g,pld_A,-0.07761713862419128
3,finetune_000028_v00,finetune_000028,CuHC4O3,i2_uptake_mmol_g,density_g_cm3,0.05410731956362724
3,finetune_000028_v00,finetune_000028,CuHC4O3,i2_uptake_mmol_g,nsites,0.07720983028411865
3,finetune_000028_v00,finetune_000028,CuHC4O3,i2_uptake_mmol_g,nelements,-0.0041859569028019905
3,finetune_000028_v00,finetune_000028,CuHC4O3,i2_uptake_mmol_g,open_metal_site,-0.0
3,finetune_000028_v00,finetune_000028,CuHC4O3,i2_uptake_mmol_g,has_functional_group,-0.19040684401988983
3,finetune_000028_v00,finetune_000028,CuHC4O3,i2_uptake_mmol_g,mean_electronegativity_diff,-0.0054085394367575645
3,finetune_000028_v00,finetune_000028,CuHC4O3,i2_uptake_mmol_g,mean_atomic_radius_A,-0.0038573695346713066
3,finetune_000028_v00,finetune_000028,CuHC4O3,i2_uptake_mmol_g,mean_atomic_number,-0.0007760716252960265
3,finetune_000028_v00,finetune_000028,CuHC4O3,i2_uptake_mmol_g,metal_fraction,0.03619331493973732
3,finetune_000260_v00,finetune_000260,CuHC4O3,xe_uptake_mmol_g,pore_volume_cm3_g,0.04033429175615311
3,finetune_000260_v00,finetune_000260,CuHC4O3,xe_uptake_mmol_g,void_fraction,0.038740891963243484
3,finetune_000260_v00,finetune_000260,CuHC4O3,xe_uptake_mmol_g,gravimetric_surface_area_m2_g,-0.002035396872088313
3,finetune_000260_v00,finetune_000260,CuHC4O3,xe_uptake_mmol_g,volumetric_surface_area_m2_cm3,-0.005645631346851587
3,finetune_000260_v00,finetune_000260,CuHC4O3,xe_uptake_mmol_g,lcd_A,-0.03823426365852356
3,finetune_000260_v00,finetune_000260,CuHC4O3,xe_uptake_mmol_g,pld_A,-0.06309250742197037
3,finetune_000260_v00,finetune_000260,CuHC4O3,xe_uptake_mmol_g,density_g_cm3,0.05728534609079361
3,finetune_000260_v00,finetune_000260,CuHC4O3,xe_uptake_mmol_g,nsites,0.07235553860664368
3,finetune_000260_v00,finetune_000260,CuHC4O3,xe_uptake_mmol_g,nelements,-0.00201392755843699
3,finetune_000260_v00,finetune_000260,CuHC4O3,xe_uptake_mmol_g,open_metal_site,-0.0
3,finetune_000260_v00,finetune_000260,CuHC4O3,xe_uptake_mmol_g,has_functional_group,0.012067972682416439
3,finetune_000260_v00,finetune_000260,CuHC4O3,xe_uptake_mmol_g,mean_electronegativity_diff,-0.001059728441759944
3,finetune_000260_v00,finetune_000260,CuHC4O3,xe_uptake_mmol_g,mean_atomic_radius_A,-0.003533140756189823
3,finetune_000260_v00,finetune_000260,CuHC4O3,xe_uptake_mmol_g,mean_atomic_number,-0.005224153865128756
3,finetune_000260_v00,finetune_000260,CuHC4O3,xe_uptake_mmol_g,metal_fraction,0.052768778055906296
3,finetune_000260_v00,finetune_000260,CuHC4O3,kr_uptake_mmol_g,pore_volume_cm3_g,0.04174908995628357
3,finetune_000260_v00,finetune_000260,CuHC4O3,kr_uptake_mmol_g,void_fraction,0.038196198642253876
3,finetune_000260_v00,finetune_000260,CuHC4O3,kr_uptake_mmol_g,gravimetric_surface_area_m2_g,-0.0018947478383779526
3,finetune_000260_v00,finetune_000260,CuHC4O3,kr_uptake_mmol_g,volumetric_surface_area_m2_cm3,-0.00562009122222662
3,finetune_000260_v00,finetune_000260,CuHC4O3,kr_uptake_mmol_g,lcd_A,-0.041242122650146484
3,finetune_000260_v00,finetune_000260,CuHC4O3,kr_uptake_mmol_g,pld_A,-0.0721399337053299
3,finetune_000260_v00,finetune_000260,CuHC4O3,kr_uptake_mmol_g,density_g_cm3,0.06132013350725174
3,finetune_000260_v00,finetune_000260,CuHC4O3,kr_uptake_mmol_g,nsites,0.07471201568841934
3,finetune_000260_v00,finetune_000260,CuHC4O3,kr_uptake_mmol_g,nelements,0.0015582003397867084
3,finetune_000260_v00,finetune_000260,CuHC4O3,kr_uptake_mmol_g,open_metal_site,-0.0
3,finetune_000260_v00,finetune_000260,CuHC4O3,kr_uptake_mmol_g,has_functional_group,0.01082084234803915
3,finetune_000260_v00,finetune_000260,CuHC4O3,kr_uptake_mmol_g,mean_electronegativity_diff,-0.009484400041401386
3,finetune_000260_v00,finetune_000260,CuHC4O3,kr_uptake_mmol_g,mean_atomic_radius_A,-0.003625387791544199
3,finetune_000260_v00,finetune_000260,CuHC4O3,kr_uptake_mmol_g,mean_atomic_number,-0.005206726957112551
3,finetune_000260_v00,finetune_000260,CuHC4O3,kr_uptake_mmol_g,metal_fraction,0.03549850732088089
3,finetune_000260_v00,finetune_000260,CuHC4O3,xe_kr_selectivity,pore_volume_cm3_g,0.015864653512835503
3,finetune_000260_v00,finetune_000260,CuHC4O3,xe_kr_selectivity,void_fraction,0.021442079916596413
3,finetune_000260_v00,finetune_000260,CuHC4O3,xe_kr_selectivity,gravimetric_surface_area_m2_g,-0.0005204237531870604
3,finetune_000260_v00,finetune_000260,CuHC4O3,xe_kr_selectivity,volumetric_surface_area_m2_cm3,-0.0027270091231912374
3,finetune_000260_v00,finetune_000260,CuHC4O3,xe_kr_selectivity,lcd_A,-0.059166353195905685
3,finetune_000260_v00,finetune_000260,CuHC4O3,xe_kr_selectivity,pld_A,-0.10849662870168686
3,finetune_000260_v00,finetune_000260,CuHC4O3,xe_kr_selectivity,density_g_cm3,-0.004993685986846685
3,finetune_000260_v00,finetune_000260,CuHC4O3,xe_kr_selectivity,nsites,0.052289146929979324
3,finetune_000260_v00,finetune_000260,CuHC4O3,xe_kr_selectivity,nelements,0.006528323050588369
3,finetune_000260_v00,finetune_000260,CuHC4O3,xe_kr_selectivity,open_metal_site,-0.0
3,finetune_000260_v00,finetune_000260,CuHC4O3,xe_kr_selectivity,has_functional_group,-0.010681886225938797
3,finetune_000260_v00,finetune_000260,CuHC4O3,xe_kr_selectivity,mean_electronegativity_diff,-0.011801282875239849
3,finetune_000260_v00,finetune_000260,CuHC4O3,xe_kr_selectivity,mean_atomic_radius_A,-0.0029216494876891375
3,finetune_000260_v00,finetune_000260,CuHC4O3,xe_kr_selectivity,mean_atomic_number,-0.022897617891430855
3,finetune_000260_v00,finetune_000260,CuHC4O3,xe_kr_selectivity,metal_fraction,-0.0426507405936718
3,finetune_000260_v00,finetune_000260,CuHC4O3,i2_uptake_mmol_g,pore_volume_cm3_g,0.03385334834456444
3,finetune_000260_v00,finetune_000260,CuHC4O3,i2_uptake_mmol_g,void_fraction,0.033101603388786316
3,finetune_000260_v00,finetune_000260,CuHC4O3,i2_uptake_mmol_g,gravimetric_surface_area_m2_g,-0.001780990744009614
3,finetune_000260_v00,finetune_000260,CuHC4O3,i2_uptake_mmol_g,volumetric_surface_area_m2_cm3,-0.005429532844573259
3,finetune_000260_v00,finetune_000260,CuHC4O3,i2_uptake_mmol_g,lcd_A,-0.038324352353811264
3,finetune_000260_v00,finetune_000260,CuHC4O3,i2_uptake_mmol_g,pld_A,-0.07761713862419128
3,finetune_000260_v00,finetune_000260,CuHC4O3,i2_uptake_mmol_g,density_g_cm3,0.05410732701420784
3,finetune_000260_v00,finetune_000260,CuHC4O3,i2_uptake_mmol_g,nsites,0.07720983028411865
3,finetune_000260_v00,finetune_000260,CuHC4O3,i2_uptake_mmol_g,nelements,-0.004185957368463278
3,finetune_000260_v00,finetune_000260,CuHC4O3,i2_uptake_mmol_g,open_metal_site,-0.0
3,finetune_000260_v00,finetune_000260,CuHC4O3,i2_uptake_mmol_g,has_functional_group,-0.19040687382221222
3,finetune_000260_v00,finetune_000260,CuHC4O3,i2_uptake_mmol_g,mean_electronegativity_diff,-0.0054085394367575645
3,finetune_000260_v00,finetune_000260,CuHC4O3,i2_uptake_mmol_g,mean_atomic_radius_A,-0.0038573690690100193
3,finetune_000260_v00,finetune_000260,CuHC4O3,i2_uptake_mmol_g,mean_atomic_number,-0.0007760716252960265
3,finetune_000260_v00,finetune_000260,CuHC4O3,i2_uptake_mmol_g,metal_fraction,0.03619331866502762
3,finetune_000112_v00,finetune_000112,FeH3(CO2)3,xe_uptake_mmol_g,pore_volume_cm3_g,-0.15628212690353394
3,finetune_000112_v00,finetune_000112,FeH3(CO2)3,xe_uptake_mmol_g,void_fraction,-0.15884070098400116
3,finetune_000112_v00,finetune_000112,FeH3(CO2)3,xe_uptake_mmol_g,gravimetric_surface_area_m2_g,-0.0910649448633194
3,finetune_000112_v00,finetune_000112,FeH3(CO2)3,xe_uptake_mmol_g,volumetric_surface_area_m2_cm3,-0.09375100582838058
3,finetune_000112_v00,finetune_000112,FeH3(CO2)3,xe_uptake_mmol_g,lcd_A,-0.077446348965168
3,finetune_000112_v00,finetune_000112,FeH3(CO2)3,xe_uptake_mmol_g,pld_A,-0.093178391456604
3,finetune_000112_v00,finetune_000112,FeH3(CO2)3,xe_uptake_mmol_g,density_g_cm3,0.0020763494540005922
3,finetune_000112_v00,finetune_000112,FeH3(CO2)3,xe_uptake_mmol_g,nsites,0.026615770533680916
3,finetune_000112_v00,finetune_000112,FeH3(CO2)3,xe_uptake_mmol_g,nelements,-0.0026523007545620203
3,finetune_000112_v00,finetune_000112,FeH3(CO2)3,xe_uptake_mmol_g,open_metal_site,-0.0
3,finetune_000112_v00,finetune_000112,FeH3(CO2)3,xe_uptake_mmol_g,has_functional_group,0.014606080949306488
3,finetune_000112_v00,finetune_000112,FeH3(CO2)3,xe_uptake_mmol_g,mean_electronegativity_diff,0.004549688659608364
3,finetune_000112_v00,finetune_000112,FeH3(CO2)3,xe_uptake_mmol_g,mean_atomic_radius_A,0.019313212484121323
3,finetune_000112_v00,finetune_000112,FeH3(CO2)3,xe_uptake_mmol_g,mean_atomic_number,-0.016657477244734764
3,finetune_000112_v00,finetune_000112,FeH3(CO2)3,xe_uptake_mmol_g,metal_fraction,-0.005948443431407213
3,finetune_000112_v00,finetune_000112,FeH3(CO2)3,kr_uptake_mmol_g,pore_volume_cm3_g,-0.16822309792041779
3,finetune_000112_v00,finetune_000112,FeH3(CO2)3,kr_uptake_mmol_g,void_fraction,-0.15891793370246887
3,finetune_000112_v00,finetune_000112,FeH3(CO2)3,kr_uptake_mmol_g,gravimetric_surface_area_m2_g,-0.08306469023227692
3,finetune_000112_v00,finetune_000112,FeH3(CO2)3,kr_uptake_mmol_g,volumetric_surface_area_m2_cm3,-0.100388303399086
3,finetune_000112_v00,finetune_000112,FeH3(CO2)3,kr_uptake_mmol_g,lcd_A,-0.09492000937461853
3,finetune_000112_v00,finetune_000112,FeH3(CO2)3,kr_uptake_mmol_g,pld_A,-0.12016157060861588
3,finetune_000112_v00,finetune_000112,FeH3(CO2)3,kr_uptake_mmol_g,density_g_cm3,0.0021260844077914953
3,finetune_000112_v00,finetune_000112,FeH3(CO2)3,kr_uptake_mmol_g,nsites,0.026204142719507217
3,finetune_000112_v00,finetune_000112,FeH3(CO2)3,kr_uptake_mmol_g,nelements,-0.0007608355372212827
3,finetune_000112_v00,finetune_000112,FeH3(CO2)3,kr_uptake_mmol_g,open_metal_site,-0.0
3,finetune_000112_v00,finetune_000112,FeH3(CO2)3,kr_uptake_mmol_g,has_functional_group,0.009453448466956615
3,finetune_000112_v00,finetune_000112,FeH3(CO2)3,kr_uptake_mmol_g,mean_electronegativity_diff,-0.002618856029585004
3,finetune_000112_v00,finetune_000112,FeH3(CO2)3,kr_uptake_mmol_g,mean_atomic_radius_A,0.017763767391443253
3,finetune_000112_v00,finetune_000112,FeH3(CO2)3,kr_uptake_mmol_g,mean_atomic_number,-0.02082487940788269
3,finetune_000112_v00,finetune_000112,FeH3(CO2)3,kr_uptake_mmol_g,metal_fraction,-0.0034151917789131403
3,finetune_000112_v00,finetune_000112,FeH3(CO2)3,xe_kr_selectivity,pore_volume_cm3_g,-0.08193814009428024
3,finetune_000112_v00,finetune_000112,FeH3(CO2)3,xe_kr_selectivity,void_fraction,-0.12648114562034607
3,finetune_000112_v00,finetune_000112,FeH3(CO2)3,xe_kr_selectivity,gravimetric_surface_area_m2_g,-0.036264676600694656
3,finetune_000112_v00,finetune_000112,FeH3(CO2)3,xe_kr_selectivity,volumetric_surface_area_m2_cm3,-0.06339699774980545
3,finetune_000112_v00,finetune_000112,FeH3(CO2)3,xe_kr_selectivity,lcd_A,-0.16582629084587097
3,finetune_000112_v00,finetune_000112,FeH3(CO2)3,xe_kr_selectivity,pld_A,-0.22001619637012482
3,finetune_000112_v00,finetune_000112,FeH3(CO2)3,xe_kr_selectivity,density_g_cm3,-0.00023488384613301605
3,finetune_000112_v00,finetune_000112,FeH3(CO2)3,xe_kr_selectivity,nsites,0.024862445890903473
3,finetune_000112_v00,finetune_000112,FeH3(CO2)3,xe_kr_selectivity,nelements,0.004274383187294006
3,finetune_000112_v00,finetune_000112,FeH3(CO2)3,xe_kr_selectivity,open_metal_site,-0.0
3,finetune_000112_v00,finetune_000112,FeH3(CO2)3,xe_kr_selectivity,has_functional_group,0.00016773591050878167
3,finetune_000112_v00,finetune_000112,FeH3(CO2)3,xe_kr_selectivity,mean_electronegativity_diff,-0.0049515278078615665
3,finetune_000112_v00,finetune_000112,FeH3(CO2)3,xe_kr_selectivity,mean_atomic_radius_A,0.031181152909994125
3,finetune_000112_v00,finetune_000112,FeH3(CO2)3,xe_kr_selectivity,mean_atomic_number,-0.08660926669836044
3,finetune_000112_v00,finetune_000112,FeH3(CO2)3,xe_kr_selectivity,metal_fraction,0.0057869479060173035
3,finetune_000112_v00,finetune_000112,FeH3(CO2)3,i2_uptake_mmol_g,pore_volume_cm3_g,-0.1375865787267685
3,finetune_000112_v00,finetune_000112,FeH3(CO2)3,i2_uptake_mmol_g,void_fraction,-0.1467214822769165
3,finetune_000112_v00,finetune_000112,FeH3(CO2)3,i2_uptake_mmol_g,gravimetric_surface_area_m2_g,-0.08628509193658829
3,finetune_000112_v00,finetune_000112,FeH3(CO2)3,i2_uptake_mmol_g,volumetric_surface_area_m2_cm3,-0.08971606194972992
3,finetune_000112_v00,finetune_000112,FeH3(CO2)3,i2_uptake_mmol_g,lcd_A,-0.09313235431909561
3,finetune_000112_v00,finetune_000112,FeH3(CO2)3,i2_uptake_mmol_g,pld_A,-0.1292043924331665
3,finetune_000112_v00,finetune_000112,FeH3(CO2)3,i2_uptake_mmol_g,density_g_cm3,0.001764722284860909
3,finetune_000112_v00,finetune_000112,FeH3(CO2)3,i2_uptake_mmol_g,nsites,0.02689015306532383
3,finetune_000112_v00,finetune_000112,FeH3(CO2)3,i2_uptake_mmol_g,nelements,-0.004787327256053686
3,finetune_000112_v00,finetune_000112,FeH3(CO2)3,i2_uptake_mmol_g,open_metal_site,-0.0
3,finetune_000112_v00,finetune_000112,FeH3(CO2)3,i2_uptake_mmol_g,has_functional_group,-0.11301388591527939
3,finetune_000112_v00,finetune_000112,FeH3(CO2)3,i2_uptake_mmol_g,mean_electronegativity_diff,0.0038247115444391966
3,finetune_000112_v00,finetune_000112,FeH3(CO2)3,i2_uptake_mmol_g,mean_atomic_radius_A,0.022953955456614494
3,finetune_000112_v00,finetune_000112,FeH3(CO2)3,i2_uptake_mmol_g,mean_atomic_number,-0.008749589323997498
3,finetune_000112_v00,finetune_000112,FeH3(CO2)3,i2_uptake_mmol_g,metal_fraction,-0.0032304103951901197
3,finetune_000051_v00,finetune_000051,CoHC4O3,xe_uptake_mmol_g,pore_volume_cm3_g,0.24355052411556244
3,finetune_000051_v00,finetune_000051,CoHC4O3,xe_uptake_mmol_g,void_fraction,0.18236437439918518
3,finetune_000051_v00,finetune_000051,CoHC4O3,xe_uptake_mmol_g,gravimetric_surface_area_m2_g,0.08753930032253265
3,finetune_000051_v00,finetune_000051,CoHC4O3,xe_uptake_mmol_g,volumetric_surface_area_m2_cm3,0.048733554780483246
3,finetune_000051_v00,finetune_000051,CoHC4O3,xe_uptake_mmol_g,lcd_A,0.0486946776509285
3,finetune_000051_v00,finetune_000051,CoHC4O3,xe_uptake_mmol_g,pld_A,0.03432472050189972
3,finetune_000051_v00,finetune_000051,CoHC4O3,xe_uptake_mmol_g,density_g_cm3,0.1291893869638443
3,finetune_000051_v00,finetune_000051,CoHC4O3,xe_uptake_mmol_g,nsites,0.10149157792329788
3,finetune_000051_v00,finetune_000051,CoHC4O3,xe_uptake_mmol_g,nelements,-0.0015824787551537156
3,finetune_000051_v00,finetune_000051,CoHC4O3,xe_uptake_mmol_g,open_metal_site,-0.0
3,finetune_000051_v00,finetune_000051,CoHC4O3,xe_uptake_mmol_g,has_functional_group,0.003500928170979023
3,finetune_000051_v00,finetune_000051,CoHC4O3,xe_uptake_mmol_g,mean_electronegativity_diff,-0.007545914966613054
3,finetune_000051_v00,finetune_000051,CoHC4O3,xe_uptake_mmol_g,mean_atomic_radius_A,-0.0032632939983159304
3,finetune_000051_v00,finetune_000051,CoHC4O3,xe_uptake_mmol_g,mean_atomic_number,-0.010708846151828766
3,finetune_000051_v00,finetune_000051,CoHC4O3,xe_uptake_mmol_g,metal_fraction,0.0651056319475174
3,finetune_000051_v00,finetune_000051,CoHC4O3,kr_uptake_mmol_g,pore_volume_cm3_g,0.24906879663467407
3,finetune_000051_v00,finetune_000051,CoHC4O3,kr_uptake_mmol_g,void_fraction,0.1807176172733307
3,finetune_000051_v00,finetune_000051,CoHC4O3,kr_uptake_mmol_g,gravimetric_surface_area_m2_g,0.08296970278024673
3,finetune_000051_v00,finetune_000051,CoHC4O3,kr_uptake_mmol_g,volumetric_surface_area_m2_cm3,0.04759583994746208
3,finetune_000051_v00,finetune_000051,CoHC4O3,kr_uptake_mmol_g,lcd_A,0.050688739866018295
3,finetune_000051_v00,finetune_000051,CoHC4O3,kr_uptake_mmol_g,pld_A,0.03752896934747696
3,finetune_000051_v00,finetune_000051,CoHC4O3,kr_uptake_mmol_g,density_g_cm3,0.14033299684524536
3,finetune_000051_v00,finetune_000051,CoHC4O3,kr_uptake_mmol_g,nsites,0.10547161847352982
3,finetune_000051_v00,finetune_000051,CoHC4O3,kr_uptake_mmol_g,nelements,0.002473741304129362
3,finetune_000051_v00,finetune_000051,CoHC4O3,kr_uptake_mmol_g,open_metal_site,-0.0
3,finetune_000051_v00,finetune_000051,CoHC4O3,kr_uptake_mmol_g,has_functional_group,0.0057719056494534016
3,finetune_000051_v00,finetune_000051,CoHC4O3,kr_uptake_mmol_g,mean_electronegativity_diff,-0.014625444076955318
3,finetune_000051_v00,finetune_000051,CoHC4O3,kr_uptake_mmol_g,mean_atomic_radius_A,-0.0037126631941646338
3,finetune_000051_v00,finetune_000051,CoHC4O3,kr_uptake_mmol_g,mean_atomic_number,-0.009846452623605728
3,finetune_000051_v00,finetune_000051,CoHC4O3,kr_uptake_mmol_g,metal_fraction,0.045778438448905945
3,finetune_000051_v00,finetune_000051,CoHC4O3,xe_kr_selectivity,pore_volume_cm3_g,0.07629524171352386
3,finetune_000051_v00,finetune_000051,CoHC4O3,xe_kr_selectivity,void_fraction,0.08022859692573547
3,finetune_000051_v00,finetune_000051,CoHC4O3,xe_kr_selectivity,gravimetric_surface_area_m2_g,0.013912323862314224
3,finetune_000051_v00,finetune_000051,CoHC4O3,xe_kr_selectivity,volumetric_surface_area_m2_cm3,0.018469035625457764
3,finetune_000051_v00,finetune_000051,CoHC4O3,xe_kr_selectivity,lcd_A,0.06279099732637405
3,finetune_000051_v00,finetune_000051,CoHC4O3,xe_kr_selectivity,pld_A,0.04809926450252533
3,finetune_000051_v00,finetune_000051,CoHC4O3,xe_kr_selectivity,density_g_cm3,-0.01023674476891756
3,finetune_000051_v00,finetune_000051,CoHC4O3,xe_kr_selectivity,nsites,0.05947844311594963
3,finetune_000051_v00,finetune_000051,CoHC4O3,xe_kr_selectivity,nelements,0.007056019734591246
3,finetune_000051_v00,finetune_000051,CoHC4O3,xe_kr_selectivity,open_metal_site,-0.0
3,finetune_000051_v00,finetune_000051,CoHC4O3,xe_kr_selectivity,has_functional_group,-0.017904993146657944
3,finetune_000051_v00,finetune_000051,CoHC4O3,xe_kr_selectivity,mean_electronegativity_diff,-0.01645110920071602
3,finetune_000051_v00,finetune_000051,CoHC4O3,xe_kr_selectivity,mean_atomic_radius_A,-0.002325361594557762
3,finetune_000051_v00,finetune_000051,CoHC4O3,xe_kr_selectivity,mean_atomic_number,-0.039951618760824203
3,finetune_000051_v00,finetune_000051,CoHC4O3,xe_kr_selectivity,metal_fraction,-0.050484586507081985
3,finetune_000051_v00,finetune_000051,CoHC4O3,i2_uptake_mmol_g,pore_volume_cm3_g,0.2058347910642624
3,finetune_000051_v00,finetune_000051,CoHC4O3,i2_uptake_mmol_g,void_fraction,0.15530171990394592
3,finetune_000051_v00,finetune_000051,CoHC4O3,i2_uptake_mmol_g,gravimetric_surface_area_m2_g,0.07712945342063904
3,finetune_000051_v00,finetune_000051,CoHC4O3,i2_uptake_mmol_g,volumetric_surface_area_m2_cm3,0.04834023118019104
3,finetune_000051_v00,finetune_000051,CoHC4O3,i2_uptake_mmol_g,lcd_A,0.046936556696891785
3,finetune_000051_v00,finetune_000051,CoHC4O3,i2_uptake_mmol_g,pld_A,0.04138113930821419
3,finetune_000051_v00,finetune_000051,CoHC4O3,i2_uptake_mmol_g,density_g_cm3,0.13337215781211853
3,finetune_000051_v00,finetune_000051,CoHC4O3,i2_uptake_mmol_g,nsites,0.10988031327724457
3,finetune_000051_v00,finetune_000051,CoHC4O3,i2_uptake_mmol_g,nelements,-0.003537579206749797
3,finetune_000051_v00,finetune_000051,CoHC4O3,i2_uptake_mmol_g,open_metal_site,-0.0
3,finetune_000051_v00,finetune_000051,CoHC4O3,i2_uptake_mmol_g,has_functional_group,-0.2507169842720032
3,finetune_000051_v00,finetune_000051,CoHC4O3,i2_uptake_mmol_g,mean_electronegativity_diff,-0.011856871657073498
3,finetune_000051_v00,finetune_000051,CoHC4O3,i2_uptake_mmol_g,mean_atomic_radius_A,-0.0035506635904312134
3,finetune_000051_v00,finetune_000051,CoHC4O3,i2_uptake_mmol_g,mean_atomic_number,-0.00043833800009451807
3,finetune_000051_v00,finetune_000051,CoHC4O3,i2_uptake_mmol_g,metal_fraction,0.04850776121020317
3,finetune_000038_v00,finetune_000038,CoHC4O3,xe_uptake_mmol_g,pore_volume_cm3_g,0.24355052411556244
3,finetune_000038_v00,finetune_000038,CoHC4O3,xe_uptake_mmol_g,void_fraction,0.18236437439918518
3,finetune_000038_v00,finetune_000038,CoHC4O3,xe_uptake_mmol_g,gravimetric_surface_area_m2_g,0.08753930032253265
3,finetune_000038_v00,finetune_000038,CoHC4O3,xe_uptake_mmol_g,volumetric_surface_area_m2_cm3,0.048733554780483246
3,finetune_000038_v00,finetune_000038,CoHC4O3,xe_uptake_mmol_g,lcd_A,0.048694681376218796
3,finetune_000038_v00,finetune_000038,CoHC4O3,xe_uptake_mmol_g,pld_A,0.03432472050189972
3,finetune_000038_v00,finetune_000038,CoHC4O3,xe_uptake_mmol_g,density_g_cm3,0.1291893869638443
3,finetune_000038_v00,finetune_000038,CoHC4O3,xe_uptake_mmol_g,nsites,0.10149157792329788
3,finetune_000038_v00,finetune_000038,CoHC4O3,xe_uptake_mmol_g,nelements,-0.0015824787551537156
3,finetune_000038_v00,finetune_000038,CoHC4O3,xe_uptake_mmol_g,open_metal_site,-0.0
3,finetune_000038_v00,finetune_000038,CoHC4O3,xe_uptake_mmol_g,has_functional_group,0.0035009277053177357
3,finetune_000038_v00,finetune_000038,CoHC4O3,xe_uptake_mmol_g,mean_electronegativity_diff,-0.007545914966613054
3,finetune_000038_v00,finetune_000038,CoHC4O3,xe_uptake_mmol_g,mean_atomic_radius_A,-0.003263294231146574
3,finetune_000038_v00,finetune_000038,CoHC4O3,xe_uptake_mmol_g,mean_atomic_number,-0.010708846151828766
3,finetune_000038_v00,finetune_000038,CoHC4O3,xe_uptake_mmol_g,metal_fraction,0.0651056319475174
3,finetune_000038_v00,finetune_000038,CoHC4O3,kr_uptake_mmol_g,pore_volume_cm3_g,0.24906879663467407
3,finetune_000038_v00,finetune_000038,CoHC4O3,kr_uptake_mmol_g,void_fraction,0.1807176172733307
3,finetune_000038_v00,finetune_000038,CoHC4O3,kr_uptake_mmol_g,gravimetric_surface_area_m2_g,0.08296970278024673
3,finetune_000038_v00,finetune_000038,CoHC4O3,kr_uptake_mmol_g,volumetric_surface_area_m2_cm3,0.04759583994746208
3,finetune_000038_v00,finetune_000038,CoHC4O3,kr_uptake_mmol_g,lcd_A,0.050688739866018295
3,finetune_000038_v00,finetune_000038,CoHC4O3,kr_uptake_mmol_g,pld_A,0.03752896934747696
3,finetune_000038_v00,finetune_000038,CoHC4O3,kr_uptake_mmol_g,density_g_cm3,0.14033299684524536
3,finetune_000038_v00,finetune_000038,CoHC4O3,kr_uptake_mmol_g,nsites,0.10547161847352982
3,finetune_000038_v00,finetune_000038,CoHC4O3,kr_uptake_mmol_g,nelements,0.002473740605637431
3,finetune_000038_v00,finetune_000038,CoHC4O3,kr_uptake_mmol_g,open_metal_site,-0.0
3,finetune_000038_v00,finetune_000038,CoHC4O3,kr_uptake_mmol_g,has_functional_group,0.005771906580775976
3,finetune_000038_v00,finetune_000038,CoHC4O3,kr_uptake_mmol_g,mean_electronegativity_diff,-0.014625445008277893
3,finetune_000038_v00,finetune_000038,CoHC4O3,kr_uptake_mmol_g,mean_atomic_radius_A,-0.0037126634269952774
3,finetune_000038_v00,finetune_000038,CoHC4O3,kr_uptake_mmol_g,mean_atomic_number,-0.009846450760960579
3,finetune_000038_v00,finetune_000038,CoHC4O3,kr_uptake_mmol_g,metal_fraction,0.045778438448905945
3,finetune_000038_v00,finetune_000038,CoHC4O3,xe_kr_selectivity,pore_volume_cm3_g,0.07629524171352386
3,finetune_000038_v00,finetune_000038,CoHC4O3,xe_kr_selectivity,void_fraction,0.08022859692573547
3,finetune_000038_v00,finetune_000038,CoHC4O3,xe_kr_selectivity,gravimetric_surface_area_m2_g,0.013912325724959373
3,finetune_000038_v00,finetune_000038,CoHC4O3,xe_kr_selectivity,volumetric_surface_area_m2_cm3,0.018469037488102913
3,finetune_000038_v00,finetune_000038,CoHC4O3,xe_kr_selectivity,lcd_A,0.06279099732637405
3,finetune_000038_v00,finetune_000038,CoHC4O3,xe_kr_selectivity,pld_A,0.048099271953105927
3,finetune_000038_v00,finetune_000038,CoHC4O3,xe_kr_selectivity,density_g_cm3,-0.01023674476891756
3,finetune_000038_v00,finetune_000038,CoHC4O3,xe_kr_selectivity,nsites,0.05947844311594963
3,finetune_000038_v00,finetune_000038,CoHC4O3,xe_kr_selectivity,nelements,0.007056018803268671
3,finetune_000038_v00,finetune_000038,CoHC4O3,xe_kr_selectivity,open_metal_site,-0.0
3,finetune_000038_v00,finetune_000038,CoHC4O3,xe_kr_selectivity,has_functional_group,-0.017904995009303093
3,finetune_000038_v00,finetune_000038,CoHC4O3,xe_kr_selectivity,mean_electronegativity_diff,-0.01645110733807087
3,finetune_000038_v00,finetune_000038,CoHC4O3,xe_kr_selectivity,mean_atomic_radius_A,-0.002325361827388406
3,finetune_000038_v00,finetune_000038,CoHC4O3,xe_kr_selectivity,mean_atomic_number,-0.039951615035533905
3,finetune_000038_v00,finetune_000038,CoHC4O3,xe_kr_selectivity,metal_fraction,-0.050484586507081985
3,finetune_000038_v00,finetune_000038,CoHC4O3,i2_uptake_mmol_g,pore_volume_cm3_g,0.2058347910642624
3,finetune_000038_v00,finetune_000038,CoHC4O3,i2_uptake_mmol_g,void_fraction,0.15530171990394592
3,finetune_000038_v00,finetune_000038,CoHC4O3,i2_uptake_mmol_g,gravimetric_surface_area_m2_g,0.07712945342063904
3,finetune_000038_v00,finetune_000038,CoHC4O3,i2_uptake_mmol_g,volumetric_surface_area_m2_cm3,0.04834023118019104
3,finetune_000038_v00,finetune_000038,CoHC4O3,i2_uptake_mmol_g,lcd_A,0.046936556696891785
3,finetune_000038_v00,finetune_000038,CoHC4O3,i2_uptake_mmol_g,pld_A,0.041381146758794785
3,finetune_000038_v00,finetune_000038,CoHC4O3,i2_uptake_mmol_g,density_g_cm3,0.13337215781211853
3,finetune_000038_v00,finetune_000038,CoHC4O3,i2_uptake_mmol_g,nsites,0.10988031327724457
3,finetune_000038_v00,finetune_000038,CoHC4O3,i2_uptake_mmol_g,nelements,-0.003537578508257866
3,finetune_000038_v00,finetune_000038,CoHC4O3,i2_uptake_mmol_g,open_metal_site,-0.0
3,finetune_000038_v00,finetune_000038,CoHC4O3,i2_uptake_mmol_g,has_functional_group,-0.2507169842720032
3,finetune_000038_v00,finetune_000038,CoHC4O3,i2_uptake_mmol_g,mean_electronegativity_diff,-0.011856870725750923
3,finetune_000038_v00,finetune_000038,CoHC4O3,i2_uptake_mmol_g,mean_atomic_radius_A,-0.0035506635904312134
3,finetune_000038_v00,finetune_000038,CoHC4O3,i2_uptake_mmol_g,mean_atomic_number,-0.00043833800009451807
3,finetune_000038_v00,finetune_000038,CoHC4O3,i2_uptake_mmol_g,metal_fraction,0.04850776493549347
3,finetune_000195_v00,finetune_000195,CoHC4O3,xe_uptake_mmol_g,pore_volume_cm3_g,0.24355052411556244
3,finetune_000195_v00,finetune_000195,CoHC4O3,xe_uptake_mmol_g,void_fraction,0.18236437439918518
3,finetune_000195_v00,finetune_000195,CoHC4O3,xe_uptake_mmol_g,gravimetric_surface_area_m2_g,0.08753930032253265
3,finetune_000195_v00,finetune_000195,CoHC4O3,xe_uptake_mmol_g,volumetric_surface_area_m2_cm3,0.048733554780483246
3,finetune_000195_v00,finetune_000195,CoHC4O3,xe_uptake_mmol_g,lcd_A,0.0486946776509285
3,finetune_000195_v00,finetune_000195,CoHC4O3,xe_uptake_mmol_g,pld_A,0.03432472050189972
3,finetune_000195_v00,finetune_000195,CoHC4O3,xe_uptake_mmol_g,density_g_cm3,0.1291893869638443
3,finetune_000195_v00,finetune_000195,CoHC4O3,xe_uptake_mmol_g,nsites,0.10149157792329788
3,finetune_000195_v00,finetune_000195,CoHC4O3,xe_uptake_mmol_g,nelements,-0.0015824780566617846
3,finetune_000195_v00,finetune_000195,CoHC4O3,xe_uptake_mmol_g,open_metal_site,-0.0
3,finetune_000195_v00,finetune_000195,CoHC4O3,xe_uptake_mmol_g,has_functional_group,0.0035009272396564484
3,finetune_000195_v00,finetune_000195,CoHC4O3,xe_uptake_mmol_g,mean_electronegativity_diff,-0.007545914966613054
3,finetune_000195_v00,finetune_000195,CoHC4O3,xe_uptake_mmol_g,mean_atomic_radius_A,-0.003263294231146574
3,finetune_000195_v00,finetune_000195,CoHC4O3,xe_uptake_mmol_g,mean_atomic_number,-0.010708846151828766
3,finetune_000195_v00,finetune_000195,CoHC4O3,xe_uptake_mmol_g,metal_fraction,0.0651056319475174
3,finetune_000195_v00,finetune_000195,CoHC4O3,kr_uptake_mmol_g,pore_volume_cm3_g,0.24906879663467407
3,finetune_000195_v00,finetune_000195,CoHC4O3,kr_uptake_mmol_g,void_fraction,0.1807176172733307
3,finetune_000195_v00,finetune_000195,CoHC4O3,kr_uptake_mmol_g,gravimetric_surface_area_m2_g,0.08296970278024673
3,finetune_000195_v00,finetune_000195,CoHC4O3,kr_uptake_mmol_g,volumetric_surface_area_m2_cm3,0.04759583994746208
3,finetune_000195_v00,finetune_000195,CoHC4O3,kr_uptake_mmol_g,lcd_A,0.050688739866018295
3,finetune_000195_v00,finetune_000195,CoHC4O3,kr_uptake_mmol_g,pld_A,0.03752896934747696
3,finetune_000195_v00,finetune_000195,CoHC4O3,kr_uptake_mmol_g,density_g_cm3,0.14033299684524536
3,finetune_000195_v00,finetune_000195,CoHC4O3,kr_uptake_mmol_g,nsites,0.10547161847352982
3,finetune_000195_v00,finetune_000195,CoHC4O3,kr_uptake_mmol_g,nelements,0.0024737410712987185
3,finetune_000195_v00,finetune_000195,CoHC4O3,kr_uptake_mmol_g,open_metal_site,-0.0
3,finetune_000195_v00,finetune_000195,CoHC4O3,kr_uptake_mmol_g,has_functional_group,0.005771906580775976
3,finetune_000195_v00,finetune_000195,CoHC4O3,kr_uptake_mmol_g,mean_electronegativity_diff,-0.014625444076955318
3,finetune_000195_v00,finetune_000195,CoHC4O3,kr_uptake_mmol_g,mean_atomic_radius_A,-0.0037126631941646338
3,finetune_000195_v00,finetune_000195,CoHC4O3,kr_uptake_mmol_g,mean_atomic_number,-0.009846450760960579
3,finetune_000195_v00,finetune_000195,CoHC4O3,kr_uptake_mmol_g,metal_fraction,0.045778438448905945
3,finetune_000195_v00,finetune_000195,CoHC4O3,xe_kr_selectivity,pore_volume_cm3_g,0.07629524916410446
3,finetune_000195_v00,finetune_000195,CoHC4O3,xe_kr_selectivity,void_fraction,0.08022859692573547
3,finetune_000195_v00,finetune_000195,CoHC4O3,xe_kr_selectivity,gravimetric_surface_area_m2_g,0.013912325724959373
3,finetune_000195_v00,finetune_000195,CoHC4O3,xe_kr_selectivity,volumetric_surface_area_m2_cm3,0.018469035625457764
3,finetune_000195_v00,finetune_000195,CoHC4O3,xe_kr_selectivity,lcd_A,0.06279099732637405
3,finetune_000195_v00,finetune_000195,CoHC4O3,xe_kr_selectivity,pld_A,0.048099271953105927
3,finetune_000195_v00,finetune_000195,CoHC4O3,xe_kr_selectivity,density_g_cm3,-0.010236743837594986
3,finetune_000195_v00,finetune_000195,CoHC4O3,xe_kr_selectivity,nsites,0.059478458017110825
3,finetune_000195_v00,finetune_000195,CoHC4O3,xe_kr_selectivity,nelements,0.007056020200252533
3,finetune_000195_v00,finetune_000195,CoHC4O3,xe_kr_selectivity,open_metal_site,-0.0
3,finetune_000195_v00,finetune_000195,CoHC4O3,xe_kr_selectivity,has_functional_group,-0.017904995009303093
3,finetune_000195_v00,finetune_000195,CoHC4O3,xe_kr_selectivity,mean_electronegativity_diff,-0.01645110733807087
3,finetune_000195_v00,finetune_000195,CoHC4O3,xe_kr_selectivity,mean_atomic_radius_A,-0.002325361827388406
3,finetune_000195_v00,finetune_000195,CoHC4O3,xe_kr_selectivity,mean_atomic_number,-0.039951618760824203
3,finetune_000195_v00,finetune_000195,CoHC4O3,xe_kr_selectivity,metal_fraction,-0.050484590232372284
3,finetune_000195_v00,finetune_000195,CoHC4O3,i2_uptake_mmol_g,pore_volume_cm3_g,0.2058347910642624
3,finetune_000195_v00,finetune_000195,CoHC4O3,i2_uptake_mmol_g,void_fraction,0.15530171990394592
3,finetune_000195_v00,finetune_000195,CoHC4O3,i2_uptake_mmol_g,gravimetric_surface_area_m2_g,0.07712945342063904
3,finetune_000195_v00,finetune_000195,CoHC4O3,i2_uptake_mmol_g,volumetric_surface_area_m2_cm3,0.04834023118019104
3,finetune_000195_v00,finetune_000195,CoHC4O3,i2_uptake_mmol_g,lcd_A,0.046936556696891785
3,finetune_000195_v00,finetune_000195,CoHC4O3,i2_uptake_mmol_g,pld_A,0.04138113930821419
3,finetune_000195_v00,finetune_000195,CoHC4O3,i2_uptake_mmol_g,density_g_cm3,0.13337215781211853
3,finetune_000195_v00,finetune_000195,CoHC4O3,i2_uptake_mmol_g,nsites,0.10988031327724457
3,finetune_000195_v00,finetune_000195,CoHC4O3,i2_uptake_mmol_g,nelements,-0.003537578508257866
3,finetune_000195_v00,finetune_000195,CoHC4O3,i2_uptake_mmol_g,open_metal_site,-0.0
3,finetune_000195_v00,finetune_000195,CoHC4O3,i2_uptake_mmol_g,has_functional_group,-0.2507169842720032
3,finetune_000195_v00,finetune_000195,CoHC4O3,i2_uptake_mmol_g,mean_electronegativity_diff,-0.011856871657073498
3,finetune_000195_v00,finetune_000195,CoHC4O3,i2_uptake_mmol_g,mean_atomic_radius_A,-0.003550663823261857
3,finetune_000195_v00,finetune_000195,CoHC4O3,i2_uptake_mmol_g,mean_atomic_number,-0.0004383380291983485
3,finetune_000195_v00,finetune_000195,CoHC4O3,i2_uptake_mmol_g,metal_fraction,0.04850776121020317
3,finetune_000029_v00,finetune_000029,PrH4(C3O4)2,xe_uptake_mmol_g,pore_volume_cm3_g,-0.17717164754867554
3,finetune_000029_v00,finetune_000029,PrH4(C3O4)2,xe_uptake_mmol_g,void_fraction,-0.16820557415485382
3,finetune_000029_v00,finetune_000029,PrH4(C3O4)2,xe_uptake_mmol_g,gravimetric_surface_area_m2_g,-0.11201740056276321
3,finetune_000029_v00,finetune_000029,PrH4(C3O4)2,xe_uptake_mmol_g,volumetric_surface_area_m2_cm3,-0.10774418711662292
3,finetune_000029_v00,finetune_000029,PrH4(C3O4)2,xe_uptake_mmol_g,lcd_A,-0.05897166207432747
3,finetune_000029_v00,finetune_000029,PrH4(C3O4)2,xe_uptake_mmol_g,pld_A,-0.08331049233675003
3,finetune_000029_v00,finetune_000029,PrH4(C3O4)2,xe_uptake_mmol_g,density_g_cm3,-0.09198220819234848
3,finetune_000029_v00,finetune_000029,PrH4(C3O4)2,xe_uptake_mmol_g,nsites,0.048838306218385696
3,finetune_000029_v00,finetune_000029,PrH4(C3O4)2,xe_uptake_mmol_g,nelements,-0.0032006578985601664
3,finetune_000029_v00,finetune_000029,PrH4(C3O4)2,xe_uptake_mmol_g,open_metal_site,-0.0
3,finetune_000029_v00,finetune_000029,PrH4(C3O4)2,xe_uptake_mmol_g,has_functional_group,0.013752312399446964
3,finetune_000029_v00,finetune_000029,PrH4(C3O4)2,xe_uptake_mmol_g,mean_electronegativity_diff,-0.005896054673939943
3,finetune_000029_v00,finetune_000029,PrH4(C3O4)2,xe_uptake_mmol_g,mean_atomic_radius_A,0.015132494270801544
3,finetune_000029_v00,finetune_000029,PrH4(C3O4)2,xe_uptake_mmol_g,mean_atomic_number,-0.004128431435674429
3,finetune_000029_v00,finetune_000029,PrH4(C3O4)2,xe_uptake_mmol_g,metal_fraction,-0.03606349974870682
3,finetune_000029_v00,finetune_000029,PrH4(C3O4)2,kr_uptake_mmol_g,pore_volume_cm3_g,-0.19172373414039612
3,finetune_000029_v00,finetune_000029,PrH4(C3O4)2,kr_uptake_mmol_g,void_fraction,-0.16717150807380676
3,finetune_000029_v00,finetune_000029,PrH4(C3O4)2,kr_uptake_mmol_g,gravimetric_surface_area_m2_g,-0.0992657020688057
3,finetune_000029_v00,finetune_000029,PrH4(C3O4)2,kr_uptake_mmol_g,volumetric_surface_area_m2_cm3,-0.11606346070766449
3,finetune_000029_v00,finetune_000029,PrH4(C3O4)2,kr_uptake_mmol_g,lcd_A,-0.0713825523853302
3,finetune_000029_v00,finetune_000029,PrH4(C3O4)2,kr_uptake_mmol_g,pld_A,-0.1061205267906189
3,finetune_000029_v00,finetune_000029,PrH4(C3O4)2,kr_uptake_mmol_g,density_g_cm3,-0.09409831464290619
3,finetune_000029_v00,finetune_000029,PrH4(C3O4)2,kr_uptake_mmol_g,nsites,0.048611246049404144
3,finetune_000029_v00,finetune_000029,PrH4(C3O4)2,kr_uptake_mmol_g,nelements,-0.0011576642282307148
3,finetune_000029_v00,finetune_000029,PrH4(C3O4)2,kr_uptake_mmol_g,open_metal_site,-0.0
3,finetune_000029_v00,finetune_000029,PrH4(C3O4)2,kr_uptake_mmol_g,has_functional_group,0.007344342768192291
3,finetune_000029_v00,finetune_000029,PrH4(C3O4)2,kr_uptake_mmol_g,mean_electronegativity_diff,0.0017453577602282166
3,finetune_000029_v00,finetune_000029,PrH4(C3O4)2,kr_uptake_mmol_g,mean_atomic_radius_A,0.014121290296316147
3,finetune_000029_v00,finetune_000029,PrH4(C3O4)2,kr_uptake_mmol_g,mean_atomic_number,-0.0049473135732114315
3,finetune_000029_v00,finetune_000029,PrH4(C3O4)2,kr_uptake_mmol_g,metal_fraction,-0.021059585735201836
3,finetune_000029_v00,finetune_000029,PrH4(C3O4)2,xe_kr_selectivity,pore_volume_cm3_g,-0.10628936439752579
3,finetune_000029_v00,finetune_000029,PrH4(C3O4)2,xe_kr_selectivity,void_fraction,-0.15073838829994202
3,finetune_000029_v00,finetune_000029,PrH4(C3O4)2,xe_kr_selectivity,gravimetric_surface_area_m2_g,-0.051901157945394516
3,finetune_000029_v00,finetune_000029,PrH4(C3O4)2,xe_kr_selectivity,volumetric_surface_area_m2_cm3,-0.08255865424871445
3,finetune_000029_v00,finetune_000029,PrH4(C3O4)2,xe_kr_selectivity,lcd_A,-0.1318502426147461
3,finetune_000029_v00,finetune_000029,PrH4(C3O4)2,xe_kr_selectivity,pld_A,-0.2019335925579071
3,finetune_000029_v00,finetune_000029,PrH4(C3O4)2,xe_kr_selectivity,density_g_cm3,0.00853726826608181
3,finetune_000029_v00,finetune_000029,PrH4(C3O4)2,xe_kr_selectivity,nsites,0.051340825855731964
3,finetune_000029_v00,finetune_000029,PrH4(C3O4)2,xe_kr_selectivity,nelements,0.003601705888286233
3,finetune_000029_v00,finetune_000029,PrH4(C3O4)2,xe_kr_selectivity,open_metal_site,-0.0
3,finetune_000029_v00,finetune_000029,PrH4(C3O4)2,xe_kr_selectivity,has_functional_group,0.0038907001726329327
3,finetune_000029_v00,finetune_000029,PrH4(C3O4)2,xe_kr_selectivity,mean_electronegativity_diff,0.007029801141470671
3,finetune_000029_v00,finetune_000029,PrH4(C3O4)2,xe_kr_selectivity,mean_atomic_radius_A,0.023864835500717163
3,finetune_000029_v00,finetune_000029,PrH4(C3O4)2,xe_kr_selectivity,mean_atomic_number,-0.022986913099884987
3,finetune_000029_v00,finetune_000029,PrH4(C3O4)2,xe_kr_selectivity,metal_fraction,0.03209136798977852
3,finetune_000029_v00,finetune_000029,PrH4(C3O4)2,i2_uptake_mmol_g,pore_volume_cm3_g,-0.15762193500995636
3,finetune_000029_v00,finetune_000029,PrH4(C3O4)2,i2_uptake_mmol_g,void_fraction,-0.1571970283985138
3,finetune_000029_v00,finetune_000029,PrH4(C3O4)2,i2_uptake_mmol_g,gravimetric_surface_area_m2_g,-0.10678767412900925
3,finetune_000029_v00,finetune_000029,PrH4(C3O4)2,i2_uptake_mmol_g,volumetric_surface_area_m2_cm3,-0.10372184962034225
3,finetune_000029_v00,finetune_000029,PrH4(C3O4)2,i2_uptake_mmol_g,lcd_A,-0.06965130567550659
3,finetune_000029_v00,finetune_000029,PrH4(C3O4)2,i2_uptake_mmol_g,pld_A,-0.11137853562831879
3,finetune_000029_v00,finetune_000029,PrH4(C3O4)2,i2_uptake_mmol_g,density_g_cm3,-0.07641300559043884
3,finetune_000029_v00,finetune_000029,PrH4(C3O4)2,i2_uptake_mmol_g,nsites,0.04847258701920509
3,finetune_000029_v00,finetune_000029,PrH4(C3O4)2,i2_uptake_mmol_g,nelements,-0.005200668703764677
3,finetune_000029_v00,finetune_000029,PrH4(C3O4)2,i2_uptake_mmol_g,open_metal_site,-0.0
3,finetune_000029_v00,finetune_000029,PrH4(C3O4)2,i2_uptake_mmol_g,has_functional_group,-0.10551785677671432
3,finetune_000029_v00,finetune_000029,PrH4(C3O4)2,i2_uptake_mmol_g,mean_electronegativity_diff,-0.0048994640819728374
3,finetune_000029_v00,finetune_000029,PrH4(C3O4)2,i2_uptake_mmol_g,mean_atomic_radius_A,0.017088668420910835
3,finetune_000029_v00,finetune_000029,PrH4(C3O4)2,i2_uptake_mmol_g,mean_atomic_number,-0.002039179438725114
3,finetune_000029_v00,finetune_000029,PrH4(C3O4)2,i2_uptake_mmol_g,metal_fraction,-0.02090645395219326
3,finetune_000210_v00,finetune_000210,EuHC6N2O5,xe_uptake_mmol_g,pore_volume_cm3_g,-0.16669245064258575
3,finetune_000210_v00,finetune_000210,EuHC6N2O5,xe_uptake_mmol_g,void_fraction,-0.15572555363178253
3,finetune_000210_v00,finetune_000210,EuHC6N2O5,xe_uptake_mmol_g,gravimetric_surface_area_m2_g,-0.10221560299396515
3,finetune_000210_v00,finetune_000210,EuHC6N2O5,xe_uptake_mmol_g,volumetric_surface_area_m2_cm3,-0.09986940026283264
3,finetune_000210_v00,finetune_000210,EuHC6N2O5,xe_uptake_mmol_g,lcd_A,-0.06260810792446136
3,finetune_000210_v00,finetune_000210,EuHC6N2O5,xe_uptake_mmol_g,pld_A,-0.08805817365646362
3,finetune_000210_v00,finetune_000210,EuHC6N2O5,xe_uptake_mmol_g,density_g_cm3,-0.09155938029289246
3,finetune_000210_v00,finetune_000210,EuHC6N2O5,xe_uptake_mmol_g,nsites,-0.010703549720346928
3,finetune_000210_v00,finetune_000210,EuHC6N2O5,xe_uptake_mmol_g,nelements,0.006413080729544163
3,finetune_000210_v00,finetune_000210,EuHC6N2O5,xe_uptake_mmol_g,open_metal_site,-0.0
3,finetune_000210_v00,finetune_000210,EuHC6N2O5,xe_uptake_mmol_g,has_functional_group,0.015217035077512264
3,finetune_000210_v00,finetune_000210,EuHC6N2O5,xe_uptake_mmol_g,mean_electronegativity_diff,-0.0034481030888855457
3,finetune_000210_v00,finetune_000210,EuHC6N2O5,xe_uptake_mmol_g,mean_atomic_radius_A,-0.008599242195487022
3,finetune_000210_v00,finetune_000210,EuHC6N2O5,xe_uptake_mmol_g,mean_atomic_number,0.009451556019484997
3,finetune_000210_v00,finetune_000210,EuHC6N2O5,xe_uptake_mmol_g,metal_fraction,-0.01743742823600769
3,finetune_000210_v00,finetune_000210,EuHC6N2O5,kr_uptake_mmol_g,pore_volume_cm3_g,-0.1794961541891098
3,finetune_000210_v00,finetune_000210,EuHC6N2O5,kr_uptake_mmol_g,void_fraction,-0.15262219309806824
3,finetune_000210_v00,finetune_000210,EuHC6N2O5,kr_uptake_mmol_g,gravimetric_surface_area_m2_g,-0.0893816202878952
3,finetune_000210_v00,finetune_000210,EuHC6N2O5,kr_uptake_mmol_g,volumetric_surface_area_m2_cm3,-0.10740815103054047
3,finetune_000210_v00,finetune_000210,EuHC6N2O5,kr_uptake_mmol_g,lcd_A,-0.07276000827550888
3,finetune_000210_v00,finetune_000210,EuHC6N2O5,kr_uptake_mmol_g,pld_A,-0.10841803252696991
3,finetune_000210_v00,finetune_000210,EuHC6N2O5,kr_uptake_mmol_g,density_g_cm3,-0.09579625725746155
3,finetune_000210_v00,finetune_000210,EuHC6N2O5,kr_uptake_mmol_g,nsites,-0.01058928668498993
3,finetune_000210_v00,finetune_000210,EuHC6N2O5,kr_uptake_mmol_g,nelements,0.0021651152055710554
3,finetune_000210_v00,finetune_000210,EuHC6N2O5,kr_uptake_mmol_g,open_metal_site,-0.0
3,finetune_000210_v00,finetune_000210,EuHC6N2O5,kr_uptake_mmol_g,has_functional_group,0.00793139636516571
3,finetune_000210_v00,finetune_000210,EuHC6N2O5,kr_uptake_mmol_g,mean_electronegativity_diff,0.00035531955654732883
3,finetune_000210_v00,finetune_000210,EuHC6N2O5,kr_uptake_mmol_g,mean_atomic_radius_A,-0.008268395438790321
3,finetune_000210_v00,finetune_000210,EuHC6N2O5,kr_uptake_mmol_g,mean_atomic_number,0.010761638171970844
3,finetune_000210_v00,finetune_000210,EuHC6N2O5,kr_uptake_mmol_g,metal_fraction,-0.010269373655319214
3,finetune_000210_v00,finetune_000210,EuHC6N2O5,xe_kr_selectivity,pore_volume_cm3_g,-0.11881484091281891
3,finetune_000210_v00,finetune_000210,EuHC6N2O5,xe_kr_selectivity,void_fraction,-0.15591414272785187
3,finetune_000210_v00,finetune_000210,EuHC6N2O5,xe_kr_selectivity,gravimetric_surface_area_m2_g,-0.061083436012268066
3,finetune_000210_v00,finetune_000210,EuHC6N2O5,xe_kr_selectivity,volumetric_surface_area_m2_cm3,-0.09868139773607254
3,finetune_000210_v00,finetune_000210,EuHC6N2O5,xe_kr_selectivity,lcd_A,-0.15522679686546326
3,finetune_000210_v00,finetune_000210,EuHC6N2O5,xe_kr_selectivity,pld_A,-0.23531360924243927
3,finetune_000210_v00,finetune_000210,EuHC6N2O5,xe_kr_selectivity,density_g_cm3,0.002994131064042449
3,finetune_000210_v00,finetune_000210,EuHC6N2O5,xe_kr_selectivity,nsites,-0.013200236484408379
3,finetune_000210_v00,finetune_000210,EuHC6N2O5,xe_kr_selectivity,nelements,-0.009149325080215931
3,finetune_000210_v00,finetune_000210,EuHC6N2O5,xe_kr_selectivity,open_metal_site,-0.0
3,finetune_000210_v00,finetune_000210,EuHC6N2O5,xe_kr_selectivity,has_functional_group,0.001683741807937622
3,finetune_000210_v00,finetune_000210,EuHC6N2O5,xe_kr_selectivity,mean_electronegativity_diff,0.0033633552957326174
3,finetune_000210_v00,finetune_000210,EuHC6N2O5,xe_kr_selectivity,mean_atomic_radius_A,-0.01269461028277874
3,finetune_000210_v00,finetune_000210,EuHC6N2O5,xe_kr_selectivity,mean_atomic_number,0.06284042447805405
3,finetune_000210_v00,finetune_000210,EuHC6N2O5,xe_kr_selectivity,metal_fraction,0.013802247121930122
3,finetune_000210_v00,finetune_000210,EuHC6N2O5,i2_uptake_mmol_g,pore_volume_cm3_g,-0.15564784407615662
3,finetune_000210_v00,finetune_000210,EuHC6N2O5,i2_uptake_mmol_g,void_fraction,-0.14788103103637695
3,finetune_000210_v00,finetune_000210,EuHC6N2O5,i2_uptake_mmol_g,gravimetric_surface_area_m2_g,-0.10149519145488739
3,finetune_000210_v00,finetune_000210,EuHC6N2O5,i2_uptake_mmol_g,volumetric_surface_area_m2_cm3,-0.09960963577032089
3,finetune_000210_v00,finetune_000210,EuHC6N2O5,i2_uptake_mmol_g,lcd_A,-0.07581716030836105
3,finetune_000210_v00,finetune_000210,EuHC6N2O5,i2_uptake_mmol_g,pld_A,-0.12291041761636734
3,finetune_000210_v00,finetune_000210,EuHC6N2O5,i2_uptake_mmol_g,density_g_cm3,-0.07654812932014465
3,finetune_000210_v00,finetune_000210,EuHC6N2O5,i2_uptake_mmol_g,nsites,-0.012304817326366901
3,finetune_000210_v00,finetune_000210,EuHC6N2O5,i2_uptake_mmol_g,nelements,0.010809686966240406
3,finetune_000210_v00,finetune_000210,EuHC6N2O5,i2_uptake_mmol_g,open_metal_site,-0.0
3,finetune_000210_v00,finetune_000210,EuHC6N2O5,i2_uptake_mmol_g,has_functional_group,-0.10459085553884506
3,finetune_000210_v00,finetune_000210,EuHC6N2O5,i2_uptake_mmol_g,mean_electronegativity_diff,-0.0021003151778131723
3,finetune_000210_v00,finetune_000210,EuHC6N2O5,i2_uptake_mmol_g,mean_atomic_radius_A,-0.010467812418937683
3,finetune_000210_v00,finetune_000210,EuHC6N2O5,i2_uptake_mmol_g,mean_atomic_number,0.003896556328982115
3,finetune_000210_v00,finetune_000210,EuHC6N2O5,i2_uptake_mmol_g,metal_fraction,-0.010714482516050339
3,finetune_000117_v00,finetune_000117,EuHC6N2O5,xe_uptake_mmol_g,pore_volume_cm3_g,-0.16669245064258575
3,finetune_000117_v00,finetune_000117,EuHC6N2O5,xe_uptake_mmol_g,void_fraction,-0.15572555363178253
3,finetune_000117_v00,finetune_000117,EuHC6N2O5,xe_uptake_mmol_g,gravimetric_surface_area_m2_g,-0.10221560299396515
3,finetune_000117_v00,finetune_000117,EuHC6N2O5,xe_uptake_mmol_g,volumetric_surface_area_m2_cm3,-0.09986940026283264
3,finetune_000117_v00,finetune_000117,EuHC6N2O5,xe_uptake_mmol_g,lcd_A,-0.06260810792446136
3,finetune_000117_v00,finetune_000117,EuHC6N2O5,xe_uptake_mmol_g,pld_A,-0.08805817365646362
3,finetune_000117_v00,finetune_000117,EuHC6N2O5,xe_uptake_mmol_g,density_g_cm3,-0.09155938029289246
3,finetune_000117_v00,finetune_000117,EuHC6N2O5,xe_uptake_mmol_g,nsites,-0.010703550651669502
3,finetune_000117_v00,finetune_000117,EuHC6N2O5,xe_uptake_mmol_g,nelements,0.006413079798221588
3,finetune_000117_v00,finetune_000117,EuHC6N2O5,xe_uptake_mmol_g,open_metal_site,-0.0
3,finetune_000117_v00,finetune_000117,EuHC6N2O5,xe_uptake_mmol_g,has_functional_group,0.015217036008834839
3,finetune_000117_v00,finetune_000117,EuHC6N2O5,xe_uptake_mmol_g,mean_electronegativity_diff,-0.0034481030888855457
3,finetune_000117_v00,finetune_000117,EuHC6N2O5,xe_uptake_mmol_g,mean_atomic_radius_A,-0.008599242195487022
3,finetune_000117_v00,finetune_000117,EuHC6N2O5,xe_uptake_mmol_g,mean_atomic_number,0.009451556019484997
3,finetune_000117_v00,finetune_000117,EuHC6N2O5,xe_uptake_mmol_g,metal_fraction,-0.01743743009865284
3,finetune_000117_v00,finetune_000117,EuHC6N2O5,kr_uptake_mmol_g,pore_volume_cm3_g,-0.1794961541891098
3,finetune_000117_v00,finetune_000117,EuHC6N2O5,kr_uptake_mmol_g,void_fraction,-0.15262219309806824
3,finetune_000117_v00,finetune_000117,EuHC6N2O5,kr_uptake_mmol_g,gravimetric_surface_area_m2_g,-0.0893816202878952
3,finetune_000117_v00,finetune_000117,EuHC6N2O5,kr_uptake_mmol_g,volumetric_surface_area_m2_cm3,-0.10740815103054047
3,finetune_000117_v00,finetune_000117,EuHC6N2O5,kr_uptake_mmol_g,lcd_A,-0.07276000827550888
3,finetune_000117_v00,finetune_000117,EuHC6N2O5,kr_uptake_mmol_g,pld_A,-0.10841803252696991
3,finetune_000117_v00,finetune_000117,EuHC6N2O5,kr_uptake_mmol_g,density_g_cm3,-0.09579625725746155
3,finetune_000117_v00,finetune_000117,EuHC6N2O5,kr_uptake_mmol_g,nsites,-0.01058928668498993
3,finetune_000117_v00,finetune_000117,EuHC6N2O5,kr_uptake_mmol_g,nelements,0.0021651149727404118
3,finetune_000117_v00,finetune_000117,EuHC6N2O5,kr_uptake_mmol_g,open_metal_site,-0.0
3,finetune_000117_v00,finetune_000117,EuHC6N2O5,kr_uptake_mmol_g,has_functional_group,0.00793139636516571
3,finetune_000117_v00,finetune_000117,EuHC6N2O5,kr_uptake_mmol_g,mean_electronegativity_diff,0.0003553195274434984
3,finetune_000117_v00,finetune_000117,EuHC6N2O5,kr_uptake_mmol_g,mean_atomic_radius_A,-0.008268395438790321
3,finetune_000117_v00,finetune_000117,EuHC6N2O5,kr_uptake_mmol_g,mean_atomic_number,0.010761638171970844
3,finetune_000117_v00,finetune_000117,EuHC6N2O5,kr_uptake_mmol_g,metal_fraction,-0.010269374586641788
3,finetune_000117_v00,finetune_000117,EuHC6N2O5,xe_kr_selectivity,pore_volume_cm3_g,-0.11881483346223831
3,finetune_000117_v00,finetune_000117,EuHC6N2O5,xe_kr_selectivity,void_fraction,-0.15591414272785187
3,finetune_000117_v00,finetune_000117,EuHC6N2O5,xe_kr_selectivity,gravimetric_surface_area_m2_g,-0.06108343228697777
3,finetune_000117_v00,finetune_000117,EuHC6N2O5,xe_kr_selectivity,volumetric_surface_area_m2_cm3,-0.09868139773607254
3,finetune_000117_v00,finetune_000117,EuHC6N2O5,xe_kr_selectivity,lcd_A,-0.15522679686546326
3,finetune_000117_v00,finetune_000117,EuHC6N2O5,xe_kr_selectivity,pld_A,-0.23531360924243927
3,finetune_000117_v00,finetune_000117,EuHC6N2O5,xe_kr_selectivity,density_g_cm3,0.0029941315297037363
3,finetune_000117_v00,finetune_000117,EuHC6N2O5,xe_kr_selectivity,nsites,-0.013200235553085804
3,finetune_000117_v00,finetune_000117,EuHC6N2O5,xe_kr_selectivity,nelements,-0.009149325080215931
3,finetune_000117_v00,finetune_000117,EuHC6N2O5,xe_kr_selectivity,open_metal_site,-0.0
3,finetune_000117_v00,finetune_000117,EuHC6N2O5,xe_kr_selectivity,has_functional_group,0.001683741807937622
3,finetune_000117_v00,finetune_000117,EuHC6N2O5,xe_kr_selectivity,mean_electronegativity_diff,0.003363355528563261
3,finetune_000117_v00,finetune_000117,EuHC6N2O5,xe_kr_selectivity,mean_atomic_radius_A,-0.01269461214542389
3,finetune_000117_v00,finetune_000117,EuHC6N2O5,xe_kr_selectivity,mean_atomic_number,0.06284043937921524
3,finetune_000117_v00,finetune_000117,EuHC6N2O5,xe_kr_selectivity,metal_fraction,0.013802244327962399
3,finetune_000117_v00,finetune_000117,EuHC6N2O5,i2_uptake_mmol_g,pore_volume_cm3_g,-0.15564784407615662
3,finetune_000117_v00,finetune_000117,EuHC6N2O5,i2_uptake_mmol_g,void_fraction,-0.14788103103637695
3,finetune_000117_v00,finetune_000117,EuHC6N2O5,i2_uptake_mmol_g,gravimetric_surface_area_m2_g,-0.10149519145488739
3,finetune_000117_v00,finetune_000117,EuHC6N2O5,i2_uptake_mmol_g,volumetric_surface_area_m2_cm3,-0.0996096134185791
3,finetune_000117_v00,finetune_000117,EuHC6N2O5,i2_uptake_mmol_g,lcd_A,-0.07581716030836105
3,finetune_000117_v00,finetune_000117,EuHC6N2O5,i2_uptake_mmol_g,pld_A,-0.12291041761636734
3,finetune_000117_v00,finetune_000117,EuHC6N2O5,i2_uptake_mmol_g,density_g_cm3,-0.07654812932014465
3,finetune_000117_v00,finetune_000117,EuHC6N2O5,i2_uptake_mmol_g,nsites,-0.012304817326366901
3,finetune_000117_v00,finetune_000117,EuHC6N2O5,i2_uptake_mmol_g,nelements,0.010809686966240406
3,finetune_000117_v00,finetune_000117,EuHC6N2O5,i2_uptake_mmol_g,open_metal_site,-0.0
3,finetune_000117_v00,finetune_000117,EuHC6N2O5,i2_uptake_mmol_g,has_functional_group,-0.10459085553884506
3,finetune_000117_v00,finetune_000117,EuHC6N2O5,i2_uptake_mmol_g,mean_electronegativity_diff,-0.0021003151778131723
3,finetune_000117_v00,finetune_000117,EuHC6N2O5,i2_uptake_mmol_g,mean_atomic_radius_A,-0.010467812418937683
3,finetune_000117_v00,finetune_000117,EuHC6N2O5,i2_uptake_mmol_g,mean_atomic_number,0.003896556328982115
3,finetune_000117_v00,finetune_000117,EuHC6N2O5,i2_uptake_mmol_g,metal_fraction,-0.010714483447372913
3,finetune_000170_v00,finetune_000170,CoHC4O3,xe_uptake_mmol_g,pore_volume_cm3_g,0.24355052411556244
3,finetune_000170_v00,finetune_000170,CoHC4O3,xe_uptake_mmol_g,void_fraction,0.18236437439918518
3,finetune_000170_v00,finetune_000170,CoHC4O3,xe_uptake_mmol_g,gravimetric_surface_area_m2_g,0.08753930032253265
3,finetune_000170_v00,finetune_000170,CoHC4O3,xe_uptake_mmol_g,volumetric_surface_area_m2_cm3,0.048733554780483246
3,finetune_000170_v00,finetune_000170,CoHC4O3,xe_uptake_mmol_g,lcd_A,0.048694681376218796
3,finetune_000170_v00,finetune_000170,CoHC4O3,xe_uptake_mmol_g,pld_A,0.03432472050189972
3,finetune_000170_v00,finetune_000170,CoHC4O3,xe_uptake_mmol_g,density_g_cm3,0.1291893869638443
3,finetune_000170_v00,finetune_000170,CoHC4O3,xe_uptake_mmol_g,nsites,0.10149157792329788
3,finetune_000170_v00,finetune_000170,CoHC4O3,xe_uptake_mmol_g,nelements,-0.0015824784059077501
3,finetune_000170_v00,finetune_000170,CoHC4O3,xe_uptake_mmol_g,open_metal_site,-0.0
3,finetune_000170_v00,finetune_000170,CoHC4O3,xe_uptake_mmol_g,has_functional_group,0.0035009277053177357
3,finetune_000170_v00,finetune_000170,CoHC4O3,xe_uptake_mmol_g,mean_electronegativity_diff,-0.007545914966613054
3,finetune_000170_v00,finetune_000170,CoHC4O3,xe_uptake_mmol_g,mean_atomic_radius_A,-0.003263294231146574
3,finetune_000170_v00,finetune_000170,CoHC4O3,xe_uptake_mmol_g,mean_atomic_number,-0.010708846151828766
3,finetune_000170_v00,finetune_000170,CoHC4O3,xe_uptake_mmol_g,metal_fraction,0.0651056244969368
3,finetune_000170_v00,finetune_000170,CoHC4O3,kr_uptake_mmol_g,pore_volume_cm3_g,0.24906879663467407
3,finetune_000170_v00,finetune_000170,CoHC4O3,kr_uptake_mmol_g,void_fraction,0.1807176172733307
3,finetune_000170_v00,finetune_000170,CoHC4O3,kr_uptake_mmol_g,gravimetric_surface_area_m2_g,0.08296970278024673
3,finetune_000170_v00,finetune_000170,CoHC4O3,kr_uptake_mmol_g,volumetric_surface_area_m2_cm3,0.04759583994746208
3,finetune_000170_v00,finetune_000170,CoHC4O3,kr_uptake_mmol_g,lcd_A,0.050688739866018295
3,finetune_000170_v00,finetune_000170,CoHC4O3,kr_uptake_mmol_g,pld_A,0.03752896934747696
3,finetune_000170_v00,finetune_000170,CoHC4O3,kr_uptake_mmol_g,density_g_cm3,0.14033299684524536
3,finetune_000170_v00,finetune_000170,CoHC4O3,kr_uptake_mmol_g,nsites,0.10547161847352982
3,finetune_000170_v00,finetune_000170,CoHC4O3,kr_uptake_mmol_g,nelements,0.0024737415369600058
3,finetune_000170_v00,finetune_000170,CoHC4O3,kr_uptake_mmol_g,open_metal_site,-0.0
3,finetune_000170_v00,finetune_000170,CoHC4O3,kr_uptake_mmol_g,has_functional_group,0.005771906580775976
3,finetune_000170_v00,finetune_000170,CoHC4O3,kr_uptake_mmol_g,mean_electronegativity_diff,-0.014625445008277893
3,finetune_000170_v00,finetune_000170,CoHC4O3,kr_uptake_mmol_g,mean_atomic_radius_A,-0.0037126634269952774
3,finetune_000170_v00,finetune_000170,CoHC4O3,kr_uptake_mmol_g,mean_atomic_number,-0.009846450760960579
3,finetune_000170_v00,finetune_000170,CoHC4O3,kr_uptake_mmol_g,metal_fraction,0.045778438448905945
3,finetune_000170_v00,finetune_000170,CoHC4O3,xe_kr_selectivity,pore_volume_cm3_g,0.07629524916410446
3,finetune_000170_v00,finetune_000170,CoHC4O3,xe_kr_selectivity,void_fraction,0.08022859692573547
3,finetune_000170_v00,finetune_000170,CoHC4O3,xe_kr_selectivity,gravimetric_surface_area_m2_g,0.013912323862314224
3,finetune_000170_v00,finetune_000170,CoHC4O3,xe_kr_selectivity,volumetric_surface_area_m2_cm3,0.018469035625457764
3,finetune_000170_v00,finetune_000170,CoHC4O3,xe_kr_selectivity,lcd_A,0.06279101222753525
3,finetune_000170_v00,finetune_000170,CoHC4O3,xe_kr_selectivity,pld_A,0.048099271953105927
3,finetune_000170_v00,finetune_000170,CoHC4O3,xe_kr_selectivity,density_g_cm3,-0.010236743837594986
3,finetune_000170_v00,finetune_000170,CoHC4O3,xe_kr_selectivity,nsites,0.05947845056653023
3,finetune_000170_v00,finetune_000170,CoHC4O3,xe_kr_selectivity,nelements,0.007056018803268671
3,finetune_000170_v00,finetune_000170,CoHC4O3,xe_kr_selectivity,open_metal_site,-0.0
3,finetune_000170_v00,finetune_000170,CoHC4O3,xe_kr_selectivity,has_functional_group,-0.017904995009303093
3,finetune_000170_v00,finetune_000170,CoHC4O3,xe_kr_selectivity,mean_electronegativity_diff,-0.01645110733807087
3,finetune_000170_v00,finetune_000170,CoHC4O3,xe_kr_selectivity,mean_atomic_radius_A,-0.002325361827388406
3,finetune_000170_v00,finetune_000170,CoHC4O3,xe_kr_selectivity,mean_atomic_number,-0.039951618760824203
3,finetune_000170_v00,finetune_000170,CoHC4O3,xe_kr_selectivity,metal_fraction,-0.050484586507081985
3,finetune_000170_v00,finetune_000170,CoHC4O3,i2_uptake_mmol_g,pore_volume_cm3_g,0.2058347910642624
3,finetune_000170_v00,finetune_000170,CoHC4O3,i2_uptake_mmol_g,void_fraction,0.15530171990394592
3,finetune_000170_v00,finetune_000170,CoHC4O3,i2_uptake_mmol_g,gravimetric_surface_area_m2_g,0.07712945342063904
3,finetune_000170_v00,finetune_000170,CoHC4O3,i2_uptake_mmol_g,volumetric_surface_area_m2_cm3,0.04834023118019104
3,finetune_000170_v00,finetune_000170,CoHC4O3,i2_uptake_mmol_g,lcd_A,0.046936556696891785
3,finetune_000170_v00,finetune_000170,CoHC4O3,i2_uptake_mmol_g,pld_A,0.04138113930821419
3,finetune_000170_v00,finetune_000170,CoHC4O3,i2_uptake_mmol_g,density_g_cm3,0.13337215781211853
3,finetune_000170_v00,finetune_000170,CoHC4O3,i2_uptake_mmol_g,nsites,0.10988031327724457
3,finetune_000170_v00,finetune_000170,CoHC4O3,i2_uptake_mmol_g,nelements,-0.003537578973919153
3,finetune_000170_v00,finetune_000170,CoHC4O3,i2_uptake_mmol_g,open_metal_site,-0.0
3,finetune_000170_v00,finetune_000170,CoHC4O3,i2_uptake_mmol_g,has_functional_group,-0.2507169842720032
3,finetune_000170_v00,finetune_000170,CoHC4O3,i2_uptake_mmol_g,mean_electronegativity_diff,-0.011856869794428349
3,finetune_000170_v00,finetune_000170,CoHC4O3,i2_uptake_mmol_g,mean_atomic_radius_A,-0.0035506635904312134
3,finetune_000170_v00,finetune_000170,CoHC4O3,i2_uptake_mmol_g,mean_atomic_number,-0.0004383381747175008
3,finetune_000170_v00,finetune_000170,CoHC4O3,i2_uptake_mmol_g,metal_fraction,0.04850776121020317
3,finetune_000284_v00,finetune_000284,CuH8(C2N)4,xe_uptake_mmol_g,pore_volume_cm3_g,-0.12901967763900757
3,finetune_000284_v00,finetune_000284,CuH8(C2N)4,xe_uptake_mmol_g,void_fraction,-0.14519955217838287
3,finetune_000284_v00,finetune_000284,CuH8(C2N)4,xe_uptake_mmol_g,gravimetric_surface_area_m2_g,0.0657905861735344
3,finetune_000284_v00,finetune_000284,CuH8(C2N)4,xe_uptake_mmol_g,volumetric_surface_area_m2_cm3,0.036976441740989685
3,finetune_000284_v00,finetune_000284,CuH8(C2N)4,xe_uptake_mmol_g,lcd_A,-0.10205922275781631
3,finetune_000284_v00,finetune_000284,CuH8(C2N)4,xe_uptake_mmol_g,pld_A,-0.0949493795633316
3,finetune_000284_v00,finetune_000284,CuH8(C2N)4,xe_uptake_mmol_g,density_g_cm3,0.08109325170516968
3,finetune_000284_v00,finetune_000284,CuH8(C2N)4,xe_uptake_mmol_g,nsites,-0.18629267811775208
3,finetune_000284_v00,finetune_000284,CuH8(C2N)4,xe_uptake_mmol_g,nelements,-0.0022107274271547794
3,finetune_000284_v00,finetune_000284,CuH8(C2N)4,xe_uptake_mmol_g,open_metal_site,-0.0
3,finetune_000284_v00,finetune_000284,CuH8(C2N)4,xe_uptake_mmol_g,has_functional_group,0.008555794134736061
3,finetune_000284_v00,finetune_000284,CuH8(C2N)4,xe_uptake_mmol_g,mean_electronegativity_diff,0.010835835710167885
3,finetune_000284_v00,finetune_000284,CuH8(C2N)4,xe_uptake_mmol_g,mean_atomic_radius_A,0.014778553508222103
3,finetune_000284_v00,finetune_000284,CuH8(C2N)4,xe_uptake_mmol_g,mean_atomic_number,-0.04953450709581375
3,finetune_000284_v00,finetune_000284,CuH8(C2N)4,xe_uptake_mmol_g,metal_fraction,-0.035261984914541245
3,finetune_000284_v00,finetune_000284,CuH8(C2N)4,kr_uptake_mmol_g,pore_volume_cm3_g,-0.13393941521644592
3,finetune_000284_v00,finetune_000284,CuH8(C2N)4,kr_uptake_mmol_g,void_fraction,-0.14659668505191803
3,finetune_000284_v00,finetune_000284,CuH8(C2N)4,kr_uptake_mmol_g,gravimetric_surface_area_m2_g,0.056955549865961075
3,finetune_000284_v00,finetune_000284,CuH8(C2N)4,kr_uptake_mmol_g,volumetric_surface_area_m2_cm3,0.038117095828056335
3,finetune_000284_v00,finetune_000284,CuH8(C2N)4,kr_uptake_mmol_g,lcd_A,-0.11858988553285599
3,finetune_000284_v00,finetune_000284,CuH8(C2N)4,kr_uptake_mmol_g,pld_A,-0.11495594680309296
3,finetune_000284_v00,finetune_000284,CuH8(C2N)4,kr_uptake_mmol_g,density_g_cm3,0.08387083560228348
3,finetune_000284_v00,finetune_000284,CuH8(C2N)4,kr_uptake_mmol_g,nsites,-0.177355095744133
3,finetune_000284_v00,finetune_000284,CuH8(C2N)4,kr_uptake_mmol_g,nelements,-0.0009087270591408014
3,finetune_000284_v00,finetune_000284,CuH8(C2N)4,kr_uptake_mmol_g,open_metal_site,-0.0
3,finetune_000284_v00,finetune_000284,CuH8(C2N)4,kr_uptake_mmol_g,has_functional_group,0.005120052024722099
3,finetune_000284_v00,finetune_000284,CuH8(C2N)4,kr_uptake_mmol_g,mean_electronegativity_diff,-0.006040886510163546
3,finetune_000284_v00,finetune_000284,CuH8(C2N)4,kr_uptake_mmol_g,mean_atomic_radius_A,0.020372549071907997
3,finetune_000284_v00,finetune_000284,CuH8(C2N)4,kr_uptake_mmol_g,mean_atomic_number,-0.058118872344493866
3,finetune_000284_v00,finetune_000284,CuH8(C2N)4,kr_uptake_mmol_g,metal_fraction,-0.019303694367408752
3,finetune_000284_v00,finetune_000284,CuH8(C2N)4,xe_kr_selectivity,pore_volume_cm3_g,-0.04932710900902748
3,finetune_000284_v00,finetune_000284,CuH8(C2N)4,xe_kr_selectivity,void_fraction,-0.10350045561790466
3,finetune_000284_v00,finetune_000284,CuH8(C2N)4,xe_kr_selectivity,gravimetric_surface_area_m2_g,0.01992155984044075
3,finetune_000284_v00,finetune_000284,CuH8(C2N)4,xe_kr_selectivity,volumetric_surface_area_m2_cm3,0.021439848467707634
3,finetune_000284_v00,finetune_000284,CuH8(C2N)4,xe_kr_selectivity,lcd_A,-0.20304793119430542
3,finetune_000284_v00,finetune_000284,CuH8(C2N)4,xe_kr_selectivity,pld_A,-0.20081762969493866
3,finetune_000284_v00,finetune_000284,CuH8(C2N)4,xe_kr_selectivity,density_g_cm3,-0.009249354712665081
3,finetune_000284_v00,finetune_000284,CuH8(C2N)4,xe_kr_selectivity,nsites,-0.1293572187423706
3,finetune_000284_v00,finetune_000284,CuH8(C2N)4,xe_kr_selectivity,nelements,0.003558939788490534
3,finetune_000284_v00,finetune_000284,CuH8(C2N)4,xe_kr_selectivity,open_metal_site,0.0
3,finetune_000284_v00,finetune_000284,CuH8(C2N)4,xe_kr_selectivity,has_functional_group,-0.005539827048778534
3,finetune_000284_v00,finetune_000284,CuH8(C2N)4,xe_kr_selectivity,mean_electronegativity_diff,-0.005804678425192833
3,finetune_000284_v00,finetune_000284,CuH8(C2N)4,xe_kr_selectivity,mean_atomic_radius_A,0.0493738017976284
3,finetune_000284_v00,finetune_000284,CuH8(C2N)4,xe_kr_selectivity,mean_atomic_number,-0.17807865142822266
3,finetune_000284_v00,finetune_000284,CuH8(C2N)4,xe_kr_selectivity,metal_fraction,0.04916209727525711
3,finetune_000284_v00,finetune_000284,CuH8(C2N)4,i2_uptake_mmol_g,pore_volume_cm3_g,-0.11181017756462097
3,finetune_000284_v00,finetune_000284,CuH8(C2N)4,i2_uptake_mmol_g,void_fraction,-0.138386070728302
3,finetune_000284_v00,finetune_000284,CuH8(C2N)4,i2_uptake_mmol_g,gravimetric_surface_area_m2_g,0.06415761262178421
3,finetune_000284_v00,finetune_000284,CuH8(C2N)4,i2_uptake_mmol_g,volumetric_surface_area_m2_cm3,0.036089301109313965
3,finetune_000284_v00,finetune_000284,CuH8(C2N)4,i2_uptake_mmol_g,lcd_A,-0.12458104640245438
3,finetune_000284_v00,finetune_000284,CuH8(C2N)4,i2_uptake_mmol_g,pld_A,-0.1304972618818283
3,finetune_000284_v00,finetune_000284,CuH8(C2N)4,i2_uptake_mmol_g,density_g_cm3,0.07288061827421188
3,finetune_000284_v00,finetune_000284,CuH8(C2N)4,i2_uptake_mmol_g,nsites,-0.1839110106229782
3,finetune_000284_v00,finetune_000284,CuH8(C2N)4,i2_uptake_mmol_g,nelements,-0.0027517040725797415
3,finetune_000284_v00,finetune_000284,CuH8(C2N)4,i2_uptake_mmol_g,open_metal_site,-0.0
3,finetune_000284_v00,finetune_000284,CuH8(C2N)4,i2_uptake_mmol_g,has_functional_group,-0.11376380920410156
3,finetune_000284_v00,finetune_000284,CuH8(C2N)4,i2_uptake_mmol_g,mean_electronegativity_diff,0.00477345148101449
3,finetune_000284_v00,finetune_000284,CuH8(C2N)4,i2_uptake_mmol_g,mean_atomic_radius_A,0.030671346932649612
3,finetune_000284_v00,finetune_000284,CuH8(C2N)4,i2_uptake_mmol_g,mean_atomic_number,-0.026932401582598686
3,finetune_000284_v00,finetune_000284,CuH8(C2N)4,i2_uptake_mmol_g,metal_fraction,-0.013739108107984066
3,finetune_000139_v00,finetune_000139,TbH8C8(NO3)2,xe_uptake_mmol_g,pore_volume_cm3_g,-0.16961932182312012
3,finetune_000139_v00,finetune_000139,TbH8C8(NO3)2,xe_uptake_mmol_g,void_fraction,-0.1553083211183548
3,finetune_000139_v00,finetune_000139,TbH8C8(NO3)2,xe_uptake_mmol_g,gravimetric_surface_area_m2_g,-0.0930970162153244
3,finetune_000139_v00,finetune_000139,TbH8C8(NO3)2,xe_uptake_mmol_g,volumetric_surface_area_m2_cm3,-0.07639839500188828
3,finetune_000139_v00,finetune_000139,TbH8C8(NO3)2,xe_uptake_mmol_g,lcd_A,-0.09589950740337372
3,finetune_000139_v00,finetune_000139,TbH8C8(NO3)2,xe_uptake_mmol_g,pld_A,-0.08690814673900604
3,finetune_000139_v00,finetune_000139,TbH8C8(NO3)2,xe_uptake_mmol_g,density_g_cm3,-0.12305589020252228
3,finetune_000139_v00,finetune_000139,TbH8C8(NO3)2,xe_uptake_mmol_g,nsites,0.012779712677001953
3,finetune_000139_v00,finetune_000139,TbH8C8(NO3)2,xe_uptake_mmol_g,nelements,0.007905152626335621
3,finetune_000139_v00,finetune_000139,TbH8C8(NO3)2,xe_uptake_mmol_g,open_metal_site,-0.0
3,finetune_000139_v00,finetune_000139,TbH8C8(NO3)2,xe_uptake_mmol_g,has_functional_group,0.012554226443171501
3,finetune_000139_v00,finetune_000139,TbH8C8(NO3)2,xe_uptake_mmol_g,mean_electronegativity_diff,-0.004689632914960384
3,finetune_000139_v00,finetune_000139,TbH8C8(NO3)2,xe_uptake_mmol_g,mean_atomic_radius_A,0.023097755387425423
3,finetune_000139_v00,finetune_000139,TbH8C8(NO3)2,xe_uptake_mmol_g,mean_atomic_number,-0.016696587204933167
3,finetune_000139_v00,finetune_000139,TbH8C8(NO3)2,xe_uptake_mmol_g,metal_fraction,-0.047754425555467606
3,finetune_000139_v00,finetune_000139,TbH8C8(NO3)2,kr_uptake_mmol_g,pore_volume_cm3_g,-0.1814832091331482
3,finetune_000139_v00,finetune_000139,TbH8C8(NO3)2,kr_uptake_mmol_g,void_fraction,-0.15561246871948242
3,finetune_000139_v00,finetune_000139,TbH8C8(NO3)2,kr_uptake_mmol_g,gravimetric_surface_area_m2_g,-0.08023840188980103
3,finetune_000139_v00,finetune_000139,TbH8C8(NO3)2,kr_uptake_mmol_g,volumetric_surface_area_m2_cm3,-0.08140145242214203
3,finetune_000139_v00,finetune_000139,TbH8C8(NO3)2,kr_uptake_mmol_g,lcd_A,-0.11700321733951569
3,finetune_000139_v00,finetune_000139,TbH8C8(NO3)2,kr_uptake_mmol_g,pld_A,-0.10976943373680115
3,finetune_000139_v00,finetune_000139,TbH8C8(NO3)2,kr_uptake_mmol_g,density_g_cm3,-0.12422457337379456
3,finetune_000139_v00,finetune_000139,TbH8C8(NO3)2,kr_uptake_mmol_g,nsites,0.01185071375221014
3,finetune_000139_v00,finetune_000139,TbH8C8(NO3)2,kr_uptake_mmol_g,nelements,0.004479353316128254
3,finetune_000139_v00,finetune_000139,TbH8C8(NO3)2,kr_uptake_mmol_g,open_metal_site,-0.0
3,finetune_000139_v00,finetune_000139,TbH8C8(NO3)2,kr_uptake_mmol_g,has_functional_group,0.007094301283359528
3,finetune_000139_v00,finetune_000139,TbH8C8(NO3)2,kr_uptake_mmol_g,mean_electronegativity_diff,0.0009880445431917906
3,finetune_000139_v00,finetune_000139,TbH8C8(NO3)2,kr_uptake_mmol_g,mean_atomic_radius_A,0.023263558745384216
3,finetune_000139_v00,finetune_000139,TbH8C8(NO3)2,kr_uptake_mmol_g,mean_atomic_number,-0.020419372245669365
3,finetune_000139_v00,finetune_000139,TbH8C8(NO3)2,kr_uptake_mmol_g,metal_fraction,-0.027081020176410675
3,finetune_000139_v00,finetune_000139,TbH8C8(NO3)2,xe_kr_selectivity,pore_volume_cm3_g,-0.0933760479092598
3,finetune_000139_v00,finetune_000139,TbH8C8(NO3)2,xe_kr_selectivity,void_fraction,-0.13859823346138
3,finetune_000139_v00,finetune_000139,TbH8C8(NO3)2,xe_kr_selectivity,gravimetric_surface_area_m2_g,-0.03810218349099159
3,finetune_000139_v00,finetune_000139,TbH8C8(NO3)2,xe_kr_selectivity,volumetric_surface_area_m2_cm3,-0.05523886904120445
3,finetune_000139_v00,finetune_000139,TbH8C8(NO3)2,xe_kr_selectivity,lcd_A,-0.2193986177444458
3,finetune_000139_v00,finetune_000139,TbH8C8(NO3)2,xe_kr_selectivity,pld_A,-0.20911072194576263
3,finetune_000139_v00,finetune_000139,TbH8C8(NO3)2,xe_kr_selectivity,density_g_cm3,0.014739022590219975
3,finetune_000139_v00,finetune_000139,TbH8C8(NO3)2,xe_kr_selectivity,nsites,0.0122191421687603
3,finetune_000139_v00,finetune_000139,TbH8C8(NO3)2,xe_kr_selectivity,nelements,-0.006941057275980711
3,finetune_000139_v00,finetune_000139,TbH8C8(NO3)2,xe_kr_selectivity,open_metal_site,-0.0
3,finetune_000139_v00,finetune_000139,TbH8C8(NO3)2,xe_kr_selectivity,has_functional_group,0.0019852251280099154
3,finetune_000139_v00,finetune_000139,TbH8C8(NO3)2,xe_kr_selectivity,mean_electronegativity_diff,0.004085141234099865
3,finetune_000139_v00,finetune_000139,TbH8C8(NO3)2,xe_kr_selectivity,mean_atomic_radius_A,0.04647944122552872
3,finetune_000139_v00,finetune_000139,TbH8C8(NO3)2,xe_kr_selectivity,mean_atomic_number,-0.08114811033010483
3,finetune_000139_v00,finetune_000139,TbH8C8(NO3)2,xe_kr_selectivity,metal_fraction,0.04976378381252289
3,finetune_000139_v00,finetune_000139,TbH8C8(NO3)2,i2_uptake_mmol_g,pore_volume_cm3_g,-0.15265469253063202
3,finetune_000139_v00,finetune_000139,TbH8C8(NO3)2,i2_uptake_mmol_g,void_fraction,-0.14917071163654327
3,finetune_000139_v00,finetune_000139,TbH8C8(NO3)2,i2_uptake_mmol_g,gravimetric_surface_area_m2_g,-0.09202094376087189
3,finetune_000139_v00,finetune_000139,TbH8C8(NO3)2,i2_uptake_mmol_g,volumetric_surface_area_m2_cm3,-0.07359065115451813
3,finetune_000139_v00,finetune_000139,TbH8C8(NO3)2,i2_uptake_mmol_g,lcd_A,-0.12045928090810776
3,finetune_000139_v00,finetune_000139,TbH8C8(NO3)2,i2_uptake_mmol_g,pld_A,-0.11961288750171661
3,finetune_000139_v00,finetune_000139,TbH8C8(NO3)2,i2_uptake_mmol_g,density_g_cm3,-0.10230457782745361
3,finetune_000139_v00,finetune_000139,TbH8C8(NO3)2,i2_uptake_mmol_g,nsites,0.012327081523835659
3,finetune_000139_v00,finetune_000139,TbH8C8(NO3)2,i2_uptake_mmol_g,nelements,0.011428219266235828
3,finetune_000139_v00,finetune_000139,TbH8C8(NO3)2,i2_uptake_mmol_g,open_metal_site,-0.0
3,finetune_000139_v00,finetune_000139,TbH8C8(NO3)2,i2_uptake_mmol_g,has_functional_group,-0.09547620266675949
3,finetune_000139_v00,finetune_000139,TbH8C8(NO3)2,i2_uptake_mmol_g,mean_electronegativity_diff,-0.0037536746822297573
3,finetune_000139_v00,finetune_000139,TbH8C8(NO3)2,i2_uptake_mmol_g,mean_atomic_radius_A,0.027936968952417374
3,finetune_000139_v00,finetune_000139,TbH8C8(NO3)2,i2_uptake_mmol_g,mean_atomic_number,-0.009423394687473774
3,finetune_000139_v00,finetune_000139,TbH8C8(NO3)2,i2_uptake_mmol_g,metal_fraction,-0.024341819807887077
3,finetune_000280_v00,finetune_000280,CoHC4O3,xe_uptake_mmol_g,pore_volume_cm3_g,0.24355052411556244
3,finetune_000280_v00,finetune_000280,CoHC4O3,xe_uptake_mmol_g,void_fraction,0.18236437439918518
3,finetune_000280_v00,finetune_000280,CoHC4O3,xe_uptake_mmol_g,gravimetric_surface_area_m2_g,0.08753930032253265
3,finetune_000280_v00,finetune_000280,CoHC4O3,xe_uptake_mmol_g,volumetric_surface_area_m2_cm3,0.048733554780483246
3,finetune_000280_v00,finetune_000280,CoHC4O3,xe_uptake_mmol_g,lcd_A,0.048694681376218796
3,finetune_000280_v00,finetune_000280,CoHC4O3,xe_uptake_mmol_g,pld_A,0.03432472050189972
3,finetune_000280_v00,finetune_000280,CoHC4O3,xe_uptake_mmol_g,density_g_cm3,0.1291893869638443
3,finetune_000280_v00,finetune_000280,CoHC4O3,xe_uptake_mmol_g,nsites,0.10149157792329788
3,finetune_000280_v00,finetune_000280,CoHC4O3,xe_uptake_mmol_g,nelements,-0.0015824787551537156
3,finetune_000280_v00,finetune_000280,CoHC4O3,xe_uptake_mmol_g,open_metal_site,-0.0
3,finetune_000280_v00,finetune_000280,CoHC4O3,xe_uptake_mmol_g,has_functional_group,0.0035009272396564484
3,finetune_000280_v00,finetune_000280,CoHC4O3,xe_uptake_mmol_g,mean_electronegativity_diff,-0.007545914966613054
3,finetune_000280_v00,finetune_000280,CoHC4O3,xe_uptake_mmol_g,mean_atomic_radius_A,-0.003263294231146574
3,finetune_000280_v00,finetune_000280,CoHC4O3,xe_uptake_mmol_g,mean_atomic_number,-0.010708846151828766
3,finetune_000280_v00,finetune_000280,CoHC4O3,xe_uptake_mmol_g,metal_fraction,0.0651056319475174
3,finetune_000280_v00,finetune_000280,CoHC4O3,kr_uptake_mmol_g,pore_volume_cm3_g,0.24906879663467407
3,finetune_000280_v00,finetune_000280,CoHC4O3,kr_uptake_mmol_g,void_fraction,0.1807176172733307
3,finetune_000280_v00,finetune_000280,CoHC4O3,kr_uptake_mmol_g,gravimetric_surface_area_m2_g,0.08296970278024673
3,finetune_000280_v00,finetune_000280,CoHC4O3,kr_uptake_mmol_g,volumetric_surface_area_m2_cm3,0.04759583994746208
3,finetune_000280_v00,finetune_000280,CoHC4O3,kr_uptake_mmol_g,lcd_A,0.050688739866018295
3,finetune_000280_v00,finetune_000280,CoHC4O3,kr_uptake_mmol_g,pld_A,0.03752896934747696
3,finetune_000280_v00,finetune_000280,CoHC4O3,kr_uptake_mmol_g,density_g_cm3,0.14033299684524536
3,finetune_000280_v00,finetune_000280,CoHC4O3,kr_uptake_mmol_g,nsites,0.10547161847352982
3,finetune_000280_v00,finetune_000280,CoHC4O3,kr_uptake_mmol_g,nelements,0.0024737410712987185
3,finetune_000280_v00,finetune_000280,CoHC4O3,kr_uptake_mmol_g,open_metal_site,-0.0
3,finetune_000280_v00,finetune_000280,CoHC4O3,kr_uptake_mmol_g,has_functional_group,0.005771906580775976
3,finetune_000280_v00,finetune_000280,CoHC4O3,kr_uptake_mmol_g,mean_electronegativity_diff,-0.014625444076955318
3,finetune_000280_v00,finetune_000280,CoHC4O3,kr_uptake_mmol_g,mean_atomic_radius_A,-0.0037126634269952774
3,finetune_000280_v00,finetune_000280,CoHC4O3,kr_uptake_mmol_g,mean_atomic_number,-0.009846450760960579
3,finetune_000280_v00,finetune_000280,CoHC4O3,kr_uptake_mmol_g,metal_fraction,0.045778438448905945
3,finetune_000280_v00,finetune_000280,CoHC4O3,xe_kr_selectivity,pore_volume_cm3_g,0.07629524171352386
3,finetune_000280_v00,finetune_000280,CoHC4O3,xe_kr_selectivity,void_fraction,0.08022859692573547
3,finetune_000280_v00,finetune_000280,CoHC4O3,xe_kr_selectivity,gravimetric_surface_area_m2_g,0.013912323862314224
3,finetune_000280_v00,finetune_000280,CoHC4O3,xe_kr_selectivity,volumetric_surface_area_m2_cm3,0.018469035625457764
3,finetune_000280_v00,finetune_000280,CoHC4O3,xe_kr_selectivity,lcd_A,0.06279099732637405
3,finetune_000280_v00,finetune_000280,CoHC4O3,xe_kr_selectivity,pld_A,0.048099271953105927
3,finetune_000280_v00,finetune_000280,CoHC4O3,xe_kr_selectivity,density_g_cm3,-0.01023674476891756
3,finetune_000280_v00,finetune_000280,CoHC4O3,xe_kr_selectivity,nsites,0.059478458017110825
3,finetune_000280_v00,finetune_000280,CoHC4O3,xe_kr_selectivity,nelements,0.007056019734591246
3,finetune_000280_v00,finetune_000280,CoHC4O3,xe_kr_selectivity,open_metal_site,-0.0
3,finetune_000280_v00,finetune_000280,CoHC4O3,xe_kr_selectivity,has_functional_group,-0.017904995009303093
3,finetune_000280_v00,finetune_000280,CoHC4O3,xe_kr_selectivity,mean_electronegativity_diff,-0.01645110733807087
3,finetune_000280_v00,finetune_000280,CoHC4O3,xe_kr_selectivity,mean_atomic_radius_A,-0.002325361827388406
3,finetune_000280_v00,finetune_000280,CoHC4O3,xe_kr_selectivity,mean_atomic_number,-0.039951618760824203
3,finetune_000280_v00,finetune_000280,CoHC4O3,xe_kr_selectivity,metal_fraction,-0.050484590232372284
3,finetune_000280_v00,finetune_000280,CoHC4O3,i2_uptake_mmol_g,pore_volume_cm3_g,0.2058347910642624
3,finetune_000280_v00,finetune_000280,CoHC4O3,i2_uptake_mmol_g,void_fraction,0.15530171990394592
3,finetune_000280_v00,finetune_000280,CoHC4O3,i2_uptake_mmol_g,gravimetric_surface_area_m2_g,0.07712945342063904
3,finetune_000280_v00,finetune_000280,CoHC4O3,i2_uptake_mmol_g,volumetric_surface_area_m2_cm3,0.04834023118019104
3,finetune_000280_v00,finetune_000280,CoHC4O3,i2_uptake_mmol_g,lcd_A,0.046936556696891785
3,finetune_000280_v00,finetune_000280,CoHC4O3,i2_uptake_mmol_g,pld_A,0.041381146758794785
3,finetune_000280_v00,finetune_000280,CoHC4O3,i2_uptake_mmol_g,density_g_cm3,0.13337215781211853
3,finetune_000280_v00,finetune_000280,CoHC4O3,i2_uptake_mmol_g,nsites,0.10988031327724457
3,finetune_000280_v00,finetune_000280,CoHC4O3,i2_uptake_mmol_g,nelements,-0.003537578973919153
3,finetune_000280_v00,finetune_000280,CoHC4O3,i2_uptake_mmol_g,open_metal_site,-0.0
3,finetune_000280_v00,finetune_000280,CoHC4O3,i2_uptake_mmol_g,has_functional_group,-0.2507169842720032
3,finetune_000280_v00,finetune_000280,CoHC4O3,i2_uptake_mmol_g,mean_electronegativity_diff,-0.011856870725750923
3,finetune_000280_v00,finetune_000280,CoHC4O3,i2_uptake_mmol_g,mean_atomic_radius_A,-0.0035506635904312134
3,finetune_000280_v00,finetune_000280,CoHC4O3,i2_uptake_mmol_g,mean_atomic_number,-0.0004383378545753658
3,finetune_000280_v00,finetune_000280,CoHC4O3,i2_uptake_mmol_g,metal_fraction,0.04850776121020317
3,finetune_000095_v00,finetune_000095,Cd3H8(C6O5)4,xe_uptake_mmol_g,pore_volume_cm3_g,-0.17225822806358337
3,finetune_000095_v00,finetune_000095,Cd3H8(C6O5)4,xe_uptake_mmol_g,void_fraction,-0.1674029380083084
3,finetune_000095_v00,finetune_000095,Cd3H8(C6O5)4,xe_uptake_mmol_g,gravimetric_surface_area_m2_g,-0.1100398451089859
3,finetune_000095_v00,finetune_000095,Cd3H8(C6O5)4,xe_uptake_mmol_g,volumetric_surface_area_m2_cm3,-0.11089455336332321
3,finetune_000095_v00,finetune_000095,Cd3H8(C6O5)4,xe_uptake_mmol_g,lcd_A,-0.0716143548488617
3,finetune_000095_v00,finetune_000095,Cd3H8(C6O5)4,xe_uptake_mmol_g,pld_A,-0.09210611879825592
3,finetune_000095_v00,finetune_000095,Cd3H8(C6O5)4,xe_uptake_mmol_g,density_g_cm3,-0.0543021634221077
3,finetune_000095_v00,finetune_000095,Cd3H8(C6O5)4,xe_uptake_mmol_g,nsites,0.039418164640665054
3,finetune_000095_v00,finetune_000095,Cd3H8(C6O5)4,xe_uptake_mmol_g,nelements,-0.002919949823990464
3,finetune_000095_v00,finetune_000095,Cd3H8(C6O5)4,xe_uptake_mmol_g,open_metal_site,-0.0
3,finetune_000095_v00,finetune_000095,Cd3H8(C6O5)4,xe_uptake_mmol_g,has_functional_group,0.012723819352686405
3,finetune_000095_v00,finetune_000095,Cd3H8(C6O5)4,xe_uptake_mmol_g,mean_electronegativity_diff,0.00358367501758039
3,finetune_000095_v00,finetune_000095,Cd3H8(C6O5)4,xe_uptake_mmol_g,mean_atomic_radius_A,0.00881324801594019
3,finetune_000095_v00,finetune_000095,Cd3H8(C6O5)4,xe_uptake_mmol_g,mean_atomic_number,-0.006790495477616787
3,finetune_000095_v00,finetune_000095,Cd3H8(C6O5)4,xe_uptake_mmol_g,metal_fraction,-0.034033264964818954
3,finetune_000095_v00,finetune_000095,Cd3H8(C6O5)4,kr_uptake_mmol_g,pore_volume_cm3_g,-0.186294823884964
3,finetune_000095_v00,finetune_000095,Cd3H8(C6O5)4,kr_uptake_mmol_g,void_fraction,-0.1678498536348343
3,finetune_000095_v00,finetune_000095,Cd3H8(C6O5)4,kr_uptake_mmol_g,gravimetric_surface_area_m2_g,-0.09842772036790848
3,finetune_000095_v00,finetune_000095,Cd3H8(C6O5)4,kr_uptake_mmol_g,volumetric_surface_area_m2_cm3,-0.11857920140028
3,finetune_000095_v00,finetune_000095,Cd3H8(C6O5)4,kr_uptake_mmol_g,lcd_A,-0.0873979851603508
3,finetune_000095_v00,finetune_000095,Cd3H8(C6O5)4,kr_uptake_mmol_g,pld_A,-0.11784420162439346
3,finetune_000095_v00,finetune_000095,Cd3H8(C6O5)4,kr_uptake_mmol_g,density_g_cm3,-0.05579817295074463
3,finetune_000095_v00,finetune_000095,Cd3H8(C6O5)4,kr_uptake_mmol_g,nsites,0.03888776898384094
3,finetune_000095_v00,finetune_000095,Cd3H8(C6O5)4,kr_uptake_mmol_g,nelements,-0.001071303733624518
3,finetune_000095_v00,finetune_000095,Cd3H8(C6O5)4,kr_uptake_mmol_g,open_metal_site,-0.0
3,finetune_000095_v00,finetune_000095,Cd3H8(C6O5)4,kr_uptake_mmol_g,has_functional_group,0.0070169949904084206
3,finetune_000095_v00,finetune_000095,Cd3H8(C6O5)4,kr_uptake_mmol_g,mean_electronegativity_diff,-0.0012990315444767475
3,finetune_000095_v00,finetune_000095,Cd3H8(C6O5)4,kr_uptake_mmol_g,mean_atomic_radius_A,0.008554493077099323
3,finetune_000095_v00,finetune_000095,Cd3H8(C6O5)4,kr_uptake_mmol_g,mean_atomic_number,-0.00834551639854908
3,finetune_000095_v00,finetune_000095,Cd3H8(C6O5)4,kr_uptake_mmol_g,metal_fraction,-0.0199563130736351
3,finetune_000095_v00,finetune_000095,Cd3H8(C6O5)4,xe_kr_selectivity,pore_volume_cm3_g,-0.10136472433805466
3,finetune_000095_v00,finetune_000095,Cd3H8(C6O5)4,xe_kr_selectivity,void_fraction,-0.14703965187072754
3,finetune_000095_v00,finetune_000095,Cd3H8(C6O5)4,xe_kr_selectivity,gravimetric_surface_area_m2_g,-0.05135561525821686
3,finetune_000095_v00,finetune_000095,Cd3H8(C6O5)4,xe_kr_selectivity,volumetric_surface_area_m2_cm3,-0.08439196646213531
3,finetune_000095_v00,finetune_000095,Cd3H8(C6O5)4,xe_kr_selectivity,lcd_A,-0.16003823280334473
3,finetune_000095_v00,finetune_000095,Cd3H8(C6O5)4,xe_kr_selectivity,pld_A,-0.22288554906845093
3,finetune_000095_v00,finetune_000095,Cd3H8(C6O5)4,xe_kr_selectivity,density_g_cm3,0.0046411724761128426
3,finetune_000095_v00,finetune_000095,Cd3H8(C6O5)4,xe_kr_selectivity,nsites,0.039514172822237015
3,finetune_000095_v00,finetune_000095,Cd3H8(C6O5)4,xe_kr_selectivity,nelements,0.003525241743773222
3,finetune_000095_v00,finetune_000095,Cd3H8(C6O5)4,xe_kr_selectivity,open_metal_site,-0.0
3,finetune_000095_v00,finetune_000095,Cd3H8(C6O5)4,xe_kr_selectivity,has_functional_group,0.0007957742200233042
3,finetune_000095_v00,finetune_000095,Cd3H8(C6O5)4,xe_kr_selectivity,mean_electronegativity_diff,-0.0029862939845770597
3,finetune_000095_v00,finetune_000095,Cd3H8(C6O5)4,xe_kr_selectivity,mean_atomic_radius_A,0.014441249892115593
3,finetune_000095_v00,finetune_000095,Cd3H8(C6O5)4,xe_kr_selectivity,mean_atomic_number,-0.036897432059049606
3,finetune_000095_v00,finetune_000095,Cd3H8(C6O5)4,xe_kr_selectivity,metal_fraction,0.02934456616640091
3,finetune_000095_v00,finetune_000095,Cd3H8(C6O5)4,i2_uptake_mmol_g,pore_volume_cm3_g,-0.15523451566696167
3,finetune_000095_v00,finetune_000095,Cd3H8(C6O5)4,i2_uptake_mmol_g,void_fraction,-0.15730538964271545
3,finetune_000095_v00,finetune_000095,Cd3H8(C6O5)4,i2_uptake_mmol_g,gravimetric_surface_area_m2_g,-0.10648396611213684
3,finetune_000095_v00,finetune_000095,Cd3H8(C6O5)4,i2_uptake_mmol_g,volumetric_surface_area_m2_cm3,-0.10726165771484375
3,finetune_000095_v00,finetune_000095,Cd3H8(C6O5)4,i2_uptake_mmol_g,lcd_A,-0.08675173670053482
3,finetune_000095_v00,finetune_000095,Cd3H8(C6O5)4,i2_uptake_mmol_g,pld_A,-0.12660953402519226
3,finetune_000095_v00,finetune_000095,Cd3H8(C6O5)4,i2_uptake_mmol_g,density_g_cm3,-0.04588877409696579
3,finetune_000095_v00,finetune_000095,Cd3H8(C6O5)4,i2_uptake_mmol_g,nsites,0.04033370316028595
3,finetune_000095_v00,finetune_000095,Cd3H8(C6O5)4,i2_uptake_mmol_g,nelements,-0.004556572530418634
3,finetune_000095_v00,finetune_000095,Cd3H8(C6O5)4,i2_uptake_mmol_g,open_metal_site,-0.0
3,finetune_000095_v00,finetune_000095,Cd3H8(C6O5)4,i2_uptake_mmol_g,has_functional_group,-0.10622245818376541
3,finetune_000095_v00,finetune_000095,Cd3H8(C6O5)4,i2_uptake_mmol_g,mean_electronegativity_diff,0.002936282195150852
3,finetune_000095_v00,finetune_000095,Cd3H8(C6O5)4,i2_uptake_mmol_g,mean_atomic_radius_A,0.010500725358724594
3,finetune_000095_v00,finetune_000095,Cd3H8(C6O5)4,i2_uptake_mmol_g,mean_atomic_number,-0.0034756280947476625
3,finetune_000095_v00,finetune_000095,Cd3H8(C6O5)4,i2_uptake_mmol_g,metal_fraction,-0.019623827189207077
3,finetune_000142_v00,finetune_000142,CuH8(C2N)4,xe_uptake_mmol_g,pore_volume_cm3_g,-0.14745134115219116
3,finetune_000142_v00,finetune_000142,CuH8(C2N)4,xe_uptake_mmol_g,void_fraction,-0.16292059421539307
3,finetune_000142_v00,finetune_000142,CuH8(C2N)4,xe_uptake_mmol_g,gravimetric_surface_area_m2_g,-0.06567949056625366
3,finetune_000142_v00,finetune_000142,CuH8(C2N)4,xe_uptake_mmol_g,volumetric_surface_area_m2_cm3,-0.08339046686887741
3,finetune_000142_v00,finetune_000142,CuH8(C2N)4,xe_uptake_mmol_g,lcd_A,-0.07060457020998001
3,finetune_000142_v00,finetune_000142,CuH8(C2N)4,xe_uptake_mmol_g,pld_A,-0.0920725166797638
3,finetune_000142_v00,finetune_000142,CuH8(C2N)4,xe_uptake_mmol_g,density_g_cm3,0.07492001354694366
3,finetune_000142_v00,finetune_000142,CuH8(C2N)4,xe_uptake_mmol_g,nsites,-0.032604534178972244
3,finetune_000142_v00,finetune_000142,CuH8(C2N)4,xe_uptake_mmol_g,nelements,-0.002823841292411089
3,finetune_000142_v00,finetune_000142,CuH8(C2N)4,xe_uptake_mmol_g,open_metal_site,-0.0
3,finetune_000142_v00,finetune_000142,CuH8(C2N)4,xe_uptake_mmol_g,has_functional_group,0.009043957106769085
3,finetune_000142_v00,finetune_000142,CuH8(C2N)4,xe_uptake_mmol_g,mean_electronegativity_diff,0.010093863122165203
3,finetune_000142_v00,finetune_000142,CuH8(C2N)4,xe_uptake_mmol_g,mean_atomic_radius_A,0.018222084268927574
3,finetune_000142_v00,finetune_000142,CuH8(C2N)4,xe_uptake_mmol_g,mean_atomic_number,-0.0464930422604084
3,finetune_000142_v00,finetune_000142,CuH8(C2N)4,xe_uptake_mmol_g,metal_fraction,-0.03709784895181656
3,finetune_000142_v00,finetune_000142,CuH8(C2N)4,kr_uptake_mmol_g,pore_volume_cm3_g,-0.1572669893503189
3,finetune_000142_v00,finetune_000142,CuH8(C2N)4,kr_uptake_mmol_g,void_fraction,-0.16763238608837128
3,finetune_000142_v00,finetune_000142,CuH8(C2N)4,kr_uptake_mmol_g,gravimetric_surface_area_m2_g,-0.05818379670381546
3,finetune_000142_v00,finetune_000142,CuH8(C2N)4,kr_uptake_mmol_g,volumetric_surface_area_m2_cm3,-0.08838208019733429
3,finetune_000142_v00,finetune_000142,CuH8(C2N)4,kr_uptake_mmol_g,lcd_A,-0.08600747585296631
3,finetune_000142_v00,finetune_000142,CuH8(C2N)4,kr_uptake_mmol_g,pld_A,-0.11718673259019852
3,finetune_000142_v00,finetune_000142,CuH8(C2N)4,kr_uptake_mmol_g,density_g_cm3,0.07777833938598633
3,finetune_000142_v00,finetune_000142,CuH8(C2N)4,kr_uptake_mmol_g,nsites,-0.03189937397837639
3,finetune_000142_v00,finetune_000142,CuH8(C2N)4,kr_uptake_mmol_g,nelements,-0.0014581835130229592
3,finetune_000142_v00,finetune_000142,CuH8(C2N)4,kr_uptake_mmol_g,open_metal_site,-0.0
3,finetune_000142_v00,finetune_000142,CuH8(C2N)4,kr_uptake_mmol_g,has_functional_group,0.003070893231779337
3,finetune_000142_v00,finetune_000142,CuH8(C2N)4,kr_uptake_mmol_g,mean_electronegativity_diff,-0.007874557748436928
3,finetune_000142_v00,finetune_000142,CuH8(C2N)4,kr_uptake_mmol_g,mean_atomic_radius_A,0.023079948499798775
3,finetune_000142_v00,finetune_000142,CuH8(C2N)4,kr_uptake_mmol_g,mean_atomic_number,-0.055138424038887024
3,finetune_000142_v00,finetune_000142,CuH8(C2N)4,kr_uptake_mmol_g,metal_fraction,-0.02036983147263527
3,finetune_000142_v00,finetune_000142,CuH8(C2N)4,xe_kr_selectivity,pore_volume_cm3_g,-0.06869519501924515
3,finetune_000142_v00,finetune_000142,CuH8(C2N)4,xe_kr_selectivity,void_fraction,-0.13276638090610504
3,finetune_000142_v00,finetune_000142,CuH8(C2N)4,xe_kr_selectivity,gravimetric_surface_area_m2_g,-0.02395385131239891
3,finetune_000142_v00,finetune_000142,CuH8(C2N)4,xe_kr_selectivity,volumetric_surface_area_m2_cm3,-0.052520833909511566
3,finetune_000142_v00,finetune_000142,CuH8(C2N)4,xe_kr_selectivity,lcd_A,-0.14767669141292572
3,finetune_000142_v00,finetune_000142,CuH8(C2N)4,xe_kr_selectivity,pld_A,-0.20472386479377747
3,finetune_000142_v00,finetune_000142,CuH8(C2N)4,xe_kr_selectivity,density_g_cm3,-0.006602939683943987
3,finetune_000142_v00,finetune_000142,CuH8(C2N)4,xe_kr_selectivity,nsites,-0.026185426861047745
3,finetune_000142_v00,finetune_000142,CuH8(C2N)4,xe_kr_selectivity,nelements,0.0027243695221841335
3,finetune_000142_v00,finetune_000142,CuH8(C2N)4,xe_kr_selectivity,open_metal_site,0.0
3,finetune_000142_v00,finetune_000142,CuH8(C2N)4,xe_kr_selectivity,has_functional_group,-0.005527151748538017
3,finetune_000142_v00,finetune_000142,CuH8(C2N)4,xe_kr_selectivity,mean_electronegativity_diff,-0.006083681248128414
3,finetune_000142_v00,finetune_000142,CuH8(C2N)4,xe_kr_selectivity,mean_atomic_radius_A,0.05274546518921852
3,finetune_000142_v00,finetune_000142,CuH8(C2N)4,xe_kr_selectivity,mean_atomic_number,-0.17165294289588928
3,finetune_000142_v00,finetune_000142,CuH8(C2N)4,xe_kr_selectivity,metal_fraction,0.045367781072854996
3,finetune_000142_v00,finetune_000142,CuH8(C2N)4,i2_uptake_mmol_g,pore_volume_cm3_g,-0.13245943188667297
3,finetune_000142_v00,finetune_000142,CuH8(C2N)4,i2_uptake_mmol_g,void_fraction,-0.1592133343219757
3,finetune_000142_v00,finetune_000142,CuH8(C2N)4,i2_uptake_mmol_g,gravimetric_surface_area_m2_g,-0.06507959961891174
3,finetune_000142_v00,finetune_000142,CuH8(C2N)4,i2_uptake_mmol_g,volumetric_surface_area_m2_cm3,-0.08218301087617874
3,finetune_000142_v00,finetune_000142,CuH8(C2N)4,i2_uptake_mmol_g,lcd_A,-0.08870495110750198
3,finetune_000142_v00,finetune_000142,CuH8(C2N)4,i2_uptake_mmol_g,pld_A,-0.12890063226222992
3,finetune_000142_v00,finetune_000142,CuH8(C2N)4,i2_uptake_mmol_g,density_g_cm3,0.06746289134025574
3,finetune_000142_v00,finetune_000142,CuH8(C2N)4,i2_uptake_mmol_g,nsites,-0.032180722802877426
3,finetune_000142_v00,finetune_000142,CuH8(C2N)4,i2_uptake_mmol_g,nelements,-0.003827970242127776
3,finetune_000142_v00,finetune_000142,CuH8(C2N)4,i2_uptake_mmol_g,open_metal_site,-0.0
3,finetune_000142_v00,finetune_000142,CuH8(C2N)4,i2_uptake_mmol_g,has_functional_group,-0.10573369264602661
3,finetune_000142_v00,finetune_000142,CuH8(C2N)4,i2_uptake_mmol_g,mean_electronegativity_diff,0.007012630812823772
3,finetune_000142_v00,finetune_000142,CuH8(C2N)4,i2_uptake_mmol_g,mean_atomic_radius_A,0.030678920447826385
3,finetune_000142_v00,finetune_000142,CuH8(C2N)4,i2_uptake_mmol_g,mean_atomic_number,-0.026267345994710922
3,finetune_000142_v00,finetune_000142,CuH8(C2N)4,i2_uptake_mmol_g,metal_fraction,-0.018043290823698044
3,finetune_000055_v00,finetune_000055,ZnHC4O3,xe_uptake_mmol_g,pore_volume_cm3_g,0.2614850103855133
3,finetune_000055_v00,finetune_000055,ZnHC4O3,xe_uptake_mmol_g,void_fraction,0.21511930227279663
3,finetune_000055_v00,finetune_000055,ZnHC4O3,xe_uptake_mmol_g,gravimetric_surface_area_m2_g,0.08880467712879181
3,finetune_000055_v00,finetune_000055,ZnHC4O3,xe_uptake_mmol_g,volumetric_surface_area_m2_cm3,0.05886969715356827
3,finetune_000055_v00,finetune_000055,ZnHC4O3,xe_uptake_mmol_g,lcd_A,0.06916973739862442
3,finetune_000055_v00,finetune_000055,ZnHC4O3,xe_uptake_mmol_g,pld_A,0.05756988003849983
3,finetune_000055_v00,finetune_000055,ZnHC4O3,xe_uptake_mmol_g,density_g_cm3,0.11764894425868988
3,finetune_000055_v00,finetune_000055,ZnHC4O3,xe_uptake_mmol_g,nsites,0.10136093944311142
3,finetune_000055_v00,finetune_000055,ZnHC4O3,xe_uptake_mmol_g,nelements,-0.0016777628334239125
3,finetune_000055_v00,finetune_000055,ZnHC4O3,xe_uptake_mmol_g,open_metal_site,-0.0
3,finetune_000055_v00,finetune_000055,ZnHC4O3,xe_uptake_mmol_g,has_functional_group,0.007003319915384054
3,finetune_000055_v00,finetune_000055,ZnHC4O3,xe_uptake_mmol_g,mean_electronegativity_diff,-0.0034735416993498802
3,finetune_000055_v00,finetune_000055,ZnHC4O3,xe_uptake_mmol_g,mean_atomic_radius_A,-0.003891842672601342
3,finetune_000055_v00,finetune_000055,ZnHC4O3,xe_uptake_mmol_g,mean_atomic_number,-0.004583290312439203
3,finetune_000055_v00,finetune_000055,ZnHC4O3,xe_uptake_mmol_g,metal_fraction,0.06571683287620544
3,finetune_000055_v00,finetune_000055,ZnHC4O3,kr_uptake_mmol_g,pore_volume_cm3_g,0.26606082916259766
3,finetune_000055_v00,finetune_000055,ZnHC4O3,kr_uptake_mmol_g,void_fraction,0.2103397399187088
3,finetune_000055_v00,finetune_000055,ZnHC4O3,kr_uptake_mmol_g,gravimetric_surface_area_m2_g,0.08376497775316238
3,finetune_000055_v00,finetune_000055,ZnHC4O3,kr_uptake_mmol_g,volumetric_surface_area_m2_cm3,0.057528357952833176
3,finetune_000055_v00,finetune_000055,ZnHC4O3,kr_uptake_mmol_g,lcd_A,0.07087936252355576
3,finetune_000055_v00,finetune_000055,ZnHC4O3,kr_uptake_mmol_g,pld_A,0.062161851674318314
3,finetune_000055_v00,finetune_000055,ZnHC4O3,kr_uptake_mmol_g,density_g_cm3,0.12807829678058624
3,finetune_000055_v00,finetune_000055,ZnHC4O3,kr_uptake_mmol_g,nsites,0.10528028756380081
3,finetune_000055_v00,finetune_000055,ZnHC4O3,kr_uptake_mmol_g,nelements,0.0026688589714467525
3,finetune_000055_v00,finetune_000055,ZnHC4O3,kr_uptake_mmol_g,open_metal_site,-0.0
3,finetune_000055_v00,finetune_000055,ZnHC4O3,kr_uptake_mmol_g,has_functional_group,0.008412203751504421
3,finetune_000055_v00,finetune_000055,ZnHC4O3,kr_uptake_mmol_g,mean_electronegativity_diff,-0.006621079985052347
3,finetune_000055_v00,finetune_000055,ZnHC4O3,kr_uptake_mmol_g,mean_atomic_radius_A,-0.00426908815279603
3,finetune_000055_v00,finetune_000055,ZnHC4O3,kr_uptake_mmol_g,mean_atomic_number,-0.003991241566836834
3,finetune_000055_v00,finetune_000055,ZnHC4O3,kr_uptake_mmol_g,metal_fraction,0.04643287509679794
3,finetune_000055_v00,finetune_000055,ZnHC4O3,xe_kr_selectivity,pore_volume_cm3_g,0.08572451770305634
3,finetune_000055_v00,finetune_000055,ZnHC4O3,xe_kr_selectivity,void_fraction,0.09680189192295074
3,finetune_000055_v00,finetune_000055,ZnHC4O3,xe_kr_selectivity,gravimetric_surface_area_m2_g,0.015179299749433994
3,finetune_000055_v00,finetune_000055,ZnHC4O3,xe_kr_selectivity,volumetric_surface_area_m2_cm3,0.02349485456943512
3,finetune_000055_v00,finetune_000055,ZnHC4O3,xe_kr_selectivity,lcd_A,0.08938830345869064
3,finetune_000055_v00,finetune_000055,ZnHC4O3,xe_kr_selectivity,pld_A,0.08130960166454315
3,finetune_000055_v00,finetune_000055,ZnHC4O3,xe_kr_selectivity,density_g_cm3,-0.008648723363876343
3,finetune_000055_v00,finetune_000055,ZnHC4O3,xe_kr_selectivity,nsites,0.062399111688137054
3,finetune_000055_v00,finetune_000055,ZnHC4O3,xe_kr_selectivity,nelements,0.007361503317952156
3,finetune_000055_v00,finetune_000055,ZnHC4O3,xe_kr_selectivity,open_metal_site,-0.0
3,finetune_000055_v00,finetune_000055,ZnHC4O3,xe_kr_selectivity,has_functional_group,-0.015333655290305614
3,finetune_000055_v00,finetune_000055,ZnHC4O3,xe_kr_selectivity,mean_electronegativity_diff,-0.008659657090902328
3,finetune_000055_v00,finetune_000055,ZnHC4O3,xe_kr_selectivity,mean_atomic_radius_A,-0.0022741726133972406
3,finetune_000055_v00,finetune_000055,ZnHC4O3,xe_kr_selectivity,mean_atomic_number,-0.01804426871240139
3,finetune_000055_v00,finetune_000055,ZnHC4O3,xe_kr_selectivity,metal_fraction,-0.05008489638566971
3,finetune_000055_v00,finetune_000055,ZnHC4O3,i2_uptake_mmol_g,pore_volume_cm3_g,0.21851877868175507
3,finetune_000055_v00,finetune_000055,ZnHC4O3,i2_uptake_mmol_g,void_fraction,0.18084530532360077
3,finetune_000055_v00,finetune_000055,ZnHC4O3,i2_uptake_mmol_g,gravimetric_surface_area_m2_g,0.07698646187782288
3,finetune_000055_v00,finetune_000055,ZnHC4O3,i2_uptake_mmol_g,volumetric_surface_area_m2_cm3,0.05794297531247139
3,finetune_000055_v00,finetune_000055,ZnHC4O3,i2_uptake_mmol_g,lcd_A,0.06435825675725937
3,finetune_000055_v00,finetune_000055,ZnHC4O3,i2_uptake_mmol_g,pld_A,0.06740852445363998
3,finetune_000055_v00,finetune_000055,ZnHC4O3,i2_uptake_mmol_g,density_g_cm3,0.1206357479095459
3,finetune_000055_v00,finetune_000055,ZnHC4O3,i2_uptake_mmol_g,nsites,0.10916981846094131
3,finetune_000055_v00,finetune_000055,ZnHC4O3,i2_uptake_mmol_g,nelements,-0.0041876863688230515
3,finetune_000055_v00,finetune_000055,ZnHC4O3,i2_uptake_mmol_g,open_metal_site,-0.0
3,finetune_000055_v00,finetune_000055,ZnHC4O3,i2_uptake_mmol_g,has_functional_group,-0.2537180185317993
3,finetune_000055_v00,finetune_000055,ZnHC4O3,i2_uptake_mmol_g,mean_electronegativity_diff,-0.005922793410718441
3,finetune_000055_v00,finetune_000055,ZnHC4O3,i2_uptake_mmol_g,mean_atomic_radius_A,-0.0040533533319830894
3,finetune_000055_v00,finetune_000055,ZnHC4O3,i2_uptake_mmol_g,mean_atomic_number,0.0001382029295200482
3,finetune_000055_v00,finetune_000055,ZnHC4O3,i2_uptake_mmol_g,metal_fraction,0.050326719880104065
3,finetune_000158_v00,finetune_000158,CoHC4O3,xe_uptake_mmol_g,pore_volume_cm3_g,0.24355052411556244
3,finetune_000158_v00,finetune_000158,CoHC4O3,xe_uptake_mmol_g,void_fraction,0.18236437439918518
3,finetune_000158_v00,finetune_000158,CoHC4O3,xe_uptake_mmol_g,gravimetric_surface_area_m2_g,0.08753930032253265
3,finetune_000158_v00,finetune_000158,CoHC4O3,xe_uptake_mmol_g,volumetric_surface_area_m2_cm3,0.048733554780483246
3,finetune_000158_v00,finetune_000158,CoHC4O3,xe_uptake_mmol_g,lcd_A,0.0486946776509285
3,finetune_000158_v00,finetune_000158,CoHC4O3,xe_uptake_mmol_g,pld_A,0.03432471677660942
3,finetune_000158_v00,finetune_000158,CoHC4O3,xe_uptake_mmol_g,density_g_cm3,0.1291893869638443
3,finetune_000158_v00,finetune_000158,CoHC4O3,xe_uptake_mmol_g,nsites,0.10149157792329788
3,finetune_000158_v00,finetune_000158,CoHC4O3,xe_uptake_mmol_g,nelements,-0.0015824787551537156
3,finetune_000158_v00,finetune_000158,CoHC4O3,xe_uptake_mmol_g,open_metal_site,-0.0
3,finetune_000158_v00,finetune_000158,CoHC4O3,xe_uptake_mmol_g,has_functional_group,0.0035009277053177357
3,finetune_000158_v00,finetune_000158,CoHC4O3,xe_uptake_mmol_g,mean_electronegativity_diff,-0.00754591403529048
3,finetune_000158_v00,finetune_000158,CoHC4O3,xe_uptake_mmol_g,mean_atomic_radius_A,-0.003263294231146574
3,finetune_000158_v00,finetune_000158,CoHC4O3,xe_uptake_mmol_g,mean_atomic_number,-0.010708846151828766
3,finetune_000158_v00,finetune_000158,CoHC4O3,xe_uptake_mmol_g,metal_fraction,0.0651056319475174
3,finetune_000158_v00,finetune_000158,CoHC4O3,kr_uptake_mmol_g,pore_volume_cm3_g,0.24906879663467407
3,finetune_000158_v00,finetune_000158,CoHC4O3,kr_uptake_mmol_g,void_fraction,0.1807176172733307
3,finetune_000158_v00,finetune_000158,CoHC4O3,kr_uptake_mmol_g,gravimetric_surface_area_m2_g,0.08296970278024673
3,finetune_000158_v00,finetune_000158,CoHC4O3,kr_uptake_mmol_g,volumetric_surface_area_m2_cm3,0.04759583994746208
3,finetune_000158_v00,finetune_000158,CoHC4O3,kr_uptake_mmol_g,lcd_A,0.050688739866018295
3,finetune_000158_v00,finetune_000158,CoHC4O3,kr_uptake_mmol_g,pld_A,0.03752896934747696
3,finetune_000158_v00,finetune_000158,CoHC4O3,kr_uptake_mmol_g,density_g_cm3,0.14033299684524536
3,finetune_000158_v00,finetune_000158,CoHC4O3,kr_uptake_mmol_g,nsites,0.10547161847352982
3,finetune_000158_v00,finetune_000158,CoHC4O3,kr_uptake_mmol_g,nelements,0.002473740605637431
3,finetune_000158_v00,finetune_000158,CoHC4O3,kr_uptake_mmol_g,open_metal_site,-0.0
3,finetune_000158_v00,finetune_000158,CoHC4O3,kr_uptake_mmol_g,has_functional_group,0.005771906580775976
3,finetune_000158_v00,finetune_000158,CoHC4O3,kr_uptake_mmol_g,mean_electronegativity_diff,-0.014625444076955318
3,finetune_000158_v00,finetune_000158,CoHC4O3,kr_uptake_mmol_g,mean_atomic_radius_A,-0.0037126631941646338
3,finetune_000158_v00,finetune_000158,CoHC4O3,kr_uptake_mmol_g,mean_atomic_number,-0.009846450760960579
3,finetune_000158_v00,finetune_000158,CoHC4O3,kr_uptake_mmol_g,metal_fraction,0.04577844217419624
3,finetune_000158_v00,finetune_000158,CoHC4O3,xe_kr_selectivity,pore_volume_cm3_g,0.07629524916410446
3,finetune_000158_v00,finetune_000158,CoHC4O3,xe_kr_selectivity,void_fraction,0.08022859692573547
3,finetune_000158_v00,finetune_000158,CoHC4O3,xe_kr_selectivity,gravimetric_surface_area_m2_g,0.013912325724959373
3,finetune_000158_v00,finetune_000158,CoHC4O3,xe_kr_selectivity,volumetric_surface_area_m2_cm3,0.018469035625457764
3,finetune_000158_v00,finetune_000158,CoHC4O3,xe_kr_selectivity,lcd_A,0.06279101222753525
3,finetune_000158_v00,finetune_000158,CoHC4O3,xe_kr_selectivity,pld_A,0.048099271953105927
3,finetune_000158_v00,finetune_000158,CoHC4O3,xe_kr_selectivity,density_g_cm3,-0.01023674476891756
3,finetune_000158_v00,finetune_000158,CoHC4O3,xe_kr_selectivity,nsites,0.059478458017110825
3,finetune_000158_v00,finetune_000158,CoHC4O3,xe_kr_selectivity,nelements,0.007056019734591246
3,finetune_000158_v00,finetune_000158,CoHC4O3,xe_kr_selectivity,open_metal_site,-0.0
3,finetune_000158_v00,finetune_000158,CoHC4O3,xe_kr_selectivity,has_functional_group,-0.017904995009303093
3,finetune_000158_v00,finetune_000158,CoHC4O3,xe_kr_selectivity,mean_electronegativity_diff,-0.01645110733807087
3,finetune_000158_v00,finetune_000158,CoHC4O3,xe_kr_selectivity,mean_atomic_radius_A,-0.002325361594557762
3,finetune_000158_v00,finetune_000158,CoHC4O3,xe_kr_selectivity,mean_atomic_number,-0.039951618760824203
3,finetune_000158_v00,finetune_000158,CoHC4O3,xe_kr_selectivity,metal_fraction,-0.050484590232372284
3,finetune_000158_v00,finetune_000158,CoHC4O3,i2_uptake_mmol_g,pore_volume_cm3_g,0.2058347910642624
3,finetune_000158_v00,finetune_000158,CoHC4O3,i2_uptake_mmol_g,void_fraction,0.15530171990394592
3,finetune_000158_v00,finetune_000158,CoHC4O3,i2_uptake_mmol_g,gravimetric_surface_area_m2_g,0.07712945342063904
3,finetune_000158_v00,finetune_000158,CoHC4O3,i2_uptake_mmol_g,volumetric_surface_area_m2_cm3,0.04834023118019104
3,finetune_000158_v00,finetune_000158,CoHC4O3,i2_uptake_mmol_g,lcd_A,0.046936556696891785
3,finetune_000158_v00,finetune_000158,CoHC4O3,i2_uptake_mmol_g,pld_A,0.041381146758794785
3,finetune_000158_v00,finetune_000158,CoHC4O3,i2_uptake_mmol_g,density_g_cm3,0.13337215781211853
3,finetune_000158_v00,finetune_000158,CoHC4O3,i2_uptake_mmol_g,nsites,0.10988031327724457
3,finetune_000158_v00,finetune_000158,CoHC4O3,i2_uptake_mmol_g,nelements,-0.003537578508257866
3,finetune_000158_v00,finetune_000158,CoHC4O3,i2_uptake_mmol_g,open_metal_site,-0.0
3,finetune_000158_v00,finetune_000158,CoHC4O3,i2_uptake_mmol_g,has_functional_group,-0.2507169842720032
3,finetune_000158_v00,finetune_000158,CoHC4O3,i2_uptake_mmol_g,mean_electronegativity_diff,-0.011856870725750923
3,finetune_000158_v00,finetune_000158,CoHC4O3,i2_uptake_mmol_g,mean_atomic_radius_A,-0.0035506635904312134
3,finetune_000158_v00,finetune_000158,CoHC4O3,i2_uptake_mmol_g,mean_atomic_number,-0.00043833800009451807
3,finetune_000158_v00,finetune_000158,CoHC4O3,i2_uptake_mmol_g,metal_fraction,0.04850776493549347
