sample_id,base_mof_id,mof_name,source,cif_path,formula,is_augmented,defect_fraction,n_removed,metal_substituted_to,functional_group,noise_sigma_A,augmentation_ops,open_metal_site,has_functional_group,pore_volume_cm3_g,void_fraction,gravimetric_surface_area_m2_g,volumetric_surface_area_m2_cm3,lcd_A,pld_A,density_g_cm3,nsites,nelements,mean_atomic_number,mean_atomic_radius_A,mean_electronegativity_diff,metal_fraction
finetune_000000_v00,finetune_000000,ZnCrH18C14(N2O)2,HF_COREMOF_GCMC,/home/rakeyma/Tüm_çalışmalar/MOF Radyoaktif Gaz Adsorpsiyonu/data/processed/augmented_cif/finetune_000000_v00.cif,ZnCrH18C14(N2O)2,False,0.0,0,,,0.0,none,False,False,0.09604547402800646,0.10185166600708184,3.4245074118772756e+25,3.6315275517469388e+25,2.2145268798608373,1.2179897839234606,1.0604525308228716,40,6,5.0,0.52125,0.6658995586589784,0.05
finetune_000000_v01,finetune_000000,ZnCrH18C14(N2O)2,HF_COREMOF_GCMC,/home/rakeyma/Tüm_çalışmalar/MOF Radyoaktif Gaz Adsorpsiyonu/data/processed/augmented_cif/finetune_000000_v01.cif,ZnCrH18C14(N2O)2,True,0.0,0,,,0.08266541277024628,noise,False,False,0.09604547402800646,0.10185166600708184,3.4245074118772756e+25,3.6315275517469388e+25,2.2145268798608373,1.2179897839234606,1.0604525308228716,40,6,5.0,0.52125,0.6658995586589784,0.05
finetune_000000_v02,finetune_000000,ZnCrH18C14(N2O)2,HF_COREMOF_GCMC,/home/rakeyma/Tüm_çalışmalar/MOF Radyoaktif Gaz Adsorpsiyonu/data/processed/augmented_cif/finetune_000000_v02.cif,CrH14C13N6O,True,0.1737838819862168,7,Mg,-NH2,0.09860736628512905,"functional,substitution,defect,noise",False,True,0.22961780483240207,0.20033583592824566,8.187037260269659e+25,7.142986818940134e+25,3.105819474188222,1.7082007108035222,0.8724751814192749,35,5,4.742857142857143,0.5285714285714286,0.6233586447623871,0.02857142857142857
finetune_000000_v03,finetune_000000,ZnCrH18C14(N2O)2,HF_COREMOF_GCMC,/home/rakeyma/Tüm_çalışmalar/MOF Radyoaktif Gaz Adsorpsiyonu/data/processed/augmented_cif/finetune_000000_v03.cif,CrCoH17C16(N2O)2,True,0.047323509549803244,1,Co,-CH3,0.0325377619603728,"functional,substitution,defect,noise",False,True,0.04523976436177892,0.05,1.6130266411441542e+25,1.7827531419537286e+25,1.551607569587104,1.2,1.1052223791475533,41,6,5.073170731707317,0.5365853658536585,0.6256840700829417,0.04878048780487805
finetune_000000_v04,finetune_000000,ZnCrH18C14(N2O)2,HF_COREMOF_GCMC,/home/rakeyma/Tüm_çalışmalar/MOF Radyoaktif Gaz Adsorpsiyonu/data/processed/augmented_cif/finetune_000000_v04.cif,CrCoH16C12N5O2,True,0.1298527104159805,5,Co,-NH2,0.05889936696493764,"functional,substitution,defect,noise",False,True,0.160859251993535,0.16252463470555023,5.735446738076024e+25,5.794826063324034e+25,2.797412342987562,1.5385767886431592,1.0103530427462273,37,6,5.135135135135135,0.5297297297297296,0.6256840700829417,0.05405405405405406
finetune_000000_v05,finetune_000000,ZnCrH18C14(N2O)2,HF_COREMOF_GCMC,/home/rakeyma/Tüm_çalışmalar/MOF Radyoaktif Gaz Adsorpsiyonu/data/processed/augmented_cif/finetune_000000_v05.cif,ZnCrH18C15N3O2,True,0.07122375761326005,2,,-CH3,0.05508691903226898,"noise,defect,functional",False,True,0.08884064706992992,0.09373124182027337,3.167618853942398e+25,3.3419933170863423e+25,2.1244135997092695,1.2,1.0550490671966164,40,6,4.975,0.5225,0.6658995586589784,0.05
finetune_000000_v06,finetune_000000,ZnCrH18C14(N2O)2,HF_COREMOF_GCMC,/home/rakeyma/Tüm_çalışmalar/MOF Radyoaktif Gaz Adsorpsiyonu/data/processed/augmented_cif/finetune_000000_v06.cif,ZnCrH18C12(N3O)2,True,0.06029685565331723,2,,-NH2,0.08439358998001961,"functional,defect,noise",False,True,0.11023707981338426,0.11809251438069879,3.930510007942296e+25,4.210596021068134e+25,2.3845589989805527,1.311507449439304,1.0712594580753831,40,6,5.05,0.51875,0.6658995586589784,0.05
finetune_000001_v00,finetune_000001,ErH4(CO2)4,HF_COREMOF_GCMC,/home/rakeyma/Tüm_çalışmalar/MOF Radyoaktif Gaz Adsorpsiyonu/data/processed/augmented_cif/finetune_000001_v00.cif,ErH4(CO2)4,False,0.0,0,,,0.0,none,False,False,0.023600667038622233,0.05,9.4800095235009e+24,2.008419827284324e+25,1.5,1.2,2.1185841873950237,34,4,9.411764705882353,0.6088235294117648,0.7877935960643498,0.058823529411764705
finetune_000001_v01,finetune_000001,ErH4(CO2)4,HF_COREMOF_GCMC,/home/rakeyma/Tüm_çalışmalar/MOF Radyoaktif Gaz Adsorpsiyonu/data/processed/augmented_cif/finetune_000001_v01.cif,Er2H7C7O15,True,0.1060939052373065,3,,,0.14917014983166077,"defect,noise",False,False,0.03630339395241478,0.07369894757034356,1.4582491242348733e+25,2.960368551005317e+25,1.7982537177351394,1.2,2.0300842303324464,31,4,9.838709677419354,0.6177419354838711,0.7877935960643498,0.06451612903225806
finetune_000001_v02,finetune_000001,ErH4(CO2)4,HF_COREMOF_GCMC,/home/rakeyma/Tüm_çalışmalar/MOF Radyoaktif Gaz Adsorpsiyonu/data/processed/augmented_cif/finetune_000001_v02.cif,Er2H7C7O16,True,0.07421609243618141,2,,,0.13520529567175432,"defect,noise",False,False,0.024051416837306973,0.05,9.661068490065469e+24,2.008419827284324e+25,1.5,1.2,2.0788796077261984,32,4,9.78125,0.6171875,0.7877935960643498,0.0625
finetune_000001_v03,finetune_000001,ErH4(CO2)4,HF_COREMOF_GCMC,/home/rakeyma/Tüm_çalışmalar/MOF Radyoaktif Gaz Adsorpsiyonu/data/processed/augmented_cif/finetune_000001_v03.cif,Er2H8C9O13,True,0.10091759591384973,3,,-CH3,0.1113712873055794,"defect,noise,functional",False,True,0.02489012758679235,0.05,9.997965149790055e+24,2.0084198272843243e+25,1.5,1.2,2.0088285938129107,32,4,9.4375,0.6125,0.7877935960643498,0.0625
finetune_000001_v04,finetune_000001,ErH4(CO2)4,HF_COREMOF_GCMC,/home/rakeyma/Tüm_çalışmalar/MOF Radyoaktif Gaz Adsorpsiyonu/data/processed/augmented_cif/finetune_000001_v04.cif,Er2H5C7NO15,True,0.15487939273860107,5,,-NH2,0.11233954987381804,"functional,defect,noise",False,True,0.03170805846623076,0.06552959024991356,1.273661866165368e+25,2.6322185666348777e+25,1.6956610718305092,1.2,2.066654138401533,30,5,10.333333333333334,0.6433333333333334,0.7556612997897934,0.06666666666666667
finetune_000001_v05,finetune_000001,ErH4(CO2)4,HF_COREMOF_GCMC,/home/rakeyma/Tüm_çalışmalar/MOF Radyoaktif Gaz Adsorpsiyonu/data/processed/augmented_cif/finetune_000001_v05.cif,ErH4(CO2)4,True,0.0,0,,,0.1373413797262537,"substitution,noise,defect",False,False,0.023600667038622233,0.05,9.4800095235009e+24,2.008419827284324e+25,1.5,1.2,2.1185841873950237,34,4,9.411764705882353,0.6088235294117648,0.7877935960643498,0.058823529411764705
finetune_000001_v06,finetune_000001,ErH4(CO2)4,HF_COREMOF_GCMC,/home/rakeyma/Tüm_çalışmalar/MOF Radyoaktif Gaz Adsorpsiyonu/data/processed/augmented_cif/finetune_000001_v06.cif,Er2H6C7O15,True,0.1462361855071992,4,,,0.1326770546042884,"defect,substitution,noise",False,False,0.041410138642629254,0.08393877296739327,1.6633788700089869e+25,3.371685918112601e+25,1.9191177927550331,1.2,2.027010189262765,30,4,10.133333333333333,0.6300000000000002,0.7877935960643498,0.06666666666666667
finetune_000002_v00,finetune_000002,LiC6N4F3,HF_COREMOF_GCMC,/home/rakeyma/Tüm_çalışmalar/MOF Radyoaktif Gaz Adsorpsiyonu/data/processed/augmented_cif/finetune_000002_v00.cif,LiC6N4F3,False,0.0,0,,,0.0,none,False,False,0.039745277462582225,0.05,8.573472372599009e+24,1.0785523362706945e+25,1.954323412334816,1.2,1.258011094451963,56,4,6.714285714285714,0.6964285714285714,1.0861946188413936,0.07142857142857142
finetune_000002_v01,finetune_000002,LiC6N4F3,HF_COREMOF_GCMC,/home/rakeyma/Tüm_çalışmalar/MOF Radyoaktif Gaz Adsorpsiyonu/data/processed/augmented_cif/finetune_000002_v01.cif,LiC6N5F3,True,0.0,0,,-NH2,0.1034665210312743,"noise,substitution,functional",False,True,0.03704329418751869,0.05,7.990626297822185e+24,1.0785523362706945e+25,1.954323412334816,1.2,1.349771965389809,60,4,6.733333333333333,0.6933333333333332,1.0861946188413936,0.06666666666666667
finetune_000002_v02,finetune_000002,LiC6N4F3,HF_COREMOF_GCMC,/home/rakeyma/Tüm_çalışmalar/MOF Radyoaktif Gaz Adsorpsiyonu/data/processed/augmented_cif/finetune_000002_v02.cif,LiC6N5F3,True,0.0,0,,-NH2,0.07942121283611685,"functional,substitution,defect,noise",False,True,0.03704329418751869,0.05,7.990626297822185e+24,1.0785523362706945e+25,1.954323412334816,1.2,1.349771965389809,60,4,6.733333333333333,0.6933333333333332,1.0861946188413936,0.06666666666666667
finetune_000002_v03,finetune_000002,LiC6N4F3,HF_COREMOF_GCMC,/home/rakeyma/Tüm_çalışmalar/MOF Radyoaktif Gaz Adsorpsiyonu/data/processed/augmented_cif/finetune_000002_v03.cif,LiC6N5F3,True,0.0,0,,-NH2,0.11850181647572709,"substitution,noise,functional",False,True,0.03704329418751869,0.05,7.990626297822185e+24,1.0785523362706945e+25,1.954323412334816,1.2,1.349771965389809,60,4,6.733333333333333,0.6933333333333332,1.0861946188413936,0.06666666666666667
finetune_000002_v04,finetune_000002,LiC6N4F3,HF_COREMOF_GCMC,/home/rakeyma/Tüm_çalışmalar/MOF Radyoaktif Gaz Adsorpsiyonu/data/processed/augmented_cif/finetune_000002_v04.cif,Li4C24(N5F4)3,True,0.037105876009423465,1,,,0.0643912517896576,"defect,noise",False,False,0.040483506608857175,0.05,8.732716126682603e+24,1.0785523362706948e+25,1.954323412334816,1.2,1.2350708767175016,55,4,6.709090909090909,0.6972727272727272,1.0861946188413936,0.07272727272727272
finetune_000002_v05,finetune_000002,LiC6N4F3,HF_COREMOF_GCMC,/home/rakeyma/Tüm_çalışmalar/MOF Radyoaktif Gaz Adsorpsiyonu/data/processed/augmented_cif/finetune_000002_v05.cif,LiC6N4F3,True,0.0,0,,,0.14611116311969666,noise,False,False,0.039745277462582225,0.05,8.573472372599009e+24,1.0785523362706945e+25,1.954323412334816,1.2,1.258011094451963,56,4,6.714285714285714,0.6964285714285714,1.0861946188413936,0.07142857142857142
finetune_000002_v06,finetune_000002,LiC6N4F3,HF_COREMOF_GCMC,/home/rakeyma/Tüm_çalışmalar/MOF Radyoaktif Gaz Adsorpsiyonu/data/processed/augmented_cif/finetune_000002_v06.cif,LiC7N4F3,True,0.0,0,,-CH3,0.06922780222523872,"substitution,defect,functional,noise",False,True,0.03740567005846954,0.05,8.068794566266617e+24,1.0785523362706945e+25,1.954323412334816,1.2,1.336695744838791,60,4,6.666666666666667,0.6966666666666669,1.0861946188413936,0.06666666666666667
finetune_000003_v00,finetune_000003,NiPC3NO3,HF_COREMOF_GCMC,/home/rakeyma/Tüm_çalışmalar/MOF Radyoaktif Gaz Adsorpsiyonu/data/processed/augmented_cif/finetune_000003_v00.cif,NiPC3NO3,False,0.0,0,,,0.0,none,False,False,0.18032553057819853,0.24006455958428397,2.8074524444819397e+25,3.7375175466133446e+25,3.0524746918998127,1.6788610805448971,1.3312843656388382,54,5,10.222222222222221,0.7666666666666667,0.5554313638965664,0.1111111111111111
finetune_000003_v01,finetune_000003,NiPC3NO3,HF_COREMOF_GCMC,/home/rakeyma/Tüm_çalışmalar/MOF Radyoaktif Gaz Adsorpsiyonu/data/processed/augmented_cif/finetune_000003_v01.cif,ZnPC3NO3,True,0.0,0,Zn,,0.10412033526643667,"substitution,noise",False,False,0.16793080409484154,0.2315622197159971,2.614481404536514e+25,3.605146302394618e+25,2.997932834073343,1.6488630587403388,1.3789144937650553,54,5,10.444444444444445,0.7666666666666667,0.6275221111642203,0.1111111111111111
finetune_000003_v02,finetune_000003,NiPC3NO3,HF_COREMOF_GCMC,/home/rakeyma/Tüm_çalışmalar/MOF Radyoaktif Gaz Adsorpsiyonu/data/processed/augmented_cif/finetune_000003_v02.cif,Ni2P2C6(NO2)3,True,0.0,0,,-NH2,0.05099734049849858,"functional,noise",False,True,0.1497170027447474,0.206752495820136,2.3309143413498863e+25,3.2188886284256376e+25,2.8327837801387803,1.5580310790763292,1.3809553492907445,57,5,10.052631578947368,0.7605263157894736,0.5554313638965664,0.10526315789473684
finetune_000003_v03,finetune_000003,NiPC3NO3,HF_COREMOF_GCMC,/home/rakeyma/Tüm_çalışmalar/MOF Radyoaktif Gaz Adsorpsiyonu/data/processed/augmented_cif/finetune_000003_v03.cif,Ni6P4C18(NO3)5,True,0.13632931176612184,6,,,0.10077479806270306,"defect,noise",False,False,0.26787114249039096,0.31736384140452734,4.170432724525918e+25,4.940974744310774e+25,3.5096739221827686,1.930320657200523,1.184763085915131,48,5,10.229166666666666,0.7697916666666668,0.5554313638965664,0.125
finetune_000003_v04,finetune_000003,NiPC3NO3,HF_COREMOF_GCMC,/home/rakeyma/Tüm_çalışmalar/MOF Radyoaktif Gaz Adsorpsiyonu/data/processed/augmented_cif/finetune_000003_v04.cif,Co6P5C17N5O18,True,0.07009495032158955,3,Co,,0.10911770350997434,"substitution,defect,noise",False,False,0.21875797987304077,0.27686385630043375,3.405799630120433e+25,4.310438503450178e+25,3.2780923062359157,1.8029507684297539,1.265617174107731,51,5,10.156862745098039,0.765686274509804,0.5632406235349152,0.11764705882352941
finetune_000003_v05,finetune_000003,NiPC3NO3,HF_COREMOF_GCMC,/home/rakeyma/Tüm_çalışmalar/MOF Radyoaktif Gaz Adsorpsiyonu/data/processed/augmented_cif/finetune_000003_v05.cif,Ni2P2C6(NO2)3,True,0.0,0,,-NH2,0.03447723508835131,"functional,noise",False,True,0.1497170027447474,0.206752495820136,2.3309143413498863e+25,3.2188886284256376e+25,2.8327837801387803,1.5580310790763292,1.3809553492907445,57,5,10.052631578947368,0.7605263157894736,0.5554313638965664,0.10526315789473684
finetune_000003_v06,finetune_000003,NiPC3NO3,HF_COREMOF_GCMC,/home/rakeyma/Tüm_çalışmalar/MOF Radyoaktif Gaz Adsorpsiyonu/data/processed/augmented_cif/finetune_000003_v06.cif,Co2P2C6(NO2)3,True,0.0,0,Co,-NH2,0.1354762646863749,"substitution,functional,noise",False,True,0.14494409676836828,0.20040783750776592,2.256605914208688e+25,3.120109900691676e+25,2.7889799849416574,1.5339389917179118,1.382656085870354,57,5,9.947368421052632,0.7605263157894736,0.5632406235349152,0.10526315789473684
finetune_000004_v00,finetune_000004,CuH8(C2N)4,HF_COREMOF_GCMC,/home/rakeyma/Tüm_çalışmalar/MOF Radyoaktif Gaz Adsorpsiyonu/data/processed/augmented_cif/finetune_000004_v00.cif,CuH8(C2N)4,False,0.0,0,,,0.0,none,False,False,0.05556521108350604,0.06374764214332951,3.752883638938055e+25,4.305526399621553e+25,1.7305181678393637,1.2,1.1472581656807983,21,4,5.380952380952381,0.55,0.4242861652234256,0.047619047619047616
finetune_000004_v01,finetune_000004,CuH8(C2N)4,HF_COREMOF_GCMC,/home/rakeyma/Tüm_çalışmalar/MOF Radyoaktif Gaz Adsorpsiyonu/data/processed/augmented_cif/finetune_000004_v01.cif,CuH8C9N4,True,0.0,0,,-CH3,0.11069274866601483,"functional,noise",False,True,0.041361635356613975,0.05,2.7935717615879872e+25,3.3770083526705606e+25,1.5326009917783558,1.2,1.2088496880964041,22,4,5.409090909090909,0.5568181818181818,0.4242861652234256,0.045454545454545456
finetune_000004_v02,finetune_000004,CuH8(C2N)4,HF_COREMOF_GCMC,/home/rakeyma/Tüm_çalışmalar/MOF Radyoaktif Gaz Adsorpsiyonu/data/processed/augmented_cif/finetune_000004_v02.cif,NiH8C9N4,True,0.0,0,Ni,-CH3,0.032973345019391614,"noise,functional,substitution",False,True,0.042230967712577505,0.05,2.8522866141346992e+25,3.377008352670561e+25,1.5326009917783558,1.2,1.1839652915438328,22,4,5.363636363636363,0.5568181818181818,0.421218470630147,0.045454545454545456
finetune_000004_v03,finetune_000004,CuH8(C2N)4,HF_COREMOF_GCMC,/home/rakeyma/Tüm_çalışmalar/MOF Radyoaktif Gaz Adsorpsiyonu/data/processed/augmented_cif/finetune_000004_v03.cif,CuH8C9N4,True,0.0,0,,-CH3,0.12813791126930021,"functional,noise",False,True,0.041361635356613975,0.05,2.7935717615879872e+25,3.3770083526705606e+25,1.5326009917783558,1.2,1.2088496880964041,22,4,5.409090909090909,0.5568181818181818,0.4242861652234256,0.045454545454545456
finetune_000004_v04,finetune_000004,CuH8(C2N)4,HF_COREMOF_GCMC,/home/rakeyma/Tüm_çalışmalar/MOF Radyoaktif Gaz Adsorpsiyonu/data/processed/augmented_cif/finetune_000004_v04.cif,CuH8C8N5,True,0.0,0,,-NH2,0.05835210927339964,"functional,noise",False,True,0.04101435775843585,0.05,2.770116574593129e+25,3.3770083526705606e+25,1.5326009917783558,1.2,1.2190852845846645,22,4,5.454545454545454,0.5545454545454546,0.4242861652234256,0.045454545454545456
finetune_000004_v05,finetune_000004,CuH8(C2N)4,HF_COREMOF_GCMC,/home/rakeyma/Tüm_çalışmalar/MOF Radyoaktif Gaz Adsorpsiyonu/data/processed/augmented_cif/finetune_000004_v05.cif,NiH8C9N4,True,0.0,0,Ni,-CH3,0.09720689714834765,"functional,substitution,noise",False,True,0.042230967712577505,0.05,2.8522866141346992e+25,3.377008352670561e+25,1.5326009917783558,1.2,1.1839652915438328,22,4,5.363636363636363,0.5568181818181818,0.421218470630147,0.045454545454545456
finetune_000004_v06,finetune_000004,CuH8(C2N)4,HF_COREMOF_GCMC,/home/rakeyma/Tüm_çalışmalar/MOF Radyoaktif Gaz Adsorpsiyonu/data/processed/augmented_cif/finetune_000004_v06.cif,CuH8(C2N)4,True,0.0,0,,,0.05852572504451727,noise,False,False,0.05556521108350604,0.06374764214332951,3.752883638938055e+25,4.305526399621553e+25,1.7305181678393637,1.2,1.1472581656807983,21,4,5.380952380952381,0.55,0.4242861652234256,0.047619047619047616
finetune_000005_v00,finetune_000005,CuHC4O3,HF_COREMOF_GCMC,/home/rakeyma/Tüm_çalışmalar/MOF Radyoaktif Gaz Adsorpsiyonu/data/processed/augmented_cif/finetune_000005_v00.cif,CuHC4O3,False,0.0,0,,,0.0,none,False,False,0.14306361389834307,0.18913494331402203,2.5852239851953995e+25,3.417753673141659e+25,2.7268008935398664,1.4997404914469266,1.3220338712288924,54,4,8.666666666666666,0.688888888888889,0.577510822409416,0.1111111111111111
finetune_000005_v01,finetune_000005,CuHC4O3,HF_COREMOF_GCMC,/home/rakeyma/Tüm_çalışmalar/MOF Radyoaktif Gaz Adsorpsiyonu/data/processed/augmented_cif/finetune_000005_v01.cif,ZnHC4O3,True,0.0,0,Zn,,0.11443897210267334,"substitution,noise",False,False,0.13224532090732105,0.17686096140228846,2.389732554794834e+25,3.1959572878314488e+25,2.6368385027361887,1.4502611765049038,1.3373702766106526,54,4,8.777777777777779,0.688888888888889,0.6504229393248673,0.1111111111111111
finetune_000005_v02,finetune_000005,CuHC4O3,HF_COREMOF_GCMC,/home/rakeyma/Tüm_çalışmalar/MOF Radyoaktif Gaz Adsorpsiyonu/data/processed/augmented_cif/finetune_000005_v02.cif,Co6H6C28O17,True,0.033118023671376236,1,Co,-CH3,0.05349259226516696,"substitution,functional,defect,noise",False,True,0.0929986179806302,0.12350447841404255,1.68052694352029e+25,2.2317815912430844e+25,2.203478887905081,1.2119133883477946,1.3280248792489167,57,4,8.280701754385966,0.6912280701754385,0.5829397481729994,0.10526315789473684
finetune_000005_v03,finetune_000005,CuHC4O3,HF_COREMOF_GCMC,/home/rakeyma/Tüm_çalışmalar/MOF Radyoaktif Gaz Adsorpsiyonu/data/processed/augmented_cif/finetune_000005_v03.cif,Cu3H3C11O9,True,0.06040826318440248,2,,,0.03357985296155821,"noise,defect",False,False,0.17310267719805134,0.22314252461915052,3.1280433983159855e+25,4.032285995322281e+25,2.9618203450074754,1.6290011897541117,1.289076103449557,52,4,8.76923076923077,0.6884615384615386,0.577510822409416,0.11538461538461539
finetune_000005_v04,finetune_000005,CuHC4O3,HF_COREMOF_GCMC,/home/rakeyma/Tüm_çalışmalar/MOF Radyoaktif Gaz Adsorpsiyonu/data/processed/augmented_cif/finetune_000005_v04.cif,Co6H6C23O18,True,0.08960642223988884,4,Co,-CH3,0.046323293426508774,"defect,functional,substitution,noise",False,True,0.15491633018646014,0.196369137346719,2.7994079108127816e+25,3.5484788199296807e+25,2.77846005182688,1.5281530285047842,1.2675819076682588,53,4,8.49056603773585,0.6886792452830192,0.5829397481729994,0.11320754716981132
finetune_000005_v05,finetune_000005,CuHC4O3,HF_COREMOF_GCMC,/home/rakeyma/Tüm_çalışmalar/MOF Radyoaktif Gaz Adsorpsiyonu/data/processed/augmented_cif/finetune_000005_v05.cif,Cu6H5(C8O5)3,True,0.10366227397418706,4,,,0.06789977821061768,"defect,noise",False,False,0.18345952362505655,0.23020438957711264,3.3151962813202175e+25,4.159897078057177e+25,3.0083221481427267,1.6545771814784997,1.2547966168689633,50,4,8.86,0.703,0.577510822409416,0.12
finetune_000005_v06,finetune_000005,CuHC4O3,HF_COREMOF_GCMC,/home/rakeyma/Tüm_çalışmalar/MOF Radyoaktif Gaz Adsorpsiyonu/data/processed/augmented_cif/finetune_000005_v06.cif,Ni3H3C14O9,True,0.0,0,Ni,-CH3,0.11901850962875012,"noise,substitution,functional",False,True,0.08806685502933603,0.11871432404043802,1.5914077641317187e+25,2.1452213426795987e+25,2.1603250564601,1.2,1.3480023103004302,58,4,8.379310344827585,0.6896551724137931,0.5748260606479145,0.10344827586206896
finetune_000006_v00,finetune_000006,Ho(CO2)4,HF_COREMOF_GCMC,/home/rakeyma/Tüm_çalışmalar/MOF Radyoaktif Gaz Adsorpsiyonu/data/processed/augmented_cif/finetune_000006_v00.cif,Ho(CO2)4,False,0.0,0,,,0.0,none,False,False,0.14997836171222506,0.25281674030478984,2.4414133620380375e+25,4.115461463109865e+25,4.837021143375599,2.6603616288565797,1.6856881047273249,52,3,11.923076923076923,0.7192307692307693,0.9079035680560402,0.07692307692307693
finetune_000006_v01,finetune_000006,Ho(CO2)4,HF_COREMOF_GCMC,/home/rakeyma/Tüm_çalışmalar/MOF Radyoaktif Gaz Adsorpsiyonu/data/processed/augmented_cif/finetune_000006_v01.cif,Ho(CO2)4,True,0.0,0,,,0.056340498113801166,noise,False,False,0.14997836171222506,0.25281674030478984,2.4414133620380375e+25,4.115461463109865e+25,4.837021143375599,2.6603616288565797,1.6856881047273249,52,3,11.923076923076923,0.7192307692307693,0.9079035680560402,0.07692307692307693
finetune_000006_v02,finetune_000006,Ho(CO2)4,HF_COREMOF_GCMC,/home/rakeyma/Tüm_çalışmalar/MOF Radyoaktif Gaz Adsorpsiyonu/data/processed/augmented_cif/finetune_000006_v02.cif,Ho2C9O16,True,0.0,0,,-CH3,0.09648234024848526,"functional,noise",False,True,0.12952345876697718,0.22218162834662825,2.108439506345835e+25,3.616769712991286e+25,4.534497269418265,2.4939734981800457,1.715377511237948,54,3,11.703703703703704,0.7185185185185188,0.9079035680560402,0.07407407407407407
finetune_000006_v03,finetune_000006,Ho(CO2)4,HF_COREMOF_GCMC,/home/rakeyma/Tüm_çalışmalar/MOF Radyoaktif Gaz Adsorpsiyonu/data/processed/augmented_cif/finetune_000006_v03.cif,Ho2C8NO16,True,0.0,0,,-NH2,0.08411395786600448,"substitution,functional,defect,noise",False,True,0.13346213653976627,0.22959644159866344,2.172555025634546e+25,3.7374712858306406e+25,4.609540641960254,2.5352473530781396,1.7203114497590337,54,4,11.74074074074074,0.7166666666666667,0.8327214420200791,0.07407407407407407
finetune_000006_v04,finetune_000006,Ho(CO2)4,HF_COREMOF_GCMC,/home/rakeyma/Tüm_çalışmalar/MOF Radyoaktif Gaz Adsorpsiyonu/data/processed/augmented_cif/finetune_000006_v04.cif,Ho2C9O16,True,0.0,0,,-CH3,0.045991337331723704,"substitution,functional,noise",False,True,0.12952345876697718,0.22218162834662825,2.108439506345835e+25,3.616769712991286e+25,4.534497269418265,2.4939734981800457,1.715377511237948,54,3,11.703703703703704,0.7185185185185188,0.9079035680560402,0.07407407407407407
finetune_000006_v05,finetune_000006,Ho(CO2)4,HF_COREMOF_GCMC,/home/rakeyma/Tüm_çalışmalar/MOF Radyoaktif Gaz Adsorpsiyonu/data/processed/augmented_cif/finetune_000006_v05.cif,Ho(CO2)4,True,0.0,0,,,0.11240690394696615,"noise,substitution",False,False,0.14997836171222506,0.25281674030478984,2.4414133620380375e+25,4.115461463109865e+25,4.837021143375599,2.6603616288565797,1.6856881047273249,52,3,11.923076923076923,0.7192307692307693,0.9079035680560402,0.07692307692307693
finetune_000006_v06,finetune_000006,Ho(CO2)4,HF_COREMOF_GCMC,/home/rakeyma/Tüm_çalışmalar/MOF Radyoaktif Gaz Adsorpsiyonu/data/processed/augmented_cif/finetune_000006_v06.cif,Ho2C8NO16,True,0.0,0,,-NH2,0.13895342958531084,"functional,noise",False,True,0.13346213653976627,0.22959644159866344,2.172555025634546e+25,3.7374712858306406e+25,4.609540641960254,2.5352473530781396,1.7203114497590337,54,4,11.74074074074074,0.7166666666666667,0.8327214420200791,0.07407407407407407
finetune_000007_v00,finetune_000007,CoHC4O3,HF_COREMOF_GCMC,/home/rakeyma/Tüm_çalışmalar/MOF Radyoaktif Gaz Adsorpsiyonu/data/processed/augmented_cif/finetune_000007_v00.cif,CoHC4O3,False,0.0,0,,,0.0,none,False,False,0.20272234461597277,0.24081560498963828,3.3889723538711354e+25,4.025789210541387e+25,3.325674945771934,1.8291212201745637,1.1879085428191327,54,4,8.444444444444445,0.688888888888889,0.5829397481729994,0.1111111111111111
finetune_000007_v01,finetune_000007,CoHC4O3,HF_COREMOF_GCMC,/home/rakeyma/Tüm_çalışmalar/MOF Radyoaktif Gaz Adsorpsiyonu/data/processed/augmented_cif/finetune_000007_v01.cif,Co6H6(C4O3)5,True,0.16373636645074977,7,,,0.08097092322247082,"defect,noise",False,False,0.3165744483189362,0.337470189976636,5.292273307746408e+25,5.64159390644867e+25,3.9369073434391946,2.165299038891557,1.066005774530003,47,4,8.680851063829786,0.693617021276596,0.5829397481729994,0.1276595744680851
finetune_000007_v02,finetune_000007,CoHC4O3,HF_COREMOF_GCMC,/home/rakeyma/Tüm_çalışmalar/MOF Radyoaktif Gaz Adsorpsiyonu/data/processed/augmented_cif/finetune_000007_v02.cif,Zn6H6C26O17,True,0.046485376747257834,2,Zn,-CH3,0.13476370966603485,"defect,functional,substitution,noise",False,True,0.1749883101173442,0.218281868924172,2.9253338913463926e+25,3.6490857509402332e+25,3.1662581261740006,1.7414419693957004,1.2474082913184081,55,4,8.690909090909091,0.6909090909090911,0.6504229393248673,0.10909090909090909
finetune_000007_v03,finetune_000007,CoHC4O3,HF_COREMOF_GCMC,/home/rakeyma/Tüm_çalışmalar/MOF Radyoaktif Gaz Adsorpsiyonu/data/processed/augmented_cif/finetune_000007_v03.cif,ZnHC4O3,True,0.0,0,Zn,,0.10814903145392174,"substitution,noise",False,False,0.19276892384325992,0.23849875153357314,3.2225779295708914e+25,3.987057652234633e+25,3.3096383529431552,1.8203010941187354,1.2372261398704287,54,4,8.777777777777779,0.688888888888889,0.6504229393248673,0.1111111111111111
finetune_000007_v04,finetune_000007,CoHC4O3,HF_COREMOF_GCMC,/home/rakeyma/Tüm_çalışmalar/MOF Radyoaktif Gaz Adsorpsiyonu/data/processed/augmented_cif/finetune_000007_v04.cif,Mn5H5C20O17,True,0.13638434791157977,7,Mn,,0.13631701357112236,"noise,substitution,defect",False,False,0.33328255884149793,0.33501042345184084,5.57158797704766e+25,5.600473226016033e+25,3.9225333574708308,2.157393346608957,1.0051843835343472,47,4,8.212765957446809,0.6904255319148939,0.6822206387965699,0.10638297872340426
finetune_000007_v05,finetune_000007,CoHC4O3,HF_COREMOF_GCMC,/home/rakeyma/Tüm_çalışmalar/MOF Radyoaktif Gaz Adsorpsiyonu/data/processed/augmented_cif/finetune_000007_v05.cif,NiHC4O3,True,0.0,0,Ni,,0.13869084381958113,"substitution,noise",False,False,0.20877834443344895,0.24762830795697666,3.4902123824203038e+25,4.139679280504727e+25,3.372388741022685,1.854813807562477,1.186082343113472,54,4,8.555555555555555,0.688888888888889,0.5748260606479145,0.1111111111111111
finetune_000007_v06,finetune_000007,CoHC4O3,HF_COREMOF_GCMC,/home/rakeyma/Tüm_çalışmalar/MOF Radyoaktif Gaz Adsorpsiyonu/data/processed/augmented_cif/finetune_000007_v06.cif,Ni6H5C23(NO6)3,True,0.06148793449859072,2,Ni,-NH2,0.09120126987108784,"defect,substitution,functional,noise",False,True,0.1895921449095805,0.23185095811266554,3.1694707301598224e+25,3.875924426341943e+25,3.263186781750143,1.7947527299625787,1.2228932703052593,55,5,8.654545454545454,0.6945454545454545,0.5538736317970011,0.10909090909090909
finetune_000008_v00,finetune_000008,Ho(CO2)4,HF_COREMOF_GCMC,/home/rakeyma/Tüm_çalışmalar/MOF Radyoaktif Gaz Adsorpsiyonu/data/processed/augmented_cif/finetune_000008_v00.cif,Ho(CO2)4,False,0.0,0,,,0.0,none,False,False,0.14997836171222506,0.25281674030478984,2.4414133620380375e+25,4.115461463109865e+25,4.837021143375599,2.6603616288565797,1.6856881047273249,52,3,11.923076923076923,0.7192307692307693,0.9079035680560402,0.07692307692307693
finetune_000008_v01,finetune_000008,Ho(CO2)4,HF_COREMOF_GCMC,/home/rakeyma/Tüm_çalışmalar/MOF Radyoaktif Gaz Adsorpsiyonu/data/processed/augmented_cif/finetune_000008_v01.cif,Ho2C9O16,True,0.0,0,,-CH3,0.06831482909350453,"functional,substitution,noise",False,True,0.12952345876697718,0.22218162834662825,2.108439506345835e+25,3.616769712991286e+25,4.534497269418265,2.4939734981800457,1.715377511237948,54,3,11.703703703703704,0.7185185185185188,0.9079035680560402,0.07407407407407407
finetune_000008_v02,finetune_000008,Ho(CO2)4,HF_COREMOF_GCMC,/home/rakeyma/Tüm_çalışmalar/MOF Radyoaktif Gaz Adsorpsiyonu/data/processed/augmented_cif/finetune_000008_v02.cif,Ho2(CO2)7,True,0.172488443553357,8,,-CH3,0.09184372185952647,"functional,noise,defect",False,True,0.20752594390491919,0.3272477534457594,3.37819807227383e+25,5.327082045958115e+25,5.503176082407843,3.026746845324314,1.5769004457374851,46,3,12.521739130434783,0.7304347826086959,0.9079035680560402,0.08695652173913043
finetune_000008_v03,finetune_000008,Ho(CO2)4,HF_COREMOF_GCMC,/home/rakeyma/Tüm_çalışmalar/MOF Radyoaktif Gaz Adsorpsiyonu/data/processed/augmented_cif/finetune_000008_v03.cif,Ho2C8O15,True,0.05407266049077934,2,,,0.09653516399887958,"defect,substitution,noise",False,False,0.1668842634104747,0.2747146908961938,2.7166150233457155e+25,4.4719258794747e+25,5.042152937007535,2.7731841153541446,1.6461389784877165,50,3,12.08,0.7240000000000001,0.9079035680560402,0.08
finetune_000008_v04,finetune_000008,Ho(CO2)4,HF_COREMOF_GCMC,/home/rakeyma/Tüm_çalışmalar/MOF Radyoaktif Gaz Adsorpsiyonu/data/processed/augmented_cif/finetune_000008_v04.cif,Ho(CO2)4,True,0.0,0,,,0.04102406242641353,"substitution,noise",False,False,0.14997836171222506,0.25281674030478984,2.4414133620380375e+25,4.115461463109865e+25,4.837021143375599,2.6603616288565797,1.6856881047273249,52,3,11.923076923076923,0.7192307692307693,0.9079035680560402,0.07692307692307693
finetune_000008_v05,finetune_000008,Ho(CO2)4,HF_COREMOF_GCMC,/home/rakeyma/Tüm_çalışmalar/MOF Radyoaktif Gaz Adsorpsiyonu/data/processed/augmented_cif/finetune_000008_v05.cif,Ho2C7O13,True,0.17376372056197012,8,,,0.12946546702515416,"defect,noise",False,False,0.22710859880173642,0.3491457040371634,3.6969730927731518e+25,5.683546462322951e+25,5.684318753614796,3.1263753144881377,1.5373513194978767,44,3,12.727272727272727,0.7363636363636364,0.9079035680560402,0.09090909090909091
finetune_000008_v06,finetune_000008,Ho(CO2)4,HF_COREMOF_GCMC,/home/rakeyma/Tüm_çalışmalar/MOF Radyoaktif Gaz Adsorpsiyonu/data/processed/augmented_cif/finetune_000008_v06.cif,Ho(CO2)4,True,0.0,0,,,0.11582793959457255,"substitution,noise",False,False,0.14997836171222506,0.25281674030478984,2.4414133620380375e+25,4.115461463109865e+25,4.837021143375599,2.6603616288565797,1.6856881047273249,52,3,11.923076923076923,0.7192307692307693,0.9079035680560402,0.07692307692307693
finetune_000009_v00,finetune_000009,CuHC4O3,HF_COREMOF_GCMC,/home/rakeyma/Tüm_çalışmalar/MOF Radyoaktif Gaz Adsorpsiyonu/data/processed/augmented_cif/finetune_000009_v00.cif,CuHC4O3,False,0.0,0,,,0.0,none,False,False,0.14306361389834307,0.18913494331402203,2.5852239851953995e+25,3.417753673141659e+25,2.7268008935398664,1.4997404914469266,1.3220338712288924,54,4,8.666666666666666,0.688888888888889,0.577510822409416,0.1111111111111111
finetune_000009_v01,finetune_000009,CuHC4O3,HF_COREMOF_GCMC,/home/rakeyma/Tüm_çalışmalar/MOF Radyoaktif Gaz Adsorpsiyonu/data/processed/augmented_cif/finetune_000009_v01.cif,CuHC4O3,True,0.0,0,,,0.07773138702987298,noise,False,False,0.14306361389834307,0.18913494331402203,2.5852239851953995e+25,3.417753673141659e+25,2.7268008935398664,1.4997404914469266,1.3220338712288924,54,4,8.666666666666666,0.688888888888889,0.577510822409416,0.1111111111111111
finetune_000009_v02,finetune_000009,CuHC4O3,HF_COREMOF_GCMC,/home/rakeyma/Tüm_çalışmalar/MOF Radyoaktif Gaz Adsorpsiyonu/data/processed/augmented_cif/finetune_000009_v02.cif,Cu6H6C23O16,True,0.13847408910822756,6,,-CH3,0.03730350998468415,"defect,functional,noise",False,True,0.1826552059481956,0.2304473226268755,3.3006618983749138e+25,4.16428698776189e+25,3.0099090600378764,1.6554499830208322,1.261652091603864,51,4,8.745098039215685,0.6921568627450982,0.577510822409416,0.11764705882352941
finetune_000009_v03,finetune_000009,CuHC4O3,HF_COREMOF_GCMC,/home/rakeyma/Tüm_çalışmalar/MOF Radyoaktif Gaz Adsorpsiyonu/data/processed/augmented_cif/finetune_000009_v03.cif,CoHC4O3,True,0.0,0,Co,,0.12501299048462297,"substitution,noise",False,False,0.13968602411458594,0.17936534669415483,2.5241894154457186e+25,3.241212658839369e+25,2.6554419477843303,1.4604930712813817,1.2840607915579263,54,4,8.444444444444445,0.688888888888889,0.5829397481729994,0.1111111111111111
finetune_000009_v04,finetune_000009,CuHC4O3,HF_COREMOF_GCMC,/home/rakeyma/Tüm_çalışmalar/MOF Radyoaktif Gaz Adsorpsiyonu/data/processed/augmented_cif/finetune_000009_v04.cif,Ni2H2C7O5,True,0.13919315500087165,6,Ni,,0.07358858143774402,"defect,substitution,noise",False,False,0.23500577086715307,0.2742037415988212,4.246660202060889e+25,4.954985200606653e+25,3.2832520879610048,1.8057886483785528,1.1667957794697152,48,4,8.75,0.69375,0.5748260606479145,0.125
finetune_000009_v05,finetune_000009,CuHC4O3,HF_COREMOF_GCMC,/home/rakeyma/Tüm_çalışmalar/MOF Radyoaktif Gaz Adsorpsiyonu/data/processed/augmented_cif/finetune_000009_v05.cif,CuHC4O3,True,0.0,0,,,0.1355595765815476,noise,False,False,0.14306361389834307,0.18913494331402203,2.5852239851953995e+25,3.417753673141659e+25,2.7268008935398664,1.4997404914469266,1.3220338712288924,54,4,8.666666666666666,0.688888888888889,0.577510822409416,0.1111111111111111
finetune_000009_v06,finetune_000009,CuHC4O3,HF_COREMOF_GCMC,/home/rakeyma/Tüm_çalışmalar/MOF Radyoaktif Gaz Adsorpsiyonu/data/processed/augmented_cif/finetune_000009_v06.cif,Cu3H3C14O9,True,0.0,0,,-CH3,0.13018076113722749,"functional,noise",False,True,0.08726527070183297,0.12111978070376517,1.5769227740412955e+25,2.188689028780414e+25,2.182102157743548,1.2001561867589514,1.3879494067875628,58,4,8.482758620689655,0.6896551724137931,0.577510822409416,0.10344827586206896
finetune_000010_v00,finetune_000010,SmH9(C2O)6,HF_COREMOF_GCMC,/home/rakeyma/Tüm_çalışmalar/MOF Radyoaktif Gaz Adsorpsiyonu/data/processed/augmented_cif/finetune_000010_v00.cif,SmH9(C2O)6,False,0.0,0,,,0.0,none,False,False,0.033113620854002664,0.05,8.2408418593811e+24,1.244328111340469e+25,1.8852289118300725,1.2,1.5099526632997664,56,4,6.821428571428571,0.5750000000000001,0.8128037893612454,0.03571428571428571
finetune_000010_v01,finetune_000010,SmH9(C2O)6,HF_COREMOF_GCMC,/home/rakeyma/Tüm_çalışmalar/MOF Radyoaktif Gaz Adsorpsiyonu/data/processed/augmented_cif/finetune_000010_v01.cif,SmH9(C2O)6,True,0.0,0,,,0.11199356502536296,"substitution,noise",False,False,0.033113620854002664,0.05,8.2408418593811e+24,1.244328111340469e+25,1.8852289118300725,1.2,1.5099526632997664,56,4,6.821428571428571,0.5750000000000001,0.8128037893612454,0.03571428571428571
finetune_000010_v02,finetune_000010,SmH9(C2O)6,HF_COREMOF_GCMC,/home/rakeyma/Tüm_çalışmalar/MOF Radyoaktif Gaz Adsorpsiyonu/data/processed/augmented_cif/finetune_000010_v02.cif,SmH9C12(NO3)2,True,0.0,0,,-NH2,0.046573171342184735,"substitution,functional,noise",False,True,0.030944091083271227,0.05,7.700920482958867e+24,1.244328111340469e+25,1.8852289118300725,1.2,1.6158173741619655,60,5,6.833333333333333,0.58,0.7790507043832257,0.03333333333333333
finetune_000010_v03,finetune_000010,SmH9(C2O)6,HF_COREMOF_GCMC,/home/rakeyma/Tüm_çalışmalar/MOF Radyoaktif Gaz Adsorpsiyonu/data/processed/augmented_cif/finetune_000010_v03.cif,SmH9C12(NO3)2,True,0.0,0,,-NH2,0.14391203553237808,"substitution,defect,functional,noise",False,True,0.030944091083271227,0.05,7.700920482958867e+24,1.244328111340469e+25,1.8852289118300725,1.2,1.6158173741619655,60,5,6.833333333333333,0.58,0.7790507043832257,0.03333333333333333
finetune_000010_v04,finetune_000010,SmH9(C2O)6,HF_COREMOF_GCMC,/home/rakeyma/Tüm_çalışmalar/MOF Radyoaktif Gaz Adsorpsiyonu/data/processed/augmented_cif/finetune_000010_v04.cif,SmH9(C2O)6,True,0.0,0,,,0.03320063995755124,"substitution,noise",False,False,0.033113620854002664,0.05,8.2408418593811e+24,1.244328111340469e+25,1.8852289118300725,1.2,1.5099526632997664,56,4,6.821428571428571,0.5750000000000001,0.8128037893612454,0.03571428571428571
finetune_000010_v05,finetune_000010,SmH9(C2O)6,HF_COREMOF_GCMC,/home/rakeyma/Tüm_çalışmalar/MOF Radyoaktif Gaz Adsorpsiyonu/data/processed/augmented_cif/finetune_000010_v05.cif,SmH9(C7O3)2,True,0.0,0,,-CH3,0.06826487321075628,"functional,noise",False,True,0.031235723110334266,0.05,7.773497668847214e+24,1.244328111340469e+25,1.8852289118300725,1.2,1.6007313108579075,60,4,6.766666666666667,0.5833333333333336,0.8128037893612454,0.03333333333333333
finetune_000010_v06,finetune_000010,SmH9(C2O)6,HF_COREMOF_GCMC,/home/rakeyma/Tüm_çalışmalar/MOF Radyoaktif Gaz Adsorpsiyonu/data/processed/augmented_cif/finetune_000010_v06.cif,Sm2H18C23O12,True,0.03006742891113831,1,,,0.14051438249708692,"defect,noise",False,False,0.03361891477644737,0.05,8.366592145818589e+24,1.2443281113404692e+25,1.8852289118300725,1.2,1.4872580014102312,55,4,6.836363636363636,0.5727272727272729,0.8128037893612454,0.03636363636363636
finetune_000011_v00,finetune_000011,LaC12(ClO)6,HF_COREMOF_GCMC,/home/rakeyma/Tüm_çalışmalar/MOF Radyoaktif Gaz Adsorpsiyonu/data/processed/augmented_cif/finetune_000011_v00.cif,LaC12(ClO)6,False,0.0,0,,,0.0,none,False,False,0.027855608691282376,0.05,5.564325439575443e+24,9.987800843348366e+24,1.9871936116040632,1.2,1.7949706486093728,50,4,11.16,0.7979999999999999,0.9036142705823099,0.04
finetune_000011_v01,finetune_000011,LaC12(ClO)6,HF_COREMOF_GCMC,/home/rakeyma/Tüm_çalışmalar/MOF Radyoaktif Gaz Adsorpsiyonu/data/processed/augmented_cif/finetune_000011_v01.cif,La2C19(Cl3O4)3,True,0.1781095377725295,8,,,0.09260902734321882,"defect,substitution,noise",False,False,0.12142395097867115,0.1873059434915747,2.4255164799749243e+25,3.7415489207386216e+25,3.8461919925230115,2.1154055958876565,1.5425782309165357,42,4,11.357142857142858,0.7952380952380952,0.9036142705823099,0.047619047619047616
finetune_000011_v02,finetune_000011,LaC12(ClO)6,HF_COREMOF_GCMC,/home/rakeyma/Tüm_çalışmalar/MOF Radyoaktif Gaz Adsorpsiyonu/data/processed/augmented_cif/finetune_000011_v02.cif,LaC12(ClO)6,True,0.0,0,,,0.12385701087864871,"substitution,noise",False,False,0.027855608691282376,0.05,5.564325439575443e+24,9.987800843348366e+24,1.9871936116040632,1.2,1.7949706486093728,50,4,11.16,0.7979999999999999,0.9036142705823099,0.04
finetune_000011_v03,finetune_000011,LaC12(ClO)6,HF_COREMOF_GCMC,/home/rakeyma/Tüm_çalışmalar/MOF Radyoaktif Gaz Adsorpsiyonu/data/processed/augmented_cif/finetune_000011_v03.cif,La2C24Cl10O11,True,0.06346684847814421,3,,,0.03362118634995395,"defect,noise",False,False,0.05186197610657091,0.08625497471310206,1.0359741773898434e+25,1.7229950183650255e+25,2.6100405596402005,1.4355223078021104,1.6631640594615438,47,4,10.97872340425532,0.7936170212765958,0.9036142705823099,0.0425531914893617
finetune_000011_v04,finetune_000011,LaC12(ClO)6,HF_COREMOF_GCMC,/home/rakeyma/Tüm_çalışmalar/MOF Radyoaktif Gaz Adsorpsiyonu/data/processed/augmented_cif/finetune_000011_v04.cif,La2C24Cl11O10,True,0.1390001937473025,6,,-CH3,0.07140161141601303,"defect,functional,noise",False,True,0.046782001129762364,0.0791864290759765,9.344986206747294e+24,1.5817965662135674e+25,2.5008092070220855,1.3754450638621472,1.692668700860654,47,4,11.170212765957446,0.8021276595744683,0.9036142705823099,0.0425531914893617
finetune_000011_v05,finetune_000011,LaC12(ClO)6,HF_COREMOF_GCMC,/home/rakeyma/Tüm_çalışmalar/MOF Radyoaktif Gaz Adsorpsiyonu/data/processed/augmented_cif/finetune_000011_v05.cif,La2C23N4(ClO)12,True,0.03134073370705698,1,,-NH2,0.03491949237624369,"functional,noise,defect",False,True,0.02685676336964369,0.05,5.364800076658695e+24,9.987800843348366e+24,1.9871936116040632,1.2,1.8617284336099567,53,5,10.943396226415095,0.7886792452830187,0.8304793796356416,0.03773584905660377
finetune_000011_v06,finetune_000011,LaC12(ClO)6,HF_COREMOF_GCMC,/home/rakeyma/Tüm_çalışmalar/MOF Radyoaktif Gaz Adsorpsiyonu/data/processed/augmented_cif/finetune_000011_v06.cif,LaC12(ClO)6,True,0.0,0,,,0.1173313975839065,noise,False,False,0.027855608691282376,0.05,5.564325439575443e+24,9.987800843348366e+24,1.9871936116040632,1.2,1.7949706486093728,50,4,11.16,0.7979999999999999,0.9036142705823099,0.04
finetune_000012_v00,finetune_000012,AlPC2O3F,HF_COREMOF_GCMC,/home/rakeyma/Tüm_çalışmalar/MOF Radyoaktif Gaz Adsorpsiyonu/data/processed/augmented_cif/finetune_000012_v00.cif,AlPC2O3F,False,0.0,0,,,0.0,none,False,False,0.05086012839542326,0.07780803109458789,1.7197507043226284e+25,2.630949242529157e+25,1.5,1.2,1.5298433871352473,32,5,9.125,0.7437499999999999,0.853477591972982,0.125
finetune_000012_v01,finetune_000012,AlPC2O3F,HF_COREMOF_GCMC,/home/rakeyma/Tüm_çalışmalar/MOF Radyoaktif Gaz Adsorpsiyonu/data/processed/augmented_cif/finetune_000012_v01.cif,AlPC2O3F,True,0.0,0,,,0.1331759666513533,"substitution,noise",False,False,0.05086012839542326,0.07780803109458789,1.7197507043226284e+25,2.630949242529157e+25,1.5,1.2,1.5298433871352473,32,5,9.125,0.7437499999999999,0.853477591972982,0.125
finetune_000012_v02,finetune_000012,AlPC2O3F,HF_COREMOF_GCMC,/home/rakeyma/Tüm_çalışmalar/MOF Radyoaktif Gaz Adsorpsiyonu/data/processed/augmented_cif/finetune_000012_v02.cif,Al4P4C8N(O3F)4,True,0.0,0,,-NH2,0.03889783295592537,"substitution,defect,functional,noise",False,True,0.03429013502396884,0.05369159445201399,1.1594639203485574e+25,1.8154920226934584e+25,1.5,1.2,1.5658029463717045,33,6,9.06060606060606,0.7409090909090907,0.7863717667589265,0.12121212121212122
finetune_000012_v03,finetune_000012,AlPC2O3F,HF_COREMOF_GCMC,/home/rakeyma/Tüm_çalışmalar/MOF Radyoaktif Gaz Adsorpsiyonu/data/processed/augmented_cif/finetune_000012_v03.cif,Al2P2C3(O3F)2,True,0.10482548907350381,2,,,0.1268853628534906,"defect,noise,substitution",False,False,0.09633936265132702,0.14144284871062784,3.2575554171924138e+25,4.782654829345459e+25,1.8575029983535056,1.2,1.4681729753863961,30,5,9.333333333333334,0.7466666666666667,0.853477591972982,0.13333333333333333
finetune_000012_v04,finetune_000012,AlPC2O3F,HF_COREMOF_GCMC,/home/rakeyma/Tüm_çalışmalar/MOF Radyoaktif Gaz Adsorpsiyonu/data/processed/augmented_cif/finetune_000012_v04.cif,AlPC2O3F,True,0.05121861314312644,1,,-CH3,0.139444953460304,"defect,substitution,functional,noise",False,True,0.05086012839542333,0.077808031094588,1.7197507043226305e+25,2.63094924252916e+25,1.5,1.2,1.5298433871352473,32,5,9.125,0.74375,0.853477591972982,0.125
finetune_000012_v05,finetune_000012,AlPC2O3F,HF_COREMOF_GCMC,/home/rakeyma/Tüm_çalışmalar/MOF Radyoaktif Gaz Adsorpsiyonu/data/processed/augmented_cif/finetune_000012_v05.cif,Al4P4C7N(O5F2)2,True,0.1102160333596227,3,,-NH2,0.0809374957717462,"noise,functional,defect",False,True,0.09016629524924542,0.13099511390170915,3.0488234035800334e+25,4.429382042526643e+25,1.78758447657209,1.2,1.4528168595549058,30,6,9.233333333333333,0.7516666666666666,0.7863717667589265,0.13333333333333333
finetune_000012_v06,finetune_000012,AlPC2O3F,HF_COREMOF_GCMC,/home/rakeyma/Tüm_çalışmalar/MOF Radyoaktif Gaz Adsorpsiyonu/data/processed/augmented_cif/finetune_000012_v06.cif,AlPC2O3F,True,0.0,0,,,0.0451423531543815,"substitution,noise,defect",False,False,0.05086012839542326,0.07780803109458789,1.7197507043226284e+25,2.630949242529157e+25,1.5,1.2,1.5298433871352473,32,5,9.125,0.7437499999999999,0.853477591972982,0.125
finetune_000013_v00,finetune_000013,CuH8(C2N)4,HF_COREMOF_GCMC,/home/rakeyma/Tüm_çalışmalar/MOF Radyoaktif Gaz Adsorpsiyonu/data/processed/augmented_cif/finetune_000013_v00.cif,CuH8(C2N)4,False,0.0,0,,,0.0,none,False,False,0.05556521108350604,0.06374764214332951,3.752883638938055e+25,4.305526399621553e+25,1.7305181678393637,1.2,1.1472581656807983,21,4,5.380952380952381,0.55,0.4242861652234256,0.047619047619047616
finetune_000013_v01,finetune_000013,CuH8(C2N)4,HF_COREMOF_GCMC,/home/rakeyma/Tüm_çalışmalar/MOF Radyoaktif Gaz Adsorpsiyonu/data/processed/augmented_cif/finetune_000013_v01.cif,CuH8C8N5,True,0.0,0,,-NH2,0.051357934718914026,"functional,noise",False,True,0.04101435775843585,0.05,2.770116574593129e+25,3.3770083526705606e+25,1.5326009917783558,1.2,1.2190852845846645,22,4,5.454545454545454,0.5545454545454546,0.4242861652234256,0.045454545454545456
finetune_000013_v02,finetune_000013,CuH8(C2N)4,HF_COREMOF_GCMC,/home/rakeyma/Tüm_çalışmalar/MOF Radyoaktif Gaz Adsorpsiyonu/data/processed/augmented_cif/finetune_000013_v02.cif,CuH8C9N4,True,0.0,0,,-CH3,0.048415405605083055,"functional,noise",False,True,0.041361635356613975,0.05,2.7935717615879872e+25,3.3770083526705606e+25,1.5326009917783558,1.2,1.2088496880964041,22,4,5.409090909090909,0.5568181818181818,0.4242861652234256,0.045454545454545456
finetune_000013_v03,finetune_000013,CuH8(C2N)4,HF_COREMOF_GCMC,/home/rakeyma/Tüm_çalışmalar/MOF Radyoaktif Gaz Adsorpsiyonu/data/processed/augmented_cif/finetune_000013_v03.cif,CuH7(C2N)4,True,0.1346854586015711,2,,-CH3,0.06659066406873745,"functional,defect,noise",False,True,0.07089212654612424,0.08096514588729664,4.788066069696799e+25,5.468399478731826e+25,1.9502628651885967,1.2,1.142089394576401,20,4,5.6,0.5650000000000001,0.4242861652234256,0.05
finetune_000013_v04,finetune_000013,CuH8(C2N)4,HF_COREMOF_GCMC,/home/rakeyma/Tüm_çalışmalar/MOF Radyoaktif Gaz Adsorpsiyonu/data/processed/augmented_cif/finetune_000013_v04.cif,CuH8C8N5,True,0.0,0,,-NH2,0.0699102970003269,"functional,noise",False,True,0.04101435775843585,0.05,2.770116574593129e+25,3.3770083526705606e+25,1.5326009917783558,1.2,1.2190852845846645,22,4,5.454545454545454,0.5545454545454546,0.4242861652234256,0.045454545454545456
finetune_000013_v05,finetune_000013,CuH8(C2N)4,HF_COREMOF_GCMC,/home/rakeyma/Tüm_çalışmalar/MOF Radyoaktif Gaz Adsorpsiyonu/data/processed/augmented_cif/finetune_000013_v05.cif,NiH8(C3N2)2,True,0.10248327937015217,2,Ni,,0.11372205939691686,"substitution,noise,defect",False,False,0.1895093980333599,0.18935603268204426,1.2799496401364525e+26,1.2789138079916461e+26,2.98252211790805,1.6403871648494275,0.9991907242970154,19,4,5.2631578947368425,0.5342105263157895,0.421218470630147,0.05263157894736842
finetune_000013_v06,finetune_000013,CuH8(C2N)4,HF_COREMOF_GCMC,/home/rakeyma/Tüm_çalışmalar/MOF Radyoaktif Gaz Adsorpsiyonu/data/processed/augmented_cif/finetune_000013_v06.cif,CuH8C8N3,True,0.10016471699016995,2,,-CH3,0.051674678306938775,"defect,functional,noise",False,True,0.1040687972028244,0.1119188155126497,7.0288239481263344e+25,7.559015496144273e+25,2.292955639057033,1.2611256014813683,1.0754310467769321,20,4,5.3,0.545,0.4242861652234256,0.05
finetune_000014_v00,finetune_000014,Yb(CO2)4,HF_COREMOF_GCMC,/home/rakeyma/Tüm_çalışmalar/MOF Radyoaktif Gaz Adsorpsiyonu/data/processed/augmented_cif/finetune_000014_v00.cif,Yb(CO2)4,False,0.0,0,,,0.0,none,False,False,0.10933107061073145,0.20330193716306155,3.835293045214321e+25,7.1317558798656345e+25,3.805963847844579,2.093280116314519,1.859507421151205,26,3,12.153846153846153,0.7192307692307693,0.964376597715966,0.07692307692307693
finetune_000014_v01,finetune_000014,Yb(CO2)4,HF_COREMOF_GCMC,/home/rakeyma/Tüm_çalışmalar/MOF Radyoaktif Gaz Adsorpsiyonu/data/processed/augmented_cif/finetune_000014_v01.cif,Yb(CO2)4,True,0.0,0,,,0.09224541220869936,"substitution,noise",False,False,0.10933107061073145,0.20330193716306155,3.835293045214321e+25,7.1317558798656345e+25,3.805963847844579,2.093280116314519,1.859507421151205,26,3,12.153846153846153,0.7192307692307693,0.964376597715966,0.07692307692307693
finetune_000014_v02,finetune_000014,Yb(CO2)4,HF_COREMOF_GCMC,/home/rakeyma/Tüm_çalışmalar/MOF Radyoaktif Gaz Adsorpsiyonu/data/processed/augmented_cif/finetune_000014_v02.cif,Yb2C8O13,True,0.1749112423261253,4,,-CH3,0.04009943288254032,"functional,defect,noise",False,True,0.15827889795692834,0.2740862419080877,5.552364512186616e+25,9.614842802754348e+25,4.419137537057837,2.430525645381811,1.7316663525334468,23,3,12.695652173913043,0.7347826086956522,0.964376597715966,0.08695652173913043
finetune_000014_v03,finetune_000014,Yb(CO2)4,HF_COREMOF_GCMC,/home/rakeyma/Tüm_çalışmalar/MOF Radyoaktif Gaz Adsorpsiyonu/data/processed/augmented_cif/finetune_000014_v03.cif,Yb2C9O16,True,0.0,0,,-CH3,0.07912693479835116,"substitution,noise,functional",False,True,0.09003078087653214,0.1702929866725722,3.1582461035288314e+25,5.973814248645833e+25,3.4833112423881047,1.9158211833134577,1.8914973858342,27,3,11.925925925925926,0.7185185185185186,0.964376597715966,0.07407407407407407
finetune_000014_v04,finetune_000014,Yb(CO2)4,HF_COREMOF_GCMC,/home/rakeyma/Tüm_çalışmalar/MOF Radyoaktif Gaz Adsorpsiyonu/data/processed/augmented_cif/finetune_000014_v04.cif,Yb(CO2)4,True,0.0,0,,,0.09196902527216591,"substitution,noise,defect",False,False,0.10933107061073145,0.20330193716306155,3.835293045214321e+25,7.1317558798656345e+25,3.805963847844579,2.093280116314519,1.859507421151205,26,3,12.153846153846153,0.7192307692307693,0.964376597715966,0.07692307692307693
finetune_000014_v05,finetune_000014,Yb(CO2)4,HF_COREMOF_GCMC,/home/rakeyma/Tüm_çalışmalar/MOF Radyoaktif Gaz Adsorpsiyonu/data/processed/augmented_cif/finetune_000014_v05.cif,Yb(CO2)4,True,0.03377242516353496,0,,,0.1467755174396225,"defect,noise",False,False,0.10933107061073145,0.20330193716306155,3.835293045214321e+25,7.1317558798656345e+25,3.805963847844579,2.093280116314519,1.859507421151205,26,3,12.153846153846153,0.7192307692307693,0.964376597715966,0.07692307692307693
finetune_000014_v06,finetune_000014,Yb(CO2)4,HF_COREMOF_GCMC,/home/rakeyma/Tüm_çalışmalar/MOF Radyoaktif Gaz Adsorpsiyonu/data/processed/augmented_cif/finetune_000014_v06.cif,Yb(CO2)4,True,0.0,0,,,0.14048246409430631,noise,False,False,0.10933107061073145,0.20330193716306155,3.835293045214321e+25,7.1317558798656345e+25,3.805963847844579,2.093280116314519,1.859507421151205,26,3,12.153846153846153,0.7192307692307693,0.964376597715966,0.07692307692307693
finetune_000015_v00,finetune_000015,CuHC4O3,HF_COREMOF_GCMC,/home/rakeyma/Tüm_çalışmalar/MOF Radyoaktif Gaz Adsorpsiyonu/data/processed/augmented_cif/finetune_000015_v00.cif,CuHC4O3,False,0.0,0,,,0.0,none,False,False,0.14306361389834307,0.18913494331402203,2.5852239851953995e+25,3.417753673141659e+25,2.7268008935398664,1.4997404914469266,1.3220338712288924,54,4,8.666666666666666,0.688888888888889,0.577510822409416,0.1111111111111111
finetune_000015_v01,finetune_000015,CuHC4O3,HF_COREMOF_GCMC,/home/rakeyma/Tüm_çalışmalar/MOF Radyoaktif Gaz Adsorpsiyonu/data/processed/augmented_cif/finetune_000015_v01.cif,CoHC4O3,True,0.0,0,Co,,0.0633223985841387,"substitution,noise",False,False,0.13968602411458594,0.17936534669415483,2.5241894154457186e+25,3.241212658839369e+25,2.6554419477843303,1.4604930712813817,1.2840607915579263,54,4,8.444444444444445,0.688888888888889,0.5829397481729994,0.1111111111111111
finetune_000015_v02,finetune_000015,CuHC4O3,HF_COREMOF_GCMC,/home/rakeyma/Tüm_çalışmalar/MOF Radyoaktif Gaz Adsorpsiyonu/data/processed/augmented_cif/finetune_000015_v02.cif,Ni3H3C12N2O9,True,0.0,0,Ni,-NH2,0.12375186779549287,"noise,substitution,functional",False,True,0.09947078666092203,0.13517647145320455,1.7974819487280448e+25,2.4426997662957337e+25,2.3052503344740423,1.2678876839607234,1.358956493568275,58,5,8.448275862068966,0.6862068965517241,0.5538736317970011,0.10344827586206896
finetune_000015_v03,finetune_000015,CuHC4O3,HF_COREMOF_GCMC,/home/rakeyma/Tüm_çalışmalar/MOF Radyoaktif Gaz Adsorpsiyonu/data/processed/augmented_cif/finetune_000015_v03.cif,Cu6H4C20O17,True,0.16206790455759862,7,,,0.08578820472618395,"defect,noise",False,False,0.2261793776410651,0.27851752679973707,4.087163298207595e+25,5.032937243509142e+25,3.308977437113372,1.819937590412355,1.231401066288766,47,4,9.23404255319149,0.7085106382978725,0.577510822409416,0.1276595744680851
finetune_000015_v04,finetune_000015,CuHC4O3,HF_COREMOF_GCMC,/home/rakeyma/Tüm_çalışmalar/MOF Radyoaktif Gaz Adsorpsiyonu/data/processed/augmented_cif/finetune_000015_v04.cif,CoHC4O3,True,0.0,0,Co,,0.04394559501124117,"substitution,noise",False,False,0.13968602411458594,0.17936534669415483,2.5241894154457186e+25,3.241212658839369e+25,2.6554419477843303,1.4604930712813817,1.2840607915579263,54,4,8.444444444444445,0.688888888888889,0.5829397481729994,0.1111111111111111
finetune_000015_v05,finetune_000015,CuHC4O3,HF_COREMOF_GCMC,/home/rakeyma/Tüm_çalışmalar/MOF Radyoaktif Gaz Adsorpsiyonu/data/processed/augmented_cif/finetune_000015_v05.cif,ZnHC4O3,True,0.0,0,Zn,,0.14821389528127143,"substitution,noise",False,False,0.13224532090732105,0.17686096140228846,2.389732554794834e+25,3.1959572878314488e+25,2.6368385027361887,1.4502611765049038,1.3373702766106526,54,4,8.777777777777779,0.688888888888889,0.6504229393248673,0.1111111111111111
finetune_000015_v06,finetune_000015,CuHC4O3,HF_COREMOF_GCMC,/home/rakeyma/Tüm_çalışmalar/MOF Radyoaktif Gaz Adsorpsiyonu/data/processed/augmented_cif/finetune_000015_v06.cif,Cu3H3C12N2O9,True,0.0,0,,-NH2,0.08307092935834048,"noise,functional",False,True,0.0983498284617901,0.1375819281165317,1.7772257288281578e+25,2.4861674523965486e+25,2.325670781054876,1.279118929580182,1.3989035900554079,58,5,8.551724137931034,0.6862068965517241,0.5564746175702895,0.10344827586206896
finetune_000016_v00,finetune_000016,ErH4(CO2)4,HF_COREMOF_GCMC,/home/rakeyma/Tüm_çalışmalar/MOF Radyoaktif Gaz Adsorpsiyonu/data/processed/augmented_cif/finetune_000016_v00.cif,ErH4(CO2)4,False,0.0,0,,,0.0,none,False,False,0.023600667038622233,0.05,9.4800095235009e+24,2.008419827284324e+25,1.5,1.2,2.1185841873950237,34,4,9.411764705882353,0.6088235294117648,0.7877935960643498,0.058823529411764705
finetune_000016_v01,finetune_000016,ErH4(CO2)4,HF_COREMOF_GCMC,/home/rakeyma/Tüm_çalışmalar/MOF Radyoaktif Gaz Adsorpsiyonu/data/processed/augmented_cif/finetune_000016_v01.cif,ErH4(CO2)4,True,0.0,0,,,0.1317821802364719,"substitution,noise",False,False,0.023600667038622233,0.05,9.4800095235009e+24,2.008419827284324e+25,1.5,1.2,2.1185841873950237,34,4,9.411764705882353,0.6088235294117648,0.7877935960643498,0.058823529411764705
finetune_000016_v02,finetune_000016,ErH4(CO2)4,HF_COREMOF_GCMC,/home/rakeyma/Tüm_çalışmalar/MOF Radyoaktif Gaz Adsorpsiyonu/data/processed/augmented_cif/finetune_000016_v02.cif,Er2H8C9O16,True,0.0,0,,-CH3,0.11677795263236285,"functional,noise",False,True,0.02319954452656024,0.05,9.318885042221818e+24,2.008419827284324e+25,1.5,1.2,2.155214725994167,35,4,9.314285714285715,0.6114285714285715,0.7877935960643498,0.05714285714285714
finetune_000016_v03,finetune_000016,ErH4(CO2)4,HF_COREMOF_GCMC,/home/rakeyma/Tüm_çalışmalar/MOF Radyoaktif Gaz Adsorpsiyonu/data/processed/augmented_cif/finetune_000016_v03.cif,Er2H8C9O13,True,0.11075420744254322,3,,-CH3,0.1236382389664603,"noise,functional,defect",False,True,0.02489012758679235,0.05,9.997965149790055e+24,2.0084198272843243e+25,1.5,1.2,2.0088285938129107,32,4,9.4375,0.6125,0.7877935960643498,0.0625
finetune_000016_v04,finetune_000016,ErH4(CO2)4,HF_COREMOF_GCMC,/home/rakeyma/Tüm_çalışmalar/MOF Radyoaktif Gaz Adsorpsiyonu/data/processed/augmented_cif/finetune_000016_v04.cif,Er2H8(CO2)7,True,0.1254822899539565,4,,-CH3,0.1137529187613907,"functional,defect,noise",False,True,0.04559479954160456,0.09047662837011017,1.8314699884082558e+25,3.6343010864872924e+25,1.9924550289046903,1.2,1.9843628940083755,31,4,9.612903225806452,0.6064516129032259,0.7877935960643498,0.06451612903225806
finetune_000016_v05,finetune_000016,ErH4(CO2)4,HF_COREMOF_GCMC,/home/rakeyma/Tüm_çalışmalar/MOF Radyoaktif Gaz Adsorpsiyonu/data/processed/augmented_cif/finetune_000016_v05.cif,Er2H7(C2O5)3,True,0.1361353739963908,4,,,0.09418542541849823,"defect,noise,substitution",False,False,0.05593121626700159,0.1114962895505881,2.2466672742954706e+25,4.478627172040703e+25,2.21182382192073,1.2165031020564017,1.993453691733303,30,4,9.966666666666667,0.6150000000000002,0.7877935960643498,0.06666666666666667
finetune_000016_v06,finetune_000016,ErH4(CO2)4,HF_COREMOF_GCMC,/home/rakeyma/Tüm_çalışmalar/MOF Radyoaktif Gaz Adsorpsiyonu/data/processed/augmented_cif/finetune_000016_v06.cif,Er2H6C6NO15,True,0.15792383057107004,5,,-NH2,0.1360415703941327,"defect,functional,noise",False,True,0.0457858515802418,0.09308710683310839,1.8391442424570985e+25,3.739159820562979e+25,2.0209943065898193,1.2,2.033097640872071,30,5,10.166666666666666,0.6283333333333334,0.7556612997897934,0.06666666666666667
finetune_000017_v00,finetune_000017,CoH9C13(N2O)2,HF_COREMOF_GCMC,/home/rakeyma/Tüm_çalışmalar/MOF Radyoaktif Gaz Adsorpsiyonu/data/processed/augmented_cif/finetune_000017_v00.cif,CoH9C13(N2O)2,False,0.0,0,,,0.0,none,False,False,0.03929864632399415,0.05,1.0547736028047207e+25,1.3419973732793931e+25,1.584030555260851,1.2,1.2723084553035109,58,5,5.448275862068965,0.5689655172413793,0.5617259118110896,0.034482758620689655
finetune_000017_v01,finetune_000017,CoH9C13(N2O)2,HF_COREMOF_GCMC,/home/rakeyma/Tüm_çalışmalar/MOF Radyoaktif Gaz Adsorpsiyonu/data/processed/augmented_cif/finetune_000017_v01.cif,MnH9C13(N2O)2,True,0.0,0,Mn,,0.06685308254695832,"substitution,noise",False,False,0.039808111374326015,0.05,1.068447617991181e+25,1.3419973732793934e+25,1.584030555260851,1.2,1.2560254248144809,58,5,5.379310344827586,0.5706896551724138,0.6564327840685594,0.034482758620689655
finetune_000017_v02,finetune_000017,CoH9C13(N2O)2,HF_COREMOF_GCMC,/home/rakeyma/Tüm_çalışmalar/MOF Radyoaktif Gaz Adsorpsiyonu/data/processed/augmented_cif/finetune_000017_v02.cif,Co2H15C24N11O,True,0.15225229382985186,9,,-NH2,0.13126288790196516,"functional,defect,noise",False,True,0.04149336642611103,0.05,1.1136797750472072e+25,1.3419973732793931e+25,1.584030555260851,1.2,1.2050118924198905,53,5,5.622641509433962,0.5849056603773584,0.5617259118110896,0.03773584905660377
finetune_000017_v03,finetune_000017,CoH9C13(N2O)2,HF_COREMOF_GCMC,/home/rakeyma/Tüm_çalışmalar/MOF Radyoaktif Gaz Adsorpsiyonu/data/processed/augmented_cif/finetune_000017_v03.cif,Ni2H17C28N7O4,True,0.0781294592291969,4,Ni,-CH3,0.10260234719453702,"substitution,defect,functional,noise",False,True,0.03876914039143452,0.05,1.040561691392103e+25,1.3419973732793934e+25,1.584030555260851,1.2,1.289685546163071,58,5,5.551724137931035,0.5775862068965517,0.5538736317970011,0.034482758620689655
finetune_000017_v04,finetune_000017,CoH9C13(N2O)2,HF_COREMOF_GCMC,/home/rakeyma/Tüm_çalışmalar/MOF Radyoaktif Gaz Adsorpsiyonu/data/processed/augmented_cif/finetune_000017_v04.cif,ZnH9C11(N2O)2,True,0.08498988396173349,4,Zn,,0.10805415110817719,"defect,noise,substitution",False,False,0.041638980764261424,0.05,1.1175880562334001e+25,1.3419973732793931e+25,1.584030555260851,1.2,1.2007978841526978,54,5,5.518518518518518,0.5592592592592593,0.6263098274815748,0.037037037037037035
finetune_000017_v05,finetune_000017,CoH9C13(N2O)2,HF_COREMOF_GCMC,/home/rakeyma/Tüm_çalışmalar/MOF Radyoaktif Gaz Adsorpsiyonu/data/processed/augmented_cif/finetune_000017_v05.cif,Co2H16C25N7O2,True,0.1160071111430005,6,,,0.14512188698677192,"defect,noise",False,False,0.04347931575900279,0.05,1.1669825508113415e+25,1.3419973732793934e+25,1.584030555260851,1.2,1.1499720988513267,52,5,5.480769230769231,0.5759615384615384,0.5617259118110896,0.038461538461538464
finetune_000017_v06,finetune_000017,CoH9C13(N2O)2,HF_COREMOF_GCMC,/home/rakeyma/Tüm_çalışmalar/MOF Radyoaktif Gaz Adsorpsiyonu/data/processed/augmented_cif/finetune_000017_v06.cif,NiH9C15(N2O)2,True,0.0,0,Ni,-CH3,0.06918496246061462,"substitution,noise,functional",False,True,0.03651673766711182,0.05,9.801073205999347e+24,1.3419973732793934e+25,1.584030555260851,1.2,1.3692351287182936,62,5,5.516129032258065,0.5774193548387099,0.5538736317970011,0.03225806451612903
finetune_000018_v00,finetune_000018,CoHC4O3,HF_COREMOF_GCMC,/home/rakeyma/Tüm_çalışmalar/MOF Radyoaktif Gaz Adsorpsiyonu/data/processed/augmented_cif/finetune_000018_v00.cif,CoHC4O3,False,0.0,0,,,0.0,none,False,False,0.20272234461597277,0.24081560498963828,3.3889723538711354e+25,4.025789210541387e+25,3.325674945771934,1.8291212201745637,1.1879085428191327,54,4,8.444444444444445,0.688888888888889,0.5829397481729994,0.1111111111111111
finetune_000018_v01,finetune_000018,CoHC4O3,HF_COREMOF_GCMC,/home/rakeyma/Tüm_çalışmalar/MOF Radyoaktif Gaz Adsorpsiyonu/data/processed/augmented_cif/finetune_000018_v01.cif,Co6H5(C11O8)2,True,0.12454133630809472,5,,,0.030136893137520285,"defect,noise",False,False,0.2680593235014178,0.299026596900971,4.48123090853462e+25,4.998920429266346e+25,3.7058888955633895,2.0382388925598645,1.1155239556492778,49,4,8.714285714285714,0.7010204081632654,0.5829397481729994,0.12244897959183673
finetune_000018_v02,finetune_000018,CoHC4O3,HF_COREMOF_GCMC,/home/rakeyma/Tüm_çalışmalar/MOF Radyoaktif Gaz Adsorpsiyonu/data/processed/augmented_cif/finetune_000018_v02.cif,CoHC4O3,True,0.0,0,,,0.0789770207215432,noise,False,False,0.20272234461597277,0.24081560498963828,3.3889723538711354e+25,4.025789210541387e+25,3.325674945771934,1.8291212201745637,1.1879085428191327,54,4,8.444444444444445,0.688888888888889,0.5829397481729994,0.1111111111111111
finetune_000018_v03,finetune_000018,CoHC4O3,HF_COREMOF_GCMC,/home/rakeyma/Tüm_çalışmalar/MOF Radyoaktif Gaz Adsorpsiyonu/data/processed/augmented_cif/finetune_000018_v03.cif,Co3H3C14O9,True,0.0,0,,-CH3,0.0663267176158518,"noise,functional",False,True,0.1424414990257822,0.17789351186355762,2.381238748776306e+25,2.9739010506251916e+25,2.858364043247074,1.5721002237858908,1.24888823187236,58,4,8.275862068965518,0.6896551724137931,0.5829397481729994,0.10344827586206896
finetune_000018_v04,finetune_000018,CoHC4O3,HF_COREMOF_GCMC,/home/rakeyma/Tüm_çalışmalar/MOF Radyoaktif Gaz Adsorpsiyonu/data/processed/augmented_cif/finetune_000018_v04.cif,Co2H2C7NO5,True,0.12940510553258608,6,,-NH2,0.14807059575220075,"defect,functional,noise",False,True,0.25204806038844285,0.28597017612827025,4.213565653659931e+25,4.7806521908883185e+25,3.624080676709814,1.9932443721903979,1.1345859027343772,51,5,8.529411764705882,0.6911764705882352,0.5617259118110896,0.11764705882352941
finetune_000018_v05,finetune_000018,CoHC4O3,HF_COREMOF_GCMC,/home/rakeyma/Tüm_çalışmalar/MOF Radyoaktif Gaz Adsorpsiyonu/data/processed/augmented_cif/finetune_000018_v05.cif,Co3H3C12N2O9,True,0.0,0,,-NH2,0.08782713974033338,"noise,functional",False,True,0.15339122571188762,0.1931229509005108,2.56428872825416e+25,3.228496309766317e+25,2.9782039138781222,1.6380121526329674,1.2590221507405557,58,5,8.344827586206897,0.6862068965517241,0.5617259118110896,0.10344827586206896
finetune_000018_v06,finetune_000018,CoHC4O3,HF_COREMOF_GCMC,/home/rakeyma/Tüm_çalışmalar/MOF Radyoaktif Gaz Adsorpsiyonu/data/processed/augmented_cif/finetune_000018_v06.cif,Co3H2C11O9,True,0.09863660726995478,4,,,0.031604781002556585,"defect,noise",False,False,0.24314626015617036,0.2807998864347071,4.064751496325653e+25,4.69421885337842e+25,3.5911698772689666,1.9751434324979318,1.154859985320573,50,4,8.84,0.706,0.5829397481729994,0.12
finetune_000019_v00,finetune_000019,CoHC4O3,HF_COREMOF_GCMC,/home/rakeyma/Tüm_çalışmalar/MOF Radyoaktif Gaz Adsorpsiyonu/data/processed/augmented_cif/finetune_000019_v00.cif,CoHC4O3,False,0.0,0,,,0.0,none,False,False,0.20272234461597277,0.24081560498963828,3.3889723538711354e+25,4.025789210541387e+25,3.325674945771934,1.8291212201745637,1.1879085428191327,54,4,8.444444444444445,0.688888888888889,0.5829397481729994,0.1111111111111111
finetune_000019_v01,finetune_000019,CoHC4O3,HF_COREMOF_GCMC,/home/rakeyma/Tüm_çalışmalar/MOF Radyoaktif Gaz Adsorpsiyonu/data/processed/augmented_cif/finetune_000019_v01.cif,Co3H3C14O9,True,0.0,0,,-CH3,0.11104634016103691,"functional,noise",False,True,0.1424414990257822,0.17789351186355762,2.381238748776306e+25,2.9739010506251916e+25,2.858364043247074,1.5721002237858908,1.24888823187236,58,4,8.275862068965518,0.6896551724137931,0.5829397481729994,0.10344827586206896
finetune_000019_v02,finetune_000019,CoHC4O3,HF_COREMOF_GCMC,/home/rakeyma/Tüm_çalışmalar/MOF Radyoaktif Gaz Adsorpsiyonu/data/processed/augmented_cif/finetune_000019_v02.cif,NiHC4O3,True,0.0,0,Ni,,0.1036140604419825,"substitution,noise",False,False,0.20877834443344895,0.24762830795697666,3.4902123824203038e+25,4.139679280504727e+25,3.372388741022685,1.854813807562477,1.186082343113472,54,4,8.555555555555555,0.688888888888889,0.5748260606479145,0.1111111111111111
finetune_000019_v03,finetune_000019,CoHC4O3,HF_COREMOF_GCMC,/home/rakeyma/Tüm_çalışmalar/MOF Radyoaktif Gaz Adsorpsiyonu/data/processed/augmented_cif/finetune_000019_v03.cif,Co6H6C20N4O15,True,0.14708239357455702,7,,-NH2,0.06964645435423068,"functional,defect,noise",False,True,0.2548347520581348,0.28977753588750854,4.2601516432075525e+25,4.844301005673601e+25,3.648126113298342,2.006469362314088,1.1371193824514263,51,5,8.549019607843137,0.6901960784313724,0.5617259118110896,0.11764705882352941
finetune_000019_v04,finetune_000019,CoHC4O3,HF_COREMOF_GCMC,/home/rakeyma/Tüm_çalışmalar/MOF Radyoaktif Gaz Adsorpsiyonu/data/processed/augmented_cif/finetune_000019_v04.cif,NiHC4O3,True,0.0,0,Ni,,0.10530506257863663,"substitution,noise",False,False,0.20877834443344895,0.24762830795697666,3.4902123824203038e+25,4.139679280504727e+25,3.372388741022685,1.854813807562477,1.186082343113472,54,4,8.555555555555555,0.688888888888889,0.5748260606479145,0.1111111111111111
finetune_000019_v05,finetune_000019,CoHC4O3,HF_COREMOF_GCMC,/home/rakeyma/Tüm_çalışmalar/MOF Radyoaktif Gaz Adsorpsiyonu/data/processed/augmented_cif/finetune_000019_v05.cif,Zn3H3C12N2O9,True,0.0,0,Zn,-NH2,0.1086432556998911,"substitution,functional,noise",False,True,0.145838340359588,0.19080609744444565,2.4380247996310457e+25,3.1897647514595633e+25,2.9602855833476767,1.6281570708412223,1.3083397477918521,58,5,8.655172413793103,0.6862068965517241,0.6263098274815748,0.10344827586206896
finetune_000019_v06,finetune_000019,CoHC4O3,HF_COREMOF_GCMC,/home/rakeyma/Tüm_çalışmalar/MOF Radyoaktif Gaz Adsorpsiyonu/data/processed/augmented_cif/finetune_000019_v06.cif,Co6H6C26O17,True,0.06187724865198007,2,,-CH3,0.091054827705328,"defect,functional,noise",False,True,0.18412522811153315,0.22059872238023714,3.0780785852801192e+25,3.6878173092469884e+25,3.1830171754525245,1.7506594464988887,1.1980906942671121,55,4,8.363636363636363,0.6909090909090911,0.5829397481729994,0.10909090909090909
finetune_000020_v00,finetune_000020,Ho(CO2)4,HF_COREMOF_GCMC,/home/rakeyma/Tüm_çalışmalar/MOF Radyoaktif Gaz Adsorpsiyonu/data/processed/augmented_cif/finetune_000020_v00.cif,Ho(CO2)4,False,0.0,0,,,0.0,none,False,False,0.14997836171222506,0.25281674030478984,2.4414133620380375e+25,4.115461463109865e+25,4.837021143375599,2.6603616288565797,1.6856881047273249,52,3,11.923076923076923,0.7192307692307693,0.9079035680560402,0.07692307692307693
finetune_000020_v01,finetune_000020,Ho(CO2)4,HF_COREMOF_GCMC,/home/rakeyma/Tüm_çalışmalar/MOF Radyoaktif Gaz Adsorpsiyonu/data/processed/augmented_cif/finetune_000020_v01.cif,Ho2C9O16,True,0.0,0,,-CH3,0.11727500821920027,"noise,functional",False,True,0.12952345876697718,0.22218162834662825,2.108439506345835e+25,3.616769712991286e+25,4.534497269418265,2.4939734981800457,1.715377511237948,54,3,11.703703703703704,0.7185185185185188,0.9079035680560402,0.07407407407407407
finetune_000020_v02,finetune_000020,Ho(CO2)4,HF_COREMOF_GCMC,/home/rakeyma/Tüm_çalışmalar/MOF Radyoaktif Gaz Adsorpsiyonu/data/processed/augmented_cif/finetune_000020_v02.cif,Ho2C8O15,True,0.056386685274077496,2,,,0.10989828139900208,"defect,noise",False,False,0.1668842634104747,0.2747146908961938,2.7166150233457155e+25,4.4719258794747e+25,5.042152937007535,2.7731841153541446,1.6461389784877165,50,3,12.08,0.7240000000000001,0.9079035680560402,0.08
finetune_000020_v03,finetune_000020,Ho(CO2)4,HF_COREMOF_GCMC,/home/rakeyma/Tüm_çalışmalar/MOF Radyoaktif Gaz Adsorpsiyonu/data/processed/augmented_cif/finetune_000020_v03.cif,Ho2(CO2)7,True,0.14004366904093796,6,,,0.046776697639144174,"noise,defect,substitution",False,False,0.20752594390491919,0.3272477534457594,3.37819807227383e+25,5.327082045958115e+25,5.503176082407843,3.026746845324314,1.5769004457374851,46,3,12.521739130434783,0.7304347826086959,0.9079035680560402,0.08695652173913043
finetune_000020_v04,finetune_000020,Ho(CO2)4,HF_COREMOF_GCMC,/home/rakeyma/Tüm_çalışmalar/MOF Radyoaktif Gaz Adsorpsiyonu/data/processed/augmented_cif/finetune_000020_v04.cif,Ho(CO2)4,True,0.0,0,,,0.08394737677642926,"noise,substitution",False,False,0.14997836171222506,0.25281674030478984,2.4414133620380375e+25,4.115461463109865e+25,4.837021143375599,2.6603616288565797,1.6856881047273249,52,3,11.923076923076923,0.7192307692307693,0.9079035680560402,0.07692307692307693
finetune_000020_v05,finetune_000020,Ho(CO2)4,HF_COREMOF_GCMC,/home/rakeyma/Tüm_çalışmalar/MOF Radyoaktif Gaz Adsorpsiyonu/data/processed/augmented_cif/finetune_000020_v05.cif,Ho(CO2)4,True,0.0,0,,,0.11557206975432534,"substitution,noise",False,False,0.14997836171222506,0.25281674030478984,2.4414133620380375e+25,4.115461463109865e+25,4.837021143375599,2.6603616288565797,1.6856881047273249,52,3,11.923076923076923,0.7192307692307693,0.9079035680560402,0.07692307692307693
finetune_000020_v06,finetune_000020,Ho(CO2)4,HF_COREMOF_GCMC,/home/rakeyma/Tüm_çalışmalar/MOF Radyoaktif Gaz Adsorpsiyonu/data/processed/augmented_cif/finetune_000020_v06.cif,Ho2C9O16,True,0.0,0,,-CH3,0.13844016763393863,"substitution,functional,noise",False,True,0.12952345876697718,0.22218162834662825,2.108439506345835e+25,3.616769712991286e+25,4.534497269418265,2.4939734981800457,1.715377511237948,54,3,11.703703703703704,0.7185185185185188,0.9079035680560402,0.07407407407407407
finetune_000021_v00,finetune_000021,EuHC6N2O5,HF_COREMOF_GCMC,/home/rakeyma/Tüm_çalışmalar/MOF Radyoaktif Gaz Adsorpsiyonu/data/processed/augmented_cif/finetune_000021_v00.cif,EuHC6N2O5,False,0.0,0,,,0.0,none,False,False,0.026663069368171966,0.05,6.59103069616188e+24,1.235984988290522e+25,2.179271850871295,1.2,1.8752529691756201,45,5,10.266666666666667,0.7066666666666668,0.768988946604566,0.06666666666666667
finetune_000021_v01,finetune_000021,EuHC6N2O5,HF_COREMOF_GCMC,/home/rakeyma/Tüm_çalışmalar/MOF Radyoaktif Gaz Adsorpsiyonu/data/processed/augmented_cif/finetune_000021_v01.cif,Eu3H3C16(N3O7)2,True,0.07443162169033313,3,,,0.11433581875193921,"defect,noise",False,False,0.04779574012894948,0.0860389862966563,1.181496346072329e+25,2.126857909408022e+25,2.8587359917485435,1.572304795461699,1.8001392187782692,42,5,10.523809523809524,0.7095238095238096,0.768988946604566,0.07142857142857142
finetune_000021_v02,finetune_000021,EuHC6N2O5,HF_COREMOF_GCMC,/home/rakeyma/Tüm_çalışmalar/MOF Radyoaktif Gaz Adsorpsiyonu/data/processed/augmented_cif/finetune_000021_v02.cif,Eu3HC16N6O13,True,0.15258728160283866,6,,,0.0934500863804717,"defect,noise",False,False,0.06525905053938816,0.11526881774411268,1.613184136335525e+25,2.849410566994388e+25,3.308889974495489,1.819889485972519,1.7663269200421527,39,5,11.076923076923077,0.7358974358974362,0.768988946604566,0.07692307692307693
finetune_000021_v03,finetune_000021,EuHC6N2O5,HF_COREMOF_GCMC,/home/rakeyma/Tüm_çalışmalar/MOF Radyoaktif Gaz Adsorpsiyonu/data/processed/augmented_cif/finetune_000021_v03.cif,EuHC6N2O5,True,0.0,0,,,0.08831606896264241,"substitution,defect,noise",False,False,0.026663069368171966,0.05,6.59103069616188e+24,1.235984988290522e+25,2.179271850871295,1.2,1.8752529691756201,45,5,10.266666666666667,0.7066666666666668,0.768988946604566,0.06666666666666667
finetune_000021_v04,finetune_000021,EuHC6N2O5,HF_COREMOF_GCMC,/home/rakeyma/Tüm_çalışmalar/MOF Radyoaktif Gaz Adsorpsiyonu/data/processed/augmented_cif/finetune_000021_v04.cif,Eu3H3C17(N4O7)2,True,0.06022012506512196,2,,-NH2,0.0419378183387973,"defect,functional,noise",False,True,0.026662981304565493,0.05,6.591008927102759e+24,1.2359849882905222e+25,2.179271850871295,1.2,1.8752591628393227,45,5,10.266666666666667,0.7066666666666667,0.768988946604566,0.06666666666666667
finetune_000021_v05,finetune_000021,EuHC6N2O5,HF_COREMOF_GCMC,/home/rakeyma/Tüm_çalışmalar/MOF Radyoaktif Gaz Adsorpsiyonu/data/processed/augmented_cif/finetune_000021_v05.cif,Eu3H3C16(N2O7)2,True,0.13712846613280683,5,,,0.09465586454138446,"noise,defect,substitution",False,False,0.06941115631884245,0.1213002832405835,1.7158229445995216e+25,2.998506583214992e+25,3.394355416610013,1.8668954791355075,1.7475617706667588,40,5,10.7,0.7125,0.768988946604566,0.075
finetune_000021_v06,finetune_000021,EuHC6N2O5,HF_COREMOF_GCMC,/home/rakeyma/Tüm_çalışmalar/MOF Radyoaktif Gaz Adsorpsiyonu/data/processed/augmented_cif/finetune_000021_v06.cif,EuHC6N3O5,True,0.0,0,,-NH2,0.12394522169720333,"substitution,functional,noise",False,True,0.025586976219699485,0.05,6.325023700659027e+24,1.2359849882905222e+25,2.179271850871295,1.2,1.954119141342886,48,5,10.0625,0.703125,0.768988946604566,0.0625
finetune_000022_v00,finetune_000022,NiPC3NO3,HF_COREMOF_GCMC,/home/rakeyma/Tüm_çalışmalar/MOF Radyoaktif Gaz Adsorpsiyonu/data/processed/augmented_cif/finetune_000022_v00.cif,NiPC3NO3,False,0.0,0,,,0.0,none,False,False,0.18032553057819853,0.24006455958428397,2.8074524444819397e+25,3.7375175466133446e+25,3.0524746918998127,1.6788610805448971,1.3312843656388382,54,5,10.222222222222221,0.7666666666666667,0.5554313638965664,0.1111111111111111
finetune_000022_v01,finetune_000022,NiPC3NO3,HF_COREMOF_GCMC,/home/rakeyma/Tüm_çalışmalar/MOF Radyoaktif Gaz Adsorpsiyonu/data/processed/augmented_cif/finetune_000022_v01.cif,CoPC3NO3,True,0.0,0,Co,,0.04492575623922332,"substitution,noise",False,False,0.17533571896860725,0.233719901271914,2.729767056528643e+25,3.638738818879385e+25,3.011867718887513,1.6565272453881323,1.332985102218448,54,5,10.11111111111111,0.7666666666666667,0.5632406235349152,0.1111111111111111
finetune_000022_v02,finetune_000022,NiPC3NO3,HF_COREMOF_GCMC,/home/rakeyma/Tüm_çalışmalar/MOF Radyoaktif Gaz Adsorpsiyonu/data/processed/augmented_cif/finetune_000022_v02.cif,ZnPC3NO3,True,0.0,0,Zn,,0.06642297036238942,"noise,substitution",False,False,0.16793080409484154,0.2315622197159971,2.614481404536514e+25,3.605146302394618e+25,2.997932834073343,1.6488630587403388,1.3789144937650553,54,5,10.444444444444445,0.7666666666666667,0.6275221111642203,0.1111111111111111
finetune_000022_v03,finetune_000022,NiPC3NO3,HF_COREMOF_GCMC,/home/rakeyma/Tüm_çalışmalar/MOF Radyoaktif Gaz Adsorpsiyonu/data/processed/augmented_cif/finetune_000022_v03.cif,Ni2P2C7(NO3)2,True,0.0,0,,-CH3,0.12863902105543246,"functional,noise",False,True,0.14274576467100994,0.196115133442628,2.2223805175012847e+25,3.0532776419290556e+25,2.7589485429770844,1.5174216986373965,1.3738770736534278,57,5,10.0,0.7631578947368421,0.5554313638965664,0.10526315789473684
finetune_000022_v04,finetune_000022,NiPC3NO3,HF_COREMOF_GCMC,/home/rakeyma/Tüm_çalışmalar/MOF Radyoaktif Gaz Adsorpsiyonu/data/processed/augmented_cif/finetune_000022_v04.cif,Ni2P2C6(NO2)3,True,0.0,0,,-NH2,0.1406171678566011,"functional,noise",False,True,0.1497170027447474,0.206752495820136,2.3309143413498863e+25,3.2188886284256376e+25,2.8327837801387803,1.5580310790763292,1.3809553492907445,57,5,10.052631578947368,0.7605263157894736,0.5554313638965664,0.10526315789473684
finetune_000022_v05,finetune_000022,NiPC3NO3,HF_COREMOF_GCMC,/home/rakeyma/Tüm_çalışmalar/MOF Radyoaktif Gaz Adsorpsiyonu/data/processed/augmented_cif/finetune_000022_v05.cif,Ni2P2C7(NO3)2,True,0.0,0,,-CH3,0.0838992996859757,"functional,noise",False,True,0.14274576467100994,0.196115133442628,2.2223805175012847e+25,3.0532776419290556e+25,2.7589485429770844,1.5174216986373965,1.3738770736534278,57,5,10.0,0.7631578947368421,0.5554313638965664,0.10526315789473684
finetune_000022_v06,finetune_000022,NiPC3NO3,HF_COREMOF_GCMC,/home/rakeyma/Tüm_çalışmalar/MOF Radyoaktif Gaz Adsorpsiyonu/data/processed/augmented_cif/finetune_000022_v06.cif,ZnPC3NO3,True,0.0,0,Zn,,0.13512752059559782,"noise,substitution",False,False,0.16793080409484154,0.2315622197159971,2.614481404536514e+25,3.605146302394618e+25,2.997932834073343,1.6488630587403388,1.3789144937650553,54,5,10.444444444444445,0.7666666666666667,0.6275221111642203,0.1111111111111111
finetune_000023_v00,finetune_000023,Ho(CO2)4,HF_COREMOF_GCMC,/home/rakeyma/Tüm_çalışmalar/MOF Radyoaktif Gaz Adsorpsiyonu/data/processed/augmented_cif/finetune_000023_v00.cif,Ho(CO2)4,False,0.0,0,,,0.0,none,False,False,0.14997836171222506,0.25281674030478984,2.4414133620380375e+25,4.115461463109865e+25,4.837021143375599,2.6603616288565797,1.6856881047273249,52,3,11.923076923076923,0.7192307692307693,0.9079035680560402,0.07692307692307693
finetune_000023_v01,finetune_000023,Ho(CO2)4,HF_COREMOF_GCMC,/home/rakeyma/Tüm_çalışmalar/MOF Radyoaktif Gaz Adsorpsiyonu/data/processed/augmented_cif/finetune_000023_v01.cif,Ho2C8NO16,True,0.0,0,,-NH2,0.039678168719982865,"functional,noise",False,True,0.13346213653976627,0.22959644159866344,2.172555025634546e+25,3.7374712858306406e+25,4.609540641960254,2.5352473530781396,1.7203114497590337,54,4,11.74074074074074,0.7166666666666667,0.8327214420200791,0.07407407407407407
finetune_000023_v02,finetune_000023,Ho(CO2)4,HF_COREMOF_GCMC,/home/rakeyma/Tüm_çalışmalar/MOF Radyoaktif Gaz Adsorpsiyonu/data/processed/augmented_cif/finetune_000023_v02.cif,Ho2C8NO16,True,0.0,0,,-NH2,0.07998647058706818,"functional,noise",False,True,0.13346213653976627,0.22959644159866344,2.172555025634546e+25,3.7374712858306406e+25,4.609540641960254,2.5352473530781396,1.7203114497590337,54,4,11.74074074074074,0.7166666666666667,0.8327214420200791,0.07407407407407407
finetune_000023_v03,finetune_000023,Ho(CO2)4,HF_COREMOF_GCMC,/home/rakeyma/Tüm_çalışmalar/MOF Radyoaktif Gaz Adsorpsiyonu/data/processed/augmented_cif/finetune_000023_v03.cif,Ho2C8NO16,True,0.0,0,,-NH2,0.13301345143202348,"functional,substitution,noise",False,True,0.13346213653976627,0.22959644159866344,2.172555025634546e+25,3.7374712858306406e+25,4.609540641960254,2.5352473530781396,1.7203114497590337,54,4,11.74074074074074,0.7166666666666667,0.8327214420200791,0.07407407407407407
finetune_000023_v04,finetune_000023,Ho(CO2)4,HF_COREMOF_GCMC,/home/rakeyma/Tüm_çalışmalar/MOF Radyoaktif Gaz Adsorpsiyonu/data/processed/augmented_cif/finetune_000023_v04.cif,Ho(CO2)4,True,0.0,0,,,0.0888118111866873,"substitution,noise",False,False,0.14997836171222506,0.25281674030478984,2.4414133620380375e+25,4.115461463109865e+25,4.837021143375599,2.6603616288565797,1.6856881047273249,52,3,11.923076923076923,0.7192307692307693,0.9079035680560402,0.07692307692307693
finetune_000023_v05,finetune_000023,Ho(CO2)4,HF_COREMOF_GCMC,/home/rakeyma/Tüm_çalışmalar/MOF Radyoaktif Gaz Adsorpsiyonu/data/processed/augmented_cif/finetune_000023_v05.cif,Ho2C8NO16,True,0.0,0,,-NH2,0.14999789861306867,"noise,functional",False,True,0.13346213653976627,0.22959644159866344,2.172555025634546e+25,3.7374712858306406e+25,4.609540641960254,2.5352473530781396,1.7203114497590337,54,4,11.74074074074074,0.7166666666666667,0.8327214420200791,0.07407407407407407
finetune_000023_v06,finetune_000023,Ho(CO2)4,HF_COREMOF_GCMC,/home/rakeyma/Tüm_çalışmalar/MOF Radyoaktif Gaz Adsorpsiyonu/data/processed/augmented_cif/finetune_000023_v06.cif,Ho2C8NO16,True,0.0,0,,-NH2,0.0632184855836522,"substitution,functional,noise",False,True,0.13346213653976627,0.22959644159866344,2.172555025634546e+25,3.7374712858306406e+25,4.609540641960254,2.5352473530781396,1.7203114497590337,54,4,11.74074074074074,0.7166666666666667,0.8327214420200791,0.07407407407407407
finetune_000024_v00,finetune_000024,TbH2C5O6,HF_COREMOF_GCMC,/home/rakeyma/Tüm_çalışmalar/MOF Radyoaktif Gaz Adsorpsiyonu/data/processed/augmented_cif/finetune_000024_v00.cif,TbH2C5O6,False,0.0,0,,,0.0,none,False,False,0.024106507108901363,0.05,5.19364682630987e+24,1.0772292316857692e+25,2.040859243064058,1.2,2.074128772539487,56,4,10.357142857142858,0.6678571428571427,0.8381639159496189,0.07142857142857142
finetune_000024_v01,finetune_000024,TbH2C5O6,HF_COREMOF_GCMC,/home/rakeyma/Tüm_çalışmalar/MOF Radyoaktif Gaz Adsorpsiyonu/data/processed/augmented_cif/finetune_000024_v01.cif,Tb4H7C17O23,True,0.11297958887670759,5,,,0.03096042543286211,"defect,noise",False,False,0.03765752583229275,0.07483933069503179,8.113157523901545e+24,1.612382294089726e+25,2.4968531354148955,1.3732692244781926,1.9873671740498213,51,4,10.843137254901961,0.6754901960784314,0.8381639159496189,0.0784313725490196
finetune_000024_v02,finetune_000024,TbH2C5O6,HF_COREMOF_GCMC,/home/rakeyma/Tüm_çalışmalar/MOF Radyoaktif Gaz Adsorpsiyonu/data/processed/augmented_cif/finetune_000024_v02.cif,Tb4H8C20(NO8)3,True,0.0,0,,-NH2,0.07569435162174631,"functional,noise",False,True,0.023333247771423992,0.05,5.027051313908951e+24,1.0772292316857692e+25,2.040859243064058,1.2,2.142865000612325,59,5,10.186440677966102,0.6669491525423726,0.8027353237524806,0.06779661016949153
finetune_000024_v03,finetune_000024,TbH2C5O6,HF_COREMOF_GCMC,/home/rakeyma/Tüm_çalışmalar/MOF Radyoaktif Gaz Adsorpsiyonu/data/processed/augmented_cif/finetune_000024_v03.cif,TbH2C5O6,True,0.0,0,,,0.03894887732449024,noise,False,False,0.024106507108901363,0.05,5.19364682630987e+24,1.0772292316857692e+25,2.040859243064058,1.2,2.074128772539487,56,4,10.357142857142858,0.6678571428571427,0.8381639159496189,0.07142857142857142
finetune_000024_v04,finetune_000024,TbH2C5O6,HF_COREMOF_GCMC,/home/rakeyma/Tüm_çalışmalar/MOF Radyoaktif Gaz Adsorpsiyonu/data/processed/augmented_cif/finetune_000024_v04.cif,Tb4H8C20(NO8)3,True,0.0,0,,-NH2,0.08060229055330786,"functional,noise",False,True,0.023333247771423992,0.05,5.027051313908951e+24,1.0772292316857692e+25,2.040859243064058,1.2,2.142865000612325,59,5,10.186440677966102,0.6669491525423726,0.8027353237524806,0.06779661016949153
finetune_000024_v05,finetune_000024,TbH2C5O6,HF_COREMOF_GCMC,/home/rakeyma/Tüm_çalışmalar/MOF Radyoaktif Gaz Adsorpsiyonu/data/processed/augmented_cif/finetune_000024_v05.cif,Tb4H7C19O21,True,0.14377104493588677,7,,-CH3,0.03628244010287089,"defect,functional,noise",False,True,0.03204937869165857,0.06327565853752015,6.904905516804324e+24,1.3632477806156784e+25,2.295865211647333,1.2627258664060332,1.974317790877762,51,4,10.764705882352942,0.6794117647058825,0.8381639159496189,0.0784313725490196
finetune_000024_v06,finetune_000024,TbH2C5O6,HF_COREMOF_GCMC,/home/rakeyma/Tüm_çalışmalar/MOF Radyoaktif Gaz Adsorpsiyonu/data/processed/augmented_cif/finetune_000024_v06.cif,Tb4H8(C6O7)3,True,0.10442218994576183,5,,,0.12014161655924221,"defect,noise",False,False,0.039899573044041924,0.07805631446055095,8.596197282964701e+24,1.6816908730912415e+25,2.549952387096155,1.4024738129028853,1.956319541925696,51,4,10.666666666666666,0.6705882352941177,0.8381639159496189,0.0784313725490196
finetune_000025_v00,finetune_000025,Ho(CO2)4,HF_COREMOF_GCMC,/home/rakeyma/Tüm_çalışmalar/MOF Radyoaktif Gaz Adsorpsiyonu/data/processed/augmented_cif/finetune_000025_v00.cif,Ho(CO2)4,False,0.0,0,,,0.0,none,False,False,0.14997836171222506,0.25281674030478984,2.4414133620380375e+25,4.115461463109865e+25,4.837021143375599,2.6603616288565797,1.6856881047273249,52,3,11.923076923076923,0.7192307692307693,0.9079035680560402,0.07692307692307693
finetune_000025_v01,finetune_000025,Ho(CO2)4,HF_COREMOF_GCMC,/home/rakeyma/Tüm_çalışmalar/MOF Radyoaktif Gaz Adsorpsiyonu/data/processed/augmented_cif/finetune_000025_v01.cif,Ho2C8NO16,True,0.0,0,,-NH2,0.04312605034853553,"functional,noise",False,True,0.13346213653976627,0.22959644159866344,2.172555025634546e+25,3.7374712858306406e+25,4.609540641960254,2.5352473530781396,1.7203114497590337,54,4,11.74074074074074,0.7166666666666667,0.8327214420200791,0.07407407407407407
finetune_000025_v02,finetune_000025,Ho(CO2)4,HF_COREMOF_GCMC,/home/rakeyma/Tüm_çalışmalar/MOF Radyoaktif Gaz Adsorpsiyonu/data/processed/augmented_cif/finetune_000025_v02.cif,Ho(CO2)4,True,0.0,0,,,0.05378855724474632,"substitution,noise",False,False,0.14997836171222506,0.25281674030478984,2.4414133620380375e+25,4.115461463109865e+25,4.837021143375599,2.6603616288565797,1.6856881047273249,52,3,11.923076923076923,0.7192307692307693,0.9079035680560402,0.07692307692307693
finetune_000025_v03,finetune_000025,Ho(CO2)4,HF_COREMOF_GCMC,/home/rakeyma/Tüm_çalışmalar/MOF Radyoaktif Gaz Adsorpsiyonu/data/processed/augmented_cif/finetune_000025_v03.cif,Ho2C9O16,True,0.0,0,,-CH3,0.10649451402459631,"functional,noise,substitution",False,True,0.12952345876697718,0.22218162834662825,2.108439506345835e+25,3.616769712991286e+25,4.534497269418265,2.4939734981800457,1.715377511237948,54,3,11.703703703703704,0.7185185185185188,0.9079035680560402,0.07407407407407407
finetune_000025_v04,finetune_000025,Ho(CO2)4,HF_COREMOF_GCMC,/home/rakeyma/Tüm_çalışmalar/MOF Radyoaktif Gaz Adsorpsiyonu/data/processed/augmented_cif/finetune_000025_v04.cif,Ho2C9O14,True,0.08473241335354609,4,,-CH3,0.09488792111025092,"defect,functional,noise",False,True,0.16255020535504722,0.2659775295294362,2.646063330904427e+25,4.329698545720955e+25,4.961323501222627,2.728727925672445,1.6362792587587311,50,3,12.0,0.7280000000000001,0.9079035680560402,0.08
finetune_000025_v05,finetune_000025,Ho(CO2)4,HF_COREMOF_GCMC,/home/rakeyma/Tüm_çalışmalar/MOF Radyoaktif Gaz Adsorpsiyonu/data/processed/augmented_cif/finetune_000025_v05.cif,Ho(CO2)4,True,0.0,0,,,0.11049516638366416,noise,False,False,0.14997836171222506,0.25281674030478984,2.4414133620380375e+25,4.115461463109865e+25,4.837021143375599,2.6603616288565797,1.6856881047273249,52,3,11.923076923076923,0.7192307692307693,0.9079035680560402,0.07692307692307693
finetune_000025_v06,finetune_000025,Ho(CO2)4,HF_COREMOF_GCMC,/home/rakeyma/Tüm_çalışmalar/MOF Radyoaktif Gaz Adsorpsiyonu/data/processed/augmented_cif/finetune_000025_v06.cif,Ho2C9O16,True,0.0,0,,-CH3,0.06986837881531313,"functional,noise,substitution",False,True,0.12952345876697718,0.22218162834662825,2.108439506345835e+25,3.616769712991286e+25,4.534497269418265,2.4939734981800457,1.715377511237948,54,3,11.703703703703704,0.7185185185185188,0.9079035680560402,0.07407407407407407
finetune_000026_v00,finetune_000026,MnHC4O3,HF_COREMOF_GCMC,/home/rakeyma/Tüm_çalışmalar/MOF Radyoaktif Gaz Adsorpsiyonu/data/processed/augmented_cif/finetune_000026_v00.cif,MnHC4O3,False,0.0,0,,,0.0,none,False,False,0.250478780251175,0.27327521048561265,3.946863419937481e+25,4.306073076369193e+25,3.5594545584836754,1.9577000071660215,1.0910114230498005,54,4,8.222222222222221,0.6944444444444445,0.6822206387965699,0.1111111111111111
finetune_000026_v01,finetune_000026,MnHC4O3,HF_COREMOF_GCMC,/home/rakeyma/Tüm_çalışmalar/MOF Radyoaktif Gaz Adsorpsiyonu/data/processed/augmented_cif/finetune_000026_v01.cif,MnHC4O3,True,0.0,0,,,0.11902881945205707,noise,False,False,0.250478780251175,0.27327521048561265,3.946863419937481e+25,4.306073076369193e+25,3.5594545584836754,1.9577000071660215,1.0910114230498005,54,4,8.222222222222221,0.6944444444444445,0.6822206387965699,0.1111111111111111
finetune_000026_v02,finetune_000026,MnHC4O3,HF_COREMOF_GCMC,/home/rakeyma/Tüm_çalışmalar/MOF Radyoaktif Gaz Adsorpsiyonu/data/processed/augmented_cif/finetune_000026_v02.cif,Mn6H6C23O17,True,0.04622276760281445,2,,,0.09242392432794053,"noise,defect",False,False,0.28245925778181746,0.29870080815910005,4.450788649816245e+25,4.706711251335173e+25,3.7213586958207783,2.0467472827014284,1.0575005064618141,52,4,8.26923076923077,0.6961538461538462,0.6822206387965699,0.11538461538461539
finetune_000026_v03,finetune_000026,MnHC4O3,HF_COREMOF_GCMC,/home/rakeyma/Tüm_çalışmalar/MOF Radyoaktif Gaz Adsorpsiyonu/data/processed/augmented_cif/finetune_000026_v03.cif,Mn6H5C24O17,True,0.115123224650561,5,,-CH3,0.074491228445244,"defect,functional,noise",False,True,0.26888969453512257,0.2878905332108245,4.236969288554575e+25,4.536370758978772e+25,3.6533983325209314,2.0093690828865123,1.0706640643426368,52,4,8.365384615384615,0.7048076923076926,0.6822206387965699,0.11538461538461539
finetune_000026_v04,finetune_000026,MnHC4O3,HF_COREMOF_GCMC,/home/rakeyma/Tüm_çalışmalar/MOF Radyoaktif Gaz Adsorpsiyonu/data/processed/augmented_cif/finetune_000026_v04.cif,Mn6H6C22O15,True,0.16803556135228748,8,,-CH3,0.14477899861722165,"defect,substitution,functional,noise",False,True,0.3331098894221507,0.33472484526462354,5.248904661949057e+25,5.274351967836919e+25,3.9393748588842175,2.1666561723863196,1.0048481173743424,49,4,8.326530612244898,0.7,0.6822206387965699,0.12244897959183673
finetune_000026_v05,finetune_000026,MnHC4O3,HF_COREMOF_GCMC,/home/rakeyma/Tüm_çalışmalar/MOF Radyoaktif Gaz Adsorpsiyonu/data/processed/augmented_cif/finetune_000026_v05.cif,Mn6H5C23O17,True,0.07599832546714014,3,,,0.08670217010150993,"defect,noise",False,False,0.286584524476177,0.30271769145227545,4.515791618120095e+25,4.770006392408975e+25,3.7462972677458453,2.060463497260215,1.0562946202541357,51,4,8.411764705882353,0.7049019607843138,0.6822206387965699,0.11764705882352941
finetune_000026_v06,finetune_000026,MnHC4O3,HF_COREMOF_GCMC,/home/rakeyma/Tüm_çalışmalar/MOF Radyoaktif Gaz Adsorpsiyonu/data/processed/augmented_cif/finetune_000026_v06.cif,Mn3H3C12N2O9,True,0.0,0,,-NH2,0.1432938420640054,"substitution,functional,defect,noise",False,True,0.1971617563643927,0.22832142754534512,3.1067323276842614e+25,3.59772388488546e+25,3.2535438903546297,1.7894491396950465,1.1580411523792848,58,5,8.137931034482758,0.6913793103448275,0.6564327840685594,0.10344827586206896
finetune_000027_v00,finetune_000027,CoHC4O3,HF_COREMOF_GCMC,/home/rakeyma/Tüm_çalışmalar/MOF Radyoaktif Gaz Adsorpsiyonu/data/processed/augmented_cif/finetune_000027_v00.cif,CoHC4O3,False,0.0,0,,,0.0,none,False,False,0.20272234461597277,0.24081560498963828,3.3889723538711354e+25,4.025789210541387e+25,3.325674945771934,1.8291212201745637,1.1879085428191327,54,4,8.444444444444445,0.688888888888889,0.5829397481729994,0.1111111111111111
finetune_000027_v01,finetune_000027,CoHC4O3,HF_COREMOF_GCMC,/home/rakeyma/Tüm_çalışmalar/MOF Radyoaktif Gaz Adsorpsiyonu/data/processed/augmented_cif/finetune_000027_v01.cif,Ni3H3C12N2O9,True,0.0,0,Ni,-NH2,0.06697799418470265,"substitution,functional,noise",False,True,0.15903300810288704,0.19993565386784928,2.6586041555242704e+25,3.3423863797296594e+25,3.030278952222119,1.6666534237221655,1.2571959510348951,58,5,8.448275862068966,0.6862068965517241,0.5538736317970011,0.10344827586206896
finetune_000027_v02,finetune_000027,CoHC4O3,HF_COREMOF_GCMC,/home/rakeyma/Tüm_çalışmalar/MOF Radyoaktif Gaz Adsorpsiyonu/data/processed/augmented_cif/finetune_000027_v02.cif,Zn6H5(C3O2)8,True,0.07327955938412356,3,Zn,,0.037422125937550794,"substitution,defect,noise",False,False,0.22190389836422234,0.2652486968818657,3.709636341258686e+25,4.434244791001497e+25,3.490310912797522,1.9196710020386372,1.1953313972271875,51,4,8.96078431372549,0.7009803921568627,0.6504229393248673,0.11764705882352941
finetune_000027_v03,finetune_000027,CoHC4O3,HF_COREMOF_GCMC,/home/rakeyma/Tüm_çalışmalar/MOF Radyoaktif Gaz Adsorpsiyonu/data/processed/augmented_cif/finetune_000027_v03.cif,Co6H6C23O18,True,0.032116483631389525,1,,,0.10579297450906591,"defect,noise",False,False,0.21877213872257686,0.2565461282711584,3.6572817433251853e+25,4.288761250520435e+25,3.4325764456508474,1.8879170451079663,1.1726636205558258,53,4,8.49056603773585,0.688679245283019,0.5829397481729994,0.11320754716981132
finetune_000027_v04,finetune_000027,CoHC4O3,HF_COREMOF_GCMC,/home/rakeyma/Tüm_çalışmalar/MOF Radyoaktif Gaz Adsorpsiyonu/data/processed/augmented_cif/finetune_000027_v04.cif,CoHC4O3,True,0.0,0,,,0.04933233564548006,noise,False,False,0.20272234461597277,0.24081560498963828,3.3889723538711354e+25,4.025789210541387e+25,3.325674945771934,1.8291212201745637,1.1879085428191327,54,4,8.444444444444445,0.688888888888889,0.5829397481729994,0.1111111111111111
finetune_000027_v05,finetune_000027,CoHC4O3,HF_COREMOF_GCMC,/home/rakeyma/Tüm_çalışmalar/MOF Radyoaktif Gaz Adsorpsiyonu/data/processed/augmented_cif/finetune_000027_v05.cif,Zn3H3C14O9,True,0.0,0,Zn,-CH3,0.09479614916339293,"substitution,noise,functional",False,True,0.13524562476588442,0.1755766584074927,2.2609430853903907e+25,2.93516949231844e+25,2.8396896284743685,1.5618292956609028,1.2982058289236558,58,4,8.586206896551724,0.6896551724137931,0.6504229393248673,0.10344827586206896
finetune_000027_v06,finetune_000027,CoHC4O3,HF_COREMOF_GCMC,/home/rakeyma/Tüm_çalışmalar/MOF Radyoaktif Gaz Adsorpsiyonu/data/processed/augmented_cif/finetune_000027_v06.cif,Mn3H3C12N2O9,True,0.0,0,Mn,-NH2,0.126720275474842,"functional,substitution,noise",False,True,0.1475715270184099,0.18130584754181545,2.466999018935644e+25,3.0309461252451142e+25,2.885648251609301,1.5871065383851157,1.2285964047739177,58,5,8.137931034482758,0.6913793103448275,0.6564327840685594,0.10344827586206896
finetune_000028_v00,finetune_000028,CuHC4O3,HF_COREMOF_GCMC,/home/rakeyma/Tüm_çalışmalar/MOF Radyoaktif Gaz Adsorpsiyonu/data/processed/augmented_cif/finetune_000028_v00.cif,CuHC4O3,False,0.0,0,,,0.0,none,False,False,0.14306361389834307,0.18913494331402203,2.5852239851953995e+25,3.417753673141659e+25,2.7268008935398664,1.4997404914469266,1.3220338712288924,54,4,8.666666666666666,0.688888888888889,0.577510822409416,0.1111111111111111
finetune_000028_v01,finetune_000028,CuHC4O3,HF_COREMOF_GCMC,/home/rakeyma/Tüm_çalışmalar/MOF Radyoaktif Gaz Adsorpsiyonu/data/processed/augmented_cif/finetune_000028_v01.cif,ZnHC4O3,True,0.0,0,Zn,,0.09749265160026083,"substitution,noise",False,False,0.13224532090732105,0.17686096140228846,2.389732554794834e+25,3.1959572878314488e+25,2.6368385027361887,1.4502611765049038,1.3373702766106526,54,4,8.777777777777779,0.688888888888889,0.6504229393248673,0.1111111111111111
finetune_000028_v02,finetune_000028,CuHC4O3,HF_COREMOF_GCMC,/home/rakeyma/Tüm_çalışmalar/MOF Radyoaktif Gaz Adsorpsiyonu/data/processed/augmented_cif/finetune_000028_v02.cif,CoHC4O3,True,0.0,0,Co,,0.1373405659856448,"substitution,noise",False,False,0.13968602411458594,0.17936534669415483,2.5241894154457186e+25,3.241212658839369e+25,2.6554419477843303,1.4604930712813817,1.2840607915579263,54,4,8.444444444444445,0.688888888888889,0.5829397481729994,0.1111111111111111
finetune_000028_v03,finetune_000028,CuHC4O3,HF_COREMOF_GCMC,/home/rakeyma/Tüm_çalışmalar/MOF Radyoaktif Gaz Adsorpsiyonu/data/processed/augmented_cif/finetune_000028_v03.cif,Co6H6C22N3O17,True,0.07520064380980815,3,Co,-NH2,0.13865579870783024,"defect,substitution,functional,noise",False,True,0.14521440757938486,0.18686246093130998,2.624089796423872e+25,3.3766888922261164e+25,2.7103699452928,1.4907034699110402,1.2868038650307974,54,5,8.462962962962964,0.6879629629629629,0.5617259118110896,0.1111111111111111
finetune_000028_v04,finetune_000028,CuHC4O3,HF_COREMOF_GCMC,/home/rakeyma/Tüm_çalışmalar/MOF Radyoaktif Gaz Adsorpsiyonu/data/processed/augmented_cif/finetune_000028_v04.cif,Cu3H3C14O9,True,0.0,0,,-CH3,0.13322393559547005,"functional,noise",False,True,0.08726527070183297,0.12111978070376517,1.5769227740412955e+25,2.188689028780414e+25,2.182102157743548,1.2001561867589514,1.3879494067875628,58,4,8.482758620689655,0.6896551724137931,0.577510822409416,0.10344827586206896
finetune_000028_v05,finetune_000028,CuHC4O3,HF_COREMOF_GCMC,/home/rakeyma/Tüm_çalışmalar/MOF Radyoaktif Gaz Adsorpsiyonu/data/processed/augmented_cif/finetune_000028_v05.cif,Co3H3C14O9,True,0.0,0,Co,-CH3,0.08965759702508891,"substitution,noise,functional",False,True,0.08248306421915551,0.11135018408389796,1.4905061474491592e+25,2.012148014478125e+25,2.092247273118517,1.2,1.349976327116597,58,4,8.275862068965518,0.6896551724137931,0.5829397481729994,0.10344827586206896
finetune_000028_v06,finetune_000028,CuHC4O3,HF_COREMOF_GCMC,/home/rakeyma/Tüm_çalışmalar/MOF Radyoaktif Gaz Adsorpsiyonu/data/processed/augmented_cif/finetune_000028_v06.cif,Cu3H3C14O9,True,0.0,0,,-CH3,0.09986968237491918,"noise,functional",False,True,0.08726527070183297,0.12111978070376517,1.5769227740412955e+25,2.188689028780414e+25,2.182102157743548,1.2001561867589514,1.3879494067875628,58,4,8.482758620689655,0.6896551724137931,0.577510822409416,0.10344827586206896
finetune_000029_v00,finetune_000029,PrH4(C3O4)2,HF_COREMOF_GCMC,/home/rakeyma/Tüm_çalışmalar/MOF Radyoaktif Gaz Adsorpsiyonu/data/processed/augmented_cif/finetune_000029_v00.cif,PrH4(C3O4)2,False,0.0,0,,,0.0,none,False,False,0.026923411635638637,0.05,6.362688521709699e+24,1.1816274638254576e+25,2.2767644146902857,1.2522204280796572,1.8571197690940024,57,4,8.578947368421053,0.6236842105263158,0.8272544953035915,0.05263157894736842
finetune_000029_v01,finetune_000029,PrH4(C3O4)2,HF_COREMOF_GCMC,/home/rakeyma/Tüm_çalışmalar/MOF Radyoaktif Gaz Adsorpsiyonu/data/processed/augmented_cif/finetune_000029_v01.cif,PrH4C6NO8,True,0.0,0,,-NH2,0.0699929917548952,"substitution,functional,noise",False,True,0.025872987229180647,0.05,6.114446456241037e+24,1.1816274638254576e+25,2.2767644146902857,1.2522204280796572,1.9325174768999187,60,5,8.5,0.625,0.7925503138602621,0.05
finetune_000029_v02,finetune_000029,PrH4(C3O4)2,HF_COREMOF_GCMC,/home/rakeyma/Tüm_çalışmalar/MOF Radyoaktif Gaz Adsorpsiyonu/data/processed/augmented_cif/finetune_000029_v02.cif,Pr3H12C18O23,True,0.03227219266785337,1,,,0.13109051412974027,"defect,noise,substitution",False,False,0.02734613949395559,0.05,6.462589891131986e+24,1.1816274638254576e+25,2.2767644146902857,1.2522204280796572,1.8284116487832467,56,4,8.589285714285714,0.6241071428571429,0.8272544953035915,0.05357142857142857
finetune_000029_v03,finetune_000029,PrH4(C3O4)2,HF_COREMOF_GCMC,/home/rakeyma/Tüm_çalışmalar/MOF Radyoaktif Gaz Adsorpsiyonu/data/processed/augmented_cif/finetune_000029_v03.cif,Pr3H11C17O23,True,0.07407308525517092,3,,,0.04831137580876075,"defect,noise",False,False,0.02770003332408209,0.05,6.546224024923156e+24,1.1816274638254576e+25,2.2767644146902857,1.2522204280796572,1.8050519800830196,54,4,8.777777777777779,0.6296296296296297,0.8272544953035915,0.05555555555555555
finetune_000029_v04,finetune_000029,PrH4(C3O4)2,HF_COREMOF_GCMC,/home/rakeyma/Tüm_çalışmalar/MOF Radyoaktif Gaz Adsorpsiyonu/data/processed/augmented_cif/finetune_000029_v04.cif,PrH4C7O8,True,0.0,0,,-CH3,0.05957697667959763,"functional,substitution,noise",False,True,0.026017640189572214,0.05,6.148631638385502e+24,1.1816274638254578e+25,2.2767644146902857,1.2522204280796572,1.9217730599579836,60,4,8.45,0.6275000000000002,0.8272544953035915,0.05
finetune_000029_v05,finetune_000029,PrH4(C3O4)2,HF_COREMOF_GCMC,/home/rakeyma/Tüm_çalışmalar/MOF Radyoaktif Gaz Adsorpsiyonu/data/processed/augmented_cif/finetune_000029_v05.cif,PrH4C7O8,True,0.0,0,,-CH3,0.037690226823771746,"substitution,noise,functional",False,True,0.026017640189572214,0.05,6.148631638385502e+24,1.1816274638254578e+25,2.2767644146902857,1.2522204280796572,1.9217730599579836,60,4,8.45,0.6275000000000002,0.8272544953035915,0.05
finetune_000029_v06,finetune_000029,PrH4(C3O4)2,HF_COREMOF_GCMC,/home/rakeyma/Tüm_çalışmalar/MOF Radyoaktif Gaz Adsorpsiyonu/data/processed/augmented_cif/finetune_000029_v06.cif,Pr3H10C17O21,True,0.1274565911869843,6,,,0.03430443620331197,"defect,noise",False,False,0.028639719282988824,0.05,6.768295772206227e+24,1.1816274638254576e+25,2.2767644146902857,1.2522204280796572,1.7458271677159412,51,4,8.96078431372549,0.638235294117647,0.8272544953035915,0.058823529411764705
finetune_000030_v00,finetune_000030,Ho(CO2)4,HF_COREMOF_GCMC,/home/rakeyma/Tüm_çalışmalar/MOF Radyoaktif Gaz Adsorpsiyonu/data/processed/augmented_cif/finetune_000030_v00.cif,Ho(CO2)4,False,0.0,0,,,0.0,none,False,False,0.14997836171222506,0.25281674030478984,2.4414133620380375e+25,4.115461463109865e+25,4.837021143375599,2.6603616288565797,1.6856881047273249,52,3,11.923076923076923,0.7192307692307693,0.9079035680560402,0.07692307692307693
finetune_000030_v01,finetune_000030,Ho(CO2)4,HF_COREMOF_GCMC,/home/rakeyma/Tüm_çalışmalar/MOF Radyoaktif Gaz Adsorpsiyonu/data/processed/augmented_cif/finetune_000030_v01.cif,Ho(CO2)4,True,0.0,0,,,0.0647996561841826,"substitution,defect,noise",False,False,0.14997836171222506,0.25281674030478984,2.4414133620380375e+25,4.115461463109865e+25,4.837021143375599,2.6603616288565797,1.6856881047273249,52,3,11.923076923076923,0.7192307692307693,0.9079035680560402,0.07692307692307693
finetune_000030_v02,finetune_000030,Ho(CO2)4,HF_COREMOF_GCMC,/home/rakeyma/Tüm_çalışmalar/MOF Radyoaktif Gaz Adsorpsiyonu/data/processed/augmented_cif/finetune_000030_v02.cif,Ho2C9O16,True,0.0,0,,-CH3,0.059694287864759686,"functional,noise",False,True,0.12952345876697718,0.22218162834662825,2.108439506345835e+25,3.616769712991286e+25,4.534497269418265,2.4939734981800457,1.715377511237948,54,3,11.703703703703704,0.7185185185185188,0.9079035680560402,0.07407407407407407
finetune_000030_v03,finetune_000030,Ho(CO2)4,HF_COREMOF_GCMC,/home/rakeyma/Tüm_çalışmalar/MOF Radyoaktif Gaz Adsorpsiyonu/data/processed/augmented_cif/finetune_000030_v03.cif,Ho(CO2)4,True,0.0,0,,,0.11305623265086776,"substitution,defect,noise",False,False,0.14997836171222506,0.25281674030478984,2.4414133620380375e+25,4.115461463109865e+25,4.837021143375599,2.6603616288565797,1.6856881047273249,52,3,11.923076923076923,0.7192307692307693,0.9079035680560402,0.07692307692307693
finetune_000030_v04,finetune_000030,Ho(CO2)4,HF_COREMOF_GCMC,/home/rakeyma/Tüm_çalışmalar/MOF Radyoaktif Gaz Adsorpsiyonu/data/processed/augmented_cif/finetune_000030_v04.cif,Ho2C9O16,True,0.0,0,,-CH3,0.09154905505818248,"functional,substitution,noise",False,True,0.12952345876697718,0.22218162834662825,2.108439506345835e+25,3.616769712991286e+25,4.534497269418265,2.4939734981800457,1.715377511237948,54,3,11.703703703703704,0.7185185185185188,0.9079035680560402,0.07407407407407407
finetune_000030_v05,finetune_000030,Ho(CO2)4,HF_COREMOF_GCMC,/home/rakeyma/Tüm_çalışmalar/MOF Radyoaktif Gaz Adsorpsiyonu/data/processed/augmented_cif/finetune_000030_v05.cif,Ho(CO2)4,True,0.0,0,,,0.06835361243043626,"substitution,noise",False,False,0.14997836171222506,0.25281674030478984,2.4414133620380375e+25,4.115461463109865e+25,4.837021143375599,2.6603616288565797,1.6856881047273249,52,3,11.923076923076923,0.7192307692307693,0.9079035680560402,0.07692307692307693
finetune_000030_v06,finetune_000030,Ho(CO2)4,HF_COREMOF_GCMC,/home/rakeyma/Tüm_çalışmalar/MOF Radyoaktif Gaz Adsorpsiyonu/data/processed/augmented_cif/finetune_000030_v06.cif,Ho(CO2)4,True,0.0,0,,,0.08123035073001911,noise,False,False,0.14997836171222506,0.25281674030478984,2.4414133620380375e+25,4.115461463109865e+25,4.837021143375599,2.6603616288565797,1.6856881047273249,52,3,11.923076923076923,0.7192307692307693,0.9079035680560402,0.07692307692307693
finetune_000031_v00,finetune_000031,Fe2C4Cl2O9,HF_COREMOF_GCMC,/home/rakeyma/Tüm_çalışmalar/MOF Radyoaktif Gaz Adsorpsiyonu/data/processed/augmented_cif/finetune_000031_v00.cif,Fe2C4Cl2O9,False,0.0,0,,,0.0,none,False,False,0.11039892674188669,0.17194972198736236,3.022556998070554e+25,4.707725435812568e+25,3.6217121208939003,1.9919416664916454,1.557530739310372,34,4,10.705882352941176,0.7647058823529411,0.6185668920981788,0.11764705882352941
finetune_000031_v01,finetune_000031,Fe2C4Cl2O9,HF_COREMOF_GCMC,/home/rakeyma/Tüm_çalışmalar/MOF Radyoaktif Gaz Adsorpsiyonu/data/processed/augmented_cif/finetune_000031_v01.cif,Fe2C4Cl2O9,True,0.0,0,,,0.10503698267577578,"substitution,defect,noise",False,False,0.11039892674188669,0.17194972198736236,3.022556998070554e+25,4.707725435812568e+25,3.6217121208939003,1.9919416664916454,1.557530739310372,34,4,10.705882352941176,0.7647058823529411,0.6185668920981788,0.11764705882352941
finetune_000031_v02,finetune_000031,Fe2C4Cl2O9,HF_COREMOF_GCMC,/home/rakeyma/Tüm_çalışmalar/MOF Radyoaktif Gaz Adsorpsiyonu/data/processed/augmented_cif/finetune_000031_v02.cif,Fe4C5N(ClO4)4,True,0.1725550872162294,5,,-NH2,0.10102833972474949,"defect,functional,substitution,noise",False,True,0.18442749069681227,0.26653986261600104,5.049348024420075e+25,7.2974615858207594e+25,4.5091457399611645,2.4800301569786405,1.4452284830691353,30,5,11.233333333333333,0.7783333333333335,0.5657066377549409,0.13333333333333333
finetune_000031_v03,finetune_000031,Fe2C4Cl2O9,HF_COREMOF_GCMC,/home/rakeyma/Tüm_çalışmalar/MOF Radyoaktif Gaz Adsorpsiyonu/data/processed/augmented_cif/finetune_000031_v03.cif,Fe4C9(Cl2O9)2,True,0.0,0,,-CH3,0.050755246436901685,"functional,substitution,noise",False,True,0.09237757609220289,0.14618731645648309,2.5291594522027616e+25,4.002389420123328e+25,3.339396860444215,1.8366682732443183,1.582497859768178,35,4,10.571428571428571,0.7628571428571428,0.6185668920981788,0.11428571428571428
finetune_000031_v04,finetune_000031,Fe2C4Cl2O9,HF_COREMOF_GCMC,/home/rakeyma/Tüm_çalışmalar/MOF Radyoaktif Gaz Adsorpsiyonu/data/processed/augmented_cif/finetune_000031_v04.cif,Fe4C8Cl4O15,True,0.15253265894373227,4,,-CH3,0.13217794633603436,"defect,functional,noise",False,True,0.15585236200811395,0.22719455519065168,4.267003868206262e+25,6.220246092795443e+25,4.16305498620148,2.2896802424108142,1.4577549692754963,31,4,10.96774193548387,0.7806451612903228,0.6185668920981788,0.12903225806451613
finetune_000031_v05,finetune_000031,Fe2C4Cl2O9,HF_COREMOF_GCMC,/home/rakeyma/Tüm_çalışmalar/MOF Radyoaktif Gaz Adsorpsiyonu/data/processed/augmented_cif/finetune_000031_v05.cif,Fe4C9(Cl2O9)2,True,0.0,0,,-CH3,0.13398697058700815,"functional,substitution,noise",False,True,0.09237757609220289,0.14618731645648309,2.5291594522027616e+25,4.002389420123328e+25,3.339396860444215,1.8366682732443183,1.582497859768178,35,4,10.571428571428571,0.7628571428571428,0.6185668920981788,0.11428571428571428
finetune_000031_v06,finetune_000031,Fe2C4Cl2O9,HF_COREMOF_GCMC,/home/rakeyma/Tüm_çalışmalar/MOF Radyoaktif Gaz Adsorpsiyonu/data/processed/augmented_cif/finetune_000031_v06.cif,Fe4C9(Cl2O9)2,True,0.0,0,,-CH3,0.11633828925060709,"functional,substitution,noise",False,True,0.09237757609220289,0.14618731645648309,2.5291594522027616e+25,4.002389420123328e+25,3.339396860444215,1.8366682732443183,1.582497859768178,35,4,10.571428571428571,0.7628571428571428,0.6185668920981788,0.11428571428571428
finetune_000032_v00,finetune_000032,Ho(CO2)4,HF_COREMOF_GCMC,/home/rakeyma/Tüm_çalışmalar/MOF Radyoaktif Gaz Adsorpsiyonu/data/processed/augmented_cif/finetune_000032_v00.cif,Ho(CO2)4,False,0.0,0,,,0.0,none,False,False,0.14997836171222506,0.25281674030478984,2.4414133620380375e+25,4.115461463109865e+25,4.837021143375599,2.6603616288565797,1.6856881047273249,52,3,11.923076923076923,0.7192307692307693,0.9079035680560402,0.07692307692307693
finetune_000032_v01,finetune_000032,Ho(CO2)4,HF_COREMOF_GCMC,/home/rakeyma/Tüm_çalışmalar/MOF Radyoaktif Gaz Adsorpsiyonu/data/processed/augmented_cif/finetune_000032_v01.cif,Ho2C8NO16,True,0.0,0,,-NH2,0.0487175120751929,"substitution,defect,functional,noise",False,True,0.13346213653976627,0.22959644159866344,2.172555025634546e+25,3.7374712858306406e+25,4.609540641960254,2.5352473530781396,1.7203114497590337,54,4,11.74074074074074,0.7166666666666667,0.8327214420200791,0.07407407407407407
finetune_000032_v02,finetune_000032,Ho(CO2)4,HF_COREMOF_GCMC,/home/rakeyma/Tüm_çalışmalar/MOF Radyoaktif Gaz Adsorpsiyonu/data/processed/augmented_cif/finetune_000032_v02.cif,Ho2C9O16,True,0.0,0,,-CH3,0.06991692569891386,"functional,noise",False,True,0.12952345876697718,0.22218162834662825,2.108439506345835e+25,3.616769712991286e+25,4.534497269418265,2.4939734981800457,1.715377511237948,54,3,11.703703703703704,0.7185185185185188,0.9079035680560402,0.07407407407407407
finetune_000032_v03,finetune_000032,Ho(CO2)4,HF_COREMOF_GCMC,/home/rakeyma/Tüm_çalışmalar/MOF Radyoaktif Gaz Adsorpsiyonu/data/processed/augmented_cif/finetune_000032_v03.cif,Ho2C8NO16,True,0.0,0,,-NH2,0.14308482270384734,"substitution,functional,noise",False,True,0.13346213653976627,0.22959644159866344,2.172555025634546e+25,3.7374712858306406e+25,4.609540641960254,2.5352473530781396,1.7203114497590337,54,4,11.74074074074074,0.7166666666666667,0.8327214420200791,0.07407407407407407
finetune_000032_v04,finetune_000032,Ho(CO2)4,HF_COREMOF_GCMC,/home/rakeyma/Tüm_çalışmalar/MOF Radyoaktif Gaz Adsorpsiyonu/data/processed/augmented_cif/finetune_000032_v04.cif,Ho2C9O16,True,0.0,0,,-CH3,0.04638506151241591,"functional,noise",False,True,0.12952345876697718,0.22218162834662825,2.108439506345835e+25,3.616769712991286e+25,4.534497269418265,2.4939734981800457,1.715377511237948,54,3,11.703703703703704,0.7185185185185188,0.9079035680560402,0.07407407407407407
finetune_000032_v05,finetune_000032,Ho(CO2)4,HF_COREMOF_GCMC,/home/rakeyma/Tüm_çalışmalar/MOF Radyoaktif Gaz Adsorpsiyonu/data/processed/augmented_cif/finetune_000032_v05.cif,Ho4C14O31,True,0.1044315627949985,5,,-CH3,0.12966817233298578,"functional,defect,noise",False,True,0.17992695575366208,0.2944008275586535,2.9289296732730676e+25,4.7923854214108635e+25,5.219688491272161,2.870828670199689,1.6362241350968976,49,3,12.244897959183673,0.7224489795918368,0.9079035680560402,0.08163265306122448
finetune_000032_v06,finetune_000032,Ho(CO2)4,HF_COREMOF_GCMC,/home/rakeyma/Tüm_çalışmalar/MOF Radyoaktif Gaz Adsorpsiyonu/data/processed/augmented_cif/finetune_000032_v06.cif,Ho4(CO2)15,True,0.08276416523557562,3,,,0.056802742512845214,"defect,noise,substitution",False,False,0.17779272034406834,0.2900322468752746,2.8941876559098254e+25,4.7212717545339914e+25,5.180816563798043,2.849449110088924,1.6312942752324049,49,3,12.204081632653061,0.7244897959183675,0.9079035680560402,0.08163265306122448
finetune_000033_v00,finetune_000033,NiH2(C5O4)2,HF_COREMOF_GCMC,/home/rakeyma/Tüm_çalışmalar/MOF Radyoaktif Gaz Adsorpsiyonu/data/processed/augmented_cif/finetune_000033_v00.cif,NiH2(C5O4)2,False,0.0,0,,,0.0,none,False,False,0.09650883224578254,0.11892371212094677,2.53603086768485e+25,3.12504252533392e+25,2.471562703285617,1.3593594868070893,1.2322572903802156,42,4,7.333333333333333,0.6500000000000001,0.5748260606479145,0.047619047619047616
finetune_000033_v01,finetune_000033,NiH2(C5O4)2,HF_COREMOF_GCMC,/home/rakeyma/Tüm_çalışmalar/MOF Radyoaktif Gaz Adsorpsiyonu/data/processed/augmented_cif/finetune_000033_v01.cif,H2(C6O5)3,True,0.16879610070463058,7,Co,,0.1493673811047492,"substitution,noise,defect",False,False,0.3023530453212137,0.27640564160449654,7.945144895343223e+25,7.26330660934789e+25,3.7679996690061364,2.072399817953375,0.9141817682400016,35,3,6.571428571428571,0.6314285714285715,0.5219833969262495,0.0
finetune_000033_v02,finetune_000033,NiH2(C5O4)2,HF_COREMOF_GCMC,/home/rakeyma/Tüm_çalışmalar/MOF Radyoaktif Gaz Adsorpsiyonu/data/processed/augmented_cif/finetune_000033_v02.cif,Ni2H4C23O16,True,0.0,0,,-CH3,0.06424860088104709,"functional,noise",False,True,0.03833923236307437,0.05,1.0074671349092771e+25,1.3138853764317906e+25,1.6025899194740991,1.2,1.3041471338418464,45,4,7.2444444444444445,0.6533333333333334,0.5748260606479145,0.044444444444444446
finetune_000033_v03,finetune_000033,NiH2(C5O4)2,HF_COREMOF_GCMC,/home/rakeyma/Tüm_çalışmalar/MOF Radyoaktif Gaz Adsorpsiyonu/data/processed/augmented_cif/finetune_000033_v03.cif,NiH2(C5O4)2,True,0.0,0,,,0.07188339205368363,noise,False,False,0.09650883224578254,0.11892371212094677,2.53603086768485e+25,3.12504252533392e+25,2.471562703285617,1.3593594868070893,1.2322572903802156,42,4,7.333333333333333,0.6500000000000001,0.5748260606479145,0.047619047619047616
finetune_000033_v04,finetune_000033,NiH2(C5O4)2,HF_COREMOF_GCMC,/home/rakeyma/Tüm_çalışmalar/MOF Radyoaktif Gaz Adsorpsiyonu/data/processed/augmented_cif/finetune_000033_v04.cif,CuH2(C5O4)2,True,0.0,0,Cu,,0.056204556801803404,"substitution,noise",False,False,0.09594735795070541,0.12008970197626145,2.5212766103739665e+25,3.155682065733236e+25,2.483649391873927,1.3660071655306598,1.2516207276698497,42,4,7.380952380952381,0.6500000000000001,0.577510822409416,0.047619047619047616
finetune_000033_v05,finetune_000033,NiH2(C5O4)2,HF_COREMOF_GCMC,/home/rakeyma/Tüm_çalışmalar/MOF Radyoaktif Gaz Adsorpsiyonu/data/processed/augmented_cif/finetune_000033_v05.cif,Zn2H4C17O14,True,0.14497027881308913,5,Zn,,0.03355807955037643,"defect,substitution,noise",False,False,0.19911389083659684,0.2236690328180605,5.23225658829281e+25,5.877509427605838e+25,3.3895366515896903,1.8642451583743298,1.1233220940954585,37,4,7.513513513513513,0.6486486486486488,0.6504229393248673,0.05405405405405406
finetune_000033_v06,finetune_000033,NiH2(C5O4)2,HF_COREMOF_GCMC,/home/rakeyma/Tüm_çalışmalar/MOF Radyoaktif Gaz Adsorpsiyonu/data/processed/augmented_cif/finetune_000033_v06.cif,Ni2H4C23O15,True,0.030552429517329272,1,,-CH3,0.0653088166527656,"noise,functional,defect",False,True,0.049062428481637055,0.06241848505330638,1.28924814628507e+25,1.6402146946113108e+25,1.7905811835256995,1.2,1.2722257536980297,44,4,7.2272727272727275,0.6545454545454545,0.5748260606479145,0.045454545454545456
finetune_000034_v00,finetune_000034,CoHC4O3,HF_COREMOF_GCMC,/home/rakeyma/Tüm_çalışmalar/MOF Radyoaktif Gaz Adsorpsiyonu/data/processed/augmented_cif/finetune_000034_v00.cif,CoHC4O3,False,0.0,0,,,0.0,none,False,False,0.20272234461597277,0.24081560498963828,3.3889723538711354e+25,4.025789210541387e+25,3.325674945771934,1.8291212201745637,1.1879085428191327,54,4,8.444444444444445,0.688888888888889,0.5829397481729994,0.1111111111111111
finetune_000034_v01,finetune_000034,CoHC4O3,HF_COREMOF_GCMC,/home/rakeyma/Tüm_çalışmalar/MOF Radyoaktif Gaz Adsorpsiyonu/data/processed/augmented_cif/finetune_000034_v01.cif,Co6H6C19N3O16,True,0.15834031721900713,8,,-NH2,0.03114373837487283,"noise,functional,defect",False,True,0.27231059873944014,0.3061870587376715,4.5523007961567635e+25,5.11862409218272e+25,3.749996834266778,2.062498258846728,1.1244037512863978,50,5,8.62,0.689,0.5617259118110896,0.12
finetune_000034_v02,finetune_000034,CoHC4O3,HF_COREMOF_GCMC,/home/rakeyma/Tüm_çalışmalar/MOF Radyoaktif Gaz Adsorpsiyonu/data/processed/augmented_cif/finetune_000034_v02.cif,Ni6H6C22O17,True,0.06601638813776475,3,Ni,,0.09908017323954744,"substitution,noise,defect",False,False,0.25573628490842404,0.29033351847365607,4.275222847674553e+25,4.8535955391265225e+25,3.6516241805632967,2.0083932993098133,1.1352848055082245,51,4,8.666666666666666,0.6901960784313727,0.5748260606479145,0.11764705882352941
finetune_000034_v03,finetune_000034,CoHC4O3,HF_COREMOF_GCMC,/home/rakeyma/Tüm_çalışmalar/MOF Radyoaktif Gaz Adsorpsiyonu/data/processed/augmented_cif/finetune_000034_v03.cif,Co6H6C23O17,True,0.05354149919512118,2,,,0.09415028700068612,"defect,noise",False,False,0.2323850520828754,0.26779029222479744,3.884853041008666e+25,4.47673342918413e+25,3.5069930097066493,1.9288461553386573,1.152355927477192,52,4,8.5,0.6903846153846155,0.5829397481729994,0.11538461538461539
finetune_000034_v04,finetune_000034,CoHC4O3,HF_COREMOF_GCMC,/home/rakeyma/Tüm_çalışmalar/MOF Radyoaktif Gaz Adsorpsiyonu/data/processed/augmented_cif/finetune_000034_v04.cif,Zn5H5C24O17,True,0.06119890910346092,3,Zn,,0.09183855519110068,"substitution,noise,defect",False,False,0.24721970466809665,0.2800052052446189,4.132848532506334e+25,4.680933921278548e+25,3.5860846594948423,1.9723465627221635,1.1326168584358527,51,4,8.529411764705882,0.6862745098039216,0.6504229393248673,0.09803921568627451
finetune_000034_v05,finetune_000034,CoHC4O3,HF_COREMOF_GCMC,/home/rakeyma/Tüm_çalışmalar/MOF Radyoaktif Gaz Adsorpsiyonu/data/processed/augmented_cif/finetune_000034_v05.cif,Zn6H6C24O17,True,0.041505026749149326,1,Zn,,0.11515955728869975,"defect,substitution,noise",False,False,0.20522567978619963,0.24974291548721228,3.430821384871854e+25,4.175029830898331e+25,3.3867572901178775,1.8627165095648328,1.2169184467917948,53,4,8.79245283018868,0.6905660377358491,0.6504229393248673,0.11320754716981132
finetune_000034_v06,finetune_000034,CoHC4O3,HF_COREMOF_GCMC,/home/rakeyma/Tüm_çalışmalar/MOF Radyoaktif Gaz Adsorpsiyonu/data/processed/augmented_cif/finetune_000034_v06.cif,NiHC4O3,True,0.0,0,Ni,,0.0594972638809489,"substitution,noise",False,False,0.20877834443344895,0.24762830795697666,3.4902123824203038e+25,4.139679280504727e+25,3.372388741022685,1.854813807562477,1.186082343113472,54,4,8.555555555555555,0.688888888888889,0.5748260606479145,0.1111111111111111
finetune_000035_v00,finetune_000035,CoH4(C3O2)2,HF_COREMOF_GCMC,/home/rakeyma/Tüm_çalışmalar/MOF Radyoaktif Gaz Adsorpsiyonu/data/processed/augmented_cif/finetune_000035_v00.cif,CoH4(C3O2)2,False,0.0,0,,,0.0,none,False,False,0.09139525219719186,0.11256595737159547,3.724561264952296e+25,4.587314926096322e+25,2.360973354343989,1.2985353448891939,1.231639003837161,30,4,6.6,0.5966666666666668,0.5829397481729994,0.06666666666666667
finetune_000035_v01,finetune_000035,CoH4(C3O2)2,HF_COREMOF_GCMC,/home/rakeyma/Tüm_çalışmalar/MOF Radyoaktif Gaz Adsorpsiyonu/data/processed/augmented_cif/finetune_000035_v01.cif,MnH4(C3O2)2,True,0.0,0,Mn,,0.1418317533513148,"substitution,noise",False,False,0.08531139284487146,0.10296366642997301,3.4766303676647613e+25,4.1960000597747625e+25,2.2580291830573724,1.241916050681555,1.2069157822472796,30,4,6.466666666666667,0.6000000000000001,0.6822206387965699,0.06666666666666667
finetune_000035_v02,finetune_000035,CoH4(C3O2)2,HF_COREMOF_GCMC,/home/rakeyma/Tüm_çalışmalar/MOF Radyoaktif Gaz Adsorpsiyonu/data/processed/augmented_cif/finetune_000035_v02.cif,Co2H8C11NO7,True,0.12005731555911346,3,,-NH2,0.07756590109312526,"functional,defect,noise",False,True,0.12560478641386144,0.14925746427106656,5.118676418336408e+25,6.082576026264268e+25,2.7186642766703026,1.4952653521686665,1.188310322659765,29,5,6.586206896551724,0.5948275862068965,0.5617259118110896,0.06896551724137931
finetune_000035_v03,finetune_000035,CoH4(C3O2)2,HF_COREMOF_GCMC,/home/rakeyma/Tüm_çalışmalar/MOF Radyoaktif Gaz Adsorpsiyonu/data/processed/augmented_cif/finetune_000035_v03.cif,NiH4(C3O2)2,True,0.0,0,Ni,,0.08353164100468627,"substitution,noise",False,False,0.09600561447893692,0.11810179420110944,3.912443855778086e+25,4.812912677933782e+25,2.4183313103474466,1.3300822206910958,1.2301550783472177,30,4,6.666666666666667,0.5966666666666668,0.5748260606479145,0.06666666666666667
finetune_000035_v04,finetune_000035,CoH4(C3O2)2,HF_COREMOF_GCMC,/home/rakeyma/Tüm_çalışmalar/MOF Radyoaktif Gaz Adsorpsiyonu/data/processed/augmented_cif/finetune_000035_v04.cif,Co2H7C10(NO4)2,True,0.10925306451071058,3,,-NH2,0.12988327923493456,"functional,defect,noise",False,True,0.11404658086155392,0.1415172255489685,4.6476536501120896e+25,5.7671439591410265e+25,2.647233218251765,1.455978270038471,1.2408721460993415,29,5,6.862068965517241,0.6051724137931034,0.5617259118110896,0.06896551724137931
finetune_000035_v05,finetune_000035,CoH4(C3O2)2,HF_COREMOF_GCMC,/home/rakeyma/Tüm_çalışmalar/MOF Radyoaktif Gaz Adsorpsiyonu/data/processed/augmented_cif/finetune_000035_v05.cif,CoH4(C3O2)2,True,0.0,0,,,0.13652342302070736,noise,False,False,0.09139525219719186,0.11256595737159547,3.724561264952296e+25,4.587314926096322e+25,2.360973354343989,1.2985353448891939,1.231639003837161,30,4,6.6,0.5966666666666668,0.5829397481729994,0.06666666666666667
finetune_000035_v06,finetune_000035,CoH4(C3O2)2,HF_COREMOF_GCMC,/home/rakeyma/Tüm_çalışmalar/MOF Radyoaktif Gaz Adsorpsiyonu/data/processed/augmented_cif/finetune_000035_v06.cif,CoH4C7O4,True,0.0,0,,-CH3,0.11470269308479099,"functional,noise",False,True,0.038285867486969195,0.05,1.5602348656951719e+25,2.0376120068667722e+25,1.5735210357666018,1.2,1.3059649234020303,32,4,6.5625,0.603125,0.5829397481729994,0.0625
finetune_000036_v00,finetune_000036,Ho(CO2)4,HF_COREMOF_GCMC,/home/rakeyma/Tüm_çalışmalar/MOF Radyoaktif Gaz Adsorpsiyonu/data/processed/augmented_cif/finetune_000036_v00.cif,Ho(CO2)4,False,0.0,0,,,0.0,none,False,False,0.14997836171222506,0.25281674030478984,2.4414133620380375e+25,4.115461463109865e+25,4.837021143375599,2.6603616288565797,1.6856881047273249,52,3,11.923076923076923,0.7192307692307693,0.9079035680560402,0.07692307692307693
finetune_000036_v01,finetune_000036,Ho(CO2)4,HF_COREMOF_GCMC,/home/rakeyma/Tüm_çalışmalar/MOF Radyoaktif Gaz Adsorpsiyonu/data/processed/augmented_cif/finetune_000036_v01.cif,Ho2C9O16,True,0.0,0,,-CH3,0.11686563080407403,"noise,substitution,functional",False,True,0.12952345876697718,0.22218162834662825,2.108439506345835e+25,3.616769712991286e+25,4.534497269418265,2.4939734981800457,1.715377511237948,54,3,11.703703703703704,0.7185185185185188,0.9079035680560402,0.07407407407407407
finetune_000036_v02,finetune_000036,Ho(CO2)4,HF_COREMOF_GCMC,/home/rakeyma/Tüm_çalışmalar/MOF Radyoaktif Gaz Adsorpsiyonu/data/processed/augmented_cif/finetune_000036_v02.cif,Ho4C13O27,True,0.17246606810567455,8,,,0.1155156984381512,"defect,noise",False,False,0.22921519723575745,0.35351428472054214,3.7312652233615358e+25,5.754660129199824e+25,5.719769870448612,3.145873428746737,1.5422811793623694,44,3,12.772727272727273,0.7340909090909092,0.9079035680560402,0.09090909090909091
finetune_000036_v03,finetune_000036,Ho(CO2)4,HF_COREMOF_GCMC,/home/rakeyma/Tüm_çalışmalar/MOF Radyoaktif Gaz Adsorpsiyonu/data/processed/augmented_cif/finetune_000036_v03.cif,Ho2C9O16,True,0.0,0,,-CH3,0.0772941729619355,"substitution,functional,noise",False,True,0.12952345876697718,0.22218162834662825,2.108439506345835e+25,3.616769712991286e+25,4.534497269418265,2.4939734981800457,1.715377511237948,54,3,11.703703703703704,0.7185185185185188,0.9079035680560402,0.07407407407407407
finetune_000036_v04,finetune_000036,Ho(CO2)4,HF_COREMOF_GCMC,/home/rakeyma/Tüm_çalışmalar/MOF Radyoaktif Gaz Adsorpsiyonu/data/processed/augmented_cif/finetune_000036_v04.cif,Ho(CO2)4,True,0.0,0,,,0.04161702840972077,"substitution,noise",False,False,0.14997836171222506,0.25281674030478984,2.4414133620380375e+25,4.115461463109865e+25,4.837021143375599,2.6603616288565797,1.6856881047273249,52,3,11.923076923076923,0.7192307692307693,0.9079035680560402,0.07692307692307693
finetune_000036_v05,finetune_000036,Ho(CO2)4,HF_COREMOF_GCMC,/home/rakeyma/Tüm_çalışmalar/MOF Radyoaktif Gaz Adsorpsiyonu/data/processed/augmented_cif/finetune_000036_v05.cif,Ho4(C2O3)9,True,0.10205949971386193,5,,-CH3,0.08907407508444928,"functional,noise,defect",False,True,0.17131190869549712,0.27692650482513825,2.7886901696388842e+25,4.507930753903373e+25,5.062410219760892,2.784325620868491,1.6165046956389273,49,3,12.081632653061224,0.7306122448979593,0.9079035680560402,0.08163265306122448
finetune_000036_v06,finetune_000036,Ho(CO2)4,HF_COREMOF_GCMC,/home/rakeyma/Tüm_çalışmalar/MOF Radyoaktif Gaz Adsorpsiyonu/data/processed/augmented_cif/finetune_000036_v06.cif,Ho(CO2)4,True,0.0,0,,,0.05536977405484146,"substitution,defect,noise",False,False,0.14997836171222506,0.25281674030478984,2.4414133620380375e+25,4.115461463109865e+25,4.837021143375599,2.6603616288565797,1.6856881047273249,52,3,11.923076923076923,0.7192307692307693,0.9079035680560402,0.07692307692307693
finetune_000037_v00,finetune_000037,SmH9(C2O)6,HF_COREMOF_GCMC,/home/rakeyma/Tüm_çalışmalar/MOF Radyoaktif Gaz Adsorpsiyonu/data/processed/augmented_cif/finetune_000037_v00.cif,SmH9(C2O)6,False,0.0,0,,,0.0,none,False,False,0.033113620854002664,0.05,8.2408418593811e+24,1.244328111340469e+25,1.8852289118300725,1.2,1.5099526632997664,56,4,6.821428571428571,0.5750000000000001,0.8128037893612454,0.03571428571428571
finetune_000037_v01,finetune_000037,SmH9(C2O)6,HF_COREMOF_GCMC,/home/rakeyma/Tüm_çalışmalar/MOF Radyoaktif Gaz Adsorpsiyonu/data/processed/augmented_cif/finetune_000037_v01.cif,Sm2H18C20O11,True,0.09551901973188305,5,,,0.05377642895609597,"defect,noise",False,False,0.07777426013713874,0.10802397979593414,1.9355339645469635e+25,2.6883454951791145e+25,2.7710169097505375,1.5240593003627958,1.3889425576721182,51,4,6.862745098039215,0.5647058823529413,0.8128037893612454,0.0392156862745098
finetune_000037_v02,finetune_000037,SmH9(C2O)6,HF_COREMOF_GCMC,/home/rakeyma/Tüm_çalışmalar/MOF Radyoaktif Gaz Adsorpsiyonu/data/processed/augmented_cif/finetune_000037_v02.cif,SmH9(C2O)6,True,0.0,0,,,0.14773877263829832,noise,False,False,0.033113620854002664,0.05,8.2408418593811e+24,1.244328111340469e+25,1.8852289118300725,1.2,1.5099526632997664,56,4,6.821428571428571,0.5750000000000001,0.8128037893612454,0.03571428571428571
finetune_000037_v03,finetune_000037,SmH9(C2O)6,HF_COREMOF_GCMC,/home/rakeyma/Tüm_çalışmalar/MOF Radyoaktif Gaz Adsorpsiyonu/data/processed/augmented_cif/finetune_000037_v03.cif,SmH9C11O5,True,0.08320736823228753,4,,,0.0861513822590631,"defect,noise",False,False,0.05550009619725729,0.07792770856829301,1.3812065976069503e+25,1.9393527684774904e+25,2.3535587427827367,1.2944573085305053,1.4041004233816814,52,4,6.8076923076923075,0.5692307692307693,0.8128037893612454,0.038461538461538464
finetune_000037_v04,finetune_000037,SmH9(C2O)6,HF_COREMOF_GCMC,/home/rakeyma/Tüm_çalışmalar/MOF Radyoaktif Gaz Adsorpsiyonu/data/processed/augmented_cif/finetune_000037_v04.cif,Sm2H18(C7O4)3,True,0.06742673090059922,3,,,0.07936306377877886,"defect,noise,substitution",False,False,0.047069172854295994,0.06786756602061628,1.171389899202884e+25,1.6889904049541607e+25,2.1963938871543887,1.2080166379349138,1.4418686776311604,53,4,6.867924528301887,0.567924528301887,0.8128037893612454,0.03773584905660377
finetune_000037_v05,finetune_000037,SmH9(C2O)6,HF_COREMOF_GCMC,/home/rakeyma/Tüm_çalışmalar/MOF Radyoaktif Gaz Adsorpsiyonu/data/processed/augmented_cif/finetune_000037_v05.cif,SmH9(C2O)6,True,0.0,0,,,0.09072490282779382,"substitution,noise",False,False,0.033113620854002664,0.05,8.2408418593811e+24,1.244328111340469e+25,1.8852289118300725,1.2,1.5099526632997664,56,4,6.821428571428571,0.5750000000000001,0.8128037893612454,0.03571428571428571
finetune_000037_v06,finetune_000037,SmH9(C2O)6,HF_COREMOF_GCMC,/home/rakeyma/Tüm_çalışmalar/MOF Radyoaktif Gaz Adsorpsiyonu/data/processed/augmented_cif/finetune_000037_v06.cif,Sm2H16C23O11,True,0.07629504242487432,4,,,0.14939103511724006,"defect,substitution,noise",False,False,0.03472266337838845,0.05045958080137991,8.641277228468194e+24,1.255765497552257e+25,1.8938732435630097,1.2,1.4532174635194082,52,4,7.038461538461538,0.5846153846153848,0.8128037893612454,0.038461538461538464
finetune_000038_v00,finetune_000038,CoHC4O3,HF_COREMOF_GCMC,/home/rakeyma/Tüm_çalışmalar/MOF Radyoaktif Gaz Adsorpsiyonu/data/processed/augmented_cif/finetune_000038_v00.cif,CoHC4O3,False,0.0,0,,,0.0,none,False,False,0.20272234461597277,0.24081560498963828,3.3889723538711354e+25,4.025789210541387e+25,3.325674945771934,1.8291212201745637,1.1879085428191327,54,4,8.444444444444445,0.688888888888889,0.5829397481729994,0.1111111111111111
finetune_000038_v01,finetune_000038,CoHC4O3,HF_COREMOF_GCMC,/home/rakeyma/Tüm_çalışmalar/MOF Radyoaktif Gaz Adsorpsiyonu/data/processed/augmented_cif/finetune_000038_v01.cif,Co6H5(C3O2)7,True,0.1728386210429679,8,,,0.03712898370563423,"defect,noise",False,False,0.3182570705069993,0.3372454480897693,5.320402225099638e+25,5.637836826572788e+25,3.935596212310213,2.164577916770617,1.0596636472287029,46,4,8.804347826086957,0.7054347826086959,0.5829397481729994,0.13043478260869565
finetune_000038_v02,finetune_000038,CoHC4O3,HF_COREMOF_GCMC,/home/rakeyma/Tüm_çalışmalar/MOF Radyoaktif Gaz Adsorpsiyonu/data/processed/augmented_cif/finetune_000038_v02.cif,Ni4H6C23O16,True,0.10691837788790585,5,Ni,,0.10808299544985774,"substitution,defect,noise",False,False,0.3412113904606172,0.3348053183040919,5.704136716095628e+25,5.597044419602636e+25,3.921332417282303,2.156732829505267,0.9812255032052783,49,4,7.836734693877551,0.6653061224489795,0.5748260606479145,0.08163265306122448
finetune_000038_v03,finetune_000038,CoHC4O3,HF_COREMOF_GCMC,/home/rakeyma/Tüm_çalışmalar/MOF Radyoaktif Gaz Adsorpsiyonu/data/processed/augmented_cif/finetune_000038_v03.cif,Mn6H6C22O15,True,0.10674555045297864,5,Mn,,0.09534925090131074,"defect,substitution,noise",False,False,0.2759594351936723,0.2941920400549004,4.6132995276513854e+25,4.918099641969371e+25,3.6758090659878695,2.0216949862933284,1.0660698730899787,49,4,8.326530612244898,0.7000000000000001,0.6822206387965699,0.12244897959183673
finetune_000038_v04,finetune_000038,CoHC4O3,HF_COREMOF_GCMC,/home/rakeyma/Tüm_çalışmalar/MOF Radyoaktif Gaz Adsorpsiyonu/data/processed/augmented_cif/finetune_000038_v04.cif,Ni3H3C12N2O9,True,0.0,0,Ni,-NH2,0.08421766449503787,"substitution,noise,functional",False,True,0.15903300810288704,0.19993565386784928,2.6586041555242704e+25,3.3423863797296594e+25,3.030278952222119,1.6666534237221655,1.2571959510348951,58,5,8.448275862068966,0.6862068965517241,0.5538736317970011,0.10344827586206896
finetune_000038_v05,finetune_000038,CoHC4O3,HF_COREMOF_GCMC,/home/rakeyma/Tüm_çalışmalar/MOF Radyoaktif Gaz Adsorpsiyonu/data/processed/augmented_cif/finetune_000038_v05.cif,ZnHC4O3,True,0.0,0,Zn,,0.07972487313411991,"substitution,noise",False,False,0.19276892384325992,0.23849875153357314,3.2225779295708914e+25,3.987057652234633e+25,3.3096383529431552,1.8203010941187354,1.2372261398704287,54,4,8.777777777777779,0.688888888888889,0.6504229393248673,0.1111111111111111
finetune_000038_v06,finetune_000038,CoHC4O3,HF_COREMOF_GCMC,/home/rakeyma/Tüm_çalışmalar/MOF Radyoaktif Gaz Adsorpsiyonu/data/processed/augmented_cif/finetune_000038_v06.cif,Co3H3C11O9,True,0.06009139915249358,2,,,0.0380956184611317,"defect,noise",False,False,0.23524473205276053,0.27227665155267855,3.932659198623993e+25,4.551733290499483e+25,3.536247766424017,1.9449362715332095,1.157418698292519,52,4,8.538461538461538,0.6884615384615386,0.5829397481729994,0.11538461538461539
finetune_000039_v00,finetune_000039,CuH8(C2N)4,HF_COREMOF_GCMC,/home/rakeyma/Tüm_çalışmalar/MOF Radyoaktif Gaz Adsorpsiyonu/data/processed/augmented_cif/finetune_000039_v00.cif,CuH8(C2N)4,False,0.0,0,,,0.0,none,False,False,0.05556521108350604,0.06374764214332951,3.752883638938055e+25,4.305526399621553e+25,1.7305181678393637,1.2,1.1472581656807983,21,4,5.380952380952381,0.55,0.4242861652234256,0.047619047619047616
finetune_000039_v01,finetune_000039,CuH8(C2N)4,HF_COREMOF_GCMC,/home/rakeyma/Tüm_çalışmalar/MOF Radyoaktif Gaz Adsorpsiyonu/data/processed/augmented_cif/finetune_000039_v01.cif,ZnH8C7N3,True,0.14243600231613338,2,Zn,,0.10155362269447726,"defect,noise,substitution",False,False,0.16399011722637194,0.1678263527355509,1.1075919912577648e+26,1.1335019899723824e+26,2.8078517777093293,1.5443184777401313,1.0233930896206596,19,4,5.315789473684211,0.5368421052631579,0.5070009861923347,0.05263157894736842
finetune_000039_v02,finetune_000039,CuH8(C2N)4,HF_COREMOF_GCMC,/home/rakeyma/Tüm_çalışmalar/MOF Radyoaktif Gaz Adsorpsiyonu/data/processed/augmented_cif/finetune_000039_v02.cif,NiH8(C2N)4,True,0.0,0,Ni,,0.052149273476443735,"substitution,noise",False,False,0.055462096138738905,0.06224920188698846,3.7459192383427785e+25,4.204321494388721e+25,1.7100586036135876,1.2,1.122373769128227,21,4,5.333333333333333,0.55,0.421218470630147,0.047619047619047616
finetune_000039_v03,finetune_000039,CuH8(C2N)4,HF_COREMOF_GCMC,/home/rakeyma/Tüm_çalışmalar/MOF Radyoaktif Gaz Adsorpsiyonu/data/processed/augmented_cif/finetune_000039_v03.cif,NiH6C7N4,True,0.15685331806440325,3,Ni,,0.14972572020289895,"noise,defect,substitution",False,False,0.1525426555871285,0.16023762477245018,1.030275644112563e+26,1.0822475945373105e+26,2.74363509491055,1.5089993022008026,1.0504447045038263,18,4,5.777777777777778,0.5750000000000001,0.421218470630147,0.05555555555555555
finetune_000039_v04,finetune_000039,CuH8(C2N)4,HF_COREMOF_GCMC,/home/rakeyma/Tüm_çalışmalar/MOF Radyoaktif Gaz Adsorpsiyonu/data/processed/augmented_cif/finetune_000039_v04.cif,NiH8C7N4,True,0.09989108674866949,1,Ni,,0.04665951897542423,"defect,substitution,noise",False,False,0.11859419562721794,0.12580261728451636,8.009871784227229e+25,8.49672978715259e+25,2.431022275875272,1.3370622517313997,1.0607822467126211,20,4,5.3,0.5425000000000001,0.421218470630147,0.05
finetune_000039_v05,finetune_000039,CuH8(C2N)4,HF_COREMOF_GCMC,/home/rakeyma/Tüm_çalışmalar/MOF Radyoaktif Gaz Adsorpsiyonu/data/processed/augmented_cif/finetune_000039_v05.cif,CuH7(C2N)4,True,0.14498683408150864,2,,-CH3,0.07861118975813076,"defect,functional,noise",False,True,0.07089212654612424,0.08096514588729664,4.788066069696799e+25,5.468399478731826e+25,1.9502628651885967,1.2,1.142089394576401,20,4,5.6,0.5650000000000001,0.4242861652234256,0.05
finetune_000039_v06,finetune_000039,CuH8(C2N)4,HF_COREMOF_GCMC,/home/rakeyma/Tüm_çalışmalar/MOF Radyoaktif Gaz Adsorpsiyonu/data/processed/augmented_cif/finetune_000039_v06.cif,CuH8(C2N)4,True,0.0,0,,,0.13172824091438579,noise,False,False,0.05556521108350604,0.06374764214332951,3.752883638938055e+25,4.305526399621553e+25,1.7305181678393637,1.2,1.1472581656807983,21,4,5.380952380952381,0.55,0.4242861652234256,0.047619047619047616
finetune_000040_v00,finetune_000040,CoHC4O3,HF_COREMOF_GCMC,/home/rakeyma/Tüm_çalışmalar/MOF Radyoaktif Gaz Adsorpsiyonu/data/processed/augmented_cif/finetune_000040_v00.cif,CoHC4O3,False,0.0,0,,,0.0,none,False,False,0.20272234461597277,0.24081560498963828,3.3889723538711354e+25,4.025789210541387e+25,3.325674945771934,1.8291212201745637,1.1879085428191327,54,4,8.444444444444445,0.688888888888889,0.5829397481729994,0.1111111111111111
finetune_000040_v01,finetune_000040,CoHC4O3,HF_COREMOF_GCMC,/home/rakeyma/Tüm_çalışmalar/MOF Radyoaktif Gaz Adsorpsiyonu/data/processed/augmented_cif/finetune_000040_v01.cif,Co3H3C12N2O9,True,0.0,0,,-NH2,0.1392389479877181,"functional,noise",False,True,0.15339122571188762,0.1931229509005108,2.56428872825416e+25,3.228496309766317e+25,2.9782039138781222,1.6380121526329674,1.2590221507405557,58,5,8.344827586206897,0.6862068965517241,0.5617259118110896,0.10344827586206896
finetune_000040_v02,finetune_000040,CoHC4O3,HF_COREMOF_GCMC,/home/rakeyma/Tüm_çalışmalar/MOF Radyoaktif Gaz Adsorpsiyonu/data/processed/augmented_cif/finetune_000040_v02.cif,Co3H3C14O9,True,0.0,0,,-CH3,0.11318628368189232,"functional,noise",False,True,0.1424414990257822,0.17789351186355762,2.381238748776306e+25,2.9739010506251916e+25,2.858364043247074,1.5721002237858908,1.24888823187236,58,4,8.275862068965518,0.6896551724137931,0.5829397481729994,0.10344827586206896
finetune_000040_v03,finetune_000040,CoHC4O3,HF_COREMOF_GCMC,/home/rakeyma/Tüm_çalışmalar/MOF Radyoaktif Gaz Adsorpsiyonu/data/processed/augmented_cif/finetune_000040_v03.cif,Co3H3C14O9,True,0.0,0,,-CH3,0.06670541087129858,"functional,noise",False,True,0.1424414990257822,0.17789351186355762,2.381238748776306e+25,2.9739010506251916e+25,2.858364043247074,1.5721002237858908,1.24888823187236,58,4,8.275862068965518,0.6896551724137931,0.5829397481729994,0.10344827586206896
finetune_000040_v04,finetune_000040,CoHC4O3,HF_COREMOF_GCMC,/home/rakeyma/Tüm_çalışmalar/MOF Radyoaktif Gaz Adsorpsiyonu/data/processed/augmented_cif/finetune_000040_v04.cif,Co6H6C21N3O16,True,0.10683417187329516,5,,-NH2,0.10029297661101995,"noise,defect,functional",False,True,0.23787993384899853,0.2747260121746312,3.976712684939178e+25,4.592680012224622e+25,3.55211793672552,1.953664865199036,1.1548935958130113,52,5,8.51923076923077,0.6894230769230768,0.5617259118110896,0.11538461538461539
finetune_000040_v05,finetune_000040,CoHC4O3,HF_COREMOF_GCMC,/home/rakeyma/Tüm_çalışmalar/MOF Radyoaktif Gaz Adsorpsiyonu/data/processed/augmented_cif/finetune_000040_v05.cif,MnHC4O3,True,0.0,0,Mn,,0.04120512781399861,"noise,substitution",False,False,0.1978418186893586,0.22899850163094293,3.3073830871872915e+25,3.828239026020184e+25,3.2430512059343135,1.7836781632638725,1.1574827968524946,54,4,8.222222222222221,0.6944444444444445,0.6822206387965699,0.1111111111111111
finetune_000040_v06,finetune_000040,CoHC4O3,HF_COREMOF_GCMC,/home/rakeyma/Tüm_çalışmalar/MOF Radyoaktif Gaz Adsorpsiyonu/data/processed/augmented_cif/finetune_000040_v06.cif,Co3H3C12N2O9,True,0.0,0,,-NH2,0.05918155832096514,"functional,noise",False,True,0.15339122571188762,0.1931229509005108,2.56428872825416e+25,3.228496309766317e+25,2.9782039138781222,1.6380121526329674,1.2590221507405557,58,5,8.344827586206897,0.6862068965517241,0.5617259118110896,0.10344827586206896
finetune_000041_v00,finetune_000041,Ho(CO2)4,HF_COREMOF_GCMC,/home/rakeyma/Tüm_çalışmalar/MOF Radyoaktif Gaz Adsorpsiyonu/data/processed/augmented_cif/finetune_000041_v00.cif,Ho(CO2)4,False,0.0,0,,,0.0,none,False,False,0.14997836171222506,0.25281674030478984,2.4414133620380375e+25,4.115461463109865e+25,4.837021143375599,2.6603616288565797,1.6856881047273249,52,3,11.923076923076923,0.7192307692307693,0.9079035680560402,0.07692307692307693
finetune_000041_v01,finetune_000041,Ho(CO2)4,HF_COREMOF_GCMC,/home/rakeyma/Tüm_çalışmalar/MOF Radyoaktif Gaz Adsorpsiyonu/data/processed/augmented_cif/finetune_000041_v01.cif,Ho4C13O29,True,0.13738928240135662,6,,,0.05055741722045194,"defect,substitution,noise",False,False,0.2096409032971075,0.33161633412913816,3.41262630619576e+25,5.398195712834987e+25,5.539786518646779,3.046882585255729,1.5818303056019776,46,3,12.565217391304348,0.7282608695652175,0.9079035680560402,0.08695652173913043
finetune_000041_v02,finetune_000041,Ho(CO2)4,HF_COREMOF_GCMC,/home/rakeyma/Tüm_çalışmalar/MOF Radyoaktif Gaz Adsorpsiyonu/data/processed/augmented_cif/finetune_000041_v02.cif,Ho2C9O16,True,0.0,0,,-CH3,0.06623119496399019,"functional,substitution,noise",False,True,0.12952345876697718,0.22218162834662825,2.108439506345835e+25,3.616769712991286e+25,4.534497269418265,2.4939734981800457,1.715377511237948,54,3,11.703703703703704,0.7185185185185188,0.9079035680560402,0.07407407407407407
finetune_000041_v03,finetune_000041,Ho(CO2)4,HF_COREMOF_GCMC,/home/rakeyma/Tüm_çalışmalar/MOF Radyoaktif Gaz Adsorpsiyonu/data/processed/augmented_cif/finetune_000041_v03.cif,Ho(CO2)4,True,0.0,0,,,0.13194171388229164,"substitution,noise",False,False,0.14997836171222506,0.25281674030478984,2.4414133620380375e+25,4.115461463109865e+25,4.837021143375599,2.6603616288565797,1.6856881047273249,52,3,11.923076923076923,0.7192307692307693,0.9079035680560402,0.07692307692307693
finetune_000041_v04,finetune_000041,Ho(CO2)4,HF_COREMOF_GCMC,/home/rakeyma/Tüm_çalışmalar/MOF Radyoaktif Gaz Adsorpsiyonu/data/processed/augmented_cif/finetune_000041_v04.cif,Ho(CO2)4,True,0.0,0,,,0.11284020455698923,noise,False,False,0.14997836171222506,0.25281674030478984,2.4414133620380375e+25,4.115461463109865e+25,4.837021143375599,2.6603616288565797,1.6856881047273249,52,3,11.923076923076923,0.7192307692307693,0.9079035680560402,0.07692307692307693
finetune_000041_v05,finetune_000041,Ho(CO2)4,HF_COREMOF_GCMC,/home/rakeyma/Tüm_çalışmalar/MOF Radyoaktif Gaz Adsorpsiyonu/data/processed/augmented_cif/finetune_000041_v05.cif,Ho4C13O29,True,0.1391619528657026,6,,,0.10919623491008153,"defect,noise",False,False,0.2096409032971075,0.33161633412913816,3.41262630619576e+25,5.398195712834987e+25,5.539786518646779,3.046882585255729,1.5818303056019776,46,3,12.565217391304348,0.7282608695652175,0.9079035680560402,0.08695652173913043
finetune_000041_v06,finetune_000041,Ho(CO2)4,HF_COREMOF_GCMC,/home/rakeyma/Tüm_çalışmalar/MOF Radyoaktif Gaz Adsorpsiyonu/data/processed/augmented_cif/finetune_000041_v06.cif,Ho2C9O16,True,0.0,0,,-CH3,0.13760549624261553,"functional,noise",False,True,0.12952345876697718,0.22218162834662825,2.108439506345835e+25,3.616769712991286e+25,4.534497269418265,2.4939734981800457,1.715377511237948,54,3,11.703703703703704,0.7185185185185188,0.9079035680560402,0.07407407407407407
finetune_000042_v00,finetune_000042,Ho(CO2)4,HF_COREMOF_GCMC,/home/rakeyma/Tüm_çalışmalar/MOF Radyoaktif Gaz Adsorpsiyonu/data/processed/augmented_cif/finetune_000042_v00.cif,Ho(CO2)4,False,0.0,0,,,0.0,none,False,False,0.14997836171222506,0.25281674030478984,2.4414133620380375e+25,4.115461463109865e+25,4.837021143375599,2.6603616288565797,1.6856881047273249,52,3,11.923076923076923,0.7192307692307693,0.9079035680560402,0.07692307692307693
finetune_000042_v01,finetune_000042,Ho(CO2)4,HF_COREMOF_GCMC,/home/rakeyma/Tüm_çalışmalar/MOF Radyoaktif Gaz Adsorpsiyonu/data/processed/augmented_cif/finetune_000042_v01.cif,Ho4C13O31,True,0.09795394660493455,4,,,0.12843762876061315,"defect,noise",False,False,0.191021532317054,0.3097183835377342,3.109532042566793e+25,5.0417312964701525e+25,5.353755875408355,2.9445657314745954,1.621379431841586,48,3,12.375,0.7229166666666668,0.9079035680560402,0.08333333333333333
finetune_000042_v02,finetune_000042,Ho(CO2)4,HF_COREMOF_GCMC,/home/rakeyma/Tüm_çalışmalar/MOF Radyoaktif Gaz Adsorpsiyonu/data/processed/augmented_cif/finetune_000042_v02.cif,Ho4C13O27,True,0.17043962224117176,8,,,0.12274188703904482,"noise,defect",False,False,0.22921519723575745,0.35351428472054214,3.7312652233615358e+25,5.754660129199824e+25,5.719769870448612,3.145873428746737,1.5422811793623694,44,3,12.772727272727273,0.7340909090909092,0.9079035680560402,0.09090909090909091
finetune_000042_v03,finetune_000042,Ho(CO2)4,HF_COREMOF_GCMC,/home/rakeyma/Tüm_çalışmalar/MOF Radyoaktif Gaz Adsorpsiyonu/data/processed/augmented_cif/finetune_000042_v03.cif,Ho4C11O30,True,0.16274706327434318,7,,,0.04495232807169945,"defect,substitution,noise",False,False,0.22348687269570658,0.35130247079159793,3.6380170513285235e+25,5.7186552547711515e+25,5.701848505346836,3.13601667794076,1.5719154622111584,45,3,12.755555555555556,0.7266666666666669,0.9079035680560402,0.08888888888888889
finetune_000042_v04,finetune_000042,Ho(CO2)4,HF_COREMOF_GCMC,/home/rakeyma/Tüm_çalışmalar/MOF Radyoaktif Gaz Adsorpsiyonu/data/processed/augmented_cif/finetune_000042_v04.cif,Ho2C8NO16,True,0.0,0,,-NH2,0.056027918377338476,"functional,substitution,noise",False,True,0.13346213653976627,0.22959644159866344,2.172555025634546e+25,3.7374712858306406e+25,4.609540641960254,2.5352473530781396,1.7203114497590337,54,4,11.74074074074074,0.7166666666666667,0.8327214420200791,0.07407407407407407
finetune_000042_v05,finetune_000042,Ho(CO2)4,HF_COREMOF_GCMC,/home/rakeyma/Tüm_çalışmalar/MOF Radyoaktif Gaz Adsorpsiyonu/data/processed/augmented_cif/finetune_000042_v05.cif,Ho(CO2)4,True,0.0,0,,,0.1122517682646365,noise,False,False,0.14997836171222506,0.25281674030478984,2.4414133620380375e+25,4.115461463109865e+25,4.837021143375599,2.6603616288565797,1.6856881047273249,52,3,11.923076923076923,0.7192307692307693,0.9079035680560402,0.07692307692307693
finetune_000042_v06,finetune_000042,Ho(CO2)4,HF_COREMOF_GCMC,/home/rakeyma/Tüm_çalışmalar/MOF Radyoaktif Gaz Adsorpsiyonu/data/processed/augmented_cif/finetune_000042_v06.cif,Ho(CO2)4,True,0.0,0,,,0.05397533944739641,noise,False,False,0.14997836171222506,0.25281674030478984,2.4414133620380375e+25,4.115461463109865e+25,4.837021143375599,2.6603616288565797,1.6856881047273249,52,3,11.923076923076923,0.7192307692307693,0.9079035680560402,0.07692307692307693
finetune_000043_v00,finetune_000043,MgH3(CO2)3,HF_COREMOF_GCMC,/home/rakeyma/Tüm_çalışmalar/MOF Radyoaktif Gaz Adsorpsiyonu/data/processed/augmented_cif/finetune_000043_v00.cif,MgH3(CO2)3,False,0.0,0,,,0.0,none,False,False,0.11726612878003695,0.1414060559937077,2.9217665416605936e+25,3.5232294908070165e+25,3.1553513543091047,1.7354432448700077,1.205855923315687,52,4,6.230769230769231,0.6115384615384617,0.7631677404083587,0.07692307692307693
finetune_000043_v01,finetune_000043,MgH3(CO2)3,HF_COREMOF_GCMC,/home/rakeyma/Tüm_çalışmalar/MOF Radyoaktif Gaz Adsorpsiyonu/data/processed/augmented_cif/finetune_000043_v01.cif,Co2H6C7O12,True,0.0,0,Co,-CH3,0.10777159492288571,"noise,substitution,functional",False,True,0.033039726367114566,0.05,8.232075881530285e+24,1.2457845125684695e+25,1.8762846399200734,1.2,1.513329724478787,54,4,7.333333333333333,0.6037037037037039,0.5829397481729994,0.07407407407407407
finetune_000043_v02,finetune_000043,MgH3(CO2)3,HF_COREMOF_GCMC,/home/rakeyma/Tüm_çalışmalar/MOF Radyoaktif Gaz Adsorpsiyonu/data/processed/augmented_cif/finetune_000043_v02.cif,Mg2H6C6NO12,True,0.0,0,,-NH2,0.14076194160930486,"functional,noise",False,True,0.08409673099598812,0.10586518936345934,2.0953281006487745e+25,2.6377042665825176e+25,2.730173899211234,1.5015956445661789,1.2588502324603996,54,5,6.2592592592592595,0.6129629629629632,0.7325953862808582,0.07407407407407407
finetune_000043_v03,finetune_000043,MgH3(CO2)3,HF_COREMOF_GCMC,/home/rakeyma/Tüm_çalışmalar/MOF Radyoaktif Gaz Adsorpsiyonu/data/processed/augmented_cif/finetune_000043_v03.cif,Mg4H9C10O23,True,0.13535616561740188,6,,,0.1236895888713744,"noise,defect",False,False,0.1993097640631143,0.22410914561439088,4.96594034547007e+25,5.5838340546272026e+25,3.9723134524575623,2.1847723988516594,1.1244263253626827,46,4,6.543478260869565,0.6315217391304351,0.7631677404083587,0.08695652173913043
finetune_000043_v04,finetune_000043,MgH3(CO2)3,HF_COREMOF_GCMC,/home/rakeyma/Tüm_çalışmalar/MOF Radyoaktif Gaz Adsorpsiyonu/data/processed/augmented_cif/finetune_000043_v04.cif,Mg4H10C12O23,True,0.07833561588238061,3,,,0.09029263237200053,"noise,defect",False,False,0.14581942552605973,0.17086763656888293,3.6331916390399314e+25,4.257285106733844e+25,3.4685154014260524,1.9076834707843289,1.1717755432958195,49,4,6.408163265306122,0.626530612244898,0.7631677404083587,0.08163265306122448
finetune_000043_v05,finetune_000043,MgH3(CO2)3,HF_COREMOF_GCMC,/home/rakeyma/Tüm_çalışmalar/MOF Radyoaktif Gaz Adsorpsiyonu/data/processed/augmented_cif/finetune_000043_v05.cif,Mg4H10(CO2)11,True,0.11232202905992601,5,,,0.07714202442096249,"noise,defect",False,False,0.18866054102595498,0.21107105068904664,4.700607602858461e+25,5.258980919999373e+25,3.855032618605198,2.1202679402328592,1.1187874769213586,47,4,6.382978723404255,0.6255319148936173,0.7631677404083587,0.0851063829787234
finetune_000043_v06,finetune_000043,MgH3(CO2)3,HF_COREMOF_GCMC,/home/rakeyma/Tüm_çalışmalar/MOF Radyoaktif Gaz Adsorpsiyonu/data/processed/augmented_cif/finetune_000043_v06.cif,MgH3(CO2)3,True,0.0,0,,,0.0702494666706405,noise,False,False,0.11726612878003695,0.1414060559937077,2.9217665416605936e+25,3.5232294908070165e+25,3.1553513543091047,1.7354432448700077,1.205855923315687,52,4,6.230769230769231,0.6115384615384617,0.7631677404083587,0.07692307692307693
finetune_000044_v00,finetune_000044,CuHC4O3,HF_COREMOF_GCMC,/home/rakeyma/Tüm_çalışmalar/MOF Radyoaktif Gaz Adsorpsiyonu/data/processed/augmented_cif/finetune_000044_v00.cif,CuHC4O3,False,0.0,0,,,0.0,none,False,False,0.14306361389834307,0.18913494331402203,2.5852239851953995e+25,3.417753673141659e+25,2.7268008935398664,1.4997404914469266,1.3220338712288924,54,4,8.666666666666666,0.688888888888889,0.577510822409416,0.1111111111111111
finetune_000044_v01,finetune_000044,CuHC4O3,HF_COREMOF_GCMC,/home/rakeyma/Tüm_çalışmalar/MOF Radyoaktif Gaz Adsorpsiyonu/data/processed/augmented_cif/finetune_000044_v01.cif,Cu6H6C21NO17,True,0.13672223300342937,7,,-NH2,0.07294524334337285,"noise,functional,defect",False,True,0.18853397400504096,0.23941235580248665,3.4068938868577185e+25,4.326289177991273e+25,3.067897325926599,1.6873435292596295,1.269863201398838,51,5,8.803921568627452,0.6892156862745098,0.5564746175702895,0.11764705882352941
finetune_000044_v02,finetune_000044,CuHC4O3,HF_COREMOF_GCMC,/home/rakeyma/Tüm_çalışmalar/MOF Radyoaktif Gaz Adsorpsiyonu/data/processed/augmented_cif/finetune_000044_v02.cif,Cu6H5C23O18,True,0.04527722915999542,2,,,0.1000271944118747,"defect,noise",False,False,0.16159316782146885,0.21074529723924307,2.920061376281262e+25,3.8082625088526097e+25,2.8783691208454547,1.5831030164650002,1.3041720765823368,52,4,8.865384615384615,0.6971153846153846,0.577510822409416,0.11538461538461539
finetune_000044_v03,finetune_000044,CuHC4O3,HF_COREMOF_GCMC,/home/rakeyma/Tüm_çalışmalar/MOF Radyoaktif Gaz Adsorpsiyonu/data/processed/augmented_cif/finetune_000044_v03.cif,Cu6H6(C2O)13,True,0.13181598033539144,6,,-CH3,0.12429821629848183,"defect,functional,noise",False,True,0.17338007504198594,0.2158988336596167,3.1330561023854548e+25,3.9013892347858365e+25,2.913350177678122,1.602342597722967,1.2452343996698259,51,4,8.627450980392156,0.6980392156862747,0.577510822409416,0.11764705882352941
finetune_000044_v04,finetune_000044,CuHC4O3,HF_COREMOF_GCMC,/home/rakeyma/Tüm_çalışmalar/MOF Radyoaktif Gaz Adsorpsiyonu/data/processed/augmented_cif/finetune_000044_v04.cif,ZnHC4O3,True,0.0,0,Zn,,0.0930549212571468,"substitution,noise",False,False,0.13224532090732105,0.17686096140228846,2.389732554794834e+25,3.1959572878314488e+25,2.6368385027361887,1.4502611765049038,1.3373702766106526,54,4,8.777777777777779,0.688888888888889,0.6504229393248673,0.1111111111111111
finetune_000044_v05,finetune_000044,CuHC4O3,HF_COREMOF_GCMC,/home/rakeyma/Tüm_çalışmalar/MOF Radyoaktif Gaz Adsorpsiyonu/data/processed/augmented_cif/finetune_000044_v05.cif,Ni4H6C26O17,True,0.07493786789216571,4,Ni,-CH3,0.12713823273996555,"substitution,defect,functional,noise",False,True,0.1923941225921041,0.21779715304545122,3.47664851168346e+25,3.9356927217039566e+25,2.9261301573854364,1.6093715865619902,1.1320364162433603,53,4,7.735849056603773,0.6660377358490567,0.5748260606479145,0.07547169811320754
finetune_000044_v06,finetune_000044,CuHC4O3,HF_COREMOF_GCMC,/home/rakeyma/Tüm_çalışmalar/MOF Radyoaktif Gaz Adsorpsiyonu/data/processed/augmented_cif/finetune_000044_v06.cif,Cu6H6C19N3O16,True,0.15428260346228365,8,,-NH2,0.0944776210669547,"functional,defect,noise",False,True,0.20727623741122198,0.25979772383901445,3.745575034175432e+25,4.694661966564299e+25,3.1958413504914147,1.7577127427702783,1.2533888451650799,50,5,8.86,0.689,0.5564746175702895,0.12
finetune_000045_v00,finetune_000045,ErH4(CO2)4,HF_COREMOF_GCMC,/home/rakeyma/Tüm_çalışmalar/MOF Radyoaktif Gaz Adsorpsiyonu/data/processed/augmented_cif/finetune_000045_v00.cif,ErH4(CO2)4,False,0.0,0,,,0.0,none,False,False,0.023600667038622233,0.05,9.4800095235009e+24,2.008419827284324e+25,1.5,1.2,2.1185841873950237,34,4,9.411764705882353,0.6088235294117648,0.7877935960643498,0.058823529411764705
finetune_000045_v01,finetune_000045,ErH4(CO2)4,HF_COREMOF_GCMC,/home/rakeyma/Tüm_çalışmalar/MOF Radyoaktif Gaz Adsorpsiyonu/data/processed/augmented_cif/finetune_000045_v01.cif,ErH4(CO2)4,True,0.0,0,,,0.129419296960382,"substitution,noise",False,False,0.023600667038622233,0.05,9.4800095235009e+24,2.008419827284324e+25,1.5,1.2,2.1185841873950237,34,4,9.411764705882353,0.6088235294117648,0.7877935960643498,0.058823529411764705
finetune_000045_v02,finetune_000045,ErH4(CO2)4,HF_COREMOF_GCMC,/home/rakeyma/Tüm_çalışmalar/MOF Radyoaktif Gaz Adsorpsiyonu/data/processed/augmented_cif/finetune_000045_v02.cif,Er2H7(C2O5)3,True,0.155367667006373,4,,,0.06402272207470407,"defect,substitution,noise",False,False,0.05593121626700159,0.1114962895505881,2.2466672742954706e+25,4.478627172040703e+25,2.21182382192073,1.2165031020564017,1.993453691733303,30,4,9.966666666666667,0.6150000000000002,0.7877935960643498,0.06666666666666667
finetune_000045_v03,finetune_000045,ErH4(CO2)4,HF_COREMOF_GCMC,/home/rakeyma/Tüm_çalışmalar/MOF Radyoaktif Gaz Adsorpsiyonu/data/processed/augmented_cif/finetune_000045_v03.cif,Er2H8C8NO16,True,0.0,0,,-NH2,0.10211535741013976,"noise,functional",False,True,0.023134201463416715,0.05,9.292637781503227e+24,2.0084198272843235e+25,1.5,1.2,2.1613021776034733,35,5,9.342857142857143,0.61,0.7556612997897934,0.05714285714285714
finetune_000045_v04,finetune_000045,ErH4(CO2)4,HF_COREMOF_GCMC,/home/rakeyma/Tüm_çalışmalar/MOF Radyoaktif Gaz Adsorpsiyonu/data/processed/augmented_cif/finetune_000045_v04.cif,Er2H8C8NO16,True,0.0,0,,-NH2,0.08172573596516841,"functional,noise",False,True,0.023134201463416715,0.05,9.292637781503227e+24,2.0084198272843235e+25,1.5,1.2,2.1613021776034733,35,5,9.342857142857143,0.61,0.7556612997897934,0.05714285714285714
finetune_000045_v05,finetune_000045,ErH4(CO2)4,HF_COREMOF_GCMC,/home/rakeyma/Tüm_çalışmalar/MOF Radyoaktif Gaz Adsorpsiyonu/data/processed/augmented_cif/finetune_000045_v05.cif,ErH3C4O7,True,0.17514893255989114,5,,-CH3,0.07505916509206327,"functional,defect,noise",False,True,0.03630995161339122,0.07315893718396504,1.4585125349613867e+25,2.9386771996664744e+25,1.791653480609801,1.2,2.0148453504681565,30,4,10.066666666666666,0.6333333333333334,0.7877935960643498,0.06666666666666667
finetune_000045_v06,finetune_000045,ErH4(CO2)4,HF_COREMOF_GCMC,/home/rakeyma/Tüm_çalışmalar/MOF Radyoaktif Gaz Adsorpsiyonu/data/processed/augmented_cif/finetune_000045_v06.cif,ErH4(CO2)4,True,0.0,0,,,0.04584363479038191,noise,False,False,0.023600667038622233,0.05,9.4800095235009e+24,2.008419827284324e+25,1.5,1.2,2.1185841873950237,34,4,9.411764705882353,0.6088235294117648,0.7877935960643498,0.058823529411764705
finetune_000046_v00,finetune_000046,NiH9C11(NO)2,HF_COREMOF_GCMC,/home/rakeyma/Tüm_çalışmalar/MOF Radyoaktif Gaz Adsorpsiyonu/data/processed/augmented_cif/finetune_000046_v00.cif,NiH9C11(NO)2,False,0.0,0,,,0.0,none,False,False,0.11050820778470832,0.11439936982589449,2.8987157079593816e+25,3.0007838959891437e+25,2.7487932508246935,1.5118362879535816,1.035211520657062,50,5,5.32,0.552,0.5538736317970011,0.04
finetune_000046_v01,finetune_000046,NiH9C11(NO)2,HF_COREMOF_GCMC,/home/rakeyma/Tüm_çalışmalar/MOF Radyoaktif Gaz Adsorpsiyonu/data/processed/augmented_cif/finetune_000046_v01.cif,Zn2H17C21(NO)3,True,0.09301753282329021,4,Zn,,0.07802214775878186,"noise,defect,substitution",False,False,0.18165508014488418,0.17734496816713252,4.764953163229749e+25,4.651895594534825e+25,3.4224703556062637,1.8823586955834453,0.9762730996880792,46,5,5.391304347826087,0.5521739130434782,0.6263098274815748,0.043478260869565216
finetune_000046_v02,finetune_000046,NiH9C11(NO)2,HF_COREMOF_GCMC,/home/rakeyma/Tüm_çalışmalar/MOF Radyoaktif Gaz Adsorpsiyonu/data/processed/augmented_cif/finetune_000046_v02.cif,Co2H16C18(NO)3,True,0.16943654875193576,8,Co,,0.13651430909639514,"substitution,defect,noise",False,False,0.29575444394551054,0.25929083518309426,7.757867669285239e+25,6.801399026753083e+25,4.138317838287769,2.276074811058273,0.8767098533635752,42,5,5.309523809523809,0.5488095238095239,0.5617259118110896,0.047619047619047616
finetune_000046_v03,finetune_000046,NiH9C11(NO)2,HF_COREMOF_GCMC,/home/rakeyma/Tüm_çalışmalar/MOF Radyoaktif Gaz Adsorpsiyonu/data/processed/augmented_cif/finetune_000046_v03.cif,Ni2H16C19N7O3,True,0.13662996781995107,6,,-NH2,0.05111024213163825,"defect,functional,noise",False,True,0.1615197184628356,0.16333811061864212,4.236787062600306e+25,4.284484894380687e+25,3.2845359795192297,1.8064947887355765,1.0112580195973095,47,5,5.51063829787234,0.5606382978723404,0.5538736317970011,0.0425531914893617
finetune_000046_v04,finetune_000046,NiH9C11(NO)2,HF_COREMOF_GCMC,/home/rakeyma/Tüm_çalışmalar/MOF Radyoaktif Gaz Adsorpsiyonu/data/processed/augmented_cif/finetune_000046_v04.cif,Cu2H16C19(NO)4,True,0.10611853725436748,5,Cu,,0.13628997069738719,"noise,defect,substitution",False,False,0.2073882557284693,0.20298418158531029,5.439954249349407e+25,5.3244319804274115e+25,3.6615195493546118,2.0138357521450367,0.9787641102062924,45,5,5.511111111111111,0.5555555555555556,0.5564746175702895,0.044444444444444446
finetune_000046_v05,finetune_000046,NiH9C11(NO)2,HF_COREMOF_GCMC,/home/rakeyma/Tüm_çalışmalar/MOF Radyoaktif Gaz Adsorpsiyonu/data/processed/augmented_cif/finetune_000046_v05.cif,Co2H16C25(NO)4,True,0.05275864764681983,2,Co,-CH3,0.07414302367054573,"defect,substitution,functional,noise",False,True,0.0454406099382086,0.05016249323541955,1.1919423221825815e+25,1.3158009708672306e+25,1.82020296235739,1.2,1.1039132904164775,51,5,5.490196078431373,0.5725490196078431,0.5617259118110896,0.0392156862745098
finetune_000046_v06,finetune_000046,NiH9C11(NO)2,HF_COREMOF_GCMC,/home/rakeyma/Tüm_çalışmalar/MOF Radyoaktif Gaz Adsorpsiyonu/data/processed/augmented_cif/finetune_000046_v06.cif,CoH9C12(NO)2,True,0.033215180786691896,1,Co,-CH3,0.08719006995327674,"substitution,functional,defect,noise",False,True,0.056707437292834124,0.061471294797249776,1.4874799124342145e+25,1.6124395770179765e+25,2.0149600513572925,1.2,1.0840076316588836,52,5,5.3076923076923075,0.5576923076923076,0.5617259118110896,0.038461538461538464
finetune_000047_v00,finetune_000047,Ho(CO2)4,HF_COREMOF_GCMC,/home/rakeyma/Tüm_çalışmalar/MOF Radyoaktif Gaz Adsorpsiyonu/data/processed/augmented_cif/finetune_000047_v00.cif,Ho(CO2)4,False,0.0,0,,,0.0,none,False,False,0.14997836171222506,0.25281674030478984,2.4414133620380375e+25,4.115461463109865e+25,4.837021143375599,2.6603616288565797,1.6856881047273249,52,3,11.923076923076923,0.7192307692307693,0.9079035680560402,0.07692307692307693
finetune_000047_v01,finetune_000047,Ho(CO2)4,HF_COREMOF_GCMC,/home/rakeyma/Tüm_çalışmalar/MOF Radyoaktif Gaz Adsorpsiyonu/data/processed/augmented_cif/finetune_000047_v01.cif,Ho2C7O15,True,0.09474793782772711,4,,,0.14190314515722185,"defect,noise",False,False,0.18890153342728747,0.3053498028543554,3.0750217734993583e+25,4.97061762959328e+25,5.315864397750812,2.923725418762947,1.6164495719770933,48,3,12.333333333333334,0.7250000000000001,0.9079035680560402,0.08333333333333333
finetune_000047_v02,finetune_000047,Ho(CO2)4,HF_COREMOF_GCMC,/home/rakeyma/Tüm_çalışmalar/MOF Radyoaktif Gaz Adsorpsiyonu/data/processed/augmented_cif/finetune_000047_v02.cif,Ho4C13O28,True,0.1475180966869803,7,,,0.043398448959693914,"defect,substitution,noise",False,False,0.219304151643455,0.3425653094248402,3.569928888809194e+25,5.5764279210174055e+25,5.630497404451597,3.0967735724483783,1.5620557424821733,45,3,12.666666666666666,0.7311111111111113,0.9079035680560402,0.08888888888888889
finetune_000047_v03,finetune_000047,Ho(CO2)4,HF_COREMOF_GCMC,/home/rakeyma/Tüm_çalışmalar/MOF Radyoaktif Gaz Adsorpsiyonu/data/processed/augmented_cif/finetune_000047_v03.cif,Ho2C9O14,True,0.10020702939077766,4,,-CH3,0.13693425938201287,"defect,functional,noise",False,True,0.16255020535504722,0.2659775295294362,2.646063330904427e+25,4.329698545720955e+25,4.961323501222627,2.728727925672445,1.6362792587587311,50,3,12.0,0.7280000000000001,0.9079035680560402,0.08
finetune_000047_v04,finetune_000047,Ho(CO2)4,HF_COREMOF_GCMC,/home/rakeyma/Tüm_çalışmalar/MOF Radyoaktif Gaz Adsorpsiyonu/data/processed/augmented_cif/finetune_000047_v04.cif,Ho4C14O29,True,0.11108774584890584,5,,,0.08999991270762511,"defect,noise",False,False,0.19809840850232044,0.31629877815005736,3.2247325280431573e+25,5.148849837775696e+25,5.410330918218419,2.9756820050201305,1.596675008857289,47,3,12.425531914893616,0.7276595744680853,0.9079035680560402,0.0851063829787234
finetune_000047_v05,finetune_000047,Ho(CO2)4,HF_COREMOF_GCMC,/home/rakeyma/Tüm_çalışmalar/MOF Radyoaktif Gaz Adsorpsiyonu/data/processed/augmented_cif/finetune_000047_v05.cif,Ho4C16O29,True,0.0806332086246867,3,,,0.11570248256724423,"defect,noise",False,False,0.1756455462826107,0.28566366619189576,2.859235017513076e+25,4.650158087657117e+25,5.141650765029581,2.82790792076627,1.6263644153679124,49,3,12.16326530612245,0.726530612244898,0.9079035680560402,0.08163265306122448
finetune_000047_v06,finetune_000047,Ho(CO2)4,HF_COREMOF_GCMC,/home/rakeyma/Tüm_çalışmalar/MOF Radyoaktif Gaz Adsorpsiyonu/data/processed/augmented_cif/finetune_000047_v06.cif,Ho(CO2)4,True,0.0,0,,,0.043415308162012584,"substitution,noise",False,False,0.14997836171222506,0.25281674030478984,2.4414133620380375e+25,4.115461463109865e+25,4.837021143375599,2.6603616288565797,1.6856881047273249,52,3,11.923076923076923,0.7192307692307693,0.9079035680560402,0.07692307692307693
finetune_000048_v00,finetune_000048,ErH4(CO2)4,HF_COREMOF_GCMC,/home/rakeyma/Tüm_çalışmalar/MOF Radyoaktif Gaz Adsorpsiyonu/data/processed/augmented_cif/finetune_000048_v00.cif,ErH4(CO2)4,False,0.0,0,,,0.0,none,False,False,0.023600667038622233,0.05,9.4800095235009e+24,2.008419827284324e+25,1.5,1.2,2.1185841873950237,34,4,9.411764705882353,0.6088235294117648,0.7877935960643498,0.058823529411764705
finetune_000048_v01,finetune_000048,ErH4(CO2)4,HF_COREMOF_GCMC,/home/rakeyma/Tüm_çalışmalar/MOF Radyoaktif Gaz Adsorpsiyonu/data/processed/augmented_cif/finetune_000048_v01.cif,Er2H8C9O16,True,0.0,0,,-CH3,0.04242343172027671,"functional,noise",False,True,0.02319954452656024,0.05,9.318885042221818e+24,2.008419827284324e+25,1.5,1.2,2.155214725994167,35,4,9.314285714285715,0.6114285714285715,0.7877935960643498,0.05714285714285714
finetune_000048_v02,finetune_000048,ErH4(CO2)4,HF_COREMOF_GCMC,/home/rakeyma/Tüm_çalışmalar/MOF Radyoaktif Gaz Adsorpsiyonu/data/processed/augmented_cif/finetune_000048_v02.cif,Er2H8C8NO16,True,0.0,0,,-NH2,0.03329474299702412,"substitution,noise,functional",False,True,0.023134201463416715,0.05,9.292637781503227e+24,2.0084198272843235e+25,1.5,1.2,2.1613021776034733,35,5,9.342857142857143,0.61,0.7556612997897934,0.05714285714285714
finetune_000048_v03,finetune_000048,ErH4(CO2)4,HF_COREMOF_GCMC,/home/rakeyma/Tüm_çalışmalar/MOF Radyoaktif Gaz Adsorpsiyonu/data/processed/augmented_cif/finetune_000048_v03.cif,Er2H7C8NO14,True,0.10693309738286412,3,,-NH2,0.06182292643107565,"defect,functional,noise",False,True,0.024264337065276132,0.05,9.746595131562098e+24,2.0084198272843235e+25,1.5,1.2,2.0606373817462873,32,5,9.6875,0.621875,0.7556612997897934,0.0625
finetune_000048_v04,finetune_000048,ErH4(CO2)4,HF_COREMOF_GCMC,/home/rakeyma/Tüm_çalışmalar/MOF Radyoaktif Gaz Adsorpsiyonu/data/processed/augmented_cif/finetune_000048_v04.cif,Er2H8C9O16,True,0.0,0,,-CH3,0.048097201543302714,"substitution,functional,noise",False,True,0.02319954452656024,0.05,9.318885042221818e+24,2.008419827284324e+25,1.5,1.2,2.155214725994167,35,4,9.314285714285715,0.6114285714285715,0.7877935960643498,0.05714285714285714
finetune_000048_v05,finetune_000048,ErH4(CO2)4,HF_COREMOF_GCMC,/home/rakeyma/Tüm_çalışmalar/MOF Radyoaktif Gaz Adsorpsiyonu/data/processed/augmented_cif/finetune_000048_v05.cif,Er2H6C7O15,True,0.13146399344449378,4,,,0.0832890485772333,"defect,noise",False,False,0.041410138642629254,0.08393877296739327,1.6633788700089869e+25,3.371685918112601e+25,1.9191177927550331,1.2,2.027010189262765,30,4,10.133333333333333,0.6300000000000002,0.7877935960643498,0.06666666666666667
finetune_000048_v06,finetune_000048,ErH4(CO2)4,HF_COREMOF_GCMC,/home/rakeyma/Tüm_çalışmalar/MOF Radyoaktif Gaz Adsorpsiyonu/data/processed/augmented_cif/finetune_000048_v06.cif,ErH4(CO2)4,True,0.0,0,,,0.08030420673107594,"substitution,noise",False,False,0.023600667038622233,0.05,9.4800095235009e+24,2.008419827284324e+25,1.5,1.2,2.1185841873950237,34,4,9.411764705882353,0.6088235294117648,0.7877935960643498,0.058823529411764705
finetune_000049_v00,finetune_000049,NiPC3NO3,HF_COREMOF_GCMC,/home/rakeyma/Tüm_çalışmalar/MOF Radyoaktif Gaz Adsorpsiyonu/data/processed/augmented_cif/finetune_000049_v00.cif,NiPC3NO3,False,0.0,0,,,0.0,none,False,False,0.17070782543812318,0.23020822226701376,2.692186791180484e+25,3.630551403356974e+25,2.957968170983657,1.6268824940410116,1.3485510794609579,54,5,10.222222222222221,0.7666666666666667,0.5554313638965664,0.1111111111111111
finetune_000049_v01,finetune_000049,NiPC3NO3,HF_COREMOF_GCMC,/home/rakeyma/Tüm_çalışmalar/MOF Radyoaktif Gaz Adsorpsiyonu/data/processed/augmented_cif/finetune_000049_v01.cif,Cu6P5C17(N3O8)2,True,0.09019018902367407,4,Cu,,0.10209491142675993,"defect,substitution,noise",False,False,0.22106652544405017,0.285978015696997,3.4863801834811747e+25,4.510081681677387e+25,3.2968516478072374,1.8132684062939808,1.29362876230384,50,5,10.42,0.77,0.5580179208591782,0.12
finetune_000049_v02,finetune_000049,NiPC3NO3,HF_COREMOF_GCMC,/home/rakeyma/Tüm_çalışmalar/MOF Radyoaktif Gaz Adsorpsiyonu/data/processed/augmented_cif/finetune_000049_v02.cif,CoPC3NO3,True,0.0,0,Co,,0.043513758498280396,"substitution,noise",False,False,0.16573028492062167,0.22378127394793568,2.6136873503997767e+25,3.529193745453392e+25,2.9163856448909202,1.6040121046900062,1.350273874537283,54,5,10.11111111111111,0.7666666666666667,0.5632406235349152,0.1111111111111111
finetune_000049_v03,finetune_000049,NiPC3NO3,HF_COREMOF_GCMC,/home/rakeyma/Tüm_çalışmalar/MOF Radyoaktif Gaz Adsorpsiyonu/data/processed/augmented_cif/finetune_000049_v03.cif,Ni6P5C18N5O16,True,0.08907264957877178,4,,,0.12280151188422016,"noise,defect",False,False,0.2230916767101408,0.2802869114313197,3.518318294547371e+25,4.420328820659068e+25,3.263882305985502,1.7951352682920263,1.256375475609929,50,5,10.28,0.7709999999999999,0.5554313638965664,0.12
finetune_000049_v04,finetune_000049,NiPC3NO3,HF_COREMOF_GCMC,/home/rakeyma/Tüm_çalışmalar/MOF Radyoaktif Gaz Adsorpsiyonu/data/processed/augmented_cif/finetune_000049_v04.cif,Ni2P2C7(NO3)2,True,0.0,0,,-CH3,0.1305782806466618,"noise,functional",False,True,0.13342622602243326,0.1856887735340761,2.104228803645909e+25,2.928447258325289e+25,2.6565983881052992,1.4611291134579147,1.3916962134779696,57,5,10.0,0.7631578947368421,0.5554313638965664,0.10526315789473684
finetune_000049_v05,finetune_000049,NiPC3NO3,HF_COREMOF_GCMC,/home/rakeyma/Tüm_çalışmalar/MOF Radyoaktif Gaz Adsorpsiyonu/data/processed/augmented_cif/finetune_000049_v05.cif,Cu6P5C16(NO3)5,True,0.1334802480180901,7,Cu,,0.12623861951215481,"substitution,defect,noise",False,False,0.259526114268199,0.32267335934250974,4.092915922313702e+25,5.08879398854868e+25,3.501987859778589,1.926093322878224,1.2433174990978104,47,5,10.638297872340425,0.7776595744680852,0.5580179208591782,0.1276595744680851
finetune_000049_v06,finetune_000049,NiPC3NO3,HF_COREMOF_GCMC,/home/rakeyma/Tüm_çalışmalar/MOF Radyoaktif Gaz Adsorpsiyonu/data/processed/augmented_cif/finetune_000049_v06.cif,Ni2P2C6(NO2)3,True,0.0,0,,-NH2,0.06242804461357454,"functional,noise",False,True,0.14044523266696557,0.19646410214684917,2.2149236527374483e+25,3.098382041850792e+25,2.73259132230165,1.5029252272659077,1.3988662941142318,57,5,10.052631578947368,0.7605263157894736,0.5554313638965664,0.10526315789473684
finetune_000050_v00,finetune_000050,Ho(CO2)4,HF_COREMOF_GCMC,/home/rakeyma/Tüm_çalışmalar/MOF Radyoaktif Gaz Adsorpsiyonu/data/processed/augmented_cif/finetune_000050_v00.cif,Ho(CO2)4,False,0.0,0,,,0.0,none,False,False,0.14997836171222506,0.25281674030478984,2.4414133620380375e+25,4.115461463109865e+25,4.837021143375599,2.6603616288565797,1.6856881047273249,52,3,11.923076923076923,0.7192307692307693,0.9079035680560402,0.07692307692307693
finetune_000050_v01,finetune_000050,Ho(CO2)4,HF_COREMOF_GCMC,/home/rakeyma/Tüm_çalışmalar/MOF Radyoaktif Gaz Adsorpsiyonu/data/processed/augmented_cif/finetune_000050_v01.cif,Ho2C8NO16,True,0.0,0,,-NH2,0.05777932281287142,"substitution,defect,functional,noise",False,True,0.13346213653976627,0.22959644159866344,2.172555025634546e+25,3.7374712858306406e+25,4.609540641960254,2.5352473530781396,1.7203114497590337,54,4,11.74074074074074,0.7166666666666667,0.8327214420200791,0.07407407407407407
finetune_000050_v02,finetune_000050,Ho(CO2)4,HF_COREMOF_GCMC,/home/rakeyma/Tüm_çalışmalar/MOF Radyoaktif Gaz Adsorpsiyonu/data/processed/augmented_cif/finetune_000050_v02.cif,Ho2C9O16,True,0.0,0,,-CH3,0.1264111936978839,"functional,noise",False,True,0.12952345876697718,0.22218162834662825,2.108439506345835e+25,3.616769712991286e+25,4.534497269418265,2.4939734981800457,1.715377511237948,54,3,11.703703703703704,0.7185185185185188,0.9079035680560402,0.07407407407407407
finetune_000050_v03,finetune_000050,Ho(CO2)4,HF_COREMOF_GCMC,/home/rakeyma/Tüm_çalışmalar/MOF Radyoaktif Gaz Adsorpsiyonu/data/processed/augmented_cif/finetune_000050_v03.cif,Ho(CO2)4,True,0.0,0,,,0.14724160830268174,noise,False,False,0.14997836171222506,0.25281674030478984,2.4414133620380375e+25,4.115461463109865e+25,4.837021143375599,2.6603616288565797,1.6856881047273249,52,3,11.923076923076923,0.7192307692307693,0.9079035680560402,0.07692307692307693
finetune_000050_v04,finetune_000050,Ho(CO2)4,HF_COREMOF_GCMC,/home/rakeyma/Tüm_çalışmalar/MOF Radyoaktif Gaz Adsorpsiyonu/data/processed/augmented_cif/finetune_000050_v04.cif,Ho2C8O15,True,0.06235492185620326,2,,,0.09645122759040957,"defect,noise",False,False,0.1668842634104747,0.2747146908961938,2.7166150233457155e+25,4.4719258794747e+25,5.042152937007535,2.7731841153541446,1.6461389784877165,50,3,12.08,0.7240000000000001,0.9079035680560402,0.08
finetune_000050_v05,finetune_000050,Ho(CO2)4,HF_COREMOF_GCMC,/home/rakeyma/Tüm_çalışmalar/MOF Radyoaktif Gaz Adsorpsiyonu/data/processed/augmented_cif/finetune_000050_v05.cif,Ho2C9O16,True,0.0,0,,-CH3,0.047285767911449075,"functional,noise",False,True,0.12952345876697718,0.22218162834662825,2.108439506345835e+25,3.616769712991286e+25,4.534497269418265,2.4939734981800457,1.715377511237948,54,3,11.703703703703704,0.7185185185185188,0.9079035680560402,0.07407407407407407
finetune_000050_v06,finetune_000050,Ho(CO2)4,HF_COREMOF_GCMC,/home/rakeyma/Tüm_çalışmalar/MOF Radyoaktif Gaz Adsorpsiyonu/data/processed/augmented_cif/finetune_000050_v06.cif,Ho2C9O16,True,0.0,0,,-CH3,0.0306692916089814,"functional,noise",False,True,0.12952345876697718,0.22218162834662825,2.108439506345835e+25,3.616769712991286e+25,4.534497269418265,2.4939734981800457,1.715377511237948,54,3,11.703703703703704,0.7185185185185188,0.9079035680560402,0.07407407407407407
finetune_000051_v00,finetune_000051,CoHC4O3,HF_COREMOF_GCMC,/home/rakeyma/Tüm_çalışmalar/MOF Radyoaktif Gaz Adsorpsiyonu/data/processed/augmented_cif/finetune_000051_v00.cif,CoHC4O3,False,0.0,0,,,0.0,none,False,False,0.20272234461597277,0.24081560498963828,3.3889723538711354e+25,4.025789210541387e+25,3.325674945771934,1.8291212201745637,1.1879085428191327,54,4,8.444444444444445,0.688888888888889,0.5829397481729994,0.1111111111111111
finetune_000051_v01,finetune_000051,CoHC4O3,HF_COREMOF_GCMC,/home/rakeyma/Tüm_çalışmalar/MOF Radyoaktif Gaz Adsorpsiyonu/data/processed/augmented_cif/finetune_000051_v01.cif,Co3H3C14O9,True,0.0,0,,-CH3,0.0991391559865982,"functional,noise",False,True,0.1424414990257822,0.17789351186355762,2.381238748776306e+25,2.9739010506251916e+25,2.858364043247074,1.5721002237858908,1.24888823187236,58,4,8.275862068965518,0.6896551724137931,0.5829397481729994,0.10344827586206896
finetune_000051_v02,finetune_000051,CoHC4O3,HF_COREMOF_GCMC,/home/rakeyma/Tüm_çalışmalar/MOF Radyoaktif Gaz Adsorpsiyonu/data/processed/augmented_cif/finetune_000051_v02.cif,Co3H3C12N2O9,True,0.0,0,,-NH2,0.07699948707983051,"noise,functional",False,True,0.15339122571188762,0.1931229509005108,2.56428872825416e+25,3.228496309766317e+25,2.9782039138781222,1.6380121526329674,1.2590221507405557,58,5,8.344827586206897,0.6862068965517241,0.5617259118110896,0.10344827586206896
finetune_000051_v03,finetune_000051,CoHC4O3,HF_COREMOF_GCMC,/home/rakeyma/Tüm_çalışmalar/MOF Radyoaktif Gaz Adsorpsiyonu/data/processed/augmented_cif/finetune_000051_v03.cif,Co3H3C12N2O9,True,0.0,0,,-NH2,0.046239981542040356,"functional,noise",False,True,0.15339122571188762,0.1931229509005108,2.56428872825416e+25,3.228496309766317e+25,2.9782039138781222,1.6380121526329674,1.2590221507405557,58,5,8.344827586206897,0.6862068965517241,0.5617259118110896,0.10344827586206896
finetune_000051_v04,finetune_000051,CoHC4O3,HF_COREMOF_GCMC,/home/rakeyma/Tüm_çalışmalar/MOF Radyoaktif Gaz Adsorpsiyonu/data/processed/augmented_cif/finetune_000051_v04.cif,CoHC4O3,True,0.0,0,,,0.11398096216772484,noise,False,False,0.20272234461597277,0.24081560498963828,3.3889723538711354e+25,4.025789210541387e+25,3.325674945771934,1.8291212201745637,1.1879085428191327,54,4,8.444444444444445,0.688888888888889,0.5829397481729994,0.1111111111111111
finetune_000051_v05,finetune_000051,CoHC4O3,HF_COREMOF_GCMC,/home/rakeyma/Tüm_çalışmalar/MOF Radyoaktif Gaz Adsorpsiyonu/data/processed/augmented_cif/finetune_000051_v05.cif,Co6H6C21N3O16,True,0.1109675966330274,5,,-NH2,0.08994538364220572,"defect,functional,noise",False,True,0.23787993384899853,0.2747260121746312,3.976712684939178e+25,4.592680012224622e+25,3.55211793672552,1.953664865199036,1.1548935958130113,52,5,8.51923076923077,0.6894230769230768,0.5617259118110896,0.11538461538461539
finetune_000051_v06,finetune_000051,CoHC4O3,HF_COREMOF_GCMC,/home/rakeyma/Tüm_çalışmalar/MOF Radyoaktif Gaz Adsorpsiyonu/data/processed/augmented_cif/finetune_000051_v06.cif,Co6H4C22O17,True,0.10849373804124098,5,,,0.08174867130875059,"defect,noise",False,False,0.2574090699788291,0.29204405038834624,4.303187314878748e+25,4.882191032042117e+25,3.662365356200595,2.0143009459103274,1.1345522922419389,49,4,8.857142857142858,0.7081632653061224,0.5829397481729994,0.12244897959183673
finetune_000052_v00,finetune_000052,ZnHC4O3,HF_COREMOF_GCMC,/home/rakeyma/Tüm_çalışmalar/MOF Radyoaktif Gaz Adsorpsiyonu/data/processed/augmented_cif/finetune_000052_v00.cif,ZnHC4O3,False,0.0,0,,,0.0,none,False,False,0.20687860416176837,0.2515640963015523,3.3991159257691533e+25,4.133320260715269e+25,3.442719217267522,1.8934955694971374,1.2159986158106626,54,4,8.777777777777779,0.688888888888889,0.6504229393248673,0.1111111111111111
finetune_000052_v01,finetune_000052,ZnHC4O3,HF_COREMOF_GCMC,/home/rakeyma/Tüm_çalışmalar/MOF Radyoaktif Gaz Adsorpsiyonu/data/processed/augmented_cif/finetune_000052_v01.cif,Zn3H3C14O9,True,0.0,0,,-CH3,0.12368659326615272,"functional,noise",False,True,0.14869254121498662,0.18972157965925396,2.4430906566429283e+25,3.117217681812972e+25,2.9897552752641143,1.644365401395263,1.2759320548900004,58,4,8.586206896551724,0.6896551724137931,0.6504229393248673,0.10344827586206896
finetune_000052_v02,finetune_000052,ZnHC4O3,HF_COREMOF_GCMC,/home/rakeyma/Tüm_çalışmalar/MOF Radyoaktif Gaz Adsorpsiyonu/data/processed/augmented_cif/finetune_000052_v02.cif,Zn3H3C12N2O9,True,0.0,0,,-NH2,0.10420796954364477,"noise,functional",False,True,0.15918110193565163,0.20468972185389522,2.615422802484996e+25,3.363151526538636e+25,3.105455374260989,1.708000455843544,1.2858921025477024,58,5,8.655172413793103,0.6862068965517241,0.6263098274815748,0.10344827586206896
finetune_000052_v03,finetune_000052,ZnHC4O3,HF_COREMOF_GCMC,/home/rakeyma/Tüm_çalışmalar/MOF Radyoaktif Gaz Adsorpsiyonu/data/processed/augmented_cif/finetune_000052_v03.cif,Co3H3C12N2O9,True,0.0,0,Co,-NH2,0.12365185923304162,"substitution,functional,noise",False,True,0.16725664126871945,0.206966824240292,2.748107835175674e+25,3.4005654244986002e+25,3.12268115772359,1.7174746367479745,1.2374206648558308,58,5,8.344827586206897,0.6862068965517241,0.5617259118110896,0.10344827586206896
finetune_000052_v04,finetune_000052,ZnHC4O3,HF_COREMOF_GCMC,/home/rakeyma/Tüm_çalışmalar/MOF Radyoaktif Gaz Adsorpsiyonu/data/processed/augmented_cif/finetune_000052_v04.cif,Co3H3C14O9,True,0.0,0,Co,-CH3,0.07998375499048005,"substitution,functional,noise",False,True,0.15641942344669074,0.19199868204565051,2.5700470838517603e+25,3.1546315797729336e+25,3.0076437849660778,1.6542040817313428,1.227460617198129,58,4,8.275862068965518,0.6896551724137931,0.5829397481729994,0.10344827586206896
finetune_000052_v05,finetune_000052,ZnHC4O3,HF_COREMOF_GCMC,/home/rakeyma/Tüm_çalışmalar/MOF Radyoaktif Gaz Adsorpsiyonu/data/processed/augmented_cif/finetune_000052_v05.cif,Zn6H6C23N4O17,True,0.04455498111779225,2,,-NH2,0.10924749451274654,"functional,defect,noise",False,True,0.18482088952461675,0.23120159489216963,3.0366969631460996e+25,3.798754474612965e+25,3.300446427036916,1.815245534870304,1.2509494759323476,56,5,8.714285714285714,0.6875,0.6263098274815748,0.10714285714285714
finetune_000052_v06,finetune_000052,ZnHC4O3,HF_COREMOF_GCMC,/home/rakeyma/Tüm_çalışmalar/MOF Radyoaktif Gaz Adsorpsiyonu/data/processed/augmented_cif/finetune_000052_v06.cif,Zn6H6C23O15,True,0.14792938770387293,7,,-CH3,0.13683181111006032,"defect,functional,noise",False,True,0.2630519712128614,0.3001784570952264,4.322071623972441e+25,4.932077815487107e+25,3.760685671004586,2.0683771190525224,1.1411374555042673,50,4,8.88,0.6940000000000001,0.6504229393248673,0.12
finetune_000053_v00,finetune_000053,Ho(CO2)4,HF_COREMOF_GCMC,/home/rakeyma/Tüm_çalışmalar/MOF Radyoaktif Gaz Adsorpsiyonu/data/processed/augmented_cif/finetune_000053_v00.cif,Ho(CO2)4,False,0.0,0,,,0.0,none,False,False,0.14997836171222506,0.25281674030478984,2.4414133620380375e+25,4.115461463109865e+25,4.837021143375599,2.6603616288565797,1.6856881047273249,52,3,11.923076923076923,0.7192307692307693,0.9079035680560402,0.07692307692307693
finetune_000053_v01,finetune_000053,Ho(CO2)4,HF_COREMOF_GCMC,/home/rakeyma/Tüm_çalışmalar/MOF Radyoaktif Gaz Adsorpsiyonu/data/processed/augmented_cif/finetune_000053_v01.cif,Ho2C7O15,True,0.08884825296921703,4,,,0.09697387261515289,"defect,substitution,noise",False,False,0.18890153342728747,0.3053498028543554,3.0750217734993583e+25,4.97061762959328e+25,5.315864397750812,2.923725418762947,1.6164495719770933,48,3,12.333333333333334,0.7250000000000001,0.9079035680560402,0.08333333333333333
finetune_000053_v02,finetune_000053,Ho(CO2)4,HF_COREMOF_GCMC,/home/rakeyma/Tüm_çalışmalar/MOF Radyoaktif Gaz Adsorpsiyonu/data/processed/augmented_cif/finetune_000053_v02.cif,Ho2C8NO16,True,0.0,0,,-NH2,0.12655221002597972,"substitution,functional,noise",False,True,0.13346213653976627,0.22959644159866344,2.172555025634546e+25,3.7374712858306406e+25,4.609540641960254,2.5352473530781396,1.7203114497590337,54,4,11.74074074074074,0.7166666666666667,0.8327214420200791,0.07407407407407407
finetune_000053_v03,finetune_000053,Ho(CO2)4,HF_COREMOF_GCMC,/home/rakeyma/Tüm_çalışmalar/MOF Radyoaktif Gaz Adsorpsiyonu/data/processed/augmented_cif/finetune_000053_v03.cif,Ho4(CO2)15,True,0.0718298802199788,3,,,0.07777849197938505,"noise,defect",False,False,0.17779272034406834,0.2900322468752746,2.8941876559098254e+25,4.7212717545339914e+25,5.180816563798043,2.849449110088924,1.6312942752324049,49,3,12.204081632653061,0.7244897959183675,0.9079035680560402,0.08163265306122448
finetune_000053_v04,finetune_000053,Ho(CO2)4,HF_COREMOF_GCMC,/home/rakeyma/Tüm_çalışmalar/MOF Radyoaktif Gaz Adsorpsiyonu/data/processed/augmented_cif/finetune_000053_v04.cif,Ho4C12O31,True,0.14439659526894588,6,,-CH3,0.11892675057288085,"defect,functional,noise",False,True,0.20232114110775662,0.3250359395168151,3.2934720161234923e+25,5.291077171529444e+25,5.484547018762802,3.0165008603195416,1.6065347285862743,47,3,12.51063829787234,0.7234042553191492,0.9079035680560402,0.0851063829787234
finetune_000053_v05,finetune_000053,Ho(CO2)4,HF_COREMOF_GCMC,/home/rakeyma/Tüm_çalışmalar/MOF Radyoaktif Gaz Adsorpsiyonu/data/processed/augmented_cif/finetune_000053_v05.cif,Ho4C15(NO14)2,True,0.12024940876237122,5,,-NH2,0.1243210559955009,"defect,functional,noise",False,True,0.17751813308073225,0.2887098987605522,2.889717804351901e+25,4.699745993619601e+25,5.168992586070911,2.8429459223390015,1.6263684940245053,49,4,12.16326530612245,0.726530612244898,0.8327214420200791,0.08163265306122448
finetune_000053_v06,finetune_000053,Ho(CO2)4,HF_COREMOF_GCMC,/home/rakeyma/Tüm_çalışmalar/MOF Radyoaktif Gaz Adsorpsiyonu/data/processed/augmented_cif/finetune_000053_v06.cif,Ho(CO2)4,True,0.0,0,,,0.03944941329870279,noise,False,False,0.14997836171222506,0.25281674030478984,2.4414133620380375e+25,4.115461463109865e+25,4.837021143375599,2.6603616288565797,1.6856881047273249,52,3,11.923076923076923,0.7192307692307693,0.9079035680560402,0.07692307692307693
finetune_000054_v00,finetune_000054,CoPC3NO3,HF_COREMOF_GCMC,/home/rakeyma/Tüm_çalışmalar/MOF Radyoaktif Gaz Adsorpsiyonu/data/processed/augmented_cif/finetune_000054_v00.cif,CoPC3NO3,False,0.0,0,,,0.0,none,False,False,0.18989651439432215,0.24830970135903974,2.900170840812462e+25,3.7922789560895155e+25,3.13185845514548,1.722522150330014,1.3076053668021625,54,5,10.11111111111111,0.7666666666666667,0.5632406235349152,0.1111111111111111
finetune_000054_v01,finetune_000054,CoPC3NO3,HF_COREMOF_GCMC,/home/rakeyma/Tüm_çalışmalar/MOF Radyoaktif Gaz Adsorpsiyonu/data/processed/augmented_cif/finetune_000054_v01.cif,Mn6P6C18N5O13,True,0.17241787416192758,9,Mn,-CH3,0.1295408521516972,"functional,substitution,defect,noise",False,True,0.25603573541483576,0.2997680539402,3.910273847966339e+25,4.578170230334988e+25,3.441105250715818,1.8926078878937,1.1708055262462014,48,5,10.145833333333334,0.7927083333333332,0.6575287065976663,0.125
finetune_000054_v02,finetune_000054,CoPC3NO3,HF_COREMOF_GCMC,/home/rakeyma/Tüm_çalışmalar/MOF Radyoaktif Gaz Adsorpsiyonu/data/processed/augmented_cif/finetune_000054_v02.cif,Mn5P5C18(NO3)6,True,0.05475610683511691,2,Mn,,0.03603933466105061,"substitution,defect,noise",False,False,0.23705775845887736,0.27977287472315815,3.620435060978433e+25,4.272796348633986e+25,3.324360280315038,1.828398154173271,1.180188644919169,52,5,9.5,0.7557692307692309,0.6575287065976663,0.09615384615384616
finetune_000054_v03,finetune_000054,CoPC3NO3,HF_COREMOF_GCMC,/home/rakeyma/Tüm_çalışmalar/MOF Radyoaktif Gaz Adsorpsiyonu/data/processed/augmented_cif/finetune_000054_v03.cif,NiPC3NO3,True,0.0,0,Ni,,0.09306848429499853,"noise,substitution",False,False,0.19490492764759523,0.2545335588094896,2.9766612078010803e+25,3.887332043044478e+25,3.1708653986860393,1.7439759692773218,1.3059370118630762,54,5,10.222222222222221,0.7666666666666667,0.5554313638965664,0.1111111111111111
finetune_000054_v04,finetune_000054,CoPC3NO3,HF_COREMOF_GCMC,/home/rakeyma/Tüm_çalışmalar/MOF Radyoaktif Gaz Adsorpsiyonu/data/processed/augmented_cif/finetune_000054_v04.cif,Mn5P6C16(N3O8)2,True,0.09881563528684773,5,Mn,,0.05010664282831403,"substitution,noise,defect",False,False,0.2710345357036406,0.31200019687093417,4.1393411554074596e+25,4.764984108206915e+25,3.510611054594779,1.9308360800271285,1.1511455396668966,49,5,9.816326530612244,0.7693877551020407,0.6575287065976663,0.10204081632653061
finetune_000054_v05,finetune_000054,CoPC3NO3,HF_COREMOF_GCMC,/home/rakeyma/Tüm_çalışmalar/MOF Radyoaktif Gaz Adsorpsiyonu/data/processed/augmented_cif/finetune_000054_v05.cif,Mn2P2C6(NO2)3,True,0.0,0,Mn,-NH2,0.04772412227312722,"noise,functional,substitution",False,True,0.1541820354719756,0.20483618158797023,2.354725914159833e+25,3.128335045430196e+25,2.844517550841841,1.5644846529630128,1.328534682791898,57,5,9.736842105263158,0.7657894736842105,0.6575287065976663,0.10526315789473684
finetune_000054_v06,finetune_000054,CoPC3NO3,HF_COREMOF_GCMC,/home/rakeyma/Tüm_çalışmalar/MOF Radyoaktif Gaz Adsorpsiyonu/data/processed/augmented_cif/finetune_000054_v06.cif,Co6P6C19(N3O7)2,True,0.1277420055379635,6,,-CH3,0.10910852918983778,"noise,functional,defect",False,True,0.22049461998171632,0.275027989347705,3.367476593588905e+25,4.200330678304137e+25,3.2960495276195863,1.8128272401907726,1.2473229023479606,51,5,10.196078431372548,0.7784313725490196,0.5632406235349152,0.11764705882352941
finetune_000055_v00,finetune_000055,ZnHC4O3,HF_COREMOF_GCMC,/home/rakeyma/Tüm_çalışmalar/MOF Radyoaktif Gaz Adsorpsiyonu/data/processed/augmented_cif/finetune_000055_v00.cif,ZnHC4O3,False,0.0,0,,,0.0,none,False,False,0.20687860416176837,0.2515640963015523,3.3991159257691533e+25,4.133320260715269e+25,3.442719217267522,1.8934955694971374,1.2159986158106626,54,4,8.777777777777779,0.688888888888889,0.6504229393248673,0.1111111111111111
finetune_000055_v01,finetune_000055,ZnHC4O3,HF_COREMOF_GCMC,/home/rakeyma/Tüm_çalışmalar/MOF Radyoaktif Gaz Adsorpsiyonu/data/processed/augmented_cif/finetune_000055_v01.cif,CdHC4O3,True,0.0,0,Cd,,0.1329291923982317,"substitution,noise",False,False,0.13348373070887465,0.2092769751769521,2.1932025146922683e+25,3.4385223261876294e+25,3.140060383156128,1.7270332107358703,1.5678088562971093,54,4,10.777777777777779,0.7111111111111112,0.6380830666927308,0.1111111111111111
finetune_000055_v02,finetune_000055,ZnHC4O3,HF_COREMOF_GCMC,/home/rakeyma/Tüm_çalışmalar/MOF Radyoaktif Gaz Adsorpsiyonu/data/processed/augmented_cif/finetune_000055_v02.cif,Cd3H3C12N2O9,True,0.0,0,Cd,-NH2,0.14567633025259336,"noise,functional,substitution",False,True,0.09916490711518057,0.16240260072929502,1.6293275779696167e+25,2.6683535920109967e+25,2.766137502448128,1.5213756263464706,1.6377023430341493,58,5,10.517241379310345,0.7068965517241378,0.6145762767956472,0.10344827586206896
finetune_000055_v03,finetune_000055,ZnHC4O3,HF_COREMOF_GCMC,/home/rakeyma/Tüm_çalışmalar/MOF Radyoaktif Gaz Adsorpsiyonu/data/processed/augmented_cif/finetune_000055_v03.cif,Zn6H5C23(NO5)3,True,0.12453755927549451,5,,-NH2,0.14453821465369382,"defect,functional,noise",False,True,0.2257914438496031,0.26921117563109465,3.709863065836711e+25,4.423270343448108e+25,3.5614251160773414,1.958783813842538,1.1923001644403006,52,5,8.923076923076923,0.6999999999999998,0.6263098274815748,0.11538461538461539
finetune_000055_v04,finetune_000055,ZnHC4O3,HF_COREMOF_GCMC,/home/rakeyma/Tüm_çalışmalar/MOF Radyoaktif Gaz Adsorpsiyonu/data/processed/augmented_cif/finetune_000055_v04.cif,Zn6H6C22O13,True,0.1553573273390947,7,,,0.054206055606357106,"defect,noise",False,False,0.3109284816415436,0.33774157401120064,5.108705938950388e+25,5.5492580669101905e+25,3.9890505183294453,2.193977785081195,1.0862355620433923,47,4,8.97872340425532,0.6978723404255321,0.6504229393248673,0.1276595744680851
finetune_000055_v05,finetune_000055,ZnHC4O3,HF_COREMOF_GCMC,/home/rakeyma/Tüm_çalışmalar/MOF Radyoaktif Gaz Adsorpsiyonu/data/processed/augmented_cif/finetune_000055_v05.cif,Zn6H5C19O16,True,0.17864203472542683,8,,,0.1124177922612544,"defect,noise",False,False,0.3228987467095836,0.3551582292314359,5.305383206729305e+25,5.835422169634123e+25,4.0906113198997005,2.2498362259448355,1.0999058771537031,46,4,9.282608695652174,0.7010869565217392,0.6504229393248673,0.13043478260869565
finetune_000055_v06,finetune_000055,ZnHC4O3,HF_COREMOF_GCMC,/home/rakeyma/Tüm_çalışmalar/MOF Radyoaktif Gaz Adsorpsiyonu/data/processed/augmented_cif/finetune_000055_v06.cif,Mg6H6C23N4O17,True,0.048280554557822014,2,Mg,-NH2,0.06594512645404793,"functional,defect,substitution,noise",False,True,0.30400864683595663,0.28676703945140636,4.995009692851541e+25,4.7117217110704156e+25,3.675715513089272,2.0216435321990995,0.9432857993876278,56,5,6.785714285714286,0.7035714285714286,0.7325953862808582,0.10714285714285714
finetune_000056_v00,finetune_000056,ErH4(CO2)4,HF_COREMOF_GCMC,/home/rakeyma/Tüm_çalışmalar/MOF Radyoaktif Gaz Adsorpsiyonu/data/processed/augmented_cif/finetune_000056_v00.cif,ErH4(CO2)4,False,0.0,0,,,0.0,none,False,False,0.023600667038622233,0.05,9.4800095235009e+24,2.008419827284324e+25,1.5,1.2,2.1185841873950237,34,4,9.411764705882353,0.6088235294117648,0.7877935960643498,0.058823529411764705
finetune_000056_v01,finetune_000056,ErH4(CO2)4,HF_COREMOF_GCMC,/home/rakeyma/Tüm_çalışmalar/MOF Radyoaktif Gaz Adsorpsiyonu/data/processed/augmented_cif/finetune_000056_v01.cif,Er2H8C8NO16,True,0.0,0,,-NH2,0.11712969379929962,"functional,substitution,defect,noise",False,True,0.023134201463416715,0.05,9.292637781503227e+24,2.0084198272843235e+25,1.5,1.2,2.1613021776034733,35,5,9.342857142857143,0.61,0.7556612997897934,0.05714285714285714
finetune_000056_v02,finetune_000056,ErH4(CO2)4,HF_COREMOF_GCMC,/home/rakeyma/Tüm_çalışmalar/MOF Radyoaktif Gaz Adsorpsiyonu/data/processed/augmented_cif/finetune_000056_v02.cif,Er2H7C8O15,True,0.10471725484005671,3,,-CH3,0.060549056194535544,"defect,substitution,functional,noise",False,True,0.02419298528836083,0.05,9.717934266868369e+24,2.0084198272843243e+25,1.5,1.2,2.06671476893159,32,4,9.71875,0.6203125,0.7877935960643498,0.0625
finetune_000056_v03,finetune_000056,ErH4(CO2)4,HF_COREMOF_GCMC,/home/rakeyma/Tüm_çalışmalar/MOF Radyoaktif Gaz Adsorpsiyonu/data/processed/augmented_cif/finetune_000056_v03.cif,ErH4(CO2)4,True,0.0,0,,,0.11848293922856841,"substitution,noise",False,False,0.023600667038622233,0.05,9.4800095235009e+24,2.008419827284324e+25,1.5,1.2,2.1185841873950237,34,4,9.411764705882353,0.6088235294117648,0.7877935960643498,0.058823529411764705
finetune_000056_v04,finetune_000056,ErH4(CO2)4,HF_COREMOF_GCMC,/home/rakeyma/Tüm_çalışmalar/MOF Radyoaktif Gaz Adsorpsiyonu/data/processed/augmented_cif/finetune_000056_v04.cif,Er2H8C8NO16,True,0.0,0,,-NH2,0.10357538433894165,"noise,functional",False,True,0.023134201463416715,0.05,9.292637781503227e+24,2.0084198272843235e+25,1.5,1.2,2.1613021776034733,35,5,9.342857142857143,0.61,0.7556612997897934,0.05714285714285714
finetune_000056_v05,finetune_000056,ErH4(CO2)4,HF_COREMOF_GCMC,/home/rakeyma/Tüm_çalışmalar/MOF Radyoaktif Gaz Adsorpsiyonu/data/processed/augmented_cif/finetune_000056_v05.cif,Er2H8C9O14,True,0.07095028616943974,2,,-CH3,0.10729971016131118,"defect,noise,functional",False,True,0.024299872425513323,0.05,9.760869115976114e+24,2.008419827284324e+25,1.5,1.2,2.0576239712066626,33,4,9.393939393939394,0.6121212121212121,0.7877935960643498,0.06060606060606061
finetune_000056_v06,finetune_000056,ErH4(CO2)4,HF_COREMOF_GCMC,/home/rakeyma/Tüm_çalışmalar/MOF Radyoaktif Gaz Adsorpsiyonu/data/processed/augmented_cif/finetune_000056_v06.cif,ErH4(CO2)4,True,0.0,0,,,0.14492809828135875,"noise,substitution,defect",False,False,0.023600667038622233,0.05,9.4800095235009e+24,2.008419827284324e+25,1.5,1.2,2.1185841873950237,34,4,9.411764705882353,0.6088235294117648,0.7877935960643498,0.058823529411764705
finetune_000057_v00,finetune_000057,CrH5C8O5,HF_COREMOF_GCMC,/home/rakeyma/Tüm_çalışmalar/MOF Radyoaktif Gaz Adsorpsiyonu/data/processed/augmented_cif/finetune_000057_v00.cif,CrH5C8O5,False,0.0,0,,,0.0,none,False,False,0.17789152380917048,0.18534084844974164,5.2356922155067925e+25,5.454940272953646e+25,2.9326498508797854,1.6129574179838821,1.0418756581598696,38,4,6.157894736842105,0.5921052631578949,0.647316576336494,0.05263157894736842
finetune_000057_v01,finetune_000057,CrH5C8O5,HF_COREMOF_GCMC,/home/rakeyma/Tüm_çalışmalar/MOF Radyoaktif Gaz Adsorpsiyonu/data/processed/augmented_cif/finetune_000057_v01.cif,Cr2H10C17O8,True,0.08468686362680661,3,,-CH3,0.034296250299888344,"functional,noise,defect",False,True,0.19779039325077213,0.19723841325950575,5.8213544977892326e+25,5.805108657169591e+25,3.025313527635608,1.6639224401995845,0.9972092679417116,37,4,6.054054054054054,0.5945945945945946,0.647316576336494,0.05405405405405406
finetune_000057_v02,finetune_000057,CrH5C8O5,HF_COREMOF_GCMC,/home/rakeyma/Tüm_çalışmalar/MOF Radyoaktif Gaz Adsorpsiyonu/data/processed/augmented_cif/finetune_000057_v02.cif,Cr2H9C15NO8,True,0.13297797467505212,5,,-NH2,0.04219710384075931,"noise,functional,defect",False,True,0.24588170012949806,0.23913901783493563,7.236774837482301e+25,7.038324633417794e+25,3.3311934960936527,1.832156422851509,0.9725775350869492,35,5,6.228571428571429,0.6,0.6233586447623871,0.05714285714285714
finetune_000057_v03,finetune_000057,CrH5C8O5,HF_COREMOF_GCMC,/home/rakeyma/Tüm_çalışmalar/MOF Radyoaktif Gaz Adsorpsiyonu/data/processed/augmented_cif/finetune_000057_v03.cif,Cr2H9(C5O3)3,True,0.08949271108368506,3,,,0.14908957320561128,"defect,noise",False,False,0.24598457954758446,0.24033444176639074,7.239802778088333e+25,7.073508275887819e+25,3.3395092118953342,1.836730066542434,0.9770305204025981,35,4,6.257142857142857,0.5985714285714286,0.647316576336494,0.05714285714285714
finetune_000057_v04,finetune_000057,CrH5C8O5,HF_COREMOF_GCMC,/home/rakeyma/Tüm_çalışmalar/MOF Radyoaktif Gaz Adsorpsiyonu/data/processed/augmented_cif/finetune_000057_v04.cif,FeH5C8O5,True,0.0,0,Fe,,0.0962425020331581,"substitution,noise",False,False,0.17768634335945171,0.18818361545417206,5.229653357328709e+25,5.538608413834615e+25,2.955054829116316,1.625280156013974,1.0590775402107568,38,4,6.2631578947368425,0.5921052631578949,0.5968458762528228,0.05263157894736842
finetune_000057_v05,finetune_000057,CrH5C8O5,HF_COREMOF_GCMC,/home/rakeyma/Tüm_çalışmalar/MOF Radyoaktif Gaz Adsorpsiyonu/data/processed/augmented_cif/finetune_000057_v05.cif,Cr2H9(C8O5)2,True,0.04294028470910526,1,,,0.14764567245602594,"noise,defect",False,False,0.18549383792066373,0.19284370958686736,5.459443049504264e+25,5.675764013222561e+25,2.9914198960018137,1.6452809428009976,1.0396232659186617,37,4,6.297297297297297,0.6013513513513515,0.647316576336494,0.05405405405405406
finetune_000057_v06,finetune_000057,CrH5C8O5,HF_COREMOF_GCMC,/home/rakeyma/Tüm_çalışmalar/MOF Radyoaktif Gaz Adsorpsiyonu/data/processed/augmented_cif/finetune_000057_v06.cif,AlH5C9O5,True,0.0,0,Al,-CH3,0.13534437547827205,"substitution,functional,noise",False,True,0.16088867146909944,0.15827544094025436,4.735265327636534e+25,4.658352889965383e+25,2.7100755953851743,1.490541577461846,0.9837575231059883,40,4,5.6,0.5900000000000001,0.6629856710367125,0.05
finetune_000058_v00,finetune_000058,ZnCrH18C14(N2O)2,HF_COREMOF_GCMC,/home/rakeyma/Tüm_çalışmalar/MOF Radyoaktif Gaz Adsorpsiyonu/data/processed/augmented_cif/finetune_000058_v00.cif,ZnCrH18C14(N2O)2,False,0.0,0,,,0.0,none,False,False,0.09604547402800646,0.10185166600708184,3.4245074118772756e+25,3.6315275517469388e+25,2.2145268798608373,1.2179897839234606,1.0604525308228716,40,6,5.0,0.52125,0.6658995586589784,0.05
finetune_000058_v01,finetune_000058,ZnCrH18C14(N2O)2,HF_COREMOF_GCMC,/home/rakeyma/Tüm_çalışmalar/MOF Radyoaktif Gaz Adsorpsiyonu/data/processed/augmented_cif/finetune_000058_v01.cif,CrCoH18C14(N2O)2,True,0.0,0,Co,,0.03454240437369488,"substitution,noise",False,False,0.09844962550536264,0.10267523903544573,3.5102275838770646e+25,3.6608920998258208e+25,2.2234621906308685,1.2229042048469778,1.0429215805381902,40,6,4.925,0.52125,0.6256840700829417,0.05
finetune_000058_v02,finetune_000058,ZnCrH18C14(N2O)2,HF_COREMOF_GCMC,/home/rakeyma/Tüm_çalışmalar/MOF Radyoaktif Gaz Adsorpsiyonu/data/processed/augmented_cif/finetune_000058_v02.cif,CrCoH18C14(N2O)2,True,0.0,0,Co,,0.1237540161536818,"substitution,noise",False,False,0.09844962550536264,0.10267523903544573,3.5102275838770646e+25,3.6608920998258208e+25,2.2234621906308685,1.2229042048469778,1.0429215805381902,40,6,4.925,0.52125,0.6256840700829417,0.05
finetune_000058_v03,finetune_000058,ZnCrH18C14(N2O)2,HF_COREMOF_GCMC,/home/rakeyma/Tüm_çalışmalar/MOF Radyoaktif Gaz Adsorpsiyonu/data/processed/augmented_cif/finetune_000058_v03.cif,ZnCrH18C13N4O,True,0.05764350574570219,2,,,0.06089525151736897,"defect,noise",False,False,0.1618726739450533,0.15938389739774095,5.771580361439907e+25,5.6828428772530695e+25,2.77025092574551,1.5236380091600306,0.9846250976977302,38,6,4.894736842105263,0.5144736842105262,0.6658995586589784,0.05263157894736842
finetune_000058_v04,finetune_000058,ZnCrH18C14(N2O)2,HF_COREMOF_GCMC,/home/rakeyma/Tüm_çalışmalar/MOF Radyoaktif Gaz Adsorpsiyonu/data/processed/augmented_cif/finetune_000058_v04.cif,CrCdH16C13(N2O)2,True,0.07637239708687354,3,Cd,,0.11741840310193462,"substitution,defect,noise",False,False,0.12027814390666997,0.13828640539372994,4.288524779159573e+25,4.930610474103183e+25,2.5803976123460104,1.4192186867903058,1.1497218106477727,37,6,5.675675675675675,0.5364864864864864,0.6582805886043833,0.05405405405405406
finetune_000058_v05,finetune_000058,ZnCrH18C14(N2O)2,HF_COREMOF_GCMC,/home/rakeyma/Tüm_çalışmalar/MOF Radyoaktif Gaz Adsorpsiyonu/data/processed/augmented_cif/finetune_000058_v05.cif,ZnCrH18C14(N3O)2,True,0.0,0,,-NH2,0.03521721751753127,"functional,noise",False,True,0.044875623678511306,0.050991672955634004,1.6000431821999837e+25,1.8181113035026701e+25,1.566918895838908,1.2,1.136288897530161,42,6,5.095238095238095,0.5273809523809524,0.6658995586589784,0.047619047619047616
finetune_000058_v06,finetune_000058,ZnCrH18C14(N2O)2,HF_COREMOF_GCMC,/home/rakeyma/Tüm_çalışmalar/MOF Radyoaktif Gaz Adsorpsiyonu/data/processed/augmented_cif/finetune_000058_v06.cif,ZnCrH16C12N5O,True,0.15102391548615346,6,,-NH2,0.14903547029246578,"functional,defect,noise",False,True,0.1885926150765813,0.1856828723553129,6.72428154154091e+25,6.620534481968545e+25,2.9900800153820177,1.64454400846011,0.984571279633156,36,6,5.138888888888889,0.5277777777777777,0.6658995586589784,0.05555555555555555
finetune_000059_v00,finetune_000059,Ho(CO2)4,HF_COREMOF_GCMC,/home/rakeyma/Tüm_çalışmalar/MOF Radyoaktif Gaz Adsorpsiyonu/data/processed/augmented_cif/finetune_000059_v00.cif,Ho(CO2)4,False,0.0,0,,,0.0,none,False,False,0.14997836171222506,0.25281674030478984,2.4414133620380375e+25,4.115461463109865e+25,4.837021143375599,2.6603616288565797,1.6856881047273249,52,3,11.923076923076923,0.7192307692307693,0.9079035680560402,0.07692307692307693
finetune_000059_v01,finetune_000059,Ho(CO2)4,HF_COREMOF_GCMC,/home/rakeyma/Tüm_çalışmalar/MOF Radyoaktif Gaz Adsorpsiyonu/data/processed/augmented_cif/finetune_000059_v01.cif,Ho(CO2)4,True,0.0,0,,,0.05010744492799982,"noise,substitution",False,False,0.14997836171222506,0.25281674030478984,2.4414133620380375e+25,4.115461463109865e+25,4.837021143375599,2.6603616288565797,1.6856881047273249,52,3,11.923076923076923,0.7192307692307693,0.9079035680560402,0.07692307692307693
finetune_000059_v02,finetune_000059,Ho(CO2)4,HF_COREMOF_GCMC,/home/rakeyma/Tüm_çalışmalar/MOF Radyoaktif Gaz Adsorpsiyonu/data/processed/augmented_cif/finetune_000059_v02.cif,Ho4C17O27,True,0.13207946724930375,6,,-CH3,0.12617558385987326,"defect,functional,noise",False,True,0.18246323326669153,0.29224406080421905,2.9702163078212436e+25,4.757276628962664e+25,5.200533747673402,2.8602935612203715,1.6016599923836157,48,3,12.208333333333334,0.7312500000000002,0.9079035680560402,0.08333333333333333
finetune_000059_v03,finetune_000059,Ho(CO2)4,HF_COREMOF_GCMC,/home/rakeyma/Tüm_çalışmalar/MOF Radyoaktif Gaz Adsorpsiyonu/data/processed/augmented_cif/finetune_000059_v03.cif,Ho(CO2)4,True,0.0,0,,,0.059137130515443885,"substitution,defect,noise",False,False,0.14997836171222506,0.25281674030478984,2.4414133620380375e+25,4.115461463109865e+25,4.837021143375599,2.6603616288565797,1.6856881047273249,52,3,11.923076923076923,0.7192307692307693,0.9079035680560402,0.07692307692307693
finetune_000059_v04,finetune_000059,Ho(CO2)4,HF_COREMOF_GCMC,/home/rakeyma/Tüm_çalışmalar/MOF Radyoaktif Gaz Adsorpsiyonu/data/processed/augmented_cif/finetune_000059_v04.cif,Ho4C15O28,True,0.15034996691637137,7,,-CH3,0.05814291115731032,"functional,noise,defect",False,True,0.19596742459938246,0.3119301974666786,3.1900434401272395e+25,5.077736170898825e+25,5.372838445964598,2.9550611452805295,1.5917451489927963,47,3,12.382978723404255,0.7297872340425534,0.9079035680560402,0.0851063829787234
finetune_000059_v05,finetune_000059,Ho(CO2)4,HF_COREMOF_GCMC,/home/rakeyma/Tüm_çalışmalar/MOF Radyoaktif Gaz Adsorpsiyonu/data/processed/augmented_cif/finetune_000059_v05.cif,Ho(CO2)4,True,0.0,0,,,0.08556391448431327,noise,False,False,0.14997836171222506,0.25281674030478984,2.4414133620380375e+25,4.115461463109865e+25,4.837021143375599,2.6603616288565797,1.6856881047273249,52,3,11.923076923076923,0.7192307692307693,0.9079035680560402,0.07692307692307693
finetune_000059_v06,finetune_000059,Ho(CO2)4,HF_COREMOF_GCMC,/home/rakeyma/Tüm_çalışmalar/MOF Radyoaktif Gaz Adsorpsiyonu/data/processed/augmented_cif/finetune_000059_v06.cif,Ho4C17O28,True,0.12448333240139402,5,,-CH3,0.0716747291903787,"defect,substitution,functional,noise",False,True,0.17348531555205512,0.281295085508517,2.8240698369466746e+25,4.579044420780246e+25,5.102184327455683,2.8062013801006263,1.6214345555034197,49,3,12.122448979591837,0.7285714285714286,0.9079035680560402,0.08163265306122448
finetune_000060_v00,finetune_000060,MgH6C8S2(NO)4,HF_COREMOF_GCMC,/home/rakeyma/Tüm_çalışmalar/MOF Radyoaktif Gaz Adsorpsiyonu/data/processed/augmented_cif/finetune_000060_v00.cif,MgH6C8S2(NO)4,False,0.0,0,,,0.0,none,False,False,0.3052292661117404,0.28763886436227715,6.098681039384603e+25,5.747213268973177e+25,4.079784268198212,2.2438813475090167,0.9423698717572395,50,6,6.32,0.6240000000000001,0.6693031201680346,0.04
finetune_000060_v01,finetune_000060,MgH6C8S2(NO)4,HF_COREMOF_GCMC,/home/rakeyma/Tüm_çalışmalar/MOF Radyoaktif Gaz Adsorpsiyonu/data/processed/augmented_cif/finetune_000060_v01.cif,MgH10C16S4(NO)8,True,0.07557358608482509,3,,,0.10896419040343222,"defect,noise,substitution",False,False,0.3519793634535594,0.3176401685075124,7.032778663377054e+25,6.346659013734674e+25,4.287272864105033,2.358000075257768,0.902439749282126,47,6,6.425531914893617,0.6212765957446811,0.6693031201680346,0.02127659574468085
finetune_000060_v02,finetune_000060,MgH6C8S2(NO)4,HF_COREMOF_GCMC,/home/rakeyma/Tüm_çalışmalar/MOF Radyoaktif Gaz Adsorpsiyonu/data/processed/augmented_cif/finetune_000060_v02.cif,MgH6C8S2(NO)4,True,0.0,0,,,0.11403852706928125,noise,False,False,0.3052292661117404,0.28763886436227715,6.098681039384603e+25,5.747213268973177e+25,4.079784268198212,2.2438813475090167,0.9423698717572395,50,6,6.32,0.6240000000000001,0.6693031201680346,0.04
finetune_000060_v03,finetune_000060,MgH6C8S2(NO)4,HF_COREMOF_GCMC,/home/rakeyma/Tüm_çalışmalar/MOF Radyoaktif Gaz Adsorpsiyonu/data/processed/augmented_cif/finetune_000060_v03.cif,MgH6C9S2(NO)4,True,0.0,0,,-CH3,0.0850144279114802,"functional,noise",False,True,0.25544894602489887,0.2500363827253659,5.104037576404957e+25,4.995891009760701e+25,3.803776753323184,2.0920772143277513,0.9788115653489311,52,6,6.3076923076923075,0.6269230769230769,0.6693031201680346,0.038461538461538464
finetune_000060_v04,finetune_000060,MgH6C8S2(NO)4,HF_COREMOF_GCMC,/home/rakeyma/Tüm_çalışmalar/MOF Radyoaktif Gaz Adsorpsiyonu/data/processed/augmented_cif/finetune_000060_v04.cif,MgH6C8S2N5O4,True,0.0,0,,-NH2,0.12377364551265141,"functional,substitution,noise",False,True,0.2631191689274218,0.2591375532884622,5.257293663474752e+25,5.177738370128306e+25,3.8723855711113764,2.129812064111257,0.9848676337220499,52,6,6.346153846153846,0.625,0.6693031201680346,0.038461538461538464
finetune_000060_v05,finetune_000060,MgH6C8S2(NO)4,HF_COREMOF_GCMC,/home/rakeyma/Tüm_çalışmalar/MOF Radyoaktif Gaz Adsorpsiyonu/data/processed/augmented_cif/finetune_000060_v05.cif,MgH6C8S2(NO)4,True,0.0,0,,,0.11189903917080976,"substitution,noise",False,False,0.3052292661117404,0.28763886436227715,6.098681039384603e+25,5.747213268973177e+25,4.079784268198212,2.2438813475090167,0.9423698717572395,50,6,6.32,0.6240000000000001,0.6693031201680346,0.04
finetune_000060_v06,finetune_000060,MgH6C8S2(NO)4,HF_COREMOF_GCMC,/home/rakeyma/Tüm_çalışmalar/MOF Radyoaktif Gaz Adsorpsiyonu/data/processed/augmented_cif/finetune_000060_v06.cif,MgH6C8S2(NO)4,True,0.0,0,,,0.09165087564659709,"substitution,noise",False,False,0.3052292661117404,0.28763886436227715,6.098681039384603e+25,5.747213268973177e+25,4.079784268198212,2.2438813475090167,0.9423698717572395,50,6,6.32,0.6240000000000001,0.6693031201680346,0.04
finetune_000061_v00,finetune_000061,MgPHCO6,HF_COREMOF_GCMC,/home/rakeyma/Tüm_çalışmalar/MOF Radyoaktif Gaz Adsorpsiyonu/data/processed/augmented_cif/finetune_000061_v00.cif,MgPHCO6,False,0.0,0,,,0.0,none,False,False,0.09183493617924217,0.13499857555114858,2.705562218012952e+25,3.977212384444526e+25,1.9888527039069894,1.2,1.4700132778190231,40,5,8.2,0.7050000000000001,0.6865974075103983,0.1
finetune_000061_v01,finetune_000061,MgPHCO6,HF_COREMOF_GCMC,/home/rakeyma/Tüm_çalışmalar/MOF Radyoaktif Gaz Adsorpsiyonu/data/processed/augmented_cif/finetune_000061_v01.cif,MgPHCO6,True,0.0,0,,,0.04031035248560971,noise,False,False,0.09183493617924217,0.13499857555114858,2.705562218012952e+25,3.977212384444526e+25,1.9888527039069894,1.2,1.4700132778190231,40,5,8.2,0.7050000000000001,0.6865974075103983,0.1
finetune_000061_v02,finetune_000061,MgPHCO6,HF_COREMOF_GCMC,/home/rakeyma/Tüm_çalışmalar/MOF Radyoaktif Gaz Adsorpsiyonu/data/processed/augmented_cif/finetune_000061_v02.cif,Mg4P4H4C5O24,True,0.0,0,,-CH3,0.0728185573014016,"noise,functional",False,True,0.0716667256918152,0.10727646051659301,2.111383678015787e+25,3.1604871798392685e+25,1.7729245143102426,1.2,1.496879611577464,41,5,8.146341463414634,0.7048780487804879,0.6865974075103983,0.0975609756097561
finetune_000061_v03,finetune_000061,MgPHCO6,HF_COREMOF_GCMC,/home/rakeyma/Tüm_çalışmalar/MOF Radyoaktif Gaz Adsorpsiyonu/data/processed/augmented_cif/finetune_000061_v03.cif,Mg4P4H4C5O24,True,0.0,0,,-CH3,0.13568802759722695,"noise,functional",False,True,0.0716667256918152,0.10727646051659301,2.111383678015787e+25,3.1604871798392685e+25,1.7729245143102426,1.2,1.496879611577464,41,5,8.146341463414634,0.7048780487804879,0.6865974075103983,0.0975609756097561
finetune_000061_v04,finetune_000061,MgPHCO6,HF_COREMOF_GCMC,/home/rakeyma/Tüm_çalışmalar/MOF Radyoaktif Gaz Adsorpsiyonu/data/processed/augmented_cif/finetune_000061_v04.cif,Mg3P4H4(CO11)2,True,0.14969707131780918,5,,,0.0652609915301823,"noise,defect",False,False,0.20094765658192099,0.25929009994163565,5.920147713558018e+25,7.638982799940796e+25,2.756328620530722,1.515980741291897,1.2903365202267487,35,5,8.228571428571428,0.6885714285714287,0.6865974075103983,0.08571428571428572
finetune_000061_v05,finetune_000061,MgPHCO6,HF_COREMOF_GCMC,/home/rakeyma/Tüm_çalışmalar/MOF Radyoaktif Gaz Adsorpsiyonu/data/processed/augmented_cif/finetune_000061_v05.cif,Mg4P4H4C4NO24,True,0.0,0,,-NH2,0.07229585370887115,"functional,noise",False,True,0.07592276800992345,0.1139862223811291,2.2367715507929084e+25,3.3581644358796147e+25,1.827528706731475,1.2,1.5013443973253264,41,6,8.170731707317072,0.7036585365853659,0.679184560091487,0.0975609756097561
finetune_000061_v06,finetune_000061,MgPHCO6,HF_COREMOF_GCMC,/home/rakeyma/Tüm_çalışmalar/MOF Radyoaktif Gaz Adsorpsiyonu/data/processed/augmented_cif/finetune_000061_v06.cif,Mg4P4H4C4NO23,True,0.042624269168471465,1,,-NH2,0.13112418152479977,"functional,defect,noise",False,True,0.09129775792153307,0.13380196538037048,2.6897363323656955e+25,3.941958880686127e+25,1.980018615812275,1.2,1.4655558737309644,40,6,8.175,0.70625,0.679184560091487,0.1
finetune_000062_v00,finetune_000062,MgPHCO6,HF_COREMOF_GCMC,/home/rakeyma/Tüm_çalışmalar/MOF Radyoaktif Gaz Adsorpsiyonu/data/processed/augmented_cif/finetune_000062_v00.cif,MgPHCO6,False,0.0,0,,,0.0,none,False,False,0.09183493617924217,0.13499857555114858,2.705562218012952e+25,3.977212384444526e+25,1.9888527039069894,1.2,1.4700132778190231,40,5,8.2,0.7050000000000001,0.6865974075103983,0.1
finetune_000062_v01,finetune_000062,MgPHCO6,HF_COREMOF_GCMC,/home/rakeyma/Tüm_çalışmalar/MOF Radyoaktif Gaz Adsorpsiyonu/data/processed/augmented_cif/finetune_000062_v01.cif,Mg3P4H4C5O23,True,0.0685691702493463,2,,-CH3,0.056325467792418135,"functional,defect,noise",False,True,0.11111490727949584,0.15630801183872756,3.2735722101080804e+25,4.605012741318511e+25,2.140073289897674,1.2,1.4067240450964336,39,5,8.051282051282051,0.6871794871794874,0.6865974075103983,0.07692307692307693
finetune_000062_v02,finetune_000062,MgPHCO6,HF_COREMOF_GCMC,/home/rakeyma/Tüm_çalışmalar/MOF Radyoaktif Gaz Adsorpsiyonu/data/processed/augmented_cif/finetune_000062_v02.cif,MgPHCO6,True,0.0,0,,,0.04611189489186346,"noise,substitution",False,False,0.09183493617924217,0.13499857555114858,2.705562218012952e+25,3.977212384444526e+25,1.9888527039069894,1.2,1.4700132778190231,40,5,8.2,0.7050000000000001,0.6865974075103983,0.1
finetune_000062_v03,finetune_000062,MgPHCO6,HF_COREMOF_GCMC,/home/rakeyma/Tüm_çalışmalar/MOF Radyoaktif Gaz Adsorpsiyonu/data/processed/augmented_cif/finetune_000062_v03.cif,Mg4P4H4C5O24,True,0.0,0,,-CH3,0.030206595379531305,"functional,noise",False,True,0.0716667256918152,0.10727646051659301,2.111383678015787e+25,3.1604871798392685e+25,1.7729245143102426,1.2,1.496879611577464,41,5,8.146341463414634,0.7048780487804879,0.6865974075103983,0.0975609756097561
finetune_000062_v04,finetune_000062,MgPHCO6,HF_COREMOF_GCMC,/home/rakeyma/Tüm_çalışmalar/MOF Radyoaktif Gaz Adsorpsiyonu/data/processed/augmented_cif/finetune_000062_v04.cif,MgPHCO6,True,0.0,0,,,0.05674698372859763,noise,False,False,0.09183493617924217,0.13499857555114858,2.705562218012952e+25,3.977212384444526e+25,1.9888527039069894,1.2,1.4700132778190231,40,5,8.2,0.7050000000000001,0.6865974075103983,0.1
finetune_000062_v05,finetune_000062,MgPHCO6,HF_COREMOF_GCMC,/home/rakeyma/Tüm_çalışmalar/MOF Radyoaktif Gaz Adsorpsiyonu/data/processed/augmented_cif/finetune_000062_v05.cif,Mg4P4H4C5O24,True,0.0,0,,-CH3,0.14438749408635013,"functional,noise,substitution",False,True,0.0716667256918152,0.10727646051659301,2.111383678015787e+25,3.1604871798392685e+25,1.7729245143102426,1.2,1.496879611577464,41,5,8.146341463414634,0.7048780487804879,0.6865974075103983,0.0975609756097561
finetune_000062_v06,finetune_000062,MgPHCO6,HF_COREMOF_GCMC,/home/rakeyma/Tüm_çalışmalar/MOF Radyoaktif Gaz Adsorpsiyonu/data/processed/augmented_cif/finetune_000062_v06.cif,MgPHCO6,True,0.0,0,,,0.06700554826644585,noise,False,False,0.09183493617924217,0.13499857555114858,2.705562218012952e+25,3.977212384444526e+25,1.9888527039069894,1.2,1.4700132778190231,40,5,8.2,0.7050000000000001,0.6865974075103983,0.1
finetune_000063_v00,finetune_000063,EuHC6N2O5,HF_COREMOF_GCMC,/home/rakeyma/Tüm_çalışmalar/MOF Radyoaktif Gaz Adsorpsiyonu/data/processed/augmented_cif/finetune_000063_v00.cif,EuHC6N2O5,False,0.0,0,,,0.0,none,False,False,0.026663069368171966,0.05,6.59103069616188e+24,1.235984988290522e+25,2.179271850871295,1.2,1.8752529691756201,45,5,10.266666666666667,0.7066666666666668,0.768988946604566,0.06666666666666667
finetune_000063_v01,finetune_000063,EuHC6N2O5,HF_COREMOF_GCMC,/home/rakeyma/Tüm_çalışmalar/MOF Radyoaktif Gaz Adsorpsiyonu/data/processed/augmented_cif/finetune_000063_v01.cif,EuHC6N2O5,True,0.0,0,,,0.10968277743996493,"noise,substitution",False,False,0.026663069368171966,0.05,6.59103069616188e+24,1.235984988290522e+25,2.179271850871295,1.2,1.8752529691756201,45,5,10.266666666666667,0.7066666666666668,0.768988946604566,0.06666666666666667
finetune_000063_v02,finetune_000063,EuHC6N2O5,HF_COREMOF_GCMC,/home/rakeyma/Tüm_çalışmalar/MOF Radyoaktif Gaz Adsorpsiyonu/data/processed/augmented_cif/finetune_000063_v02.cif,Eu3H2C17N9O14,True,0.07307739618586095,3,,-NH2,0.09198409649283268,"functional,noise,defect",False,True,0.02632055326142579,0.05,6.506361742924683e+24,1.235984988290522e+25,2.179271850871295,1.2,1.8996561167761519,45,5,10.4,0.7155555555555555,0.768988946604566,0.06666666666666667
finetune_000063_v03,finetune_000063,EuHC6N2O5,HF_COREMOF_GCMC,/home/rakeyma/Tüm_çalışmalar/MOF Radyoaktif Gaz Adsorpsiyonu/data/processed/augmented_cif/finetune_000063_v03.cif,Eu3H3C17N5O14,True,0.08746494959952095,3,,,0.12654571100158052,"noise,defect,substitution",False,False,0.04476141158710141,0.08040908602765595,1.106488655527015e+25,1.987688465046878e+25,2.763624091358892,1.5199932502473907,1.7963929906720568,42,5,10.5,0.7107142857142857,0.768988946604566,0.07142857142857142
finetune_000063_v04,finetune_000063,EuHC6N2O5,HF_COREMOF_GCMC,/home/rakeyma/Tüm_çalışmalar/MOF Radyoaktif Gaz Adsorpsiyonu/data/processed/augmented_cif/finetune_000063_v04.cif,EuHC6N3O5,True,0.0,0,,-NH2,0.11396826703325709,"substitution,defect,functional,noise",False,True,0.025586976219699485,0.05,6.325023700659027e+24,1.2359849882905222e+25,2.179271850871295,1.2,1.954119141342886,48,5,10.0625,0.703125,0.768988946604566,0.0625
finetune_000063_v05,finetune_000063,EuHC6N2O5,HF_COREMOF_GCMC,/home/rakeyma/Tüm_çalışmalar/MOF Radyoaktif Gaz Adsorpsiyonu/data/processed/augmented_cif/finetune_000063_v05.cif,EuHC6N2O5,True,0.0,0,,,0.11446438547804773,noise,False,False,0.026663069368171966,0.05,6.59103069616188e+24,1.235984988290522e+25,2.179271850871295,1.2,1.8752529691756201,45,5,10.266666666666667,0.7066666666666668,0.768988946604566,0.06666666666666667
finetune_000063_v06,finetune_000063,EuHC6N2O5,HF_COREMOF_GCMC,/home/rakeyma/Tüm_çalışmalar/MOF Radyoaktif Gaz Adsorpsiyonu/data/processed/augmented_cif/finetune_000063_v06.cif,EuHC6N3O5,True,0.0,0,,-NH2,0.034849469420977934,"substitution,functional,noise",False,True,0.025586976219699485,0.05,6.325023700659027e+24,1.2359849882905222e+25,2.179271850871295,1.2,1.954119141342886,48,5,10.0625,0.703125,0.768988946604566,0.0625
finetune_000064_v00,finetune_000064,Ho(CO2)4,HF_COREMOF_GCMC,/home/rakeyma/Tüm_çalışmalar/MOF Radyoaktif Gaz Adsorpsiyonu/data/processed/augmented_cif/finetune_000064_v00.cif,Ho(CO2)4,False,0.0,0,,,0.0,none,False,False,0.14997836171222506,0.25281674030478984,2.4414133620380375e+25,4.115461463109865e+25,4.837021143375599,2.6603616288565797,1.6856881047273249,52,3,11.923076923076923,0.7192307692307693,0.9079035680560402,0.07692307692307693
finetune_000064_v01,finetune_000064,Ho(CO2)4,HF_COREMOF_GCMC,/home/rakeyma/Tüm_çalışmalar/MOF Radyoaktif Gaz Adsorpsiyonu/data/processed/augmented_cif/finetune_000064_v01.cif,Ho4C17O27,True,0.12665975332767393,6,,-CH3,0.09423419099199837,"defect,functional,substitution,noise",False,True,0.18246323326669153,0.29224406080421905,2.9702163078212436e+25,4.757276628962664e+25,5.200533747673402,2.8602935612203715,1.6016599923836157,48,3,12.208333333333334,0.7312500000000002,0.9079035680560402,0.08333333333333333
finetune_000064_v02,finetune_000064,Ho(CO2)4,HF_COREMOF_GCMC,/home/rakeyma/Tüm_çalışmalar/MOF Radyoaktif Gaz Adsorpsiyonu/data/processed/augmented_cif/finetune_000064_v02.cif,Ho(CO2)4,True,0.0,0,,,0.056697584680914306,"substitution,defect,noise",False,False,0.14997836171222506,0.25281674030478984,2.4414133620380375e+25,4.115461463109865e+25,4.837021143375599,2.6603616288565797,1.6856881047273249,52,3,11.923076923076923,0.7192307692307693,0.9079035680560402,0.07692307692307693
finetune_000064_v03,finetune_000064,Ho(CO2)4,HF_COREMOF_GCMC,/home/rakeyma/Tüm_çalışmalar/MOF Radyoaktif Gaz Adsorpsiyonu/data/processed/augmented_cif/finetune_000064_v03.cif,Ho(CO2)4,True,0.0,0,,,0.1138184758712595,"substitution,defect,noise",False,False,0.14997836171222506,0.25281674030478984,2.4414133620380375e+25,4.115461463109865e+25,4.837021143375599,2.6603616288565797,1.6856881047273249,52,3,11.923076923076923,0.7192307692307693,0.9079035680560402,0.07692307692307693
finetune_000064_v04,finetune_000064,Ho(CO2)4,HF_COREMOF_GCMC,/home/rakeyma/Tüm_çalışmalar/MOF Radyoaktif Gaz Adsorpsiyonu/data/processed/augmented_cif/finetune_000064_v04.cif,Ho(CO2)4,True,0.0,0,,,0.05249320163995174,"substitution,noise",False,False,0.14997836171222506,0.25281674030478984,2.4414133620380375e+25,4.115461463109865e+25,4.837021143375599,2.6603616288565797,1.6856881047273249,52,3,11.923076923076923,0.7192307692307693,0.9079035680560402,0.07692307692307693
finetune_000064_v05,finetune_000064,Ho(CO2)4,HF_COREMOF_GCMC,/home/rakeyma/Tüm_çalışmalar/MOF Radyoaktif Gaz Adsorpsiyonu/data/processed/augmented_cif/finetune_000064_v05.cif,Ho(CO2)4,True,0.0,0,,,0.10048865971359798,noise,False,False,0.14997836171222506,0.25281674030478984,2.4414133620380375e+25,4.115461463109865e+25,4.837021143375599,2.6603616288565797,1.6856881047273249,52,3,11.923076923076923,0.7192307692307693,0.9079035680560402,0.07692307692307693
finetune_000064_v06,finetune_000064,Ho(CO2)4,HF_COREMOF_GCMC,/home/rakeyma/Tüm_çalışmalar/MOF Radyoaktif Gaz Adsorpsiyonu/data/processed/augmented_cif/finetune_000064_v06.cif,Ho2C9O16,True,0.0,0,,-CH3,0.13938282198820573,"noise,functional",False,True,0.12952345876697718,0.22218162834662825,2.108439506345835e+25,3.616769712991286e+25,4.534497269418265,2.4939734981800457,1.715377511237948,54,3,11.703703703703704,0.7185185185185188,0.9079035680560402,0.07407407407407407
finetune_000065_v00,finetune_000065,MnHC3N3Cl,HF_COREMOF_GCMC,/home/rakeyma/Tüm_çalışmalar/MOF Radyoaktif Gaz Adsorpsiyonu/data/processed/augmented_cif/finetune_000065_v00.cif,MnHC3N3Cl,False,0.0,0,,,0.0,none,False,False,0.24213078848637803,0.28296294032432157,3.665584283877443e+25,4.283736543611582e+25,4.435337482107187,2.4394356151589527,1.168636760707698,54,5,9.11111111111111,0.7444444444444445,0.586890108964191,0.1111111111111111
finetune_000065_v01,finetune_000065,MnHC3N3Cl,HF_COREMOF_GCMC,/home/rakeyma/Tüm_çalışmalar/MOF Radyoaktif Gaz Adsorpsiyonu/data/processed/augmented_cif/finetune_000065_v01.cif,Mn6H4C14N19Cl6,True,0.15869027146430612,7,,-NH2,0.0900431585889736,"defect,functional,substitution,noise",False,True,0.2988518345092012,0.3368650177636866,4.524276299734183e+25,5.099752586698135e+25,4.839381361293131,2.661659748711222,1.127197423154232,49,5,9.653061224489797,0.7663265306122449,0.586890108964191,0.12244897959183673
finetune_000065_v02,finetune_000065,MnHC3N3Cl,HF_COREMOF_GCMC,/home/rakeyma/Tüm_çalışmalar/MOF Radyoaktif Gaz Adsorpsiyonu/data/processed/augmented_cif/finetune_000065_v02.cif,Mn6H6C19N17Cl6,True,0.05932490003064447,3,,-CH3,0.07795617056587556,"functional,defect,substitution,noise",False,True,0.23965093751257846,0.27951507174704815,3.62804216536892e+25,4.2315397414257275e+25,4.408232641283328,2.4245279527058305,1.1663424923275225,54,5,9.092592592592593,0.7453703703703705,0.586890108964191,0.1111111111111111
finetune_000065_v03,finetune_000065,MnHC3N3Cl,HF_COREMOF_GCMC,/home/rakeyma/Tüm_çalışmalar/MOF Radyoaktif Gaz Adsorpsiyonu/data/processed/augmented_cif/finetune_000065_v03.cif,MnHC3N3Cl,True,0.0,0,,,0.03649154800982967,"substitution,noise",False,False,0.24213078848637803,0.28296294032432157,3.665584283877443e+25,4.283736543611582e+25,4.435337482107187,2.4394356151589527,1.168636760707698,54,5,9.11111111111111,0.7444444444444445,0.586890108964191,0.1111111111111111
finetune_000065_v04,finetune_000065,MnHC3N3Cl,HF_COREMOF_GCMC,/home/rakeyma/Tüm_çalışmalar/MOF Radyoaktif Gaz Adsorpsiyonu/data/processed/augmented_cif/finetune_000065_v04.cif,MnHC3N3Cl,True,0.0,0,,,0.13714266827550725,"substitution,noise",False,False,0.24213078848637803,0.28296294032432157,3.665584283877443e+25,4.283736543611582e+25,4.435337482107187,2.4394356151589527,1.168636760707698,54,5,9.11111111111111,0.7444444444444445,0.586890108964191,0.1111111111111111
finetune_000065_v05,finetune_000065,MnHC3N3Cl,HF_COREMOF_GCMC,/home/rakeyma/Tüm_çalışmalar/MOF Radyoaktif Gaz Adsorpsiyonu/data/processed/augmented_cif/finetune_000065_v05.cif,Mn2H2C6N7Cl2,True,0.0,0,,-NH2,0.09522470307440208,"substitution,functional,noise",False,True,0.20590301937063793,0.25057080762626016,3.117137132894542e+25,3.7933565581436596e+25,4.1737566803863775,2.295566174212508,1.2169360526725326,57,5,9.0,0.7394736842105263,0.586890108964191,0.10526315789473684
finetune_000065_v06,finetune_000065,MnHC3N3Cl,HF_COREMOF_GCMC,/home/rakeyma/Tüm_çalışmalar/MOF Radyoaktif Gaz Adsorpsiyonu/data/processed/augmented_cif/finetune_000065_v06.cif,MnHC3N3Cl,True,0.0,0,,,0.0450485664081374,"substitution,noise",False,False,0.24213078848637803,0.28296294032432157,3.665584283877443e+25,4.283736543611582e+25,4.435337482107187,2.4394356151589527,1.168636760707698,54,5,9.11111111111111,0.7444444444444445,0.586890108964191,0.1111111111111111
finetune_000066_v00,finetune_000066,ZnHC4O3,HF_COREMOF_GCMC,/home/rakeyma/Tüm_çalışmalar/MOF Radyoaktif Gaz Adsorpsiyonu/data/processed/augmented_cif/finetune_000066_v00.cif,ZnHC4O3,False,0.0,0,,,0.0,none,False,False,0.20687860416176837,0.2515640963015523,3.3991159257691533e+25,4.133320260715269e+25,3.442719217267522,1.8934955694971374,1.2159986158106626,54,4,8.777777777777779,0.688888888888889,0.6504229393248673,0.1111111111111111
finetune_000066_v01,finetune_000066,ZnHC4O3,HF_COREMOF_GCMC,/home/rakeyma/Tüm_çalışmalar/MOF Radyoaktif Gaz Adsorpsiyonu/data/processed/augmented_cif/finetune_000066_v01.cif,ZnHC4O3,True,0.0,0,,,0.12414036956549104,noise,False,False,0.20687860416176837,0.2515640963015523,3.3991159257691533e+25,4.133320260715269e+25,3.442719217267522,1.8934955694971374,1.2159986158106626,54,4,8.777777777777779,0.688888888888889,0.6504229393248673,0.1111111111111111
finetune_000066_v02,finetune_000066,ZnHC4O3,HF_COREMOF_GCMC,/home/rakeyma/Tüm_çalışmalar/MOF Radyoaktif Gaz Adsorpsiyonu/data/processed/augmented_cif/finetune_000066_v02.cif,Cd3H3C14O9,True,0.0,0,Cd,-CH3,0.058366835553847946,"functional,substitution,noise",False,True,0.09057604447180422,0.14743445853465376,1.4882083940229011e+25,2.4224197472853335e+25,2.635583466121517,1.4495709063668345,1.6277422953764473,58,4,10.448275862068966,0.710344827586207,0.6380830666927308,0.10344827586206896
finetune_000066_v03,finetune_000066,ZnHC4O3,HF_COREMOF_GCMC,/home/rakeyma/Tüm_çalışmalar/MOF Radyoaktif Gaz Adsorpsiyonu/data/processed/augmented_cif/finetune_000066_v03.cif,CdHC4O3,True,0.0,0,Cd,,0.11327850922807009,"noise,substitution",False,False,0.13348373070887465,0.2092769751769521,2.1932025146922683e+25,3.4385223261876294e+25,3.140060383156128,1.7270332107358703,1.5678088562971093,54,4,10.777777777777779,0.7111111111111112,0.6380830666927308,0.1111111111111111
finetune_000066_v04,finetune_000066,ZnHC4O3,HF_COREMOF_GCMC,/home/rakeyma/Tüm_çalışmalar/MOF Radyoaktif Gaz Adsorpsiyonu/data/processed/augmented_cif/finetune_000066_v04.cif,Cd3H3C14O9,True,0.0,0,Cd,-CH3,0.03764628391286894,"substitution,functional,noise",False,True,0.09057604447180422,0.14743445853465376,1.4882083940229011e+25,2.4224197472853335e+25,2.635583466121517,1.4495709063668345,1.6277422953764473,58,4,10.448275862068966,0.710344827586207,0.6380830666927308,0.10344827586206896
finetune_000066_v05,finetune_000066,ZnHC4O3,HF_COREMOF_GCMC,/home/rakeyma/Tüm_çalışmalar/MOF Radyoaktif Gaz Adsorpsiyonu/data/processed/augmented_cif/finetune_000066_v05.cif,Cd3H3C14O9,True,0.0,0,Cd,-CH3,0.07329019908635165,"functional,noise,substitution",False,True,0.09057604447180422,0.14743445853465376,1.4882083940229011e+25,2.4224197472853335e+25,2.635583466121517,1.4495709063668345,1.6277422953764473,58,4,10.448275862068966,0.710344827586207,0.6380830666927308,0.10344827586206896
finetune_000066_v06,finetune_000066,ZnHC4O3,HF_COREMOF_GCMC,/home/rakeyma/Tüm_çalışmalar/MOF Radyoaktif Gaz Adsorpsiyonu/data/processed/augmented_cif/finetune_000066_v06.cif,Cd5H5(C5O4)4,True,0.16636432719755515,8,Cd,,0.06356513664547608,"substitution,defect,noise",False,False,0.24879095364086315,0.3300129021030934,4.087756180173583e+25,5.422272234448998e+25,3.943144881447369,2.168729684796053,1.3264666470931115,46,4,10.717391304347826,0.7086956521739133,0.6380830666927308,0.10869565217391304
finetune_000067_v00,finetune_000067,CuHC4O3,HF_COREMOF_GCMC,/home/rakeyma/Tüm_çalışmalar/MOF Radyoaktif Gaz Adsorpsiyonu/data/processed/augmented_cif/finetune_000067_v00.cif,CuHC4O3,False,0.0,0,,,0.0,none,False,False,0.14306361389834307,0.18913494331402203,2.5852239851953995e+25,3.417753673141659e+25,2.7268008935398664,1.4997404914469266,1.3220338712288924,54,4,8.666666666666666,0.688888888888889,0.577510822409416,0.1111111111111111
finetune_000067_v01,finetune_000067,CuHC4O3,HF_COREMOF_GCMC,/home/rakeyma/Tüm_çalışmalar/MOF Radyoaktif Gaz Adsorpsiyonu/data/processed/augmented_cif/finetune_000067_v01.cif,Cu3H3C12N2O9,True,0.0,0,,-NH2,0.12058772216285678,"functional,noise",False,True,0.0983498284617901,0.1375819281165317,1.7772257288281578e+25,2.4861674523965486e+25,2.325670781054876,1.279118929580182,1.3989035900554079,58,5,8.551724137931034,0.6862068965517241,0.5564746175702895,0.10344827586206896
finetune_000067_v02,finetune_000067,CuHC4O3,HF_COREMOF_GCMC,/home/rakeyma/Tüm_çalışmalar/MOF Radyoaktif Gaz Adsorpsiyonu/data/processed/augmented_cif/finetune_000067_v02.cif,Ni5H6C23O17,True,0.06950355680068593,3,Ni,,0.08686777661113353,"substitution,defect,noise",False,False,0.20835886221887814,0.24234804831827372,3.7651385524136127e+25,4.379338464935501e+25,3.0866494113733522,1.6976571762553438,1.1631281037793841,51,4,8.235294117647058,0.6774509803921569,0.5748260606479145,0.09803921568627451
finetune_000067_v03,finetune_000067,CuHC4O3,HF_COREMOF_GCMC,/home/rakeyma/Tüm_çalışmalar/MOF Radyoaktif Gaz Adsorpsiyonu/data/processed/augmented_cif/finetune_000067_v03.cif,Zn6H5C23O18,True,0.04274629637316722,2,Zn,,0.13639720239099146,"defect,substitution,noise",False,False,0.1504130651984015,0.1984713153275095,2.7180318827537366e+25,3.5864661235423996e+25,2.7932924967390806,1.5363108732064945,1.319508481964097,52,4,8.98076923076923,0.6971153846153846,0.6504229393248673,0.11538461538461539
finetune_000067_v04,finetune_000067,CuHC4O3,HF_COREMOF_GCMC,/home/rakeyma/Tüm_çalışmalar/MOF Radyoaktif Gaz Adsorpsiyonu/data/processed/augmented_cif/finetune_000067_v04.cif,Cu6H4(C7O5)3,True,0.16954543884551818,8,,,0.06806238818118336,"defect,noise",False,False,0.237398481767309,0.28582232480746217,4.2898975664763915e+25,5.164938235948752e+25,3.3520895681534646,1.8436492624844056,1.2039770544430728,46,4,9.217391304347826,0.7130434782608697,0.577510822409416,0.13043478260869565
finetune_000067_v05,finetune_000067,CuHC4O3,HF_COREMOF_GCMC,/home/rakeyma/Tüm_çalışmalar/MOF Radyoaktif Gaz Adsorpsiyonu/data/processed/augmented_cif/finetune_000067_v05.cif,Cu3H3C14O9,True,0.0,0,,-CH3,0.13318873838238973,"functional,noise",False,True,0.08726527070183297,0.12111978070376517,1.5769227740412955e+25,2.188689028780414e+25,2.182102157743548,1.2001561867589514,1.3879494067875628,58,4,8.482758620689655,0.6896551724137931,0.577510822409416,0.10344827586206896
finetune_000067_v06,finetune_000067,CuHC4O3,HF_COREMOF_GCMC,/home/rakeyma/Tüm_çalışmalar/MOF Radyoaktif Gaz Adsorpsiyonu/data/processed/augmented_cif/finetune_000067_v06.cif,Cu3H3C12N2O9,True,0.0,0,,-NH2,0.14662343711370923,"functional,noise",False,True,0.0983498284617901,0.1375819281165317,1.7772257288281578e+25,2.4861674523965486e+25,2.325670781054876,1.279118929580182,1.3989035900554079,58,5,8.551724137931034,0.6862068965517241,0.5564746175702895,0.10344827586206896
finetune_000068_v00,finetune_000068,CoHC4O3,HF_COREMOF_GCMC,/home/rakeyma/Tüm_çalışmalar/MOF Radyoaktif Gaz Adsorpsiyonu/data/processed/augmented_cif/finetune_000068_v00.cif,CoHC4O3,False,0.0,0,,,0.0,none,False,False,0.20272234461597277,0.24081560498963828,3.3889723538711354e+25,4.025789210541387e+25,3.325674945771934,1.8291212201745637,1.1879085428191327,54,4,8.444444444444445,0.688888888888889,0.5829397481729994,0.1111111111111111
finetune_000068_v01,finetune_000068,CoHC4O3,HF_COREMOF_GCMC,/home/rakeyma/Tüm_çalışmalar/MOF Radyoaktif Gaz Adsorpsiyonu/data/processed/augmented_cif/finetune_000068_v01.cif,Co6H5(C13O9)2,True,0.045297688046983996,2,,-CH3,0.030883741626950068,"defect,functional,noise",False,True,0.17550968348322823,0.21361617586761228,2.934049851722507e+25,3.571087912022759e+25,3.132236554806172,1.7227301051433948,1.217119030859773,55,4,8.49090909090909,0.6972727272727274,0.5829397481729994,0.10909090909090909
finetune_000068_v02,finetune_000068,CoHC4O3,HF_COREMOF_GCMC,/home/rakeyma/Tüm_çalışmalar/MOF Radyoaktif Gaz Adsorpsiyonu/data/processed/augmented_cif/finetune_000068_v02.cif,Zn3H3C12N2O9,True,0.0,0,Zn,-NH2,0.04223062326031414,"substitution,functional,noise",False,True,0.145838340359588,0.19080609744444565,2.4380247996310457e+25,3.1897647514595633e+25,2.9602855833476767,1.6281570708412223,1.3083397477918521,58,5,8.655172413793103,0.6862068965517241,0.6263098274815748,0.10344827586206896
finetune_000068_v03,finetune_000068,CoHC4O3,HF_COREMOF_GCMC,/home/rakeyma/Tüm_çalışmalar/MOF Radyoaktif Gaz Adsorpsiyonu/data/processed/augmented_cif/finetune_000068_v03.cif,Ni3H3C14O9,True,0.0,0,Ni,-CH3,0.04663938665712933,"substitution,functional,noise",False,True,0.14811309306721462,0.1847062148308961,2.476052546659345e+25,3.0877911205885342e+25,2.9125825274778356,1.6019203901128096,1.2470620321666994,58,4,8.379310344827585,0.6896551724137931,0.5748260606479145,0.10344827586206896
finetune_000068_v04,finetune_000068,CoHC4O3,HF_COREMOF_GCMC,/home/rakeyma/Tüm_çalışmalar/MOF Radyoaktif Gaz Adsorpsiyonu/data/processed/augmented_cif/finetune_000068_v04.cif,Mn6H6C23O18,True,0.041563418324533426,1,Mn,,0.039300010065075,"defect,substitution,noise",False,False,0.21425399240983953,0.24472902491246307,3.5817504891182663e+25,4.091211065999232e+25,3.352588303775734,1.8439235670766538,1.1422378745891877,53,4,8.264150943396226,0.6943396226415095,0.6822206387965699,0.11320754716981132
finetune_000068_v05,finetune_000068,CoHC4O3,HF_COREMOF_GCMC,/home/rakeyma/Tüm_çalışmalar/MOF Radyoaktif Gaz Adsorpsiyonu/data/processed/augmented_cif/finetune_000068_v05.cif,Ni6H6C23O16,True,0.06948924468175341,3,Ni,,0.12047161266914652,"defect,substitution,noise",False,False,0.2529123927613437,0.28584715914577496,4.228014966200518e+25,4.7785956778111695e+25,3.623301099918005,1.992815604954903,1.130222034692897,51,4,8.627450980392156,0.6921568627450981,0.5748260606479145,0.11764705882352941
finetune_000068_v06,finetune_000068,CoHC4O3,HF_COREMOF_GCMC,/home/rakeyma/Tüm_çalışmalar/MOF Radyoaktif Gaz Adsorpsiyonu/data/processed/augmented_cif/finetune_000068_v06.cif,Zn6H6C23N3O17,True,0.05151100493721915,2,Zn,-NH2,0.09182758442120562,"defect,substitution,functional,noise",False,True,0.18302976116823044,0.22970394820188678,3.059765324388896e+25,3.8400321952960752e+25,3.2480425925850005,1.7864234259217504,1.2550087304695552,55,5,8.745454545454546,0.6881818181818182,0.6263098274815748,0.10909090909090909
finetune_000069_v00,finetune_000069,CuHC4O3,HF_COREMOF_GCMC,/home/rakeyma/Tüm_çalışmalar/MOF Radyoaktif Gaz Adsorpsiyonu/data/processed/augmented_cif/finetune_000069_v00.cif,CuHC4O3,False,0.0,0,,,0.0,none,False,False,0.14306361389834307,0.18913494331402203,2.5852239851953995e+25,3.417753673141659e+25,2.7268008935398664,1.4997404914469266,1.3220338712288924,54,4,8.666666666666666,0.688888888888889,0.577510822409416,0.1111111111111111
finetune_000069_v01,finetune_000069,CuHC4O3,HF_COREMOF_GCMC,/home/rakeyma/Tüm_çalışmalar/MOF Radyoaktif Gaz Adsorpsiyonu/data/processed/augmented_cif/finetune_000069_v01.cif,Cu3H3C12N2O9,True,0.0,0,,-NH2,0.12134992871022303,"functional,noise",False,True,0.0983498284617901,0.1375819281165317,1.7772257288281578e+25,2.4861674523965486e+25,2.325670781054876,1.279118929580182,1.3989035900554079,58,5,8.551724137931034,0.6862068965517241,0.5564746175702895,0.10344827586206896
finetune_000069_v02,finetune_000069,CuHC4O3,HF_COREMOF_GCMC,/home/rakeyma/Tüm_çalışmalar/MOF Radyoaktif Gaz Adsorpsiyonu/data/processed/augmented_cif/finetune_000069_v02.cif,ZnHC4O3,True,0.0,0,Zn,,0.06005778281166898,"substitution,noise",False,False,0.13224532090732105,0.17686096140228846,2.389732554794834e+25,3.1959572878314488e+25,2.6368385027361887,1.4502611765049038,1.3373702766106526,54,4,8.777777777777779,0.688888888888889,0.6504229393248673,0.1111111111111111
finetune_000069_v03,finetune_000069,CuHC4O3,HF_COREMOF_GCMC,/home/rakeyma/Tüm_çalışmalar/MOF Radyoaktif Gaz Adsorpsiyonu/data/processed/augmented_cif/finetune_000069_v03.cif,Ni6H6C22O17,True,0.06484000040614613,3,Ni,,0.13527280710551115,"substitution,defect,noise",False,False,0.18977804846575388,0.23289136228596785,3.429374873095696e+25,4.208451885986423e+25,3.0258279588258192,1.6642053773542007,1.2271775590947438,51,4,8.666666666666666,0.6901960784313727,0.5748260606479145,0.11764705882352941
finetune_000069_v04,finetune_000069,CuHC4O3,HF_COREMOF_GCMC,/home/rakeyma/Tüm_çalışmalar/MOF Radyoaktif Gaz Adsorpsiyonu/data/processed/augmented_cif/finetune_000069_v04.cif,Cu6H6C22(NO6)3,True,0.05028344298673895,2,,-NH2,0.06312155842419195,"noise,defect,functional",False,True,0.13698215931206792,0.1844777632210327,2.4753293597703315e+25,3.3335963297634487e+25,2.6930198398326244,1.4811609119079436,1.3467283925694438,55,5,8.672727272727272,0.6863636363636364,0.5564746175702895,0.10909090909090909
finetune_000069_v05,finetune_000069,CuHC4O3,HF_COREMOF_GCMC,/home/rakeyma/Tüm_çalışmalar/MOF Radyoaktif Gaz Adsorpsiyonu/data/processed/augmented_cif/finetune_000069_v05.cif,Cu3H3C14O9,True,0.0,0,,-CH3,0.12350748710266124,"functional,noise",False,True,0.08726527070183297,0.12111978070376517,1.5769227740412955e+25,2.188689028780414e+25,2.182102157743548,1.2001561867589514,1.3879494067875628,58,4,8.482758620689655,0.6896551724137931,0.577510822409416,0.10344827586206896
finetune_000069_v06,finetune_000069,CuHC4O3,HF_COREMOF_GCMC,/home/rakeyma/Tüm_çalışmalar/MOF Radyoaktif Gaz Adsorpsiyonu/data/processed/augmented_cif/finetune_000069_v06.cif,NiHC4O3,True,0.0,0,Ni,,0.09221066762229367,"substitution,noise",False,False,0.14564496750877595,0.1867294866506949,2.6318702084112047e+25,3.374285987040843e+25,2.709405402620675,1.4901729714413714,1.2820867747417592,54,4,8.555555555555555,0.688888888888889,0.5748260606479145,0.1111111111111111
finetune_000070_v00,finetune_000070,ZnHC4O3,HF_COREMOF_GCMC,/home/rakeyma/Tüm_çalışmalar/MOF Radyoaktif Gaz Adsorpsiyonu/data/processed/augmented_cif/finetune_000070_v00.cif,ZnHC4O3,False,0.0,0,,,0.0,none,False,False,0.20687860416176837,0.2515640963015523,3.3991159257691533e+25,4.133320260715269e+25,3.442719217267522,1.8934955694971374,1.2159986158106626,54,4,8.777777777777779,0.688888888888889,0.6504229393248673,0.1111111111111111
finetune_000070_v01,finetune_000070,ZnHC4O3,HF_COREMOF_GCMC,/home/rakeyma/Tüm_çalışmalar/MOF Radyoaktif Gaz Adsorpsiyonu/data/processed/augmented_cif/finetune_000070_v01.cif,ZnHC4O3,True,0.0,0,,,0.0819043823707262,noise,False,False,0.20687860416176837,0.2515640963015523,3.3991159257691533e+25,4.133320260715269e+25,3.442719217267522,1.8934955694971374,1.2159986158106626,54,4,8.777777777777779,0.688888888888889,0.6504229393248673,0.1111111111111111
finetune_000070_v02,finetune_000070,ZnHC4O3,HF_COREMOF_GCMC,/home/rakeyma/Tüm_çalışmalar/MOF Radyoaktif Gaz Adsorpsiyonu/data/processed/augmented_cif/finetune_000070_v02.cif,Co4H6C20N4O15,True,0.15559906912927893,9,Co,-NH2,0.05626175088417916,"functional,substitution,defect,noise",False,True,0.3629957839739297,0.35231317765902237,5.964196999937342e+25,5.788676590754138e+25,4.074194128850919,2.2408067708680055,0.9705709906656256,49,5,7.795918367346939,0.6632653061224489,0.5617259118110896,0.08163265306122448
finetune_000070_v03,finetune_000070,ZnHC4O3,HF_COREMOF_GCMC,/home/rakeyma/Tüm_çalışmalar/MOF Radyoaktif Gaz Adsorpsiyonu/data/processed/augmented_cif/finetune_000070_v03.cif,Co6H5C22O17,True,0.08265040226841464,4,Co,,0.10123423841871172,"substitution,defect,noise",False,False,0.26873639117598286,0.30000220025840885,4.415469404297262e+25,4.929181830068607e+25,3.759581421390685,2.067769781764877,1.1163437856168554,50,4,8.7,0.6990000000000001,0.5829397481729994,0.12
finetune_000070_v04,finetune_000070,ZnHC4O3,HF_COREMOF_GCMC,/home/rakeyma/Tüm_çalışmalar/MOF Radyoaktif Gaz Adsorpsiyonu/data/processed/augmented_cif/finetune_000070_v04.cif,Zn6H5C23N3O16,True,0.096505672811882,4,,-NH2,0.06916750885873725,"defect,functional,noise",False,True,0.21295765996191873,0.2581599317533948,3.498997764529882e+25,4.241693040099353e+25,3.4875600456415934,1.9181580251028765,1.2122594312858208,53,5,8.90566037735849,0.6981132075471697,0.6263098274815748,0.11320754716981132
finetune_000070_v05,finetune_000070,ZnHC4O3,HF_COREMOF_GCMC,/home/rakeyma/Tüm_çalışmalar/MOF Radyoaktif Gaz Adsorpsiyonu/data/processed/augmented_cif/finetune_000070_v05.cif,Cd3H3C14O9,True,0.0,0,Cd,-CH3,0.13448184652329054,"functional,substitution,noise",False,True,0.09057604447180422,0.14743445853465376,1.4882083940229011e+25,2.4224197472853335e+25,2.635583466121517,1.4495709063668345,1.6277422953764473,58,4,10.448275862068966,0.710344827586207,0.6380830666927308,0.10344827586206896
finetune_000070_v06,finetune_000070,ZnHC4O3,HF_COREMOF_GCMC,/home/rakeyma/Tüm_çalışmalar/MOF Radyoaktif Gaz Adsorpsiyonu/data/processed/augmented_cif/finetune_000070_v06.cif,Zn6H5C21O17,True,0.11502500040750431,5,,,0.12261933617136057,"defect,noise",False,False,0.27237523760098303,0.31318572703258685,4.4752574180687294e+25,5.145793576834219e+25,3.841300259486871,2.112715142717779,1.1498318635388922,49,4,9.122448979591837,0.6989795918367347,0.6504229393248673,0.12244897959183673
finetune_000071_v00,finetune_000071,YH4(CO2)4,HF_COREMOF_GCMC,/home/rakeyma/Tüm_çalışmalar/MOF Radyoaktif Gaz Adsorpsiyonu/data/processed/augmented_cif/finetune_000071_v00.cif,YH4(CO2)4,False,0.0,0,,,0.0,none,False,False,0.02906006822972668,0.05,1.224155585179548e+25,2.1062503630451072e+25,1.5,1.2,1.7205740745251605,34,4,7.705882352941177,0.6117647058823531,0.7949017234853627,0.058823529411764705
finetune_000071_v01,finetune_000071,YH4(CO2)4,HF_COREMOF_GCMC,/home/rakeyma/Tüm_çalışmalar/MOF Radyoaktif Gaz Adsorpsiyonu/data/processed/augmented_cif/finetune_000071_v01.cif,Y2H8C8NO16,True,0.0,0,,-NH2,0.14651960824844534,"noise,functional",False,True,0.028322628575498485,0.05,1.193090934390708e+25,2.106250363045107e+25,1.5,1.2,1.7653728666715034,35,5,7.685714285714286,0.612857142857143,0.7623122719725821,0.05714285714285714
finetune_000071_v02,finetune_000071,YH4(CO2)4,HF_COREMOF_GCMC,/home/rakeyma/Tüm_çalışmalar/MOF Radyoaktif Gaz Adsorpsiyonu/data/processed/augmented_cif/finetune_000071_v02.cif,Y2H8C7NO13,True,0.1470803495302526,4,,-NH2,0.0425206419492168,"noise,defect,functional",False,True,0.0317774779944977,0.05,1.3386264912513734e+25,2.106250363045107e+25,1.5,1.2,1.5734414168631492,31,5,7.709677419354839,0.6112903225806453,0.7623122719725821,0.06451612903225806
finetune_000071_v03,finetune_000071,YH4(CO2)4,HF_COREMOF_GCMC,/home/rakeyma/Tüm_çalışmalar/MOF Radyoaktif Gaz Adsorpsiyonu/data/processed/augmented_cif/finetune_000071_v03.cif,Y2H7C7O16,True,0.08728636061241,2,,,0.14217883721393398,"defect,substitution,noise",False,False,0.029780775194911138,0.05,1.254515371320926e+25,2.106250363045107e+25,1.5,1.2,1.678935476754946,32,4,7.96875,0.6203125,0.7949017234853627,0.0625
finetune_000071_v04,finetune_000071,YH4(CO2)4,HF_COREMOF_GCMC,/home/rakeyma/Tüm_çalışmalar/MOF Radyoaktif Gaz Adsorpsiyonu/data/processed/augmented_cif/finetune_000071_v04.cif,YH4(CO2)4,True,0.0,0,,,0.11573803576226899,"substitution,noise",False,False,0.02906006822972668,0.05,1.224155585179548e+25,2.1062503630451072e+25,1.5,1.2,1.7205740745251605,34,4,7.705882352941177,0.6117647058823531,0.7949017234853627,0.058823529411764705
finetune_000071_v05,finetune_000071,YH4(CO2)4,HF_COREMOF_GCMC,/home/rakeyma/Tüm_çalışmalar/MOF Radyoaktif Gaz Adsorpsiyonu/data/processed/augmented_cif/finetune_000071_v05.cif,Y2H8C9O16,True,0.0,0,,-CH3,0.08291875923069199,"substitution,functional,noise",False,True,0.02842542108636305,0.05,1.1974210696572443e+25,2.1062503630451072e+25,1.5,1.2,1.7589888940638154,35,4,7.6571428571428575,0.6142857142857144,0.7949017234853627,0.05714285714285714
finetune_000071_v06,finetune_000071,YH4(CO2)4,HF_COREMOF_GCMC,/home/rakeyma/Tüm_çalışmalar/MOF Radyoaktif Gaz Adsorpsiyonu/data/processed/augmented_cif/finetune_000071_v06.cif,Y2H8C8NO15,True,0.047415917009473285,1,,-NH2,0.09097364070790129,"defect,substitution,functional,noise",False,True,0.029168113900800957,0.05,1.2287070098580609e+25,2.106250363045107e+25,1.5,1.2,1.7142006565816037,34,5,7.676470588235294,0.6132352941176471,0.7623122719725821,0.058823529411764705
finetune_000072_v00,finetune_000072,CoHC4O3,HF_COREMOF_GCMC,/home/rakeyma/Tüm_çalışmalar/MOF Radyoaktif Gaz Adsorpsiyonu/data/processed/augmented_cif/finetune_000072_v00.cif,CoHC4O3,False,0.0,0,,,0.0,none,False,False,0.20272234461597277,0.24081560498963828,3.3889723538711354e+25,4.025789210541387e+25,3.325674945771934,1.8291212201745637,1.1879085428191327,54,4,8.444444444444445,0.688888888888889,0.5829397481729994,0.1111111111111111
finetune_000072_v01,finetune_000072,CoHC4O3,HF_COREMOF_GCMC,/home/rakeyma/Tüm_çalışmalar/MOF Radyoaktif Gaz Adsorpsiyonu/data/processed/augmented_cif/finetune_000072_v01.cif,Co6H4C22O17,True,0.11574145116497007,5,,,0.11179098294637888,"defect,noise",False,False,0.2574090699788291,0.29204405038834624,4.303187314878748e+25,4.882191032042117e+25,3.662365356200595,2.0143009459103274,1.1345522922419389,49,4,8.857142857142858,0.7081632653061224,0.5829397481729994,0.12244897959183673
finetune_000072_v02,finetune_000072,CoHC4O3,HF_COREMOF_GCMC,/home/rakeyma/Tüm_çalışmalar/MOF Radyoaktif Gaz Adsorpsiyonu/data/processed/augmented_cif/finetune_000072_v02.cif,NiHC4O3,True,0.0,0,Ni,,0.10432187309951482,"noise,substitution",False,False,0.20877834443344895,0.24762830795697666,3.4902123824203038e+25,4.139679280504727e+25,3.372388741022685,1.854813807562477,1.186082343113472,54,4,8.555555555555555,0.688888888888889,0.5748260606479145,0.1111111111111111
finetune_000072_v03,finetune_000072,CoHC4O3,HF_COREMOF_GCMC,/home/rakeyma/Tüm_çalışmalar/MOF Radyoaktif Gaz Adsorpsiyonu/data/processed/augmented_cif/finetune_000072_v03.cif,Co3H3C12N2O9,True,0.0,0,,-NH2,0.11968343464121804,"functional,noise",False,True,0.15339122571188762,0.1931229509005108,2.56428872825416e+25,3.228496309766317e+25,2.9782039138781222,1.6380121526329674,1.2590221507405557,58,5,8.344827586206897,0.6862068965517241,0.5617259118110896,0.10344827586206896
finetune_000072_v04,finetune_000072,CoHC4O3,HF_COREMOF_GCMC,/home/rakeyma/Tüm_çalışmalar/MOF Radyoaktif Gaz Adsorpsiyonu/data/processed/augmented_cif/finetune_000072_v04.cif,Co3H3C14O9,True,0.0,0,,-CH3,0.07119658900849163,"functional,noise",False,True,0.1424414990257822,0.17789351186355762,2.381238748776306e+25,2.9739010506251916e+25,2.858364043247074,1.5721002237858908,1.24888823187236,58,4,8.275862068965518,0.6896551724137931,0.5829397481729994,0.10344827586206896
finetune_000072_v05,finetune_000072,CoHC4O3,HF_COREMOF_GCMC,/home/rakeyma/Tüm_çalışmalar/MOF Radyoaktif Gaz Adsorpsiyonu/data/processed/augmented_cif/finetune_000072_v05.cif,MnHC4O3,True,0.0,0,Mn,,0.04957728975832759,"substitution,noise",False,False,0.1978418186893586,0.22899850163094293,3.3073830871872915e+25,3.828239026020184e+25,3.2430512059343135,1.7836781632638725,1.1574827968524946,54,4,8.222222222222221,0.6944444444444445,0.6822206387965699,0.1111111111111111
finetune_000072_v06,finetune_000072,CoHC4O3,HF_COREMOF_GCMC,/home/rakeyma/Tüm_çalışmalar/MOF Radyoaktif Gaz Adsorpsiyonu/data/processed/augmented_cif/finetune_000072_v06.cif,Co6H5C22(NO4)4,True,0.11358736461003575,5,,-NH2,0.08453202936053468,"functional,defect,noise",False,True,0.21180346091148217,0.2513339428118434,3.5407841934888646e+25,4.201627528491276e+25,3.3975281034840377,1.868640456916221,1.186637563570701,53,5,8.584905660377359,0.6971698113207546,0.5617259118110896,0.11320754716981132
finetune_000073_v00,finetune_000073,CoHC4O3,HF_COREMOF_GCMC,/home/rakeyma/Tüm_çalışmalar/MOF Radyoaktif Gaz Adsorpsiyonu/data/processed/augmented_cif/finetune_000073_v00.cif,CoHC4O3,False,0.0,0,,,0.0,none,False,False,0.20272234461597277,0.24081560498963828,3.3889723538711354e+25,4.025789210541387e+25,3.325674945771934,1.8291212201745637,1.1879085428191327,54,4,8.444444444444445,0.688888888888889,0.5829397481729994,0.1111111111111111
finetune_000073_v01,finetune_000073,CoHC4O3,HF_COREMOF_GCMC,/home/rakeyma/Tüm_çalışmalar/MOF Radyoaktif Gaz Adsorpsiyonu/data/processed/augmented_cif/finetune_000073_v01.cif,Co6H6C19N4O15,True,0.17198631189831398,8,,-NH2,0.11134562326766903,"noise,functional,defect",False,True,0.27231929240799374,0.3055080591690287,4.5524461309122285e+25,5.107273045652649e+25,3.745836535252321,2.0602100943887764,1.1218744601881194,50,5,8.6,0.69,0.5617259118110896,0.12
finetune_000073_v02,finetune_000073,CoHC4O3,HF_COREMOF_GCMC,/home/rakeyma/Tüm_çalışmalar/MOF Radyoaktif Gaz Adsorpsiyonu/data/processed/augmented_cif/finetune_000073_v02.cif,Co6H5(C3O2)8,True,0.13271920895442474,6,,-CH3,0.06258250245704802,"defect,functional,noise",False,True,0.233474981101331,0.2675655503379307,3.903073722691414e+25,4.472976349308251e+25,3.505521086180533,1.9280365973992932,1.1460138001758913,51,4,8.607843137254902,0.7009803921568629,0.5829397481729994,0.11764705882352941
finetune_000073_v03,finetune_000073,CoHC4O3,HF_COREMOF_GCMC,/home/rakeyma/Tüm_çalışmalar/MOF Radyoaktif Gaz Adsorpsiyonu/data/processed/augmented_cif/finetune_000073_v03.cif,Co3H3(C3O2)4,True,0.04811697753157686,2,,,0.051806711715766104,"defect,noise",False,False,0.22950013374351416,0.26330393289691645,3.836624965737575e+25,4.4017335678687805e+25,3.4774921530786758,1.9126206841932718,1.1472931566618645,52,4,8.461538461538462,0.6923076923076923,0.5829397481729994,0.11538461538461539
finetune_000073_v04,finetune_000073,CoHC4O3,HF_COREMOF_GCMC,/home/rakeyma/Tüm_çalışmalar/MOF Radyoaktif Gaz Adsorpsiyonu/data/processed/augmented_cif/finetune_000073_v04.cif,Co6H5C21O16,True,0.13212250333227654,6,,,0.08112863945398334,"defect,noise",False,False,0.2860702700240188,0.31475712018249113,4.7823254916096865e+25,5.2618924692453945e+25,3.802115163505951,2.0911633399282734,1.100279033385971,48,4,8.770833333333334,0.7010416666666667,0.5829397481729994,0.125
finetune_000073_v05,finetune_000073,CoHC4O3,HF_COREMOF_GCMC,/home/rakeyma/Tüm_çalışmalar/MOF Radyoaktif Gaz Adsorpsiyonu/data/processed/augmented_cif/finetune_000073_v05.cif,MnHC4O3,True,0.0,0,Mn,,0.11951635175538027,"noise,substitution",False,False,0.1978418186893586,0.22899850163094293,3.3073830871872915e+25,3.828239026020184e+25,3.2430512059343135,1.7836781632638725,1.1574827968524946,54,4,8.222222222222221,0.6944444444444445,0.6822206387965699,0.1111111111111111
finetune_000073_v06,finetune_000073,CoHC4O3,HF_COREMOF_GCMC,/home/rakeyma/Tüm_çalışmalar/MOF Radyoaktif Gaz Adsorpsiyonu/data/processed/augmented_cif/finetune_000073_v06.cif,ZnHC4O3,True,0.0,0,Zn,,0.036664017402957515,"substitution,noise",False,False,0.19276892384325992,0.23849875153357314,3.2225779295708914e+25,3.987057652234633e+25,3.3096383529431552,1.8203010941187354,1.2372261398704287,54,4,8.777777777777779,0.688888888888889,0.6504229393248673,0.1111111111111111
finetune_000074_v00,finetune_000074,LaC12(ClO)6,HF_COREMOF_GCMC,/home/rakeyma/Tüm_çalışmalar/MOF Radyoaktif Gaz Adsorpsiyonu/data/processed/augmented_cif/finetune_000074_v00.cif,LaC12(ClO)6,False,0.0,0,,,0.0,none,False,False,0.027855608691282376,0.05,5.564325439575443e+24,9.987800843348366e+24,1.9871936116040632,1.2,1.7949706486093728,50,4,11.16,0.7979999999999999,0.9036142705823099,0.04
finetune_000074_v01,finetune_000074,LaC12(ClO)6,HF_COREMOF_GCMC,/home/rakeyma/Tüm_çalışmalar/MOF Radyoaktif Gaz Adsorpsiyonu/data/processed/augmented_cif/finetune_000074_v01.cif,LaC12(ClO)6,True,0.0,0,,,0.03410853567689893,noise,False,False,0.027855608691282376,0.05,5.564325439575443e+24,9.987800843348366e+24,1.9871936116040632,1.2,1.7949706486093728,50,4,11.16,0.7979999999999999,0.9036142705823099,0.04
finetune_000074_v02,finetune_000074,LaC12(ClO)6,HF_COREMOF_GCMC,/home/rakeyma/Tüm_çalışmalar/MOF Radyoaktif Gaz Adsorpsiyonu/data/processed/augmented_cif/finetune_000074_v02.cif,La2C23Cl11O12,True,0.06106307904645743,2,,,0.1174463217613595,"defect,noise",False,False,0.04127228860286385,0.07111149294730157,8.244387978292016e+24,1.4204948584616403e+25,2.3698730292422967,1.3034301660832632,1.7229840009978803,48,4,11.145833333333334,0.7958333333333333,0.9036142705823099,0.041666666666666664
finetune_000074_v03,finetune_000074,LaC12(ClO)6,HF_COREMOF_GCMC,/home/rakeyma/Tüm_çalışmalar/MOF Radyoaktif Gaz Adsorpsiyonu/data/processed/augmented_cif/finetune_000074_v03.cif,La2C23Cl11O12,True,0.06097125386889703,2,,,0.0555974675151044,"noise,defect",False,False,0.04127228860286385,0.07111149294730157,8.244387978292016e+24,1.4204948584616403e+25,2.3698730292422967,1.3034301660832632,1.7229840009978803,48,4,11.145833333333334,0.7958333333333333,0.9036142705823099,0.041666666666666664
finetune_000074_v04,finetune_000074,LaC12(ClO)6,HF_COREMOF_GCMC,/home/rakeyma/Tüm_çalışmalar/MOF Radyoaktif Gaz Adsorpsiyonu/data/processed/augmented_cif/finetune_000074_v04.cif,LaC12Cl5O6,True,0.05295134389937397,2,,,0.06023254225858679,"defect,noise",False,False,0.04315395112481562,0.07281926433462982,8.620261388764953e+24,1.4546086194668468e+25,2.3981609321800463,1.3189885126990255,1.6874298282447469,48,4,10.916666666666666,0.7895833333333332,0.9036142705823099,0.041666666666666664
finetune_000074_v05,finetune_000074,LaC12(ClO)6,HF_COREMOF_GCMC,/home/rakeyma/Tüm_çalışmalar/MOF Radyoaktif Gaz Adsorpsiyonu/data/processed/augmented_cif/finetune_000074_v05.cif,LaC12N2(ClO)6,True,0.0,0,,-NH2,0.08833174507939431,"functional,substitution,noise",False,True,0.026596527424587756,0.05,5.31281638082871e+24,9.987800843348366e+24,1.9871936116040632,1.2,1.8799446710391365,54,5,10.851851851851851,0.7870370370370369,0.8304793796356416,0.037037037037037035
finetune_000074_v06,finetune_000074,LaC12(ClO)6,HF_COREMOF_GCMC,/home/rakeyma/Tüm_çalışmalar/MOF Radyoaktif Gaz Adsorpsiyonu/data/processed/augmented_cif/finetune_000074_v06.cif,LaC12N2(ClO)6,True,0.0,0,,-NH2,0.130690864041209,"functional,noise",False,True,0.026596527424587756,0.05,5.31281638082871e+24,9.987800843348366e+24,1.9871936116040632,1.2,1.8799446710391365,54,5,10.851851851851851,0.7870370370370369,0.8304793796356416,0.037037037037037035
finetune_000075_v00,finetune_000075,PrH4(C3O4)2,HF_COREMOF_GCMC,/home/rakeyma/Tüm_çalışmalar/MOF Radyoaktif Gaz Adsorpsiyonu/data/processed/augmented_cif/finetune_000075_v00.cif,PrH4(C3O4)2,False,0.0,0,,,0.0,none,False,False,0.026923411635638637,0.05,6.362688521709699e+24,1.1816274638254576e+25,2.2767644146902857,1.2522204280796572,1.8571197690940024,57,4,8.578947368421053,0.6236842105263158,0.8272544953035915,0.05263157894736842
finetune_000075_v01,finetune_000075,PrH4(C3O4)2,HF_COREMOF_GCMC,/home/rakeyma/Tüm_çalışmalar/MOF Radyoaktif Gaz Adsorpsiyonu/data/processed/augmented_cif/finetune_000075_v01.cif,Pr3H12C15O22,True,0.10043121675227673,5,,,0.050370431097088206,"defect,noise",False,False,0.03269681776814591,0.05673062143766372,7.727091570907483e+24,1.3406892066125744e+25,2.4251681902301065,1.3338425046265587,1.7350502376085102,52,4,8.75,0.6201923076923077,0.8272544953035915,0.057692307692307696
finetune_000075_v02,finetune_000075,PrH4(C3O4)2,HF_COREMOF_GCMC,/home/rakeyma/Tüm_çalışmalar/MOF Radyoaktif Gaz Adsorpsiyonu/data/processed/augmented_cif/finetune_000075_v02.cif,PrH4C7O8,True,0.0,0,,-CH3,0.08667694831249388,"substitution,noise,functional",False,True,0.026017640189572214,0.05,6.148631638385502e+24,1.1816274638254578e+25,2.2767644146902857,1.2522204280796572,1.9217730599579836,60,4,8.45,0.6275000000000002,0.8272544953035915,0.05
finetune_000075_v03,finetune_000075,PrH4(C3O4)2,HF_COREMOF_GCMC,/home/rakeyma/Tüm_çalışmalar/MOF Radyoaktif Gaz Adsorpsiyonu/data/processed/augmented_cif/finetune_000075_v03.cif,Pr3H12C17O24,True,0.03644948681771938,1,,,0.10373453269749251,"defect,noise,substitution",False,False,0.02723951479392235,0.05,6.437391756355699e+24,1.1816274638254576e+25,2.2767644146902857,1.2522204280796572,1.8355686721393418,56,4,8.625,0.6223214285714285,0.8272544953035915,0.05357142857142857
finetune_000075_v04,finetune_000075,PrH4(C3O4)2,HF_COREMOF_GCMC,/home/rakeyma/Tüm_çalışmalar/MOF Radyoaktif Gaz Adsorpsiyonu/data/processed/augmented_cif/finetune_000075_v04.cif,PrH4C7O8,True,0.0,0,,-CH3,0.07038959335896977,"noise,functional",False,True,0.026017640189572214,0.05,6.148631638385502e+24,1.1816274638254578e+25,2.2767644146902857,1.2522204280796572,1.9217730599579836,60,4,8.45,0.6275000000000002,0.8272544953035915,0.05
finetune_000075_v05,finetune_000075,PrH4(C3O4)2,HF_COREMOF_GCMC,/home/rakeyma/Tüm_çalışmalar/MOF Radyoaktif Gaz Adsorpsiyonu/data/processed/augmented_cif/finetune_000075_v05.cif,PrH4(C3O4)2,True,0.0,0,,,0.06871613170220038,"substitution,noise",False,False,0.026923411635638637,0.05,6.362688521709699e+24,1.1816274638254576e+25,2.2767644146902857,1.2522204280796572,1.8571197690940024,57,4,8.578947368421053,0.6236842105263158,0.8272544953035915,0.05263157894736842
finetune_000075_v06,finetune_000075,PrH4(C3O4)2,HF_COREMOF_GCMC,/home/rakeyma/Tüm_çalışmalar/MOF Radyoaktif Gaz Adsorpsiyonu/data/processed/augmented_cif/finetune_000075_v06.cif,PrH4C6NO8,True,0.0,0,,-NH2,0.04023679575388018,"functional,noise",False,True,0.025872987229180647,0.05,6.114446456241037e+24,1.1816274638254576e+25,2.2767644146902857,1.2522204280796572,1.9325174768999187,60,5,8.5,0.625,0.7925503138602621,0.05
finetune_000076_v00,finetune_000076,CrH5C8O5,HF_COREMOF_GCMC,/home/rakeyma/Tüm_çalışmalar/MOF Radyoaktif Gaz Adsorpsiyonu/data/processed/augmented_cif/finetune_000076_v00.cif,CrH5C8O5,False,0.0,0,,,0.0,none,False,False,0.17789152380917048,0.18534084844974164,5.2356922155067925e+25,5.454940272953646e+25,2.9326498508797854,1.6129574179838821,1.0418756581598696,38,4,6.157894736842105,0.5921052631578949,0.647316576336494,0.05263157894736842
finetune_000076_v01,finetune_000076,CrH5C8O5,HF_COREMOF_GCMC,/home/rakeyma/Tüm_çalışmalar/MOF Radyoaktif Gaz Adsorpsiyonu/data/processed/augmented_cif/finetune_000076_v01.cif,Fe2H9(C2O)8,True,0.09900693506230519,3,Fe,,0.12195172135500731,"substitution,noise,defect",False,False,0.2387842524693231,0.23527867458415597,7.027883201339999e+25,6.924707252024329e+25,3.304196917950358,1.817308304872697,0.9853190574800678,35,4,6.314285714285714,0.6014285714285715,0.5968458762528228,0.05714285714285714
finetune_000076_v02,finetune_000076,CrH5C8O5,HF_COREMOF_GCMC,/home/rakeyma/Tüm_çalışmalar/MOF Radyoaktif Gaz Adsorpsiyonu/data/processed/augmented_cif/finetune_000076_v02.cif,CrH5C8NO5,True,0.0,0,,-NH2,0.09963745944949685,"noise,functional",False,True,0.12979714489639996,0.14335780259397324,3.82018145989964e+25,4.219297890092794e+25,2.579201703793682,1.418560937086525,1.1044757780180525,40,5,6.2,0.595,0.6233586447623871,0.05
finetune_000076_v03,finetune_000076,CrH5C8O5,HF_COREMOF_GCMC,/home/rakeyma/Tüm_çalışmalar/MOF Radyoaktif Gaz Adsorpsiyonu/data/processed/augmented_cif/finetune_000076_v03.cif,Fe2H10(C3O2)5,True,0.05140413364153047,1,Fe,,0.051855498389242805,"substitution,defect,noise",False,False,0.20913615087965876,0.21587824863726646,6.155282127530106e+25,6.35371512753948e+25,3.1650391203952926,1.740771516217411,1.0322378399394339,37,4,6.27027027027027,0.5891891891891893,0.5968458762528228,0.05405405405405406
finetune_000076_v04,finetune_000076,CrH5C8O5,HF_COREMOF_GCMC,/home/rakeyma/Tüm_çalışmalar/MOF Radyoaktif Gaz Adsorpsiyonu/data/processed/augmented_cif/finetune_000076_v04.cif,AlH5C9O5,True,0.0,0,Al,-CH3,0.05272233998612212,"substitution,functional,noise",False,True,0.16088867146909944,0.15827544094025436,4.735265327636534e+25,4.658352889965383e+25,2.7100755953851743,1.490541577461846,0.9837575231059883,40,4,5.6,0.5900000000000001,0.6629856710367125,0.05
finetune_000076_v05,finetune_000076,CrH5C8O5,HF_COREMOF_GCMC,/home/rakeyma/Tüm_çalışmalar/MOF Radyoaktif Gaz Adsorpsiyonu/data/processed/augmented_cif/finetune_000076_v05.cif,AlH5C8NO5,True,0.0,0,Al,-NH2,0.09348618267547656,"substitution,functional,noise",False,True,0.17294794437306943,0.17168166145067432,5.090193094378913e+25,5.052923934514245e+25,2.822517173515013,1.5523844454332572,0.9926782424215255,40,5,5.65,0.5875,0.6382287990995078,0.05
finetune_000076_v06,finetune_000076,CrH5C8O5,HF_COREMOF_GCMC,/home/rakeyma/Tüm_çalışmalar/MOF Radyoaktif Gaz Adsorpsiyonu/data/processed/augmented_cif/finetune_000076_v06.cif,FeH5C8NO5,True,0.0,0,Fe,-NH2,0.04281009501097338,"functional,substitution,noise",False,True,0.1303409836917123,0.14620056959840366,3.8361876893485587e+25,4.302966030973764e+25,2.6046487909256912,1.4325568350091302,1.1216776600689398,40,5,6.3,0.595,0.5751312893592209,0.05
finetune_000077_v00,finetune_000077,LaC12(ClO)6,HF_COREMOF_GCMC,/home/rakeyma/Tüm_çalışmalar/MOF Radyoaktif Gaz Adsorpsiyonu/data/processed/augmented_cif/finetune_000077_v00.cif,LaC12(ClO)6,False,0.0,0,,,0.0,none,False,False,0.027855608691282376,0.05,5.564325439575443e+24,9.987800843348366e+24,1.9871936116040632,1.2,1.7949706486093728,50,4,11.16,0.7979999999999999,0.9036142705823099,0.04
finetune_000077_v01,finetune_000077,LaC12(ClO)6,HF_COREMOF_GCMC,/home/rakeyma/Tüm_çalışmalar/MOF Radyoaktif Gaz Adsorpsiyonu/data/processed/augmented_cif/finetune_000077_v01.cif,LaC12N2(ClO)6,True,0.0,0,,-NH2,0.04675366029114965,"functional,noise",False,True,0.026596527424587756,0.05,5.31281638082871e+24,9.987800843348366e+24,1.9871936116040632,1.2,1.8799446710391365,54,5,10.851851851851851,0.7870370370370369,0.8304793796356416,0.037037037037037035
finetune_000077_v02,finetune_000077,LaC12(ClO)6,HF_COREMOF_GCMC,/home/rakeyma/Tüm_çalışmalar/MOF Radyoaktif Gaz Adsorpsiyonu/data/processed/augmented_cif/finetune_000077_v02.cif,La2C20N4(ClO)11,True,0.12032325335297535,6,,-NH2,0.06293207099946224,"functional,defect,substitution,noise",False,True,0.04855196129070132,0.0839484551384494,9.698546398509678e+24,1.6769209020591948e+25,2.5749069199267103,1.4161988059596908,1.729043542356902,48,5,11.1875,0.7937499999999998,0.8304793796356416,0.041666666666666664
finetune_000077_v03,finetune_000077,LaC12(ClO)6,HF_COREMOF_GCMC,/home/rakeyma/Tüm_çalışmalar/MOF Radyoaktif Gaz Adsorpsiyonu/data/processed/augmented_cif/finetune_000077_v03.cif,La2C21(Cl4O3)3,True,0.13551080727791173,6,,,0.148324085183907,"defect,substitution,noise",False,False,0.07706473116729902,0.12850733732365927,1.5394143738903283e+25,2.567011384195394e+25,3.1858046564863898,1.7521925610675144,1.6675246299722248,44,4,11.727272727272727,0.8181818181818182,0.9036142705823099,0.045454545454545456
finetune_000077_v04,finetune_000077,LaC12(ClO)6,HF_COREMOF_GCMC,/home/rakeyma/Tüm_çalışmalar/MOF Radyoaktif Gaz Adsorpsiyonu/data/processed/augmented_cif/finetune_000077_v04.cif,LaC12N2(ClO)6,True,0.0,0,,-NH2,0.046712831191654154,"functional,noise",False,True,0.026596527424587756,0.05,5.31281638082871e+24,9.987800843348366e+24,1.9871936116040632,1.2,1.8799446710391365,54,5,10.851851851851851,0.7870370370370369,0.8304793796356416,0.037037037037037035
finetune_000077_v05,finetune_000077,LaC12(ClO)6,HF_COREMOF_GCMC,/home/rakeyma/Tüm_çalışmalar/MOF Radyoaktif Gaz Adsorpsiyonu/data/processed/augmented_cif/finetune_000077_v05.cif,La2C28(ClO)11,True,0.03958529631104189,2,,-CH3,0.10914643708014338,"functional,defect,noise",False,True,0.02793609130673594,0.05,5.580402326265483e+24,9.987800843348366e+24,1.9871936116040632,1.2,1.7897994193605755,52,4,10.711538461538462,0.7903846153846156,0.9036142705823099,0.038461538461538464
finetune_000077_v06,finetune_000077,LaC12(ClO)6,HF_COREMOF_GCMC,/home/rakeyma/Tüm_çalışmalar/MOF Radyoaktif Gaz Adsorpsiyonu/data/processed/augmented_cif/finetune_000077_v06.cif,LaC14(ClO)6,True,0.0,0,,-CH3,0.11882326741148774,"substitution,functional,noise",False,True,0.026768951210057665,0.05,5.347259069427303e+24,9.987800843348366e+24,1.9871936116040632,1.2,1.8678355983260913,54,4,10.777777777777779,0.790740740740741,0.9036142705823099,0.037037037037037035
finetune_000078_v00,finetune_000078,ZnCrH18C14(N2O)2,HF_COREMOF_GCMC,/home/rakeyma/Tüm_çalışmalar/MOF Radyoaktif Gaz Adsorpsiyonu/data/processed/augmented_cif/finetune_000078_v00.cif,ZnCrH18C14(N2O)2,False,0.0,0,,,0.0,none,False,False,0.09604547402800646,0.10185166600708184,3.4245074118772756e+25,3.6315275517469388e+25,2.2145268798608373,1.2179897839234606,1.0604525308228716,40,6,5.0,0.52125,0.6658995586589784,0.05
finetune_000078_v01,finetune_000078,ZnCrH18C14(N2O)2,HF_COREMOF_GCMC,/home/rakeyma/Tüm_çalışmalar/MOF Radyoaktif Gaz Adsorpsiyonu/data/processed/augmented_cif/finetune_000078_v01.cif,MgCrH17C13N3O2,True,0.09738642462851516,3,Mg,,0.040968529283885766,"substitution,defect,noise",False,False,0.21691149682986274,0.19001804015080537,7.733993049986482e+25,6.775105162134761e+25,3.024783565518048,1.6636309610349267,0.8760164533825904,37,6,4.54054054054054,0.5243243243243243,0.7396771067311886,0.05405405405405406
finetune_000078_v02,finetune_000078,ZnCrH18C14(N2O)2,HF_COREMOF_GCMC,/home/rakeyma/Tüm_çalışmalar/MOF Radyoaktif Gaz Adsorpsiyonu/data/processed/augmented_cif/finetune_000078_v02.cif,CrCoH18C13(N2O)2,True,0.035121070983707085,1,Co,,0.0612867732159083,"defect,substitution,noise",False,False,0.13482257992455013,0.13622565974797807,4.807107559335989e+25,4.85713445860855e+25,2.561098887178329,1.408604387948081,1.0104068608108014,39,6,4.897435897435898,0.5166666666666665,0.6256840700829417,0.05128205128205128
finetune_000078_v03,finetune_000078,ZnCrH18C14(N2O)2,HF_COREMOF_GCMC,/home/rakeyma/Tüm_çalışmalar/MOF Radyoaktif Gaz Adsorpsiyonu/data/processed/augmented_cif/finetune_000078_v03.cif,ZnCrH16C12N3O2,True,0.12876924245368399,5,,,0.08262153125002811,"noise,defect",False,False,0.22326724929660222,0.21256105472863396,7.96060780357768e+25,7.578877763489413e+25,3.1991804389014162,1.7595492413957792,0.9520476263236195,35,6,5.114285714285714,0.5228571428571429,0.6658995586589784,0.05714285714285714
finetune_000078_v04,finetune_000078,ZnCrH18C14(N2O)2,HF_COREMOF_GCMC,/home/rakeyma/Tüm_çalışmalar/MOF Radyoaktif Gaz Adsorpsiyonu/data/processed/augmented_cif/finetune_000078_v04.cif,CrCdH18C14(N2O)2,True,0.0,0,Cd,,0.06799903603792769,"noise,substitution",False,False,0.07287857613728543,0.08655743391043413,2.5984902117971936e+25,3.0862107452655745e+25,2.041498541087733,1.2,1.1876938120659914,40,6,5.45,0.5262499999999999,0.6582805886043833,0.05
finetune_000078_v05,finetune_000078,ZnCrH18C14(N2O)2,HF_COREMOF_GCMC,/home/rakeyma/Tüm_çalışmalar/MOF Radyoaktif Gaz Adsorpsiyonu/data/processed/augmented_cif/finetune_000078_v05.cif,ZnCrH16C12(N2O)2,True,0.12403111964014688,4,,,0.04529221209744888,"defect,noise",False,False,0.18902779911552314,0.1871310582029101,6.739798055795944e+25,6.6721696393672826e+25,3.001717548821821,1.6509446518520017,0.9899658096772641,36,6,5.166666666666667,0.5263888888888889,0.6658995586589784,0.05555555555555555
finetune_000078_v06,finetune_000078,ZnCrH18C14(N2O)2,HF_COREMOF_GCMC,/home/rakeyma/Tüm_çalışmalar/MOF Radyoaktif Gaz Adsorpsiyonu/data/processed/augmented_cif/finetune_000078_v06.cif,CrCdH15C13(N2O)2,True,0.12316786937683846,4,Cd,,0.056807030550438425,"defect,substitution,noise",False,False,0.12848871698556547,0.14737568077911178,4.581273278232406e+25,5.254689159130627e+25,2.663850204440801,1.4651176124424405,1.1469931698023579,36,6,5.805555555555555,0.5444444444444445,0.6582805886043833,0.05555555555555555
finetune_000079_v00,finetune_000079,MgPHCO6,HF_COREMOF_GCMC,/home/rakeyma/Tüm_çalışmalar/MOF Radyoaktif Gaz Adsorpsiyonu/data/processed/augmented_cif/finetune_000079_v00.cif,MgPHCO6,False,0.0,0,,,0.0,none,False,False,0.09183493617924217,0.13499857555114858,2.705562218012952e+25,3.977212384444526e+25,1.9888527039069894,1.2,1.4700132778190231,40,5,8.2,0.7050000000000001,0.6865974075103983,0.1
finetune_000079_v01,finetune_000079,MgPHCO6,HF_COREMOF_GCMC,/home/rakeyma/Tüm_çalışmalar/MOF Radyoaktif Gaz Adsorpsiyonu/data/processed/augmented_cif/finetune_000079_v01.cif,MgPHCO6,True,0.0,0,,,0.07666074436705785,noise,False,False,0.09183493617924217,0.13499857555114858,2.705562218012952e+25,3.977212384444526e+25,1.9888527039069894,1.2,1.4700132778190231,40,5,8.2,0.7050000000000001,0.6865974075103983,0.1
finetune_000079_v02,finetune_000079,MgPHCO6,HF_COREMOF_GCMC,/home/rakeyma/Tüm_çalışmalar/MOF Radyoaktif Gaz Adsorpsiyonu/data/processed/augmented_cif/finetune_000079_v02.cif,Mg3P4H4(C2O11)2,True,0.13029375129033172,4,,-CH3,0.13441655763916105,"noise,functional,defect",False,True,0.15166322666374998,0.20384586987252462,4.468172059514384e+25,6.0055323907302844e+25,2.4439312542632883,1.3441621898448086,1.3440691877436308,37,5,8.108108108108109,0.6891891891891893,0.6865974075103983,0.08108108108108109
finetune_000079_v03,finetune_000079,MgPHCO6,HF_COREMOF_GCMC,/home/rakeyma/Tüm_çalışmalar/MOF Radyoaktif Gaz Adsorpsiyonu/data/processed/augmented_cif/finetune_000079_v03.cif,Mg4P4H4C5O24,True,0.0,0,,-CH3,0.1386548149166748,"functional,noise",False,True,0.0716667256918152,0.10727646051659301,2.111383678015787e+25,3.1604871798392685e+25,1.7729245143102426,1.2,1.496879611577464,41,5,8.146341463414634,0.7048780487804879,0.6865974075103983,0.0975609756097561
finetune_000079_v04,finetune_000079,MgPHCO6,HF_COREMOF_GCMC,/home/rakeyma/Tüm_çalışmalar/MOF Radyoaktif Gaz Adsorpsiyonu/data/processed/augmented_cif/finetune_000079_v04.cif,MgPHCO6,True,0.0,0,,,0.13159441047793383,noise,False,False,0.09183493617924217,0.13499857555114858,2.705562218012952e+25,3.977212384444526e+25,1.9888527039069894,1.2,1.4700132778190231,40,5,8.2,0.7050000000000001,0.6865974075103983,0.1
finetune_000079_v05,finetune_000079,MgPHCO6,HF_COREMOF_GCMC,/home/rakeyma/Tüm_çalışmalar/MOF Radyoaktif Gaz Adsorpsiyonu/data/processed/augmented_cif/finetune_000079_v05.cif,Mg4P4H4C4NO24,True,0.0,0,,-NH2,0.05796214510721827,"functional,noise,substitution",False,True,0.07592276800992345,0.1139862223811291,2.2367715507929084e+25,3.3581644358796147e+25,1.827528706731475,1.2,1.5013443973253264,41,6,8.170731707317072,0.7036585365853659,0.679184560091487,0.0975609756097561
finetune_000079_v06,finetune_000079,MgPHCO6,HF_COREMOF_GCMC,/home/rakeyma/Tüm_çalışmalar/MOF Radyoaktif Gaz Adsorpsiyonu/data/processed/augmented_cif/finetune_000079_v06.cif,Mg3P4H4C3NO20,True,0.17370743958782767,6,,-NH2,0.03902673738104277,"defect,substitution,functional,noise",False,True,0.19592447684192554,0.25018711773554336,5.772159095236404e+25,7.370798536383653e+25,2.7075126788477673,1.489131973366272,1.2769569263027694,35,6,8.142857142857142,0.6928571428571428,0.679184560091487,0.08571428571428572
finetune_000080_v00,finetune_000080,LaC12(ClO)6,HF_COREMOF_GCMC,/home/rakeyma/Tüm_çalışmalar/MOF Radyoaktif Gaz Adsorpsiyonu/data/processed/augmented_cif/finetune_000080_v00.cif,LaC12(ClO)6,False,0.0,0,,,0.0,none,False,False,0.027855608691282376,0.05,5.564325439575443e+24,9.987800843348366e+24,1.9871936116040632,1.2,1.7949706486093728,50,4,11.16,0.7979999999999999,0.9036142705823099,0.04
finetune_000080_v01,finetune_000080,LaC12(ClO)6,HF_COREMOF_GCMC,/home/rakeyma/Tüm_çalışmalar/MOF Radyoaktif Gaz Adsorpsiyonu/data/processed/augmented_cif/finetune_000080_v01.cif,LaC11Cl5O6,True,0.09190249309104953,4,,,0.11045908538297497,"defect,noise",False,False,0.06687608151805959,0.1104122335911687,1.335889966771819e+25,2.205550799555703e+25,2.953002250519114,1.6241512377855127,1.6509973533863878,46,4,11.130434782608695,0.7934782608695654,0.9036142705823099,0.043478260869565216
finetune_000080_v02,finetune_000080,LaC12(ClO)6,HF_COREMOF_GCMC,/home/rakeyma/Tüm_çalışmalar/MOF Radyoaktif Gaz Adsorpsiyonu/data/processed/augmented_cif/finetune_000080_v02.cif,La2C22N3Cl11O10,True,0.11358206282708004,5,,-NH2,0.09457698563824009,"defect,functional,noise",False,True,0.0430463246381302,0.07403824677841586,8.598762350475286e+24,1.4789585272269928e+25,2.4181500345258775,1.3299825189892327,1.7199667428246173,48,5,11.125,0.796875,0.8304793796356416,0.041666666666666664
finetune_000080_v03,finetune_000080,LaC12(ClO)6,HF_COREMOF_GCMC,/home/rakeyma/Tüm_çalışmalar/MOF Radyoaktif Gaz Adsorpsiyonu/data/processed/augmented_cif/finetune_000080_v03.cif,LaC14(ClO)6,True,0.0,0,,-CH3,0.06545419733573049,"substitution,functional,noise",False,True,0.026768951210057665,0.05,5.347259069427303e+24,9.987800843348366e+24,1.9871936116040632,1.2,1.8678355983260913,54,4,10.777777777777779,0.790740740740741,0.9036142705823099,0.037037037037037035
finetune_000080_v04,finetune_000080,LaC12(ClO)6,HF_COREMOF_GCMC,/home/rakeyma/Tüm_çalışmalar/MOF Radyoaktif Gaz Adsorpsiyonu/data/processed/augmented_cif/finetune_000080_v04.cif,LaC12N2(ClO)6,True,0.0,0,,-NH2,0.1493766413178313,"functional,noise",False,True,0.026596527424587756,0.05,5.31281638082871e+24,9.987800843348366e+24,1.9871936116040632,1.2,1.8799446710391365,54,5,10.851851851851851,0.7870370370370369,0.8304793796356416,0.037037037037037035
finetune_000080_v05,finetune_000080,LaC12(ClO)6,HF_COREMOF_GCMC,/home/rakeyma/Tüm_çalışmalar/MOF Radyoaktif Gaz Adsorpsiyonu/data/processed/augmented_cif/finetune_000080_v05.cif,LaC14(ClO)6,True,0.0,0,,-CH3,0.042597533138957665,"functional,substitution,noise",False,True,0.026768951210057665,0.05,5.347259069427303e+24,9.987800843348366e+24,1.9871936116040632,1.2,1.8678355983260913,54,4,10.777777777777779,0.790740740740741,0.9036142705823099,0.037037037037037035
finetune_000080_v06,finetune_000080,LaC12(ClO)6,HF_COREMOF_GCMC,/home/rakeyma/Tüm_çalışmalar/MOF Radyoaktif Gaz Adsorpsiyonu/data/processed/augmented_cif/finetune_000080_v06.cif,LaC11(ClO)6,True,0.052446837010712524,2,,,0.05137129557637701,"defect,noise",False,False,0.03946671308927747,0.06940372155997321,7.883713405545469e+24,1.386381097456431e+25,2.3412433647157327,1.287683850593653,1.7585381737510133,48,4,11.375,0.8020833333333334,0.9036142705823099,0.041666666666666664
finetune_000081_v00,finetune_000081,Ho(CO2)4,HF_COREMOF_GCMC,/home/rakeyma/Tüm_çalışmalar/MOF Radyoaktif Gaz Adsorpsiyonu/data/processed/augmented_cif/finetune_000081_v00.cif,Ho(CO2)4,False,0.0,0,,,0.0,none,False,False,0.14997836171222506,0.25281674030478984,2.4414133620380375e+25,4.115461463109865e+25,4.837021143375599,2.6603616288565797,1.6856881047273249,52,3,11.923076923076923,0.7192307692307693,0.9079035680560402,0.07692307692307693
finetune_000081_v01,finetune_000081,Ho(CO2)4,HF_COREMOF_GCMC,/home/rakeyma/Tüm_çalışmalar/MOF Radyoaktif Gaz Adsorpsiyonu/data/processed/augmented_cif/finetune_000081_v01.cif,Ho(CO2)4,True,0.0,0,,,0.07847926313227326,noise,False,False,0.14997836171222506,0.25281674030478984,2.4414133620380375e+25,4.115461463109865e+25,4.837021143375599,2.6603616288565797,1.6856881047273249,52,3,11.923076923076923,0.7192307692307693,0.9079035680560402,0.07692307692307693
finetune_000081_v02,finetune_000081,Ho(CO2)4,HF_COREMOF_GCMC,/home/rakeyma/Tüm_çalışmalar/MOF Radyoaktif Gaz Adsorpsiyonu/data/processed/augmented_cif/finetune_000081_v02.cif,Ho(CO2)4,True,0.0,0,,,0.1263581073539445,noise,False,False,0.14997836171222506,0.25281674030478984,2.4414133620380375e+25,4.115461463109865e+25,4.837021143375599,2.6603616288565797,1.6856881047273249,52,3,11.923076923076923,0.7192307692307693,0.9079035680560402,0.07692307692307693
finetune_000081_v03,finetune_000081,Ho(CO2)4,HF_COREMOF_GCMC,/home/rakeyma/Tüm_çalışmalar/MOF Radyoaktif Gaz Adsorpsiyonu/data/processed/augmented_cif/finetune_000081_v03.cif,Ho2C8NO16,True,0.0,0,,-NH2,0.030211503464798194,"functional,noise",False,True,0.13346213653976627,0.22959644159866344,2.172555025634546e+25,3.7374712858306406e+25,4.609540641960254,2.5352473530781396,1.7203114497590337,54,4,11.74074074074074,0.7166666666666667,0.8327214420200791,0.07407407407407407
finetune_000081_v04,finetune_000081,Ho(CO2)4,HF_COREMOF_GCMC,/home/rakeyma/Tüm_çalışmalar/MOF Radyoaktif Gaz Adsorpsiyonu/data/processed/augmented_cif/finetune_000081_v04.cif,Ho2C8NO16,True,0.0,0,,-NH2,0.10498898623036568,"functional,noise",False,True,0.13346213653976627,0.22959644159866344,2.172555025634546e+25,3.7374712858306406e+25,4.609540641960254,2.5352473530781396,1.7203114497590337,54,4,11.74074074074074,0.7166666666666667,0.8327214420200791,0.07407407407407407
finetune_000081_v05,finetune_000081,Ho(CO2)4,HF_COREMOF_GCMC,/home/rakeyma/Tüm_çalışmalar/MOF Radyoaktif Gaz Adsorpsiyonu/data/processed/augmented_cif/finetune_000081_v05.cif,Ho(CO2)4,True,0.0,0,,,0.034102500198622404,"substitution,defect,noise",False,False,0.14997836171222506,0.25281674030478984,2.4414133620380375e+25,4.115461463109865e+25,4.837021143375599,2.6603616288565797,1.6856881047273249,52,3,11.923076923076923,0.7192307692307693,0.9079035680560402,0.07692307692307693
finetune_000081_v06,finetune_000081,Ho(CO2)4,HF_COREMOF_GCMC,/home/rakeyma/Tüm_çalışmalar/MOF Radyoaktif Gaz Adsorpsiyonu/data/processed/augmented_cif/finetune_000081_v06.cif,Ho2C8NO16,True,0.0,0,,-NH2,0.14442711587002763,"functional,substitution,noise",False,True,0.13346213653976627,0.22959644159866344,2.172555025634546e+25,3.7374712858306406e+25,4.609540641960254,2.5352473530781396,1.7203114497590337,54,4,11.74074074074074,0.7166666666666667,0.8327214420200791,0.07407407407407407
finetune_000082_v00,finetune_000082,CuHC4O3,HF_COREMOF_GCMC,/home/rakeyma/Tüm_çalışmalar/MOF Radyoaktif Gaz Adsorpsiyonu/data/processed/augmented_cif/finetune_000082_v00.cif,CuHC4O3,False,0.0,0,,,0.0,none,False,False,0.14306361389834307,0.18913494331402203,2.5852239851953995e+25,3.417753673141659e+25,2.7268008935398664,1.4997404914469266,1.3220338712288924,54,4,8.666666666666666,0.688888888888889,0.577510822409416,0.1111111111111111
finetune_000082_v01,finetune_000082,CuHC4O3,HF_COREMOF_GCMC,/home/rakeyma/Tüm_çalışmalar/MOF Radyoaktif Gaz Adsorpsiyonu/data/processed/augmented_cif/finetune_000082_v01.cif,Cu6H5C19N3O17,True,0.16201602867216283,7,,-NH2,0.059329901538419674,"defect,functional,noise",False,True,0.19800504812091305,0.2522499927815266,3.578040464961875e+25,4.558271064419977e+25,3.1490758551074753,1.7319917203091115,1.2739573822758727,50,5,9.0,0.696,0.5564746175702895,0.12
finetune_000082_v02,finetune_000082,CuHC4O3,HF_COREMOF_GCMC,/home/rakeyma/Tüm_çalışmalar/MOF Radyoaktif Gaz Adsorpsiyonu/data/processed/augmented_cif/finetune_000082_v02.cif,Zn6H6C24O17,True,0.03328232848205772,1,Zn,,0.08657440344696225,"defect,substitution,noise",False,False,0.14369207099844997,0.18901525573243305,2.5965804882543617e+25,3.4155908645964074e+25,2.7259379756486695,1.4992658866067683,1.3154188287429722,53,4,8.79245283018868,0.6905660377358491,0.6504229393248673,0.11320754716981132
finetune_000082_v03,finetune_000082,CuHC4O3,HF_COREMOF_GCMC,/home/rakeyma/Tüm_çalışmalar/MOF Radyoaktif Gaz Adsorpsiyonu/data/processed/augmented_cif/finetune_000082_v03.cif,Cu3H3C14O9,True,0.0,0,,-CH3,0.1065644013427956,"functional,noise",False,True,0.08726527070183297,0.12111978070376517,1.5769227740412955e+25,2.188689028780414e+25,2.182102157743548,1.2001561867589514,1.3879494067875628,58,4,8.482758620689655,0.6896551724137931,0.577510822409416,0.10344827586206896
finetune_000082_v04,finetune_000082,CuHC4O3,HF_COREMOF_GCMC,/home/rakeyma/Tüm_çalışmalar/MOF Radyoaktif Gaz Adsorpsiyonu/data/processed/augmented_cif/finetune_000082_v04.cif,Cu3H3C12N2O9,True,0.0,0,,-NH2,0.1259970048376382,"functional,noise",False,True,0.0983498284617901,0.1375819281165317,1.7772257288281578e+25,2.4861674523965486e+25,2.325670781054876,1.279118929580182,1.3989035900554079,58,5,8.551724137931034,0.6862068965517241,0.5564746175702895,0.10344827586206896
finetune_000082_v05,finetune_000082,CuHC4O3,HF_COREMOF_GCMC,/home/rakeyma/Tüm_çalışmalar/MOF Radyoaktif Gaz Adsorpsiyonu/data/processed/augmented_cif/finetune_000082_v05.cif,Cu6H5(C4O3)6,True,0.03379390093651336,1,,,0.06090652264426908,"noise,defect",False,False,0.14670152249572066,0.19374150658667888,2.6509626332388634e+25,3.500996347762299e+25,2.7598080502620914,1.5178944276441504,1.3206509604720045,53,4,8.81132075471698,0.6971698113207547,0.577510822409416,0.11320754716981132
finetune_000082_v06,finetune_000082,CuHC4O3,HF_COREMOF_GCMC,/home/rakeyma/Tüm_çalışmalar/MOF Radyoaktif Gaz Adsorpsiyonu/data/processed/augmented_cif/finetune_000082_v06.cif,Cu3H3C11O8,True,0.10196523735199674,4,,,0.030478137706767015,"defect,noise",False,False,0.1987282666751989,0.2474511132794397,3.5911093502090125e+25,4.4715531488522e+25,3.1189775361876664,1.7154376449032167,1.2451732077141964,50,4,8.8,0.6920000000000001,0.577510822409416,0.12
finetune_000083_v00,finetune_000083,CoHC4O3,HF_COREMOF_GCMC,/home/rakeyma/Tüm_çalışmalar/MOF Radyoaktif Gaz Adsorpsiyonu/data/processed/augmented_cif/finetune_000083_v00.cif,CoHC4O3,False,0.0,0,,,0.0,none,False,False,0.20272234461597277,0.24081560498963828,3.3889723538711354e+25,4.025789210541387e+25,3.325674945771934,1.8291212201745637,1.1879085428191327,54,4,8.444444444444445,0.688888888888889,0.5829397481729994,0.1111111111111111
finetune_000083_v01,finetune_000083,CoHC4O3,HF_COREMOF_GCMC,/home/rakeyma/Tüm_çalışmalar/MOF Radyoaktif Gaz Adsorpsiyonu/data/processed/augmented_cif/finetune_000083_v01.cif,Mn5H5(C5O4)4,True,0.1493110671309562,8,Mn,,0.10113679370801995,"substitution,defect,noise",False,False,0.35157151221160926,0.34625458740548,5.877330086877531e+25,5.788445404679731e+25,3.987817304662501,2.193299517564376,0.984876690455713,46,4,8.217391304347826,0.6923913043478263,0.6822206387965699,0.10869565217391304
finetune_000083_v02,finetune_000083,CoHC4O3,HF_COREMOF_GCMC,/home/rakeyma/Tüm_çalışmalar/MOF Radyoaktif Gaz Adsorpsiyonu/data/processed/augmented_cif/finetune_000083_v02.cif,Ni5H4(C3O2)8,True,0.16334259395348877,9,Ni,-CH3,0.12648405682282948,"functional,substitution,defect,noise",False,True,0.2837103326427603,0.3031189503254419,4.742873685953518e+25,5.0673335716067935e+25,3.731161348067295,2.0521387414370125,1.0684099782404484,49,4,8.489795918367347,0.696938775510204,0.5748260606479145,0.10204081632653061
finetune_000083_v03,finetune_000083,CoHC4O3,HF_COREMOF_GCMC,/home/rakeyma/Tüm_çalışmalar/MOF Radyoaktif Gaz Adsorpsiyonu/data/processed/augmented_cif/finetune_000083_v03.cif,Co3H3C13O8,True,0.09463062878445416,4,,-CH3,0.11352514535101506,"noise,functional,defect",False,True,0.19684686066951892,0.23184288633387617,3.290750065164551e+25,3.875789487910684e+25,3.263129978122243,1.7947214879672337,1.177783001188478,54,4,8.37037037037037,0.6925925925925929,0.5829397481729994,0.1111111111111111
finetune_000083_v04,finetune_000083,CoHC4O3,HF_COREMOF_GCMC,/home/rakeyma/Tüm_çalışmalar/MOF Radyoaktif Gaz Adsorpsiyonu/data/processed/augmented_cif/finetune_000083_v04.cif,Co3H3C14O9,True,0.0,0,,-CH3,0.14758550197186118,"functional,noise",False,True,0.1424414990257822,0.17789351186355762,2.381238748776306e+25,2.9739010506251916e+25,2.858364043247074,1.5721002237858908,1.24888823187236,58,4,8.275862068965518,0.6896551724137931,0.5829397481729994,0.10344827586206896
finetune_000083_v05,finetune_000083,CoHC4O3,HF_COREMOF_GCMC,/home/rakeyma/Tüm_çalışmalar/MOF Radyoaktif Gaz Adsorpsiyonu/data/processed/augmented_cif/finetune_000083_v05.cif,Co6H6C23O17,True,0.1191165930487376,6,,-CH3,0.0550100341752777,"functional,defect,noise",False,True,0.2323850520828754,0.26779029222479744,3.884853041008666e+25,4.47673342918413e+25,3.5069930097066493,1.9288461553386573,1.152355927477192,52,4,8.5,0.6903846153846155,0.5829397481729994,0.11538461538461539
finetune_000083_v06,finetune_000083,CoHC4O3,HF_COREMOF_GCMC,/home/rakeyma/Tüm_çalışmalar/MOF Radyoaktif Gaz Adsorpsiyonu/data/processed/augmented_cif/finetune_000083_v06.cif,Co3H3C12N2O9,True,0.0,0,,-NH2,0.03520327165084145,"functional,noise",False,True,0.15339122571188762,0.1931229509005108,2.56428872825416e+25,3.228496309766317e+25,2.9782039138781222,1.6380121526329674,1.2590221507405557,58,5,8.344827586206897,0.6862068965517241,0.5617259118110896,0.10344827586206896
finetune_000084_v00,finetune_000084,CoHC4O3,HF_COREMOF_GCMC,/home/rakeyma/Tüm_çalışmalar/MOF Radyoaktif Gaz Adsorpsiyonu/data/processed/augmented_cif/finetune_000084_v00.cif,CoHC4O3,False,0.0,0,,,0.0,none,False,False,0.20272234461597277,0.24081560498963828,3.3889723538711354e+25,4.025789210541387e+25,3.325674945771934,1.8291212201745637,1.1879085428191327,54,4,8.444444444444445,0.688888888888889,0.5829397481729994,0.1111111111111111
finetune_000084_v01,finetune_000084,CoHC4O3,HF_COREMOF_GCMC,/home/rakeyma/Tüm_çalışmalar/MOF Radyoaktif Gaz Adsorpsiyonu/data/processed/augmented_cif/finetune_000084_v01.cif,CoHC4O3,True,0.0,0,,,0.07219435561030457,noise,False,False,0.20272234461597277,0.24081560498963828,3.3889723538711354e+25,4.025789210541387e+25,3.325674945771934,1.8291212201745637,1.1879085428191327,54,4,8.444444444444445,0.688888888888889,0.5829397481729994,0.1111111111111111
finetune_000084_v02,finetune_000084,CoHC4O3,HF_COREMOF_GCMC,/home/rakeyma/Tüm_çalışmalar/MOF Radyoaktif Gaz Adsorpsiyonu/data/processed/augmented_cif/finetune_000084_v02.cif,Co6H4C22O17,True,0.1171669537513114,5,,,0.04926250707804743,"defect,noise",False,False,0.2574090699788291,0.29204405038834624,4.303187314878748e+25,4.882191032042117e+25,3.662365356200595,2.0143009459103274,1.1345522922419389,49,4,8.857142857142858,0.7081632653061224,0.5829397481729994,0.12244897959183673
finetune_000084_v03,finetune_000084,CoHC4O3,HF_COREMOF_GCMC,/home/rakeyma/Tüm_çalışmalar/MOF Radyoaktif Gaz Adsorpsiyonu/data/processed/augmented_cif/finetune_000084_v03.cif,MnHC4O3,True,0.0,0,Mn,,0.042150561461401136,"substitution,noise",False,False,0.1978418186893586,0.22899850163094293,3.3073830871872915e+25,3.828239026020184e+25,3.2430512059343135,1.7836781632638725,1.1574827968524946,54,4,8.222222222222221,0.6944444444444445,0.6822206387965699,0.1111111111111111
finetune_000084_v04,finetune_000084,CoHC4O3,HF_COREMOF_GCMC,/home/rakeyma/Tüm_çalışmalar/MOF Radyoaktif Gaz Adsorpsiyonu/data/processed/augmented_cif/finetune_000084_v04.cif,Zn3H3C12O7,True,0.14495645658602346,8,Zn,-CH3,0.0746160719225806,"substitution,functional,defect,noise",False,True,0.24522192329150796,0.2834754073481296,4.099451001182575e+25,4.738946366889422e+25,3.6082380307914144,1.984530916935278,1.1559953675558925,50,4,8.84,0.6960000000000001,0.6504229393248673,0.12
finetune_000084_v05,finetune_000084,CoHC4O3,HF_COREMOF_GCMC,/home/rakeyma/Tüm_çalışmalar/MOF Radyoaktif Gaz Adsorpsiyonu/data/processed/augmented_cif/finetune_000084_v05.cif,Co6H3(C11O9)2,True,0.12318401395378077,5,,,0.14586900580875672,"defect,noise",False,False,0.24711016876531955,0.2850615038757214,4.131017386822956e+25,4.76546163481789e+25,3.6183183246276966,1.9900750785452332,1.1535806288345996,49,4,9.0,0.7153061224489795,0.5829397481729994,0.12244897959183673
finetune_000084_v06,finetune_000084,CoHC4O3,HF_COREMOF_GCMC,/home/rakeyma/Tüm_çalışmalar/MOF Radyoaktif Gaz Adsorpsiyonu/data/processed/augmented_cif/finetune_000084_v06.cif,Co3H3C14O9,True,0.0,0,,-CH3,0.10993442658894326,"functional,noise",False,True,0.1424414990257822,0.17789351186355762,2.381238748776306e+25,2.9739010506251916e+25,2.858364043247074,1.5721002237858908,1.24888823187236,58,4,8.275862068965518,0.6896551724137931,0.5829397481729994,0.10344827586206896
finetune_000085_v00,finetune_000085,ZnH3(CO2)3,HF_COREMOF_GCMC,/home/rakeyma/Tüm_çalışmalar/MOF Radyoaktif Gaz Adsorpsiyonu/data/processed/augmented_cif/finetune_000085_v00.cif,ZnH3(CO2)3,False,0.0,0,,,0.0,none,False,False,0.052105398663349865,0.07953073960619306,1.3063331714848035e+25,1.993913221383093e+25,2.354517765567317,1.2949847710620246,1.5263435583716922,52,4,7.615384615384615,0.6000000000000001,0.6504229393248673,0.07692307692307693
finetune_000085_v01,finetune_000085,ZnH3(CO2)3,HF_COREMOF_GCMC,/home/rakeyma/Tüm_çalışmalar/MOF Radyoaktif Gaz Adsorpsiyonu/data/processed/augmented_cif/finetune_000085_v01.cif,Cd3H11(C5O11)2,True,0.1215492397848018,6,Cd,,0.10783099708422977,"noise,substitution,defect",False,False,0.11113634440321307,0.1735605291204656,2.786296563806829e+25,4.351331767277989e+25,3.478243192234534,1.9130337557289938,1.5616901028413508,46,4,8.5,0.6000000000000002,0.6380830666927308,0.06521739130434782
finetune_000085_v02,finetune_000085,ZnH3(CO2)3,HF_COREMOF_GCMC,/home/rakeyma/Tüm_çalışmalar/MOF Radyoaktif Gaz Adsorpsiyonu/data/processed/augmented_cif/finetune_000085_v02.cif,Cd4H11C10O21,True,0.14571820604846486,6,Cd,,0.13570125515525305,"defect,substitution,noise",False,False,0.08060675443765254,0.14067598144244275,2.020889962822629e+25,3.526884079263448e+25,3.1314424739896802,1.7222933606943243,1.7452133189564452,46,4,9.369565217391305,0.6206521739130437,0.6380830666927308,0.08695652173913043
finetune_000085_v03,finetune_000085,ZnH3(CO2)3,HF_COREMOF_GCMC,/home/rakeyma/Tüm_çalışmalar/MOF Radyoaktif Gaz Adsorpsiyonu/data/processed/augmented_cif/finetune_000085_v03.cif,Zn4H12C11(NO10)2,True,0.1145965487794913,5,,-NH2,0.07969072189708909,"functional,defect,noise",False,True,0.09394604436247005,0.13481101477919366,2.355318973248741e+25,3.3798436439458714e+25,3.0654705623780716,1.6860088093079395,1.43498340663557,49,5,7.591836734693878,0.6000000000000001,0.6263098274815748,0.08163265306122448
finetune_000085_v04,finetune_000085,ZnH3(CO2)3,HF_COREMOF_GCMC,/home/rakeyma/Tüm_çalışmalar/MOF Radyoaktif Gaz Adsorpsiyonu/data/processed/augmented_cif/finetune_000085_v04.cif,Cd2H6C7O12,True,0.0,0,Cd,-CH3,0.08721040144334943,"functional,substitution,noise",False,True,0.02590741046542819,0.05,6.495240521413866e+24,1.2535487732518377e+25,1.8668931544145744,1.2,1.9299497364555926,54,4,8.88888888888889,0.6185185185185188,0.6380830666927308,0.07407407407407407
finetune_000085_v05,finetune_000085,ZnH3(CO2)3,HF_COREMOF_GCMC,/home/rakeyma/Tüm_çalışmalar/MOF Radyoaktif Gaz Adsorpsiyonu/data/processed/augmented_cif/finetune_000085_v05.cif,Cd2H6C6O11,True,0.04677051452898437,2,Cd,,0.07619591126410473,"substitution,defect,noise",False,False,0.03852314692467522,0.07023975902750978,9.658128713845383e+24,1.7609792752487914e+25,2.2127174842395836,1.216994616331771,1.8233131152252553,50,4,9.04,0.6160000000000001,0.6380830666927308,0.08
finetune_000085_v06,finetune_000085,ZnH3(CO2)3,HF_COREMOF_GCMC,/home/rakeyma/Tüm_çalışmalar/MOF Radyoaktif Gaz Adsorpsiyonu/data/processed/augmented_cif/finetune_000085_v06.cif,Cd2H6C6NO12,True,0.0,0,Cd,-NH2,0.05564569002628392,"functional,substitution,noise",False,True,0.025805803462654518,0.05,6.46976665467772e+24,1.253548773251838e+25,1.8668931544145744,1.2,1.9375486631276058,54,5,8.925925925925926,0.6166666666666667,0.6145762767956472,0.07407407407407407
finetune_000086_v00,finetune_000086,Ho(CO2)4,HF_COREMOF_GCMC,/home/rakeyma/Tüm_çalışmalar/MOF Radyoaktif Gaz Adsorpsiyonu/data/processed/augmented_cif/finetune_000086_v00.cif,Ho(CO2)4,False,0.0,0,,,0.0,none,False,False,0.14997836171222506,0.25281674030478984,2.4414133620380375e+25,4.115461463109865e+25,4.837021143375599,2.6603616288565797,1.6856881047273249,52,3,11.923076923076923,0.7192307692307693,0.9079035680560402,0.07692307692307693
finetune_000086_v01,finetune_000086,Ho(CO2)4,HF_COREMOF_GCMC,/home/rakeyma/Tüm_çalışmalar/MOF Radyoaktif Gaz Adsorpsiyonu/data/processed/augmented_cif/finetune_000086_v01.cif,Ho(CO2)4,True,0.0,0,,,0.10492918530140402,noise,False,False,0.14997836171222506,0.25281674030478984,2.4414133620380375e+25,4.115461463109865e+25,4.837021143375599,2.6603616288565797,1.6856881047273249,52,3,11.923076923076923,0.7192307692307693,0.9079035680560402,0.07692307692307693
finetune_000086_v02,finetune_000086,Ho(CO2)4,HF_COREMOF_GCMC,/home/rakeyma/Tüm_çalışmalar/MOF Radyoaktif Gaz Adsorpsiyonu/data/processed/augmented_cif/finetune_000086_v02.cif,Ho4C14O29,True,0.11403768769478138,5,,,0.0469299911659799,"defect,substitution,noise",False,False,0.19809840850232044,0.31629877815005736,3.2247325280431573e+25,5.148849837775696e+25,5.410330918218419,2.9756820050201305,1.596675008857289,47,3,12.425531914893616,0.7276595744680853,0.9079035680560402,0.0851063829787234
finetune_000086_v03,finetune_000086,Ho(CO2)4,HF_COREMOF_GCMC,/home/rakeyma/Tüm_çalışmalar/MOF Radyoaktif Gaz Adsorpsiyonu/data/processed/augmented_cif/finetune_000086_v03.cif,Ho(CO2)4,True,0.0,0,,,0.04388619612327771,"substitution,noise",False,False,0.14997836171222506,0.25281674030478984,2.4414133620380375e+25,4.115461463109865e+25,4.837021143375599,2.6603616288565797,1.6856881047273249,52,3,11.923076923076923,0.7192307692307693,0.9079035680560402,0.07692307692307693
finetune_000086_v04,finetune_000086,Ho(CO2)4,HF_COREMOF_GCMC,/home/rakeyma/Tüm_çalışmalar/MOF Radyoaktif Gaz Adsorpsiyonu/data/processed/augmented_cif/finetune_000086_v04.cif,Ho2C7O15,True,0.12128014970296681,6,,-CH3,0.12047763962011,"functional,defect,substitution,noise",False,True,0.18890153342728755,0.30534980285435553,3.0750217734993596e+25,4.970617629593282e+25,5.315864397750813,2.9237254187629476,1.6164495719770933,48,3,12.333333333333334,0.725,0.9079035680560402,0.08333333333333333
finetune_000086_v05,finetune_000086,Ho(CO2)4,HF_COREMOF_GCMC,/home/rakeyma/Tüm_çalışmalar/MOF Radyoaktif Gaz Adsorpsiyonu/data/processed/augmented_cif/finetune_000086_v05.cif,Ho4(C2O3)9,True,0.12392600280981862,5,,-CH3,0.149840261692438,"defect,functional,noise",False,True,0.17131190869549712,0.27692650482513825,2.7886901696388842e+25,4.507930753903373e+25,5.062410219760892,2.784325620868491,1.6165046956389273,49,3,12.081632653061224,0.7306122448979593,0.9079035680560402,0.08163265306122448
finetune_000086_v06,finetune_000086,Ho(CO2)4,HF_COREMOF_GCMC,/home/rakeyma/Tüm_çalışmalar/MOF Radyoaktif Gaz Adsorpsiyonu/data/processed/augmented_cif/finetune_000086_v06.cif,Ho2C8NO16,True,0.0,0,,-NH2,0.09852057234918675,"functional,substitution,noise",False,True,0.13346213653976627,0.22959644159866344,2.172555025634546e+25,3.7374712858306406e+25,4.609540641960254,2.5352473530781396,1.7203114497590337,54,4,11.74074074074074,0.7166666666666667,0.8327214420200791,0.07407407407407407
finetune_000087_v00,finetune_000087,FeHC4O3,HF_COREMOF_GCMC,/home/rakeyma/Tüm_çalışmalar/MOF Radyoaktif Gaz Adsorpsiyonu/data/processed/augmented_cif/finetune_000087_v00.cif,FeHC4O3,False,0.0,0,,,0.0,none,False,False,0.2132917425616269,0.24421624944712994,3.5062473095194724e+25,4.014607210204248e+25,3.3668647255100255,1.8517755990305143,1.1449868921979853,54,4,8.333333333333334,0.6944444444444445,0.5968458762528228,0.1111111111111111
finetune_000087_v01,finetune_000087,FeHC4O3,HF_COREMOF_GCMC,/home/rakeyma/Tüm_çalışmalar/MOF Radyoaktif Gaz Adsorpsiyonu/data/processed/augmented_cif/finetune_000087_v01.cif,FeHC4O3,True,0.0,0,,,0.1163193647357633,"substitution,defect,noise",False,False,0.2132917425616269,0.24421624944712994,3.5062473095194724e+25,4.014607210204248e+25,3.3668647255100255,1.8517755990305143,1.1449868921979853,54,4,8.333333333333334,0.6944444444444445,0.5968458762528228,0.1111111111111111
finetune_000087_v02,finetune_000087,FeHC4O3,HF_COREMOF_GCMC,/home/rakeyma/Tüm_çalışmalar/MOF Radyoaktif Gaz Adsorpsiyonu/data/processed/augmented_cif/finetune_000087_v02.cif,Fe6H6C26O17,True,0.042679536964671735,2,,-CH3,0.06802350810099801,"defect,functional,noise",False,True,0.19423062831940013,0.2243362537178042,3.1929066254142704e+25,3.6878051469735675e+25,3.226919418639928,1.7748056802519607,1.154999371926539,55,4,8.254545454545454,0.6963636363636365,0.5968458762528228,0.10909090909090909
finetune_000087_v03,finetune_000087,FeHC4O3,HF_COREMOF_GCMC,/home/rakeyma/Tüm_çalışmalar/MOF Radyoaktif Gaz Adsorpsiyonu/data/processed/augmented_cif/finetune_000087_v03.cif,FeHC4O3,True,0.0,0,,,0.033337206387058414,"substitution,noise",False,False,0.2132917425616269,0.24421624944712994,3.5062473095194724e+25,4.014607210204248e+25,3.3668647255100255,1.8517755990305143,1.1449868921979853,54,4,8.333333333333334,0.6944444444444445,0.5968458762528228,0.1111111111111111
finetune_000087_v04,finetune_000087,FeHC4O3,HF_COREMOF_GCMC,/home/rakeyma/Tüm_çalışmalar/MOF Radyoaktif Gaz Adsorpsiyonu/data/processed/augmented_cif/finetune_000087_v04.cif,Fe3H3C14O9,True,0.0,0,,-CH3,0.1404032197325008,"substitution,functional,noise",False,True,0.15132793999084299,0.18234266751095995,2.487640525018036e+25,2.9974835391772437e+25,2.909260033966289,1.600093018681459,1.204950437586038,58,4,8.172413793103448,0.6948275862068966,0.5968458762528228,0.10344827586206896
finetune_000087_v05,finetune_000087,FeHC4O3,HF_COREMOF_GCMC,/home/rakeyma/Tüm_çalışmalar/MOF Radyoaktif Gaz Adsorpsiyonu/data/processed/augmented_cif/finetune_000087_v05.cif,Fe3H3C12N2O9,True,0.0,0,,-NH2,0.03453169783619409,"functional,substitution,noise",False,True,0.1624132135213938,0.1973183286385497,2.669868444509814e+25,3.2436645253995097e+25,3.026370556218682,1.664503805920275,1.214915488465217,58,5,8.241379310344827,0.6913793103448275,0.5751312893592209,0.10344827586206896
finetune_000087_v06,finetune_000087,FeHC4O3,HF_COREMOF_GCMC,/home/rakeyma/Tüm_çalışmalar/MOF Radyoaktif Gaz Adsorpsiyonu/data/processed/augmented_cif/finetune_000087_v06.cif,Fe6H6C22O17,True,0.07416802678905426,3,,,0.13595560626646835,"defect,noise",False,False,0.2613702937544164,0.2862098356539743,4.2965980691913135e+25,4.7049288180005745e+25,3.6448584429365183,2.0046721436150854,1.0950358265384863,51,4,8.431372549019608,0.6960784313725492,0.5968458762528228,0.11764705882352941
finetune_000088_v00,finetune_000088,CoHC4O3,HF_COREMOF_GCMC,/home/rakeyma/Tüm_çalışmalar/MOF Radyoaktif Gaz Adsorpsiyonu/data/processed/augmented_cif/finetune_000088_v00.cif,CoHC4O3,False,0.0,0,,,0.0,none,False,False,0.20272234461597277,0.24081560498963828,3.3889723538711354e+25,4.025789210541387e+25,3.325674945771934,1.8291212201745637,1.1879085428191327,54,4,8.444444444444445,0.688888888888889,0.5829397481729994,0.1111111111111111
finetune_000088_v01,finetune_000088,CoHC4O3,HF_COREMOF_GCMC,/home/rakeyma/Tüm_çalışmalar/MOF Radyoaktif Gaz Adsorpsiyonu/data/processed/augmented_cif/finetune_000088_v01.cif,CoHC4O3,True,0.0,0,,,0.0504919761293698,noise,False,False,0.20272234461597277,0.24081560498963828,3.3889723538711354e+25,4.025789210541387e+25,3.325674945771934,1.8291212201745637,1.1879085428191327,54,4,8.444444444444445,0.688888888888889,0.5829397481729994,0.1111111111111111
finetune_000088_v02,finetune_000088,CoHC4O3,HF_COREMOF_GCMC,/home/rakeyma/Tüm_çalışmalar/MOF Radyoaktif Gaz Adsorpsiyonu/data/processed/augmented_cif/finetune_000088_v02.cif,Co6H6(C4O3)5,True,0.14854280768697425,7,,,0.1333340132908345,"defect,noise",False,False,0.3165744483189362,0.337470189976636,5.292273307746408e+25,5.64159390644867e+25,3.9369073434391946,2.165299038891557,1.066005774530003,47,4,8.680851063829786,0.693617021276596,0.5829397481729994,0.1276595744680851
finetune_000088_v03,finetune_000088,CoHC4O3,HF_COREMOF_GCMC,/home/rakeyma/Tüm_çalışmalar/MOF Radyoaktif Gaz Adsorpsiyonu/data/processed/augmented_cif/finetune_000088_v03.cif,Co3H3C13O8,True,0.08052388240536507,3,,-CH3,0.12379262805110174,"defect,functional,noise",False,True,0.19684686066951892,0.23184288633387617,3.290750065164551e+25,3.875789487910684e+25,3.263129978122243,1.7947214879672337,1.177783001188478,54,4,8.37037037037037,0.6925925925925929,0.5829397481729994,0.1111111111111111
finetune_000088_v04,finetune_000088,CoHC4O3,HF_COREMOF_GCMC,/home/rakeyma/Tüm_çalışmalar/MOF Radyoaktif Gaz Adsorpsiyonu/data/processed/augmented_cif/finetune_000088_v04.cif,ZnHC4O3,True,0.0,0,Zn,,0.08318340107930217,"substitution,noise",False,False,0.19276892384325992,0.23849875153357314,3.2225779295708914e+25,3.987057652234633e+25,3.3096383529431552,1.8203010941187354,1.2372261398704287,54,4,8.777777777777779,0.688888888888889,0.6504229393248673,0.1111111111111111
finetune_000088_v05,finetune_000088,CoHC4O3,HF_COREMOF_GCMC,/home/rakeyma/Tüm_çalışmalar/MOF Radyoaktif Gaz Adsorpsiyonu/data/processed/augmented_cif/finetune_000088_v05.cif,Co3H3C12N2O9,True,0.0,0,,-NH2,0.12087241298069278,"functional,noise",False,True,0.15339122571188762,0.1931229509005108,2.56428872825416e+25,3.228496309766317e+25,2.9782039138781222,1.6380121526329674,1.2590221507405557,58,5,8.344827586206897,0.6862068965517241,0.5617259118110896,0.10344827586206896
finetune_000088_v06,finetune_000088,CoHC4O3,HF_COREMOF_GCMC,/home/rakeyma/Tüm_çalışmalar/MOF Radyoaktif Gaz Adsorpsiyonu/data/processed/augmented_cif/finetune_000088_v06.cif,NiHC4O3,True,0.0,0,Ni,,0.13554341790997926,"substitution,noise",False,False,0.20877834443344895,0.24762830795697666,3.4902123824203038e+25,4.139679280504727e+25,3.372388741022685,1.854813807562477,1.186082343113472,54,4,8.555555555555555,0.688888888888889,0.5748260606479145,0.1111111111111111
finetune_000089_v00,finetune_000089,EuHC6N2O5,HF_COREMOF_GCMC,/home/rakeyma/Tüm_çalışmalar/MOF Radyoaktif Gaz Adsorpsiyonu/data/processed/augmented_cif/finetune_000089_v00.cif,EuHC6N2O5,False,0.0,0,,,0.0,none,False,False,0.026663069368171966,0.05,6.59103069616188e+24,1.235984988290522e+25,2.179271850871295,1.2,1.8752529691756201,45,5,10.266666666666667,0.7066666666666668,0.768988946604566,0.06666666666666667
finetune_000089_v01,finetune_000089,EuHC6N2O5,HF_COREMOF_GCMC,/home/rakeyma/Tüm_çalışmalar/MOF Radyoaktif Gaz Adsorpsiyonu/data/processed/augmented_cif/finetune_000089_v01.cif,EuHC6N3O5,True,0.0,0,,-NH2,0.037796320521849586,"noise,functional",False,True,0.025586976219699485,0.05,6.325023700659027e+24,1.2359849882905222e+25,2.179271850871295,1.2,1.954119141342886,48,5,10.0625,0.703125,0.768988946604566,0.0625
finetune_000089_v02,finetune_000089,EuHC6N2O5,HF_COREMOF_GCMC,/home/rakeyma/Tüm_çalışmalar/MOF Radyoaktif Gaz Adsorpsiyonu/data/processed/augmented_cif/finetune_000089_v02.cif,EuHC6N3O5,True,0.0,0,,-NH2,0.09676085834232688,"noise,functional",False,True,0.025586976219699485,0.05,6.325023700659027e+24,1.2359849882905222e+25,2.179271850871295,1.2,1.954119141342886,48,5,10.0625,0.703125,0.768988946604566,0.0625
finetune_000089_v03,finetune_000089,EuHC6N2O5,HF_COREMOF_GCMC,/home/rakeyma/Tüm_çalışmalar/MOF Radyoaktif Gaz Adsorpsiyonu/data/processed/augmented_cif/finetune_000089_v03.cif,Eu3H2C17N4O15,True,0.15519114817222035,6,,-CH3,0.05587174083106261,"defect,functional,noise",False,True,0.04877806071195492,0.08771472111091938,1.2057790159579992e+25,2.1682815709037218e+25,2.886440772092104,1.5875424246506573,1.798241254995641,41,5,10.75609756097561,0.7207317073170731,0.768988946604566,0.07317073170731707
finetune_000089_v04,finetune_000089,EuHC6N2O5,HF_COREMOF_GCMC,/home/rakeyma/Tüm_çalışmalar/MOF Radyoaktif Gaz Adsorpsiyonu/data/processed/augmented_cif/finetune_000089_v04.cif,Eu3H3C16N5O13,True,0.12364129689224591,5,,,0.06079175781433839,"defect,noise",False,False,0.06898426122235006,0.12029625417690559,1.7052702259827324e+25,2.9736872862047256e+25,3.380278313927177,1.8591530726599474,1.743821736224249,40,5,10.675,0.71375,0.768988946604566,0.075
finetune_000089_v05,finetune_000089,EuHC6N2O5,HF_COREMOF_GCMC,/home/rakeyma/Tüm_çalışmalar/MOF Radyoaktif Gaz Adsorpsiyonu/data/processed/augmented_cif/finetune_000089_v05.cif,EuHC7N2O5,True,0.0,0,,-CH3,0.03821455911720949,"substitution,functional,noise",False,True,0.025734985299394563,0.05,6.361611100785789e+24,1.235984988290522e+25,2.179271850871295,1.2,1.9428804570242475,48,5,10.0,0.7062499999999999,0.768988946604566,0.0625
finetune_000089_v06,finetune_000089,EuHC6N2O5,HF_COREMOF_GCMC,/home/rakeyma/Tüm_çalışmalar/MOF Radyoaktif Gaz Adsorpsiyonu/data/processed/augmented_cif/finetune_000089_v06.cif,EuHC6N3O5,True,0.0,0,,-NH2,0.11261179297659606,"functional,noise",False,True,0.025586976219699485,0.05,6.325023700659027e+24,1.2359849882905222e+25,2.179271850871295,1.2,1.954119141342886,48,5,10.0625,0.703125,0.768988946604566,0.0625
finetune_000090_v00,finetune_000090,ErH4(CO2)4,HF_COREMOF_GCMC,/home/rakeyma/Tüm_çalışmalar/MOF Radyoaktif Gaz Adsorpsiyonu/data/processed/augmented_cif/finetune_000090_v00.cif,ErH4(CO2)4,False,0.0,0,,,0.0,none,False,False,0.023600667038622233,0.05,9.4800095235009e+24,2.008419827284324e+25,1.5,1.2,2.1185841873950237,34,4,9.411764705882353,0.6088235294117648,0.7877935960643498,0.058823529411764705
finetune_000090_v01,finetune_000090,ErH4(CO2)4,HF_COREMOF_GCMC,/home/rakeyma/Tüm_çalışmalar/MOF Radyoaktif Gaz Adsorpsiyonu/data/processed/augmented_cif/finetune_000090_v01.cif,ErH4(CO2)4,True,0.0,0,,,0.04444447999213611,noise,False,False,0.023600667038622233,0.05,9.4800095235009e+24,2.008419827284324e+25,1.5,1.2,2.1185841873950237,34,4,9.411764705882353,0.6088235294117648,0.7877935960643498,0.058823529411764705
finetune_000090_v02,finetune_000090,ErH4(CO2)4,HF_COREMOF_GCMC,/home/rakeyma/Tüm_çalışmalar/MOF Radyoaktif Gaz Adsorpsiyonu/data/processed/augmented_cif/finetune_000090_v02.cif,Er2H7C6NO15,True,0.14729716072124754,4,,-NH2,0.04773850305124221,"noise,functional,defect",False,True,0.040687768212674974,0.08284728143605857,1.6343624081257054e+25,3.32784245345569e+25,1.9065994120810383,1.2,2.0361716819417524,31,5,9.870967741935484,0.6161290322580647,0.7556612997897934,0.06451612903225806
finetune_000090_v03,finetune_000090,ErH4(CO2)4,HF_COREMOF_GCMC,/home/rakeyma/Tüm_çalışmalar/MOF Radyoaktif Gaz Adsorpsiyonu/data/processed/augmented_cif/finetune_000090_v03.cif,Er2H8(C3O5)3,True,0.039231540002041904,1,,-CH3,0.08791019996278887,"functional,noise,defect",False,True,0.023736963882914342,0.05,9.53475778039541e+24,2.0084198272843235e+25,1.5,1.2,2.1064193486004146,34,4,9.352941176470589,0.611764705882353,0.7877935960643498,0.058823529411764705
finetune_000090_v04,finetune_000090,ErH4(CO2)4,HF_COREMOF_GCMC,/home/rakeyma/Tüm_çalışmalar/MOF Radyoaktif Gaz Adsorpsiyonu/data/processed/augmented_cif/finetune_000090_v04.cif,Er2H7C7O13,True,0.16454134371280513,5,,,0.08866809743828424,"defect,noise",False,False,0.06609800321729764,0.1277339599639763,2.6550508041104715e+25,5.130868356183839e+25,2.3674101861123127,1.302075602361772,1.9324934755449423,29,4,9.96551724137931,0.6189655172413794,0.7877935960643498,0.06896551724137931
finetune_000090_v05,finetune_000090,ErH4(CO2)4,HF_COREMOF_GCMC,/home/rakeyma/Tüm_çalışmalar/MOF Radyoaktif Gaz Adsorpsiyonu/data/processed/augmented_cif/finetune_000090_v05.cif,Er2H8C9O16,True,0.0,0,,-CH3,0.030444454642930878,"functional,noise",False,True,0.02319954452656024,0.05,9.318885042221818e+24,2.008419827284324e+25,1.5,1.2,2.155214725994167,35,4,9.314285714285715,0.6114285714285715,0.7877935960643498,0.05714285714285714
finetune_000090_v06,finetune_000090,ErH4(CO2)4,HF_COREMOF_GCMC,/home/rakeyma/Tüm_çalışmalar/MOF Radyoaktif Gaz Adsorpsiyonu/data/processed/augmented_cif/finetune_000090_v06.cif,Er2H8C7O16,True,0.061509321037793316,1,,,0.0633595626614933,"defect,noise",False,False,0.024015904498603052,0.05,9.646803753032231e+24,2.008419827284324e+25,1.5,1.2,2.0819536487958796,33,4,9.515151515151516,0.6060606060606061,0.7877935960643498,0.06060606060606061
finetune_000091_v00,finetune_000091,ZnHC4O3,HF_COREMOF_GCMC,/home/rakeyma/Tüm_çalışmalar/MOF Radyoaktif Gaz Adsorpsiyonu/data/processed/augmented_cif/finetune_000091_v00.cif,ZnHC4O3,False,0.0,0,,,0.0,none,False,False,0.20687860416176837,0.2515640963015523,3.3991159257691533e+25,4.133320260715269e+25,3.442719217267522,1.8934955694971374,1.2159986158106626,54,4,8.777777777777779,0.688888888888889,0.6504229393248673,0.1111111111111111
finetune_000091_v01,finetune_000091,ZnHC4O3,HF_COREMOF_GCMC,/home/rakeyma/Tüm_çalışmalar/MOF Radyoaktif Gaz Adsorpsiyonu/data/processed/augmented_cif/finetune_000091_v01.cif,Zn3H3C12N2O9,True,0.0,0,,-NH2,0.038382877869856245,"functional,noise",False,True,0.15918110193565163,0.20468972185389522,2.615422802484996e+25,3.363151526538636e+25,3.105455374260989,1.708000455843544,1.2858921025477024,58,5,8.655172413793103,0.6862068965517241,0.6263098274815748,0.10344827586206896
finetune_000091_v02,finetune_000091,ZnHC4O3,HF_COREMOF_GCMC,/home/rakeyma/Tüm_çalışmalar/MOF Radyoaktif Gaz Adsorpsiyonu/data/processed/augmented_cif/finetune_000091_v02.cif,Zn3H3C12N2O9,True,0.0,0,,-NH2,0.11034957901257429,"functional,noise",False,True,0.15918110193565163,0.20468972185389522,2.615422802484996e+25,3.363151526538636e+25,3.105455374260989,1.708000455843544,1.2858921025477024,58,5,8.655172413793103,0.6862068965517241,0.6263098274815748,0.10344827586206896
finetune_000091_v03,finetune_000091,ZnHC4O3,HF_COREMOF_GCMC,/home/rakeyma/Tüm_çalışmalar/MOF Radyoaktif Gaz Adsorpsiyonu/data/processed/augmented_cif/finetune_000091_v03.cif,Zn6H5C21N3O16,True,0.1426761260975619,7,,-NH2,0.10980884960770008,"functional,defect,noise",False,True,0.2445089842832526,0.2890811900745439,4.017401344321499e+25,4.749744329550501e+25,3.6905168436741134,2.0297842640207624,1.1822927117461517,51,5,9.019607843137255,0.6980392156862744,0.6263098274815748,0.11764705882352941
finetune_000091_v04,finetune_000091,ZnHC4O3,HF_COREMOF_GCMC,/home/rakeyma/Tüm_çalışmalar/MOF Radyoaktif Gaz Adsorpsiyonu/data/processed/augmented_cif/finetune_000091_v04.cif,Zn6H6C25O17,True,0.08192898789819804,3,,-CH3,0.03406817765474241,"defect,functional,noise",False,True,0.20408759409379945,0.24715471101867748,3.3532582750495215e+25,4.060871919338447e+25,3.4124140492722503,1.8768277270997378,1.2110227087349767,54,4,8.74074074074074,0.690740740740741,0.6504229393248673,0.1111111111111111
finetune_000091_v05,finetune_000091,ZnHC4O3,HF_COREMOF_GCMC,/home/rakeyma/Tüm_çalışmalar/MOF Radyoaktif Gaz Adsorpsiyonu/data/processed/augmented_cif/finetune_000091_v05.cif,Zn6H6(C4O3)5,True,0.1658188491728319,7,,,0.08274544118053742,"defect,noise",False,False,0.31615064367916557,0.3465603445769502,5.1945085970887225e+25,5.69415474966383e+25,4.040793977466476,2.222436687606562,1.0961873761947638,47,4,9.063829787234043,0.693617021276596,0.6504229393248673,0.1276595744680851
finetune_000091_v06,finetune_000091,ZnHC4O3,HF_COREMOF_GCMC,/home/rakeyma/Tüm_çalışmalar/MOF Radyoaktif Gaz Adsorpsiyonu/data/processed/augmented_cif/finetune_000091_v06.cif,Zn6H5C25O18,True,0.07362125303970017,3,,-CH3,0.13487479858879312,"noise,defect,functional",False,True,0.1954030784449346,0.24029196651258866,3.210567465773928e+25,3.948113694583168e+25,3.364704280481346,1.8505873542647404,1.2297245694637504,54,4,8.87037037037037,0.6972222222222224,0.6504229393248673,0.1111111111111111
finetune_000092_v00,finetune_000092,AlH5C8O5,HF_COREMOF_GCMC,/home/rakeyma/Tüm_çalışmalar/MOF Radyoaktif Gaz Adsorpsiyonu/data/processed/augmented_cif/finetune_000092_v00.cif,AlH5C8O5,False,0.0,0,,,0.0,none,False,False,0.21360919249904964,0.20169697092847594,6.382617227450461e+25,6.026681465866189e+25,2.988357040731488,1.6435963724023186,0.9442335723888536,38,4,5.578947368421052,0.5842105263157897,0.6629856710367125,0.05263157894736842
finetune_000092_v01,finetune_000092,AlH5C8O5,HF_COREMOF_GCMC,/home/rakeyma/Tüm_çalışmalar/MOF Radyoaktif Gaz Adsorpsiyonu/data/processed/augmented_cif/finetune_000092_v01.cif,CrH5C8O5,True,0.0,0,Cr,,0.09336002543127854,"substitution,noise",False,False,0.163502598924283,0.1729420332696997,4.885438179968284e+25,5.167487353815108e+25,2.7671523900052515,1.5219338145028884,1.0577326257045494,38,4,6.157894736842105,0.5921052631578949,0.647316576336494,0.05263157894736842
finetune_000092_v02,finetune_000092,AlH5C8O5,HF_COREMOF_GCMC,/home/rakeyma/Tüm_çalışmalar/MOF Radyoaktif Gaz Adsorpsiyonu/data/processed/augmented_cif/finetune_000092_v02.cif,AlH5C8O5,True,0.0,0,,,0.11598348326844131,noise,False,False,0.21360919249904964,0.20169697092847594,6.382617227450461e+25,6.026681465866189e+25,2.988357040731488,1.6435963724023186,0.9442335723888536,38,4,5.578947368421052,0.5842105263157897,0.6629856710367125,0.05263157894736842
finetune_000092_v03,finetune_000092,AlH5C8O5,HF_COREMOF_GCMC,/home/rakeyma/Tüm_çalışmalar/MOF Radyoaktif Gaz Adsorpsiyonu/data/processed/augmented_cif/finetune_000092_v03.cif,Al2H8C16NO8,True,0.1423719547754562,5,,-NH2,0.10071820408816123,"functional,defect,noise",False,True,0.26235397680484723,0.23581484537893627,7.839105576190064e+25,7.046119490437482e+25,3.2312336843041383,1.7771785263672761,0.8988422750471506,35,5,5.742857142857143,0.6042857142857143,0.6382287990995078,0.05714285714285714
finetune_000092_v04,finetune_000092,AlH5C8O5,HF_COREMOF_GCMC,/home/rakeyma/Tüm_çalışmalar/MOF Radyoaktif Gaz Adsorpsiyonu/data/processed/augmented_cif/finetune_000092_v04.cif,AlH5C8O5,True,0.0,0,,,0.04663522159330441,noise,False,False,0.21360919249904964,0.20169697092847594,6.382617227450461e+25,6.026681465866189e+25,2.988357040731488,1.6435963724023186,0.9442335723888536,38,4,5.578947368421052,0.5842105263157897,0.6629856710367125,0.05263157894736842
finetune_000092_v05,finetune_000092,AlH5C8O5,HF_COREMOF_GCMC,/home/rakeyma/Tüm_çalışmalar/MOF Radyoaktif Gaz Adsorpsiyonu/data/processed/augmented_cif/finetune_000092_v05.cif,Al2H9C17O9,True,0.10695354356965539,3,,-CH3,0.044291466379488595,"defect,functional,noise",False,True,0.21577417698750928,0.20129527587942475,6.447306706079838e+25,6.0146788656491275e+25,2.9853797860538718,1.6419588823296296,0.9328978967259707,37,4,5.648648648648648,0.5959459459459461,0.6629856710367125,0.05405405405405406
finetune_000092_v06,finetune_000092,AlH5C8O5,HF_COREMOF_GCMC,/home/rakeyma/Tüm_çalışmalar/MOF Radyoaktif Gaz Adsorpsiyonu/data/processed/augmented_cif/finetune_000092_v06.cif,FeH5C8NO5,True,0.0,0,Fe,-NH2,0.12660913059871184,"functional,substitution,noise",False,True,0.11697576200785201,0.1332060536487214,3.4952218350283936e+25,3.980181015958864e+25,2.428537296570006,1.3356955131135033,1.13874918497885,40,5,6.3,0.595,0.5751312893592209,0.05
finetune_000093_v00,finetune_000093,EuHC6N2O5,HF_COREMOF_GCMC,/home/rakeyma/Tüm_çalışmalar/MOF Radyoaktif Gaz Adsorpsiyonu/data/processed/augmented_cif/finetune_000093_v00.cif,EuHC6N2O5,False,0.0,0,,,0.0,none,False,False,0.026663069368171966,0.05,6.59103069616188e+24,1.235984988290522e+25,2.179271850871295,1.2,1.8752529691756201,45,5,10.266666666666667,0.7066666666666668,0.768988946604566,0.06666666666666667
finetune_000093_v01,finetune_000093,EuHC6N2O5,HF_COREMOF_GCMC,/home/rakeyma/Tüm_çalışmalar/MOF Radyoaktif Gaz Adsorpsiyonu/data/processed/augmented_cif/finetune_000093_v01.cif,Eu3H3C16N9O13,True,0.09556850861093708,4,,-NH2,0.08338032873196913,"noise,functional,defect",False,True,0.02704198588698277,0.05,6.684697721974971e+24,1.2359849882905218e+25,2.179271850871295,1.2,1.8489766324472698,44,5,10.340909090909092,0.7079545454545454,0.768988946604566,0.06818181818181818
finetune_000093_v02,finetune_000093,EuHC6N2O5,HF_COREMOF_GCMC,/home/rakeyma/Tüm_çalışmalar/MOF Radyoaktif Gaz Adsorpsiyonu/data/processed/augmented_cif/finetune_000093_v02.cif,EuHC6N3O5,True,0.0,0,,-NH2,0.13320281913667714,"noise,functional",False,True,0.025586976219699485,0.05,6.325023700659027e+24,1.2359849882905222e+25,2.179271850871295,1.2,1.954119141342886,48,5,10.0625,0.703125,0.768988946604566,0.0625
finetune_000093_v03,finetune_000093,EuHC6N2O5,HF_COREMOF_GCMC,/home/rakeyma/Tüm_çalışmalar/MOF Radyoaktif Gaz Adsorpsiyonu/data/processed/augmented_cif/finetune_000093_v03.cif,EuHC6N2O5,True,0.0,0,,,0.09668146382759485,"substitution,noise",False,False,0.026663069368171966,0.05,6.59103069616188e+24,1.235984988290522e+25,2.179271850871295,1.2,1.8752529691756201,45,5,10.266666666666667,0.7066666666666668,0.768988946604566,0.06666666666666667
finetune_000093_v04,finetune_000093,EuHC6N2O5,HF_COREMOF_GCMC,/home/rakeyma/Tüm_çalışmalar/MOF Radyoaktif Gaz Adsorpsiyonu/data/processed/augmented_cif/finetune_000093_v04.cif,EuHC6N3O5,True,0.0,0,,-NH2,0.08741571099502916,"functional,noise",False,True,0.025586976219699485,0.05,6.325023700659027e+24,1.2359849882905222e+25,2.179271850871295,1.2,1.954119141342886,48,5,10.0625,0.703125,0.768988946604566,0.0625
finetune_000093_v05,finetune_000093,EuHC6N2O5,HF_COREMOF_GCMC,/home/rakeyma/Tüm_çalışmalar/MOF Radyoaktif Gaz Adsorpsiyonu/data/processed/augmented_cif/finetune_000093_v05.cif,Eu3H3C18(N3O7)2,True,0.04486590470174703,1,,,0.07979139966455409,"noise,defect,substitution",False,False,0.027096978085739364,0.05,6.69829162840222e+24,1.2359849882905222e+25,2.179271850871295,1.2,1.8452242106773549,44,5,10.318181818181818,0.7090909090909091,0.768988946604566,0.06818181818181818
finetune_000093_v06,finetune_000093,EuHC6N2O5,HF_COREMOF_GCMC,/home/rakeyma/Tüm_çalışmalar/MOF Radyoaktif Gaz Adsorpsiyonu/data/processed/augmented_cif/finetune_000093_v06.cif,EuHC6N2O5,True,0.0,0,,,0.047734541618811646,noise,False,False,0.026663069368171966,0.05,6.59103069616188e+24,1.235984988290522e+25,2.179271850871295,1.2,1.8752529691756201,45,5,10.266666666666667,0.7066666666666668,0.768988946604566,0.06666666666666667
finetune_000094_v00,finetune_000094,CuHC4O3,HF_COREMOF_GCMC,/home/rakeyma/Tüm_çalışmalar/MOF Radyoaktif Gaz Adsorpsiyonu/data/processed/augmented_cif/finetune_000094_v00.cif,CuHC4O3,False,0.0,0,,,0.0,none,False,False,0.14987242595586403,0.19636881349759072,2.684101402433429e+25,3.516816414637138e+25,2.7735832734284385,1.5254708003856412,1.3102397738955625,54,4,8.666666666666666,0.688888888888889,0.577510822409416,0.1111111111111111
finetune_000094_v01,finetune_000094,CuHC4O3,HF_COREMOF_GCMC,/home/rakeyma/Tüm_çalışmalar/MOF Radyoaktif Gaz Adsorpsiyonu/data/processed/augmented_cif/finetune_000094_v01.cif,Ni6H5C18O17,True,0.17047249751224716,8,Ni,,0.13049061086766328,"defect,substitution,noise",False,False,0.27116150714891984,0.3117087283965,4.856296793639114e+25,5.5824667526645225e+25,3.4944548478038584,1.9219501662921223,1.1495316266453406,46,4,9.065217391304348,0.698913043478261,0.5748260606479145,0.13043478260869565
finetune_000094_v02,finetune_000094,CuHC4O3,HF_COREMOF_GCMC,/home/rakeyma/Tüm_çalışmalar/MOF Radyoaktif Gaz Adsorpsiyonu/data/processed/augmented_cif/finetune_000094_v02.cif,Cu6H5C20O17,True,0.13666976283967963,6,,,0.09415768855813227,"defect,noise",False,False,0.22949068852107374,0.2803885318823185,4.11000405829306e+25,5.02154580371717e+25,3.3142485495147933,1.8228367022331364,1.2217860937594027,48,4,9.0625,0.6989583333333332,0.577510822409416,0.125
finetune_000094_v03,finetune_000094,CuHC4O3,HF_COREMOF_GCMC,/home/rakeyma/Tüm_çalışmalar/MOF Radyoaktif Gaz Adsorpsiyonu/data/processed/augmented_cif/finetune_000094_v03.cif,Zn3H3C12N2O9,True,0.0,0,Zn,-NH2,0.1491830209603992,"noise,functional,substitution",False,True,0.09496933109019791,0.133111228286793,1.7008286423710293e+25,2.3839210731761563e+25,2.2835593160994545,1.2559576238547001,1.4016233110073135,58,5,8.655172413793103,0.6862068965517241,0.6263098274815748,0.10344827586206896
finetune_000094_v04,finetune_000094,CuHC4O3,HF_COREMOF_GCMC,/home/rakeyma/Tüm_çalışmalar/MOF Radyoaktif Gaz Adsorpsiyonu/data/processed/augmented_cif/finetune_000094_v04.cif,Cu6H5(C10O9)2,True,0.11256754008887676,5,,,0.08672630957723687,"defect,noise",False,False,0.21578903726139043,0.26834266815555496,3.8646178831696906e+25,4.805813526640068e+25,3.242274781808289,1.783251129994559,1.2435417088890623,49,4,9.040816326530612,0.696938775510204,0.577510822409416,0.12244897959183673
finetune_000094_v05,finetune_000094,CuHC4O3,HF_COREMOF_GCMC,/home/rakeyma/Tüm_çalışmalar/MOF Radyoaktif Gaz Adsorpsiyonu/data/processed/augmented_cif/finetune_000094_v05.cif,Co3H3C14O9,True,0.0,0,Co,-CH3,0.04488687527972585,"functional,substitution,noise",False,True,0.08915094422717057,0.11927798582351434,1.5966257495483632e+25,2.1361781994682055e+25,2.161648619954924,1.2,1.3379329502060613,58,4,8.275862068965518,0.6896551724137931,0.5829397481729994,0.10344827586206896
finetune_000094_v06,finetune_000094,CuHC4O3,HF_COREMOF_GCMC,/home/rakeyma/Tüm_çalışmalar/MOF Radyoaktif Gaz Adsorpsiyonu/data/processed/augmented_cif/finetune_000094_v06.cif,Cu3H3C12N2O9,True,0.0,0,,-NH2,0.08619305180161399,"noise,functional",False,True,0.10478449645954528,0.14527571184112076,1.8766108048666147e+25,2.6017777413378155e+25,2.3856210467525147,1.3120915757138831,1.3864237244028572,58,5,8.551724137931034,0.6862068965517241,0.5564746175702895,0.10344827586206896
finetune_000095_v00,finetune_000095,Cd3H8(C6O5)4,HF_COREMOF_GCMC,/home/rakeyma/Tüm_çalışmalar/MOF Radyoaktif Gaz Adsorpsiyonu/data/processed/augmented_cif/finetune_000095_v00.cif,Cd3H8(C6O5)4,False,0.0,0,,,0.0,none,False,False,0.029379047387483478,0.05,6.906213466629339e+24,1.1753637508293807e+25,2.1092829231755514,1.2,1.7018931669412054,55,4,8.290909090909091,0.6445454545454548,0.6380830666927308,0.05454545454545454
finetune_000095_v01,finetune_000095,Cd3H8(C6O5)4,HF_COREMOF_GCMC,/home/rakeyma/Tüm_çalışmalar/MOF Radyoaktif Gaz Adsorpsiyonu/data/processed/augmented_cif/finetune_000095_v01.cif,Cd3H8(C6O5)4,True,0.0,0,,,0.11849840788573857,noise,False,False,0.029379047387483478,0.05,6.906213466629339e+24,1.1753637508293807e+25,2.1092829231755514,1.2,1.7018931669412054,55,4,8.290909090909091,0.6445454545454548,0.6380830666927308,0.05454545454545454
finetune_000095_v02,finetune_000095,Cd3H8(C6O5)4,HF_COREMOF_GCMC,/home/rakeyma/Tüm_çalışmalar/MOF Radyoaktif Gaz Adsorpsiyonu/data/processed/augmented_cif/finetune_000095_v02.cif,Cd3H8C24(NO5)4,True,0.0,0,,-NH2,0.1159379634038537,"noise,substitution,functional",False,True,0.027748633372261744,0.05,6.522947560162178e+24,1.1753637508293807e+25,2.1092829231755514,1.2,1.8018905410304387,59,5,8.203389830508474,0.644915254237288,0.6145762767956472,0.05084745762711865
finetune_000095_v03,finetune_000095,Cd3H8(C6O5)4,HF_COREMOF_GCMC,/home/rakeyma/Tüm_çalışmalar/MOF Radyoaktif Gaz Adsorpsiyonu/data/processed/augmented_cif/finetune_000095_v03.cif,Cd3H8C24(NO5)4,True,0.0,0,,-NH2,0.09116522003256172,"functional,substitution,noise",False,True,0.027748633372261744,0.05,6.522947560162178e+24,1.1753637508293807e+25,2.1092829231755514,1.2,1.8018905410304387,59,5,8.203389830508474,0.644915254237288,0.6145762767956472,0.05084745762711865
finetune_000095_v04,finetune_000095,Cd3H8(C6O5)4,HF_COREMOF_GCMC,/home/rakeyma/Tüm_çalışmalar/MOF Radyoaktif Gaz Adsorpsiyonu/data/processed/augmented_cif/finetune_000095_v04.cif,Cd3H8(C6O5)4,True,0.0,0,,,0.05365130830692062,"substitution,defect,noise",False,False,0.029379047387483478,0.05,6.906213466629339e+24,1.1753637508293807e+25,2.1092829231755514,1.2,1.7018931669412054,55,4,8.290909090909091,0.6445454545454548,0.6380830666927308,0.05454545454545454
finetune_000095_v05,finetune_000095,Cd3H8(C6O5)4,HF_COREMOF_GCMC,/home/rakeyma/Tüm_çalışmalar/MOF Radyoaktif Gaz Adsorpsiyonu/data/processed/augmented_cif/finetune_000095_v05.cif,Cd3H6C23O18,True,0.096831767201485,5,,,0.03226762017743194,"defect,noise",False,False,0.030869028731554345,0.05,7.256467478875926e+24,1.1753637508293805e+25,2.1092829231755514,1.2,1.6197464596250792,50,4,8.64,0.6609999999999999,0.6380830666927308,0.06
finetune_000095_v06,finetune_000095,Cd3H8(C6O5)4,HF_COREMOF_GCMC,/home/rakeyma/Tüm_çalışmalar/MOF Radyoaktif Gaz Adsorpsiyonu/data/processed/augmented_cif/finetune_000095_v06.cif,Cd3H8(C6O5)4,True,0.0,0,,,0.057367262803596525,noise,False,False,0.029379047387483478,0.05,6.906213466629339e+24,1.1753637508293807e+25,2.1092829231755514,1.2,1.7018931669412054,55,4,8.290909090909091,0.6445454545454548,0.6380830666927308,0.05454545454545454
finetune_000096_v00,finetune_000096,CoHC4O3,HF_COREMOF_GCMC,/home/rakeyma/Tüm_çalışmalar/MOF Radyoaktif Gaz Adsorpsiyonu/data/processed/augmented_cif/finetune_000096_v00.cif,CoHC4O3,False,0.0,0,,,0.0,none,False,False,0.20272234461597277,0.24081560498963828,3.3889723538711354e+25,4.025789210541387e+25,3.325674945771934,1.8291212201745637,1.1879085428191327,54,4,8.444444444444445,0.688888888888889,0.5829397481729994,0.1111111111111111
finetune_000096_v01,finetune_000096,CoHC4O3,HF_COREMOF_GCMC,/home/rakeyma/Tüm_çalışmalar/MOF Radyoaktif Gaz Adsorpsiyonu/data/processed/augmented_cif/finetune_000096_v01.cif,Co3H2C11(NO4)2,True,0.12378373666937953,6,,-NH2,0.05608633151065754,"functional,defect,noise",False,True,0.21562727513522684,0.2555955602528578,3.6047080826642693e+25,4.272870309930744e+25,3.4262112639030926,1.8844161951467011,1.1853582070847277,52,5,8.73076923076923,0.7057692307692306,0.5617259118110896,0.11538461538461539
finetune_000096_v02,finetune_000096,CoHC4O3,HF_COREMOF_GCMC,/home/rakeyma/Tüm_çalışmalar/MOF Radyoaktif Gaz Adsorpsiyonu/data/processed/augmented_cif/finetune_000096_v02.cif,NiHC4O3,True,0.0,0,Ni,,0.10870674400921464,"substitution,noise",False,False,0.20877834443344895,0.24762830795697666,3.4902123824203038e+25,4.139679280504727e+25,3.372388741022685,1.854813807562477,1.186082343113472,54,4,8.555555555555555,0.688888888888889,0.5748260606479145,0.1111111111111111
finetune_000096_v03,finetune_000096,CoHC4O3,HF_COREMOF_GCMC,/home/rakeyma/Tüm_çalışmalar/MOF Radyoaktif Gaz Adsorpsiyonu/data/processed/augmented_cif/finetune_000096_v03.cif,MnHC4O3,True,0.0,0,Mn,,0.07426517530094276,"substitution,noise",False,False,0.1978418186893586,0.22899850163094293,3.3073830871872915e+25,3.828239026020184e+25,3.2430512059343135,1.7836781632638725,1.1574827968524946,54,4,8.222222222222221,0.6944444444444445,0.6822206387965699,0.1111111111111111
finetune_000096_v04,finetune_000096,CoHC4O3,HF_COREMOF_GCMC,/home/rakeyma/Tüm_çalışmalar/MOF Radyoaktif Gaz Adsorpsiyonu/data/processed/augmented_cif/finetune_000096_v04.cif,Co6H5C24O17,True,0.12488015543849539,5,,-CH3,0.09706906198241884,"noise,defect,functional",False,True,0.21976906699116688,0.2563213863842916,3.6739477026077915e+25,4.285004170644553e+25,3.431072597710814,1.887089928740948,1.1663214932545254,52,4,8.596153846153847,0.6990384615384617,0.5829397481729994,0.11538461538461539
finetune_000096_v05,finetune_000096,CoHC4O3,HF_COREMOF_GCMC,/home/rakeyma/Tüm_çalışmalar/MOF Radyoaktif Gaz Adsorpsiyonu/data/processed/augmented_cif/finetune_000096_v05.cif,Co3H3C12N2O9,True,0.0,0,,-NH2,0.06786760752189308,"functional,noise",False,True,0.15339122571188762,0.1931229509005108,2.56428872825416e+25,3.228496309766317e+25,2.9782039138781222,1.6380121526329674,1.2590221507405557,58,5,8.344827586206897,0.6862068965517241,0.5617259118110896,0.10344827586206896
finetune_000096_v06,finetune_000096,CoHC4O3,HF_COREMOF_GCMC,/home/rakeyma/Tüm_çalışmalar/MOF Radyoaktif Gaz Adsorpsiyonu/data/processed/augmented_cif/finetune_000096_v06.cif,Co6H6C23O15,True,0.08382810565622098,4,,,0.10941145238256929,"noise,defect",False,False,0.2611028467014793,0.2902786201320756,4.364937326788625e+25,4.852677786511525e+25,3.6512789266118677,2.0082034096365273,1.1117405413199235,50,4,8.52,0.6940000000000001,0.5829397481729994,0.12
finetune_000097_v00,finetune_000097,GdH6(C2O3)3,HF_COREMOF_GCMC,/home/rakeyma/Tüm_çalışmalar/MOF Radyoaktif Gaz Adsorpsiyonu/data/processed/augmented_cif/finetune_000097_v00.cif,GdH6(C2O3)3,False,0.0,0,,,0.0,none,False,False,0.022590590422429595,0.05,8.679646910925667e+24,1.921075710864971e+25,1.5,1.2,2.2133108991412787,44,4,8.090909090909092,0.5863636363636364,0.8020403668145388,0.045454545454545456
finetune_000097_v01,finetune_000097,GdH6(C2O3)3,HF_COREMOF_GCMC,/home/rakeyma/Tüm_çalışmalar/MOF Radyoaktif Gaz Adsorpsiyonu/data/processed/augmented_cif/finetune_000097_v01.cif,GdH6C6NO9,True,0.0,0,,-NH2,0.09627168485906107,"noise,functional",False,True,0.02178619471095077,0.05,8.370585898276484e+24,1.9210757108649712e+25,1.5,1.2,2.295031356479507,46,5,8.043478260869565,0.5891304347826087,0.7689889466045661,0.043478260869565216
finetune_000097_v02,finetune_000097,GdH6(C2O3)3,HF_COREMOF_GCMC,/home/rakeyma/Tüm_çalışmalar/MOF Radyoaktif Gaz Adsorpsiyonu/data/processed/augmented_cif/finetune_000097_v02.cif,GdH6(C2O3)3,True,0.0,0,,,0.054544327925716465,"substitution,noise",False,False,0.022590590422429595,0.05,8.679646910925667e+24,1.921075710864971e+25,1.5,1.2,2.2133108991412787,44,4,8.090909090909092,0.5863636363636364,0.8020403668145388,0.045454545454545456
finetune_000097_v03,finetune_000097,GdH6(C2O3)3,HF_COREMOF_GCMC,/home/rakeyma/Tüm_çalışmalar/MOF Radyoaktif Gaz Adsorpsiyonu/data/processed/augmented_cif/finetune_000097_v03.cif,Gd2H12C12O17,True,0.06698801124491176,2,,-CH3,0.04321787171192752,"defect,functional,noise",False,True,0.023077232852030605,0.05,8.866622301202233e+24,1.9210757108649712e+25,1.5,1.2,2.1666375826164277,43,4,8.093023255813954,0.586046511627907,0.8020403668145388,0.046511627906976744
finetune_000097_v04,finetune_000097,GdH6(C2O3)3,HF_COREMOF_GCMC,/home/rakeyma/Tüm_çalışmalar/MOF Radyoaktif Gaz Adsorpsiyonu/data/processed/augmented_cif/finetune_000097_v04.cif,Gd2H12C12O17,True,0.06466681789568848,2,,-CH3,0.1460915769950764,"defect,functional,substitution,noise",False,True,0.023077232852030605,0.05,8.866622301202233e+24,1.9210757108649712e+25,1.5,1.2,2.1666375826164277,43,4,8.093023255813954,0.586046511627907,0.8020403668145388,0.046511627906976744
finetune_000097_v05,finetune_000097,GdH6(C2O3)3,HF_COREMOF_GCMC,/home/rakeyma/Tüm_çalışmalar/MOF Radyoaktif Gaz Adsorpsiyonu/data/processed/augmented_cif/finetune_000097_v05.cif,Gd2H10(C4O5)3,True,0.12196210413967477,5,,,0.12563843486609216,"defect,noise",False,False,0.024184846821106477,0.05,9.292184359803511e+24,1.9210757108649712e+25,1.5,1.2,2.0674102412079063,39,4,8.461538461538462,0.6025641025641029,0.8020403668145388,0.05128205128205128
finetune_000097_v06,finetune_000097,GdH6(C2O3)3,HF_COREMOF_GCMC,/home/rakeyma/Tüm_çalışmalar/MOF Radyoaktif Gaz Adsorpsiyonu/data/processed/augmented_cif/finetune_000097_v06.cif,GdH6C6NO9,True,0.0,0,,-NH2,0.04393400869377281,"functional,substitution,defect,noise",False,True,0.02178619471095077,0.05,8.370585898276484e+24,1.9210757108649712e+25,1.5,1.2,2.295031356479507,46,5,8.043478260869565,0.5891304347826087,0.7689889466045661,0.043478260869565216
finetune_000098_v00,finetune_000098,Ho(CO2)4,HF_COREMOF_GCMC,/home/rakeyma/Tüm_çalışmalar/MOF Radyoaktif Gaz Adsorpsiyonu/data/processed/augmented_cif/finetune_000098_v00.cif,Ho(CO2)4,False,0.0,0,,,0.0,none,False,False,0.14997836171222506,0.25281674030478984,2.4414133620380375e+25,4.115461463109865e+25,4.837021143375599,2.6603616288565797,1.6856881047273249,52,3,11.923076923076923,0.7192307692307693,0.9079035680560402,0.07692307692307693
finetune_000098_v01,finetune_000098,Ho(CO2)4,HF_COREMOF_GCMC,/home/rakeyma/Tüm_çalışmalar/MOF Radyoaktif Gaz Adsorpsiyonu/data/processed/augmented_cif/finetune_000098_v01.cif,Ho4C16O31,True,0.07350347079716443,3,,-CH3,0.14341587612450282,"defect,functional,noise",False,True,0.15833097517532124,0.2637657156004919,2.57738085684152e+25,4.293693671292283e+25,4.940651767815473,2.7173584722985105,1.6659135416075208,51,3,12.0,0.7215686274509806,0.9079035680560402,0.0784313725490196
finetune_000098_v02,finetune_000098,Ho(CO2)4,HF_COREMOF_GCMC,/home/rakeyma/Tüm_çalışmalar/MOF Radyoaktif Gaz Adsorpsiyonu/data/processed/augmented_cif/finetune_000098_v02.cif,Ho2C8NO16,True,0.0,0,,-NH2,0.05725474423610379,"substitution,functional,noise",False,True,0.13346213653976627,0.22959644159866344,2.172555025634546e+25,3.7374712858306406e+25,4.609540641960254,2.5352473530781396,1.7203114497590337,54,4,11.74074074074074,0.7166666666666667,0.8327214420200791,0.07407407407407407
finetune_000098_v03,finetune_000098,Ho(CO2)4,HF_COREMOF_GCMC,/home/rakeyma/Tüm_çalışmalar/MOF Radyoaktif Gaz Adsorpsiyonu/data/processed/augmented_cif/finetune_000098_v03.cif,Ho4C18O31,True,0.03710255377798956,1,,-CH3,0.043357860226450565,"functional,noise,defect",False,True,0.13749127052478238,0.2331306036423303,2.2381430307051347e+25,3.7950019211737035e+25,4.644882327434923,2.5546852800892075,1.6956029481181438,53,3,11.773584905660377,0.7207547169811322,0.9079035680560402,0.07547169811320754
finetune_000098_v04,finetune_000098,Ho(CO2)4,HF_COREMOF_GCMC,/home/rakeyma/Tüm_çalışmalar/MOF Radyoaktif Gaz Adsorpsiyonu/data/processed/augmented_cif/finetune_000098_v04.cif,Ho2C8NO16,True,0.0,0,,-NH2,0.07768244138043662,"substitution,functional,noise",False,True,0.13346213653976627,0.22959644159866344,2.172555025634546e+25,3.7374712858306406e+25,4.609540641960254,2.5352473530781396,1.7203114497590337,54,4,11.74074074074074,0.7166666666666667,0.8327214420200791,0.07407407407407407
finetune_000098_v05,finetune_000098,Ho(CO2)4,HF_COREMOF_GCMC,/home/rakeyma/Tüm_çalışmalar/MOF Radyoaktif Gaz Adsorpsiyonu/data/processed/augmented_cif/finetune_000098_v05.cif,Ho2C8NO16,True,0.0,0,,-NH2,0.07357815519569125,"functional,noise",False,True,0.13346213653976627,0.22959644159866344,2.172555025634546e+25,3.7374712858306406e+25,4.609540641960254,2.5352473530781396,1.7203114497590337,54,4,11.74074074074074,0.7166666666666667,0.8327214420200791,0.07407407407407407
finetune_000098_v06,finetune_000098,Ho(CO2)4,HF_COREMOF_GCMC,/home/rakeyma/Tüm_çalışmalar/MOF Radyoaktif Gaz Adsorpsiyonu/data/processed/augmented_cif/finetune_000098_v06.cif,Ho2C8NO14,True,0.09879448590678781,4,,-NH2,0.1241411080719435,"defect,functional,substitution,noise",False,True,0.16657942017197883,0.2733923427814714,2.711652651792285e+25,4.4504001185603105e+25,5.0300030146418,2.7665016580529906,1.6412131972798172,50,4,12.04,0.726,0.8327214420200791,0.08
finetune_000099_v00,finetune_000099,CuHC4O3,HF_COREMOF_GCMC,/home/rakeyma/Tüm_çalışmalar/MOF Radyoaktif Gaz Adsorpsiyonu/data/processed/augmented_cif/finetune_000099_v00.cif,CuHC4O3,False,0.0,0,,,0.0,none,False,False,0.14306361389834307,0.18913494331402203,2.5852239851953995e+25,3.417753673141659e+25,2.7268008935398664,1.4997404914469266,1.3220338712288924,54,4,8.666666666666666,0.688888888888889,0.577510822409416,0.1111111111111111
finetune_000099_v01,finetune_000099,CuHC4O3,HF_COREMOF_GCMC,/home/rakeyma/Tüm_çalışmalar/MOF Radyoaktif Gaz Adsorpsiyonu/data/processed/augmented_cif/finetune_000099_v01.cif,Ni6H6C24N3O17,True,0.03552040431388115,2,Ni,-NH2,0.1255626635730363,"functional,substitution,defect,noise",False,True,0.1215818221678108,0.16021901958272167,2.1970383262884047e+25,2.895229898246969e+25,2.509715978941358,1.3803437884177472,1.3177876159939657,56,5,8.482142857142858,0.6883928571428571,0.5538736317970011,0.10714285714285714
finetune_000099_v02,finetune_000099,CuHC4O3,HF_COREMOF_GCMC,/home/rakeyma/Tüm_çalışmalar/MOF Radyoaktif Gaz Adsorpsiyonu/data/processed/augmented_cif/finetune_000099_v02.cif,Co6H5C21N3O16,True,0.14402444086891658,6,Co,-NH2,0.043127140059399466,"defect,substitution,functional,noise",False,True,0.17692764099655078,0.2206271091866756,3.197162218153791e+25,3.986831304702027e+25,2.9450791977033246,1.6197935587368286,1.2469906225165617,51,5,8.666666666666666,0.6980392156862744,0.5617259118110896,0.11764705882352941
finetune_000099_v03,finetune_000099,CuHC4O3,HF_COREMOF_GCMC,/home/rakeyma/Tüm_çalışmalar/MOF Radyoaktif Gaz Adsorpsiyonu/data/processed/augmented_cif/finetune_000099_v03.cif,Cu6H5(C13O7)2,True,0.13096503113176214,6,,-CH3,0.04900138209135013,"defect,functional,noise",False,True,0.16459995197359784,0.20835110260212886,2.9743953211368193e+25,3.7649983326415163e+25,2.861972407534222,1.5740848241438223,1.2658029367806183,51,4,8.764705882352942,0.7049019607843138,0.577510822409416,0.11764705882352941
finetune_000099_v04,finetune_000099,CuHC4O3,HF_COREMOF_GCMC,/home/rakeyma/Tüm_çalışmalar/MOF Radyoaktif Gaz Adsorpsiyonu/data/processed/augmented_cif/finetune_000099_v04.cif,CuHC4O3,True,0.0,0,,,0.11298952903481696,noise,False,False,0.14306361389834307,0.18913494331402203,2.5852239851953995e+25,3.417753673141659e+25,2.7268008935398664,1.4997404914469266,1.3220338712288924,54,4,8.666666666666666,0.688888888888889,0.577510822409416,0.1111111111111111
finetune_000099_v05,finetune_000099,CuHC4O3,HF_COREMOF_GCMC,/home/rakeyma/Tüm_çalışmalar/MOF Radyoaktif Gaz Adsorpsiyonu/data/processed/augmented_cif/finetune_000099_v05.cif,ZnHC4O3,True,0.0,0,Zn,,0.1273473939688392,"substitution,noise",False,False,0.13224532090732105,0.17686096140228846,2.389732554794834e+25,3.1959572878314488e+25,2.6368385027361887,1.4502611765049038,1.3373702766106526,54,4,8.777777777777779,0.688888888888889,0.6504229393248673,0.1111111111111111
finetune_000099_v06,finetune_000099,CuHC4O3,HF_COREMOF_GCMC,/home/rakeyma/Tüm_çalışmalar/MOF Radyoaktif Gaz Adsorpsiyonu/data/processed/augmented_cif/finetune_000099_v06.cif,CuHC4O3,True,0.0,0,,,0.13767303763376953,noise,False,False,0.14306361389834307,0.18913494331402203,2.5852239851953995e+25,3.417753673141659e+25,2.7268008935398664,1.4997404914469266,1.3220338712288924,54,4,8.666666666666666,0.688888888888889,0.577510822409416,0.1111111111111111
finetune_000100_v00,finetune_000100,Ag(C3N2)2,HF_COREMOF_GCMC,/home/rakeyma/Tüm_çalışmalar/MOF Radyoaktif Gaz Adsorpsiyonu/data/processed/augmented_cif/finetune_000100_v00.cif,Ag(C3N2)2,False,0.0,0,,,0.0,none,False,False,0.17506585142667108,0.2334607825666004,3.2578159210237525e+25,4.344492362056756e+25,3.59194373561157,1.9755690545863636,1.3335598042910666,44,3,10.090909090909092,0.7636363636363636,0.45419036635411913,0.09090909090909091
finetune_000100_v01,finetune_000100,Ag(C3N2)2,HF_COREMOF_GCMC,/home/rakeyma/Tüm_çalışmalar/MOF Radyoaktif Gaz Adsorpsiyonu/data/processed/augmented_cif/finetune_000100_v01.cif,Ag4C19N16,True,0.1414328508920779,5,,,0.0863747888773871,"noise,defect,substitution",False,False,0.2570765875512743,0.32101395149265277,4.783960966812541e+25,5.973777030305429e+25,4.211962641840107,2.316579453012059,1.2487094003790835,39,3,10.615384615384615,0.7717948717948715,0.45419036635411913,0.10256410256410256
finetune_000100_v02,finetune_000100,Ag(C3N2)2,HF_COREMOF_GCMC,/home/rakeyma/Tüm_çalışmalar/MOF Radyoaktif Gaz Adsorpsiyonu/data/processed/augmented_cif/finetune_000100_v02.cif,Ag(C3N2)2,True,0.0,0,,,0.03940986276476088,"substitution,defect,noise",False,False,0.17506585142667108,0.2334607825666004,3.2578159210237525e+25,4.344492362056756e+25,3.59194373561157,1.9755690545863636,1.3335598042910666,44,3,10.090909090909092,0.7636363636363636,0.45419036635411913,0.09090909090909091
finetune_000100_v03,finetune_000100,Ag(C3N2)2,HF_COREMOF_GCMC,/home/rakeyma/Tüm_çalışmalar/MOF Radyoaktif Gaz Adsorpsiyonu/data/processed/augmented_cif/finetune_000100_v03.cif,Ag(C3N2)2,True,0.0,0,,,0.12715134885691248,"substitution,noise",False,False,0.17506585142667108,0.2334607825666004,3.2578159210237525e+25,4.344492362056756e+25,3.59194373561157,1.9755690545863636,1.3335598042910666,44,3,10.090909090909092,0.7636363636363636,0.45419036635411913,0.09090909090909091
finetune_000100_v04,finetune_000100,Ag(C3N2)2,HF_COREMOF_GCMC,/home/rakeyma/Tüm_çalışmalar/MOF Radyoaktif Gaz Adsorpsiyonu/data/processed/augmented_cif/finetune_000100_v04.cif,Ag4C22N19,True,0.05535722473703307,2,,-NH2,0.1126472073294403,"noise,defect,functional",False,True,0.16826077721633398,0.22866478285415903,3.1311796928529467e+25,4.255243179003136e+25,3.5548575167388834,1.955171634206386,1.3589904114145583,45,3,10.066666666666666,0.7588888888888887,0.45419036635411913,0.08888888888888889
finetune_000100_v05,finetune_000100,Ag(C3N2)2,HF_COREMOF_GCMC,/home/rakeyma/Tüm_çalışmalar/MOF Radyoaktif Gaz Adsorpsiyonu/data/processed/augmented_cif/finetune_000100_v05.cif,Ag4C26N15,True,0.05436595328525222,2,,-CH3,0.07252173644072249,"defect,functional,noise",False,True,0.1570901626007311,0.21171193742380023,2.923304736967704e+25,3.939766178208316e+25,3.420544383462758,1.8812994109045171,1.3477097096264314,45,3,9.977777777777778,0.7633333333333335,0.45419036635411913,0.08888888888888889
finetune_000100_v06,finetune_000100,Ag(C3N2)2,HF_COREMOF_GCMC,/home/rakeyma/Tüm_çalışmalar/MOF Radyoaktif Gaz Adsorpsiyonu/data/processed/augmented_cif/finetune_000100_v06.cif,Ag4C21N19,True,0.11335450099090764,4,,-NH2,0.08606808696542576,"functional,defect,noise",False,True,0.18343642865932444,0.24617541663936948,3.4135847334704183e+25,4.58110011265287e+25,3.6884584671114897,2.0286521569113196,1.3420203306321616,44,3,10.159090909090908,0.7602272727272726,0.45419036635411913,0.09090909090909091
finetune_000101_v00,finetune_000101,Ho(CO2)4,HF_COREMOF_GCMC,/home/rakeyma/Tüm_çalışmalar/MOF Radyoaktif Gaz Adsorpsiyonu/data/processed/augmented_cif/finetune_000101_v00.cif,Ho(CO2)4,False,0.0,0,,,0.0,none,False,False,0.14997836171222506,0.25281674030478984,2.4414133620380375e+25,4.115461463109865e+25,4.837021143375599,2.6603616288565797,1.6856881047273249,52,3,11.923076923076923,0.7192307692307693,0.9079035680560402,0.07692307692307693
finetune_000101_v01,finetune_000101,Ho(CO2)4,HF_COREMOF_GCMC,/home/rakeyma/Tüm_çalışmalar/MOF Radyoaktif Gaz Adsorpsiyonu/data/processed/augmented_cif/finetune_000101_v01.cif,Ho2C9O16,True,0.0,0,,-CH3,0.12036171129707503,"functional,noise",False,True,0.12952345876697718,0.22218162834662825,2.108439506345835e+25,3.616769712991286e+25,4.534497269418265,2.4939734981800457,1.715377511237948,54,3,11.703703703703704,0.7185185185185188,0.9079035680560402,0.07407407407407407
finetune_000101_v02,finetune_000101,Ho(CO2)4,HF_COREMOF_GCMC,/home/rakeyma/Tüm_çalışmalar/MOF Radyoaktif Gaz Adsorpsiyonu/data/processed/augmented_cif/finetune_000101_v02.cif,Ho2C8NO16,True,0.0,0,,-NH2,0.06131890635360521,"substitution,defect,functional,noise",False,True,0.13346213653976627,0.22959644159866344,2.172555025634546e+25,3.7374712858306406e+25,4.609540641960254,2.5352473530781396,1.7203114497590337,54,4,11.74074074074074,0.7166666666666667,0.8327214420200791,0.07407407407407407
finetune_000101_v03,finetune_000101,Ho(CO2)4,HF_COREMOF_GCMC,/home/rakeyma/Tüm_çalışmalar/MOF Radyoaktif Gaz Adsorpsiyonu/data/processed/augmented_cif/finetune_000101_v03.cif,Ho4C17O29,True,0.0880709207751407,4,,-CH3,0.1318470598202856,"defect,noise,functional",False,True,0.1647237436991593,0.27034611021281507,2.6814451386241254e+25,4.4008122125978295e+25,5.001901494629702,2.7510458220463363,1.6412091186232238,50,3,12.04,0.7260000000000002,0.9079035680560402,0.08
finetune_000101_v04,finetune_000101,Ho(CO2)4,HF_COREMOF_GCMC,/home/rakeyma/Tüm_çalışmalar/MOF Radyoaktif Gaz Adsorpsiyonu/data/processed/augmented_cif/finetune_000101_v04.cif,Ho4C16N2O31,True,0.03887021481953598,1,,-NH2,0.10224834554059971,"functional,defect,noise",False,True,0.14145263109802644,0.24054541689436537,2.3026277905395284e+25,3.915703494013058e+25,4.718170331732303,2.594993682452767,1.7005368866392299,53,4,11.81132075471698,0.718867924528302,0.8327214420200791,0.07547169811320754
finetune_000101_v05,finetune_000101,Ho(CO2)4,HF_COREMOF_GCMC,/home/rakeyma/Tüm_çalışmalar/MOF Radyoaktif Gaz Adsorpsiyonu/data/processed/augmented_cif/finetune_000101_v05.cif,Ho(CO2)4,True,0.0,0,,,0.09038848040231903,noise,False,False,0.14997836171222506,0.25281674030478984,2.4414133620380375e+25,4.115461463109865e+25,4.837021143375599,2.6603616288565797,1.6856881047273249,52,3,11.923076923076923,0.7192307692307693,0.9079035680560402,0.07692307692307693
finetune_000101_v06,finetune_000101,Ho(CO2)4,HF_COREMOF_GCMC,/home/rakeyma/Tüm_çalışmalar/MOF Radyoaktif Gaz Adsorpsiyonu/data/processed/augmented_cif/finetune_000101_v06.cif,Ho2C9O16,True,0.0,0,,-CH3,0.04710637786790375,"substitution,functional,noise",False,True,0.12952345876697718,0.22218162834662825,2.108439506345835e+25,3.616769712991286e+25,4.534497269418265,2.4939734981800457,1.715377511237948,54,3,11.703703703703704,0.7185185185185188,0.9079035680560402,0.07407407407407407
finetune_000102_v00,finetune_000102,NiH9C11(NO)2,HF_COREMOF_GCMC,/home/rakeyma/Tüm_çalışmalar/MOF Radyoaktif Gaz Adsorpsiyonu/data/processed/augmented_cif/finetune_000102_v00.cif,NiH9C11(NO)2,False,0.0,0,,,0.0,none,False,False,0.11050820778470832,0.11439936982589449,2.8987157079593816e+25,3.0007838959891437e+25,2.7487932508246935,1.5118362879535816,1.035211520657062,50,5,5.32,0.552,0.5538736317970011,0.04
finetune_000102_v01,finetune_000102,NiH9C11(NO)2,HF_COREMOF_GCMC,/home/rakeyma/Tüm_çalışmalar/MOF Radyoaktif Gaz Adsorpsiyonu/data/processed/augmented_cif/finetune_000102_v01.cif,Ni2H18C22N7O4,True,0.0,0,,-NH2,0.048649600616830296,"functional,noise",False,True,0.052081776928843956,0.058274229777834585,1.3661452656638523e+25,1.5285780903743697e+25,1.961862341180456,1.2,1.1188986477448915,53,5,5.415094339622642,0.5575471698113207,0.5538736317970011,0.03773584905660377
finetune_000102_v02,finetune_000102,NiH9C11(NO)2,HF_COREMOF_GCMC,/home/rakeyma/Tüm_çalışmalar/MOF Radyoaktif Gaz Adsorpsiyonu/data/processed/augmented_cif/finetune_000102_v02.cif,CuH9C11(NO)2,True,0.0,0,Cu,,0.08323454045792529,"noise,substitution",False,False,0.10958639429448416,0.11556327710845138,2.8745358275913344e+25,3.0313140836574565e+25,2.7627410725802277,1.5195075899191253,1.054540372939965,50,5,5.36,0.552,0.5564746175702895,0.04
finetune_000102_v03,finetune_000102,NiH9C11(NO)2,HF_COREMOF_GCMC,/home/rakeyma/Tüm_çalışmalar/MOF Radyoaktif Gaz Adsorpsiyonu/data/processed/augmented_cif/finetune_000102_v03.cif,Ni2H18C22N7O4,True,0.0,0,,-NH2,0.14185598279427292,"functional,noise",False,True,0.052081776928843956,0.058274229777834585,1.3661452656638523e+25,1.5285780903743697e+25,1.961862341180456,1.2,1.1188986477448915,53,5,5.415094339622642,0.5575471698113207,0.5538736317970011,0.03773584905660377
finetune_000102_v04,finetune_000102,NiH9C11(NO)2,HF_COREMOF_GCMC,/home/rakeyma/Tüm_çalışmalar/MOF Radyoaktif Gaz Adsorpsiyonu/data/processed/augmented_cif/finetune_000102_v04.cif,Cu2H18C22N7O4,True,0.0,0,Cu,-NH2,0.13066215977012896,"functional,substitution,noise",False,True,0.052219909516278654,0.05943813706039147,1.369768590202407e+25,1.5591082780426819e+25,1.9813575507929955,1.2,1.1382275000277942,53,5,5.452830188679245,0.5575471698113207,0.5564746175702895,0.03773584905660377
finetune_000102_v05,finetune_000102,NiH9C11(NO)2,HF_COREMOF_GCMC,/home/rakeyma/Tüm_çalışmalar/MOF Radyoaktif Gaz Adsorpsiyonu/data/processed/augmented_cif/finetune_000102_v05.cif,Ni2H17C22(NO)4,True,0.08738261605632999,4,,-CH3,0.03867872077556401,"functional,defect,noise",False,True,0.11719483221709122,0.12108618229981549,3.074111035274204e+25,3.1761841557788583e+25,2.827987939977066,1.5553933669873865,1.033204109849451,49,5,5.408163265306122,0.5581632653061224,0.5538736317970011,0.04081632653061224
finetune_000102_v06,finetune_000102,NiH9C11(NO)2,HF_COREMOF_GCMC,/home/rakeyma/Tüm_çalışmalar/MOF Radyoaktif Gaz Adsorpsiyonu/data/processed/augmented_cif/finetune_000102_v06.cif,Ni2H15C21N4O3,True,0.10751452959103047,5,,,0.0838022835432699,"defect,noise",False,False,0.1816153722051795,0.17678521012127835,4.763911593278883e+25,4.637212708324823e+25,3.4170648755009463,1.8793856815255205,0.9734044424475021,45,5,5.533333333333333,0.5677777777777777,0.5538736317970011,0.044444444444444446
finetune_000103_v00,finetune_000103,Ho(CO2)4,HF_COREMOF_GCMC,/home/rakeyma/Tüm_çalışmalar/MOF Radyoaktif Gaz Adsorpsiyonu/data/processed/augmented_cif/finetune_000103_v00.cif,Ho(CO2)4,False,0.0,0,,,0.0,none,False,False,0.14997836171222506,0.25281674030478984,2.4414133620380375e+25,4.115461463109865e+25,4.837021143375599,2.6603616288565797,1.6856881047273249,52,3,11.923076923076923,0.7192307692307693,0.9079035680560402,0.07692307692307693
finetune_000103_v01,finetune_000103,Ho(CO2)4,HF_COREMOF_GCMC,/home/rakeyma/Tüm_çalışmalar/MOF Radyoaktif Gaz Adsorpsiyonu/data/processed/augmented_cif/finetune_000103_v01.cif,Ho4C15O29,True,0.09375397682961953,4,,,0.03594164768759395,"defect,noise",False,False,0.18676856380267862,0.30098122217097656,3.040300361137666e+25,4.899503962716408e+25,5.277700883631027,2.902735485997065,1.6115197121126008,48,3,12.291666666666666,0.7270833333333334,0.9079035680560402,0.08333333333333333
finetune_000103_v02,finetune_000103,Ho(CO2)4,HF_COREMOF_GCMC,/home/rakeyma/Tüm_çalışmalar/MOF Radyoaktif Gaz Adsorpsiyonu/data/processed/augmented_cif/finetune_000103_v02.cif,Ho4C15(NO15)2,True,0.07520626524070177,3,,-NH2,0.03611948728250481,"functional,defect,noise",False,True,0.16015914888207256,0.2668119481691482,2.6071406679558287e+25,4.343281577254766e+25,4.969099682653279,2.7330048254593033,1.6659176202641137,51,4,12.0,0.7215686274509805,0.8327214420200791,0.0784313725490196
finetune_000103_v03,finetune_000103,Ho(CO2)4,HF_COREMOF_GCMC,/home/rakeyma/Tüm_çalışmalar/MOF Radyoaktif Gaz Adsorpsiyonu/data/processed/augmented_cif/finetune_000103_v03.cif,Ho(CO2)4,True,0.0,0,,,0.1375243899312018,noise,False,False,0.14997836171222506,0.25281674030478984,2.4414133620380375e+25,4.115461463109865e+25,4.837021143375599,2.6603616288565797,1.6856881047273249,52,3,11.923076923076923,0.7192307692307693,0.9079035680560402,0.07692307692307693
finetune_000103_v04,finetune_000103,Ho(CO2)4,HF_COREMOF_GCMC,/home/rakeyma/Tüm_çalışmalar/MOF Radyoaktif Gaz Adsorpsiyonu/data/processed/augmented_cif/finetune_000103_v04.cif,Ho(CO2)4,True,0.0,0,,,0.08376763286911593,"noise,substitution",False,False,0.14997836171222506,0.25281674030478984,2.4414133620380375e+25,4.115461463109865e+25,4.837021143375599,2.6603616288565797,1.6856881047273249,52,3,11.923076923076923,0.7192307692307693,0.9079035680560402,0.07692307692307693
finetune_000103_v05,finetune_000103,Ho(CO2)4,HF_COREMOF_GCMC,/home/rakeyma/Tüm_çalışmalar/MOF Radyoaktif Gaz Adsorpsiyonu/data/processed/augmented_cif/finetune_000103_v05.cif,Ho4C16N2O29,True,0.07354085528121446,3,,-NH2,0.1383839923428052,"defect,noise,functional",False,True,0.15800439578352313,0.26244336748576946,2.5720646546787574e+25,4.2721679103778945e+25,4.928251614715917,2.7105383880937546,1.6609877603996213,51,4,11.96078431372549,0.7235294117647059,0.8327214420200791,0.0784313725490196
finetune_000103_v06,finetune_000103,Ho(CO2)4,HF_COREMOF_GCMC,/home/rakeyma/Tüm_çalışmalar/MOF Radyoaktif Gaz Adsorpsiyonu/data/processed/augmented_cif/finetune_000103_v06.cif,Ho(CO2)4,True,0.0,0,,,0.13501294217611426,"substitution,noise",False,False,0.14997836171222506,0.25281674030478984,2.4414133620380375e+25,4.115461463109865e+25,4.837021143375599,2.6603616288565797,1.6856881047273249,52,3,11.923076923076923,0.7192307692307693,0.9079035680560402,0.07692307692307693
finetune_000104_v00,finetune_000104,Ho(CO2)4,HF_COREMOF_GCMC,/home/rakeyma/Tüm_çalışmalar/MOF Radyoaktif Gaz Adsorpsiyonu/data/processed/augmented_cif/finetune_000104_v00.cif,Ho(CO2)4,False,0.0,0,,,0.0,none,False,False,0.14997836171222506,0.25281674030478984,2.4414133620380375e+25,4.115461463109865e+25,4.837021143375599,2.6603616288565797,1.6856881047273249,52,3,11.923076923076923,0.7192307692307693,0.9079035680560402,0.07692307692307693
finetune_000104_v01,finetune_000104,Ho(CO2)4,HF_COREMOF_GCMC,/home/rakeyma/Tüm_çalışmalar/MOF Radyoaktif Gaz Adsorpsiyonu/data/processed/augmented_cif/finetune_000104_v01.cif,Ho4C14O29,True,0.11963601041826194,5,,,0.10337024139471604,"defect,noise",False,False,0.19809840850232044,0.31629877815005736,3.2247325280431573e+25,5.148849837775696e+25,5.410330918218419,2.9756820050201305,1.596675008857289,47,3,12.425531914893616,0.7276595744680853,0.9079035680560402,0.0851063829787234
finetune_000104_v02,finetune_000104,Ho(CO2)4,HF_COREMOF_GCMC,/home/rakeyma/Tüm_çalışmalar/MOF Radyoaktif Gaz Adsorpsiyonu/data/processed/augmented_cif/finetune_000104_v02.cif,Ho4C14N2O27,True,0.16523783375528006,7,,-NH2,0.03775766639037474,"defect,functional,substitution,noise",False,True,0.19788068658307154,0.31497643003533504,3.2211883554252254e+25,5.12732407686131e+25,5.399009606563231,2.9694552836097774,1.5917492276493896,47,4,12.382978723404255,0.7297872340425533,0.8327214420200791,0.0851063829787234
finetune_000104_v03,finetune_000104,Ho(CO2)4,HF_COREMOF_GCMC,/home/rakeyma/Tüm_çalışmalar/MOF Radyoaktif Gaz Adsorpsiyonu/data/processed/augmented_cif/finetune_000104_v03.cif,Ho4C14O31,True,0.06574348287189011,3,,,0.050899247775809356,"noise,defect",False,False,0.17992695575366202,0.2944008275586534,2.9289296732730667e+25,4.792385421410863e+25,5.21968849127216,2.8708286701996886,1.6362241350968976,49,3,12.244897959183673,0.7224489795918368,0.9079035680560402,0.08163265306122448
finetune_000104_v04,finetune_000104,Ho(CO2)4,HF_COREMOF_GCMC,/home/rakeyma/Tüm_çalışmalar/MOF Radyoaktif Gaz Adsorpsiyonu/data/processed/augmented_cif/finetune_000104_v04.cif,Ho(CO2)4,True,0.0,0,,,0.07133472694583003,noise,False,False,0.14997836171222506,0.25281674030478984,2.4414133620380375e+25,4.115461463109865e+25,4.837021143375599,2.6603616288565797,1.6856881047273249,52,3,11.923076923076923,0.7192307692307693,0.9079035680560402,0.07692307692307693
finetune_000104_v05,finetune_000104,Ho(CO2)4,HF_COREMOF_GCMC,/home/rakeyma/Tüm_çalışmalar/MOF Radyoaktif Gaz Adsorpsiyonu/data/processed/augmented_cif/finetune_000104_v05.cif,Ho4C13O31,True,0.09434578199460057,4,,,0.04747213771218886,"defect,noise",False,False,0.191021532317054,0.3097183835377342,3.109532042566793e+25,5.0417312964701525e+25,5.353755875408355,2.9445657314745954,1.621379431841586,48,3,12.375,0.7229166666666668,0.9079035680560402,0.08333333333333333
finetune_000104_v06,finetune_000104,Ho(CO2)4,HF_COREMOF_GCMC,/home/rakeyma/Tüm_çalışmalar/MOF Radyoaktif Gaz Adsorpsiyonu/data/processed/augmented_cif/finetune_000104_v06.cif,Ho(CO2)4,True,0.0,0,,,0.06334602927831547,noise,False,False,0.14997836171222506,0.25281674030478984,2.4414133620380375e+25,4.115461463109865e+25,4.837021143375599,2.6603616288565797,1.6856881047273249,52,3,11.923076923076923,0.7192307692307693,0.9079035680560402,0.07692307692307693
finetune_000105_v00,finetune_000105,Ho(CO2)4,HF_COREMOF_GCMC,/home/rakeyma/Tüm_çalışmalar/MOF Radyoaktif Gaz Adsorpsiyonu/data/processed/augmented_cif/finetune_000105_v00.cif,Ho(CO2)4,False,0.0,0,,,0.0,none,False,False,0.14997836171222506,0.25281674030478984,2.4414133620380375e+25,4.115461463109865e+25,4.837021143375599,2.6603616288565797,1.6856881047273249,52,3,11.923076923076923,0.7192307692307693,0.9079035680560402,0.07692307692307693
finetune_000105_v01,finetune_000105,Ho(CO2)4,HF_COREMOF_GCMC,/home/rakeyma/Tüm_çalışmalar/MOF Radyoaktif Gaz Adsorpsiyonu/data/processed/augmented_cif/finetune_000105_v01.cif,Ho(CO2)4,True,0.0,0,,,0.13179051381926388,"substitution,defect,noise",False,False,0.14997836171222506,0.25281674030478984,2.4414133620380375e+25,4.115461463109865e+25,4.837021143375599,2.6603616288565797,1.6856881047273249,52,3,11.923076923076923,0.7192307692307693,0.9079035680560402,0.07692307692307693
finetune_000105_v02,finetune_000105,Ho(CO2)4,HF_COREMOF_GCMC,/home/rakeyma/Tüm_çalışmalar/MOF Radyoaktif Gaz Adsorpsiyonu/data/processed/augmented_cif/finetune_000105_v02.cif,Ho(CO2)4,True,0.0,0,,,0.05094118397760179,noise,False,False,0.14997836171222506,0.25281674030478984,2.4414133620380375e+25,4.115461463109865e+25,4.837021143375599,2.6603616288565797,1.6856881047273249,52,3,11.923076923076923,0.7192307692307693,0.9079035680560402,0.07692307692307693
finetune_000105_v03,finetune_000105,Ho(CO2)4,HF_COREMOF_GCMC,/home/rakeyma/Tüm_çalışmalar/MOF Radyoaktif Gaz Adsorpsiyonu/data/processed/augmented_cif/finetune_000105_v03.cif,Ho4C15N2O27,True,0.14338187031795924,6,,-NH2,0.12518992169027032,"defect,substitution,functional,noise",False,True,0.18651811655202194,0.29965887405625413,3.0362234712632967e+25,4.877978201802017e+25,5.266094445052387,2.896351944778813,1.6065939309047013,48,4,12.25,0.7291666666666666,0.8327214420200791,0.08333333333333333
finetune_000105_v04,finetune_000105,Ho(CO2)4,HF_COREMOF_GCMC,/home/rakeyma/Tüm_çalışmalar/MOF Radyoaktif Gaz Adsorpsiyonu/data/processed/augmented_cif/finetune_000105_v04.cif,Ho(CO2)4,True,0.0,0,,,0.11000696358294437,"substitution,noise",False,False,0.14997836171222506,0.25281674030478984,2.4414133620380375e+25,4.115461463109865e+25,4.837021143375599,2.6603616288565797,1.6856881047273249,52,3,11.923076923076923,0.7192307692307693,0.9079035680560402,0.07692307692307693
finetune_000105_v05,finetune_000105,Ho(CO2)4,HF_COREMOF_GCMC,/home/rakeyma/Tüm_çalışmalar/MOF Radyoaktif Gaz Adsorpsiyonu/data/processed/augmented_cif/finetune_000105_v05.cif,Ho4C15O31,True,0.04989866497092503,2,,,0.13964616655610881,"defect,noise",False,False,0.16903188110442552,0.2790832715795726,2.7515748833862025e+25,4.543039546351572e+25,5.082085587469832,2.795147073108408,1.651068838352209,50,3,12.12,0.7220000000000002,0.9079035680560402,0.08
finetune_000105_v06,finetune_000105,Ho(CO2)4,HF_COREMOF_GCMC,/home/rakeyma/Tüm_çalışmalar/MOF Radyoaktif Gaz Adsorpsiyonu/data/processed/augmented_cif/finetune_000105_v06.cif,Ho2C9O14,True,0.1040182093856542,4,,-CH3,0.14175813382502275,"noise,defect,functional",False,True,0.16255020535504722,0.2659775295294362,2.646063330904427e+25,4.329698545720955e+25,4.961323501222627,2.728727925672445,1.6362792587587311,50,3,12.0,0.7280000000000001,0.9079035680560402,0.08
finetune_000106_v00,finetune_000106,Ho(CO2)4,HF_COREMOF_GCMC,/home/rakeyma/Tüm_çalışmalar/MOF Radyoaktif Gaz Adsorpsiyonu/data/processed/augmented_cif/finetune_000106_v00.cif,Ho(CO2)4,False,0.0,0,,,0.0,none,False,False,0.14997836171222506,0.25281674030478984,2.4414133620380375e+25,4.115461463109865e+25,4.837021143375599,2.6603616288565797,1.6856881047273249,52,3,11.923076923076923,0.7192307692307693,0.9079035680560402,0.07692307692307693
finetune_000106_v01,finetune_000106,Ho(CO2)4,HF_COREMOF_GCMC,/home/rakeyma/Tüm_çalışmalar/MOF Radyoaktif Gaz Adsorpsiyonu/data/processed/augmented_cif/finetune_000106_v01.cif,Ho(CO2)4,True,0.0,0,,,0.08020576226954743,"substitution,noise,defect",False,False,0.14997836171222506,0.25281674030478984,2.4414133620380375e+25,4.115461463109865e+25,4.837021143375599,2.6603616288565797,1.6856881047273249,52,3,11.923076923076923,0.7192307692307693,0.9079035680560402,0.07692307692307693
finetune_000106_v02,finetune_000106,Ho(CO2)4,HF_COREMOF_GCMC,/home/rakeyma/Tüm_çalışmalar/MOF Radyoaktif Gaz Adsorpsiyonu/data/processed/augmented_cif/finetune_000106_v02.cif,Ho(CO2)4,True,0.0,0,,,0.12711829271743452,noise,False,False,0.14997836171222506,0.25281674030478984,2.4414133620380375e+25,4.115461463109865e+25,4.837021143375599,2.6603616288565797,1.6856881047273249,52,3,11.923076923076923,0.7192307692307693,0.9079035680560402,0.07692307692307693
finetune_000106_v03,finetune_000106,Ho(CO2)4,HF_COREMOF_GCMC,/home/rakeyma/Tüm_çalışmalar/MOF Radyoaktif Gaz Adsorpsiyonu/data/processed/augmented_cif/finetune_000106_v03.cif,HoC3O7,True,0.16733141661934897,8,,,0.1445911713177168,"defect,noise",False,False,0.23130837121143755,0.357882865403921,3.76533882474612e+25,5.8257737960766945e+25,5.755002610693293,3.1652514358813115,1.5472110392268619,44,3,12.818181818181818,0.7318181818181819,0.9079035680560402,0.09090909090909091
finetune_000106_v04,finetune_000106,Ho(CO2)4,HF_COREMOF_GCMC,/home/rakeyma/Tüm_çalışmalar/MOF Radyoaktif Gaz Adsorpsiyonu/data/processed/augmented_cif/finetune_000106_v04.cif,Ho4C13O30,True,0.10894522430918861,5,,,0.12751425910362668,"defect,substitution,noise",False,False,0.20021627374881568,0.3206673588334362,3.259208064732315e+25,5.219963504652572e+25,5.447565357370671,2.996160946553869,1.6016048687217819,47,3,12.46808510638298,0.7255319148936172,0.9079035680560402,0.0851063829787234
finetune_000106_v05,finetune_000106,Ho(CO2)4,HF_COREMOF_GCMC,/home/rakeyma/Tüm_çalışmalar/MOF Radyoaktif Gaz Adsorpsiyonu/data/processed/augmented_cif/finetune_000106_v05.cif,Ho2C8NO16,True,0.0,0,,-NH2,0.11197704682194438,"substitution,functional,noise",False,True,0.13346213653976627,0.22959644159866344,2.172555025634546e+25,3.7374712858306406e+25,4.609540641960254,2.5352473530781396,1.7203114497590337,54,4,11.74074074074074,0.7166666666666667,0.8327214420200791,0.07407407407407407
finetune_000106_v06,finetune_000106,Ho(CO2)4,HF_COREMOF_GCMC,/home/rakeyma/Tüm_çalışmalar/MOF Radyoaktif Gaz Adsorpsiyonu/data/processed/augmented_cif/finetune_000106_v06.cif,Ho2(C3O5)3,True,0.05143460224694853,2,,-CH3,0.08777398137514064,"defect,functional,noise",False,True,0.14564712062582352,0.24407957893803223,2.370907525450499e+25,3.9732341293561195e+25,4.752704302297044,2.613987366263374,1.6758283849983395,52,3,11.846153846153847,0.7230769230769233,0.9079035680560402,0.07692307692307693
finetune_000107_v00,finetune_000107,ZnCrH18C14(N2O)2,HF_COREMOF_GCMC,/home/rakeyma/Tüm_çalışmalar/MOF Radyoaktif Gaz Adsorpsiyonu/data/processed/augmented_cif/finetune_000107_v00.cif,ZnCrH18C14(N2O)2,False,0.0,0,,,0.0,none,False,False,0.09604547402800646,0.10185166600708184,3.4245074118772756e+25,3.6315275517469388e+25,2.2145268798608373,1.2179897839234606,1.0604525308228716,40,6,5.0,0.52125,0.6658995586589784,0.05
finetune_000107_v01,finetune_000107,ZnCrH18C14(N2O)2,HF_COREMOF_GCMC,/home/rakeyma/Tüm_çalışmalar/MOF Radyoaktif Gaz Adsorpsiyonu/data/processed/augmented_cif/finetune_000107_v01.cif,CdH16C13N6O,True,0.13654544246039269,5,Cd,-NH2,0.04763571854742598,"substitution,defect,functional,noise",False,True,0.1642898046298634,0.17110527260142816,5.857763307897064e+25,6.1007692467009064e+25,2.8703085439352525,1.578669699164389,1.0414844243495187,37,5,5.1891891891891895,0.5175675675675674,0.6145762767956472,0.02702702702702703
finetune_000107_v02,finetune_000107,ZnCrH18C14(N2O)2,HF_COREMOF_GCMC,/home/rakeyma/Tüm_çalışmalar/MOF Radyoaktif Gaz Adsorpsiyonu/data/processed/augmented_cif/finetune_000107_v02.cif,CrCoH18C14(N2O)2,True,0.0,0,Co,,0.11049711499787998,"substitution,noise",False,False,0.09844962550536264,0.10267523903544573,3.5102275838770646e+25,3.6608920998258208e+25,2.2234621906308685,1.2229042048469778,1.0429215805381902,40,6,4.925,0.52125,0.6256840700829417,0.05
finetune_000107_v03,finetune_000107,ZnCrH18C14(N2O)2,HF_COREMOF_GCMC,/home/rakeyma/Tüm_çalışmalar/MOF Radyoaktif Gaz Adsorpsiyonu/data/processed/augmented_cif/finetune_000107_v03.cif,ZnCrH15C16N2O,True,0.14898057801924056,6,,-CH3,0.10358312684124281,"functional,defect,noise",False,True,0.13711453213330488,0.13686045446773698,4.888827259363296e+25,4.879768104231467e+25,2.567059153692166,1.4118825345306916,0.9981469676363633,36,6,5.194444444444445,0.5444444444444444,0.6658995586589784,0.05555555555555555
finetune_000107_v04,finetune_000107,ZnCrH18C14(N2O)2,HF_COREMOF_GCMC,/home/rakeyma/Tüm_çalışmalar/MOF Radyoaktif Gaz Adsorpsiyonu/data/processed/augmented_cif/finetune_000107_v04.cif,MgCrH18C14(N2O)2,True,0.0,0,Mg,,0.0995836514827674,"substitution,noise",False,False,0.12847784912091964,0.12194834752716732,4.580885783835532e+25,4.348075994202456e+25,2.4231753774426124,1.332746457593437,0.9491779973090386,40,6,4.55,0.525,0.7396771067311886,0.05
finetune_000107_v05,finetune_000107,ZnCrH18C14(N2O)2,HF_COREMOF_GCMC,/home/rakeyma/Tüm_çalışmalar/MOF Radyoaktif Gaz Adsorpsiyonu/data/processed/augmented_cif/finetune_000107_v05.cif,ZnCrH16C14(N2O)2,True,0.06580276314086159,2,,,0.11498584643499468,"noise,defect",False,False,0.11377322966771243,0.12003021677784531,4.0565916532067505e+25,4.279684921801818e+25,2.404042730365409,1.3222235017009751,1.054995249132042,38,6,5.2105263157894735,0.5355263157894735,0.6658995586589784,0.05263157894736842
finetune_000107_v06,finetune_000107,ZnCrH18C14(N2O)2,HF_COREMOF_GCMC,/home/rakeyma/Tüm_çalışmalar/MOF Radyoaktif Gaz Adsorpsiyonu/data/processed/augmented_cif/finetune_000107_v06.cif,ZnCrH17C13(N2O)2,True,0.064284884774753,2,,,0.09894605951052239,"noise,defect",False,False,0.14093842144403745,0.14449136210499602,5.025168273027132e+25,5.151848595557113e+25,2.6376540281594045,1.4507097154876727,1.0252091702500679,38,6,5.078947368421052,0.5236842105263158,0.6658995586589784,0.05263157894736842
finetune_000108_v00,finetune_000108,ErH4(CO2)4,HF_COREMOF_GCMC,/home/rakeyma/Tüm_çalışmalar/MOF Radyoaktif Gaz Adsorpsiyonu/data/processed/augmented_cif/finetune_000108_v00.cif,ErH4(CO2)4,False,0.0,0,,,0.0,none,False,False,0.023600667038622233,0.05,9.4800095235009e+24,2.008419827284324e+25,1.5,1.2,2.1185841873950237,34,4,9.411764705882353,0.6088235294117648,0.7877935960643498,0.058823529411764705
finetune_000108_v01,finetune_000108,ErH4(CO2)4,HF_COREMOF_GCMC,/home/rakeyma/Tüm_çalışmalar/MOF Radyoaktif Gaz Adsorpsiyonu/data/processed/augmented_cif/finetune_000108_v01.cif,Er2H8C9O16,True,0.0,0,,-CH3,0.10848334143607885,"substitution,functional,noise",False,True,0.02319954452656024,0.05,9.318885042221818e+24,2.008419827284324e+25,1.5,1.2,2.155214725994167,35,4,9.314285714285715,0.6114285714285715,0.7877935960643498,0.05714285714285714
finetune_000108_v02,finetune_000108,ErH4(CO2)4,HF_COREMOF_GCMC,/home/rakeyma/Tüm_çalışmalar/MOF Radyoaktif Gaz Adsorpsiyonu/data/processed/augmented_cif/finetune_000108_v02.cif,ErH4(CO2)4,True,0.0,0,,,0.1179909589593807,"noise,substitution",False,False,0.023600667038622233,0.05,9.4800095235009e+24,2.008419827284324e+25,1.5,1.2,2.1185841873950237,34,4,9.411764705882353,0.6088235294117648,0.7877935960643498,0.058823529411764705
finetune_000108_v03,finetune_000108,ErH4(CO2)4,HF_COREMOF_GCMC,/home/rakeyma/Tüm_çalışmalar/MOF Radyoaktif Gaz Adsorpsiyonu/data/processed/augmented_cif/finetune_000108_v03.cif,ErH4(CO2)4,True,0.0,0,,,0.12020663965062271,noise,False,False,0.023600667038622233,0.05,9.4800095235009e+24,2.008419827284324e+25,1.5,1.2,2.1185841873950237,34,4,9.411764705882353,0.6088235294117648,0.7877935960643498,0.058823529411764705
finetune_000108_v04,finetune_000108,ErH4(CO2)4,HF_COREMOF_GCMC,/home/rakeyma/Tüm_çalışmalar/MOF Radyoaktif Gaz Adsorpsiyonu/data/processed/augmented_cif/finetune_000108_v04.cif,Er2H8C9O16,True,0.0,0,,-CH3,0.07539889415261361,"noise,substitution,functional",False,True,0.02319954452656024,0.05,9.318885042221818e+24,2.008419827284324e+25,1.5,1.2,2.155214725994167,35,4,9.314285714285715,0.6114285714285715,0.7877935960643498,0.05714285714285714
finetune_000108_v05,finetune_000108,ErH4(CO2)4,HF_COREMOF_GCMC,/home/rakeyma/Tüm_çalışmalar/MOF Radyoaktif Gaz Adsorpsiyonu/data/processed/augmented_cif/finetune_000108_v05.cif,ErH4(CO2)4,True,0.0,0,,,0.10521686683187886,"substitution,noise",False,False,0.023600667038622233,0.05,9.4800095235009e+24,2.008419827284324e+25,1.5,1.2,2.1185841873950237,34,4,9.411764705882353,0.6088235294117648,0.7877935960643498,0.058823529411764705
finetune_000108_v06,finetune_000108,ErH4(CO2)4,HF_COREMOF_GCMC,/home/rakeyma/Tüm_çalışmalar/MOF Radyoaktif Gaz Adsorpsiyonu/data/processed/augmented_cif/finetune_000108_v06.cif,ErH4(CO2)4,True,0.0,0,,,0.03427929231872993,"noise,substitution",False,False,0.023600667038622233,0.05,9.4800095235009e+24,2.008419827284324e+25,1.5,1.2,2.1185841873950237,34,4,9.411764705882353,0.6088235294117648,0.7877935960643498,0.058823529411764705
finetune_000109_v00,finetune_000109,Ho(CO2)4,HF_COREMOF_GCMC,/home/rakeyma/Tüm_çalışmalar/MOF Radyoaktif Gaz Adsorpsiyonu/data/processed/augmented_cif/finetune_000109_v00.cif,Ho(CO2)4,False,0.0,0,,,0.0,none,False,False,0.14997836171222506,0.25281674030478984,2.4414133620380375e+25,4.115461463109865e+25,4.837021143375599,2.6603616288565797,1.6856881047273249,52,3,11.923076923076923,0.7192307692307693,0.9079035680560402,0.07692307692307693
finetune_000109_v01,finetune_000109,Ho(CO2)4,HF_COREMOF_GCMC,/home/rakeyma/Tüm_çalışmalar/MOF Radyoaktif Gaz Adsorpsiyonu/data/processed/augmented_cif/finetune_000109_v01.cif,Ho2C9O16,True,0.0,0,,-CH3,0.14855897846391572,"functional,noise",False,True,0.12952345876697718,0.22218162834662825,2.108439506345835e+25,3.616769712991286e+25,4.534497269418265,2.4939734981800457,1.715377511237948,54,3,11.703703703703704,0.7185185185185188,0.9079035680560402,0.07407407407407407
finetune_000109_v02,finetune_000109,Ho(CO2)4,HF_COREMOF_GCMC,/home/rakeyma/Tüm_çalışmalar/MOF Radyoaktif Gaz Adsorpsiyonu/data/processed/augmented_cif/finetune_000109_v02.cif,Ho(CO2)4,True,0.0,0,,,0.1376595258747152,"substitution,noise",False,False,0.14997836171222506,0.25281674030478984,2.4414133620380375e+25,4.115461463109865e+25,4.837021143375599,2.6603616288565797,1.6856881047273249,52,3,11.923076923076923,0.7192307692307693,0.9079035680560402,0.07692307692307693
finetune_000109_v03,finetune_000109,Ho(CO2)4,HF_COREMOF_GCMC,/home/rakeyma/Tüm_çalışmalar/MOF Radyoaktif Gaz Adsorpsiyonu/data/processed/augmented_cif/finetune_000109_v03.cif,Ho(CO2)4,True,0.0,0,,,0.05690247792268822,noise,False,False,0.14997836171222506,0.25281674030478984,2.4414133620380375e+25,4.115461463109865e+25,4.837021143375599,2.6603616288565797,1.6856881047273249,52,3,11.923076923076923,0.7192307692307693,0.9079035680560402,0.07692307692307693
finetune_000109_v04,finetune_000109,Ho(CO2)4,HF_COREMOF_GCMC,/home/rakeyma/Tüm_çalışmalar/MOF Radyoaktif Gaz Adsorpsiyonu/data/processed/augmented_cif/finetune_000109_v04.cif,Ho2C8NO16,True,0.0,0,,-NH2,0.07068979552556148,"functional,noise",False,True,0.13346213653976627,0.22959644159866344,2.172555025634546e+25,3.7374712858306406e+25,4.609540641960254,2.5352473530781396,1.7203114497590337,54,4,11.74074074074074,0.7166666666666667,0.8327214420200791,0.07407407407407407
finetune_000109_v05,finetune_000109,Ho(CO2)4,HF_COREMOF_GCMC,/home/rakeyma/Tüm_çalışmalar/MOF Radyoaktif Gaz Adsorpsiyonu/data/processed/augmented_cif/finetune_000109_v05.cif,Ho2C9O16,True,0.0,0,,-CH3,0.0328696790577156,"functional,substitution,noise",False,True,0.12952345876697718,0.22218162834662825,2.108439506345835e+25,3.616769712991286e+25,4.534497269418265,2.4939734981800457,1.715377511237948,54,3,11.703703703703704,0.7185185185185188,0.9079035680560402,0.07407407407407407
finetune_000109_v06,finetune_000109,Ho(CO2)4,HF_COREMOF_GCMC,/home/rakeyma/Tüm_çalışmalar/MOF Radyoaktif Gaz Adsorpsiyonu/data/processed/augmented_cif/finetune_000109_v06.cif,Ho(CO2)4,True,0.0,0,,,0.05320116765727827,"substitution,noise",False,False,0.14997836171222506,0.25281674030478984,2.4414133620380375e+25,4.115461463109865e+25,4.837021143375599,2.6603616288565797,1.6856881047273249,52,3,11.923076923076923,0.7192307692307693,0.9079035680560402,0.07692307692307693
finetune_000110_v00,finetune_000110,ZnHC4O3,HF_COREMOF_GCMC,/home/rakeyma/Tüm_çalışmalar/MOF Radyoaktif Gaz Adsorpsiyonu/data/processed/augmented_cif/finetune_000110_v00.cif,ZnHC4O3,False,0.0,0,,,0.0,none,False,False,0.20687860416176837,0.2515640963015523,3.3991159257691533e+25,4.133320260715269e+25,3.442719217267522,1.8934955694971374,1.2159986158106626,54,4,8.777777777777779,0.688888888888889,0.6504229393248673,0.1111111111111111
finetune_000110_v01,finetune_000110,ZnHC4O3,HF_COREMOF_GCMC,/home/rakeyma/Tüm_çalışmalar/MOF Radyoaktif Gaz Adsorpsiyonu/data/processed/augmented_cif/finetune_000110_v01.cif,Zn6H6C28O17,True,0.03167783306956426,1,,-CH3,0.044120062044308656,"defect,functional,noise",False,True,0.15985443749107997,0.2007728235369538,2.6264860326296344e+25,3.2987949851617274e+25,3.07559919226165,1.6915795557439077,1.2559727880444802,57,4,8.596491228070175,0.6912280701754385,0.6504229393248673,0.10526315789473684
finetune_000110_v02,finetune_000110,ZnHC4O3,HF_COREMOF_GCMC,/home/rakeyma/Tüm_çalışmalar/MOF Radyoaktif Gaz Adsorpsiyonu/data/processed/augmented_cif/finetune_000110_v02.cif,Mg6H5(C5O4)4,True,0.14121598935193233,7,Mg,,0.09489899750636076,"substitution,defect,noise",False,False,0.4896562547457089,0.3952630446300981,8.045290040516431e+25,6.4943637613659984e+25,4.315393276999511,2.373466302349731,0.8072255603788179,47,4,6.914893617021277,0.720212765957447,0.7631677404083587,0.1276595744680851
finetune_000110_v03,finetune_000110,ZnHC4O3,HF_COREMOF_GCMC,/home/rakeyma/Tüm_çalışmalar/MOF Radyoaktif Gaz Adsorpsiyonu/data/processed/augmented_cif/finetune_000110_v03.cif,Cd3H3C14O9,True,0.0,0,Cd,-CH3,0.07612545763526778,"noise,functional,substitution",False,True,0.09057604447180422,0.14743445853465376,1.4882083940229011e+25,2.4224197472853335e+25,2.635583466121517,1.4495709063668345,1.6277422953764473,58,4,10.448275862068966,0.710344827586207,0.6380830666927308,0.10344827586206896
finetune_000110_v04,finetune_000110,ZnHC4O3,HF_COREMOF_GCMC,/home/rakeyma/Tüm_çalışmalar/MOF Radyoaktif Gaz Adsorpsiyonu/data/processed/augmented_cif/finetune_000110_v04.cif,Cd6H6C22N3O16,True,0.09171019828159208,5,Cd,-NH2,0.06488108622495109,"substitution,functional,defect,noise",False,True,0.14651263314261825,0.22714494041775812,2.407273708459607e+25,3.7321016717038133e+25,3.271363536315202,1.7992499449733612,1.5503437181191797,53,5,10.849056603773585,0.7122641509433961,0.6145762767956472,0.11320754716981132
finetune_000110_v05,finetune_000110,ZnHC4O3,HF_COREMOF_GCMC,/home/rakeyma/Tüm_çalışmalar/MOF Radyoaktif Gaz Adsorpsiyonu/data/processed/augmented_cif/finetune_000110_v05.cif,Zn3H3C12N2O9,True,0.0,0,,-NH2,0.08332420399413945,"functional,noise",False,True,0.15918110193565163,0.20468972185389522,2.615422802484996e+25,3.363151526538636e+25,3.105455374260989,1.708000455843544,1.2858921025477024,58,5,8.655172413793103,0.6862068965517241,0.6263098274815748,0.10344827586206896
finetune_000110_v06,finetune_000110,ZnHC4O3,HF_COREMOF_GCMC,/home/rakeyma/Tüm_çalışmalar/MOF Radyoaktif Gaz Adsorpsiyonu/data/processed/augmented_cif/finetune_000110_v06.cif,Zn6H6(C5O3)5,True,0.11640481355733269,5,,-CH3,0.04514008889161031,"defect,functional,noise",False,True,0.2299173758508507,0.26925719877407717,3.77765413215266e+25,4.424026526035958e+25,3.561729525751845,1.9589512391635149,1.1711041750439364,52,4,8.76923076923077,0.6942307692307694,0.6504229393248673,0.11538461538461539
finetune_000111_v00,finetune_000111,Ho(CO2)4,HF_COREMOF_GCMC,/home/rakeyma/Tüm_çalışmalar/MOF Radyoaktif Gaz Adsorpsiyonu/data/processed/augmented_cif/finetune_000111_v00.cif,Ho(CO2)4,False,0.0,0,,,0.0,none,False,False,0.14997836171222506,0.25281674030478984,2.4414133620380375e+25,4.115461463109865e+25,4.837021143375599,2.6603616288565797,1.6856881047273249,52,3,11.923076923076923,0.7192307692307693,0.9079035680560402,0.07692307692307693
finetune_000111_v01,finetune_000111,Ho(CO2)4,HF_COREMOF_GCMC,/home/rakeyma/Tüm_çalışmalar/MOF Radyoaktif Gaz Adsorpsiyonu/data/processed/augmented_cif/finetune_000111_v01.cif,Ho2C8NO14,True,0.10323096884406704,4,,-NH2,0.12737435477790685,"defect,noise,functional",False,True,0.16657942017197883,0.2733923427814714,2.711652651792285e+25,4.4504001185603105e+25,5.0300030146418,2.7665016580529906,1.6412131972798172,50,4,12.04,0.726,0.8327214420200791,0.08
finetune_000111_v02,finetune_000111,Ho(CO2)4,HF_COREMOF_GCMC,/home/rakeyma/Tüm_çalışmalar/MOF Radyoaktif Gaz Adsorpsiyonu/data/processed/augmented_cif/finetune_000111_v02.cif,Ho(CO2)4,True,0.0,0,,,0.04947554977535956,"substitution,noise",False,False,0.14997836171222506,0.25281674030478984,2.4414133620380375e+25,4.115461463109865e+25,4.837021143375599,2.6603616288565797,1.6856881047273249,52,3,11.923076923076923,0.7192307692307693,0.9079035680560402,0.07692307692307693
finetune_000111_v03,finetune_000111,Ho(CO2)4,HF_COREMOF_GCMC,/home/rakeyma/Tüm_çalışmalar/MOF Radyoaktif Gaz Adsorpsiyonu/data/processed/augmented_cif/finetune_000111_v03.cif,Ho(CO2)4,True,0.0,0,,,0.14665315076427113,noise,False,False,0.14997836171222506,0.25281674030478984,2.4414133620380375e+25,4.115461463109865e+25,4.837021143375599,2.6603616288565797,1.6856881047273249,52,3,11.923076923076923,0.7192307692307693,0.9079035680560402,0.07692307692307693
finetune_000111_v04,finetune_000111,Ho(CO2)4,HF_COREMOF_GCMC,/home/rakeyma/Tüm_çalışmalar/MOF Radyoaktif Gaz Adsorpsiyonu/data/processed/augmented_cif/finetune_000111_v04.cif,Ho4C15O26,True,0.15742024126889162,7,,,0.08363801536407844,"noise,defect",False,False,0.21506829238356062,0.3338281480580826,3.500975719306905e+25,5.43420058726366e+25,5.558230443688569,3.057026744028713,1.5521960227531881,45,3,12.577777777777778,0.7355555555555557,0.9079035680560402,0.08888888888888889
finetune_000111_v05,finetune_000111,Ho(CO2)4,HF_COREMOF_GCMC,/home/rakeyma/Tüm_çalışmalar/MOF Radyoaktif Gaz Adsorpsiyonu/data/processed/augmented_cif/finetune_000111_v05.cif,Ho2C8O13,True,0.14391887310318824,6,,,0.08198482527243409,"noise,defect",False,False,0.20325610355405282,0.3185105920790018,3.3086917437117375e+25,5.184854712204371e+25,5.429214642800188,2.986068053540104,1.5670407260085,46,3,12.434782608695652,0.7347826086956524,0.9079035680560402,0.08695652173913043
finetune_000111_v06,finetune_000111,Ho(CO2)4,HF_COREMOF_GCMC,/home/rakeyma/Tüm_çalışmalar/MOF Radyoaktif Gaz Adsorpsiyonu/data/processed/augmented_cif/finetune_000111_v06.cif,Ho4C17O30,True,0.06272393150621608,3,,-CH3,0.048709886338827155,"defect,functional,noise",False,True,0.1561707906997033,0.259397134917113,2.542216429233221e+25,4.22258000441541e+25,4.899566533135689,2.6947615932246287,1.6609836817430281,51,3,11.96078431372549,0.7235294117647061,0.9079035680560402,0.0784313725490196
finetune_000112_v00,finetune_000112,FeH3(CO2)3,HF_COREMOF_GCMC,/home/rakeyma/Tüm_çalışmalar/MOF Radyoaktif Gaz Adsorpsiyonu/data/processed/augmented_cif/finetune_000112_v00.cif,FeH3(CO2)3,False,0.0,0,,,0.0,none,False,False,0.04182254577722779,0.06150666533011828,1.060893698679908e+25,1.5602119015687923e+25,2.064892740520459,1.2,1.4706580909191904,52,4,7.3076923076923075,0.6038461538461539,0.5968458762528228,0.07692307692307693
finetune_000112_v01,finetune_000112,FeH3(CO2)3,HF_COREMOF_GCMC,/home/rakeyma/Tüm_çalışmalar/MOF Radyoaktif Gaz Adsorpsiyonu/data/processed/augmented_cif/finetune_000112_v01.cif,FeH3(CO2)3,True,0.0,0,,,0.08152666594274344,"substitution,noise",False,False,0.04182254577722779,0.06150666533011828,1.060893698679908e+25,1.5602119015687923e+25,2.064892740520459,1.2,1.4706580909191904,52,4,7.3076923076923075,0.6038461538461539,0.5968458762528228,0.07692307692307693
finetune_000112_v02,finetune_000112,FeH3(CO2)3,HF_COREMOF_GCMC,/home/rakeyma/Tüm_çalışmalar/MOF Radyoaktif Gaz Adsorpsiyonu/data/processed/augmented_cif/finetune_000112_v02.cif,Fe2H4C5O11,True,0.17518598415999803,8,,,0.10444193059721751,"noise,defect",False,False,0.12489638444439216,0.16923449910655086,3.168190381110315e+25,4.292895383693956e+25,3.425159946015087,1.883837970308298,1.3549991847994562,44,4,7.909090909090909,0.631818181818182,0.5968458762528228,0.09090909090909091
finetune_000112_v03,finetune_000112,FeH3(CO2)3,HF_COREMOF_GCMC,/home/rakeyma/Tüm_çalışmalar/MOF Radyoaktif Gaz Adsorpsiyonu/data/processed/augmented_cif/finetune_000112_v03.cif,FeH3(CO2)3,True,0.0,0,,,0.11808179071351896,"substitution,noise",False,False,0.04182254577722779,0.06150666533011828,1.060893698679908e+25,1.5602119015687923e+25,2.064892740520459,1.2,1.4706580909191904,52,4,7.3076923076923075,0.6038461538461539,0.5968458762528228,0.07692307692307693
finetune_000112_v04,finetune_000112,FeH3(CO2)3,HF_COREMOF_GCMC,/home/rakeyma/Tüm_çalışmalar/MOF Radyoaktif Gaz Adsorpsiyonu/data/processed/augmented_cif/finetune_000112_v04.cif,FeH3(CO2)3,True,0.0,0,,,0.030721729055820268,"substitution,noise,defect",False,False,0.04182254577722779,0.06150666533011828,1.060893698679908e+25,1.5602119015687923e+25,2.064892740520459,1.2,1.4706580909191904,52,4,7.3076923076923075,0.6038461538461539,0.5968458762528228,0.07692307692307693
finetune_000112_v05,finetune_000112,FeH3(CO2)3,HF_COREMOF_GCMC,/home/rakeyma/Tüm_çalışmalar/MOF Radyoaktif Gaz Adsorpsiyonu/data/processed/augmented_cif/finetune_000112_v05.cif,Fe4H12C12NO23,True,0.04508624427827458,2,,-NH2,0.13904827621230026,"noise,functional,defect",False,True,0.041229568470944444,0.0604763634377492,1.0458519101898651e+25,1.5340766970985878e+25,2.0475251299331982,1.2,1.4668201895047357,52,5,7.288461538461538,0.6048076923076924,0.5751312893592209,0.07692307692307693
finetune_000112_v06,finetune_000112,FeH3(CO2)3,HF_COREMOF_GCMC,/home/rakeyma/Tüm_çalışmalar/MOF Radyoaktif Gaz Adsorpsiyonu/data/processed/augmented_cif/finetune_000112_v06.cif,FeH3(CO2)3,True,0.0,0,,,0.13910225052211495,"noise,substitution",False,False,0.04182254577722779,0.06150666533011828,1.060893698679908e+25,1.5602119015687923e+25,2.064892740520459,1.2,1.4706580909191904,52,4,7.3076923076923075,0.6038461538461539,0.5968458762528228,0.07692307692307693
finetune_000113_v00,finetune_000113,CoHC4O3,HF_COREMOF_GCMC,/home/rakeyma/Tüm_çalışmalar/MOF Radyoaktif Gaz Adsorpsiyonu/data/processed/augmented_cif/finetune_000113_v00.cif,CoHC4O3,False,0.0,0,,,0.0,none,False,False,0.20272234461597277,0.24081560498963828,3.3889723538711354e+25,4.025789210541387e+25,3.325674945771934,1.8291212201745637,1.1879085428191327,54,4,8.444444444444445,0.688888888888889,0.5829397481729994,0.1111111111111111
finetune_000113_v01,finetune_000113,CoHC4O3,HF_COREMOF_GCMC,/home/rakeyma/Tüm_çalışmalar/MOF Radyoaktif Gaz Adsorpsiyonu/data/processed/augmented_cif/finetune_000113_v01.cif,Co6H5C20(NO4)4,True,0.15255255617055768,7,,-NH2,0.09576381085887171,"functional,noise,defect",False,True,0.2446010874879388,0.2827949893748837,4.089072296365527e+25,4.727571608449372e+25,3.6039050534895525,1.9821477794192541,1.1561477190440872,51,5,8.686274509803921,0.6970588235294116,0.5617259118110896,0.11764705882352941
finetune_000113_v02,finetune_000113,CoHC4O3,HF_COREMOF_GCMC,/home/rakeyma/Tüm_çalışmalar/MOF Radyoaktif Gaz Adsorpsiyonu/data/processed/augmented_cif/finetune_000113_v02.cif,Co6H5(CO)18,True,0.15813972898554127,7,,,0.1431111654773246,"defect,noise",False,False,0.30996426983622233,0.33946036211977326,5.181768902450051e+25,5.674864231855144e+25,3.9484988942228174,2.17167439182255,1.0951596527533187,47,4,8.914893617021276,0.6968085106382981,0.5829397481729994,0.1276595744680851
finetune_000113_v03,finetune_000113,CoHC4O3,HF_COREMOF_GCMC,/home/rakeyma/Tüm_çalışmalar/MOF Radyoaktif Gaz Adsorpsiyonu/data/processed/augmented_cif/finetune_000113_v03.cif,Zn5H6C23O16,True,0.07728676310069019,4,Zn,,0.07323473007150795,"noise,substitution,defect",False,False,0.27561345571144885,0.3027182750387639,4.607515681265418e+25,5.060635358481824e+25,3.728694530171091,2.0507819915941004,1.098343599579885,50,4,8.44,0.679,0.6504229393248673,0.1
finetune_000113_v04,finetune_000113,CoHC4O3,HF_COREMOF_GCMC,/home/rakeyma/Tüm_çalışmalar/MOF Radyoaktif Gaz Adsorpsiyonu/data/processed/augmented_cif/finetune_000113_v04.cif,Co6H6C24O17,True,0.10211810622617945,5,,-CH3,0.12373088684861644,"noise,functional,defect",False,True,0.21587837059154083,0.2520597689432773,3.608905723339957e+25,4.2137613892050824e+25,3.4024304195426915,1.8713367307484805,1.1676008497404986,53,4,8.452830188679245,0.6905660377358492,0.5829397481729994,0.11320754716981132
finetune_000113_v05,finetune_000113,CoHC4O3,HF_COREMOF_GCMC,/home/rakeyma/Tüm_çalışmalar/MOF Radyoaktif Gaz Adsorpsiyonu/data/processed/augmented_cif/finetune_000113_v05.cif,Co3H3C14O9,True,0.0,0,,-CH3,0.14143840230834726,"functional,noise",False,True,0.1424414990257822,0.17789351186355762,2.381238748776306e+25,2.9739010506251916e+25,2.858364043247074,1.5721002237858908,1.24888823187236,58,4,8.275862068965518,0.6896551724137931,0.5829397481729994,0.10344827586206896
finetune_000113_v06,finetune_000113,CoHC4O3,HF_COREMOF_GCMC,/home/rakeyma/Tüm_çalışmalar/MOF Radyoaktif Gaz Adsorpsiyonu/data/processed/augmented_cif/finetune_000113_v06.cif,Mn3H3C12N2O9,True,0.0,0,Mn,-NH2,0.11272944093016422,"functional,substitution,noise",False,True,0.1475715270184099,0.18130584754181545,2.466999018935644e+25,3.0309461252451142e+25,2.885648251609301,1.5871065383851157,1.2285964047739177,58,5,8.137931034482758,0.6913793103448275,0.6564327840685594,0.10344827586206896
finetune_000114_v00,finetune_000114,ZnH3(CO2)3,HF_COREMOF_GCMC,/home/rakeyma/Tüm_çalışmalar/MOF Radyoaktif Gaz Adsorpsiyonu/data/processed/augmented_cif/finetune_000114_v00.cif,ZnH3(CO2)3,False,0.0,0,,,0.0,none,False,False,0.052105398663349865,0.07953073960619306,1.3063331714848035e+25,1.993913221383093e+25,2.354517765567317,1.2949847710620246,1.5263435583716922,52,4,7.615384615384615,0.6000000000000001,0.6504229393248673,0.07692307692307693
finetune_000114_v01,finetune_000114,ZnH3(CO2)3,HF_COREMOF_GCMC,/home/rakeyma/Tüm_çalışmalar/MOF Radyoaktif Gaz Adsorpsiyonu/data/processed/augmented_cif/finetune_000114_v01.cif,Mg2H6C6NO12,True,0.0,0,Mg,-NH2,0.09167639179815629,"substitution,noise,functional",False,True,0.07917650775976473,0.10029255967845618,1.9850322834523537e+25,2.5144323030243093e+25,2.6440448571699933,1.4542246714434963,1.2666959242855371,54,5,6.2592592592592595,0.6129629629629632,0.7325953862808582,0.07407407407407407
finetune_000114_v02,finetune_000114,ZnH3(CO2)3,HF_COREMOF_GCMC,/home/rakeyma/Tüm_çalışmalar/MOF Radyoaktif Gaz Adsorpsiyonu/data/processed/augmented_cif/finetune_000114_v02.cif,ZnH3(CO2)3,True,0.0,0,,,0.059917808456362354,noise,False,False,0.052105398663349865,0.07953073960619306,1.3063331714848035e+25,1.993913221383093e+25,2.354517765567317,1.2949847710620246,1.5263435583716922,52,4,7.615384615384615,0.6000000000000001,0.6504229393248673,0.07692307692307693
finetune_000114_v03,finetune_000114,ZnH3(CO2)3,HF_COREMOF_GCMC,/home/rakeyma/Tüm_çalışmalar/MOF Radyoaktif Gaz Adsorpsiyonu/data/processed/augmented_cif/finetune_000114_v03.cif,Mg4H11C12O23,True,0.04256033971080152,2,Mg,,0.14013966264715355,"defect,substitution,noise",False,False,0.13489360992189328,0.1593089757970415,3.3819143847420255e+25,3.994031423567762e+25,3.3323804951449336,1.8328092723297136,1.1809972013447139,50,4,6.3,0.6190000000000001,0.7631677404083587,0.08
finetune_000114_v04,finetune_000114,ZnH3(CO2)3,HF_COREMOF_GCMC,/home/rakeyma/Tüm_çalışmalar/MOF Radyoaktif Gaz Adsorpsiyonu/data/processed/augmented_cif/finetune_000114_v04.cif,Cd4H12C11N2O23,True,0.04071449381833758,2,Cd,-NH2,0.07353962563295352,"functional,substitution,defect,noise",False,True,0.026536033629502825,0.05,6.652842480646556e+24,1.2535487732518377e+25,1.8668931544145744,1.2,1.8842303525124373,52,5,9.0,0.6153846153846154,0.6145762767956472,0.07692307692307693
finetune_000114_v05,finetune_000114,ZnH3(CO2)3,HF_COREMOF_GCMC,/home/rakeyma/Tüm_çalışmalar/MOF Radyoaktif Gaz Adsorpsiyonu/data/processed/augmented_cif/finetune_000114_v05.cif,Zn2H6C7O12,True,0.0,0,,-CH3,0.04441463460072005,"functional,noise",False,True,0.03180521521374934,0.05,7.973877702841236e+24,1.253548773251838e+25,1.8668931544145744,1.2,1.572069223992708,54,4,7.555555555555555,0.6037037037037039,0.6504229393248673,0.07407407407407407
finetune_000114_v06,finetune_000114,ZnH3(CO2)3,HF_COREMOF_GCMC,/home/rakeyma/Tüm_çalışmalar/MOF Radyoaktif Gaz Adsorpsiyonu/data/processed/augmented_cif/finetune_000114_v06.cif,Cd2H6C7O12,True,0.0,0,Cd,-CH3,0.1282669178820935,"functional,substitution,noise",False,True,0.02590741046542819,0.05,6.495240521413866e+24,1.2535487732518377e+25,1.8668931544145744,1.2,1.9299497364555926,54,4,8.88888888888889,0.6185185185185188,0.6380830666927308,0.07407407407407407
finetune_000115_v00,finetune_000115,ZnHC4O3,HF_COREMOF_GCMC,/home/rakeyma/Tüm_çalışmalar/MOF Radyoaktif Gaz Adsorpsiyonu/data/processed/augmented_cif/finetune_000115_v00.cif,ZnHC4O3,False,0.0,0,,,0.0,none,False,False,0.20687860416176837,0.2515640963015523,3.3991159257691533e+25,4.133320260715269e+25,3.442719217267522,1.8934955694971374,1.2159986158106626,54,4,8.777777777777779,0.688888888888889,0.6504229393248673,0.1111111111111111
finetune_000115_v01,finetune_000115,ZnHC4O3,HF_COREMOF_GCMC,/home/rakeyma/Tüm_çalışmalar/MOF Radyoaktif Gaz Adsorpsiyonu/data/processed/augmented_cif/finetune_000115_v01.cif,Zn6H4C23N4O17,True,0.08192975412594396,4,,-NH2,0.05700011151278998,"functional,defect,noise",False,True,0.19190318933116576,0.23957859363539158,3.153062588103083e+25,3.936392631799912e+25,3.3597060424269682,1.8478383233348328,1.2484346636988546,54,5,9.0,0.7037037037037036,0.6263098274815748,0.1111111111111111
finetune_000115_v02,finetune_000115,ZnHC4O3,HF_COREMOF_GCMC,/home/rakeyma/Tüm_çalışmalar/MOF Radyoaktif Gaz Adsorpsiyonu/data/processed/augmented_cif/finetune_000115_v02.cif,Zn3H3C14O9,True,0.0,0,,-CH3,0.09092924535845955,"functional,noise",False,True,0.14869254121498662,0.18972157965925396,2.4430906566429283e+25,3.117217681812972e+25,2.9897552752641143,1.644365401395263,1.2759320548900004,58,4,8.586206896551724,0.6896551724137931,0.6504229393248673,0.10344827586206896
finetune_000115_v03,finetune_000115,ZnHC4O3,HF_COREMOF_GCMC,/home/rakeyma/Tüm_çalışmalar/MOF Radyoaktif Gaz Adsorpsiyonu/data/processed/augmented_cif/finetune_000115_v03.cif,CoHC4O3,True,0.0,0,Co,,0.06876564087021991,"substitution,noise",False,False,0.21741780700724866,0.25384119868794897,3.5722801463135418e+25,4.170734158675232e+25,3.4582654814543337,1.9020460147998837,1.167527178118791,54,4,8.444444444444445,0.688888888888889,0.5829397481729994,0.1111111111111111
finetune_000115_v04,finetune_000115,ZnHC4O3,HF_COREMOF_GCMC,/home/rakeyma/Tüm_çalışmalar/MOF Radyoaktif Gaz Adsorpsiyonu/data/processed/augmented_cif/finetune_000115_v04.cif,Zn3H3C14O9,True,0.0,0,,-CH3,0.08538162863886174,"functional,noise",False,True,0.14869254121498662,0.18972157965925396,2.4430906566429283e+25,3.117217681812972e+25,2.9897552752641143,1.644365401395263,1.2759320548900004,58,4,8.586206896551724,0.6896551724137931,0.6504229393248673,0.10344827586206896
finetune_000115_v05,finetune_000115,ZnHC4O3,HF_COREMOF_GCMC,/home/rakeyma/Tüm_çalışmalar/MOF Radyoaktif Gaz Adsorpsiyonu/data/processed/augmented_cif/finetune_000115_v05.cif,Zn3H3C11O8,True,0.16061627268567427,7,,-CH3,0.047764480141428686,"defect,noise,functional",False,True,0.26575716881309197,0.3045878423781011,4.366519334176953e+25,5.004526156863925e+25,3.7882057337704977,2.083513153573774,1.146113362579953,50,4,8.92,0.6920000000000002,0.6504229393248673,0.12
finetune_000115_v06,finetune_000115,ZnHC4O3,HF_COREMOF_GCMC,/home/rakeyma/Tüm_çalışmalar/MOF Radyoaktif Gaz Adsorpsiyonu/data/processed/augmented_cif/finetune_000115_v06.cif,ZnHC4O3,True,0.0,0,,,0.10320873467557125,noise,False,False,0.20687860416176837,0.2515640963015523,3.3991159257691533e+25,4.133320260715269e+25,3.442719217267522,1.8934955694971374,1.2159986158106626,54,4,8.777777777777779,0.688888888888889,0.6504229393248673,0.1111111111111111
finetune_000116_v00,finetune_000116,Fe5H8C4N20OF7,HF_COREMOF_GCMC,/home/rakeyma/Tüm_çalışmalar/MOF Radyoaktif Gaz Adsorpsiyonu/data/processed/augmented_cif/finetune_000116_v00.cif,Fe5H8C4N20OF7,False,0.0,0,,,0.0,none,False,False,0.027216813967264913,0.05,8.614467119214068e+24,1.5825634715318147e+25,1.5,1.2,1.8370996715536807,45,6,8.28888888888889,0.6422222222222221,0.7318242047559417,0.1111111111111111
finetune_000116_v01,finetune_000116,Fe5H8C4N20OF7,HF_COREMOF_GCMC,/home/rakeyma/Tüm_çalışmalar/MOF Radyoaktif Gaz Adsorpsiyonu/data/processed/augmented_cif/finetune_000116_v01.cif,Fe5H8C4N21OF7,True,0.0,0,,-NH2,0.13941418775509073,"substitution,functional,noise",False,True,0.026727106558418975,0.05,8.45946850781845e+24,1.5825634715318143e+25,1.5,1.2,1.8707599302121285,46,6,8.26086956521739,0.642391304347826,0.7318242047559417,0.10869565217391304
finetune_000116_v02,finetune_000116,Fe5H8C4N20OF7,HF_COREMOF_GCMC,/home/rakeyma/Tüm_çalışmalar/MOF Radyoaktif Gaz Adsorpsiyonu/data/processed/augmented_cif/finetune_000116_v02.cif,Fe5H8C4N19OF6,True,0.050511004497496036,2,,,0.03735903057835091,"defect,noise",False,False,0.028444916599826772,0.05,9.003177192330958e+24,1.5825634715318145e+25,1.5,1.2,1.7577833221808252,43,6,8.30232558139535,0.6453488372093024,0.7318242047559417,0.11627906976744186
finetune_000116_v03,finetune_000116,Fe5H8C4N20OF7,HF_COREMOF_GCMC,/home/rakeyma/Tüm_çalışmalar/MOF Radyoaktif Gaz Adsorpsiyonu/data/processed/augmented_cif/finetune_000116_v03.cif,Fe5H8C5N20OF7,True,0.0,0,,-CH3,0.11136939871225623,"substitution,noise,functional",False,True,0.02679581198202703,0.05,8.481214646558095e+24,1.582563471531814e+25,1.5,1.2,1.8659632346105766,46,6,8.23913043478261,0.6434782608695652,0.7318242047559417,0.10869565217391304
finetune_000116_v04,finetune_000116,Fe5H8C4N20OF7,HF_COREMOF_GCMC,/home/rakeyma/Tüm_çalışmalar/MOF Radyoaktif Gaz Adsorpsiyonu/data/processed/augmented_cif/finetune_000116_v04.cif,Fe5H8C4N20OF7,True,0.0,0,,,0.09425047364482203,"substitution,noise",False,False,0.027216813967264913,0.05,8.614467119214068e+24,1.5825634715318147e+25,1.5,1.2,1.8370996715536807,45,6,8.28888888888889,0.6422222222222221,0.7318242047559417,0.1111111111111111
finetune_000116_v05,finetune_000116,Fe5H8C4N20OF7,HF_COREMOF_GCMC,/home/rakeyma/Tüm_çalışmalar/MOF Radyoaktif Gaz Adsorpsiyonu/data/processed/augmented_cif/finetune_000116_v05.cif,Fe5H8C4N20OF7,True,0.0,0,,,0.07622735897966862,noise,False,False,0.027216813967264913,0.05,8.614467119214068e+24,1.5825634715318147e+25,1.5,1.2,1.8370996715536807,45,6,8.28888888888889,0.6422222222222221,0.7318242047559417,0.1111111111111111
finetune_000116_v06,finetune_000116,Fe5H8C4N20OF7,HF_COREMOF_GCMC,/home/rakeyma/Tüm_çalışmalar/MOF Radyoaktif Gaz Adsorpsiyonu/data/processed/augmented_cif/finetune_000116_v06.cif,Fe5H7C5N16OF7,True,0.1422471290863385,5,,-CH3,0.05919074343350598,"defect,functional,noise",False,True,0.02892012320972266,0.05,9.153586116781296e+24,1.5825634715318145e+25,1.5,1.2,1.7288999648241645,41,6,8.536585365853659,0.6524390243902438,0.7318242047559417,0.12195121951219512
finetune_000117_v00,finetune_000117,EuHC6N2O5,HF_COREMOF_GCMC,/home/rakeyma/Tüm_çalışmalar/MOF Radyoaktif Gaz Adsorpsiyonu/data/processed/augmented_cif/finetune_000117_v00.cif,EuHC6N2O5,False,0.0,0,,,0.0,none,False,False,0.026663069368171966,0.05,6.59103069616188e+24,1.235984988290522e+25,2.179271850871295,1.2,1.8752529691756201,45,5,10.266666666666667,0.7066666666666668,0.768988946604566,0.06666666666666667
finetune_000117_v01,finetune_000117,EuHC6N2O5,HF_COREMOF_GCMC,/home/rakeyma/Tüm_çalışmalar/MOF Radyoaktif Gaz Adsorpsiyonu/data/processed/augmented_cif/finetune_000117_v01.cif,EuHC6N2O5,True,0.0,0,,,0.049683795570527614,"substitution,noise,defect",False,False,0.026663069368171966,0.05,6.59103069616188e+24,1.235984988290522e+25,2.179271850871295,1.2,1.8752529691756201,45,5,10.266666666666667,0.7066666666666668,0.768988946604566,0.06666666666666667
finetune_000117_v02,finetune_000117,EuHC6N2O5,HF_COREMOF_GCMC,/home/rakeyma/Tüm_çalışmalar/MOF Radyoaktif Gaz Adsorpsiyonu/data/processed/augmented_cif/finetune_000117_v02.cif,Eu3H3C17(N2O3)4,True,0.1207262516205974,5,,-NH2,0.1433495835449398,"functional,defect,noise",False,True,0.033478583256859554,0.06077037942833641,8.275805266942564e+24,1.502225534122859e+25,2.4025497033645093,1.3214023368504801,1.8152016458427922,43,5,10.372093023255815,0.711627906976744,0.768988946604566,0.06976744186046512
finetune_000117_v03,finetune_000117,EuHC6N2O5,HF_COREMOF_GCMC,/home/rakeyma/Tüm_çalışmalar/MOF Radyoaktif Gaz Adsorpsiyonu/data/processed/augmented_cif/finetune_000117_v03.cif,EuHC6N3O5,True,0.0,0,,-NH2,0.08717082218758752,"functional,substitution,defect,noise",False,True,0.025586976219699485,0.05,6.325023700659027e+24,1.2359849882905222e+25,2.179271850871295,1.2,1.954119141342886,48,5,10.0625,0.703125,0.768988946604566,0.0625
finetune_000117_v04,finetune_000117,EuHC6N2O5,HF_COREMOF_GCMC,/home/rakeyma/Tüm_çalışmalar/MOF Radyoaktif Gaz Adsorpsiyonu/data/processed/augmented_cif/finetune_000117_v04.cif,Eu3H3C16N7O13,True,0.12246845714210591,5,,-NH2,0.07159362025844294,"noise,defect,functional",False,True,0.04733633703158298,0.08503495723297827,1.1701400394339454e+25,2.102038612397753e+25,2.842007082302073,1.5631038952661402,1.7963991843357594,42,5,10.5,0.7107142857142856,0.768988946604566,0.07142857142857142
finetune_000117_v05,finetune_000117,EuHC6N2O5,HF_COREMOF_GCMC,/home/rakeyma/Tüm_çalışmalar/MOF Radyoaktif Gaz Adsorpsiyonu/data/processed/augmented_cif/finetune_000117_v05.cif,Eu3H3C17(N3O7)2,True,0.05996487187854861,2,,,0.08406068299132063,"noise,defect",False,False,0.03444289644671576,0.06277843755569235,8.514180592277128e+24,1.5518641281433934e+25,2.441921273600699,1.3430567004803846,1.822681714727812,43,5,10.418604651162791,0.7093023255813954,0.768988946604566,0.06976744186046512
finetune_000117_v06,finetune_000117,EuHC6N2O5,HF_COREMOF_GCMC,/home/rakeyma/Tüm_çalışmalar/MOF Radyoaktif Gaz Adsorpsiyonu/data/processed/augmented_cif/finetune_000117_v06.cif,EuHC6N2O5,True,0.0,0,,,0.07955932756892342,"noise,substitution",False,False,0.026663069368171966,0.05,6.59103069616188e+24,1.235984988290522e+25,2.179271850871295,1.2,1.8752529691756201,45,5,10.266666666666667,0.7066666666666668,0.768988946604566,0.06666666666666667
finetune_000118_v00,finetune_000118,CoHC4O3,HF_COREMOF_GCMC,/home/rakeyma/Tüm_çalışmalar/MOF Radyoaktif Gaz Adsorpsiyonu/data/processed/augmented_cif/finetune_000118_v00.cif,CoHC4O3,False,0.0,0,,,0.0,none,False,False,0.20272234461597277,0.24081560498963828,3.3889723538711354e+25,4.025789210541387e+25,3.325674945771934,1.8291212201745637,1.1879085428191327,54,4,8.444444444444445,0.688888888888889,0.5829397481729994,0.1111111111111111
finetune_000118_v01,finetune_000118,CoHC4O3,HF_COREMOF_GCMC,/home/rakeyma/Tüm_çalışmalar/MOF Radyoaktif Gaz Adsorpsiyonu/data/processed/augmented_cif/finetune_000118_v01.cif,Co3H3C12N2O9,True,0.0,0,,-NH2,0.07816080871776655,"noise,functional",False,True,0.15339122571188762,0.1931229509005108,2.56428872825416e+25,3.228496309766317e+25,2.9782039138781222,1.6380121526329674,1.2590221507405557,58,5,8.344827586206897,0.6862068965517241,0.5617259118110896,0.10344827586206896
finetune_000118_v02,finetune_000118,CoHC4O3,HF_COREMOF_GCMC,/home/rakeyma/Tüm_çalışmalar/MOF Radyoaktif Gaz Adsorpsiyonu/data/processed/augmented_cif/finetune_000118_v02.cif,CoHC4O3,True,0.0,0,,,0.11266161480504165,noise,False,False,0.20272234461597277,0.24081560498963828,3.3889723538711354e+25,4.025789210541387e+25,3.325674945771934,1.8291212201745637,1.1879085428191327,54,4,8.444444444444445,0.688888888888889,0.5829397481729994,0.1111111111111111
finetune_000118_v03,finetune_000118,CoHC4O3,HF_COREMOF_GCMC,/home/rakeyma/Tüm_çalışmalar/MOF Radyoaktif Gaz Adsorpsiyonu/data/processed/augmented_cif/finetune_000118_v03.cif,Mn4H5(C11O8)2,True,0.13228979213467407,7,Mn,,0.08169442969149199,"substitution,defect,noise",False,False,0.3620610898803981,0.3423775881426038,6.0526876124164704e+25,5.723632404698122e+25,3.965428738974781,2.1809858064361296,0.9456348602820134,47,4,7.76595744680851,0.6776595744680853,0.6822206387965699,0.0851063829787234
finetune_000118_v04,finetune_000118,CoHC4O3,HF_COREMOF_GCMC,/home/rakeyma/Tüm_çalışmalar/MOF Radyoaktif Gaz Adsorpsiyonu/data/processed/augmented_cif/finetune_000118_v04.cif,Co3H3C12N2O9,True,0.0,0,,-NH2,0.049989169844710774,"functional,noise",False,True,0.15339122571188762,0.1931229509005108,2.56428872825416e+25,3.228496309766317e+25,2.9782039138781222,1.6380121526329674,1.2590221507405557,58,5,8.344827586206897,0.6862068965517241,0.5617259118110896,0.10344827586206896
finetune_000118_v05,finetune_000118,CoHC4O3,HF_COREMOF_GCMC,/home/rakeyma/Tüm_çalışmalar/MOF Radyoaktif Gaz Adsorpsiyonu/data/processed/augmented_cif/finetune_000118_v05.cif,Ni6H6C24O17,True,0.031841407286875914,1,Ni,,0.13866877718168685,"substitution,defect,noise",False,False,0.22206047446895477,0.2588724719106158,3.712253872598018e+25,4.327651459168426e+25,3.4481045134205077,1.8964574823812794,1.1657746500348378,53,4,8.566037735849056,0.6905660377358491,0.5748260606479145,0.11320754716981132
finetune_000118_v06,finetune_000118,CoHC4O3,HF_COREMOF_GCMC,/home/rakeyma/Tüm_çalışmalar/MOF Radyoaktif Gaz Adsorpsiyonu/data/processed/augmented_cif/finetune_000118_v06.cif,Mn3H3C14O9,True,0.0,0,Mn,-CH3,0.058727344679897354,"functional,substitution,noise",False,True,0.13629997675423922,0.16607640850486238,2.2785690148189026e+25,2.7763508661039913e+25,2.7617951196829598,1.518987315825628,1.2184624859057216,58,4,8.068965517241379,0.6948275862068966,0.6822206387965699,0.10344827586206896
finetune_000119_v00,finetune_000119,CuHC4O3,HF_COREMOF_GCMC,/home/rakeyma/Tüm_çalışmalar/MOF Radyoaktif Gaz Adsorpsiyonu/data/processed/augmented_cif/finetune_000119_v00.cif,CuHC4O3,False,0.0,0,,,0.0,none,False,False,0.14306361389834307,0.18913494331402203,2.5852239851953995e+25,3.417753673141659e+25,2.7268008935398664,1.4997404914469266,1.3220338712288924,54,4,8.666666666666666,0.688888888888889,0.577510822409416,0.1111111111111111
finetune_000119_v01,finetune_000119,CuHC4O3,HF_COREMOF_GCMC,/home/rakeyma/Tüm_çalışmalar/MOF Radyoaktif Gaz Adsorpsiyonu/data/processed/augmented_cif/finetune_000119_v01.cif,Co6H5C23(N2O9)2,True,0.04921782606127657,2,Co,-NH2,0.10504124916605183,"substitution,functional,defect,noise",False,True,0.111254683897385,0.14942268542188542,2.010422283063711e+25,2.7001352738052085e+25,2.4236829598200416,1.3330256279010229,1.3430687157378867,56,5,8.517857142857142,0.6937499999999999,0.5617259118110896,0.10714285714285714
finetune_000119_v02,finetune_000119,CuHC4O3,HF_COREMOF_GCMC,/home/rakeyma/Tüm_çalışmalar/MOF Radyoaktif Gaz Adsorpsiyonu/data/processed/augmented_cif/finetune_000119_v02.cif,Cu3H3C14O9,True,0.0,0,,-CH3,0.057729858747697996,"noise,functional",False,True,0.08726527070183297,0.12111978070376517,1.5769227740412955e+25,2.188689028780414e+25,2.182102157743548,1.2001561867589514,1.3879494067875628,58,4,8.482758620689655,0.6896551724137931,0.577510822409416,0.10344827586206896
finetune_000119_v03,finetune_000119,CuHC4O3,HF_COREMOF_GCMC,/home/rakeyma/Tüm_çalışmalar/MOF Radyoaktif Gaz Adsorpsiyonu/data/processed/augmented_cif/finetune_000119_v03.cif,Co3H3C12N2O9,True,0.0,0,Co,-NH2,0.14066981527960531,"noise,functional,substitution",False,True,0.09391539870802033,0.1278123314966645,1.6970935844783324e+25,2.309626438094259e+25,2.2415783294132776,1.2328680811773027,1.360930510384442,58,5,8.344827586206897,0.6862068965517241,0.5617259118110896,0.10344827586206896
finetune_000119_v04,finetune_000119,CuHC4O3,HF_COREMOF_GCMC,/home/rakeyma/Tüm_çalışmalar/MOF Radyoaktif Gaz Adsorpsiyonu/data/processed/augmented_cif/finetune_000119_v04.cif,Cu6H6C23(NO5)3,True,0.10274917751686832,4,,-NH2,0.08152333166540013,"defect,functional,noise",False,True,0.15719458475338974,0.20393685555890229,2.84057699769879e+25,3.6852308989680157e+25,2.831492399583931,1.5573208197711623,1.2973529328560702,53,5,8.660377358490566,0.6915094339622642,0.5564746175702895,0.11320754716981132
finetune_000119_v05,finetune_000119,CuHC4O3,HF_COREMOF_GCMC,/home/rakeyma/Tüm_çalışmalar/MOF Radyoaktif Gaz Adsorpsiyonu/data/processed/augmented_cif/finetune_000119_v05.cif,Ni6H6C23O15,True,0.0890565156745621,4,Ni,,0.043422580781934624,"defect,substitution,noise",False,False,0.20020458438688968,0.24019616029369284,3.6177870766695216e+25,4.340452878426032e+25,3.0729151680464457,1.6901033424255454,1.1997535472490508,50,4,8.64,0.6940000000000001,0.5748260606479145,0.12
finetune_000119_v06,finetune_000119,CuHC4O3,HF_COREMOF_GCMC,/home/rakeyma/Tüm_çalışmalar/MOF Radyoaktif Gaz Adsorpsiyonu/data/processed/augmented_cif/finetune_000119_v06.cif,Ni3H3C14O9,True,0.0,0,Ni,-CH3,0.1308265278483971,"substitution,functional,noise",False,True,0.08806685502933603,0.11871432404043802,1.5914077641317187e+25,2.1452213426795987e+25,2.1603250564601,1.2,1.3480023103004302,58,4,8.379310344827585,0.6896551724137931,0.5748260606479145,0.10344827586206896
finetune_000120_v00,finetune_000120,CoHC4O3,HF_COREMOF_GCMC,/home/rakeyma/Tüm_çalışmalar/MOF Radyoaktif Gaz Adsorpsiyonu/data/processed/augmented_cif/finetune_000120_v00.cif,CoHC4O3,False,0.0,0,,,0.0,none,False,False,0.20272234461597277,0.24081560498963828,3.3889723538711354e+25,4.025789210541387e+25,3.325674945771934,1.8291212201745637,1.1879085428191327,54,4,8.444444444444445,0.688888888888889,0.5829397481729994,0.1111111111111111
finetune_000120_v01,finetune_000120,CoHC4O3,HF_COREMOF_GCMC,/home/rakeyma/Tüm_çalışmalar/MOF Radyoaktif Gaz Adsorpsiyonu/data/processed/augmented_cif/finetune_000120_v01.cif,Ni3H3C14O9,True,0.0,0,Ni,-CH3,0.11584770717673358,"functional,substitution,noise",False,True,0.14811309306721462,0.1847062148308961,2.476052546659345e+25,3.0877911205885342e+25,2.9125825274778356,1.6019203901128096,1.2470620321666994,58,4,8.379310344827585,0.6896551724137931,0.5748260606479145,0.10344827586206896
finetune_000120_v02,finetune_000120,CoHC4O3,HF_COREMOF_GCMC,/home/rakeyma/Tüm_çalışmalar/MOF Radyoaktif Gaz Adsorpsiyonu/data/processed/augmented_cif/finetune_000120_v02.cif,CoHC4O3,True,0.0,0,,,0.03148760223437411,noise,False,False,0.20272234461597277,0.24081560498963828,3.3889723538711354e+25,4.025789210541387e+25,3.325674945771934,1.8291212201745637,1.1879085428191327,54,4,8.444444444444445,0.688888888888889,0.5829397481729994,0.1111111111111111
finetune_000120_v03,finetune_000120,CoHC4O3,HF_COREMOF_GCMC,/home/rakeyma/Tüm_çalışmalar/MOF Radyoaktif Gaz Adsorpsiyonu/data/processed/augmented_cif/finetune_000120_v03.cif,Mn3H3C14O9,True,0.0,0,Mn,-CH3,0.1335479607927565,"noise,substitution,functional",False,True,0.13629997675423922,0.16607640850486238,2.2785690148189026e+25,2.7763508661039913e+25,2.7617951196829598,1.518987315825628,1.2184624859057216,58,4,8.068965517241379,0.6948275862068966,0.6822206387965699,0.10344827586206896
finetune_000120_v04,finetune_000120,CoHC4O3,HF_COREMOF_GCMC,/home/rakeyma/Tüm_çalışmalar/MOF Radyoaktif Gaz Adsorpsiyonu/data/processed/augmented_cif/finetune_000120_v04.cif,CoHC4O3,True,0.0,0,,,0.10237920095112439,noise,False,False,0.20272234461597277,0.24081560498963828,3.3889723538711354e+25,4.025789210541387e+25,3.325674945771934,1.8291212201745637,1.1879085428191327,54,4,8.444444444444445,0.688888888888889,0.5829397481729994,0.1111111111111111
finetune_000120_v05,finetune_000120,CoHC4O3,HF_COREMOF_GCMC,/home/rakeyma/Tüm_çalışmalar/MOF Radyoaktif Gaz Adsorpsiyonu/data/processed/augmented_cif/finetune_000120_v05.cif,Zn6H5C20N3O16,True,0.15913360026097198,7,Zn,-NH2,0.06121760117836454,"defect,functional,substitution,noise",False,True,0.2461939219554132,0.2924012994411006,4.115700204526265e+25,4.888163275336387e+25,3.664604704463869,2.0155325874551284,1.1876869141150275,50,5,9.08,0.6979999999999998,0.6263098274815748,0.12
finetune_000120_v06,finetune_000120,CoHC4O3,HF_COREMOF_GCMC,/home/rakeyma/Tüm_çalışmalar/MOF Radyoaktif Gaz Adsorpsiyonu/data/processed/augmented_cif/finetune_000120_v06.cif,MnHC4O3,True,0.0,0,Mn,,0.11074959116609465,"substitution,noise",False,False,0.1978418186893586,0.22899850163094293,3.3073830871872915e+25,3.828239026020184e+25,3.2430512059343135,1.7836781632638725,1.1574827968524946,54,4,8.222222222222221,0.6944444444444445,0.6822206387965699,0.1111111111111111
finetune_000121_v00,finetune_000121,LaC12(ClO)6,HF_COREMOF_GCMC,/home/rakeyma/Tüm_çalışmalar/MOF Radyoaktif Gaz Adsorpsiyonu/data/processed/augmented_cif/finetune_000121_v00.cif,LaC12(ClO)6,False,0.0,0,,,0.0,none,False,False,0.027855608691282376,0.05,5.564325439575443e+24,9.987800843348366e+24,1.9871936116040632,1.2,1.7949706486093728,50,4,11.16,0.7979999999999999,0.9036142705823099,0.04
finetune_000121_v01,finetune_000121,LaC12(ClO)6,HF_COREMOF_GCMC,/home/rakeyma/Tüm_çalışmalar/MOF Radyoaktif Gaz Adsorpsiyonu/data/processed/augmented_cif/finetune_000121_v01.cif,LaC14(ClO)6,True,0.0,0,,-CH3,0.10890948532286832,"substitution,functional,noise",False,True,0.026768951210057665,0.05,5.347259069427303e+24,9.987800843348366e+24,1.9871936116040632,1.2,1.8678355983260913,54,4,10.777777777777779,0.790740740740741,0.9036142705823099,0.037037037037037035
finetune_000121_v02,finetune_000121,LaC12(ClO)6,HF_COREMOF_GCMC,/home/rakeyma/Tüm_çalışmalar/MOF Radyoaktif Gaz Adsorpsiyonu/data/processed/augmented_cif/finetune_000121_v02.cif,LaC12(ClO)6,True,0.0,0,,,0.10302962244740158,"substitution,noise,defect",False,False,0.027855608691282376,0.05,5.564325439575443e+24,9.987800843348366e+24,1.9871936116040632,1.2,1.7949706486093728,50,4,11.16,0.7979999999999999,0.9036142705823099,0.04
finetune_000121_v03,finetune_000121,LaC12(ClO)6,HF_COREMOF_GCMC,/home/rakeyma/Tüm_çalışmalar/MOF Radyoaktif Gaz Adsorpsiyonu/data/processed/augmented_cif/finetune_000121_v03.cif,LaC14(ClO)6,True,0.0,0,,-CH3,0.06881872565073682,"functional,noise,substitution",False,True,0.026768951210057665,0.05,5.347259069427303e+24,9.987800843348366e+24,1.9871936116040632,1.2,1.8678355983260913,54,4,10.777777777777779,0.790740740740741,0.9036142705823099,0.037037037037037035
finetune_000121_v04,finetune_000121,LaC12(ClO)6,HF_COREMOF_GCMC,/home/rakeyma/Tüm_çalışmalar/MOF Radyoaktif Gaz Adsorpsiyonu/data/processed/augmented_cif/finetune_000121_v04.cif,LaC12(ClO)6,True,0.0,0,,,0.04200641280476655,noise,False,False,0.027855608691282376,0.05,5.564325439575443e+24,9.987800843348366e+24,1.9871936116040632,1.2,1.7949706486093728,50,4,11.16,0.7979999999999999,0.9036142705823099,0.04
finetune_000121_v05,finetune_000121,LaC12(ClO)6,HF_COREMOF_GCMC,/home/rakeyma/Tüm_çalışmalar/MOF Radyoaktif Gaz Adsorpsiyonu/data/processed/augmented_cif/finetune_000121_v05.cif,La2C23Cl11O10,True,0.08781403904319962,4,,,0.12425484963190295,"defect,substitution,noise",False,False,0.058516390189691306,0.09798291370424594,1.1689001025726018e+25,1.9572676562579957e+25,2.781828518689564,1.5300056852792605,1.6744524634314741,46,4,11.282608695652174,0.8043478260869567,0.9036142705823099,0.043478260869565216
finetune_000121_v06,finetune_000121,LaC12(ClO)6,HF_COREMOF_GCMC,/home/rakeyma/Tüm_çalışmalar/MOF Radyoaktif Gaz Adsorpsiyonu/data/processed/augmented_cif/finetune_000121_v06.cif,LaC12N2(ClO)6,True,0.0,0,,-NH2,0.08476719858497683,"functional,substitution,noise",False,True,0.026596527424587756,0.05,5.31281638082871e+24,9.987800843348366e+24,1.9871936116040632,1.2,1.8799446710391365,54,5,10.851851851851851,0.7870370370370369,0.8304793796356416,0.037037037037037035
finetune_000122_v00,finetune_000122,CoHC4O3,HF_COREMOF_GCMC,/home/rakeyma/Tüm_çalışmalar/MOF Radyoaktif Gaz Adsorpsiyonu/data/processed/augmented_cif/finetune_000122_v00.cif,CoHC4O3,False,0.0,0,,,0.0,none,False,False,0.20272234461597277,0.24081560498963828,3.3889723538711354e+25,4.025789210541387e+25,3.325674945771934,1.8291212201745637,1.1879085428191327,54,4,8.444444444444445,0.688888888888889,0.5829397481729994,0.1111111111111111
finetune_000122_v01,finetune_000122,CoHC4O3,HF_COREMOF_GCMC,/home/rakeyma/Tüm_çalışmalar/MOF Radyoaktif Gaz Adsorpsiyonu/data/processed/augmented_cif/finetune_000122_v01.cif,Mn3H3C13O8,True,0.08386912733168106,4,Mn,-CH3,0.09600481251607972,"functional,substitution,defect,noise",False,True,0.19176745688738348,0.22002578297518083,3.2058360956442458e+25,3.6782393033894822e+25,3.1788810190846903,1.7483845604965798,1.14735725522184,54,4,8.148148148148149,0.6981481481481485,0.6822206387965699,0.1111111111111111
finetune_000122_v02,finetune_000122,CoHC4O3,HF_COREMOF_GCMC,/home/rakeyma/Tüm_çalışmalar/MOF Radyoaktif Gaz Adsorpsiyonu/data/processed/augmented_cif/finetune_000122_v02.cif,Mn3H3C12N2O9,True,0.0,0,Mn,-NH2,0.13547348190465183,"substitution,noise,functional",False,True,0.1475715270184099,0.18130584754181545,2.466999018935644e+25,3.0309461252451142e+25,2.885648251609301,1.5871065383851157,1.2285964047739177,58,5,8.137931034482758,0.6913793103448275,0.6564327840685594,0.10344827586206896
finetune_000122_v03,finetune_000122,CoHC4O3,HF_COREMOF_GCMC,/home/rakeyma/Tüm_çalışmalar/MOF Radyoaktif Gaz Adsorpsiyonu/data/processed/augmented_cif/finetune_000122_v03.cif,Co6H6C21O17,True,0.08851390022571057,4,,,0.14020684116350335,"defect,noise",False,False,0.26674426059907963,0.2992513387878377,4.459246593840212e+25,5.002677509142227e+25,3.7072812667418424,2.0390046967080133,1.1218660829505782,50,4,8.6,0.69,0.5829397481729994,0.12
finetune_000122_v04,finetune_000122,CoHC4O3,HF_COREMOF_GCMC,/home/rakeyma/Tüm_çalışmalar/MOF Radyoaktif Gaz Adsorpsiyonu/data/processed/augmented_cif/finetune_000122_v04.cif,NiHC4O3,True,0.0,0,Ni,,0.06981983342590434,"noise,substitution",False,False,0.20877834443344895,0.24762830795697666,3.4902123824203038e+25,4.139679280504727e+25,3.372388741022685,1.854813807562477,1.186082343113472,54,4,8.555555555555555,0.688888888888889,0.5748260606479145,0.1111111111111111
finetune_000122_v05,finetune_000122,CoHC4O3,HF_COREMOF_GCMC,/home/rakeyma/Tüm_çalışmalar/MOF Radyoaktif Gaz Adsorpsiyonu/data/processed/augmented_cif/finetune_000122_v05.cif,MnHC4O3,True,0.0,0,Mn,,0.09987600988733275,"substitution,noise",False,False,0.1978418186893586,0.22899850163094293,3.3073830871872915e+25,3.828239026020184e+25,3.2430512059343135,1.7836781632638725,1.1574827968524946,54,4,8.222222222222221,0.6944444444444445,0.6822206387965699,0.1111111111111111
finetune_000122_v06,finetune_000122,CoHC4O3,HF_COREMOF_GCMC,/home/rakeyma/Tüm_çalışmalar/MOF Radyoaktif Gaz Adsorpsiyonu/data/processed/augmented_cif/finetune_000122_v06.cif,NiHC4O3,True,0.0,0,Ni,,0.11233773698522487,"noise,substitution",False,False,0.20877834443344895,0.24762830795697666,3.4902123824203038e+25,4.139679280504727e+25,3.372388741022685,1.854813807562477,1.186082343113472,54,4,8.555555555555555,0.688888888888889,0.5748260606479145,0.1111111111111111
finetune_000123_v00,finetune_000123,Ho(CO2)4,HF_COREMOF_GCMC,/home/rakeyma/Tüm_çalışmalar/MOF Radyoaktif Gaz Adsorpsiyonu/data/processed/augmented_cif/finetune_000123_v00.cif,Ho(CO2)4,False,0.0,0,,,0.0,none,False,False,0.14997836171222506,0.25281674030478984,2.4414133620380375e+25,4.115461463109865e+25,4.837021143375599,2.6603616288565797,1.6856881047273249,52,3,11.923076923076923,0.7192307692307693,0.9079035680560402,0.07692307692307693
finetune_000123_v01,finetune_000123,Ho(CO2)4,HF_COREMOF_GCMC,/home/rakeyma/Tüm_çalışmalar/MOF Radyoaktif Gaz Adsorpsiyonu/data/processed/augmented_cif/finetune_000123_v01.cif,Ho4C12O29,True,0.1474368106057964,7,,,0.05090177775989753,"defect,noise",False,False,0.22140209175416944,0.34693389010821907,3.604080075424246e+25,5.647541587894279e+25,5.666285264591879,3.116456895525534,1.566985602346666,45,3,12.71111111111111,0.728888888888889,0.9079035680560402,0.08888888888888889
finetune_000123_v02,finetune_000123,Ho(CO2)4,HF_COREMOF_GCMC,/home/rakeyma/Tüm_çalışmalar/MOF Radyoaktif Gaz Adsorpsiyonu/data/processed/augmented_cif/finetune_000123_v02.cif,Ho(CO2)4,True,0.0,0,,,0.032413971161826406,"noise,substitution",False,False,0.14997836171222506,0.25281674030478984,2.4414133620380375e+25,4.115461463109865e+25,4.837021143375599,2.6603616288565797,1.6856881047273249,52,3,11.923076923076923,0.7192307692307693,0.9079035680560402,0.07692307692307693
finetune_000123_v03,finetune_000123,Ho(CO2)4,HF_COREMOF_GCMC,/home/rakeyma/Tüm_çalışmalar/MOF Radyoaktif Gaz Adsorpsiyonu/data/processed/augmented_cif/finetune_000123_v03.cif,Ho2C9O16,True,0.0,0,,-CH3,0.0617784015240043,"functional,substitution,noise",False,True,0.12952345876697718,0.22218162834662825,2.108439506345835e+25,3.616769712991286e+25,4.534497269418265,2.4939734981800457,1.715377511237948,54,3,11.703703703703704,0.7185185185185188,0.9079035680560402,0.07407407407407407
finetune_000123_v04,finetune_000123,Ho(CO2)4,HF_COREMOF_GCMC,/home/rakeyma/Tüm_çalışmalar/MOF Radyoaktif Gaz Adsorpsiyonu/data/processed/augmented_cif/finetune_000123_v04.cif,Ho2C9O16,True,0.0,0,,-CH3,0.05953338320919059,"noise,functional",False,True,0.12952345876697718,0.22218162834662825,2.108439506345835e+25,3.616769712991286e+25,4.534497269418265,2.4939734981800457,1.715377511237948,54,3,11.703703703703704,0.7185185185185188,0.9079035680560402,0.07407407407407407
finetune_000123_v05,finetune_000123,Ho(CO2)4,HF_COREMOF_GCMC,/home/rakeyma/Tüm_çalışmalar/MOF Radyoaktif Gaz Adsorpsiyonu/data/processed/augmented_cif/finetune_000123_v05.cif,Ho2C8NO16,True,0.0,0,,-NH2,0.08916647893575771,"substitution,defect,functional,noise",False,True,0.13346213653976627,0.22959644159866344,2.172555025634546e+25,3.7374712858306406e+25,4.609540641960254,2.5352473530781396,1.7203114497590337,54,4,11.74074074074074,0.7166666666666667,0.8327214420200791,0.07407407407407407
finetune_000123_v06,finetune_000123,Ho(CO2)4,HF_COREMOF_GCMC,/home/rakeyma/Tüm_çalışmalar/MOF Radyoaktif Gaz Adsorpsiyonu/data/processed/augmented_cif/finetune_000123_v06.cif,Ho2(C3O5)3,True,0.04243421321656354,2,,-CH3,0.10289041190936962,"functional,defect,noise",False,True,0.14564712062582352,0.24407957893803223,2.370907525450499e+25,3.9732341293561195e+25,4.752704302297044,2.613987366263374,1.6758283849983395,52,3,11.846153846153847,0.7230769230769233,0.9079035680560402,0.07692307692307693
finetune_000124_v00,finetune_000124,Fe2C4Cl2O9,HF_COREMOF_GCMC,/home/rakeyma/Tüm_çalışmalar/MOF Radyoaktif Gaz Adsorpsiyonu/data/processed/augmented_cif/finetune_000124_v00.cif,Fe2C4Cl2O9,False,0.0,0,,,0.0,none,False,False,0.12079591757760155,0.18514518171862593,3.2545086912313033e+25,4.988219926023356e+25,3.7770417350350907,2.0773729542693,1.5327105868431787,34,4,10.705882352941176,0.7647058823529411,0.6185668920981788,0.11764705882352941
finetune_000124_v01,finetune_000124,Fe2C4Cl2O9,HF_COREMOF_GCMC,/home/rakeyma/Tüm_çalışmalar/MOF Radyoaktif Gaz Adsorpsiyonu/data/processed/augmented_cif/finetune_000124_v01.cif,Fe4C8N(Cl2O9)2,True,0.0,0,,-NH2,0.1268438872743064,"functional,noise",False,True,0.10627214966157594,0.1659293904211081,2.8632063205881394e+25,4.470504087270088e+25,3.5756683912332416,1.966617615178283,1.5613628871676244,35,5,10.6,0.7614285714285713,0.5657066377549409,0.11428571428571428
finetune_000124_v02,finetune_000124,Fe2C4Cl2O9,HF_COREMOF_GCMC,/home/rakeyma/Tüm_çalışmalar/MOF Radyoaktif Gaz Adsorpsiyonu/data/processed/augmented_cif/finetune_000124_v02.cif,Fe4C8Cl3O17,True,0.10580062086878528,3,,-CH3,0.03253577521273814,"functional,defect,noise",False,True,0.16177132381156886,0.23092190652547095,4.358476593370963e+25,6.221545950011485e+25,4.218209483338702,2.3200152158362863,1.4274588418059102,32,4,10.59375,0.7625,0.6185668920981788,0.125
finetune_000124_v03,finetune_000124,Fe2C4Cl2O9,HF_COREMOF_GCMC,/home/rakeyma/Tüm_çalışmalar/MOF Radyoaktif Gaz Adsorpsiyonu/data/processed/augmented_cif/finetune_000124_v03.cif,Fe2C4Cl2O9,True,0.0,0,,,0.14661065248786426,noise,False,False,0.12079591757760155,0.18514518171862593,3.2545086912313033e+25,4.988219926023356e+25,3.7770417350350907,2.0773729542693,1.5327105868431787,34,4,10.705882352941176,0.7647058823529411,0.6185668920981788,0.11764705882352941
finetune_000124_v04,finetune_000124,Fe2C4Cl2O9,HF_COREMOF_GCMC,/home/rakeyma/Tüm_çalışmalar/MOF Radyoaktif Gaz Adsorpsiyonu/data/processed/augmented_cif/finetune_000124_v04.cif,Fe4C8N(Cl2O9)2,True,0.0,0,,-NH2,0.07535476940746028,"functional,noise,substitution",False,True,0.10627214966157594,0.1659293904211081,2.8632063205881394e+25,4.470504087270088e+25,3.5756683912332416,1.966617615178283,1.5613628871676244,35,5,10.6,0.7614285714285713,0.5657066377549409,0.11428571428571428
finetune_000124_v05,finetune_000124,Fe2C4Cl2O9,HF_COREMOF_GCMC,/home/rakeyma/Tüm_çalışmalar/MOF Radyoaktif Gaz Adsorpsiyonu/data/processed/augmented_cif/finetune_000124_v05.cif,Fe4C9(Cl2O9)2,True,0.0,0,,-CH3,0.1147760255519103,"noise,substitution,functional",False,True,0.10261053326367507,0.15979331500862493,2.764554291364819e+25,4.305184669524468e+25,3.5089314160668676,1.9299122788367773,1.5572798418073615,35,4,10.571428571428571,0.7628571428571428,0.6185668920981788,0.11428571428571428
finetune_000124_v06,finetune_000124,Fe2C4Cl2O9,HF_COREMOF_GCMC,/home/rakeyma/Tüm_çalışmalar/MOF Radyoaktif Gaz Adsorpsiyonu/data/processed/augmented_cif/finetune_000124_v06.cif,Fe4C8N(Cl2O9)2,True,0.0,0,,-NH2,0.08040151050130002,"functional,substitution,noise",False,True,0.10627214966157594,0.1659293904211081,2.8632063205881394e+25,4.470504087270088e+25,3.5756683912332416,1.966617615178283,1.5613628871676244,35,5,10.6,0.7614285714285713,0.5657066377549409,0.11428571428571428
finetune_000125_v00,finetune_000125,MgPHCO6,HF_COREMOF_GCMC,/home/rakeyma/Tüm_çalışmalar/MOF Radyoaktif Gaz Adsorpsiyonu/data/processed/augmented_cif/finetune_000125_v00.cif,MgPHCO6,False,0.0,0,,,0.0,none,False,False,0.09183493617924217,0.13499857555114858,2.705562218012952e+25,3.977212384444526e+25,1.9888527039069894,1.2,1.4700132778190231,40,5,8.2,0.7050000000000001,0.6865974075103983,0.1
finetune_000125_v01,finetune_000125,MgPHCO6,HF_COREMOF_GCMC,/home/rakeyma/Tüm_çalışmalar/MOF Radyoaktif Gaz Adsorpsiyonu/data/processed/augmented_cif/finetune_000125_v01.cif,Mg4P4H4(CO4)5,True,0.11632944900069545,4,,-CH3,0.08846200529772599,"defect,functional,substitution,noise",False,True,0.13779708673837215,0.18653943251355842,4.059659723658228e+25,5.4956649590653125e+25,2.3378861207476214,1.285837366411192,1.3537255172000169,37,5,8.162162162162161,0.7162162162162163,0.6865974075103983,0.10810810810810811
finetune_000125_v02,finetune_000125,MgPHCO6,HF_COREMOF_GCMC,/home/rakeyma/Tüm_çalışmalar/MOF Radyoaktif Gaz Adsorpsiyonu/data/processed/augmented_cif/finetune_000125_v02.cif,MgPHCO6,True,0.0,0,,,0.08269881055790845,"substitution,noise",False,False,0.09183493617924217,0.13499857555114858,2.705562218012952e+25,3.977212384444526e+25,1.9888527039069894,1.2,1.4700132778190231,40,5,8.2,0.7050000000000001,0.6865974075103983,0.1
finetune_000125_v03,finetune_000125,MgPHCO6,HF_COREMOF_GCMC,/home/rakeyma/Tüm_çalışmalar/MOF Radyoaktif Gaz Adsorpsiyonu/data/processed/augmented_cif/finetune_000125_v03.cif,Mg4P4H3C4O21,True,0.12437488067866265,4,,,0.1346272130016154,"defect,substitution,noise",False,False,0.14845423276114256,0.2019561109016088,4.37363143018588e+25,5.949857930817973e+25,2.4325766097790718,1.3379171353784896,1.3603930797079313,36,5,8.416666666666666,0.7263888888888891,0.6865974075103983,0.1111111111111111
finetune_000125_v04,finetune_000125,MgPHCO6,HF_COREMOF_GCMC,/home/rakeyma/Tüm_çalışmalar/MOF Radyoaktif Gaz Adsorpsiyonu/data/processed/augmented_cif/finetune_000125_v04.cif,Mg4P4H4C4NO24,True,0.0,0,,-NH2,0.1442367742606281,"noise,functional",False,True,0.07592276800992345,0.1139862223811291,2.2367715507929084e+25,3.3581644358796147e+25,1.827528706731475,1.2,1.5013443973253264,41,6,8.170731707317072,0.7036585365853659,0.679184560091487,0.0975609756097561
finetune_000125_v05,finetune_000125,MgPHCO6,HF_COREMOF_GCMC,/home/rakeyma/Tüm_çalışmalar/MOF Radyoaktif Gaz Adsorpsiyonu/data/processed/augmented_cif/finetune_000125_v05.cif,MgPHCO6,True,0.0,0,,,0.051677923032461257,"substitution,noise",False,False,0.09183493617924217,0.13499857555114858,2.705562218012952e+25,3.977212384444526e+25,1.9888527039069894,1.2,1.4700132778190231,40,5,8.2,0.7050000000000001,0.6865974075103983,0.1
finetune_000125_v06,finetune_000125,MgPHCO6,HF_COREMOF_GCMC,/home/rakeyma/Tüm_çalışmalar/MOF Radyoaktif Gaz Adsorpsiyonu/data/processed/augmented_cif/finetune_000125_v06.cif,Mg4P4H4C4NO24,True,0.0,0,,-NH2,0.09700201593804933,"functional,noise",False,True,0.07592276800992345,0.1139862223811291,2.2367715507929084e+25,3.3581644358796147e+25,1.827528706731475,1.2,1.5013443973253264,41,6,8.170731707317072,0.7036585365853659,0.679184560091487,0.0975609756097561
finetune_000126_v00,finetune_000126,CoHC4O3,HF_COREMOF_GCMC,/home/rakeyma/Tüm_çalışmalar/MOF Radyoaktif Gaz Adsorpsiyonu/data/processed/augmented_cif/finetune_000126_v00.cif,CoHC4O3,False,0.0,0,,,0.0,none,False,False,0.20272234461597277,0.24081560498963828,3.3889723538711354e+25,4.025789210541387e+25,3.325674945771934,1.8291212201745637,1.1879085428191327,54,4,8.444444444444445,0.688888888888889,0.5829397481729994,0.1111111111111111
finetune_000126_v01,finetune_000126,CoHC4O3,HF_COREMOF_GCMC,/home/rakeyma/Tüm_çalışmalar/MOF Radyoaktif Gaz Adsorpsiyonu/data/processed/augmented_cif/finetune_000126_v01.cif,Co6H6C22O15,True,0.16940624255307626,8,,-CH3,0.09064674985239214,"defect,functional,noise",False,True,0.2790792211982337,0.30600914341359575,4.665453958577494e+25,5.115649826490572e+25,3.7489071754608387,2.0618989465034616,1.0964956190566166,49,4,8.571428571428571,0.6938775510204082,0.5829397481729994,0.12244897959183673
finetune_000126_v02,finetune_000126,CoHC4O3,HF_COREMOF_GCMC,/home/rakeyma/Tüm_çalışmalar/MOF Radyoaktif Gaz Adsorpsiyonu/data/processed/augmented_cif/finetune_000126_v02.cif,NiHC4O3,True,0.0,0,Ni,,0.08042515995094182,"substitution,noise",False,False,0.20877834443344895,0.24762830795697666,3.4902123824203038e+25,4.139679280504727e+25,3.372388741022685,1.854813807562477,1.186082343113472,54,4,8.555555555555555,0.688888888888889,0.5748260606479145,0.1111111111111111
finetune_000126_v03,finetune_000126,CoHC4O3,HF_COREMOF_GCMC,/home/rakeyma/Tüm_çalışmalar/MOF Radyoaktif Gaz Adsorpsiyonu/data/processed/augmented_cif/finetune_000126_v03.cif,Co3H3C14O9,True,0.0,0,,-CH3,0.045284015538162775,"functional,noise",False,True,0.1424414990257822,0.17789351186355762,2.381238748776306e+25,2.9739010506251916e+25,2.858364043247074,1.5721002237858908,1.24888823187236,58,4,8.275862068965518,0.6896551724137931,0.5829397481729994,0.10344827586206896
finetune_000126_v04,finetune_000126,CoHC4O3,HF_COREMOF_GCMC,/home/rakeyma/Tüm_çalışmalar/MOF Radyoaktif Gaz Adsorpsiyonu/data/processed/augmented_cif/finetune_000126_v04.cif,CoHC4O3,True,0.07208557545445304,3,,-CH3,0.09510287947980817,"defect,noise,functional",False,True,0.20272234461597277,0.24081560498963828,3.3889723538711354e+25,4.025789210541387e+25,3.325674945771934,1.8291212201745637,1.1879085428191327,54,4,8.444444444444445,0.6888888888888891,0.5829397481729994,0.1111111111111111
finetune_000126_v05,finetune_000126,CoHC4O3,HF_COREMOF_GCMC,/home/rakeyma/Tüm_çalışmalar/MOF Radyoaktif Gaz Adsorpsiyonu/data/processed/augmented_cif/finetune_000126_v05.cif,MnHC4O3,True,0.0,0,Mn,,0.07503790352518594,"substitution,noise",False,False,0.1978418186893586,0.22899850163094293,3.3073830871872915e+25,3.828239026020184e+25,3.2430512059343135,1.7836781632638725,1.1574827968524946,54,4,8.222222222222221,0.6944444444444445,0.6822206387965699,0.1111111111111111
finetune_000126_v06,finetune_000126,CoHC4O3,HF_COREMOF_GCMC,/home/rakeyma/Tüm_çalışmalar/MOF Radyoaktif Gaz Adsorpsiyonu/data/processed/augmented_cif/finetune_000126_v06.cif,Co6H6C21(NO4)4,True,0.1011303426687981,5,,-NH2,0.11145274074920822,"functional,defect,noise",False,True,0.2241060152769649,0.26280284865234926,3.7464498131599407e+25,4.393356787030854e+25,3.4741816321736994,1.9107998976955347,1.172671997793367,53,5,8.49056603773585,0.6886792452830187,0.5617259118110896,0.11320754716981132
finetune_000127_v00,finetune_000127,Ho(CO2)4,HF_COREMOF_GCMC,/home/rakeyma/Tüm_çalışmalar/MOF Radyoaktif Gaz Adsorpsiyonu/data/processed/augmented_cif/finetune_000127_v00.cif,Ho(CO2)4,False,0.0,0,,,0.0,none,False,False,0.14997836171222506,0.25281674030478984,2.4414133620380375e+25,4.115461463109865e+25,4.837021143375599,2.6603616288565797,1.6856881047273249,52,3,11.923076923076923,0.7192307692307693,0.9079035680560402,0.07692307692307693
finetune_000127_v01,finetune_000127,Ho(CO2)4,HF_COREMOF_GCMC,/home/rakeyma/Tüm_çalışmalar/MOF Radyoaktif Gaz Adsorpsiyonu/data/processed/augmented_cif/finetune_000127_v01.cif,Ho(CO2)4,True,0.0,0,,,0.04649946275178268,"noise,substitution,defect",False,False,0.14997836171222506,0.25281674030478984,2.4414133620380375e+25,4.115461463109865e+25,4.837021143375599,2.6603616288565797,1.6856881047273249,52,3,11.923076923076923,0.7192307692307693,0.9079035680560402,0.07692307692307693
finetune_000127_v02,finetune_000127,Ho(CO2)4,HF_COREMOF_GCMC,/home/rakeyma/Tüm_çalışmalar/MOF Radyoaktif Gaz Adsorpsiyonu/data/processed/augmented_cif/finetune_000127_v02.cif,Ho2C8NO16,True,0.0,0,,-NH2,0.13122912864149144,"noise,functional",False,True,0.13346213653976627,0.22959644159866344,2.172555025634546e+25,3.7374712858306406e+25,4.609540641960254,2.5352473530781396,1.7203114497590337,54,4,11.74074074074074,0.7166666666666667,0.8327214420200791,0.07407407407407407
finetune_000127_v03,finetune_000127,Ho(CO2)4,HF_COREMOF_GCMC,/home/rakeyma/Tüm_çalışmalar/MOF Radyoaktif Gaz Adsorpsiyonu/data/processed/augmented_cif/finetune_000127_v03.cif,Ho4C13(NO16)2,True,0.07603661820013452,3,,-NH2,0.13940881038761,"defect,functional,substitution,noise",False,True,0.16443062151505197,0.27554910953590583,2.676673567520005e+25,4.485508911008512e+25,5.049804650928061,2.7773925580104337,1.6757773399930989,51,4,12.07843137254902,0.7176470588235294,0.8327214420200791,0.0784313725490196
finetune_000127_v04,finetune_000127,Ho(CO2)4,HF_COREMOF_GCMC,/home/rakeyma/Tüm_çalışmalar/MOF Radyoaktif Gaz Adsorpsiyonu/data/processed/augmented_cif/finetune_000127_v04.cif,Ho4C15O29,True,0.1003619933431479,4,,,0.13747046504311114,"defect,noise",False,False,0.18676856380267862,0.30098122217097656,3.040300361137666e+25,4.899503962716408e+25,5.277700883631027,2.902735485997065,1.6115197121126008,48,3,12.291666666666666,0.7270833333333334,0.9079035680560402,0.08333333333333333
finetune_000127_v05,finetune_000127,Ho(CO2)4,HF_COREMOF_GCMC,/home/rakeyma/Tüm_çalışmalar/MOF Radyoaktif Gaz Adsorpsiyonu/data/processed/augmented_cif/finetune_000127_v05.cif,Ho4C17O32,True,0.040876888013914724,1,,-CH3,0.042905730154011716,"defect,functional,substitution,noise",False,True,0.13966163029071887,0.23749918432570905,2.2734730961392014e+25,3.8661155880505747e+25,4.688200029212933,2.578510016067113,1.7005328079826365,53,3,11.81132075471698,0.7188679245283022,0.9079035680560402,0.07547169811320754
finetune_000127_v06,finetune_000127,Ho(CO2)4,HF_COREMOF_GCMC,/home/rakeyma/Tüm_çalışmalar/MOF Radyoaktif Gaz Adsorpsiyonu/data/processed/augmented_cif/finetune_000127_v06.cif,Ho2C9O16,True,0.0,0,,-CH3,0.1190386784891605,"functional,substitution,noise",False,True,0.12952345876697718,0.22218162834662825,2.108439506345835e+25,3.616769712991286e+25,4.534497269418265,2.4939734981800457,1.715377511237948,54,3,11.703703703703704,0.7185185185185188,0.9079035680560402,0.07407407407407407
finetune_000128_v00,finetune_000128,ErH4(CO2)4,HF_COREMOF_GCMC,/home/rakeyma/Tüm_çalışmalar/MOF Radyoaktif Gaz Adsorpsiyonu/data/processed/augmented_cif/finetune_000128_v00.cif,ErH4(CO2)4,False,0.0,0,,,0.0,none,False,False,0.023600667038622233,0.05,9.4800095235009e+24,2.008419827284324e+25,1.5,1.2,2.1185841873950237,34,4,9.411764705882353,0.6088235294117648,0.7877935960643498,0.058823529411764705
finetune_000128_v01,finetune_000128,ErH4(CO2)4,HF_COREMOF_GCMC,/home/rakeyma/Tüm_çalışmalar/MOF Radyoaktif Gaz Adsorpsiyonu/data/processed/augmented_cif/finetune_000128_v01.cif,Er2H8C9O16,True,0.0,0,,-CH3,0.03893679523554557,"functional,noise",False,True,0.02319954452656024,0.05,9.318885042221818e+24,2.008419827284324e+25,1.5,1.2,2.155214725994167,35,4,9.314285714285715,0.6114285714285715,0.7877935960643498,0.05714285714285714
finetune_000128_v02,finetune_000128,ErH4(CO2)4,HF_COREMOF_GCMC,/home/rakeyma/Tüm_çalışmalar/MOF Radyoaktif Gaz Adsorpsiyonu/data/processed/augmented_cif/finetune_000128_v02.cif,Er2H6(C2O5)3,True,0.157114840158717,5,,,0.03729871480601777,"defect,noise",False,False,0.06116225862088639,0.12173611494763792,2.4567898579135957e+25,4.889944539147991e+25,2.31116016068483,1.2711380883766565,1.9903796506636213,29,4,10.275862068965518,0.6275862068965519,0.7877935960643498,0.06896551724137931
finetune_000128_v03,finetune_000128,ErH4(CO2)4,HF_COREMOF_GCMC,/home/rakeyma/Tüm_çalışmalar/MOF Radyoaktif Gaz Adsorpsiyonu/data/processed/augmented_cif/finetune_000128_v03.cif,Er2H8C7NO13,True,0.14605478295018848,4,,-NH2,0.051646618376204684,"defect,functional,noise",False,True,0.04491016395053779,0.08884512645239695,1.8039692744969951e+25,3.5687662704915393e+25,1.9744090303479083,1.2,1.978285506823073,31,5,9.580645161290322,0.6080645161290323,0.7556612997897934,0.06451612903225806
finetune_000128_v04,finetune_000128,ErH4(CO2)4,HF_COREMOF_GCMC,/home/rakeyma/Tüm_çalışmalar/MOF Radyoaktif Gaz Adsorpsiyonu/data/processed/augmented_cif/finetune_000128_v04.cif,Er2H6C6NO15,True,0.17887496687942436,5,,-NH2,0.032732024703349454,"defect,substitution,functional,noise",False,True,0.0457858515802418,0.09308710683310839,1.8391442424570985e+25,3.739159820562979e+25,2.0209943065898193,1.2,2.033097640872071,30,5,10.166666666666666,0.6283333333333334,0.7556612997897934,0.06666666666666667
finetune_000128_v05,finetune_000128,ErH4(CO2)4,HF_COREMOF_GCMC,/home/rakeyma/Tüm_çalışmalar/MOF Radyoaktif Gaz Adsorpsiyonu/data/processed/augmented_cif/finetune_000128_v05.cif,Er2H8C8NO16,True,0.0,0,,-NH2,0.04715071043383801,"noise,functional",False,True,0.023134201463416715,0.05,9.292637781503227e+24,2.0084198272843235e+25,1.5,1.2,2.1613021776034733,35,5,9.342857142857143,0.61,0.7556612997897934,0.05714285714285714
finetune_000128_v06,finetune_000128,ErH4(CO2)4,HF_COREMOF_GCMC,/home/rakeyma/Tüm_çalışmalar/MOF Radyoaktif Gaz Adsorpsiyonu/data/processed/augmented_cif/finetune_000128_v06.cif,ErH4(CO2)4,True,0.04607307283679339,1,,-CH3,0.0585012031641471,"defect,functional,noise",False,True,0.023600667038622233,0.05,9.4800095235009e+24,2.008419827284324e+25,1.5,1.2,2.1185841873950237,34,4,9.411764705882353,0.6088235294117647,0.7877935960643498,0.058823529411764705
finetune_000129_v00,finetune_000129,LiC6N4F3,HF_COREMOF_GCMC,/home/rakeyma/Tüm_çalışmalar/MOF Radyoaktif Gaz Adsorpsiyonu/data/processed/augmented_cif/finetune_000129_v00.cif,LiC6N4F3,False,0.0,0,,,0.0,none,False,False,0.039745277462582225,0.05,8.573472372599009e+24,1.0785523362706945e+25,1.954323412334816,1.2,1.258011094451963,56,4,6.714285714285714,0.6964285714285714,1.0861946188413936,0.07142857142857142
finetune_000129_v01,finetune_000129,LiC6N4F3,HF_COREMOF_GCMC,/home/rakeyma/Tüm_çalışmalar/MOF Radyoaktif Gaz Adsorpsiyonu/data/processed/augmented_cif/finetune_000129_v01.cif,Li3C23(N5F4)3,True,0.08571722546321311,3,,,0.04450853076110785,"defect,substitution,noise",False,False,0.05828255193117978,0.07017404138066163,1.2572156509838405e+25,1.5137275255333798e+25,2.3152595110201855,1.2733927310611022,1.204031722281539,53,4,6.7924528301886795,0.6830188679245284,1.0861946188413936,0.05660377358490566
finetune_000129_v02,finetune_000129,LiC6N4F3,HF_COREMOF_GCMC,/home/rakeyma/Tüm_çalışmalar/MOF Radyoaktif Gaz Adsorpsiyonu/data/processed/augmented_cif/finetune_000129_v02.cif,LiC7N4F3,True,0.0,0,,-CH3,0.08998086350651416,"functional,substitution,defect,noise",False,True,0.03740567005846954,0.05,8.068794566266617e+24,1.0785523362706945e+25,1.954323412334816,1.2,1.336695744838791,60,4,6.666666666666667,0.6966666666666669,1.0861946188413936,0.06666666666666667
finetune_000129_v03,finetune_000129,LiC6N4F3,HF_COREMOF_GCMC,/home/rakeyma/Tüm_çalışmalar/MOF Radyoaktif Gaz Adsorpsiyonu/data/processed/augmented_cif/finetune_000129_v03.cif,Li4C20(N5F4)3,True,0.11929334890983333,5,,,0.07550523444629698,"defect,noise",False,False,0.09180379968586364,0.1061606494815529,1.9803040525943023e+25,2.2899963303668643e+25,2.8476933171142345,1.566231324412829,1.1563862263306732,51,4,6.764705882352941,0.6970588235294117,1.0861946188413936,0.0784313725490196
finetune_000129_v04,finetune_000129,LiC6N4F3,HF_COREMOF_GCMC,/home/rakeyma/Tüm_çalışmalar/MOF Radyoaktif Gaz Adsorpsiyonu/data/processed/augmented_cif/finetune_000129_v04.cif,LiC6N4F3,True,0.0,0,,,0.14210073901047848,"substitution,noise",False,False,0.039745277462582225,0.05,8.573472372599009e+24,1.0785523362706945e+25,1.954323412334816,1.2,1.258011094451963,56,4,6.714285714285714,0.6964285714285714,1.0861946188413936,0.07142857142857142
finetune_000129_v05,finetune_000129,LiC6N4F3,HF_COREMOF_GCMC,/home/rakeyma/Tüm_çalışmalar/MOF Radyoaktif Gaz Adsorpsiyonu/data/processed/augmented_cif/finetune_000129_v05.cif,Li4C20(N5F4)3,True,0.115669961943052,5,,,0.12431076702742792,"noise,defect",False,False,0.09180379968586364,0.1061606494815529,1.9803040525943023e+25,2.2899963303668643e+25,2.8476933171142345,1.566231324412829,1.1563862263306732,51,4,6.764705882352941,0.6970588235294117,1.0861946188413936,0.0784313725490196
finetune_000129_v06,finetune_000129,LiC6N4F3,HF_COREMOF_GCMC,/home/rakeyma/Tüm_çalışmalar/MOF Radyoaktif Gaz Adsorpsiyonu/data/processed/augmented_cif/finetune_000129_v06.cif,LiC6N5F3,True,0.0,0,,-NH2,0.08529868692045864,"functional,noise",False,True,0.03704329418751869,0.05,7.990626297822185e+24,1.0785523362706945e+25,1.954323412334816,1.2,1.349771965389809,60,4,6.733333333333333,0.6933333333333332,1.0861946188413936,0.06666666666666667
finetune_000130_v00,finetune_000130,NiH9C11(NO)2,HF_COREMOF_GCMC,/home/rakeyma/Tüm_çalışmalar/MOF Radyoaktif Gaz Adsorpsiyonu/data/processed/augmented_cif/finetune_000130_v00.cif,NiH9C11(NO)2,False,0.0,0,,,0.0,none,False,False,0.11050820778470832,0.11439936982589449,2.8987157079593816e+25,3.0007838959891437e+25,2.7487932508246935,1.5118362879535816,1.035211520657062,50,5,5.32,0.552,0.5538736317970011,0.04
finetune_000130_v01,finetune_000130,NiH9C11(NO)2,HF_COREMOF_GCMC,/home/rakeyma/Tüm_çalışmalar/MOF Radyoaktif Gaz Adsorpsiyonu/data/processed/augmented_cif/finetune_000130_v01.cif,Co2H17C18N7O3,True,0.12711933334611225,6,Co,-NH2,0.10006394245079722,"substitution,functional,defect,noise",False,True,0.1795117486036218,0.17777050264509342,4.708731920205647e+25,4.663057692810336e+25,3.4265739582121926,1.884615677016706,0.9903001002882924,47,5,5.361702127659575,0.551063829787234,0.5617259118110896,0.0425531914893617
finetune_000130_v02,finetune_000130,NiH9C11(NO)2,HF_COREMOF_GCMC,/home/rakeyma/Tüm_çalışmalar/MOF Radyoaktif Gaz Adsorpsiyonu/data/processed/augmented_cif/finetune_000130_v02.cif,Cu2H15C23(NO)3,True,0.15911759775470838,7,Cu,-CH3,0.11015926264573657,"substitution,defect,functional,noise",False,True,0.14544856797581424,0.1472926444005106,3.8152283630649194e+25,3.863599913071041e+25,3.119038886919503,1.7154713878057268,1.0126785464467618,46,5,5.565217391304348,0.5717391304347826,0.5564746175702895,0.043478260869565216
finetune_000130_v03,finetune_000130,NiH9C11(NO)2,HF_COREMOF_GCMC,/home/rakeyma/Tüm_çalışmalar/MOF Radyoaktif Gaz Adsorpsiyonu/data/processed/augmented_cif/finetune_000130_v03.cif,Cu2H17C23N4O3,True,0.0824991243290999,4,Cu,-CH3,0.05781729322718421,"substitution,defect,functional,noise",False,True,0.11029278590339239,0.11521063943664867,2.8930650255012505e+25,3.0220641249533557e+25,2.7585226436779995,1.5171874540228998,1.0445890770912607,49,5,5.408163265306122,0.560204081632653,0.5564746175702895,0.04081632653061224
finetune_000130_v04,finetune_000130,NiH9C11(NO)2,HF_COREMOF_GCMC,/home/rakeyma/Tüm_çalışmalar/MOF Radyoaktif Gaz Adsorpsiyonu/data/processed/augmented_cif/finetune_000130_v04.cif,Cu2H17C21(NO)4,True,0.042014072426157054,2,Cu,,0.09754897732031523,"defect,substitution,noise",False,False,0.14284535595047704,0.1469325160920446,3.7469440994770527e+25,3.854153469177345e+25,3.11522355171213,1.7133729534416717,1.028612481759537,48,5,5.4375,0.5552083333333333,0.5564746175702895,0.041666666666666664
finetune_000130_v05,finetune_000130,NiH9C11(NO)2,HF_COREMOF_GCMC,/home/rakeyma/Tüm_çalışmalar/MOF Radyoaktif Gaz Adsorpsiyonu/data/processed/augmented_cif/finetune_000130_v05.cif,Cu2H18C25(NO)4,True,0.0,0,Cu,-CH3,0.12226725246980846,"functional,substitution,noise",False,True,0.04439307419725669,0.05,1.1644646500004221e+25,1.3115386477023723e+25,1.8172524453140793,1.2,1.1263018140584147,53,5,5.39622641509434,0.560377358490566,0.5564746175702895,0.03773584905660377
finetune_000130_v06,finetune_000130,NiH9C11(NO)2,HF_COREMOF_GCMC,/home/rakeyma/Tüm_çalışmalar/MOF Radyoaktif Gaz Adsorpsiyonu/data/processed/augmented_cif/finetune_000130_v06.cif,Cu2H18C22N7O4,True,0.0,0,Cu,-NH2,0.0680966312693149,"functional,substitution,noise",False,True,0.052219909516278654,0.05943813706039147,1.369768590202407e+25,1.5591082780426819e+25,1.9813575507929955,1.2,1.1382275000277942,53,5,5.452830188679245,0.5575471698113207,0.5564746175702895,0.03773584905660377
finetune_000131_v00,finetune_000131,Ho(CO2)4,HF_COREMOF_GCMC,/home/rakeyma/Tüm_çalışmalar/MOF Radyoaktif Gaz Adsorpsiyonu/data/processed/augmented_cif/finetune_000131_v00.cif,Ho(CO2)4,False,0.0,0,,,0.0,none,False,False,0.14997836171222506,0.25281674030478984,2.4414133620380375e+25,4.115461463109865e+25,4.837021143375599,2.6603616288565797,1.6856881047273249,52,3,11.923076923076923,0.7192307692307693,0.9079035680560402,0.07692307692307693
finetune_000131_v01,finetune_000131,Ho(CO2)4,HF_COREMOF_GCMC,/home/rakeyma/Tüm_çalışmalar/MOF Radyoaktif Gaz Adsorpsiyonu/data/processed/augmented_cif/finetune_000131_v01.cif,HoC4O7,True,0.10026027610064378,4,,,0.11837014030581106,"noise,defect,substitution",False,False,0.18462250404018574,0.2966126414875978,3.0053658617867822e+25,4.828390295839535e+25,5.239259388394971,2.8815926636172344,1.6065898522481084,48,3,12.25,0.7291666666666666,0.9079035680560402,0.08333333333333333
finetune_000131_v02,finetune_000131,Ho(CO2)4,HF_COREMOF_GCMC,/home/rakeyma/Tüm_çalışmalar/MOF Radyoaktif Gaz Adsorpsiyonu/data/processed/augmented_cif/finetune_000131_v02.cif,Ho2C9O16,True,0.0,0,,-CH3,0.06839064330382114,"noise,substitution,functional",False,True,0.12952345876697718,0.22218162834662825,2.108439506345835e+25,3.616769712991286e+25,4.534497269418265,2.4939734981800457,1.715377511237948,54,3,11.703703703703704,0.7185185185185188,0.9079035680560402,0.07407407407407407
finetune_000131_v03,finetune_000131,Ho(CO2)4,HF_COREMOF_GCMC,/home/rakeyma/Tüm_çalışmalar/MOF Radyoaktif Gaz Adsorpsiyonu/data/processed/augmented_cif/finetune_000131_v03.cif,Ho(CO2)4,True,0.0,0,,,0.0835277454576612,"substitution,noise",False,False,0.14997836171222506,0.25281674030478984,2.4414133620380375e+25,4.115461463109865e+25,4.837021143375599,2.6603616288565797,1.6856881047273249,52,3,11.923076923076923,0.7192307692307693,0.9079035680560402,0.07692307692307693
finetune_000131_v04,finetune_000131,Ho(CO2)4,HF_COREMOF_GCMC,/home/rakeyma/Tüm_çalışmalar/MOF Radyoaktif Gaz Adsorpsiyonu/data/processed/augmented_cif/finetune_000131_v04.cif,Ho(CO2)4,True,0.0,0,,,0.1447590896722605,noise,False,False,0.14997836171222506,0.25281674030478984,2.4414133620380375e+25,4.115461463109865e+25,4.837021143375599,2.6603616288565797,1.6856881047273249,52,3,11.923076923076923,0.7192307692307693,0.9079035680560402,0.07692307692307693
finetune_000131_v05,finetune_000131,Ho(CO2)4,HF_COREMOF_GCMC,/home/rakeyma/Tüm_çalışmalar/MOF Radyoaktif Gaz Adsorpsiyonu/data/processed/augmented_cif/finetune_000131_v05.cif,Ho2C8NO16,True,0.0,0,,-NH2,0.0882349721004418,"substitution,functional,defect,noise",False,True,0.13346213653976627,0.22959644159866344,2.172555025634546e+25,3.7374712858306406e+25,4.609540641960254,2.5352473530781396,1.7203114497590337,54,4,11.74074074074074,0.7166666666666667,0.8327214420200791,0.07407407407407407
finetune_000131_v06,finetune_000131,Ho(CO2)4,HF_COREMOF_GCMC,/home/rakeyma/Tüm_çalışmalar/MOF Radyoaktif Gaz Adsorpsiyonu/data/processed/augmented_cif/finetune_000131_v06.cif,Ho(CO2)4,True,0.0,0,,,0.034270438546437305,noise,False,False,0.14997836171222506,0.25281674030478984,2.4414133620380375e+25,4.115461463109865e+25,4.837021143375599,2.6603616288565797,1.6856881047273249,52,3,11.923076923076923,0.7192307692307693,0.9079035680560402,0.07692307692307693
finetune_000132_v00,finetune_000132,CuHC4O3,HF_COREMOF_GCMC,/home/rakeyma/Tüm_çalışmalar/MOF Radyoaktif Gaz Adsorpsiyonu/data/processed/augmented_cif/finetune_000132_v00.cif,CuHC4O3,False,0.0,0,,,0.0,none,False,False,0.14306361389834307,0.18913494331402203,2.5852239851953995e+25,3.417753673141659e+25,2.7268008935398664,1.4997404914469266,1.3220338712288924,54,4,8.666666666666666,0.688888888888889,0.577510822409416,0.1111111111111111
finetune_000132_v01,finetune_000132,CuHC4O3,HF_COREMOF_GCMC,/home/rakeyma/Tüm_çalışmalar/MOF Radyoaktif Gaz Adsorpsiyonu/data/processed/augmented_cif/finetune_000132_v01.cif,CuHC4O3,True,0.0,0,,,0.07300943701344399,noise,False,False,0.14306361389834307,0.18913494331402203,2.5852239851953995e+25,3.417753673141659e+25,2.7268008935398664,1.4997404914469266,1.3220338712288924,54,4,8.666666666666666,0.688888888888889,0.577510822409416,0.1111111111111111
finetune_000132_v02,finetune_000132,CuHC4O3,HF_COREMOF_GCMC,/home/rakeyma/Tüm_çalışmalar/MOF Radyoaktif Gaz Adsorpsiyonu/data/processed/augmented_cif/finetune_000132_v02.cif,Cu6H5(C3O2)8,True,0.07148905702042166,3,,,0.0873075870735279,"defect,noise",False,False,0.17078553026195145,0.21805009524696806,3.086171508789387e+25,3.940263501292218e+25,2.9278288183284435,1.610305850080644,1.2767480647366438,51,4,8.843137254901961,0.7009803921568627,0.577510822409416,0.11764705882352941
finetune_000132_v03,finetune_000132,CuHC4O3,HF_COREMOF_GCMC,/home/rakeyma/Tüm_çalışmalar/MOF Radyoaktif Gaz Adsorpsiyonu/data/processed/augmented_cif/finetune_000132_v03.cif,Co3H3C14O9,True,0.0,0,Co,-CH3,0.04800359392709406,"functional,noise,substitution",False,True,0.08248306421915551,0.11135018408389796,1.4905061474491592e+25,2.012148014478125e+25,2.092247273118517,1.2,1.349976327116597,58,4,8.275862068965518,0.6896551724137931,0.5829397481729994,0.10344827586206896
finetune_000132_v04,finetune_000132,CuHC4O3,HF_COREMOF_GCMC,/home/rakeyma/Tüm_çalışmalar/MOF Radyoaktif Gaz Adsorpsiyonu/data/processed/augmented_cif/finetune_000132_v04.cif,Cu6H6C21(NO4)4,True,0.10910755521995244,5,,-NH2,0.14724407473881443,"functional,noise,defect",False,True,0.16307272702011644,0.21290188873451343,2.9467976778720926e+25,3.8472330891973993e+25,2.8930590491089276,1.5911824770099103,1.3055640426510444,53,5,8.716981132075471,0.6886792452830187,0.5564746175702895,0.11320754716981132
finetune_000132_v05,finetune_000132,CuHC4O3,HF_COREMOF_GCMC,/home/rakeyma/Tüm_çalışmalar/MOF Radyoaktif Gaz Adsorpsiyonu/data/processed/augmented_cif/finetune_000132_v05.cif,Cu6H5C23O15,True,0.11053225578434925,5,,,0.14724626235695182,"noise,defect",False,False,0.19963227017262625,0.24720818022967683,3.607445100862637e+25,4.467163239147488e+25,3.1174461452527553,1.7145953798890157,1.2383177329792958,49,4,8.918367346938776,0.7030612244897958,0.577510822409416,0.12244897959183673
finetune_000132_v06,finetune_000132,CuHC4O3,HF_COREMOF_GCMC,/home/rakeyma/Tüm_çalışmalar/MOF Radyoaktif Gaz Adsorpsiyonu/data/processed/augmented_cif/finetune_000132_v06.cif,Cu3H3C12N2O9,True,0.0,0,,-NH2,0.045250501210643904,"functional,noise",False,True,0.0983498284617901,0.1375819281165317,1.7772257288281578e+25,2.4861674523965486e+25,2.325670781054876,1.279118929580182,1.3989035900554079,58,5,8.551724137931034,0.6862068965517241,0.5564746175702895,0.10344827586206896
finetune_000133_v00,finetune_000133,Ho(CO2)4,HF_COREMOF_GCMC,/home/rakeyma/Tüm_çalışmalar/MOF Radyoaktif Gaz Adsorpsiyonu/data/processed/augmented_cif/finetune_000133_v00.cif,Ho(CO2)4,False,0.0,0,,,0.0,none,False,False,0.14997836171222506,0.25281674030478984,2.4414133620380375e+25,4.115461463109865e+25,4.837021143375599,2.6603616288565797,1.6856881047273249,52,3,11.923076923076923,0.7192307692307693,0.9079035680560402,0.07692307692307693
finetune_000133_v01,finetune_000133,Ho(CO2)4,HF_COREMOF_GCMC,/home/rakeyma/Tüm_çalışmalar/MOF Radyoaktif Gaz Adsorpsiyonu/data/processed/augmented_cif/finetune_000133_v01.cif,Ho4C16O31,True,0.03793863425604766,1,,,0.11206371670783158,"defect,noise",False,False,0.1583309751753212,0.2637657156004918,2.5773808568415195e+25,4.293693671292282e+25,4.940651767815472,2.71735847229851,1.6659135416075208,51,3,12.0,0.7215686274509805,0.9079035680560402,0.0784313725490196
finetune_000133_v02,finetune_000133,Ho(CO2)4,HF_COREMOF_GCMC,/home/rakeyma/Tüm_çalışmalar/MOF Radyoaktif Gaz Adsorpsiyonu/data/processed/augmented_cif/finetune_000133_v02.cif,Ho4C17O28,True,0.12412045054378222,5,,-CH3,0.127687275270018,"defect,noise,functional",False,True,0.17348531555205512,0.281295085508517,2.8240698369466746e+25,4.579044420780246e+25,5.102184327455683,2.8062013801006263,1.6214345555034197,49,3,12.122448979591837,0.7285714285714286,0.9079035680560402,0.08163265306122448
finetune_000133_v03,finetune_000133,Ho(CO2)4,HF_COREMOF_GCMC,/home/rakeyma/Tüm_çalışmalar/MOF Radyoaktif Gaz Adsorpsiyonu/data/processed/augmented_cif/finetune_000133_v03.cif,Ho2C9O16,True,0.0,0,,-CH3,0.041515565160897466,"noise,functional",False,True,0.12952345876697718,0.22218162834662825,2.108439506345835e+25,3.616769712991286e+25,4.534497269418265,2.4939734981800457,1.715377511237948,54,3,11.703703703703704,0.7185185185185188,0.9079035680560402,0.07407407407407407
finetune_000133_v04,finetune_000133,Ho(CO2)4,HF_COREMOF_GCMC,/home/rakeyma/Tüm_çalışmalar/MOF Radyoaktif Gaz Adsorpsiyonu/data/processed/augmented_cif/finetune_000133_v04.cif,Ho2C8O13,True,0.16907232593844623,8,,-CH3,0.07793567409602482,"defect,functional,noise",False,True,0.2032561035540529,0.3185105920790019,3.3086917437117384e+25,5.184854712204372e+25,5.429214642800189,2.9860680535401043,1.5670407260085,46,3,12.434782608695652,0.7347826086956524,0.9079035680560402,0.08695652173913043
finetune_000133_v05,finetune_000133,Ho(CO2)4,HF_COREMOF_GCMC,/home/rakeyma/Tüm_çalışmalar/MOF Radyoaktif Gaz Adsorpsiyonu/data/processed/augmented_cif/finetune_000133_v05.cif,Ho2C9O16,True,0.0,0,,-CH3,0.14301245890517325,"functional,substitution,defect,noise",False,True,0.12952345876697718,0.22218162834662825,2.108439506345835e+25,3.616769712991286e+25,4.534497269418265,2.4939734981800457,1.715377511237948,54,3,11.703703703703704,0.7185185185185188,0.9079035680560402,0.07407407407407407
finetune_000133_v06,finetune_000133,Ho(CO2)4,HF_COREMOF_GCMC,/home/rakeyma/Tüm_çalışmalar/MOF Radyoaktif Gaz Adsorpsiyonu/data/processed/augmented_cif/finetune_000133_v06.cif,Ho(CO2)4,True,0.0,0,,,0.10750224982499983,"substitution,noise",False,False,0.14997836171222506,0.25281674030478984,2.4414133620380375e+25,4.115461463109865e+25,4.837021143375599,2.6603616288565797,1.6856881047273249,52,3,11.923076923076923,0.7192307692307693,0.9079035680560402,0.07692307692307693
finetune_000134_v00,finetune_000134,LaC12(ClO)6,HF_COREMOF_GCMC,/home/rakeyma/Tüm_çalışmalar/MOF Radyoaktif Gaz Adsorpsiyonu/data/processed/augmented_cif/finetune_000134_v00.cif,LaC12(ClO)6,False,0.0,0,,,0.0,none,False,False,0.027855608691282376,0.05,5.564325439575443e+24,9.987800843348366e+24,1.9871936116040632,1.2,1.7949706486093728,50,4,11.16,0.7979999999999999,0.9036142705823099,0.04
finetune_000134_v01,finetune_000134,LaC12(ClO)6,HF_COREMOF_GCMC,/home/rakeyma/Tüm_çalışmalar/MOF Radyoaktif Gaz Adsorpsiyonu/data/processed/augmented_cif/finetune_000134_v01.cif,LaC12N2(ClO)6,True,0.0,0,,-NH2,0.10595026998323409,"noise,substitution,functional",False,True,0.026596527424587756,0.05,5.31281638082871e+24,9.987800843348366e+24,1.9871936116040632,1.2,1.8799446710391365,54,5,10.851851851851851,0.7870370370370369,0.8304793796356416,0.037037037037037035
finetune_000134_v02,finetune_000134,LaC12(ClO)6,HF_COREMOF_GCMC,/home/rakeyma/Tüm_çalışmalar/MOF Radyoaktif Gaz Adsorpsiyonu/data/processed/augmented_cif/finetune_000134_v02.cif,LaC13(ClO)6,True,0.03737316036372071,1,,-CH3,0.048467013849924696,"defect,functional,substitution,noise",False,True,0.027301471401515256,0.05,5.453633181774108e+24,9.987800843348368e+24,1.9871936116040632,1.2,1.8314031234677322,52,4,10.961538461538462,0.7942307692307693,0.9036142705823099,0.038461538461538464
finetune_000134_v03,finetune_000134,LaC12(ClO)6,HF_COREMOF_GCMC,/home/rakeyma/Tüm_çalışmalar/MOF Radyoaktif Gaz Adsorpsiyonu/data/processed/augmented_cif/finetune_000134_v03.cif,LaC12N2(ClO)6,True,0.0,0,,-NH2,0.034992731052248996,"substitution,noise,functional",False,True,0.026596527424587756,0.05,5.31281638082871e+24,9.987800843348366e+24,1.9871936116040632,1.2,1.8799446710391365,54,5,10.851851851851851,0.7870370370370369,0.8304793796356416,0.037037037037037035
finetune_000134_v04,finetune_000134,LaC12(ClO)6,HF_COREMOF_GCMC,/home/rakeyma/Tüm_çalışmalar/MOF Radyoaktif Gaz Adsorpsiyonu/data/processed/augmented_cif/finetune_000134_v04.cif,LaC12(ClO)6,True,0.0,0,,,0.044765340353145125,"substitution,defect,noise",False,False,0.027855608691282376,0.05,5.564325439575443e+24,9.987800843348366e+24,1.9871936116040632,1.2,1.7949706486093728,50,4,11.16,0.7979999999999999,0.9036142705823099,0.04
finetune_000134_v05,finetune_000134,LaC12(ClO)6,HF_COREMOF_GCMC,/home/rakeyma/Tüm_çalışmalar/MOF Radyoaktif Gaz Adsorpsiyonu/data/processed/augmented_cif/finetune_000134_v05.cif,LaC12N2(ClO)6,True,0.0,0,,-NH2,0.04975270873825171,"functional,noise",False,True,0.026596527424587756,0.05,5.31281638082871e+24,9.987800843348366e+24,1.9871936116040632,1.2,1.8799446710391365,54,5,10.851851851851851,0.7870370370370369,0.8304793796356416,0.037037037037037035
finetune_000134_v06,finetune_000134,LaC12(ClO)6,HF_COREMOF_GCMC,/home/rakeyma/Tüm_çalışmalar/MOF Radyoaktif Gaz Adsorpsiyonu/data/processed/augmented_cif/finetune_000134_v06.cif,LaC12N2(ClO)6,True,0.0,0,,-NH2,0.06010033089286547,"substitution,noise,functional",False,True,0.026596527424587756,0.05,5.31281638082871e+24,9.987800843348366e+24,1.9871936116040632,1.2,1.8799446710391365,54,5,10.851851851851851,0.7870370370370369,0.8304793796356416,0.037037037037037035
finetune_000135_v00,finetune_000135,CoHC4O3,HF_COREMOF_GCMC,/home/rakeyma/Tüm_çalışmalar/MOF Radyoaktif Gaz Adsorpsiyonu/data/processed/augmented_cif/finetune_000135_v00.cif,CoHC4O3,False,0.0,0,,,0.0,none,False,False,0.20272234461597277,0.24081560498963828,3.3889723538711354e+25,4.025789210541387e+25,3.325674945771934,1.8291212201745637,1.1879085428191327,54,4,8.444444444444445,0.688888888888889,0.5829397481729994,0.1111111111111111
finetune_000135_v01,finetune_000135,CoHC4O3,HF_COREMOF_GCMC,/home/rakeyma/Tüm_çalışmalar/MOF Radyoaktif Gaz Adsorpsiyonu/data/processed/augmented_cif/finetune_000135_v01.cif,Ni6H5(C4O3)6,True,0.032296513475465013,1,Ni,,0.10463785130573482,"defect,substitution,noise",False,False,0.212600684030167,0.25188992539799104,3.5541116197980244e+25,4.210922061944198e+25,3.4012839092773706,1.870706150102554,1.184802986627499,53,4,8.69811320754717,0.6971698113207547,0.5748260606479145,0.11320754716981132
finetune_000135_v02,finetune_000135,CoHC4O3,HF_COREMOF_GCMC,/home/rakeyma/Tüm_çalışmalar/MOF Radyoaktif Gaz Adsorpsiyonu/data/processed/augmented_cif/finetune_000135_v02.cif,CoHC4O3,True,0.0,0,,,0.11667751008364931,noise,False,False,0.20272234461597277,0.24081560498963828,3.3889723538711354e+25,4.025789210541387e+25,3.325674945771934,1.8291212201745637,1.1879085428191327,54,4,8.444444444444445,0.688888888888889,0.5829397481729994,0.1111111111111111
finetune_000135_v03,finetune_000135,CoHC4O3,HF_COREMOF_GCMC,/home/rakeyma/Tüm_çalışmalar/MOF Radyoaktif Gaz Adsorpsiyonu/data/processed/augmented_cif/finetune_000135_v03.cif,Mn6H5C23(NO5)3,True,0.10022813659060312,5,Mn,-NH2,0.07275919589398033,"substitution,defect,functional,noise",False,True,0.21789310035403436,0.2469536436475489,3.6425865860911575e+25,4.1284007078484895e+25,3.367791564364873,1.8522853604006804,1.1333706448083796,52,5,8.346153846153847,0.7057692307692307,0.6564327840685594,0.11538461538461539
finetune_000135_v04,finetune_000135,CoHC4O3,HF_COREMOF_GCMC,/home/rakeyma/Tüm_çalışmalar/MOF Radyoaktif Gaz Adsorpsiyonu/data/processed/augmented_cif/finetune_000135_v04.cif,Co6H4C23O17,True,0.10220224156280235,4,,,0.03212421466426582,"defect,noise",False,False,0.24031500826493396,0.2763135271068261,4.017420579724319e+25,4.6192189920630705e+25,3.5623661788194183,1.9593013983506802,1.1497972145052455,50,4,8.8,0.708,0.5829397481729994,0.12
finetune_000135_v05,finetune_000135,CoHC4O3,HF_COREMOF_GCMC,/home/rakeyma/Tüm_çalışmalar/MOF Radyoaktif Gaz Adsorpsiyonu/data/processed/augmented_cif/finetune_000135_v05.cif,Co6H6C24O17,True,0.10398062283856761,4,,-CH3,0.03629937902963544,"noise,defect,functional",False,True,0.21587837059154083,0.2520597689432773,3.608905723339957e+25,4.2137613892050824e+25,3.4024304195426915,1.8713367307484805,1.1676008497404986,53,4,8.452830188679245,0.6905660377358492,0.5829397481729994,0.11320754716981132
finetune_000135_v06,finetune_000135,CoHC4O3,HF_COREMOF_GCMC,/home/rakeyma/Tüm_çalışmalar/MOF Radyoaktif Gaz Adsorpsiyonu/data/processed/augmented_cif/finetune_000135_v06.cif,Co3H3C12N2O9,True,0.0,0,,-NH2,0.09426222083122275,"functional,noise",False,True,0.15339122571188762,0.1931229509005108,2.56428872825416e+25,3.228496309766317e+25,2.9782039138781222,1.6380121526329674,1.2590221507405557,58,5,8.344827586206897,0.6862068965517241,0.5617259118110896,0.10344827586206896
finetune_000136_v00,finetune_000136,YH4(CO2)4,HF_COREMOF_GCMC,/home/rakeyma/Tüm_çalışmalar/MOF Radyoaktif Gaz Adsorpsiyonu/data/processed/augmented_cif/finetune_000136_v00.cif,YH4(CO2)4,False,0.0,0,,,0.0,none,False,False,0.02906006822972668,0.05,1.224155585179548e+25,2.1062503630451072e+25,1.5,1.2,1.7205740745251605,34,4,7.705882352941177,0.6117647058823531,0.7949017234853627,0.058823529411764705
finetune_000136_v01,finetune_000136,YH4(CO2)4,HF_COREMOF_GCMC,/home/rakeyma/Tüm_çalışmalar/MOF Radyoaktif Gaz Adsorpsiyonu/data/processed/augmented_cif/finetune_000136_v01.cif,Y2H8C8NO16,True,0.0,0,,-NH2,0.09140137531753703,"substitution,functional,noise",False,True,0.028322628575498485,0.05,1.193090934390708e+25,2.106250363045107e+25,1.5,1.2,1.7653728666715034,35,5,7.685714285714286,0.612857142857143,0.7623122719725821,0.05714285714285714
finetune_000136_v02,finetune_000136,YH4(CO2)4,HF_COREMOF_GCMC,/home/rakeyma/Tüm_çalışmalar/MOF Radyoaktif Gaz Adsorpsiyonu/data/processed/augmented_cif/finetune_000136_v02.cif,Y2H8(C3O5)3,True,0.049248800553872256,1,,-CH3,0.044817626597082605,"functional,defect,noise",False,True,0.029277146938074806,0.05,1.2333000273449e+25,2.1062503630451072e+25,1.5,1.2,1.707816683973916,34,4,7.647058823529412,0.6147058823529412,0.7949017234853627,0.058823529411764705
finetune_000136_v03,finetune_000136,YH4(CO2)4,HF_COREMOF_GCMC,/home/rakeyma/Tüm_çalışmalar/MOF Radyoaktif Gaz Adsorpsiyonu/data/processed/augmented_cif/finetune_000136_v03.cif,Y2H8C9O16,True,0.0,0,,-CH3,0.0719828741093441,"substitution,functional,noise",False,True,0.02842542108636305,0.05,1.1974210696572443e+25,2.1062503630451072e+25,1.5,1.2,1.7589888940638154,35,4,7.6571428571428575,0.6142857142857144,0.7949017234853627,0.05714285714285714
finetune_000136_v04,finetune_000136,YH4(CO2)4,HF_COREMOF_GCMC,/home/rakeyma/Tüm_çalışmalar/MOF Radyoaktif Gaz Adsorpsiyonu/data/processed/augmented_cif/finetune_000136_v04.cif,Y2H8(CO3)5,True,0.15320525928031076,5,,-CH3,0.0483238466628822,"functional,defect,noise",False,True,0.05752375756307855,0.08940097382721224,2.423188705019058e+25,3.766016671603037e+25,1.9958247078538942,1.2,1.5541574058192955,30,4,7.866666666666666,0.6033333333333334,0.7949017234853627,0.06666666666666667
finetune_000136_v05,finetune_000136,YH4(CO2)4,HF_COREMOF_GCMC,/home/rakeyma/Tüm_çalışmalar/MOF Radyoaktif Gaz Adsorpsiyonu/data/processed/augmented_cif/finetune_000136_v05.cif,YH4(CO2)4,True,0.0,0,,,0.08205371616093814,"substitution,noise",False,False,0.02906006822972668,0.05,1.224155585179548e+25,2.1062503630451072e+25,1.5,1.2,1.7205740745251605,34,4,7.705882352941177,0.6117647058823531,0.7949017234853627,0.058823529411764705
finetune_000136_v06,finetune_000136,YH4(CO2)4,HF_COREMOF_GCMC,/home/rakeyma/Tüm_çalışmalar/MOF Radyoaktif Gaz Adsorpsiyonu/data/processed/augmented_cif/finetune_000136_v06.cif,Y2H8C8NO16,True,0.0,0,,-NH2,0.14537445629375634,"functional,noise",False,True,0.028322628575498485,0.05,1.193090934390708e+25,2.106250363045107e+25,1.5,1.2,1.7653728666715034,35,5,7.685714285714286,0.612857142857143,0.7623122719725821,0.05714285714285714
finetune_000137_v00,finetune_000137,LiH4C6NO2,HF_COREMOF_GCMC,/home/rakeyma/Tüm_çalışmalar/MOF Radyoaktif Gaz Adsorpsiyonu/data/processed/augmented_cif/finetune_000137_v00.cif,LiH4C6NO2,False,0.0,0,,,0.0,none,False,False,0.049446137108705226,0.05,1.275812609503011e+25,1.290103417682752e+25,1.5,1.2,1.0112013379341875,56,5,4.714285714285714,0.6071428571428571,0.84395260530435,0.07142857142857142
finetune_000137_v01,finetune_000137,LiH4C6NO2,HF_COREMOF_GCMC,/home/rakeyma/Tüm_çalışmalar/MOF Radyoaktif Gaz Adsorpsiyonu/data/processed/augmented_cif/finetune_000137_v01.cif,LiH4C6(NO)2,True,0.0,0,,-NH2,0.04690615526980356,"noise,functional,substitution",False,True,0.0446046042493686,0.05,1.1508910477299405e+25,1.290103417682752e+25,1.5,1.2,1.1209605116204517,60,5,4.866666666666666,0.6099999999999999,0.84395260530435,0.06666666666666667
finetune_000137_v02,finetune_000137,LiH4C6NO2,HF_COREMOF_GCMC,/home/rakeyma/Tüm_çalışmalar/MOF Radyoaktif Gaz Adsorpsiyonu/data/processed/augmented_cif/finetune_000137_v02.cif,LiH4C7NO2,True,0.0,0,,-CH3,0.05919369465699294,"functional,noise",False,True,0.04523579032192267,0.05,1.1671769539178558e+25,1.290103417682752e+25,1.5,1.2,1.1053194747825252,60,5,4.8,0.6133333333333335,0.84395260530435,0.06666666666666667
finetune_000137_v03,finetune_000137,LiH4C6NO2,HF_COREMOF_GCMC,/home/rakeyma/Tüm_çalışmalar/MOF Radyoaktif Gaz Adsorpsiyonu/data/processed/augmented_cif/finetune_000137_v03.cif,LiH4C6NO2,True,0.0,0,,,0.11549350154819608,noise,False,False,0.049446137108705226,0.05,1.275812609503011e+25,1.290103417682752e+25,1.5,1.2,1.0112013379341875,56,5,4.714285714285714,0.6071428571428571,0.84395260530435,0.07142857142857142
finetune_000137_v04,finetune_000137,LiH4C6NO2,HF_COREMOF_GCMC,/home/rakeyma/Tüm_çalışmalar/MOF Radyoaktif Gaz Adsorpsiyonu/data/processed/augmented_cif/finetune_000137_v04.cif,Li4H14C24N3O8,True,0.07789270834169883,3,,,0.1068528297583059,"defect,substitution,noise",False,False,0.05103017995143757,0.05,1.3166841912063091e+25,1.290103417682752e+25,1.5,1.2,0.9798123394348613,53,5,4.811320754716981,0.619811320754717,0.84395260530435,0.07547169811320754
finetune_000137_v05,finetune_000137,LiH4C6NO2,HF_COREMOF_GCMC,/home/rakeyma/Tüm_çalışmalar/MOF Radyoaktif Gaz Adsorpsiyonu/data/processed/augmented_cif/finetune_000137_v05.cif,Li3H15C20(NO2)4,True,0.14015881831213517,6,,,0.11018369442124074,"defect,noise",False,False,0.1263803668877899,0.11393327178173429,3.2608748649987573e+25,2.939714066267865e+25,1.8473565836170927,1.2,0.9015108484602906,50,5,4.72,0.59,0.84395260530435,0.06
finetune_000137_v06,finetune_000137,LiH4C6NO2,HF_COREMOF_GCMC,/home/rakeyma/Tüm_çalışmalar/MOF Radyoaktif Gaz Adsorpsiyonu/data/processed/augmented_cif/finetune_000137_v06.cif,Li3H14C21(NO)8,True,0.11681142205822069,6,,-NH2,0.1126063201187537,"functional,defect,noise",False,True,0.04841091398409961,0.05,1.249101711680653e+25,1.2901034176827522e+25,1.5,1.2,1.032824953819759,54,5,4.981481481481482,0.6027777777777777,0.84395260530435,0.05555555555555555
finetune_000138_v00,finetune_000138,CoHC4O3,HF_COREMOF_GCMC,/home/rakeyma/Tüm_çalışmalar/MOF Radyoaktif Gaz Adsorpsiyonu/data/processed/augmented_cif/finetune_000138_v00.cif,CoHC4O3,False,0.0,0,,,0.0,none,False,False,0.20272234461597277,0.24081560498963828,3.3889723538711354e+25,4.025789210541387e+25,3.325674945771934,1.8291212201745637,1.1879085428191327,54,4,8.444444444444445,0.688888888888889,0.5829397481729994,0.1111111111111111
finetune_000138_v01,finetune_000138,CoHC4O3,HF_COREMOF_GCMC,/home/rakeyma/Tüm_çalışmalar/MOF Radyoaktif Gaz Adsorpsiyonu/data/processed/augmented_cif/finetune_000138_v01.cif,Ni6H6C21O17,True,0.09880903783288723,4,Ni,,0.036083572880504663,"noise,defect,substitution",False,False,0.27326173499149364,0.3060640417551762,4.568201236086463e+25,5.11656757910557e+25,3.749243439198956,2.062083891559426,1.1200398832449177,50,4,8.72,0.69,0.5748260606479145,0.12
finetune_000138_v02,finetune_000138,CoHC4O3,HF_COREMOF_GCMC,/home/rakeyma/Tüm_çalışmalar/MOF Radyoaktif Gaz Adsorpsiyonu/data/processed/augmented_cif/finetune_000138_v02.cif,Co3H3(C5O4)2,True,0.13233639187726692,6,,,0.1302011284587296,"noise,defect",False,False,0.30030560768167286,0.326226026022997,5.020302049453863e+25,5.4536217277849745e+25,3.8707648489582978,2.1289206669270637,1.0863134676086372,48,4,8.666666666666666,0.6916666666666668,0.5829397481729994,0.125
finetune_000138_v03,finetune_000138,CoHC4O3,HF_COREMOF_GCMC,/home/rakeyma/Tüm_çalışmalar/MOF Radyoaktif Gaz Adsorpsiyonu/data/processed/augmented_cif/finetune_000138_v03.cif,Zn3H3C14O9,True,0.0,0,Zn,-CH3,0.12611791831324837,"substitution,noise,functional",False,True,0.13524562476588442,0.1755766584074927,2.2609430853903907e+25,2.93516949231844e+25,2.8396896284743685,1.5618292956609028,1.2982058289236558,58,4,8.586206896551724,0.6896551724137931,0.6504229393248673,0.10344827586206896
finetune_000138_v04,finetune_000138,CoHC4O3,HF_COREMOF_GCMC,/home/rakeyma/Tüm_çalışmalar/MOF Radyoaktif Gaz Adsorpsiyonu/data/processed/augmented_cif/finetune_000138_v04.cif,Co2H2C8O5,True,0.12579074081546282,6,,-CH3,0.09413500660579037,"defect,functional,noise",False,True,0.24361281109841007,0.2745480968505556,4.072550973230472e+25,4.5897057465324794e+25,3.550967556824206,1.9530321562533133,1.1269854635832304,51,4,8.470588235294118,0.6941176470588236,0.5829397481729994,0.11764705882352941
finetune_000138_v05,finetune_000138,CoHC4O3,HF_COREMOF_GCMC,/home/rakeyma/Tüm_çalışmalar/MOF Radyoaktif Gaz Adsorpsiyonu/data/processed/augmented_cif/finetune_000138_v05.cif,Co6H4C23O17,True,0.16129493778903004,7,,-CH3,0.14187895289523977,"defect,functional,noise",False,True,0.24031500826493396,0.2763135271068261,4.017420579724319e+25,4.6192189920630705e+25,3.5623661788194183,1.9593013983506802,1.1497972145052455,50,4,8.8,0.7080000000000001,0.5829397481729994,0.12
finetune_000138_v06,finetune_000138,CoHC4O3,HF_COREMOF_GCMC,/home/rakeyma/Tüm_çalışmalar/MOF Radyoaktif Gaz Adsorpsiyonu/data/processed/augmented_cif/finetune_000138_v06.cif,Co6H5C24(N2O9)2,True,0.032646931178767755,1,,-NH2,0.10018881502799115,"defect,functional,noise",False,True,0.15693555887832175,0.19738456834152496,2.6235404458519813e+25,3.299739091205784e+25,3.0108844155117507,1.655986428531463,1.2577427942545825,57,5,8.473684210526315,0.6938596491228068,0.5617259118110896,0.10526315789473684
finetune_000139_v00,finetune_000139,TbH8C8(NO3)2,HF_COREMOF_GCMC,/home/rakeyma/Tüm_çalışmalar/MOF Radyoaktif Gaz Adsorpsiyonu/data/processed/augmented_cif/finetune_000139_v00.cif,TbH8C8(NO3)2,False,0.0,0,,,0.0,none,False,False,0.02481166212658632,0.05,8.506364654357456e+24,1.714186782602257e+25,1.6927034589673409,1.2,2.015181399170503,50,5,7.32,0.5700000000000001,0.8027353237524806,0.04
finetune_000139_v01,finetune_000139,TbH8C8(NO3)2,HF_COREMOF_GCMC,/home/rakeyma/Tüm_çalışmalar/MOF Radyoaktif Gaz Adsorpsiyonu/data/processed/augmented_cif/finetune_000139_v01.cif,Tb2H14C13(NO4)3,True,0.13788558685680008,6,,,0.11973387914737856,"defect,noise",False,False,0.026600248669250894,0.05,9.119558936552633e+24,1.7141867826022573e+25,1.6927034589673409,1.2,1.8796816759761548,44,5,7.704545454545454,0.5738636363636366,0.8027353237524806,0.045454545454545456
finetune_000139_v02,finetune_000139,TbH8C8(NO3)2,HF_COREMOF_GCMC,/home/rakeyma/Tüm_çalışmalar/MOF Radyoaktif Gaz Adsorpsiyonu/data/processed/augmented_cif/finetune_000139_v02.cif,Tb2H15C16(N2O5)2,True,0.10615423598340576,5,,-CH3,0.05063664517378391,"functional,noise,defect",False,True,0.02591661934480787,0.05,8.885185266120725e+24,1.714186782602257e+25,1.6927034589673409,1.2,1.9292639728497993,47,5,7.425531914893617,0.5755319148936171,0.8027353237524806,0.0425531914893617
finetune_000139_v03,finetune_000139,TbH8C8(NO3)2,HF_COREMOF_GCMC,/home/rakeyma/Tüm_çalışmalar/MOF Radyoaktif Gaz Adsorpsiyonu/data/processed/augmented_cif/finetune_000139_v03.cif,TbH8C7(NO3)2,True,0.055540543077727406,2,,,0.13755589166378523,"defect,substitution,noise",False,False,0.025606187398798354,0.05,8.778757598371324e+24,1.7141867826022573e+25,1.6927034589673409,1.2,1.9526530530018067,48,5,7.375,0.5645833333333333,0.8027353237524806,0.041666666666666664
finetune_000139_v04,finetune_000139,TbH8C8(NO3)2,HF_COREMOF_GCMC,/home/rakeyma/Tüm_çalışmalar/MOF Radyoaktif Gaz Adsorpsiyonu/data/processed/augmented_cif/finetune_000139_v04.cif,TbH8C8(NO3)2,True,0.0,0,,,0.06263148253105741,noise,False,False,0.02481166212658632,0.05,8.506364654357456e+24,1.714186782602257e+25,1.6927034589673409,1.2,2.015181399170503,50,5,7.32,0.5700000000000001,0.8027353237524806,0.04
finetune_000139_v05,finetune_000139,TbH8C8(NO3)2,HF_COREMOF_GCMC,/home/rakeyma/Tüm_çalışmalar/MOF Radyoaktif Gaz Adsorpsiyonu/data/processed/augmented_cif/finetune_000139_v05.cif,TbH8C9(NO3)2,True,0.0,0,,-CH3,0.03040147276767634,"substitution,functional,defect,noise",False,True,0.024064959079179358,0.05,8.250366955478688e+24,1.7141867826022575e+25,1.6927034589673409,1.2,2.0777097453391997,52,5,7.269230769230769,0.5750000000000001,0.8027353237524806,0.038461538461538464
finetune_000139_v06,finetune_000139,TbH8C8(NO3)2,HF_COREMOF_GCMC,/home/rakeyma/Tüm_çalışmalar/MOF Radyoaktif Gaz Adsorpsiyonu/data/processed/augmented_cif/finetune_000139_v06.cif,TbH8C8(NO3)2,True,0.0,0,,,0.13027780784459436,"substitution,noise",False,False,0.02481166212658632,0.05,8.506364654357456e+24,1.714186782602257e+25,1.6927034589673409,1.2,2.015181399170503,50,5,7.32,0.5700000000000001,0.8027353237524806,0.04
finetune_000140_v00,finetune_000140,PrC15NO6,HF_COREMOF_GCMC,/home/rakeyma/Tüm_çalışmalar/MOF Radyoaktif Gaz Adsorpsiyonu/data/processed/augmented_cif/finetune_000140_v00.cif,PrC15NO6,False,0.0,0,,,0.0,none,False,False,0.033931102779569206,0.05,7.638365937384501e+24,1.125569950821604e+25,2.1533334623322977,1.2,1.4735742697436376,46,4,8.869565217391305,0.7217391304347828,0.872954752550211,0.043478260869565216
finetune_000140_v01,finetune_000140,PrC15NO6,HF_COREMOF_GCMC,/home/rakeyma/Tüm_çalışmalar/MOF Radyoaktif Gaz Adsorpsiyonu/data/processed/augmented_cif/finetune_000140_v01.cif,Pr2C30N7O12,True,0.0,0,,-NH2,0.08713195508886239,"functional,noise",False,True,0.031381891164474034,0.05,7.064502738937192e+24,1.125569950821604e+25,2.1533334623322977,1.2,1.5932755530234795,51,4,8.686274509803921,0.7147058823529411,0.872954752550211,0.0392156862745098
finetune_000140_v02,finetune_000140,PrC15NO6,HF_COREMOF_GCMC,/home/rakeyma/Tüm_çalışmalar/MOF Radyoaktif Gaz Adsorpsiyonu/data/processed/augmented_cif/finetune_000140_v02.cif,PrC15NO6,True,0.0,0,,,0.12759823422776828,noise,False,False,0.033931102779569206,0.05,7.638365937384501e+24,1.125569950821604e+25,2.1533334623322977,1.2,1.4735742697436376,46,4,8.869565217391305,0.7217391304347828,0.872954752550211,0.043478260869565216
finetune_000140_v03,finetune_000140,PrC15NO6,HF_COREMOF_GCMC,/home/rakeyma/Tüm_çalışmalar/MOF Radyoaktif Gaz Adsorpsiyonu/data/processed/augmented_cif/finetune_000140_v03.cif,Pr2C28N6O11,True,0.08748551899068734,3,,-NH2,0.10907494112382178,"defect,noise,functional",False,True,0.033312641060293045,0.05,7.499141551994357e+24,1.1255699508216038e+25,2.1533334623322977,1.2,1.5009317306755792,47,4,8.851063829787234,0.7191489361702127,0.872954752550211,0.0425531914893617
finetune_000140_v04,finetune_000140,PrC15NO6,HF_COREMOF_GCMC,/home/rakeyma/Tüm_çalışmalar/MOF Radyoaktif Gaz Adsorpsiyonu/data/processed/augmented_cif/finetune_000140_v04.cif,PrC16NO6,True,0.07788821020834352,3,,-CH3,0.1234850667278879,"functional,defect,noise",False,True,0.03301132643536342,0.05,7.431311414481583e+24,1.1255699508216038e+25,2.1533334623322977,1.2,1.5146316552259909,48,4,8.75,0.7208333333333332,0.872954752550211,0.041666666666666664
finetune_000140_v05,finetune_000140,PrC15NO6,HF_COREMOF_GCMC,/home/rakeyma/Tüm_çalışmalar/MOF Radyoaktif Gaz Adsorpsiyonu/data/processed/augmented_cif/finetune_000140_v05.cif,PrC13NO6,True,0.10474399547740272,4,,,0.10290955581295143,"defect,noise",False,False,0.08353820599166567,0.11624003023805418,1.8805618881952832e+25,2.616725702370968e+25,3.2832514463841185,1.8057882955112654,1.3914594987789306,42,4,9.142857142857142,0.7238095238095238,0.872954752550211,0.047619047619047616
finetune_000140_v06,finetune_000140,PrC15NO6,HF_COREMOF_GCMC,/home/rakeyma/Tüm_çalışmalar/MOF Radyoaktif Gaz Adsorpsiyonu/data/processed/augmented_cif/finetune_000140_v06.cif,PrC15NO6,True,0.11007053799684556,4,,-CH3,0.13126581882416788,"defect,functional,substitution,noise",False,True,0.033931102779569206,0.05,7.638365937384501e+24,1.125569950821604e+25,2.1533334623322977,1.2,1.4735742697436376,46,4,8.869565217391305,0.7217391304347827,0.872954752550211,0.043478260869565216
finetune_000141_v00,finetune_000141,Cd(CO2)4,HF_COREMOF_GCMC,/home/rakeyma/Tüm_çalışmalar/MOF Radyoaktif Gaz Adsorpsiyonu/data/processed/augmented_cif/finetune_000141_v00.cif,Cd(CO2)4,False,0.0,0,,,0.0,none,False,False,0.0704500841992481,0.12175838365490033,1.3898865619909783e+25,2.402131142569935e+25,3.029836813613426,1.6664102474873843,1.7282929472524298,52,3,10.461538461538462,0.703846153846154,0.7144695001654492,0.07692307692307693
finetune_000141_v01,finetune_000141,Cd(CO2)4,HF_COREMOF_GCMC,/home/rakeyma/Tüm_çalışmalar/MOF Radyoaktif Gaz Adsorpsiyonu/data/processed/augmented_cif/finetune_000141_v01.cif,Cd(CO2)4,True,0.0,0,,,0.04659228191120497,"substitution,noise",False,False,0.0704500841992481,0.12175838365490033,1.3898865619909783e+25,2.402131142569935e+25,3.029836813613426,1.6664102474873843,1.7282929472524298,52,3,10.461538461538462,0.703846153846154,0.7144695001654492,0.07692307692307693
finetune_000141_v02,finetune_000141,Cd(CO2)4,HF_COREMOF_GCMC,/home/rakeyma/Tüm_çalışmalar/MOF Radyoaktif Gaz Adsorpsiyonu/data/processed/augmented_cif/finetune_000141_v02.cif,Cd(CO2)4,True,0.0,0,,,0.0856603894101195,"substitution,noise",False,False,0.0704500841992481,0.12175838365490033,1.3898865619909783e+25,2.402131142569935e+25,3.029836813613426,1.6664102474873843,1.7282929472524298,52,3,10.461538461538462,0.703846153846154,0.7144695001654492,0.07692307692307693
finetune_000141_v03,finetune_000141,Cd(CO2)4,HF_COREMOF_GCMC,/home/rakeyma/Tüm_çalışmalar/MOF Radyoaktif Gaz Adsorpsiyonu/data/processed/augmented_cif/finetune_000141_v03.cif,Cd4C15N2O25,True,0.1664056727689133,8,,-NH2,0.1256605791572591,"noise,functional,defect",False,True,0.1294210251824518,0.2050680103219581,2.5533048794014866e+25,4.0457193923944064e+25,3.932047538938301,2.162626146416066,1.5845030591657165,46,4,10.782608695652174,0.7173913043478263,0.6527250569726889,0.08695652173913043
finetune_000141_v04,finetune_000141,Cd(CO2)4,HF_COREMOF_GCMC,/home/rakeyma/Tüm_çalışmalar/MOF Radyoaktif Gaz Adsorpsiyonu/data/processed/augmented_cif/finetune_000141_v04.cif,Cd(CO2)4,True,0.0,0,,,0.10299735169040707,noise,False,False,0.0704500841992481,0.12175838365490033,1.3898865619909783e+25,2.402131142569935e+25,3.029836813613426,1.6664102474873843,1.7282929472524298,52,3,10.461538461538462,0.703846153846154,0.7144695001654492,0.07692307692307693
finetune_000141_v05,finetune_000141,Cd(CO2)4,HF_COREMOF_GCMC,/home/rakeyma/Tüm_çalışmalar/MOF Radyoaktif Gaz Adsorpsiyonu/data/processed/augmented_cif/finetune_000141_v05.cif,Cd2C9O16,True,0.0,0,,-CH3,0.10541565540461237,"functional,noise",False,True,0.04796878072030853,0.08463012341873533,9.463603127810076e+24,1.6696398963366127e+25,2.525993845828307,1.389296615205569,1.7642750586509175,54,3,10.296296296296296,0.7037037037037039,0.7144695001654492,0.07407407407407407
finetune_000141_v06,finetune_000141,Cd(CO2)4,HF_COREMOF_GCMC,/home/rakeyma/Tüm_çalışmalar/MOF Radyoaktif Gaz Adsorpsiyonu/data/processed/augmented_cif/finetune_000141_v06.cif,Cd4C16O29,True,0.0755241299278965,3,,,0.14277510752153566,"defect,noise,substitution",False,False,0.09754146960461577,0.1615672544029505,1.924363602701753e+25,3.1875072727710854e+25,3.490169134131389,1.919593023772264,1.656395531642728,49,3,10.612244897959183,0.7102040816326531,0.7144695001654492,0.08163265306122448
finetune_000142_v00,finetune_000142,CuH8(C2N)4,HF_COREMOF_GCMC,/home/rakeyma/Tüm_çalışmalar/MOF Radyoaktif Gaz Adsorpsiyonu/data/processed/augmented_cif/finetune_000142_v00.cif,CuH8(C2N)4,False,0.0,0,,,0.0,none,False,False,0.04294860150369703,0.05,1.4717735090892115e+25,1.7134126113076357e+25,2.108388495984552,1.2,1.1641822608751529,42,4,5.380952380952381,0.5499999999999998,0.4242861652234256,0.047619047619047616
finetune_000142_v01,finetune_000142,CuH8(C2N)4,HF_COREMOF_GCMC,/home/rakeyma/Tüm_çalışmalar/MOF Radyoaktif Gaz Adsorpsiyonu/data/processed/augmented_cif/finetune_000142_v01.cif,Cu2H15C15N8,True,0.11290282832067747,4,,-CH3,0.07784800621351798,"defect,noise,functional",False,True,0.08043589673726041,0.09091747412334616,2.756397597429213e+25,3.1155829350235387e+25,2.8430815468478308,1.563694850766307,1.1303096976754456,40,4,5.475,0.55375,0.4242861652234256,0.05
finetune_000142_v02,finetune_000142,CuH8(C2N)4,HF_COREMOF_GCMC,/home/rakeyma/Tüm_çalışmalar/MOF Radyoaktif Gaz Adsorpsiyonu/data/processed/augmented_cif/finetune_000142_v02.cif,Ni2H13C13N10,True,0.15980131198643174,6,Ni,-NH2,0.07659273312557228,"defect,functional,substitution,noise",False,True,0.11032030549284674,0.12247757912386803,3.7804840542950925e+25,4.197092573465286e+25,3.299847976978236,1.8149163873380298,1.110199782140828,38,4,5.7105263157894735,0.5671052631578946,0.421218470630147,0.05263157894736842
finetune_000142_v03,finetune_000142,CuH8(C2N)4,HF_COREMOF_GCMC,/home/rakeyma/Tüm_çalışmalar/MOF Radyoaktif Gaz Adsorpsiyonu/data/processed/augmented_cif/finetune_000142_v03.cif,CuH8C9N4,True,0.0,0,,-CH3,0.0842158374014363,"functional,noise",False,True,0.04076034784546147,0.05,1.3967858807939936e+25,1.7134126113076354e+25,2.108388495984552,1.2,1.226682367617904,44,4,5.409090909090909,0.5568181818181817,0.4242861652234256,0.045454545454545456
finetune_000142_v04,finetune_000142,CuH8(C2N)4,HF_COREMOF_GCMC,/home/rakeyma/Tüm_çalışmalar/MOF Radyoaktif Gaz Adsorpsiyonu/data/processed/augmented_cif/finetune_000142_v04.cif,Cu2H16C18N7,True,0.034838077266443813,1,,-CH3,0.08435146988943211,"defect,functional,noise",False,True,0.042008369063224776,0.05,1.4395533866678971e+25,1.7134126113076357e+25,2.108388495984552,1.2,1.1902390193903365,43,4,5.372093023255814,0.5546511627906976,0.4242861652234256,0.046511627906976744
finetune_000142_v05,finetune_000142,CuH8(C2N)4,HF_COREMOF_GCMC,/home/rakeyma/Tüm_çalışmalar/MOF Radyoaktif Gaz Adsorpsiyonu/data/processed/augmented_cif/finetune_000142_v05.cif,Cu2H15C16N7,True,0.06482456377597767,2,,,0.13523502907840984,"defect,noise",False,False,0.07387048594125055,0.08311289541673006,2.531412444303242e+25,2.8481336633863576e+25,2.718315376763431,1.4950734572198872,1.1251164028192535,40,4,5.45,0.5549999999999999,0.4242861652234256,0.05
finetune_000142_v06,finetune_000142,CuH8(C2N)4,HF_COREMOF_GCMC,/home/rakeyma/Tüm_çalışmalar/MOF Radyoaktif Gaz Adsorpsiyonu/data/processed/augmented_cif/finetune_000142_v06.cif,Co2H15(C7N3)2,True,0.1461597023990383,5,Co,,0.08199366848511357,"defect,substitution,noise",False,False,0.16551010151822093,0.16586913994026808,5.671741904802535e+25,5.6840455240081275e+25,3.8401521527361666,2.112083684004892,1.0021692840422047,37,4,5.27027027027027,0.5445945945945944,0.4304866432306582,0.05405405405405406
finetune_000143_v00,finetune_000143,CoHC4O3,HF_COREMOF_GCMC,/home/rakeyma/Tüm_çalışmalar/MOF Radyoaktif Gaz Adsorpsiyonu/data/processed/augmented_cif/finetune_000143_v00.cif,CoHC4O3,False,0.0,0,,,0.0,none,False,False,0.20272234461597277,0.24081560498963828,3.3889723538711354e+25,4.025789210541387e+25,3.325674945771934,1.8291212201745637,1.1879085428191327,54,4,8.444444444444445,0.688888888888889,0.5829397481729994,0.1111111111111111
finetune_000143_v01,finetune_000143,CoHC4O3,HF_COREMOF_GCMC,/home/rakeyma/Tüm_çalışmalar/MOF Radyoaktif Gaz Adsorpsiyonu/data/processed/augmented_cif/finetune_000143_v01.cif,Ni6H4(C4O3)5,True,0.17086839058106743,9,Ni,,0.05942819141408896,"substitution,defect,noise",False,False,0.33232780223478303,0.35280612782600307,5.555627014525438e+25,5.897969539290951e+25,4.025367589218657,2.2139521740702617,1.0616208618523963,45,4,9.155555555555555,0.7133333333333335,0.5748260606479145,0.13333333333333333
finetune_000143_v02,finetune_000143,CoHC4O3,HF_COREMOF_GCMC,/home/rakeyma/Tüm_çalışmalar/MOF Radyoaktif Gaz Adsorpsiyonu/data/processed/augmented_cif/finetune_000143_v02.cif,Co6H4C25O16,True,0.1504565496543051,7,,-CH3,0.10574430718348657,"functional,noise,defect",False,True,0.22077689656744448,0.256096644497425,3.690795902434449e+25,4.281247090768673e+25,3.429568090341271,1.8862624496876992,1.159979365953225,51,4,8.705882352941176,0.7098039215686275,0.5829397481729994,0.11764705882352941
finetune_000143_v03,finetune_000143,CoHC4O3,HF_COREMOF_GCMC,/home/rakeyma/Tüm_çalışmalar/MOF Radyoaktif Gaz Adsorpsiyonu/data/processed/augmented_cif/finetune_000143_v03.cif,Ni3H3C14O9,True,0.0,0,Ni,-CH3,0.10249936537025665,"substitution,functional,noise",False,True,0.14811309306721462,0.1847062148308961,2.476052546659345e+25,3.0877911205885342e+25,2.9125825274778356,1.6019203901128096,1.2470620321666994,58,4,8.379310344827585,0.6896551724137931,0.5748260606479145,0.10344827586206896
finetune_000143_v04,finetune_000143,CoHC4O3,HF_COREMOF_GCMC,/home/rakeyma/Tüm_çalışmalar/MOF Radyoaktif Gaz Adsorpsiyonu/data/processed/augmented_cif/finetune_000143_v04.cif,Co6H5(C7O5)3,True,0.14846586573257503,7,,,0.12858717073935538,"defect,noise",False,False,0.30186105127878404,0.32600128413613016,5.046304882829739e+25,5.449864647909091e+25,3.869431305948742,2.1281872182718082,1.0799713403073368,47,4,8.787234042553191,0.7031914893617024,0.5829397481729994,0.1276595744680851
finetune_000143_v05,finetune_000143,CoHC4O3,HF_COREMOF_GCMC,/home/rakeyma/Tüm_çalışmalar/MOF Radyoaktif Gaz Adsorpsiyonu/data/processed/augmented_cif/finetune_000143_v05.cif,Zn3H3C14O9,True,0.0,0,Zn,-CH3,0.03956182706468647,"functional,substitution,noise",False,True,0.13524562476588442,0.1755766584074927,2.2609430853903907e+25,2.93516949231844e+25,2.8396896284743685,1.5618292956609028,1.2982058289236558,58,4,8.586206896551724,0.6896551724137931,0.6504229393248673,0.10344827586206896
finetune_000143_v06,finetune_000143,CoHC4O3,HF_COREMOF_GCMC,/home/rakeyma/Tüm_çalışmalar/MOF Radyoaktif Gaz Adsorpsiyonu/data/processed/augmented_cif/finetune_000143_v06.cif,Co6H5C23(NO5)3,True,0.13424697713531542,6,,-NH2,0.057015154817228596,"functional,defect,noise",False,True,0.22235053232457497,0.25877074700624425,3.7171028597956646e+25,4.325950892369691e+25,3.447426974082315,1.8960848357452733,1.1637963907750177,52,5,8.576923076923077,0.6999999999999998,0.5617259118110896,0.11538461538461539
finetune_000144_v00,finetune_000144,Ho(CO2)4,HF_COREMOF_GCMC,/home/rakeyma/Tüm_çalışmalar/MOF Radyoaktif Gaz Adsorpsiyonu/data/processed/augmented_cif/finetune_000144_v00.cif,Ho(CO2)4,False,0.0,0,,,0.0,none,False,False,0.14997836171222506,0.25281674030478984,2.4414133620380375e+25,4.115461463109865e+25,4.837021143375599,2.6603616288565797,1.6856881047273249,52,3,11.923076923076923,0.7192307692307693,0.9079035680560402,0.07692307692307693
finetune_000144_v01,finetune_000144,Ho(CO2)4,HF_COREMOF_GCMC,/home/rakeyma/Tüm_çalışmalar/MOF Radyoaktif Gaz Adsorpsiyonu/data/processed/augmented_cif/finetune_000144_v01.cif,Ho4C11O29,True,0.16996637178109097,8,,,0.09400765947218173,"defect,noise",False,False,0.23338824864377133,0.36225144608729987,3.799195979183134e+25,5.896887462953569e+25,5.7900209608671975,3.1845115284769587,1.5521408990913546,44,3,12.863636363636363,0.7295454545454547,0.9079035680560402,0.09090909090909091
finetune_000144_v02,finetune_000144,Ho(CO2)4,HF_COREMOF_GCMC,/home/rakeyma/Tüm_çalışmalar/MOF Radyoaktif Gaz Adsorpsiyonu/data/processed/augmented_cif/finetune_000144_v02.cif,Ho2(CO2)7,True,0.1329560745315053,6,,,0.0356549909367483,"defect,noise",False,False,0.20752594390491919,0.3272477534457594,3.37819807227383e+25,5.327082045958115e+25,5.503176082407843,3.026746845324314,1.5769004457374851,46,3,12.521739130434783,0.7304347826086959,0.9079035680560402,0.08695652173913043
finetune_000144_v03,finetune_000144,Ho(CO2)4,HF_COREMOF_GCMC,/home/rakeyma/Tüm_çalışmalar/MOF Radyoaktif Gaz Adsorpsiyonu/data/processed/augmented_cif/finetune_000144_v03.cif,Ho(CO2)4,True,0.0,0,,,0.10774323443583211,"substitution,noise,defect",False,False,0.14997836171222506,0.25281674030478984,2.4414133620380375e+25,4.115461463109865e+25,4.837021143375599,2.6603616288565797,1.6856881047273249,52,3,11.923076923076923,0.7192307692307693,0.9079035680560402,0.07692307692307693
finetune_000144_v04,finetune_000144,Ho(CO2)4,HF_COREMOF_GCMC,/home/rakeyma/Tüm_çalışmalar/MOF Radyoaktif Gaz Adsorpsiyonu/data/processed/augmented_cif/finetune_000144_v04.cif,Ho4C13O27,True,0.17644852680277756,8,,,0.07888753188772277,"defect,noise",False,False,0.22921519723575745,0.35351428472054214,3.7312652233615358e+25,5.754660129199824e+25,5.719769870448612,3.145873428746737,1.5422811793623694,44,3,12.772727272727273,0.7340909090909092,0.9079035680560402,0.09090909090909091
finetune_000144_v05,finetune_000144,Ho(CO2)4,HF_COREMOF_GCMC,/home/rakeyma/Tüm_çalışmalar/MOF Radyoaktif Gaz Adsorpsiyonu/data/processed/augmented_cif/finetune_000144_v05.cif,Ho2C9O16,True,0.0,0,,-CH3,0.1194872127029698,"noise,substitution,functional",False,True,0.12952345876697718,0.22218162834662825,2.108439506345835e+25,3.616769712991286e+25,4.534497269418265,2.4939734981800457,1.715377511237948,54,3,11.703703703703704,0.7185185185185188,0.9079035680560402,0.07407407407407407
finetune_000144_v06,finetune_000144,Ho(CO2)4,HF_COREMOF_GCMC,/home/rakeyma/Tüm_çalışmalar/MOF Radyoaktif Gaz Adsorpsiyonu/data/processed/augmented_cif/finetune_000144_v06.cif,Ho2C8NO16,True,0.0,0,,-NH2,0.06608917816360813,"substitution,functional,noise",False,True,0.13346213653976627,0.22959644159866344,2.172555025634546e+25,3.7374712858306406e+25,4.609540641960254,2.5352473530781396,1.7203114497590337,54,4,11.74074074074074,0.7166666666666667,0.8327214420200791,0.07407407407407407
finetune_000145_v00,finetune_000145,YH4(CO2)4,HF_COREMOF_GCMC,/home/rakeyma/Tüm_çalışmalar/MOF Radyoaktif Gaz Adsorpsiyonu/data/processed/augmented_cif/finetune_000145_v00.cif,YH4(CO2)4,False,0.0,0,,,0.0,none,False,False,0.02906006822972668,0.05,1.224155585179548e+25,2.1062503630451072e+25,1.5,1.2,1.7205740745251605,34,4,7.705882352941177,0.6117647058823531,0.7949017234853627,0.058823529411764705
finetune_000145_v01,finetune_000145,YH4(CO2)4,HF_COREMOF_GCMC,/home/rakeyma/Tüm_çalışmalar/MOF Radyoaktif Gaz Adsorpsiyonu/data/processed/augmented_cif/finetune_000145_v01.cif,Y2H8(C3O4)3,True,0.14531959119809215,4,,-CH3,0.045141403637872834,"functional,noise,defect",False,True,0.032168820866241184,0.05,1.3551118125650703e+25,2.1062503630451072e+25,1.5,1.2,1.5543000537042166,31,4,7.612903225806452,0.6161290322580646,0.7949017234853627,0.06451612903225806
finetune_000145_v02,finetune_000145,YH4(CO2)4,HF_COREMOF_GCMC,/home/rakeyma/Tüm_çalışmalar/MOF Radyoaktif Gaz Adsorpsiyonu/data/processed/augmented_cif/finetune_000145_v02.cif,Y2H8C8NO16,True,0.0,0,,-NH2,0.08553754105505501,"noise,functional,substitution",False,True,0.028322628575498485,0.05,1.193090934390708e+25,2.106250363045107e+25,1.5,1.2,1.7653728666715034,35,5,7.685714285714286,0.612857142857143,0.7623122719725821,0.05714285714285714
finetune_000145_v03,finetune_000145,YH4(CO2)4,HF_COREMOF_GCMC,/home/rakeyma/Tüm_çalışmalar/MOF Radyoaktif Gaz Adsorpsiyonu/data/processed/augmented_cif/finetune_000145_v03.cif,YH4(CO2)4,True,0.0,0,,,0.06887282126625612,"noise,substitution",False,False,0.02906006822972668,0.05,1.224155585179548e+25,2.1062503630451072e+25,1.5,1.2,1.7205740745251605,34,4,7.705882352941177,0.6117647058823531,0.7949017234853627,0.058823529411764705
finetune_000145_v04,finetune_000145,YH4(CO2)4,HF_COREMOF_GCMC,/home/rakeyma/Tüm_çalışmalar/MOF Radyoaktif Gaz Adsorpsiyonu/data/processed/augmented_cif/finetune_000145_v04.cif,Y2H7(C3O5)3,True,0.0847323537759948,2,,-CH3,0.07441582839918472,"noise,defect,functional",False,True,0.029332516773689622,0.05,1.2356324820722088e+25,2.1062503630451064e+25,1.5,1.2,1.7045929057423563,33,4,7.848484848484849,0.6257575757575758,0.7949017234853627,0.06060606060606061
finetune_000145_v05,finetune_000145,YH4(CO2)4,HF_COREMOF_GCMC,/home/rakeyma/Tüm_çalışmalar/MOF Radyoaktif Gaz Adsorpsiyonu/data/processed/augmented_cif/finetune_000145_v05.cif,YH4(CO2)4,True,0.0,0,,,0.08117317047694014,"substitution,defect,noise",False,False,0.02906006822972668,0.05,1.224155585179548e+25,2.1062503630451072e+25,1.5,1.2,1.7205740745251605,34,4,7.705882352941177,0.6117647058823531,0.7949017234853627,0.058823529411764705
finetune_000145_v06,finetune_000145,YH4(CO2)4,HF_COREMOF_GCMC,/home/rakeyma/Tüm_çalışmalar/MOF Radyoaktif Gaz Adsorpsiyonu/data/processed/augmented_cif/finetune_000145_v06.cif,Y2H8C9O16,True,0.0,0,,-CH3,0.06279020246738974,"noise,functional,substitution",False,True,0.02842542108636305,0.05,1.1974210696572443e+25,2.1062503630451072e+25,1.5,1.2,1.7589888940638154,35,4,7.6571428571428575,0.6142857142857144,0.7949017234853627,0.05714285714285714
finetune_000146_v00,finetune_000146,CuHC4O3,HF_COREMOF_GCMC,/home/rakeyma/Tüm_çalışmalar/MOF Radyoaktif Gaz Adsorpsiyonu/data/processed/augmented_cif/finetune_000146_v00.cif,CuHC4O3,False,0.0,0,,,0.0,none,False,False,0.14306361389834307,0.18913494331402203,2.5852239851953995e+25,3.417753673141659e+25,2.7268008935398664,1.4997404914469266,1.3220338712288924,54,4,8.666666666666666,0.688888888888889,0.577510822409416,0.1111111111111111
finetune_000146_v01,finetune_000146,CuHC4O3,HF_COREMOF_GCMC,/home/rakeyma/Tüm_çalışmalar/MOF Radyoaktif Gaz Adsorpsiyonu/data/processed/augmented_cif/finetune_000146_v01.cif,CoHC4O3,True,0.0,0,Co,,0.14387030843080004,"noise,substitution",False,False,0.13968602411458594,0.17936534669415483,2.5241894154457186e+25,3.241212658839369e+25,2.6554419477843303,1.4604930712813817,1.2840607915579263,54,4,8.444444444444445,0.688888888888889,0.5829397481729994,0.1111111111111111
finetune_000146_v02,finetune_000146,CuHC4O3,HF_COREMOF_GCMC,/home/rakeyma/Tüm_çalışmalar/MOF Radyoaktif Gaz Adsorpsiyonu/data/processed/augmented_cif/finetune_000146_v02.cif,ZnHC4O3,True,0.0,0,Zn,,0.056343703200229925,"substitution,noise",False,False,0.13224532090732105,0.17686096140228846,2.389732554794834e+25,3.1959572878314488e+25,2.6368385027361887,1.4502611765049038,1.3373702766106526,54,4,8.777777777777779,0.688888888888889,0.6504229393248673,0.1111111111111111
finetune_000146_v03,finetune_000146,CuHC4O3,HF_COREMOF_GCMC,/home/rakeyma/Tüm_çalışmalar/MOF Radyoaktif Gaz Adsorpsiyonu/data/processed/augmented_cif/finetune_000146_v03.cif,Ni3H3C14O9,True,0.0,0,Ni,-CH3,0.0662906076777707,"substitution,functional,noise",False,True,0.08806685502933603,0.11871432404043802,1.5914077641317187e+25,2.1452213426795987e+25,2.1603250564601,1.2,1.3480023103004302,58,4,8.379310344827585,0.6896551724137931,0.5748260606479145,0.10344827586206896
finetune_000146_v04,finetune_000146,CuHC4O3,HF_COREMOF_GCMC,/home/rakeyma/Tüm_çalışmalar/MOF Radyoaktif Gaz Adsorpsiyonu/data/processed/augmented_cif/finetune_000146_v04.cif,Co6H6C24O17,True,0.03230685372837698,1,Co,,0.09144383468407268,"defect,substitution,noise",False,False,0.15174568034202213,0.19151964102429941,2.7421128390391736e+25,3.4608462356043283e+25,2.7439374073808933,1.5091655740594914,1.262109343690246,53,4,8.452830188679245,0.6905660377358491,0.5829397481729994,0.11320754716981132
finetune_000146_v05,finetune_000146,CuHC4O3,HF_COREMOF_GCMC,/home/rakeyma/Tüm_çalışmalar/MOF Radyoaktif Gaz Adsorpsiyonu/data/processed/augmented_cif/finetune_000146_v05.cif,Zn3H3C12N2O9,True,0.0,0,Zn,-NH2,0.0835698438922633,"functional,substitution,noise",False,True,0.08860444239244059,0.12530794620479802,1.601122210085974e+25,2.264371067086337e+25,2.219508674989716,1.220729771244344,1.4142399954371683,58,5,8.655172413793103,0.6862068965517241,0.6263098274815748,0.10344827586206896
finetune_000146_v06,finetune_000146,CuHC4O3,HF_COREMOF_GCMC,/home/rakeyma/Tüm_çalışmalar/MOF Radyoaktif Gaz Adsorpsiyonu/data/processed/augmented_cif/finetune_000146_v06.cif,Ni6H5(C5O3)5,True,0.14499977029540112,6,Ni,-CH3,0.07971902779215012,"defect,functional,substitution,noise",False,True,0.17119327510838664,0.2107951422612213,3.093539641944425e+25,3.8091632308660512e+25,2.8787094935406676,1.5832902214473674,1.2313284042714983,51,4,8.686274509803921,0.7029411764705884,0.5748260606479145,0.11764705882352941
finetune_000147_v00,finetune_000147,Ho(CO2)4,HF_COREMOF_GCMC,/home/rakeyma/Tüm_çalışmalar/MOF Radyoaktif Gaz Adsorpsiyonu/data/processed/augmented_cif/finetune_000147_v00.cif,Ho(CO2)4,False,0.0,0,,,0.0,none,False,False,0.14997836171222506,0.25281674030478984,2.4414133620380375e+25,4.115461463109865e+25,4.837021143375599,2.6603616288565797,1.6856881047273249,52,3,11.923076923076923,0.7192307692307693,0.9079035680560402,0.07692307692307693
finetune_000147_v01,finetune_000147,Ho(CO2)4,HF_COREMOF_GCMC,/home/rakeyma/Tüm_çalışmalar/MOF Radyoaktif Gaz Adsorpsiyonu/data/processed/augmented_cif/finetune_000147_v01.cif,Ho(CO2)4,True,0.0,0,,,0.030522438968275764,noise,False,False,0.14997836171222506,0.25281674030478984,2.4414133620380375e+25,4.115461463109865e+25,4.837021143375599,2.6603616288565797,1.6856881047273249,52,3,11.923076923076923,0.7192307692307693,0.9079035680560402,0.07692307692307693
finetune_000147_v02,finetune_000147,Ho(CO2)4,HF_COREMOF_GCMC,/home/rakeyma/Tüm_çalışmalar/MOF Radyoaktif Gaz Adsorpsiyonu/data/processed/augmented_cif/finetune_000147_v02.cif,Ho2C8NO16,True,0.0,0,,-NH2,0.12139445280865731,"functional,substitution,noise",False,True,0.13346213653976627,0.22959644159866344,2.172555025634546e+25,3.7374712858306406e+25,4.609540641960254,2.5352473530781396,1.7203114497590337,54,4,11.74074074074074,0.7166666666666667,0.8327214420200791,0.07407407407407407
finetune_000147_v03,finetune_000147,Ho(CO2)4,HF_COREMOF_GCMC,/home/rakeyma/Tüm_çalışmalar/MOF Radyoaktif Gaz Adsorpsiyonu/data/processed/augmented_cif/finetune_000147_v03.cif,Ho2C8NO16,True,0.0,0,,-NH2,0.06095824322599019,"functional,substitution,noise",False,True,0.13346213653976627,0.22959644159866344,2.172555025634546e+25,3.7374712858306406e+25,4.609540641960254,2.5352473530781396,1.7203114497590337,54,4,11.74074074074074,0.7166666666666667,0.8327214420200791,0.07407407407407407
finetune_000147_v04,finetune_000147,Ho(CO2)4,HF_COREMOF_GCMC,/home/rakeyma/Tüm_çalışmalar/MOF Radyoaktif Gaz Adsorpsiyonu/data/processed/augmented_cif/finetune_000147_v04.cif,Ho4C17O31,True,0.056094303682367834,2,,-CH3,0.13119924773530595,"noise,defect,functional",False,True,0.14781909318653208,0.2484481596214111,2.40626384466319e+25,4.044347796232993e+25,4.795048056408581,2.63727643102472,1.680758244862832,52,3,11.884615384615385,0.7211538461538465,0.9079035680560402,0.07692307692307693
finetune_000147_v05,finetune_000147,Ho(CO2)4,HF_COREMOF_GCMC,/home/rakeyma/Tüm_çalışmalar/MOF Radyoaktif Gaz Adsorpsiyonu/data/processed/augmented_cif/finetune_000147_v05.cif,Ho4C16O27,True,0.12121609016142616,5,,,0.1311816811057961,"defect,noise",False,False,0.19382319977031143,0.30756161678329974,3.1551388106250686e+25,5.006622504021951e+25,5.335082500603003,2.934295375331652,1.5868152891283038,47,3,12.340425531914894,0.7319148936170216,0.9079035680560402,0.0851063829787234
finetune_000147_v06,finetune_000147,Ho(CO2)4,HF_COREMOF_GCMC,/home/rakeyma/Tüm_çalışmalar/MOF Radyoaktif Gaz Adsorpsiyonu/data/processed/augmented_cif/finetune_000147_v06.cif,Ho2C8O15,True,0.0573529487209071,2,,,0.04231391655102596,"defect,noise",False,False,0.1668842634104747,0.2747146908961938,2.7166150233457155e+25,4.4719258794747e+25,5.042152937007535,2.7731841153541446,1.6461389784877165,50,3,12.08,0.7240000000000001,0.9079035680560402,0.08
finetune_000148_v00,finetune_000148,ZnH3(CO2)3,HF_COREMOF_GCMC,/home/rakeyma/Tüm_çalışmalar/MOF Radyoaktif Gaz Adsorpsiyonu/data/processed/augmented_cif/finetune_000148_v00.cif,ZnH3(CO2)3,False,0.0,0,,,0.0,none,False,False,0.052105398663349865,0.07953073960619306,1.3063331714848035e+25,1.993913221383093e+25,2.354517765567317,1.2949847710620246,1.5263435583716922,52,4,7.615384615384615,0.6000000000000001,0.6504229393248673,0.07692307692307693
finetune_000148_v01,finetune_000148,ZnH3(CO2)3,HF_COREMOF_GCMC,/home/rakeyma/Tüm_çalışmalar/MOF Radyoaktif Gaz Adsorpsiyonu/data/processed/augmented_cif/finetune_000148_v01.cif,Co4H12C11O24,True,0.04071834851904833,1,Co,,0.06699345628113232,"defect,substitution,noise",False,False,0.07250734648171851,0.10543822139765269,1.8178299046780835e+25,2.6434390617376635e+25,2.711024839159302,1.4910636615376163,1.4541729426581227,51,4,7.411764705882353,0.5980392156862746,0.5829397481729994,0.0784313725490196
finetune_000148_v02,finetune_000148,ZnH3(CO2)3,HF_COREMOF_GCMC,/home/rakeyma/Tüm_çalışmalar/MOF Radyoaktif Gaz Adsorpsiyonu/data/processed/augmented_cif/finetune_000148_v02.cif,Zn4H9C11O21,True,0.16340607849124703,7,,,0.0554712477073516,"defect,noise",False,False,0.12293023462425669,0.172883959917415,3.08198089617595e+25,4.334369517387908e+25,3.471457173305658,1.9093014453181119,1.4063583336178016,45,4,8.066666666666666,0.6211111111111113,0.6504229393248673,0.08888888888888889
finetune_000148_v03,finetune_000148,ZnH3(CO2)3,HF_COREMOF_GCMC,/home/rakeyma/Tüm_çalışmalar/MOF Radyoaktif Gaz Adsorpsiyonu/data/processed/augmented_cif/finetune_000148_v03.cif,MgH3(CO2)3,True,0.0,0,Mg,,0.1403959924969647,"substitution,noise",False,False,0.11212967421285608,0.1360549321555392,2.8112003110930793e+25,3.4110298659687637e+25,3.0795808198361216,1.693769450909867,1.2133713319925084,52,4,6.230769230769231,0.6115384615384617,0.7631677404083587,0.07692307692307693
finetune_000148_v04,finetune_000148,ZnH3(CO2)3,HF_COREMOF_GCMC,/home/rakeyma/Tüm_çalışmalar/MOF Radyoaktif Gaz Adsorpsiyonu/data/processed/augmented_cif/finetune_000148_v04.cif,ZnH3(CO2)3,True,0.0,0,,,0.13942107224860023,noise,False,False,0.052105398663349865,0.07953073960619306,1.3063331714848035e+25,1.993913221383093e+25,2.354517765567317,1.2949847710620246,1.5263435583716922,52,4,7.615384615384615,0.6000000000000001,0.6504229393248673,0.07692307692307693
finetune_000148_v05,finetune_000148,ZnH3(CO2)3,HF_COREMOF_GCMC,/home/rakeyma/Tüm_çalışmalar/MOF Radyoaktif Gaz Adsorpsiyonu/data/processed/augmented_cif/finetune_000148_v05.cif,Zn2H6C6NO12,True,0.0,0,,-NH2,0.1073678201403686,"functional,noise",False,True,0.03165221757427982,0.05,7.935519702187747e+24,1.253548773251838e+25,1.8668931544145744,1.2,1.5796681506647214,54,5,7.592592592592593,0.601851851851852,0.6263098274815748,0.07407407407407407
finetune_000148_v06,finetune_000148,ZnH3(CO2)3,HF_COREMOF_GCMC,/home/rakeyma/Tüm_çalışmalar/MOF Radyoaktif Gaz Adsorpsiyonu/data/processed/augmented_cif/finetune_000148_v06.cif,Zn4H12C11O21,True,0.08362586769688928,4,,,0.05238423912420967,"defect,noise",False,False,0.1088513150424311,0.15371049769043466,2.729008648765776e+25,3.853672116315476e+25,3.2733031273654443,1.8003167200509944,1.4121142921472019,48,4,7.625,0.5979166666666668,0.6504229393248673,0.08333333333333333
finetune_000149_v00,finetune_000149,CoPC3NO3,HF_COREMOF_GCMC,/home/rakeyma/Tüm_çalışmalar/MOF Radyoaktif Gaz Adsorpsiyonu/data/processed/augmented_cif/finetune_000149_v00.cif,CoPC3NO3,False,0.0,0,,,0.0,none,False,False,0.18989651439432215,0.24830970135903974,2.900170840812462e+25,3.7922789560895155e+25,3.13185845514548,1.722522150330014,1.3076053668021625,54,5,10.11111111111111,0.7666666666666667,0.5632406235349152,0.1111111111111111
finetune_000149_v01,finetune_000149,CoPC3NO3,HF_COREMOF_GCMC,/home/rakeyma/Tüm_çalışmalar/MOF Radyoaktif Gaz Adsorpsiyonu/data/processed/augmented_cif/finetune_000149_v01.cif,Co6P5C14N8O15,True,0.1725055700375268,8,,-NH2,0.049431980104518825,"defect,functional,noise",False,True,0.2782378850829002,0.33188391036207965,4.249353410727391e+25,5.06865564350611e+25,3.6207486818463854,1.9914117750155123,1.192806329243035,48,5,10.354166666666666,0.7729166666666666,0.5632406235349152,0.125
finetune_000149_v02,finetune_000149,CoPC3NO3,HF_COREMOF_GCMC,/home/rakeyma/Tüm_çalışmalar/MOF Radyoaktif Gaz Adsorpsiyonu/data/processed/augmented_cif/finetune_000149_v02.cif,Ni6P4C16N5O18,True,0.14705765638625717,7,Ni,-CH3,0.04273764575404548,"defect,functional,substitution,noise",False,True,0.2758686451185642,0.328285963342263,4.213169488756149e+25,5.01370644621862e+25,3.601068966615952,1.9805879316387738,1.190008249038852,49,5,10.26530612244898,0.7622448979591837,0.5554313638965664,0.12244897959183673
finetune_000149_v03,finetune_000149,CoPC3NO3,HF_COREMOF_GCMC,/home/rakeyma/Tüm_çalışmalar/MOF Radyoaktif Gaz Adsorpsiyonu/data/processed/augmented_cif/finetune_000149_v03.cif,ZnPC3NO3,True,0.0,0,Zn,,0.06151160889635229,"substitution,noise",False,False,0.18200660318658388,0.24619310157283703,2.779673155563921e+25,3.759953449740997e+25,3.118481858000217,1.7151650219001195,1.3526602731025776,54,5,10.444444444444445,0.7666666666666667,0.6275221111642203,0.1111111111111111
finetune_000149_v04,finetune_000149,CoPC3NO3,HF_COREMOF_GCMC,/home/rakeyma/Tüm_çalışmalar/MOF Radyoaktif Gaz Adsorpsiyonu/data/processed/augmented_cif/finetune_000149_v04.cif,Co6P5C19(N3O8)2,True,0.10168951610256292,5,,-CH3,0.10887820179307406,"functional,defect,noise",False,True,0.2174929307671821,0.2715424265264518,3.3216336692943786e+25,4.14709785467775e+25,3.2750967141852985,1.8013031928019143,1.2485115059538539,52,5,10.01923076923077,0.7673076923076926,0.5632406235349152,0.11538461538461539
finetune_000149_v05,finetune_000149,CoPC3NO3,HF_COREMOF_GCMC,/home/rakeyma/Tüm_çalışmalar/MOF Radyoaktif Gaz Adsorpsiyonu/data/processed/augmented_cif/finetune_000149_v05.cif,Mn2P2C7(NO3)2,True,0.0,0,Mn,-CH3,0.14313758897589013,"functional,noise,substitution",False,True,0.14709643627322935,0.19440135218867716,2.246511983791334e+25,2.9689704143878305e+25,2.7711173834951808,1.5241145609223496,1.3215911759247494,57,5,9.68421052631579,0.7684210526315789,0.6575287065976663,0.10526315789473684
finetune_000149_v06,finetune_000149,CoPC3NO3,HF_COREMOF_GCMC,/home/rakeyma/Tüm_çalışmalar/MOF Radyoaktif Gaz Adsorpsiyonu/data/processed/augmented_cif/finetune_000149_v06.cif,NiPC3NO3,True,0.0,0,Ni,,0.04115438262921431,"substitution,noise",False,False,0.19490492764759523,0.2545335588094896,2.9766612078010803e+25,3.887332043044478e+25,3.1708653986860393,1.7439759692773218,1.3059370118630762,54,5,10.222222222222221,0.7666666666666667,0.5554313638965664,0.1111111111111111
finetune_000150_v00,finetune_000150,CoHC4O3,HF_COREMOF_GCMC,/home/rakeyma/Tüm_çalışmalar/MOF Radyoaktif Gaz Adsorpsiyonu/data/processed/augmented_cif/finetune_000150_v00.cif,CoHC4O3,False,0.0,0,,,0.0,none,False,False,0.20272234461597277,0.24081560498963828,3.3889723538711354e+25,4.025789210541387e+25,3.325674945771934,1.8291212201745637,1.1879085428191327,54,4,8.444444444444445,0.688888888888889,0.5829397481729994,0.1111111111111111
finetune_000150_v01,finetune_000150,CoHC4O3,HF_COREMOF_GCMC,/home/rakeyma/Tüm_çalışmalar/MOF Radyoaktif Gaz Adsorpsiyonu/data/processed/augmented_cif/finetune_000150_v01.cif,Co6H5C19O16,True,0.17383665760644149,8,,,0.14044630038985884,"defect,noise",False,False,0.32363214206219454,0.3462181667455314,5.4102589645485795e+25,5.7878365492034915e+25,3.9876075706074157,2.1931841638340788,1.0697891888593574,46,4,8.891304347826088,0.7010869565217392,0.5829397481729994,0.13043478260869565
finetune_000150_v02,finetune_000150,CoHC4O3,HF_COREMOF_GCMC,/home/rakeyma/Tüm_çalışmalar/MOF Radyoaktif Gaz Adsorpsiyonu/data/processed/augmented_cif/finetune_000150_v02.cif,Co3H3C14O9,True,0.0,0,,-CH3,0.07466840173432338,"functional,noise",False,True,0.1424414990257822,0.17789351186355762,2.381238748776306e+25,2.9739010506251916e+25,2.858364043247074,1.5721002237858908,1.24888823187236,58,4,8.275862068965518,0.6896551724137931,0.5829397481729994,0.10344827586206896
finetune_000150_v03,finetune_000150,CoHC4O3,HF_COREMOF_GCMC,/home/rakeyma/Tüm_çalışmalar/MOF Radyoaktif Gaz Adsorpsiyonu/data/processed/augmented_cif/finetune_000150_v03.cif,Zn3H3C12N2O9,True,0.0,0,Zn,-NH2,0.1316549163356206,"functional,substitution,noise",False,True,0.145838340359588,0.19080609744444565,2.4380247996310457e+25,3.1897647514595633e+25,2.9602855833476767,1.6281570708412223,1.3083397477918521,58,5,8.655172413793103,0.6862068965517241,0.6263098274815748,0.10344827586206896
finetune_000150_v04,finetune_000150,CoHC4O3,HF_COREMOF_GCMC,/home/rakeyma/Tüm_çalışmalar/MOF Radyoaktif Gaz Adsorpsiyonu/data/processed/augmented_cif/finetune_000150_v04.cif,Ni3H3C12N2O9,True,0.0,0,Ni,-NH2,0.12598899587886261,"noise,functional,substitution",False,True,0.15903300810288704,0.19993565386784928,2.6586041555242704e+25,3.3423863797296594e+25,3.030278952222119,1.6666534237221655,1.2571959510348951,58,5,8.448275862068966,0.6862068965517241,0.5538736317970011,0.10344827586206896
finetune_000150_v05,finetune_000150,CoHC4O3,HF_COREMOF_GCMC,/home/rakeyma/Tüm_çalışmalar/MOF Radyoaktif Gaz Adsorpsiyonu/data/processed/augmented_cif/finetune_000150_v05.cif,Ni3H3C14O9,True,0.0,0,Ni,-CH3,0.13336161155276105,"functional,substitution,noise",False,True,0.14811309306721462,0.1847062148308961,2.476052546659345e+25,3.0877911205885342e+25,2.9125825274778356,1.6019203901128096,1.2470620321666994,58,4,8.379310344827585,0.6896551724137931,0.5748260606479145,0.10344827586206896
finetune_000150_v06,finetune_000150,CoHC4O3,HF_COREMOF_GCMC,/home/rakeyma/Tüm_çalışmalar/MOF Radyoaktif Gaz Adsorpsiyonu/data/processed/augmented_cif/finetune_000150_v06.cif,Co6H6C23O16,True,0.07145922903247531,3,,,0.13980655445007273,"defect,noise",False,False,0.24648636665794005,0.2790344561784366,4.120589093384458e+25,4.66470560784783e+25,3.5798629701464284,1.9689246335805357,1.1320482343985578,51,4,8.509803921568627,0.6921568627450981,0.5829397481729994,0.11764705882352941
finetune_000151_v00,finetune_000151,Ho(CO2)4,HF_COREMOF_GCMC,/home/rakeyma/Tüm_çalışmalar/MOF Radyoaktif Gaz Adsorpsiyonu/data/processed/augmented_cif/finetune_000151_v00.cif,Ho(CO2)4,False,0.0,0,,,0.0,none,False,False,0.14997836171222506,0.25281674030478984,2.4414133620380375e+25,4.115461463109865e+25,4.837021143375599,2.6603616288565797,1.6856881047273249,52,3,11.923076923076923,0.7192307692307693,0.9079035680560402,0.07692307692307693
finetune_000151_v01,finetune_000151,Ho(CO2)4,HF_COREMOF_GCMC,/home/rakeyma/Tüm_çalışmalar/MOF Radyoaktif Gaz Adsorpsiyonu/data/processed/augmented_cif/finetune_000151_v01.cif,Ho2C7O15,True,0.09258642227970759,4,,,0.04759772704262286,"defect,substitution,noise",False,False,0.18890153342728747,0.3053498028543554,3.0750217734993583e+25,4.97061762959328e+25,5.315864397750812,2.923725418762947,1.6164495719770933,48,3,12.333333333333334,0.7250000000000001,0.9079035680560402,0.08333333333333333
finetune_000151_v02,finetune_000151,Ho(CO2)4,HF_COREMOF_GCMC,/home/rakeyma/Tüm_çalışmalar/MOF Radyoaktif Gaz Adsorpsiyonu/data/processed/augmented_cif/finetune_000151_v02.cif,Ho2C9O16,True,0.0,0,,-CH3,0.14518017984625878,"functional,noise",False,True,0.12952345876697718,0.22218162834662825,2.108439506345835e+25,3.616769712991286e+25,4.534497269418265,2.4939734981800457,1.715377511237948,54,3,11.703703703703704,0.7185185185185188,0.9079035680560402,0.07407407407407407
finetune_000151_v03,finetune_000151,Ho(CO2)4,HF_COREMOF_GCMC,/home/rakeyma/Tüm_çalışmalar/MOF Radyoaktif Gaz Adsorpsiyonu/data/processed/augmented_cif/finetune_000151_v03.cif,Ho4C15N2O27,True,0.1454923513170473,6,,-NH2,0.06049325368605281,"defect,functional,noise",False,True,0.18651811655202194,0.29965887405625413,3.0362234712632967e+25,4.877978201802017e+25,5.266094445052387,2.896351944778813,1.6065939309047013,48,4,12.25,0.7291666666666666,0.8327214420200791,0.08333333333333333
finetune_000151_v04,finetune_000151,Ho(CO2)4,HF_COREMOF_GCMC,/home/rakeyma/Tüm_çalışmalar/MOF Radyoaktif Gaz Adsorpsiyonu/data/processed/augmented_cif/finetune_000151_v04.cif,Ho2(C3O5)3,True,0.04899857316441354,2,,-CH3,0.09716808511336389,"defect,functional,noise",False,True,0.14564712062582352,0.24407957893803223,2.370907525450499e+25,3.9732341293561195e+25,4.752704302297044,2.613987366263374,1.6758283849983395,52,3,11.846153846153847,0.7230769230769233,0.9079035680560402,0.07692307692307693
finetune_000151_v05,finetune_000151,Ho(CO2)4,HF_COREMOF_GCMC,/home/rakeyma/Tüm_çalışmalar/MOF Radyoaktif Gaz Adsorpsiyonu/data/processed/augmented_cif/finetune_000151_v05.cif,Ho2C8NO16,True,0.0,0,,-NH2,0.1311165841191153,"functional,noise",False,True,0.13346213653976627,0.22959644159866344,2.172555025634546e+25,3.7374712858306406e+25,4.609540641960254,2.5352473530781396,1.7203114497590337,54,4,11.74074074074074,0.7166666666666667,0.8327214420200791,0.07407407407407407
finetune_000151_v06,finetune_000151,Ho(CO2)4,HF_COREMOF_GCMC,/home/rakeyma/Tüm_çalışmalar/MOF Radyoaktif Gaz Adsorpsiyonu/data/processed/augmented_cif/finetune_000151_v06.cif,Ho2C8NO16,True,0.0,0,,-NH2,0.10582236729923279,"functional,noise",False,True,0.13346213653976627,0.22959644159866344,2.172555025634546e+25,3.7374712858306406e+25,4.609540641960254,2.5352473530781396,1.7203114497590337,54,4,11.74074074074074,0.7166666666666667,0.8327214420200791,0.07407407407407407
finetune_000152_v00,finetune_000152,MgHC4O3,HF_COREMOF_GCMC,/home/rakeyma/Tüm_çalışmalar/MOF Radyoaktif Gaz Adsorpsiyonu/data/processed/augmented_cif/finetune_000152_v00.cif,MgHC4O3,False,0.0,0,,,0.0,none,False,False,0.3302806347162024,0.30215804457783757,5.465608757842059e+25,5.000225508577311e+25,3.7153482452248734,2.0434415348736805,0.9148524400695502,54,4,6.777777777777778,0.7055555555555557,0.7631677404083587,0.1111111111111111
finetune_000152_v01,finetune_000152,MgHC4O3,HF_COREMOF_GCMC,/home/rakeyma/Tüm_çalışmalar/MOF Radyoaktif Gaz Adsorpsiyonu/data/processed/augmented_cif/finetune_000152_v01.cif,CoHC4O3,True,0.0,0,Co,,0.05623723255173567,"substitution,noise",False,False,0.21131593570296847,0.24848734695667019,3.4969359612686822e+25,4.112062521940797e+25,3.3692604657170135,1.8530932561443576,1.175904439625182,54,4,8.444444444444445,0.688888888888889,0.5829397481729994,0.1111111111111111
finetune_000152_v02,finetune_000152,MgHC4O3,HF_COREMOF_GCMC,/home/rakeyma/Tüm_çalışmalar/MOF Radyoaktif Gaz Adsorpsiyonu/data/processed/augmented_cif/finetune_000152_v02.cif,Mg6H3C20N3O17,True,0.17314711802582608,8,,-NH2,0.09115278397544598,"noise,defect,functional",False,True,0.3993989968366459,0.35282246077399426,6.609405534355467e+25,5.8386394141052834e+25,4.014768969270646,2.2081229330988554,0.8833834425435438,49,5,7.183673469387755,0.7326530612244898,0.7325953862808582,0.12244897959183673
finetune_000152_v03,finetune_000152,MgHC4O3,HF_COREMOF_GCMC,/home/rakeyma/Tüm_çalışmalar/MOF Radyoaktif Gaz Adsorpsiyonu/data/processed/augmented_cif/finetune_000152_v03.cif,ZnHC4O3,True,0.0,0,Zn,,0.04806347051955524,"noise,substitution",False,False,0.20101996214318274,0.24619390586525214,3.326554299905978e+25,4.074109792058163e+25,3.3536759439836397,1.8445217691910019,1.22472367042778,54,4,8.777777777777779,0.688888888888889,0.6504229393248673,0.1111111111111111
finetune_000152_v04,finetune_000152,MgHC4O3,HF_COREMOF_GCMC,/home/rakeyma/Tüm_çalışmalar/MOF Radyoaktif Gaz Adsorpsiyonu/data/processed/augmented_cif/finetune_000152_v04.cif,Co6H6C19O18,True,0.0967053165504433,5,Co,,0.08042518812328203,"substitution,defect,noise",False,False,0.29655607346718654,0.32634515964849786,4.907521973627824e+25,5.400483029187706e+25,3.861188768674735,2.123653822771104,1.1004500964456134,49,4,8.693877551020408,0.6877551020408162,0.5829397481729994,0.12244897959183673
finetune_000152_v05,finetune_000152,MgHC4O3,HF_COREMOF_GCMC,/home/rakeyma/Tüm_çalışmalar/MOF Radyoaktif Gaz Adsorpsiyonu/data/processed/augmented_cif/finetune_000152_v05.cif,Mg6H6C23(NO6)3,True,0.04162683996634171,1,,-NH2,0.14246462194471365,"defect,functional,noise",False,True,0.2963826156101999,0.2823215759045873,4.904651527459893e+25,4.671964128680375e+25,3.59132311852788,1.9752277151903341,0.9525578122162685,56,5,6.803571428571429,0.7026785714285715,0.7325953862808582,0.10714285714285714
finetune_000152_v06,finetune_000152,MgHC4O3,HF_COREMOF_GCMC,/home/rakeyma/Tüm_çalışmalar/MOF Radyoaktif Gaz Adsorpsiyonu/data/processed/augmented_cif/finetune_000152_v06.cif,Mg6H3C21N3O16,True,0.16798298473961737,8,,-NH2,0.05715704383225055,"noise,defect,functional",False,True,0.3966218227868398,0.3483814371924234,6.563447808672534e+25,5.765147677594381e+25,3.9894217369933567,2.1941819553463464,0.8783718322520477,49,5,7.142857142857143,0.7346938775510204,0.7325953862808582,0.12244897959183673
finetune_000153_v00,finetune_000153,CoHC4O3,HF_COREMOF_GCMC,/home/rakeyma/Tüm_çalışmalar/MOF Radyoaktif Gaz Adsorpsiyonu/data/processed/augmented_cif/finetune_000153_v00.cif,CoHC4O3,False,0.0,0,,,0.0,none,False,False,0.20272234461597277,0.24081560498963828,3.3889723538711354e+25,4.025789210541387e+25,3.325674945771934,1.8291212201745637,1.1879085428191327,54,4,8.444444444444445,0.688888888888889,0.5829397481729994,0.1111111111111111
finetune_000153_v01,finetune_000153,CoHC4O3,HF_COREMOF_GCMC,/home/rakeyma/Tüm_çalışmalar/MOF Radyoaktif Gaz Adsorpsiyonu/data/processed/augmented_cif/finetune_000153_v01.cif,Co3H3C12N2O9,True,0.0,0,,-NH2,0.13642967729027383,"functional,noise",False,True,0.15339122571188762,0.1931229509005108,2.56428872825416e+25,3.228496309766317e+25,2.9782039138781222,1.6380121526329674,1.2590221507405557,58,5,8.344827586206897,0.6862068965517241,0.5617259118110896,0.10344827586206896
finetune_000153_v02,finetune_000153,CoHC4O3,HF_COREMOF_GCMC,/home/rakeyma/Tüm_çalışmalar/MOF Radyoaktif Gaz Adsorpsiyonu/data/processed/augmented_cif/finetune_000153_v02.cif,Mn3H3C14O9,True,0.0,0,Mn,-CH3,0.12409753925244506,"functional,substitution,noise",False,True,0.13629997675423922,0.16607640850486238,2.2785690148189026e+25,2.7763508661039913e+25,2.7617951196829598,1.518987315825628,1.2184624859057216,58,4,8.068965517241379,0.6948275862068966,0.6822206387965699,0.10344827586206896
finetune_000153_v03,finetune_000153,CoHC4O3,HF_COREMOF_GCMC,/home/rakeyma/Tüm_çalışmalar/MOF Radyoaktif Gaz Adsorpsiyonu/data/processed/augmented_cif/finetune_000153_v03.cif,Co3H3C14O9,True,0.0,0,,-CH3,0.08417469114548355,"functional,noise",False,True,0.1424414990257822,0.17789351186355762,2.381238748776306e+25,2.9739010506251916e+25,2.858364043247074,1.5721002237858908,1.24888823187236,58,4,8.275862068965518,0.6896551724137931,0.5829397481729994,0.10344827586206896
finetune_000153_v04,finetune_000153,CoHC4O3,HF_COREMOF_GCMC,/home/rakeyma/Tüm_çalışmalar/MOF Radyoaktif Gaz Adsorpsiyonu/data/processed/augmented_cif/finetune_000153_v04.cif,ZnHC4O3,True,0.0,0,Zn,,0.030012297460118187,"substitution,noise",False,False,0.19276892384325992,0.23849875153357314,3.2225779295708914e+25,3.987057652234633e+25,3.3096383529431552,1.8203010941187354,1.2372261398704287,54,4,8.777777777777779,0.688888888888889,0.6504229393248673,0.1111111111111111
finetune_000153_v05,finetune_000153,CoHC4O3,HF_COREMOF_GCMC,/home/rakeyma/Tüm_çalışmalar/MOF Radyoaktif Gaz Adsorpsiyonu/data/processed/augmented_cif/finetune_000153_v05.cif,Zn3H3C12N2O9,True,0.0,0,Zn,-NH2,0.04702304247647532,"functional,substitution,noise",False,True,0.145838340359588,0.19080609744444565,2.4380247996310457e+25,3.1897647514595633e+25,2.9602855833476767,1.6281570708412223,1.3083397477918521,58,5,8.655172413793103,0.6862068965517241,0.6263098274815748,0.10344827586206896
finetune_000153_v06,finetune_000153,CoHC4O3,HF_COREMOF_GCMC,/home/rakeyma/Tüm_çalışmalar/MOF Radyoaktif Gaz Adsorpsiyonu/data/processed/augmented_cif/finetune_000153_v06.cif,Co6H5C22O15,True,0.1455328365840307,6,,,0.11740758208291727,"defect,noise",False,False,0.28329634197209247,0.31027076085461003,4.7359528754216955e+25,5.186892607930042e+25,3.774921379466642,2.0762067587066535,1.0952162625706436,48,4,8.729166666666666,0.703125,0.5829397481729994,0.125
finetune_000154_v00,finetune_000154,Ho(CO2)4,HF_COREMOF_GCMC,/home/rakeyma/Tüm_çalışmalar/MOF Radyoaktif Gaz Adsorpsiyonu/data/processed/augmented_cif/finetune_000154_v00.cif,Ho(CO2)4,False,0.0,0,,,0.0,none,False,False,0.14997836171222506,0.25281674030478984,2.4414133620380375e+25,4.115461463109865e+25,4.837021143375599,2.6603616288565797,1.6856881047273249,52,3,11.923076923076923,0.7192307692307693,0.9079035680560402,0.07692307692307693
finetune_000154_v01,finetune_000154,Ho(CO2)4,HF_COREMOF_GCMC,/home/rakeyma/Tüm_çalışmalar/MOF Radyoaktif Gaz Adsorpsiyonu/data/processed/augmented_cif/finetune_000154_v01.cif,Ho2C9O16,True,0.0,0,,-CH3,0.10879990268580693,"functional,substitution,defect,noise",False,True,0.12952345876697718,0.22218162834662825,2.108439506345835e+25,3.616769712991286e+25,4.534497269418265,2.4939734981800457,1.715377511237948,54,3,11.703703703703704,0.7185185185185188,0.9079035680560402,0.07407407407407407
finetune_000154_v02,finetune_000154,Ho(CO2)4,HF_COREMOF_GCMC,/home/rakeyma/Tüm_çalışmalar/MOF Radyoaktif Gaz Adsorpsiyonu/data/processed/augmented_cif/finetune_000154_v02.cif,Ho4C15O31,True,0.052227287595876824,2,,,0.10509854300287398,"defect,substitution,noise",False,False,0.16903188110442552,0.2790832715795726,2.7515748833862025e+25,4.543039546351572e+25,5.082085587469832,2.795147073108408,1.651068838352209,50,3,12.12,0.7220000000000002,0.9079035680560402,0.08
finetune_000154_v03,finetune_000154,Ho(CO2)4,HF_COREMOF_GCMC,/home/rakeyma/Tüm_çalışmalar/MOF Radyoaktif Gaz Adsorpsiyonu/data/processed/augmented_cif/finetune_000154_v03.cif,Ho(CO2)4,True,0.0,0,,,0.08314257006974769,"substitution,noise,defect",False,False,0.14997836171222506,0.25281674030478984,2.4414133620380375e+25,4.115461463109865e+25,4.837021143375599,2.6603616288565797,1.6856881047273249,52,3,11.923076923076923,0.7192307692307693,0.9079035680560402,0.07692307692307693
finetune_000154_v04,finetune_000154,Ho(CO2)4,HF_COREMOF_GCMC,/home/rakeyma/Tüm_çalışmalar/MOF Radyoaktif Gaz Adsorpsiyonu/data/processed/augmented_cif/finetune_000154_v04.cif,Ho4C14N2O31,True,0.06935273532816827,3,,-NH2,0.12316586878322552,"noise,functional,defect",False,True,0.16230118671972027,0.2711805288525271,2.642009696655173e+25,4.41439524413164e+25,5.009614689209121,2.755288079065017,1.6708474801286064,51,4,12.03921568627451,0.719607843137255,0.8327214420200791,0.0784313725490196
finetune_000154_v05,finetune_000154,Ho(CO2)4,HF_COREMOF_GCMC,/home/rakeyma/Tüm_çalışmalar/MOF Radyoaktif Gaz Adsorpsiyonu/data/processed/augmented_cif/finetune_000154_v05.cif,Ho(CO2)4,True,0.0,0,,,0.14832645235156947,"substitution,noise",False,False,0.14997836171222506,0.25281674030478984,2.4414133620380375e+25,4.115461463109865e+25,4.837021143375599,2.6603616288565797,1.6856881047273249,52,3,11.923076923076923,0.7192307692307693,0.9079035680560402,0.07692307692307693
finetune_000154_v06,finetune_000154,Ho(CO2)4,HF_COREMOF_GCMC,/home/rakeyma/Tüm_çalışmalar/MOF Radyoaktif Gaz Adsorpsiyonu/data/processed/augmented_cif/finetune_000154_v06.cif,Ho2C8NO16,True,0.0,0,,-NH2,0.06398249223676622,"functional,noise",False,True,0.13346213653976627,0.22959644159866344,2.172555025634546e+25,3.7374712858306406e+25,4.609540641960254,2.5352473530781396,1.7203114497590337,54,4,11.74074074074074,0.7166666666666667,0.8327214420200791,0.07407407407407407
finetune_000155_v00,finetune_000155,Ho(CO2)4,HF_COREMOF_GCMC,/home/rakeyma/Tüm_çalışmalar/MOF Radyoaktif Gaz Adsorpsiyonu/data/processed/augmented_cif/finetune_000155_v00.cif,Ho(CO2)4,False,0.0,0,,,0.0,none,False,False,0.14997836171222506,0.25281674030478984,2.4414133620380375e+25,4.115461463109865e+25,4.837021143375599,2.6603616288565797,1.6856881047273249,52,3,11.923076923076923,0.7192307692307693,0.9079035680560402,0.07692307692307693
finetune_000155_v01,finetune_000155,Ho(CO2)4,HF_COREMOF_GCMC,/home/rakeyma/Tüm_çalışmalar/MOF Radyoaktif Gaz Adsorpsiyonu/data/processed/augmented_cif/finetune_000155_v01.cif,Ho2(C3O5)3,True,0.040265507538652455,2,,-CH3,0.1059448129872135,"functional,noise,defect",False,True,0.14564712062582352,0.24407957893803223,2.370907525450499e+25,3.9732341293561195e+25,4.752704302297044,2.613987366263374,1.6758283849983395,52,3,11.846153846153847,0.7230769230769233,0.9079035680560402,0.07692307692307693
finetune_000155_v02,finetune_000155,Ho(CO2)4,HF_COREMOF_GCMC,/home/rakeyma/Tüm_çalışmalar/MOF Radyoaktif Gaz Adsorpsiyonu/data/processed/augmented_cif/finetune_000155_v02.cif,Ho2C8O15,True,0.05569854886690559,2,,,0.09709768452212007,"defect,noise",False,False,0.1668842634104747,0.2747146908961938,2.7166150233457155e+25,4.4719258794747e+25,5.042152937007535,2.7731841153541446,1.6461389784877165,50,3,12.08,0.7240000000000001,0.9079035680560402,0.08
finetune_000155_v03,finetune_000155,Ho(CO2)4,HF_COREMOF_GCMC,/home/rakeyma/Tüm_çalışmalar/MOF Radyoaktif Gaz Adsorpsiyonu/data/processed/augmented_cif/finetune_000155_v03.cif,Ho2C8NO16,True,0.0,0,,-NH2,0.037877961099936436,"functional,substitution,noise",False,True,0.13346213653976627,0.22959644159866344,2.172555025634546e+25,3.7374712858306406e+25,4.609540641960254,2.5352473530781396,1.7203114497590337,54,4,11.74074074074074,0.7166666666666667,0.8327214420200791,0.07407407407407407
finetune_000155_v04,finetune_000155,Ho(CO2)4,HF_COREMOF_GCMC,/home/rakeyma/Tüm_çalışmalar/MOF Radyoaktif Gaz Adsorpsiyonu/data/processed/augmented_cif/finetune_000155_v04.cif,Ho(CO2)4,True,0.0,0,,,0.12670649814275745,"substitution,noise",False,False,0.14997836171222506,0.25281674030478984,2.4414133620380375e+25,4.115461463109865e+25,4.837021143375599,2.6603616288565797,1.6856881047273249,52,3,11.923076923076923,0.7192307692307693,0.9079035680560402,0.07692307692307693
finetune_000155_v05,finetune_000155,Ho(CO2)4,HF_COREMOF_GCMC,/home/rakeyma/Tüm_çalışmalar/MOF Radyoaktif Gaz Adsorpsiyonu/data/processed/augmented_cif/finetune_000155_v05.cif,Ho(CO2)4,True,0.0,0,,,0.12330469488385913,"substitution,noise",False,False,0.14997836171222506,0.25281674030478984,2.4414133620380375e+25,4.115461463109865e+25,4.837021143375599,2.6603616288565797,1.6856881047273249,52,3,11.923076923076923,0.7192307692307693,0.9079035680560402,0.07692307692307693
finetune_000155_v06,finetune_000155,Ho(CO2)4,HF_COREMOF_GCMC,/home/rakeyma/Tüm_çalışmalar/MOF Radyoaktif Gaz Adsorpsiyonu/data/processed/augmented_cif/finetune_000155_v06.cif,Ho(CO2)4,True,0.0,0,,,0.036791295540795896,"substitution,defect,noise",False,False,0.14997836171222506,0.25281674030478984,2.4414133620380375e+25,4.115461463109865e+25,4.837021143375599,2.6603616288565797,1.6856881047273249,52,3,11.923076923076923,0.7192307692307693,0.9079035680560402,0.07692307692307693
finetune_000156_v00,finetune_000156,NiHC4O3,HF_COREMOF_GCMC,/home/rakeyma/Tüm_çalışmalar/MOF Radyoaktif Gaz Adsorpsiyonu/data/processed/augmented_cif/finetune_000156_v00.cif,NiHC4O3,False,0.0,0,,,0.0,none,False,False,0.20009922280642364,0.23980272092014432,3.3799141657058993e+25,4.050553530619685e+25,3.3039826906252547,1.8171904798438903,1.1984190520926208,54,4,8.555555555555555,0.688888888888889,0.5748260606479145,0.1111111111111111
finetune_000156_v01,finetune_000156,NiHC4O3,HF_COREMOF_GCMC,/home/rakeyma/Tüm_çalışmalar/MOF Radyoaktif Gaz Adsorpsiyonu/data/processed/augmented_cif/finetune_000156_v01.cif,Zn6H5C23O17,True,0.07312588748524912,3,Zn,,0.1410465926349439,"noise,substitution,defect",False,False,0.21612975987484892,0.2621394064291709,3.650689027104835e+25,4.427846748994208e+25,3.454433733439299,1.8999385533916147,1.2128797375288072,51,4,9.0,0.6990196078431372,0.6504229393248673,0.11764705882352941
finetune_000156_v02,finetune_000156,NiHC4O3,HF_COREMOF_GCMC,/home/rakeyma/Tüm_çalışmalar/MOF Radyoaktif Gaz Adsorpsiyonu/data/processed/augmented_cif/finetune_000156_v02.cif,Ni6H5(C4O3)6,True,0.03419301073633588,1,,,0.05392862086322397,"defect,noise",False,False,0.2039121906420375,0.24410866440180456,3.444319733204977e+25,4.12328604385124e+25,3.333514184442137,1.8334328014431756,1.1971263887323487,53,4,8.69811320754717,0.6971698113207547,0.5748260606479145,0.11320754716981132
finetune_000156_v03,finetune_000156,NiHC4O3,HF_COREMOF_GCMC,/home/rakeyma/Tüm_çalışmalar/MOF Radyoaktif Gaz Adsorpsiyonu/data/processed/augmented_cif/finetune_000156_v03.cif,Zn6H5C23(N2O9)2,True,0.0487125003428109,2,Zn,-NH2,0.1350920314670554,"functional,defect,substitution,noise",False,True,0.155211088624008,0.20258957329805716,2.6217001233553893e+25,3.4219791511975593e+25,3.0368214269166893,1.6702517848041794,1.3052519320241442,56,5,8.839285714285714,0.6937499999999999,0.6263098274815748,0.10714285714285714
finetune_000156_v04,finetune_000156,NiHC4O3,HF_COREMOF_GCMC,/home/rakeyma/Tüm_çalışmalar/MOF Radyoaktif Gaz Adsorpsiyonu/data/processed/augmented_cif/finetune_000156_v04.cif,Ni6H5C21O16,True,0.14243289345624477,6,,,0.03788072512588034,"defect,noise",False,False,0.2833764552196268,0.3145133184281568,4.786565793665805e+25,5.312504493267686e+25,3.78381792798047,2.0810998603892585,1.1098780884403323,48,4,8.895833333333334,0.7010416666666667,0.5748260606479145,0.125
finetune_000156_v05,finetune_000156,NiHC4O3,HF_COREMOF_GCMC,/home/rakeyma/Tüm_çalışmalar/MOF Radyoaktif Gaz Adsorpsiyonu/data/processed/augmented_cif/finetune_000156_v05.cif,CoHC4O3,True,0.0,0,Co,,0.0958142516181378,"substitution,noise",False,False,0.1940565656064885,0.23291915749833791,3.277846489569429e+25,3.934281946984371e+25,3.2562168207771047,1.7909192514274077,1.2002642465117912,54,4,8.444444444444445,0.688888888888889,0.5829397481729994,0.1111111111111111
finetune_000156_v06,finetune_000156,NiHC4O3,HF_COREMOF_GCMC,/home/rakeyma/Tüm_çalışmalar/MOF Radyoaktif Gaz Adsorpsiyonu/data/processed/augmented_cif/finetune_000156_v06.cif,Ni6H6C28O17,True,0.03209785976680964,1,,-CH3,0.09040182172029217,"noise,defect,functional",False,True,0.15133936759253505,0.18758727799366448,2.556302144410731e+25,3.168572517697171e+25,2.9222165828550586,1.6072191205702824,1.2395140866368823,57,4,8.385964912280702,0.6912280701754385,0.5748260606479145,0.10526315789473684
finetune_000157_v00,finetune_000157,CoHC4O3,HF_COREMOF_GCMC,/home/rakeyma/Tüm_çalışmalar/MOF Radyoaktif Gaz Adsorpsiyonu/data/processed/augmented_cif/finetune_000157_v00.cif,CoHC4O3,False,0.0,0,,,0.0,none,False,False,0.20272234461597277,0.24081560498963828,3.3889723538711354e+25,4.025789210541387e+25,3.325674945771934,1.8291212201745637,1.1879085428191327,54,4,8.444444444444445,0.688888888888889,0.5829397481729994,0.1111111111111111
finetune_000157_v01,finetune_000157,CoHC4O3,HF_COREMOF_GCMC,/home/rakeyma/Tüm_çalışmalar/MOF Radyoaktif Gaz Adsorpsiyonu/data/processed/augmented_cif/finetune_000157_v01.cif,Co6H6C21O17,True,0.09470741085390624,4,,,0.1156811363603068,"noise,defect",False,False,0.26674426059907963,0.2992513387878377,4.459246593840212e+25,5.002677509142227e+25,3.7072812667418424,2.0390046967080133,1.1218660829505782,50,4,8.6,0.69,0.5829397481729994,0.12
finetune_000157_v02,finetune_000157,CoHC4O3,HF_COREMOF_GCMC,/home/rakeyma/Tüm_çalışmalar/MOF Radyoaktif Gaz Adsorpsiyonu/data/processed/augmented_cif/finetune_000157_v02.cif,Co6H6(C4O3)5,True,0.15184098986905167,7,,,0.09600259625152004,"defect,noise",False,False,0.3165744483189362,0.337470189976636,5.292273307746408e+25,5.64159390644867e+25,3.9369073434391946,2.165299038891557,1.066005774530003,47,4,8.680851063829786,0.693617021276596,0.5829397481729994,0.1276595744680851
finetune_000157_v03,finetune_000157,CoHC4O3,HF_COREMOF_GCMC,/home/rakeyma/Tüm_çalışmalar/MOF Radyoaktif Gaz Adsorpsiyonu/data/processed/augmented_cif/finetune_000157_v03.cif,Zn3H3C14O9,True,0.0,0,Zn,-CH3,0.13939327310321875,"noise,substitution,functional",False,True,0.13524562476588442,0.1755766584074927,2.2609430853903907e+25,2.93516949231844e+25,2.8396896284743685,1.5618292956609028,1.2982058289236558,58,4,8.586206896551724,0.6896551724137931,0.6504229393248673,0.10344827586206896
finetune_000157_v04,finetune_000157,CoHC4O3,HF_COREMOF_GCMC,/home/rakeyma/Tüm_çalışmalar/MOF Radyoaktif Gaz Adsorpsiyonu/data/processed/augmented_cif/finetune_000157_v04.cif,MnHC4O3,True,0.0,0,Mn,,0.05069126637537609,"substitution,noise",False,False,0.1978418186893586,0.22899850163094293,3.3073830871872915e+25,3.828239026020184e+25,3.2430512059343135,1.7836781632638725,1.1574827968524946,54,4,8.222222222222221,0.6944444444444445,0.6822206387965699,0.1111111111111111
finetune_000157_v05,finetune_000157,CoHC4O3,HF_COREMOF_GCMC,/home/rakeyma/Tüm_çalışmalar/MOF Radyoaktif Gaz Adsorpsiyonu/data/processed/augmented_cif/finetune_000157_v05.cif,Zn3H3C14O9,True,0.0,0,Zn,-CH3,0.06527648835463193,"substitution,functional,noise",False,True,0.13524562476588442,0.1755766584074927,2.2609430853903907e+25,2.93516949231844e+25,2.8396896284743685,1.5618292956609028,1.2982058289236558,58,4,8.586206896551724,0.6896551724137931,0.6504229393248673,0.10344827586206896
finetune_000157_v06,finetune_000157,CoHC4O3,HF_COREMOF_GCMC,/home/rakeyma/Tüm_çalışmalar/MOF Radyoaktif Gaz Adsorpsiyonu/data/processed/augmented_cif/finetune_000157_v06.cif,Co6H6C23N4O17,True,0.046344229854847416,2,,-NH2,0.11479361781722625,"functional,defect,noise",False,True,0.1798962963666771,0.22009763813566996,3.007382220767985e+25,3.679440528409061e+25,3.179400049983505,1.748670027490928,1.223469535398615,56,5,8.392857142857142,0.6875,0.5617259118110896,0.10714285714285714
finetune_000158_v00,finetune_000158,CoHC4O3,HF_COREMOF_GCMC,/home/rakeyma/Tüm_çalışmalar/MOF Radyoaktif Gaz Adsorpsiyonu/data/processed/augmented_cif/finetune_000158_v00.cif,CoHC4O3,False,0.0,0,,,0.0,none,False,False,0.20272234461597277,0.24081560498963828,3.3889723538711354e+25,4.025789210541387e+25,3.325674945771934,1.8291212201745637,1.1879085428191327,54,4,8.444444444444445,0.688888888888889,0.5829397481729994,0.1111111111111111
finetune_000158_v01,finetune_000158,CoHC4O3,HF_COREMOF_GCMC,/home/rakeyma/Tüm_çalışmalar/MOF Radyoaktif Gaz Adsorpsiyonu/data/processed/augmented_cif/finetune_000158_v01.cif,ZnHC4O3,True,0.0,0,Zn,,0.1441929893306082,"noise,substitution",False,False,0.19276892384325992,0.23849875153357314,3.2225779295708914e+25,3.987057652234633e+25,3.3096383529431552,1.8203010941187354,1.2372261398704287,54,4,8.777777777777779,0.688888888888889,0.6504229393248673,0.1111111111111111
finetune_000158_v02,finetune_000158,CoHC4O3,HF_COREMOF_GCMC,/home/rakeyma/Tüm_çalışmalar/MOF Radyoaktif Gaz Adsorpsiyonu/data/processed/augmented_cif/finetune_000158_v02.cif,Co3H3(C3O2)4,True,0.13297620127066412,6,,-CH3,0.11445584237816732,"functional,defect,noise",False,True,0.22950013374351416,0.26330393289691645,3.836624965737575e+25,4.4017335678687805e+25,3.4774921530786758,1.9126206841932718,1.1472931566618645,52,4,8.461538461538462,0.6923076923076926,0.5829397481729994,0.11538461538461539
finetune_000158_v03,finetune_000158,CoHC4O3,HF_COREMOF_GCMC,/home/rakeyma/Tüm_çalışmalar/MOF Radyoaktif Gaz Adsorpsiyonu/data/processed/augmented_cif/finetune_000158_v03.cif,Mn6H5C21O17,True,0.11778827180325156,5,Mn,,0.0962895847204391,"defect,noise,substitution",False,False,0.26757135697235734,0.29169585287015665,4.4730734206181655e+25,4.8763701060604935e+25,3.6601814273399658,2.013099785036981,1.0901609804979668,49,4,8.510204081632653,0.7051020408163267,0.6822206387965699,0.12244897959183673
finetune_000158_v04,finetune_000158,CoHC4O3,HF_COREMOF_GCMC,/home/rakeyma/Tüm_çalışmalar/MOF Radyoaktif Gaz Adsorpsiyonu/data/processed/augmented_cif/finetune_000158_v04.cif,Ni6H6C23O15,True,0.09321780957330754,4,Ni,,0.13225381343644627,"defect,substitution,noise",False,False,0.26767049668654924,0.2970913230994141,4.4747307699903e+25,4.9665678564748675e+25,3.693877336290599,2.0316325349598294,1.109914341614263,50,4,8.64,0.6940000000000001,0.5748260606479145,0.12
finetune_000158_v05,finetune_000158,CoHC4O3,HF_COREMOF_GCMC,/home/rakeyma/Tüm_çalışmalar/MOF Radyoaktif Gaz Adsorpsiyonu/data/processed/augmented_cif/finetune_000158_v05.cif,Ni6H4C20O17,True,0.14882325687931539,7,Ni,,0.04071651563962907,"defect,substitution,noise",False,False,0.29967967440300386,0.3303177999187249,5.0098381285634675e+25,5.522025181963556e+25,3.894964235849081,2.1422303297169947,1.1022362480096646,47,4,9.106382978723405,0.7085106382978725,0.5748260606479145,0.1276595744680851
finetune_000158_v06,finetune_000158,CoHC4O3,HF_COREMOF_GCMC,/home/rakeyma/Tüm_çalışmalar/MOF Radyoaktif Gaz Adsorpsiyonu/data/processed/augmented_cif/finetune_000158_v06.cif,Co6H5C21O16,True,0.1262664968672924,6,,,0.05191698468950958,"defect,noise",False,False,0.2860702700240188,0.31475712018249113,4.7823254916096865e+25,5.2618924692453945e+25,3.802115163505951,2.0911633399282734,1.100279033385971,48,4,8.770833333333334,0.7010416666666667,0.5829397481729994,0.125
finetune_000159_v00,finetune_000159,Ho(CO2)4,HF_COREMOF_GCMC,/home/rakeyma/Tüm_çalışmalar/MOF Radyoaktif Gaz Adsorpsiyonu/data/processed/augmented_cif/finetune_000159_v00.cif,Ho(CO2)4,False,0.0,0,,,0.0,none,False,False,0.14997836171222506,0.25281674030478984,2.4414133620380375e+25,4.115461463109865e+25,4.837021143375599,2.6603616288565797,1.6856881047273249,52,3,11.923076923076923,0.7192307692307693,0.9079035680560402,0.07692307692307693
finetune_000159_v01,finetune_000159,Ho(CO2)4,HF_COREMOF_GCMC,/home/rakeyma/Tüm_çalışmalar/MOF Radyoaktif Gaz Adsorpsiyonu/data/processed/augmented_cif/finetune_000159_v01.cif,Ho2C9O16,True,0.0,0,,-CH3,0.0689523365789784,"noise,functional",False,True,0.12952345876697718,0.22218162834662825,2.108439506345835e+25,3.616769712991286e+25,4.534497269418265,2.4939734981800457,1.715377511237948,54,3,11.703703703703704,0.7185185185185188,0.9079035680560402,0.07407407407407407
finetune_000159_v02,finetune_000159,Ho(CO2)4,HF_COREMOF_GCMC,/home/rakeyma/Tüm_çalışmalar/MOF Radyoaktif Gaz Adsorpsiyonu/data/processed/augmented_cif/finetune_000159_v02.cif,Ho(CO2)4,True,0.0,0,,,0.0726422052199234,"substitution,noise",False,False,0.14997836171222506,0.25281674030478984,2.4414133620380375e+25,4.115461463109865e+25,4.837021143375599,2.6603616288565797,1.6856881047273249,52,3,11.923076923076923,0.7192307692307693,0.9079035680560402,0.07692307692307693
finetune_000159_v03,finetune_000159,Ho(CO2)4,HF_COREMOF_GCMC,/home/rakeyma/Tüm_çalışmalar/MOF Radyoaktif Gaz Adsorpsiyonu/data/processed/augmented_cif/finetune_000159_v03.cif,Ho(CO2)4,True,0.0,0,,,0.1389547051810028,"substitution,defect,noise",False,False,0.14997836171222506,0.25281674030478984,2.4414133620380375e+25,4.115461463109865e+25,4.837021143375599,2.6603616288565797,1.6856881047273249,52,3,11.923076923076923,0.7192307692307693,0.9079035680560402,0.07692307692307693
finetune_000159_v04,finetune_000159,Ho(CO2)4,HF_COREMOF_GCMC,/home/rakeyma/Tüm_çalışmalar/MOF Radyoaktif Gaz Adsorpsiyonu/data/processed/augmented_cif/finetune_000159_v04.cif,Ho2(CO2)7,True,0.1359660252578332,6,,,0.03962990780504441,"defect,noise",False,False,0.20752594390491919,0.3272477534457594,3.37819807227383e+25,5.327082045958115e+25,5.503176082407843,3.026746845324314,1.5769004457374851,46,3,12.521739130434783,0.7304347826086959,0.9079035680560402,0.08695652173913043
finetune_000159_v05,finetune_000159,Ho(CO2)4,HF_COREMOF_GCMC,/home/rakeyma/Tüm_çalışmalar/MOF Radyoaktif Gaz Adsorpsiyonu/data/processed/augmented_cif/finetune_000159_v05.cif,Ho(CO2)4,True,0.0,0,,,0.1380429246121111,"substitution,noise",False,False,0.14997836171222506,0.25281674030478984,2.4414133620380375e+25,4.115461463109865e+25,4.837021143375599,2.6603616288565797,1.6856881047273249,52,3,11.923076923076923,0.7192307692307693,0.9079035680560402,0.07692307692307693
finetune_000159_v06,finetune_000159,Ho(CO2)4,HF_COREMOF_GCMC,/home/rakeyma/Tüm_çalışmalar/MOF Radyoaktif Gaz Adsorpsiyonu/data/processed/augmented_cif/finetune_000159_v06.cif,Ho2C8NO16,True,0.0,0,,-NH2,0.10882321331284611,"functional,noise",False,True,0.13346213653976627,0.22959644159866344,2.172555025634546e+25,3.7374712858306406e+25,4.609540641960254,2.5352473530781396,1.7203114497590337,54,4,11.74074074074074,0.7166666666666667,0.8327214420200791,0.07407407407407407
finetune_000160_v00,finetune_000160,MgPHCO6,HF_COREMOF_GCMC,/home/rakeyma/Tüm_çalışmalar/MOF Radyoaktif Gaz Adsorpsiyonu/data/processed/augmented_cif/finetune_000160_v00.cif,MgPHCO6,False,0.0,0,,,0.0,none,False,False,0.09183493617924217,0.13499857555114858,2.705562218012952e+25,3.977212384444526e+25,1.9888527039069894,1.2,1.4700132778190231,40,5,8.2,0.7050000000000001,0.6865974075103983,0.1
finetune_000160_v01,finetune_000160,MgPHCO6,HF_COREMOF_GCMC,/home/rakeyma/Tüm_çalışmalar/MOF Radyoaktif Gaz Adsorpsiyonu/data/processed/augmented_cif/finetune_000160_v01.cif,MgPHCO6,True,0.0,0,,,0.12742128841184763,"substitution,noise",False,False,0.09183493617924217,0.13499857555114858,2.705562218012952e+25,3.977212384444526e+25,1.9888527039069894,1.2,1.4700132778190231,40,5,8.2,0.7050000000000001,0.6865974075103983,0.1
finetune_000160_v02,finetune_000160,MgPHCO6,HF_COREMOF_GCMC,/home/rakeyma/Tüm_çalışmalar/MOF Radyoaktif Gaz Adsorpsiyonu/data/processed/augmented_cif/finetune_000160_v02.cif,MgPHCO6,True,0.0,0,,,0.042949409055045976,"substitution,noise",False,False,0.09183493617924217,0.13499857555114858,2.705562218012952e+25,3.977212384444526e+25,1.9888527039069894,1.2,1.4700132778190231,40,5,8.2,0.7050000000000001,0.6865974075103983,0.1
finetune_000160_v03,finetune_000160,MgPHCO6,HF_COREMOF_GCMC,/home/rakeyma/Tüm_çalışmalar/MOF Radyoaktif Gaz Adsorpsiyonu/data/processed/augmented_cif/finetune_000160_v03.cif,Mg4P4H4C5O24,True,0.0,0,,-CH3,0.11366291262511642,"substitution,functional,noise",False,True,0.0716667256918152,0.10727646051659301,2.111383678015787e+25,3.1604871798392685e+25,1.7729245143102426,1.2,1.496879611577464,41,5,8.146341463414634,0.7048780487804879,0.6865974075103983,0.0975609756097561
finetune_000160_v04,finetune_000160,MgPHCO6,HF_COREMOF_GCMC,/home/rakeyma/Tüm_çalışmalar/MOF Radyoaktif Gaz Adsorpsiyonu/data/processed/augmented_cif/finetune_000160_v04.cif,Mg4P4H4C5O24,True,0.0,0,,-CH3,0.05440491555449153,"functional,noise",False,True,0.0716667256918152,0.10727646051659301,2.111383678015787e+25,3.1604871798392685e+25,1.7729245143102426,1.2,1.496879611577464,41,5,8.146341463414634,0.7048780487804879,0.6865974075103983,0.0975609756097561
finetune_000160_v05,finetune_000160,MgPHCO6,HF_COREMOF_GCMC,/home/rakeyma/Tüm_çalışmalar/MOF Radyoaktif Gaz Adsorpsiyonu/data/processed/augmented_cif/finetune_000160_v05.cif,MgPHCO6,True,0.0,0,,,0.08052747400698118,"substitution,defect,noise",False,False,0.09183493617924217,0.13499857555114858,2.705562218012952e+25,3.977212384444526e+25,1.9888527039069894,1.2,1.4700132778190231,40,5,8.2,0.7050000000000001,0.6865974075103983,0.1
finetune_000160_v06,finetune_000160,MgPHCO6,HF_COREMOF_GCMC,/home/rakeyma/Tüm_çalışmalar/MOF Radyoaktif Gaz Adsorpsiyonu/data/processed/augmented_cif/finetune_000160_v06.cif,Mg4P4H4C3O22,True,0.1064540754166767,3,,,0.04875851213278021,"defect,noise",False,False,0.1475332588194679,0.2023521765841868,4.346498484881644e+25,5.961526478662806e+25,2.4349607619641738,1.3392284190802957,1.3715698968718584,37,5,8.27027027027027,0.710810810810811,0.6865974075103983,0.10810810810810811
finetune_000161_v00,finetune_000161,PrH4(C3O4)2,HF_COREMOF_GCMC,/home/rakeyma/Tüm_çalışmalar/MOF Radyoaktif Gaz Adsorpsiyonu/data/processed/augmented_cif/finetune_000161_v00.cif,PrH4(C3O4)2,False,0.0,0,,,0.0,none,False,False,0.026923411635638637,0.05,6.362688521709699e+24,1.1816274638254576e+25,2.2767644146902857,1.2522204280796572,1.8571197690940024,57,4,8.578947368421053,0.6236842105263158,0.8272544953035915,0.05263157894736842
finetune_000161_v01,finetune_000161,PrH4(C3O4)2,HF_COREMOF_GCMC,/home/rakeyma/Tüm_çalışmalar/MOF Radyoaktif Gaz Adsorpsiyonu/data/processed/augmented_cif/finetune_000161_v01.cif,PrH4(C3O4)2,True,0.0,0,,,0.061915655367047066,"noise,substitution",False,False,0.026923411635638637,0.05,6.362688521709699e+24,1.1816274638254576e+25,2.2767644146902857,1.2522204280796572,1.8571197690940024,57,4,8.578947368421053,0.6236842105263158,0.8272544953035915,0.05263157894736842
finetune_000161_v02,finetune_000161,PrH4(C3O4)2,HF_COREMOF_GCMC,/home/rakeyma/Tüm_çalışmalar/MOF Radyoaktif Gaz Adsorpsiyonu/data/processed/augmented_cif/finetune_000161_v02.cif,PrH4(C3O4)2,True,0.0,0,,,0.0950171046847419,"substitution,noise,defect",False,False,0.026923411635638637,0.05,6.362688521709699e+24,1.1816274638254576e+25,2.2767644146902857,1.2522204280796572,1.8571197690940024,57,4,8.578947368421053,0.6236842105263158,0.8272544953035915,0.05263157894736842
finetune_000161_v03,finetune_000161,PrH4(C3O4)2,HF_COREMOF_GCMC,/home/rakeyma/Tüm_çalışmalar/MOF Radyoaktif Gaz Adsorpsiyonu/data/processed/augmented_cif/finetune_000161_v03.cif,PrH4(C3O4)2,True,0.0,0,,,0.10367139051989313,noise,False,False,0.026923411635638637,0.05,6.362688521709699e+24,1.1816274638254576e+25,2.2767644146902857,1.2522204280796572,1.8571197690940024,57,4,8.578947368421053,0.6236842105263158,0.8272544953035915,0.05263157894736842
finetune_000161_v04,finetune_000161,PrH4(C3O4)2,HF_COREMOF_GCMC,/home/rakeyma/Tüm_çalışmalar/MOF Radyoaktif Gaz Adsorpsiyonu/data/processed/augmented_cif/finetune_000161_v04.cif,Pr3H11C18O23,True,0.051318505675648954,2,,,0.034416819165917115,"defect,substitution,noise",False,False,0.02737321568574615,0.05,6.468988685499092e+24,1.1816274638254578e+25,2.2767644146902857,1.2522204280796572,1.82660307703768,55,4,8.727272727272727,0.630909090909091,0.8272544953035915,0.05454545454545454
finetune_000161_v05,finetune_000161,PrH4(C3O4)2,HF_COREMOF_GCMC,/home/rakeyma/Tüm_çalışmalar/MOF Radyoaktif Gaz Adsorpsiyonu/data/processed/augmented_cif/finetune_000161_v05.cif,PrH4(C3O4)2,True,0.0,0,,,0.05506281662049753,noise,False,False,0.026923411635638637,0.05,6.362688521709699e+24,1.1816274638254576e+25,2.2767644146902857,1.2522204280796572,1.8571197690940024,57,4,8.578947368421053,0.6236842105263158,0.8272544953035915,0.05263157894736842
finetune_000161_v06,finetune_000161,PrH4(C3O4)2,HF_COREMOF_GCMC,/home/rakeyma/Tüm_çalışmalar/MOF Radyoaktif Gaz Adsorpsiyonu/data/processed/augmented_cif/finetune_000161_v06.cif,PrH4C7O8,True,0.0,0,,-CH3,0.09378340279696129,"substitution,functional,noise",False,True,0.026017640189572214,0.05,6.148631638385502e+24,1.1816274638254578e+25,2.2767644146902857,1.2522204280796572,1.9217730599579836,60,4,8.45,0.6275000000000002,0.8272544953035915,0.05
finetune_000162_v00,finetune_000162,FeHC4O3,HF_COREMOF_GCMC,/home/rakeyma/Tüm_çalışmalar/MOF Radyoaktif Gaz Adsorpsiyonu/data/processed/augmented_cif/finetune_000162_v00.cif,FeHC4O3,False,0.0,0,,,0.0,none,False,False,0.2132917425616269,0.24421624944712994,3.5062473095194724e+25,4.014607210204248e+25,3.3668647255100255,1.8517755990305143,1.1449868921979853,54,4,8.333333333333334,0.6944444444444445,0.5968458762528228,0.1111111111111111
finetune_000162_v01,finetune_000162,FeHC4O3,HF_COREMOF_GCMC,/home/rakeyma/Tüm_çalışmalar/MOF Radyoaktif Gaz Adsorpsiyonu/data/processed/augmented_cif/finetune_000162_v01.cif,Fe3H3C12N2O9,True,0.0,0,,-NH2,0.0857530455789936,"substitution,functional,defect,noise",False,True,0.1624132135213938,0.1973183286385497,2.669868444509814e+25,3.2436645253995097e+25,3.026370556218682,1.664503805920275,1.214915488465217,58,5,8.241379310344827,0.6913793103448275,0.5751312893592209,0.10344827586206896
finetune_000162_v02,finetune_000162,FeHC4O3,HF_COREMOF_GCMC,/home/rakeyma/Tüm_çalışmalar/MOF Radyoaktif Gaz Adsorpsiyonu/data/processed/augmented_cif/finetune_000162_v02.cif,Fe6H5C23O14,True,0.12753690682522073,6,,,0.14549535967009147,"defect,noise",False,False,0.2937495903814029,0.3081024292628147,4.828872878890999e+25,5.064815452698685e+25,3.781690218396631,2.0799296201181474,1.0488607962406897,48,4,8.5625,0.7114583333333333,0.5968458762528228,0.125
finetune_000162_v03,finetune_000162,FeHC4O3,HF_COREMOF_GCMC,/home/rakeyma/Tüm_çalışmalar/MOF Radyoaktif Gaz Adsorpsiyonu/data/processed/augmented_cif/finetune_000162_v03.cif,Fe6H5(C11O9)2,True,0.07095711263407292,3,,,0.054593168028434794,"defect,noise",False,False,0.2508142543022413,0.27934364379182,4.123070090640168e+25,4.5920572813241495e+25,3.6008728461627117,1.9804800653894916,1.1137470817555672,51,4,8.568627450980392,0.7029411764705883,0.5968458762528228,0.11764705882352941
finetune_000162_v04,finetune_000162,FeHC4O3,HF_COREMOF_GCMC,/home/rakeyma/Tüm_çalışmalar/MOF Radyoaktif Gaz Adsorpsiyonu/data/processed/augmented_cif/finetune_000162_v04.cif,Fe3H3C14O9,True,0.0,0,,-CH3,0.10257832082623426,"noise,functional",False,True,0.15132793999084299,0.18234266751095995,2.487640525018036e+25,2.9974835391772437e+25,2.909260033966289,1.600093018681459,1.204950437586038,58,4,8.172413793103448,0.6948275862068966,0.5968458762528228,0.10344827586206896
finetune_000162_v05,finetune_000162,FeHC4O3,HF_COREMOF_GCMC,/home/rakeyma/Tüm_çalışmalar/MOF Radyoaktif Gaz Adsorpsiyonu/data/processed/augmented_cif/finetune_000162_v05.cif,Fe3H2C13O8,True,0.11658439404287105,6,,-CH3,0.07117589381971998,"functional,defect,noise",False,True,0.2152505443324188,0.24377425570977374,3.5384475407906704e+25,4.007341390469188e+25,3.363816592841922,1.8500991260630573,1.1325140034642829,52,4,8.538461538461538,0.7153846153846156,0.5968458762528228,0.11538461538461539
finetune_000162_v06,finetune_000162,FeHC4O3,HF_COREMOF_GCMC,/home/rakeyma/Tüm_çalışmalar/MOF Radyoaktif Gaz Adsorpsiyonu/data/processed/augmented_cif/finetune_000162_v06.cif,Fe3H3C14O9,True,0.0,0,,-CH3,0.05927464281751592,"noise,functional,substitution",False,True,0.15132793999084299,0.18234266751095995,2.487640525018036e+25,2.9974835391772437e+25,2.909260033966289,1.600093018681459,1.204950437586038,58,4,8.172413793103448,0.6948275862068966,0.5968458762528228,0.10344827586206896
finetune_000163_v00,finetune_000163,CoHC4O3,HF_COREMOF_GCMC,/home/rakeyma/Tüm_çalışmalar/MOF Radyoaktif Gaz Adsorpsiyonu/data/processed/augmented_cif/finetune_000163_v00.cif,CoHC4O3,False,0.0,0,,,0.0,none,False,False,0.20272234461597277,0.24081560498963828,3.3889723538711354e+25,4.025789210541387e+25,3.325674945771934,1.8291212201745637,1.1879085428191327,54,4,8.444444444444445,0.688888888888889,0.5829397481729994,0.1111111111111111
finetune_000163_v01,finetune_000163,CoHC4O3,HF_COREMOF_GCMC,/home/rakeyma/Tüm_çalışmalar/MOF Radyoaktif Gaz Adsorpsiyonu/data/processed/augmented_cif/finetune_000163_v01.cif,ZnHC4O3,True,0.0,0,Zn,,0.06957063155775503,"substitution,noise",False,False,0.19276892384325992,0.23849875153357314,3.2225779295708914e+25,3.987057652234633e+25,3.3096383529431552,1.8203010941187354,1.2372261398704287,54,4,8.777777777777779,0.688888888888889,0.6504229393248673,0.1111111111111111
finetune_000163_v02,finetune_000163,CoHC4O3,HF_COREMOF_GCMC,/home/rakeyma/Tüm_çalışmalar/MOF Radyoaktif Gaz Adsorpsiyonu/data/processed/augmented_cif/finetune_000163_v02.cif,Ni3H3C11O9,True,0.04192364521573836,2,Ni,,0.07866473851257227,"noise,substitution,defect",False,False,0.2415119126000796,0.27908935452001693,4.037429600978099e+25,4.665623360462824e+25,3.5802151110206024,1.9691183110613315,1.1555924985868584,52,4,8.653846153846153,0.6884615384615386,0.5748260606479145,0.11538461538461539
finetune_000163_v03,finetune_000163,CoHC4O3,HF_COREMOF_GCMC,/home/rakeyma/Tüm_çalışmalar/MOF Radyoaktif Gaz Adsorpsiyonu/data/processed/augmented_cif/finetune_000163_v03.cif,Mn6H6C22O15,True,0.11992845374686344,5,Mn,,0.11053817367251986,"defect,substitution,noise",False,False,0.2759594351936723,0.2941920400549004,4.6132995276513854e+25,4.918099641969371e+25,3.6758090659878695,2.0216949862933284,1.0660698730899787,49,4,8.326530612244898,0.7000000000000001,0.6822206387965699,0.12244897959183673
finetune_000163_v04,finetune_000163,CoHC4O3,HF_COREMOF_GCMC,/home/rakeyma/Tüm_çalışmalar/MOF Radyoaktif Gaz Adsorpsiyonu/data/processed/augmented_cif/finetune_000163_v04.cif,Co6H6C24O17,True,0.09437914615520589,4,,-CH3,0.03590293355733654,"defect,functional,noise",False,True,0.21587837059154083,0.2520597689432773,3.608905723339957e+25,4.2137613892050824e+25,3.4024304195426915,1.8713367307484805,1.1676008497404986,53,4,8.452830188679245,0.6905660377358492,0.5829397481729994,0.11320754716981132
finetune_000163_v05,finetune_000163,CoHC4O3,HF_COREMOF_GCMC,/home/rakeyma/Tüm_çalışmalar/MOF Radyoaktif Gaz Adsorpsiyonu/data/processed/augmented_cif/finetune_000163_v05.cif,NiHC4O3,True,0.0,0,Ni,,0.13104446413714127,"substitution,noise",False,False,0.20877834443344895,0.24762830795697666,3.4902123824203038e+25,4.139679280504727e+25,3.372388741022685,1.854813807562477,1.186082343113472,54,4,8.555555555555555,0.688888888888889,0.5748260606479145,0.1111111111111111
finetune_000163_v06,finetune_000163,CoHC4O3,HF_COREMOF_GCMC,/home/rakeyma/Tüm_çalışmalar/MOF Radyoaktif Gaz Adsorpsiyonu/data/processed/augmented_cif/finetune_000163_v06.cif,Ni3H3C12N2O9,True,0.0,0,Ni,-NH2,0.1476625675463103,"functional,substitution,noise",False,True,0.15903300810288704,0.19993565386784928,2.6586041555242704e+25,3.3423863797296594e+25,3.030278952222119,1.6666534237221655,1.2571959510348951,58,5,8.448275862068966,0.6862068965517241,0.5538736317970011,0.10344827586206896
finetune_000164_v00,finetune_000164,TbH8C8(NO3)2,HF_COREMOF_GCMC,/home/rakeyma/Tüm_çalışmalar/MOF Radyoaktif Gaz Adsorpsiyonu/data/processed/augmented_cif/finetune_000164_v00.cif,TbH8C8(NO3)2,False,0.0,0,,,0.0,none,False,False,0.02481166212658632,0.05,8.506364654357456e+24,1.714186782602257e+25,1.6927034589673409,1.2,2.015181399170503,50,5,7.32,0.5700000000000001,0.8027353237524806,0.04
finetune_000164_v01,finetune_000164,TbH8C8(NO3)2,HF_COREMOF_GCMC,/home/rakeyma/Tüm_çalışmalar/MOF Radyoaktif Gaz Adsorpsiyonu/data/processed/augmented_cif/finetune_000164_v01.cif,TbH8C8(NO3)2,True,0.0,0,,,0.14498732116158863,"substitution,defect,noise",False,False,0.02481166212658632,0.05,8.506364654357456e+24,1.714186782602257e+25,1.6927034589673409,1.2,2.015181399170503,50,5,7.32,0.5700000000000001,0.8027353237524806,0.04
finetune_000164_v02,finetune_000164,TbH8C8(NO3)2,HF_COREMOF_GCMC,/home/rakeyma/Tüm_çalışmalar/MOF Radyoaktif Gaz Adsorpsiyonu/data/processed/augmented_cif/finetune_000164_v02.cif,TbH8C7(NO3)2,True,0.04515454499656465,2,,,0.04537658990759586,"defect,substitution,noise",False,False,0.025606187398798354,0.05,8.778757598371324e+24,1.7141867826022573e+25,1.6927034589673409,1.2,1.9526530530018067,48,5,7.375,0.5645833333333333,0.8027353237524806,0.041666666666666664
finetune_000164_v03,finetune_000164,TbH8C8(NO3)2,HF_COREMOF_GCMC,/home/rakeyma/Tüm_çalışmalar/MOF Radyoaktif Gaz Adsorpsiyonu/data/processed/augmented_cif/finetune_000164_v03.cif,Tb2H15C15N4O11,True,0.07252039984892593,3,,,0.1406151184437815,"noise,defect",False,False,0.025777890833479446,0.05,8.83762395002287e+24,1.714186782602257e+25,1.6927034589673409,1.2,1.9396466655472722,47,5,7.468085106382978,0.5734042553191492,0.8027353237524806,0.0425531914893617
finetune_000164_v04,finetune_000164,TbH8C8(NO3)2,HF_COREMOF_GCMC,/home/rakeyma/Tüm_çalışmalar/MOF Radyoaktif Gaz Adsorpsiyonu/data/processed/augmented_cif/finetune_000164_v04.cif,Tb2H13C15(N3O5)2,True,0.13340865146858383,6,,-NH2,0.1357126481414891,"defect,noise,functional",False,True,0.025436593188123188,0.05,8.720614367502278e+24,1.7141867826022575e+25,1.6927034589673409,1.2,1.9656720391056894,46,5,7.717391304347826,0.5902173913043479,0.8027353237524806,0.043478260869565216
finetune_000164_v05,finetune_000164,TbH8C8(NO3)2,HF_COREMOF_GCMC,/home/rakeyma/Tüm_çalışmalar/MOF Radyoaktif Gaz Adsorpsiyonu/data/processed/augmented_cif/finetune_000164_v05.cif,Tb2H16C16N3O10,True,0.1082502409316274,5,,-CH3,0.060018451580425715,"noise,functional,defect",False,True,0.026379268362086362,0.05,9.043798632201267e+24,1.7141867826022573e+25,1.6927034589673409,1.2,1.8954278531796798,47,5,7.297872340425532,0.5670212765957449,0.8027353237524806,0.0425531914893617
finetune_000164_v06,finetune_000164,TbH8C8(NO3)2,HF_COREMOF_GCMC,/home/rakeyma/Tüm_çalışmalar/MOF Radyoaktif Gaz Adsorpsiyonu/data/processed/augmented_cif/finetune_000164_v06.cif,TbH8C9(NO3)2,True,0.0,0,,-CH3,0.04448043515047038,"noise,substitution,functional",False,True,0.024064959079179358,0.05,8.250366955478688e+24,1.7141867826022575e+25,1.6927034589673409,1.2,2.0777097453391997,52,5,7.269230769230769,0.5750000000000001,0.8027353237524806,0.038461538461538464
finetune_000165_v00,finetune_000165,CoHC4O3,HF_COREMOF_GCMC,/home/rakeyma/Tüm_çalışmalar/MOF Radyoaktif Gaz Adsorpsiyonu/data/processed/augmented_cif/finetune_000165_v00.cif,CoHC4O3,False,0.0,0,,,0.0,none,False,False,0.20272234461597277,0.24081560498963828,3.3889723538711354e+25,4.025789210541387e+25,3.325674945771934,1.8291212201745637,1.1879085428191327,54,4,8.444444444444445,0.688888888888889,0.5829397481729994,0.1111111111111111
finetune_000165_v01,finetune_000165,CoHC4O3,HF_COREMOF_GCMC,/home/rakeyma/Tüm_çalışmalar/MOF Radyoaktif Gaz Adsorpsiyonu/data/processed/augmented_cif/finetune_000165_v01.cif,Zn6H6C21O16,True,0.11561339080488167,5,Zn,,0.09509432656144252,"defect,noise,substitution",False,False,0.26777746063613567,0.3081786492854117,4.476518919533933e+25,5.151918129499172e+25,3.7621729742220036,2.069195135822102,1.1508759869232401,49,4,8.979591836734693,0.6918367346938775,0.6504229393248673,0.12244897959183673
finetune_000165_v02,finetune_000165,CoHC4O3,HF_COREMOF_GCMC,/home/rakeyma/Tüm_çalışmalar/MOF Radyoaktif Gaz Adsorpsiyonu/data/processed/augmented_cif/finetune_000165_v02.cif,Co3H3C12N2O9,True,0.0,0,,-NH2,0.0478265014998276,"functional,noise",False,True,0.15339122571188762,0.1931229509005108,2.56428872825416e+25,3.228496309766317e+25,2.9782039138781222,1.6380121526329674,1.2590221507405557,58,5,8.344827586206897,0.6862068965517241,0.5617259118110896,0.10344827586206896
finetune_000165_v03,finetune_000165,CoHC4O3,HF_COREMOF_GCMC,/home/rakeyma/Tüm_çalışmalar/MOF Radyoaktif Gaz Adsorpsiyonu/data/processed/augmented_cif/finetune_000165_v03.cif,Ni5H6(C3O2)8,True,0.1290892955747997,6,Ni,-CH3,0.04889382592814037,"substitution,defect,functional,noise",False,True,0.2750740687945929,0.29459571544341334,4.598498582766842e+25,4.924848008727857e+25,3.6783300808174086,2.023081544449575,1.0709686912123946,51,4,8.196078431372548,0.6794117647058825,0.5748260606479145,0.09803921568627451
finetune_000165_v04,finetune_000165,CoHC4O3,HF_COREMOF_GCMC,/home/rakeyma/Tüm_çalışmalar/MOF Radyoaktif Gaz Adsorpsiyonu/data/processed/augmented_cif/finetune_000165_v04.cif,Zn3H3C12N2O9,True,0.0,0,Zn,-NH2,0.09502118393617319,"noise,substitution,functional",False,True,0.145838340359588,0.19080609744444565,2.4380247996310457e+25,3.1897647514595633e+25,2.9602855833476767,1.6281570708412223,1.3083397477918521,58,5,8.655172413793103,0.6862068965517241,0.6263098274815748,0.10344827586206896
finetune_000165_v05,finetune_000165,CoHC4O3,HF_COREMOF_GCMC,/home/rakeyma/Tüm_çalışmalar/MOF Radyoaktif Gaz Adsorpsiyonu/data/processed/augmented_cif/finetune_000165_v05.cif,Mn6H5C19N3O16,True,0.16106068574353385,8,Mn,-NH2,0.04470476604681042,"substitution,defect,functional,noise",False,True,0.27329728387484814,0.2986315728199904,4.568795517802806e+25,4.992316689100986e+25,3.703440285372546,2.0368921569549006,1.0926986488337866,49,5,8.53061224489796,0.7040816326530611,0.6564327840685594,0.12244897959183673
finetune_000165_v06,finetune_000165,CoHC4O3,HF_COREMOF_GCMC,/home/rakeyma/Tüm_çalışmalar/MOF Radyoaktif Gaz Adsorpsiyonu/data/processed/augmented_cif/finetune_000165_v06.cif,NiHC4O3,True,0.0,0,Ni,,0.1148885251564298,"noise,substitution",False,False,0.20877834443344895,0.24762830795697666,3.4902123824203038e+25,4.139679280504727e+25,3.372388741022685,1.854813807562477,1.186082343113472,54,4,8.555555555555555,0.688888888888889,0.5748260606479145,0.1111111111111111
finetune_000166_v00,finetune_000166,TbH8C8(NO3)2,HF_COREMOF_GCMC,/home/rakeyma/Tüm_çalışmalar/MOF Radyoaktif Gaz Adsorpsiyonu/data/processed/augmented_cif/finetune_000166_v00.cif,TbH8C8(NO3)2,False,0.0,0,,,0.0,none,False,False,0.02481166212658632,0.05,8.506364654357456e+24,1.714186782602257e+25,1.6927034589673409,1.2,2.015181399170503,50,5,7.32,0.5700000000000001,0.8027353237524806,0.04
finetune_000166_v01,finetune_000166,TbH8C8(NO3)2,HF_COREMOF_GCMC,/home/rakeyma/Tüm_çalışmalar/MOF Radyoaktif Gaz Adsorpsiyonu/data/processed/augmented_cif/finetune_000166_v01.cif,TbH8C9(NO3)2,True,0.0,0,,-CH3,0.03149971487672074,"functional,noise",False,True,0.024064959079179358,0.05,8.250366955478688e+24,1.7141867826022575e+25,1.6927034589673409,1.2,2.0777097453391997,52,5,7.269230769230769,0.5750000000000001,0.8027353237524806,0.038461538461538464
finetune_000166_v02,finetune_000166,TbH8C8(NO3)2,HF_COREMOF_GCMC,/home/rakeyma/Tüm_çalışmalar/MOF Radyoaktif Gaz Adsorpsiyonu/data/processed/augmented_cif/finetune_000166_v02.cif,Tb2H13C17N3O10,True,0.15341714491150066,7,,-CH3,0.13825719831807767,"defect,functional,noise",False,True,0.02605766849098027,0.05,8.933542182533938e+24,1.7141867826022575e+25,1.6927034589673409,1.2,1.9188209419928437,45,5,7.688888888888889,0.5911111111111111,0.8027353237524806,0.044444444444444446
finetune_000166_v03,finetune_000166,TbH8C8(NO3)2,HF_COREMOF_GCMC,/home/rakeyma/Tüm_çalışmalar/MOF Radyoaktif Gaz Adsorpsiyonu/data/processed/augmented_cif/finetune_000166_v03.cif,TbH8C8(NO3)2,True,0.0,0,,,0.0889892379581781,"noise,substitution",False,False,0.02481166212658632,0.05,8.506364654357456e+24,1.714186782602257e+25,1.6927034589673409,1.2,2.015181399170503,50,5,7.32,0.5700000000000001,0.8027353237524806,0.04
finetune_000166_v04,finetune_000166,TbH8C8(NO3)2,HF_COREMOF_GCMC,/home/rakeyma/Tüm_çalışmalar/MOF Radyoaktif Gaz Adsorpsiyonu/data/processed/augmented_cif/finetune_000166_v04.cif,Tb2H15C15N3O8,True,0.15045121487239665,7,,,0.1187387839531927,"noise,defect",False,False,0.028117590515861667,0.05,9.639760404182534e+24,1.7141867826022577e+25,1.6927034589673409,1.2,1.7782462537746273,43,5,7.441860465116279,0.5697674418604652,0.8027353237524806,0.046511627906976744
finetune_000166_v05,finetune_000166,TbH8C8(NO3)2,HF_COREMOF_GCMC,/home/rakeyma/Tüm_çalışmalar/MOF Radyoaktif Gaz Adsorpsiyonu/data/processed/augmented_cif/finetune_000166_v05.cif,TbH8C8(NO3)2,True,0.0,0,,,0.114273767242265,"substitution,noise",False,False,0.02481166212658632,0.05,8.506364654357456e+24,1.714186782602257e+25,1.6927034589673409,1.2,2.015181399170503,50,5,7.32,0.5700000000000001,0.8027353237524806,0.04
finetune_000166_v06,finetune_000166,TbH8C8(NO3)2,HF_COREMOF_GCMC,/home/rakeyma/Tüm_çalışmalar/MOF Radyoaktif Gaz Adsorpsiyonu/data/processed/augmented_cif/finetune_000166_v06.cif,Tb2H14C16N4O11,True,0.06672167588400005,3,,,0.062160912385642676,"defect,noise",False,False,0.025402797633263693,0.05,8.709027988812103e+24,1.714186782602257e+25,1.6927034589673409,1.2,1.968287143874559,47,5,7.574468085106383,0.5829787234042556,0.8027353237524806,0.0425531914893617
finetune_000167_v00,finetune_000167,LaC12(ClO)6,HF_COREMOF_GCMC,/home/rakeyma/Tüm_çalışmalar/MOF Radyoaktif Gaz Adsorpsiyonu/data/processed/augmented_cif/finetune_000167_v00.cif,LaC12(ClO)6,False,0.0,0,,,0.0,none,False,False,0.027855608691282376,0.05,5.564325439575443e+24,9.987800843348366e+24,1.9871936116040632,1.2,1.7949706486093728,50,4,11.16,0.7979999999999999,0.9036142705823099,0.04
finetune_000167_v01,finetune_000167,LaC12(ClO)6,HF_COREMOF_GCMC,/home/rakeyma/Tüm_çalışmalar/MOF Radyoaktif Gaz Adsorpsiyonu/data/processed/augmented_cif/finetune_000167_v01.cif,LaC12N2(ClO)6,True,0.0,0,,-NH2,0.1353019840134841,"functional,noise",False,True,0.026596527424587756,0.05,5.31281638082871e+24,9.987800843348366e+24,1.9871936116040632,1.2,1.8799446710391365,54,5,10.851851851851851,0.7870370370370369,0.8304793796356416,0.037037037037037035
finetune_000167_v02,finetune_000167,LaC12(ClO)6,HF_COREMOF_GCMC,/home/rakeyma/Tüm_çalışmalar/MOF Radyoaktif Gaz Adsorpsiyonu/data/processed/augmented_cif/finetune_000167_v02.cif,LaC12(ClO)6,True,0.0,0,,,0.05850818531093317,noise,False,False,0.027855608691282376,0.05,5.564325439575443e+24,9.987800843348366e+24,1.9871936116040632,1.2,1.7949706486093728,50,4,11.16,0.7979999999999999,0.9036142705823099,0.04
finetune_000167_v03,finetune_000167,LaC12(ClO)6,HF_COREMOF_GCMC,/home/rakeyma/Tüm_çalışmalar/MOF Radyoaktif Gaz Adsorpsiyonu/data/processed/augmented_cif/finetune_000167_v03.cif,La2C24(ClO)11,True,0.047256188923007286,2,,,0.048764189145390734,"defect,noise",False,False,0.038295415381312085,0.06575071869750426,7.649739640836896e+24,1.3134101673153883e+25,2.2787959153013615,1.2533377534157488,1.7169344696438567,48,4,11.104166666666666,0.7979166666666666,0.9036142705823099,0.041666666666666664
finetune_000167_v04,finetune_000167,LaC12(ClO)6,HF_COREMOF_GCMC,/home/rakeyma/Tüm_çalışmalar/MOF Radyoaktif Gaz Adsorpsiyonu/data/processed/augmented_cif/finetune_000167_v04.cif,La2C22(ClO)11,True,0.16233749500303774,7,,-CH3,0.11615681208513715,"defect,functional,noise",False,True,0.06149572465531892,0.10334368795404314,1.2284141011494264e+25,2.064352347404245e+25,2.856913939643695,1.5713026668040324,1.6805019947854976,46,4,11.326086956521738,0.8021739130434785,0.9036142705823099,0.043478260869565216
finetune_000167_v05,finetune_000167,LaC12(ClO)6,HF_COREMOF_GCMC,/home/rakeyma/Tüm_çalışmalar/MOF Radyoaktif Gaz Adsorpsiyonu/data/processed/augmented_cif/finetune_000167_v05.cif,LaC14(ClO)6,True,0.0,0,,-CH3,0.13877330486679493,"functional,noise",False,True,0.026768951210057665,0.05,5.347259069427303e+24,9.987800843348366e+24,1.9871936116040632,1.2,1.8678355983260913,54,4,10.777777777777779,0.790740740740741,0.9036142705823099,0.037037037037037035
finetune_000167_v06,finetune_000167,LaC12(ClO)6,HF_COREMOF_GCMC,/home/rakeyma/Tüm_çalışmalar/MOF Radyoaktif Gaz Adsorpsiyonu/data/processed/augmented_cif/finetune_000167_v06.cif,LaC12N2Cl5O6,True,0.04354297831803635,2,,-NH2,0.04133229282042572,"noise,defect,functional",False,True,0.028210274978229075,0.05,5.635172164372913e+24,9.987800843348368e+24,1.9871936116040632,1.2,1.7724038506745106,52,5,10.615384615384615,0.7788461538461535,0.8304793796356416,0.038461538461538464
finetune_000168_v00,finetune_000168,CoHC4O3,HF_COREMOF_GCMC,/home/rakeyma/Tüm_çalışmalar/MOF Radyoaktif Gaz Adsorpsiyonu/data/processed/augmented_cif/finetune_000168_v00.cif,CoHC4O3,False,0.0,0,,,0.0,none,False,False,0.20272234461597277,0.24081560498963828,3.3889723538711354e+25,4.025789210541387e+25,3.325674945771934,1.8291212201745637,1.1879085428191327,54,4,8.444444444444445,0.688888888888889,0.5829397481729994,0.1111111111111111
finetune_000168_v01,finetune_000168,CoHC4O3,HF_COREMOF_GCMC,/home/rakeyma/Tüm_çalışmalar/MOF Radyoaktif Gaz Adsorpsiyonu/data/processed/augmented_cif/finetune_000168_v01.cif,Co3H3C12N2O9,True,0.0,0,,-NH2,0.14386695220671764,"functional,noise",False,True,0.15339122571188762,0.1931229509005108,2.56428872825416e+25,3.228496309766317e+25,2.9782039138781222,1.6380121526329674,1.2590221507405557,58,5,8.344827586206897,0.6862068965517241,0.5617259118110896,0.10344827586206896
finetune_000168_v02,finetune_000168,CoHC4O3,HF_COREMOF_GCMC,/home/rakeyma/Tüm_çalışmalar/MOF Radyoaktif Gaz Adsorpsiyonu/data/processed/augmented_cif/finetune_000168_v02.cif,Zn3H3C12N2O9,True,0.0,0,Zn,-NH2,0.12134919542042746,"substitution,functional,noise",False,True,0.145838340359588,0.19080609744444565,2.4380247996310457e+25,3.1897647514595633e+25,2.9602855833476767,1.6281570708412223,1.3083397477918521,58,5,8.655172413793103,0.6862068965517241,0.6263098274815748,0.10344827586206896
finetune_000168_v03,finetune_000168,CoHC4O3,HF_COREMOF_GCMC,/home/rakeyma/Tüm_çalışmalar/MOF Radyoaktif Gaz Adsorpsiyonu/data/processed/augmented_cif/finetune_000168_v03.cif,Co3H3C13O9,True,0.046850692416933064,2,,-CH3,0.092855477237906,"functional,defect,noise",False,True,0.17182767196751808,0.2093545584265979,2.872496522428615e+25,3.4998451305832887e+25,3.100835278490532,1.7054594031697927,1.2183983873457462,56,4,8.357142857142858,0.6892857142857142,0.5829397481729994,0.10714285714285714
finetune_000168_v04,finetune_000168,CoHC4O3,HF_COREMOF_GCMC,/home/rakeyma/Tüm_çalışmalar/MOF Radyoaktif Gaz Adsorpsiyonu/data/processed/augmented_cif/finetune_000168_v04.cif,Zn5H6C22(NO4)4,True,0.09803977003802816,5,Zn,-NH2,0.049359703006781136,"substitution,functional,defect,noise",False,True,0.23458088922985776,0.27075614423115657,3.921561532116656e+25,4.526314497685803e+25,3.526359995424953,1.9394979974837243,1.1542122852380012,53,5,8.377358490566039,0.6764150943396225,0.6263098274815748,0.09433962264150944
finetune_000168_v05,finetune_000168,CoHC4O3,HF_COREMOF_GCMC,/home/rakeyma/Tüm_çalışmalar/MOF Radyoaktif Gaz Adsorpsiyonu/data/processed/augmented_cif/finetune_000168_v05.cif,Ni6H5C25O17,True,0.0873193105684471,5,Ni,-CH3,0.03795936154901399,"substitution,functional,defect,noise",False,True,0.2097102080221868,0.24740356607011005,3.5057906352556978e+25,4.135922200628847e+25,3.370858041523198,1.853971922837759,1.1797402158121717,53,4,8.660377358490566,0.6990566037735851,0.5748260606479145,0.11320754716981132
finetune_000168_v06,finetune_000168,CoHC4O3,HF_COREMOF_GCMC,/home/rakeyma/Tüm_çalışmalar/MOF Radyoaktif Gaz Adsorpsiyonu/data/processed/augmented_cif/finetune_000168_v06.cif,Ni6H6C25O17,True,0.07686568503953936,4,Ni,-CH3,0.055534025542013324,"substitution,functional,defect,noise",False,True,0.20587461404722193,0.24314194862909566,3.441669820323064e+25,4.064679419189378e+25,3.34169979578792,1.8379348876833563,1.1810195722981447,54,4,8.518518518518519,0.690740740740741,0.5748260606479145,0.1111111111111111
finetune_000169_v00,finetune_000169,CoHC4O3,HF_COREMOF_GCMC,/home/rakeyma/Tüm_çalışmalar/MOF Radyoaktif Gaz Adsorpsiyonu/data/processed/augmented_cif/finetune_000169_v00.cif,CoHC4O3,False,0.0,0,,,0.0,none,False,False,0.20272234461597277,0.24081560498963828,3.3889723538711354e+25,4.025789210541387e+25,3.325674945771934,1.8291212201745637,1.1879085428191327,54,4,8.444444444444445,0.688888888888889,0.5829397481729994,0.1111111111111111
finetune_000169_v01,finetune_000169,CoHC4O3,HF_COREMOF_GCMC,/home/rakeyma/Tüm_çalışmalar/MOF Radyoaktif Gaz Adsorpsiyonu/data/processed/augmented_cif/finetune_000169_v01.cif,ZnHC4O3,True,0.0,0,Zn,,0.13843313688376402,"substitution,noise",False,False,0.19276892384325992,0.23849875153357314,3.2225779295708914e+25,3.987057652234633e+25,3.3096383529431552,1.8203010941187354,1.2372261398704287,54,4,8.777777777777779,0.688888888888889,0.6504229393248673,0.1111111111111111
finetune_000169_v02,finetune_000169,CoHC4O3,HF_COREMOF_GCMC,/home/rakeyma/Tüm_çalışmalar/MOF Radyoaktif Gaz Adsorpsiyonu/data/processed/augmented_cif/finetune_000169_v02.cif,Mn6H5(C13O9)2,True,0.06029877567415011,2,Mn,-CH3,0.11414343634003574,"defect,functional,substitution,noise",False,True,0.1700515837393395,0.20179907250891682,2.8428051042737217e+25,3.3735377275015537e+25,3.0443674408061985,1.6744020924434093,1.1866932848931349,55,4,8.272727272727273,0.702727272727273,0.6822206387965699,0.10909090909090909
finetune_000169_v03,finetune_000169,CoHC4O3,HF_COREMOF_GCMC,/home/rakeyma/Tüm_çalışmalar/MOF Radyoaktif Gaz Adsorpsiyonu/data/processed/augmented_cif/finetune_000169_v03.cif,Co3H3C11O9,True,0.044588247887627566,2,,,0.05125925972051582,"noise,defect",False,False,0.23524473205276053,0.27227665155267855,3.932659198623993e+25,4.551733290499483e+25,3.536247766424017,1.9449362715332095,1.157418698292519,52,4,8.538461538461538,0.6884615384615386,0.5829397481729994,0.11538461538461539
finetune_000169_v04,finetune_000169,CoHC4O3,HF_COREMOF_GCMC,/home/rakeyma/Tüm_çalışmalar/MOF Radyoaktif Gaz Adsorpsiyonu/data/processed/augmented_cif/finetune_000169_v04.cif,Co2H2C7NO6,True,0.09435948671786684,4,,-NH2,0.050188279117981585,"noise,functional,defect",False,True,0.21098769484077678,0.25223768426735305,3.5271467788956e+25,4.216735654897229e+25,3.403631003299058,1.8719970518144822,1.1955089819702795,54,5,8.5,0.686111111111111,0.5617259118110896,0.1111111111111111
finetune_000169_v05,finetune_000169,CoHC4O3,HF_COREMOF_GCMC,/home/rakeyma/Tüm_çalışmalar/MOF Radyoaktif Gaz Adsorpsiyonu/data/processed/augmented_cif/finetune_000169_v05.cif,Ni6H6C24O17,True,0.0353556903158376,1,Ni,,0.04379883158775965,"defect,noise,substitution",False,False,0.22206047446895477,0.2588724719106158,3.712253872598018e+25,4.327651459168426e+25,3.4481045134205077,1.8964574823812794,1.1657746500348378,53,4,8.566037735849056,0.6905660377358491,0.5748260606479145,0.11320754716981132
finetune_000169_v06,finetune_000169,CoHC4O3,HF_COREMOF_GCMC,/home/rakeyma/Tüm_çalışmalar/MOF Radyoaktif Gaz Adsorpsiyonu/data/processed/augmented_cif/finetune_000169_v06.cif,Zn3H3C12N2O9,True,0.0,0,Zn,-NH2,0.036931316620451966,"functional,substitution,noise",False,True,0.145838340359588,0.19080609744444565,2.4380247996310457e+25,3.1897647514595633e+25,2.9602855833476767,1.6281570708412223,1.3083397477918521,58,5,8.655172413793103,0.6862068965517241,0.6263098274815748,0.10344827586206896
finetune_000170_v00,finetune_000170,CoHC4O3,HF_COREMOF_GCMC,/home/rakeyma/Tüm_çalışmalar/MOF Radyoaktif Gaz Adsorpsiyonu/data/processed/augmented_cif/finetune_000170_v00.cif,CoHC4O3,False,0.0,0,,,0.0,none,False,False,0.20272234461597277,0.24081560498963828,3.3889723538711354e+25,4.025789210541387e+25,3.325674945771934,1.8291212201745637,1.1879085428191327,54,4,8.444444444444445,0.688888888888889,0.5829397481729994,0.1111111111111111
finetune_000170_v01,finetune_000170,CoHC4O3,HF_COREMOF_GCMC,/home/rakeyma/Tüm_çalışmalar/MOF Radyoaktif Gaz Adsorpsiyonu/data/processed/augmented_cif/finetune_000170_v01.cif,Ni3H3C12N2O9,True,0.0,0,Ni,-NH2,0.1412625387598837,"substitution,functional,noise",False,True,0.15903300810288704,0.19993565386784928,2.6586041555242704e+25,3.3423863797296594e+25,3.030278952222119,1.6666534237221655,1.2571959510348951,58,5,8.448275862068966,0.6862068965517241,0.5538736317970011,0.10344827586206896
finetune_000170_v02,finetune_000170,CoHC4O3,HF_COREMOF_GCMC,/home/rakeyma/Tüm_çalışmalar/MOF Radyoaktif Gaz Adsorpsiyonu/data/processed/augmented_cif/finetune_000170_v02.cif,CoHC4O3,True,0.0,0,,,0.13645939752358605,noise,False,False,0.20272234461597277,0.24081560498963828,3.3889723538711354e+25,4.025789210541387e+25,3.325674945771934,1.8291212201745637,1.1879085428191327,54,4,8.444444444444445,0.688888888888889,0.5829397481729994,0.1111111111111111
finetune_000170_v03,finetune_000170,CoHC4O3,HF_COREMOF_GCMC,/home/rakeyma/Tüm_çalışmalar/MOF Radyoaktif Gaz Adsorpsiyonu/data/processed/augmented_cif/finetune_000170_v03.cif,Co6H6(C4O3)5,True,0.1589164214307181,7,,,0.04341080177873916,"noise,defect",False,False,0.3165744483189362,0.337470189976636,5.292273307746408e+25,5.64159390644867e+25,3.9369073434391946,2.165299038891557,1.066005774530003,47,4,8.680851063829786,0.693617021276596,0.5829397481729994,0.1276595744680851
finetune_000170_v04,finetune_000170,CoHC4O3,HF_COREMOF_GCMC,/home/rakeyma/Tüm_çalışmalar/MOF Radyoaktif Gaz Adsorpsiyonu/data/processed/augmented_cif/finetune_000170_v04.cif,Co3H3C12O7,True,0.09720920113787461,4,,,0.08749942410167118,"noise,defect",False,False,0.25824342769068726,0.2857922608041946,4.31713553170745e+25,4.777677925196175e+25,3.6229531468834058,1.9926242307858733,1.1066777705045963,50,4,8.48,0.696,0.5829397481729994,0.12
finetune_000170_v05,finetune_000170,CoHC4O3,HF_COREMOF_GCMC,/home/rakeyma/Tüm_çalışmalar/MOF Radyoaktif Gaz Adsorpsiyonu/data/processed/augmented_cif/finetune_000170_v05.cif,ZnHC4O3,True,0.0,0,Zn,,0.111096473787221,"substitution,noise",False,False,0.19276892384325992,0.23849875153357314,3.2225779295708914e+25,3.987057652234633e+25,3.3096383529431552,1.8203010941187354,1.2372261398704287,54,4,8.777777777777779,0.688888888888889,0.6504229393248673,0.1111111111111111
finetune_000170_v06,finetune_000170,CoHC4O3,HF_COREMOF_GCMC,/home/rakeyma/Tüm_çalışmalar/MOF Radyoaktif Gaz Adsorpsiyonu/data/processed/augmented_cif/finetune_000170_v06.cif,CoHC4O3,True,0.0,0,,,0.07379212235100621,noise,False,False,0.20272234461597277,0.24081560498963828,3.3889723538711354e+25,4.025789210541387e+25,3.325674945771934,1.8291212201745637,1.1879085428191327,54,4,8.444444444444445,0.688888888888889,0.5829397481729994,0.1111111111111111
finetune_000171_v00,finetune_000171,Ho(CO2)4,HF_COREMOF_GCMC,/home/rakeyma/Tüm_çalışmalar/MOF Radyoaktif Gaz Adsorpsiyonu/data/processed/augmented_cif/finetune_000171_v00.cif,Ho(CO2)4,False,0.0,0,,,0.0,none,False,False,0.14997836171222506,0.25281674030478984,2.4414133620380375e+25,4.115461463109865e+25,4.837021143375599,2.6603616288565797,1.6856881047273249,52,3,11.923076923076923,0.7192307692307693,0.9079035680560402,0.07692307692307693
finetune_000171_v01,finetune_000171,Ho(CO2)4,HF_COREMOF_GCMC,/home/rakeyma/Tüm_çalışmalar/MOF Radyoaktif Gaz Adsorpsiyonu/data/processed/augmented_cif/finetune_000171_v01.cif,Ho4(C5O9)3,True,0.13397187353075485,6,,,0.05196898446537257,"defect,substitution,noise",False,False,0.20539771905660045,0.32287917276238054,3.343553897455623e+25,5.255968379081243e+25,5.466320454912139,3.0064762502016764,1.5719705858729924,46,3,12.478260869565217,0.7326086956521741,0.9079035680560402,0.08695652173913043
finetune_000171_v02,finetune_000171,Ho(CO2)4,HF_COREMOF_GCMC,/home/rakeyma/Tüm_çalışmalar/MOF Radyoaktif Gaz Adsorpsiyonu/data/processed/augmented_cif/finetune_000171_v02.cif,Ho(CO2)4,True,0.0,0,,,0.11521512656643453,"substitution,noise,defect",False,False,0.14997836171222506,0.25281674030478984,2.4414133620380375e+25,4.115461463109865e+25,4.837021143375599,2.6603616288565797,1.6856881047273249,52,3,11.923076923076923,0.7192307692307693,0.9079035680560402,0.07692307692307693
finetune_000171_v03,finetune_000171,Ho(CO2)4,HF_COREMOF_GCMC,/home/rakeyma/Tüm_çalışmalar/MOF Radyoaktif Gaz Adsorpsiyonu/data/processed/augmented_cif/finetune_000171_v03.cif,Ho2C7NO13,True,0.17110656019080267,8,,-NH2,0.08748699399062905,"functional,defect,noise",False,True,0.2073350243393206,0.325925405331037,3.3750902000900995e+25,5.305556285043726e+25,5.492046165239111,3.020625390881511,1.5719746645295856,46,4,12.478260869565217,0.732608695652174,0.8327214420200791,0.08695652173913043
finetune_000171_v04,finetune_000171,Ho(CO2)4,HF_COREMOF_GCMC,/home/rakeyma/Tüm_çalışmalar/MOF Radyoaktif Gaz Adsorpsiyonu/data/processed/augmented_cif/finetune_000171_v04.cif,Ho(CO2)4,True,0.0,0,,,0.1312080631149053,"noise,substitution",False,False,0.14997836171222506,0.25281674030478984,2.4414133620380375e+25,4.115461463109865e+25,4.837021143375599,2.6603616288565797,1.6856881047273249,52,3,11.923076923076923,0.7192307692307693,0.9079035680560402,0.07692307692307693
finetune_000171_v05,finetune_000171,Ho(CO2)4,HF_COREMOF_GCMC,/home/rakeyma/Tüm_çalışmalar/MOF Radyoaktif Gaz Adsorpsiyonu/data/processed/augmented_cif/finetune_000171_v05.cif,Ho2C9O16,True,0.0,0,,-CH3,0.1029102303812352,"functional,noise",False,True,0.12952345876697718,0.22218162834662825,2.108439506345835e+25,3.616769712991286e+25,4.534497269418265,2.4939734981800457,1.715377511237948,54,3,11.703703703703704,0.7185185185185188,0.9079035680560402,0.07407407407407407
finetune_000171_v06,finetune_000171,Ho(CO2)4,HF_COREMOF_GCMC,/home/rakeyma/Tüm_çalışmalar/MOF Radyoaktif Gaz Adsorpsiyonu/data/processed/augmented_cif/finetune_000171_v06.cif,Ho4C16O27,True,0.14210060668630226,7,,-CH3,0.13976494045143195,"functional,noise,defect",False,True,0.1938231997703115,0.30756161678329985,3.1551388106250703e+25,5.006622504021954e+25,5.335082500603005,2.934295375331653,1.5868152891283038,47,3,12.340425531914894,0.7319148936170216,0.9079035680560402,0.0851063829787234
finetune_000172_v00,finetune_000172,AlH5C8O5,HF_COREMOF_GCMC,/home/rakeyma/Tüm_çalışmalar/MOF Radyoaktif Gaz Adsorpsiyonu/data/processed/augmented_cif/finetune_000172_v00.cif,AlH5C8O5,False,0.0,0,,,0.0,none,False,False,0.20142572307430212,0.192406380937295,6.088620349570138e+25,5.815987096791099e+25,2.9266162052360323,1.6096389128798179,0.9552224909542459,38,4,5.578947368421052,0.5842105263157897,0.6629856710367125,0.05263157894736842
finetune_000172_v01,finetune_000172,AlH5C8O5,HF_COREMOF_GCMC,/home/rakeyma/Tüm_çalışmalar/MOF Radyoaktif Gaz Adsorpsiyonu/data/processed/augmented_cif/finetune_000172_v01.cif,GaH5C8O5,True,0.0,0,Ga,,0.05699982671276685,"substitution,noise",False,False,0.16399045723360328,0.18882043479659494,4.957041334187043e+25,5.707592477119435e+25,2.8992157432837495,1.5945686588060624,1.1514111124626083,38,4,6.526315789473684,0.586842105263158,0.602536305960064,0.05263157894736842
finetune_000172_v02,finetune_000172,AlH5C8O5,HF_COREMOF_GCMC,/home/rakeyma/Tüm_çalışmalar/MOF Radyoaktif Gaz Adsorpsiyonu/data/processed/augmented_cif/finetune_000172_v02.cif,CrH5C8NO5,True,0.0,0,Cr,-NH2,0.07157803058597992,"substitution,functional,noise",False,True,0.10596407451366323,0.1201987512538496,3.2030418486782026e+25,3.6333222574911363e+25,2.313161820568515,1.2722390013126834,1.1343349319617841,40,5,6.2,0.595,0.6233586447623871,0.05
finetune_000172_v03,finetune_000172,AlH5C8O5,HF_COREMOF_GCMC,/home/rakeyma/Tüm_çalışmalar/MOF Radyoaktif Gaz Adsorpsiyonu/data/processed/augmented_cif/finetune_000172_v03.cif,AlH5C8NO5,True,0.0,0,,-NH2,0.03239093640657543,"functional,noise",False,True,0.1464307428986823,0.1492883366920792,4.426252950258542e+25,4.512631211464355e+25,2.577917278004966,1.4178545029027314,1.0195149852881245,40,5,5.65,0.5875,0.6382287990995078,0.05
finetune_000172_v04,finetune_000172,AlH5C8O5,HF_COREMOF_GCMC,/home/rakeyma/Tüm_çalışmalar/MOF Radyoaktif Gaz Adsorpsiyonu/data/processed/augmented_cif/finetune_000172_v04.cif,AlH5C8O5,True,0.0,0,,,0.05839755819138671,noise,False,False,0.20142572307430212,0.192406380937295,6.088620349570138e+25,5.815987096791099e+25,2.9266162052360323,1.6096389128798179,0.9552224909542459,38,4,5.578947368421052,0.5842105263157897,0.6629856710367125,0.05263157894736842
finetune_000172_v05,finetune_000172,AlH5C8O5,HF_COREMOF_GCMC,/home/rakeyma/Tüm_çalışmalar/MOF Radyoaktif Gaz Adsorpsiyonu/data/processed/augmented_cif/finetune_000172_v05.cif,FeH5C8O5,True,0.0,0,Fe,,0.06538602363616354,"substitution,noise",False,False,0.15283164863304496,0.16623641581191673,4.6197371007190296e+25,5.0249313181250246e+25,2.72031452812617,1.4961729904693937,1.0877093671289064,38,4,6.2631578947368425,0.5921052631578949,0.5968458762528228,0.05263157894736842
finetune_000172_v06,finetune_000172,AlH5C8O5,HF_COREMOF_GCMC,/home/rakeyma/Tüm_çalışmalar/MOF Radyoaktif Gaz Adsorpsiyonu/data/processed/augmented_cif/finetune_000172_v06.cif,GaH4C9O5,True,0.07518788904935214,2,Ga,-CH3,0.07590293634656539,"defect,substitution,functional,noise",False,True,0.12259196041799264,0.14734513434038665,3.7056632762805003e+25,4.453892827899098e+25,2.5610846734773856,1.4085965704125623,1.2019151487421764,38,4,6.7894736842105265,0.6105263157894738,0.602536305960064,0.05263157894736842
finetune_000173_v00,finetune_000173,ErH4(CO2)4,HF_COREMOF_GCMC,/home/rakeyma/Tüm_çalışmalar/MOF Radyoaktif Gaz Adsorpsiyonu/data/processed/augmented_cif/finetune_000173_v00.cif,ErH4(CO2)4,False,0.0,0,,,0.0,none,False,False,0.023600667038622233,0.05,9.4800095235009e+24,2.008419827284324e+25,1.5,1.2,2.1185841873950237,34,4,9.411764705882353,0.6088235294117648,0.7877935960643498,0.058823529411764705
finetune_000173_v01,finetune_000173,ErH4(CO2)4,HF_COREMOF_GCMC,/home/rakeyma/Tüm_çalışmalar/MOF Radyoaktif Gaz Adsorpsiyonu/data/processed/augmented_cif/finetune_000173_v01.cif,Er2H8C8O15,True,0.03641521267102753,1,,,0.09125515417368621,"defect,noise",False,False,0.024157053974975008,0.05,9.703501234423476e+24,2.0084198272843235e+25,1.5,1.2,2.0697888100012714,33,4,9.454545454545455,0.6090909090909091,0.7877935960643498,0.06060606060606061
finetune_000173_v02,finetune_000173,ErH4(CO2)4,HF_COREMOF_GCMC,/home/rakeyma/Tüm_çalışmalar/MOF Radyoaktif Gaz Adsorpsiyonu/data/processed/augmented_cif/finetune_000173_v02.cif,Er2H8C8NO12,True,0.12655358355977925,4,,-NH2,0.06442307111187509,"defect,functional,noise",False,True,0.0397052388179455,0.07806529066896872,1.5948957777804184e+25,3.135757552045414e+25,1.8507566320917594,1.2,1.9661206680284644,31,5,9.516129032258064,0.6112903225806453,0.7556612997897934,0.06451612903225806
finetune_000173_v03,finetune_000173,ErH4(CO2)4,HF_COREMOF_GCMC,/home/rakeyma/Tüm_çalışmalar/MOF Radyoaktif Gaz Adsorpsiyonu/data/processed/augmented_cif/finetune_000173_v03.cif,ErH4(CO2)4,True,0.0,0,,,0.13166595128167607,"substitution,defect,noise",False,False,0.023600667038622233,0.05,9.4800095235009e+24,2.008419827284324e+25,1.5,1.2,2.1185841873950237,34,4,9.411764705882353,0.6088235294117648,0.7877935960643498,0.058823529411764705
finetune_000173_v04,finetune_000173,ErH4(CO2)4,HF_COREMOF_GCMC,/home/rakeyma/Tüm_çalışmalar/MOF Radyoaktif Gaz Adsorpsiyonu/data/processed/augmented_cif/finetune_000173_v04.cif,ErH4(CO2)4,True,0.0,0,,,0.09708204572661348,"substitution,defect,noise",False,False,0.023600667038622233,0.05,9.4800095235009e+24,2.008419827284324e+25,1.5,1.2,2.1185841873950237,34,4,9.411764705882353,0.6088235294117648,0.7877935960643498,0.058823529411764705
finetune_000173_v05,finetune_000173,ErH4(CO2)4,HF_COREMOF_GCMC,/home/rakeyma/Tüm_çalışmalar/MOF Radyoaktif Gaz Adsorpsiyonu/data/processed/augmented_cif/finetune_000173_v05.cif,Er2H7(C2O3)4,True,0.16868853608721734,5,,,0.07737532142755078,"defect,noise",False,False,0.06090318185248911,0.11695412418054807,2.4463831595448386e+25,4.697859637737713e+25,2.265312358466399,1.2459217971565195,1.9203286367503334,29,4,9.89655172413793,0.6224137931034485,0.7877935960643498,0.06896551724137931
finetune_000173_v06,finetune_000173,ErH4(CO2)4,HF_COREMOF_GCMC,/home/rakeyma/Tüm_çalışmalar/MOF Radyoaktif Gaz Adsorpsiyonu/data/processed/augmented_cif/finetune_000173_v06.cif,Er2H7C8O13,True,0.13692146001299726,4,,,0.06626479899760505,"defect,noise",False,False,0.04567341484727369,0.08993661798373165,1.8346278391809339e+25,3.612609735148451e+25,1.9865001393004116,1.2,1.9691240141440858,30,4,9.833333333333334,0.6216666666666668,0.7877935960643498,0.06666666666666667
finetune_000174_v00,finetune_000174,CaH2C6SO4,HF_COREMOF_GCMC,/home/rakeyma/Tüm_çalışmalar/MOF Radyoaktif Gaz Adsorpsiyonu/data/processed/augmented_cif/finetune_000174_v00.cif,CaH2C6SO4,False,0.0,0,,,0.0,none,False,False,0.13296512517172407,0.14690946747682954,2.301038405955142e+25,2.542353315773737e+25,2.512834216837471,1.3820588192606091,1.1048721782279105,56,5,7.571428571428571,0.7071428571428571,0.7906857782962837,0.07142857142857142
finetune_000174_v01,finetune_000174,CaH2C6SO4,HF_COREMOF_GCMC,/home/rakeyma/Tüm_çalışmalar/MOF Radyoaktif Gaz Adsorpsiyonu/data/processed/augmented_cif/finetune_000174_v01.cif,Ca4H8C23(S2O7)2,True,0.13090280750003966,6,,-CH3,0.14832027154059063,"defect,functional,noise",False,True,0.17809453796410155,0.18647320788837463,3.0820289998371763e+25,3.2270267295928098e+25,2.8310475638191774,1.5570761601005476,1.0470461925450065,53,5,7.584905660377358,0.7113207547169813,0.7906857782962837,0.07547169811320754
finetune_000174_v02,finetune_000174,CaH2C6SO4,HF_COREMOF_GCMC,/home/rakeyma/Tüm_çalışmalar/MOF Radyoaktif Gaz Adsorpsiyonu/data/processed/augmented_cif/finetune_000174_v02.cif,CaH2C7SO4,True,0.0,0,,-CH3,0.07862027409529643,"functional,noise",False,True,0.07001143875400968,0.08177319882517109,1.2115884463771505e+25,1.415132508103251e+25,1.8747546452428696,1.2,1.1679976912413872,60,5,7.466666666666667,0.7066666666666668,0.7906857782962837,0.06666666666666667
finetune_000174_v03,finetune_000174,CaH2C6SO4,HF_COREMOF_GCMC,/home/rakeyma/Tüm_çalışmalar/MOF Radyoaktif Gaz Adsorpsiyonu/data/processed/augmented_cif/finetune_000174_v03.cif,CaH2C6SO4,True,0.0,0,,,0.08617529927544672,"substitution,noise",False,False,0.13296512517172407,0.14690946747682954,2.301038405955142e+25,2.542353315773737e+25,2.512834216837471,1.3820588192606091,1.1048721782279105,56,5,7.571428571428571,0.7071428571428571,0.7906857782962837,0.07142857142857142
finetune_000174_v04,finetune_000174,CaH2C6SO4,HF_COREMOF_GCMC,/home/rakeyma/Tüm_çalışmalar/MOF Radyoaktif Gaz Adsorpsiyonu/data/processed/augmented_cif/finetune_000174_v04.cif,CaH2C6SO4,True,0.0,0,,,0.11698947731960939,"substitution,defect,noise",False,False,0.13296512517172407,0.14690946747682954,2.301038405955142e+25,2.542353315773737e+25,2.512834216837471,1.3820588192606091,1.1048721782279105,56,5,7.571428571428571,0.7071428571428571,0.7906857782962837,0.07142857142857142
finetune_000174_v05,finetune_000174,CaH2C6SO4,HF_COREMOF_GCMC,/home/rakeyma/Tüm_çalışmalar/MOF Radyoaktif Gaz Adsorpsiyonu/data/processed/augmented_cif/finetune_000174_v05.cif,CaH2C7SO4,True,0.0,0,,-CH3,0.06756602241092824,"functional,noise",False,True,0.07001143875400968,0.08177319882517109,1.2115884463771505e+25,1.415132508103251e+25,1.8747546452428696,1.2,1.1679976912413872,60,5,7.466666666666667,0.7066666666666668,0.7906857782962837,0.06666666666666667
finetune_000174_v06,finetune_000174,CaH2C6SO4,HF_COREMOF_GCMC,/home/rakeyma/Tüm_çalışmalar/MOF Radyoaktif Gaz Adsorpsiyonu/data/processed/augmented_cif/finetune_000174_v06.cif,CaH2C6SO4,True,0.0,0,,,0.06902728415506887,"noise,substitution",False,False,0.13296512517172407,0.14690946747682954,2.301038405955142e+25,2.542353315773737e+25,2.512834216837471,1.3820588192606091,1.1048721782279105,56,5,7.571428571428571,0.7071428571428571,0.7906857782962837,0.07142857142857142
finetune_000175_v00,finetune_000175,CoHC4O3,HF_COREMOF_GCMC,/home/rakeyma/Tüm_çalışmalar/MOF Radyoaktif Gaz Adsorpsiyonu/data/processed/augmented_cif/finetune_000175_v00.cif,CoHC4O3,False,0.0,0,,,0.0,none,False,False,0.20272234461597277,0.24081560498963828,3.3889723538711354e+25,4.025789210541387e+25,3.325674945771934,1.8291212201745637,1.1879085428191327,54,4,8.444444444444445,0.688888888888889,0.5829397481729994,0.1111111111111111
finetune_000175_v01,finetune_000175,CoHC4O3,HF_COREMOF_GCMC,/home/rakeyma/Tüm_çalışmalar/MOF Radyoaktif Gaz Adsorpsiyonu/data/processed/augmented_cif/finetune_000175_v01.cif,ZnHC4O3,True,0.0,0,Zn,,0.11157880710827128,"substitution,noise",False,False,0.19276892384325992,0.23849875153357314,3.2225779295708914e+25,3.987057652234633e+25,3.3096383529431552,1.8203010941187354,1.2372261398704287,54,4,8.777777777777779,0.688888888888889,0.6504229393248673,0.1111111111111111
finetune_000175_v02,finetune_000175,CoHC4O3,HF_COREMOF_GCMC,/home/rakeyma/Tüm_çalışmalar/MOF Radyoaktif Gaz Adsorpsiyonu/data/processed/augmented_cif/finetune_000175_v02.cif,Co3H3C12O7,True,0.0948051335125818,4,,,0.05720515123206696,"defect,noise",False,False,0.25824342769068726,0.2857922608041946,4.31713553170745e+25,4.777677925196175e+25,3.6229531468834058,1.9926242307858733,1.1066777705045963,50,4,8.48,0.696,0.5829397481729994,0.12
finetune_000175_v03,finetune_000175,CoHC4O3,HF_COREMOF_GCMC,/home/rakeyma/Tüm_çalışmalar/MOF Radyoaktif Gaz Adsorpsiyonu/data/processed/augmented_cif/finetune_000175_v03.cif,Mn5H6C26O17,True,0.06628244021794569,3,Mn,-CH3,0.04003636933934261,"substitution,defect,functional,noise",False,True,0.21528236005331608,0.23636566632170586,3.598942030188688e+25,3.951398204702276e+25,3.2948047389379136,1.8121426064158526,1.097933273600161,54,4,7.833333333333333,0.6833333333333336,0.6822206387965699,0.09259259259259259
finetune_000175_v04,finetune_000175,CoHC4O3,HF_COREMOF_GCMC,/home/rakeyma/Tüm_çalışmalar/MOF Radyoaktif Gaz Adsorpsiyonu/data/processed/augmented_cif/finetune_000175_v04.cif,Co6H6C21O16,True,0.10684521894466266,5,,,0.12448330159166386,"defect,noise",False,False,0.28186930951301814,0.31049550274147686,4.712096730895345e+25,5.190649687805928e+25,3.7762882974727057,2.0769585636099883,1.101558389871944,49,4,8.612244897959183,0.6918367346938775,0.5829397481729994,0.12244897959183673
finetune_000175_v05,finetune_000175,CoHC4O3,HF_COREMOF_GCMC,/home/rakeyma/Tüm_çalışmalar/MOF Radyoaktif Gaz Adsorpsiyonu/data/processed/augmented_cif/finetune_000175_v05.cif,Co6H6C19N3O17,True,0.12511797772482625,6,,-NH2,0.13646229989117653,"defect,functional,noise",False,True,0.2576569809238138,0.29494289478403235,4.307331719090167e+25,4.930651913519021e+25,3.6804968879373545,2.024273288365545,1.144711444365032,51,5,8.607843137254902,0.6872549019607841,0.5617259118110896,0.11764705882352941
finetune_000175_v06,finetune_000175,CoHC4O3,HF_COREMOF_GCMC,/home/rakeyma/Tüm_çalışmalar/MOF Radyoaktif Gaz Adsorpsiyonu/data/processed/augmented_cif/finetune_000175_v06.cif,Mn6H6C23O17,True,0.05220154848600975,2,Mn,,0.1260525211050939,"noise,substitution,defect",False,False,0.2281542943442905,0.2559731888661021,3.814126150792633e+25,4.279183244662928e+25,3.428741350628267,1.8858077428455469,1.1219301815105536,52,4,8.26923076923077,0.6961538461538462,0.6822206387965699,0.11538461538461539
finetune_000176_v00,finetune_000176,CoPC3NO3,HF_COREMOF_GCMC,/home/rakeyma/Tüm_çalışmalar/MOF Radyoaktif Gaz Adsorpsiyonu/data/processed/augmented_cif/finetune_000176_v00.cif,CoPC3NO3,False,0.0,0,,,0.0,none,False,False,0.18989651439432215,0.24830970135903974,2.900170840812462e+25,3.7922789560895155e+25,3.13185845514548,1.722522150330014,1.3076053668021625,54,5,10.11111111111111,0.7666666666666667,0.5632406235349152,0.1111111111111111
finetune_000176_v01,finetune_000176,CoPC3NO3,HF_COREMOF_GCMC,/home/rakeyma/Tüm_çalışmalar/MOF Radyoaktif Gaz Adsorpsiyonu/data/processed/augmented_cif/finetune_000176_v01.cif,CoPC3NO3,True,0.0,0,,,0.12292372089166209,noise,False,False,0.18989651439432215,0.24830970135903974,2.900170840812462e+25,3.7922789560895155e+25,3.13185845514548,1.722522150330014,1.3076053668021625,54,5,10.11111111111111,0.7666666666666667,0.5632406235349152,0.1111111111111111
finetune_000176_v02,finetune_000176,CoPC3NO3,HF_COREMOF_GCMC,/home/rakeyma/Tüm_çalışmalar/MOF Radyoaktif Gaz Adsorpsiyonu/data/processed/augmented_cif/finetune_000176_v02.cif,Zn6P6C16N3O17,True,0.13413012553336517,6,Zn,,0.11288714384572232,"noise,defect,substitution",False,False,0.2527855772163805,0.3178849624028326,3.860636212092653e+25,4.854858456111957e+25,3.5435639438270092,1.9489601691048553,1.2575280833001325,48,5,10.895833333333334,0.7802083333333333,0.6275221111642203,0.125
finetune_000176_v03,finetune_000176,CoPC3NO3,HF_COREMOF_GCMC,/home/rakeyma/Tüm_çalışmalar/MOF Radyoaktif Gaz Adsorpsiyonu/data/processed/augmented_cif/finetune_000176_v03.cif,Mn6P6C18N5O18,True,0.03379400355117827,1,Mn,,0.129053373510723,"substitution,defect,noise",False,False,0.19659144516405086,0.24840659437529178,3.002418336305227e+25,3.7937587426001245e+25,3.1324694373452604,1.7228581905398934,1.263567670342941,53,5,9.943396226415095,0.7745283018867926,0.6575287065976663,0.11320754716981132
finetune_000176_v04,finetune_000176,CoPC3NO3,HF_COREMOF_GCMC,/home/rakeyma/Tüm_çalışmalar/MOF Radyoaktif Gaz Adsorpsiyonu/data/processed/augmented_cif/finetune_000176_v04.cif,Co2P2C6(NO2)3,True,0.0,0,,-NH2,0.06425080339175118,"functional,noise",False,True,0.1589818054779139,0.21563189176854858,2.4280298031660483e+25,3.2932111832120677e+25,2.9185139838495004,1.6051826911172253,1.35633062613888,57,5,9.947368421052632,0.7605263157894736,0.5632406235349152,0.10526315789473684
finetune_000176_v05,finetune_000176,CoPC3NO3,HF_COREMOF_GCMC,/home/rakeyma/Tüm_çalışmalar/MOF Radyoaktif Gaz Adsorpsiyonu/data/processed/augmented_cif/finetune_000176_v05.cif,Mn6P6C17N5O16,True,0.09126115722851999,4,Mn,,0.04970362183729324,"substitution,defect,noise",False,False,0.2336608234607054,0.2833220578645165,3.568555794730416e+25,4.32700080566734e+25,3.345380151069424,1.8399590830881833,1.2125355618810552,50,5,10.1,0.7829999999999999,0.6575287065976663,0.12
finetune_000176_v06,finetune_000176,CoPC3NO3,HF_COREMOF_GCMC,/home/rakeyma/Tüm_çalışmalar/MOF Radyoaktif Gaz Adsorpsiyonu/data/processed/augmented_cif/finetune_000176_v06.cif,CoPC3NO3,True,0.0,0,,,0.059372390406358985,noise,False,False,0.18989651439432215,0.24830970135903974,2.900170840812462e+25,3.7922789560895155e+25,3.13185845514548,1.722522150330014,1.3076053668021625,54,5,10.11111111111111,0.7666666666666667,0.5632406235349152,0.1111111111111111
finetune_000177_v00,finetune_000177,MgPHCO6,HF_COREMOF_GCMC,/home/rakeyma/Tüm_çalışmalar/MOF Radyoaktif Gaz Adsorpsiyonu/data/processed/augmented_cif/finetune_000177_v00.cif,MgPHCO6,False,0.0,0,,,0.0,none,False,False,0.09183493617924217,0.13499857555114858,2.705562218012952e+25,3.977212384444526e+25,1.9888527039069894,1.2,1.4700132778190231,40,5,8.2,0.7050000000000001,0.6865974075103983,0.1
finetune_000177_v01,finetune_000177,MgPHCO6,HF_COREMOF_GCMC,/home/rakeyma/Tüm_çalışmalar/MOF Radyoaktif Gaz Adsorpsiyonu/data/processed/augmented_cif/finetune_000177_v01.cif,Mg4P4H3C5O21,True,0.11971906786695083,4,,-CH3,0.11728190037668401,"defect,noise,functional",False,True,0.12559582885200357,0.17423399586705335,3.700196716190564e+25,5.133132726212719e+25,2.2594590542978006,1.2427024798637905,1.3872594134663725,37,5,8.35135135135135,0.7256756756756758,0.6865974075103983,0.10810810810810811
finetune_000177_v02,finetune_000177,MgPHCO6,HF_COREMOF_GCMC,/home/rakeyma/Tüm_çalışmalar/MOF Radyoaktif Gaz Adsorpsiyonu/data/processed/augmented_cif/finetune_000177_v02.cif,Mg4P4H3C4O21,True,0.13762471809317575,4,,,0.10771894948512029,"defect,noise",False,False,0.14845423276114256,0.2019561109016088,4.37363143018588e+25,5.949857930817973e+25,2.4325766097790718,1.3379171353784896,1.3603930797079313,36,5,8.416666666666666,0.7263888888888891,0.6865974075103983,0.1111111111111111
finetune_000177_v03,finetune_000177,MgPHCO6,HF_COREMOF_GCMC,/home/rakeyma/Tüm_çalışmalar/MOF Radyoaktif Gaz Adsorpsiyonu/data/processed/augmented_cif/finetune_000177_v03.cif,Mg3P4H3(C2O11)2,True,0.11498882879172347,4,,,0.12485025346469308,"defect,noise",False,False,0.15751519059369395,0.21135617622526082,4.6405776076505395e+25,6.2267946026842e+25,2.488545001615284,1.3686997508884065,1.3418145604156246,36,5,8.305555555555555,0.7013888888888891,0.6865974075103983,0.08333333333333333
finetune_000177_v04,finetune_000177,MgPHCO6,HF_COREMOF_GCMC,/home/rakeyma/Tüm_çalışmalar/MOF Radyoaktif Gaz Adsorpsiyonu/data/processed/augmented_cif/finetune_000177_v04.cif,Mg4P4H4C4O21,True,0.09848119332300256,3,,,0.13325355808563977,"defect,substitution,noise",False,False,0.14269704747959805,0.19444580454887261,4.204018169395399e+25,5.7285957188640605e+25,2.3869169891189674,1.3128043440154322,1.3626477070359377,37,5,8.216216216216216,0.7135135135135137,0.6865974075103983,0.10810810810810811
finetune_000177_v05,finetune_000177,MgPHCO6,HF_COREMOF_GCMC,/home/rakeyma/Tüm_çalışmalar/MOF Radyoaktif Gaz Adsorpsiyonu/data/processed/augmented_cif/finetune_000177_v05.cif,MgPHCO5,True,0.12870517447696334,4,,,0.146412184889763,"defect,noise",False,False,0.16148024614968373,0.214261547548114,4.757392677720061e+25,6.3123901636705714e+25,2.5055908001867135,1.3780749401026926,1.3268591834415757,36,5,8.222222222222221,0.7166666666666668,0.6865974075103983,0.1111111111111111
finetune_000177_v06,finetune_000177,MgPHCO6,HF_COREMOF_GCMC,/home/rakeyma/Tüm_çalışmalar/MOF Radyoaktif Gaz Adsorpsiyonu/data/processed/augmented_cif/finetune_000177_v06.cif,Mg2P4H4C4O23,True,0.10211485249087164,3,,,0.04530031557801579,"defect,noise",False,False,0.16088075176366834,0.2132459351961763,4.739730887684639e+25,6.282469062596501e+25,2.4996454224919766,1.3748049823705872,1.3254906684513241,37,5,8.0,0.664864864864865,0.6865974075103983,0.05405405405405406
finetune_000178_v00,finetune_000178,EuH6C12(SO2)3,HF_COREMOF_GCMC,/home/rakeyma/Tüm_çalışmalar/MOF Radyoaktif Gaz Adsorpsiyonu/data/processed/augmented_cif/finetune_000178_v00.cif,EuH6C12(SO2)3,False,0.0,0,,,0.0,none,False,False,0.20204667970931284,0.2504674305847825,3.336664515864815e+25,4.136300528246477e+25,5.079742204819134,2.7938582126505236,1.2396513070402009,56,5,8.464285714285714,0.6553571428571429,0.7233698915492681,0.03571428571428571
finetune_000178_v01,finetune_000178,EuH6C12(SO2)3,HF_COREMOF_GCMC,/home/rakeyma/Tüm_çalışmalar/MOF Radyoaktif Gaz Adsorpsiyonu/data/processed/augmented_cif/finetune_000178_v01.cif,EuH6C12(SO2)3,True,0.0,0,,,0.10361652060018917,"substitution,defect,noise",False,False,0.20204667970931284,0.2504674305847825,3.336664515864815e+25,4.136300528246477e+25,5.079742204819134,2.7938582126505236,1.2396513070402009,56,5,8.464285714285714,0.6553571428571429,0.7233698915492681,0.03571428571428571
finetune_000178_v02,finetune_000178,EuH6C12(SO2)3,HF_COREMOF_GCMC,/home/rakeyma/Tüm_çalışmalar/MOF Radyoaktif Gaz Adsorpsiyonu/data/processed/augmented_cif/finetune_000178_v02.cif,EuH6C12(SO2)3,True,0.0,0,,,0.11600459904637923,"substitution,noise",False,False,0.20204667970931284,0.2504674305847825,3.336664515864815e+25,4.136300528246477e+25,5.079742204819134,2.7938582126505236,1.2396513070402009,56,5,8.464285714285714,0.6553571428571429,0.7233698915492681,0.03571428571428571
finetune_000178_v03,finetune_000178,EuH6C12(SO2)3,HF_COREMOF_GCMC,/home/rakeyma/Tüm_çalışmalar/MOF Radyoaktif Gaz Adsorpsiyonu/data/processed/augmented_cif/finetune_000178_v03.cif,Eu2H12C25(SO2)6,True,0.04059776695723087,2,,-CH3,0.07127181691938536,"defect,functional,noise",False,True,0.1872366530113155,0.2349279109647785,3.092086923036693e+25,3.879675852284219e+25,4.919640302640925,2.705802166452509,1.2547111219221634,57,5,8.421052631578947,0.6561403508771931,0.7233698915492681,0.03508771929824561
finetune_000178_v04,finetune_000178,EuH6C12(SO2)3,HF_COREMOF_GCMC,/home/rakeyma/Tüm_çalışmalar/MOF Radyoaktif Gaz Adsorpsiyonu/data/processed/augmented_cif/finetune_000178_v04.cif,EuH6C12(SO2)3,True,0.0,0,,,0.05987536015848475,"noise,substitution,defect",False,False,0.20204667970931284,0.2504674305847825,3.336664515864815e+25,4.136300528246477e+25,5.079742204819134,2.7938582126505236,1.2396513070402009,56,5,8.464285714285714,0.6553571428571429,0.7233698915492681,0.03571428571428571
finetune_000178_v05,finetune_000178,EuH6C12(SO2)3,HF_COREMOF_GCMC,/home/rakeyma/Tüm_çalışmalar/MOF Radyoaktif Gaz Adsorpsiyonu/data/processed/augmented_cif/finetune_000178_v05.cif,Eu2H10C23S5O12,True,0.07485206307261297,4,,,0.09547192317610188,"noise,defect",False,False,0.2478070984145946,0.29287295461193374,4.0923669384173815e+25,4.836599130042934e+25,5.492950388134591,3.0211227134740253,1.1818586169874017,52,5,8.653846153846153,0.6634615384615384,0.7233698915492681,0.038461538461538464
finetune_000178_v06,finetune_000178,EuH6C12(SO2)3,HF_COREMOF_GCMC,/home/rakeyma/Tüm_çalışmalar/MOF Radyoaktif Gaz Adsorpsiyonu/data/processed/augmented_cif/finetune_000178_v06.cif,EuH6C12(SO2)3,True,0.0,0,,,0.14653994927116337,noise,False,False,0.20204667970931284,0.2504674305847825,3.336664515864815e+25,4.136300528246477e+25,5.079742204819134,2.7938582126505236,1.2396513070402009,56,5,8.464285714285714,0.6553571428571429,0.7233698915492681,0.03571428571428571
finetune_000179_v00,finetune_000179,CuH2C8N4(OF)2,HF_COREMOF_GCMC,/home/rakeyma/Tüm_çalışmalar/MOF Radyoaktif Gaz Adsorpsiyonu/data/processed/augmented_cif/finetune_000179_v00.cif,CuH2C8N4(OF)2,False,0.0,0,,,0.0,none,False,False,0.0621677291567671,0.08354699797293963,1.9125639375524242e+25,2.57028811541231e+25,2.076788150348894,1.2,1.3438965699110685,38,6,7.421052631578948,0.6447368421052632,0.7160171475289928,0.05263157894736842
finetune_000179_v01,finetune_000179,CuH2C8N4(OF)2,HF_COREMOF_GCMC,/home/rakeyma/Tüm_çalışmalar/MOF Radyoaktif Gaz Adsorpsiyonu/data/processed/augmented_cif/finetune_000179_v01.cif,CoH2C8N4(OF)2,True,0.0,0,Co,,0.13754451495498515,"substitution,noise",False,False,0.05898815632012018,0.07800281759684491,1.8147457217887844e+25,2.3997237471390904e+25,2.0066975373118594,1.2,1.322347102586745,38,6,7.315789473684211,0.6447368421052632,0.7204724530164602,0.05263157894736842
finetune_000179_v02,finetune_000179,CuH2C8N4(OF)2,HF_COREMOF_GCMC,/home/rakeyma/Tüm_çalışmalar/MOF Radyoaktif Gaz Adsorpsiyonu/data/processed/augmented_cif/finetune_000179_v02.cif,ZnH2C8N4(OF)2,True,0.0,0,Zn,,0.0805495851473944,"substitution,noise",False,False,0.05661807094576701,0.07658159578702017,1.7418310460013246e+25,2.356000458262326e+25,1.988332349424558,1.2,1.352599876819818,38,6,7.473684210526316,0.6447368421052632,0.7750268812542354,0.05263157894736842
finetune_000179_v03,finetune_000179,CuH2C8N4(OF)2,HF_COREMOF_GCMC,/home/rakeyma/Tüm_çalışmalar/MOF Radyoaktif Gaz Adsorpsiyonu/data/processed/augmented_cif/finetune_000179_v03.cif,Ni2H4C15N7O4F3,True,0.09195847688819936,3,Ni,,0.1420574090056016,"defect,substitution,noise",False,False,0.12481883197849913,0.1517893788162613,3.8399986618058264e+25,4.669736147115881e+25,2.7992872386771794,1.5396079812724488,1.2160775454332726,35,6,7.371428571428571,0.6471428571428571,0.7138082531199973,0.05714285714285714
finetune_000179_v04,finetune_000179,CuH2C8N4(OF)2,HF_COREMOF_GCMC,/home/rakeyma/Tüm_çalışmalar/MOF Radyoaktif Gaz Adsorpsiyonu/data/processed/augmented_cif/finetune_000179_v04.cif,ZnH2C8N4(OF)2,True,0.0,0,Zn,,0.11623562616322573,"substitution,noise",False,False,0.05661807094576701,0.07658159578702017,1.7418310460013246e+25,2.356000458262326e+25,1.988332349424558,1.2,1.352599876819818,38,6,7.473684210526316,0.6447368421052632,0.7750268812542354,0.05263157894736842
finetune_000179_v05,finetune_000179,CuH2C8N4(OF)2,HF_COREMOF_GCMC,/home/rakeyma/Tüm_çalışmalar/MOF Radyoaktif Gaz Adsorpsiyonu/data/processed/augmented_cif/finetune_000179_v05.cif,Cu2H3C17N5(OF)4,True,0.14711616315951506,5,,-CH3,0.07277013836979966,"defect,noise,functional",False,True,0.10088278637787838,0.1282669446499628,3.1036163257562496e+25,3.946078392198249e+25,2.573262833577679,1.4152945584677237,1.2714453005838986,35,6,7.6,0.6571428571428571,0.7160171475289928,0.05714285714285714
finetune_000179_v06,finetune_000179,CuH2C8N4(OF)2,HF_COREMOF_GCMC,/home/rakeyma/Tüm_çalışmalar/MOF Radyoaktif Gaz Adsorpsiyonu/data/processed/augmented_cif/finetune_000179_v06.cif,CoH4C15N7O4F,True,0.17230963501980662,6,Co,,0.08721996828437942,"substitution,defect,noise",False,False,0.23434127213188294,0.23218197406469465,7.209410287922854e+25,7.142980394636629e+25,3.4621112734948256,1.9041612004221542,0.9907856689197578,32,6,6.59375,0.6343749999999999,0.7204724530164602,0.03125
finetune_000180_v00,finetune_000180,CrH5C8O5,HF_COREMOF_GCMC,/home/rakeyma/Tüm_çalışmalar/MOF Radyoaktif Gaz Adsorpsiyonu/data/processed/augmented_cif/finetune_000180_v00.cif,CrH5C8O5,False,0.0,0,,,0.0,none,False,False,0.17789152380917048,0.18534084844974164,5.2356922155067925e+25,5.454940272953646e+25,2.9326498508797854,1.6129574179838821,1.0418756581598696,38,4,6.157894736842105,0.5921052631578949,0.647316576336494,0.05263157894736842
finetune_000180_v01,finetune_000180,CrH5C8O5,HF_COREMOF_GCMC,/home/rakeyma/Tüm_çalışmalar/MOF Radyoaktif Gaz Adsorpsiyonu/data/processed/augmented_cif/finetune_000180_v01.cif,Cr2H9C13N2O9,True,0.13969553621185074,5,,-NH2,0.12603039782599434,"noise,defect,functional",False,True,0.25735619780685154,0.2537406622768109,7.574491536286998e+25,7.468079320436689e+25,3.43138678064987,1.8872627293574287,0.9859512397181353,35,5,6.314285714285714,0.5957142857142856,0.6233586447623871,0.05714285714285714
finetune_000180_v02,finetune_000180,CrH5C8O5,HF_COREMOF_GCMC,/home/rakeyma/Tüm_çalışmalar/MOF Radyoaktif Gaz Adsorpsiyonu/data/processed/augmented_cif/finetune_000180_v02.cif,FeH5C8NO5,True,0.0,0,Fe,-NH2,0.07611920878973585,"substitution,noise,functional",False,True,0.1303409836917123,0.14620056959840366,3.8361876893485587e+25,4.302966030973764e+25,2.6046487909256912,1.4325568350091302,1.1216776600689398,40,5,6.3,0.595,0.5751312893592209,0.05
finetune_000180_v03,finetune_000180,CrH5C8O5,HF_COREMOF_GCMC,/home/rakeyma/Tüm_çalışmalar/MOF Radyoaktif Gaz Adsorpsiyonu/data/processed/augmented_cif/finetune_000180_v03.cif,CrH5C9O5,True,0.0,0,,-CH3,0.14867164093723265,"functional,noise",False,True,0.11861711654862608,0.12995158208355317,3.491131564007032e+25,3.824726845543929e+25,2.45564410425602,1.3506042573408112,1.0955550587025156,40,4,6.15,0.5975,0.647316576336494,0.05
finetune_000180_v04,finetune_000180,CrH5C8O5,HF_COREMOF_GCMC,/home/rakeyma/Tüm_çalışmalar/MOF Radyoaktif Gaz Adsorpsiyonu/data/processed/augmented_cif/finetune_000180_v04.cif,FeH5C8NO5,True,0.0,0,Fe,-NH2,0.11394360392033982,"functional,substitution,noise",False,True,0.1303409836917123,0.14620056959840366,3.8361876893485587e+25,4.302966030973764e+25,2.6046487909256912,1.4325568350091302,1.1216776600689398,40,5,6.3,0.595,0.5751312893592209,0.05
finetune_000180_v05,finetune_000180,CrH5C8O5,HF_COREMOF_GCMC,/home/rakeyma/Tüm_çalışmalar/MOF Radyoaktif Gaz Adsorpsiyonu/data/processed/augmented_cif/finetune_000180_v05.cif,CrH5C8NO5,True,0.0,0,,-NH2,0.10965373093339317,"noise,functional",False,True,0.12979714489639996,0.14335780259397324,3.82018145989964e+25,4.219297890092794e+25,2.579201703793682,1.418560937086525,1.1044757780180525,40,5,6.2,0.595,0.6233586447623871,0.05
finetune_000180_v06,finetune_000180,CrH5C8O5,HF_COREMOF_GCMC,/home/rakeyma/Tüm_çalışmalar/MOF Radyoaktif Gaz Adsorpsiyonu/data/processed/augmented_cif/finetune_000180_v06.cif,Cr2H8C13N2O9,True,0.17680157924313147,6,,-NH2,0.1305484723287375,"functional,defect,noise",False,True,0.26557266391436346,0.26124352341393664,7.816318053463967e+25,7.688903060705603e+25,3.4817485671353343,1.914961711924434,0.9836988474769272,34,5,6.470588235294118,0.6058823529411763,0.6233586447623871,0.058823529411764705
finetune_000181_v00,finetune_000181,Ho(CO2)4,HF_COREMOF_GCMC,/home/rakeyma/Tüm_çalışmalar/MOF Radyoaktif Gaz Adsorpsiyonu/data/processed/augmented_cif/finetune_000181_v00.cif,Ho(CO2)4,False,0.0,0,,,0.0,none,False,False,0.14997836171222506,0.25281674030478984,2.4414133620380375e+25,4.115461463109865e+25,4.837021143375599,2.6603616288565797,1.6856881047273249,52,3,11.923076923076923,0.7192307692307693,0.9079035680560402,0.07692307692307693
finetune_000181_v01,finetune_000181,Ho(CO2)4,HF_COREMOF_GCMC,/home/rakeyma/Tüm_çalışmalar/MOF Radyoaktif Gaz Adsorpsiyonu/data/processed/augmented_cif/finetune_000181_v01.cif,Ho2C8NO16,True,0.0,0,,-NH2,0.04465504158625794,"substitution,functional,noise",False,True,0.13346213653976627,0.22959644159866344,2.172555025634546e+25,3.7374712858306406e+25,4.609540641960254,2.5352473530781396,1.7203114497590337,54,4,11.74074074074074,0.7166666666666667,0.8327214420200791,0.07407407407407407
finetune_000181_v02,finetune_000181,Ho(CO2)4,HF_COREMOF_GCMC,/home/rakeyma/Tüm_çalışmalar/MOF Radyoaktif Gaz Adsorpsiyonu/data/processed/augmented_cif/finetune_000181_v02.cif,Ho(CO2)4,True,0.0,0,,,0.09429170117687567,"substitution,defect,noise",False,False,0.14997836171222506,0.25281674030478984,2.4414133620380375e+25,4.115461463109865e+25,4.837021143375599,2.6603616288565797,1.6856881047273249,52,3,11.923076923076923,0.7192307692307693,0.9079035680560402,0.07692307692307693
finetune_000181_v03,finetune_000181,Ho(CO2)4,HF_COREMOF_GCMC,/home/rakeyma/Tüm_çalışmalar/MOF Radyoaktif Gaz Adsorpsiyonu/data/processed/augmented_cif/finetune_000181_v03.cif,Ho4C16O31,True,0.03342310286591218,1,,,0.13818074215493215,"defect,substitution,noise",False,False,0.1583309751753212,0.2637657156004918,2.5773808568415195e+25,4.293693671292282e+25,4.940651767815472,2.71735847229851,1.6659135416075208,51,3,12.0,0.7215686274509805,0.9079035680560402,0.0784313725490196
finetune_000181_v04,finetune_000181,Ho(CO2)4,HF_COREMOF_GCMC,/home/rakeyma/Tüm_çalışmalar/MOF Radyoaktif Gaz Adsorpsiyonu/data/processed/augmented_cif/finetune_000181_v04.cif,Ho4C15(NO14)2,True,0.11699135895092588,5,,-NH2,0.12359715132891987,"noise,defect,functional",False,True,0.17751813308073225,0.2887098987605522,2.889717804351901e+25,4.699745993619601e+25,5.168992586070911,2.8429459223390015,1.6263684940245053,49,4,12.16326530612245,0.726530612244898,0.8327214420200791,0.08163265306122448
finetune_000181_v05,finetune_000181,Ho(CO2)4,HF_COREMOF_GCMC,/home/rakeyma/Tüm_çalışmalar/MOF Radyoaktif Gaz Adsorpsiyonu/data/processed/augmented_cif/finetune_000181_v05.cif,Ho2C9O16,True,0.0,0,,-CH3,0.10086394226629093,"substitution,functional,noise",False,True,0.12952345876697718,0.22218162834662825,2.108439506345835e+25,3.616769712991286e+25,4.534497269418265,2.4939734981800457,1.715377511237948,54,3,11.703703703703704,0.7185185185185188,0.9079035680560402,0.07407407407407407
finetune_000181_v06,finetune_000181,Ho(CO2)4,HF_COREMOF_GCMC,/home/rakeyma/Tüm_çalışmalar/MOF Radyoaktif Gaz Adsorpsiyonu/data/processed/augmented_cif/finetune_000181_v06.cif,Ho2C9O16,True,0.0,0,,-CH3,0.14520905295533537,"functional,noise",False,True,0.12952345876697718,0.22218162834662825,2.108439506345835e+25,3.616769712991286e+25,4.534497269418265,2.4939734981800457,1.715377511237948,54,3,11.703703703703704,0.7185185185185188,0.9079035680560402,0.07407407407407407
finetune_000182_v00,finetune_000182,MgPHCO6,HF_COREMOF_GCMC,/home/rakeyma/Tüm_çalışmalar/MOF Radyoaktif Gaz Adsorpsiyonu/data/processed/augmented_cif/finetune_000182_v00.cif,MgPHCO6,False,0.0,0,,,0.0,none,False,False,0.09183493617924217,0.13499857555114858,2.705562218012952e+25,3.977212384444526e+25,1.9888527039069894,1.2,1.4700132778190231,40,5,8.2,0.7050000000000001,0.6865974075103983,0.1
finetune_000182_v01,finetune_000182,MgPHCO6,HF_COREMOF_GCMC,/home/rakeyma/Tüm_çalışmalar/MOF Radyoaktif Gaz Adsorpsiyonu/data/processed/augmented_cif/finetune_000182_v01.cif,Mg3P4H3(C2O11)2,True,0.12576048511466154,4,,,0.10499885818200584,"defect,noise",False,False,0.15751519059369395,0.21135617622526082,4.6405776076505395e+25,6.2267946026842e+25,2.488545001615284,1.3686997508884065,1.3418145604156246,36,5,8.305555555555555,0.7013888888888891,0.6865974075103983,0.08333333333333333
finetune_000182_v02,finetune_000182,MgPHCO6,HF_COREMOF_GCMC,/home/rakeyma/Tüm_çalışmalar/MOF Radyoaktif Gaz Adsorpsiyonu/data/processed/augmented_cif/finetune_000182_v02.cif,Mg4P4H4C3O22,True,0.1188594790643263,4,,-NH2,0.05569229180643964,"functional,defect,noise",False,True,0.1475332588194679,0.2023521765841868,4.346498484881644e+25,5.961526478662806e+25,2.4349607619641738,1.3392284190802957,1.3715698968718584,37,5,8.27027027027027,0.710810810810811,0.6865974075103983,0.10810810810810811
finetune_000182_v03,finetune_000182,MgPHCO6,HF_COREMOF_GCMC,/home/rakeyma/Tüm_çalışmalar/MOF Radyoaktif Gaz Adsorpsiyonu/data/processed/augmented_cif/finetune_000182_v03.cif,Mg4P4H4C4NO24,True,0.0,0,,-NH2,0.035829849730625064,"functional,substitution,noise",False,True,0.07592276800992345,0.1139862223811291,2.2367715507929084e+25,3.3581644358796147e+25,1.827528706731475,1.2,1.5013443973253264,41,6,8.170731707317072,0.7036585365853659,0.679184560091487,0.0975609756097561
finetune_000182_v04,finetune_000182,MgPHCO6,HF_COREMOF_GCMC,/home/rakeyma/Tüm_çalışmalar/MOF Radyoaktif Gaz Adsorpsiyonu/data/processed/augmented_cif/finetune_000182_v04.cif,MgPHCO6,True,0.0,0,,,0.09987671457074153,"substitution,defect,noise",False,False,0.09183493617924217,0.13499857555114858,2.705562218012952e+25,3.977212384444526e+25,1.9888527039069894,1.2,1.4700132778190231,40,5,8.2,0.7050000000000001,0.6865974075103983,0.1
finetune_000182_v05,finetune_000182,MgPHCO6,HF_COREMOF_GCMC,/home/rakeyma/Tüm_çalışmalar/MOF Radyoaktif Gaz Adsorpsiyonu/data/processed/augmented_cif/finetune_000182_v05.cif,Mg3P4H4C5O22,True,0.08536735173477389,3,,-CH3,0.13200129983154713,"defect,functional,noise",False,True,0.12846975811451594,0.17612375483796894,3.7848659581304622e+25,5.188807186125024e+25,2.271679165544508,1.2494235410494796,1.3709355215020718,38,5,8.052631578947368,0.6894736842105265,0.6865974075103983,0.07894736842105263
finetune_000182_v06,finetune_000182,MgPHCO6,HF_COREMOF_GCMC,/home/rakeyma/Tüm_çalışmalar/MOF Radyoaktif Gaz Adsorpsiyonu/data/processed/augmented_cif/finetune_000182_v06.cif,MgPHCO6,True,0.0,0,,,0.06541380534206866,noise,False,False,0.09183493617924217,0.13499857555114858,2.705562218012952e+25,3.977212384444526e+25,1.9888527039069894,1.2,1.4700132778190231,40,5,8.2,0.7050000000000001,0.6865974075103983,0.1
finetune_000183_v00,finetune_000183,CoHC4O3,HF_COREMOF_GCMC,/home/rakeyma/Tüm_çalışmalar/MOF Radyoaktif Gaz Adsorpsiyonu/data/processed/augmented_cif/finetune_000183_v00.cif,CoHC4O3,False,0.0,0,,,0.0,none,False,False,0.20272234461597277,0.24081560498963828,3.3889723538711354e+25,4.025789210541387e+25,3.325674945771934,1.8291212201745637,1.1879085428191327,54,4,8.444444444444445,0.688888888888889,0.5829397481729994,0.1111111111111111
finetune_000183_v01,finetune_000183,CoHC4O3,HF_COREMOF_GCMC,/home/rakeyma/Tüm_çalışmalar/MOF Radyoaktif Gaz Adsorpsiyonu/data/processed/augmented_cif/finetune_000183_v01.cif,Co6H5(C5O4)4,True,0.15639226027934566,7,,,0.127783810780577,"defect,noise",False,False,0.304587330551352,0.33048764346401127,5.091880939584443e+25,5.524864509224443e+25,3.895965467873622,2.142781007330492,1.0850341111226642,47,4,8.829787234042554,0.7010638297872342,0.5829397481729994,0.1276595744680851
finetune_000183_v02,finetune_000183,CoHC4O3,HF_COREMOF_GCMC,/home/rakeyma/Tüm_çalışmalar/MOF Radyoaktif Gaz Adsorpsiyonu/data/processed/augmented_cif/finetune_000183_v02.cif,Ni3H3C12N2O9,True,0.0,0,Ni,-NH2,0.03426512516836962,"substitution,noise,functional",False,True,0.15903300810288704,0.19993565386784928,2.6586041555242704e+25,3.3423863797296594e+25,3.030278952222119,1.6666534237221655,1.2571959510348951,58,5,8.448275862068966,0.6862068965517241,0.5538736317970011,0.10344827586206896
finetune_000183_v03,finetune_000183,CoHC4O3,HF_COREMOF_GCMC,/home/rakeyma/Tüm_çalışmalar/MOF Radyoaktif Gaz Adsorpsiyonu/data/processed/augmented_cif/finetune_000183_v03.cif,Co3H3(C5O4)2,True,0.13781270200205953,6,,,0.0690517434078082,"defect,noise",False,False,0.30030560768167286,0.326226026022997,5.020302049453863e+25,5.4536217277849745e+25,3.8707648489582978,2.1289206669270637,1.0863134676086372,48,4,8.666666666666666,0.6916666666666668,0.5829397481729994,0.125
finetune_000183_v04,finetune_000183,CoHC4O3,HF_COREMOF_GCMC,/home/rakeyma/Tüm_çalışmalar/MOF Radyoaktif Gaz Adsorpsiyonu/data/processed/augmented_cif/finetune_000183_v04.cif,Ni6H4C21(NO4)4,True,0.12861698997233448,7,Ni,-NH2,0.11606656764731055,"functional,substitution,defect,noise",False,True,0.23807400599156392,0.2781387865017163,3.979957049180607e+25,4.649732419873134e+25,3.5741128704672556,1.9657620787569907,1.1682870851157603,51,5,8.901960784313726,0.7058823529411763,0.5538736317970011,0.11764705882352941
finetune_000183_v05,finetune_000183,CoHC4O3,HF_COREMOF_GCMC,/home/rakeyma/Tüm_çalışmalar/MOF Radyoaktif Gaz Adsorpsiyonu/data/processed/augmented_cif/finetune_000183_v05.cif,Co6H5C23(NO4)4,True,0.07754528851914433,4,,-NH2,0.09702682305843792,"functional,defect,noise",False,True,0.1960286652873837,0.23560341953032338,3.277072039018129e+25,3.938655488512228e+25,3.289487802631589,1.809218291447374,1.2018824858340076,54,5,8.537037037037036,0.6972222222222221,0.5617259118110896,0.1111111111111111
finetune_000183_v06,finetune_000183,CoHC4O3,HF_COREMOF_GCMC,/home/rakeyma/Tüm_çalışmalar/MOF Radyoaktif Gaz Adsorpsiyonu/data/processed/augmented_cif/finetune_000183_v06.cif,ZnHC4O3,True,0.0,0,Zn,,0.08401524986615784,"substitution,noise",False,False,0.19276892384325992,0.23849875153357314,3.2225779295708914e+25,3.987057652234633e+25,3.3096383529431552,1.8203010941187354,1.2372261398704287,54,4,8.777777777777779,0.688888888888889,0.6504229393248673,0.1111111111111111
finetune_000184_v00,finetune_000184,MgPHCO6,HF_COREMOF_GCMC,/home/rakeyma/Tüm_çalışmalar/MOF Radyoaktif Gaz Adsorpsiyonu/data/processed/augmented_cif/finetune_000184_v00.cif,MgPHCO6,False,0.0,0,,,0.0,none,False,False,0.09183493617924217,0.13499857555114858,2.705562218012952e+25,3.977212384444526e+25,1.9888527039069894,1.2,1.4700132778190231,40,5,8.2,0.7050000000000001,0.6865974075103983,0.1
finetune_000184_v01,finetune_000184,MgPHCO6,HF_COREMOF_GCMC,/home/rakeyma/Tüm_çalışmalar/MOF Radyoaktif Gaz Adsorpsiyonu/data/processed/augmented_cif/finetune_000184_v01.cif,Mg4P4H4C3O23,True,0.057267226446903546,2,,,0.12306001790747531,"defect,noise",False,False,0.12970145410753006,0.18253643358494542,3.821153130326811e+25,5.377732033856293e+25,2.3126654248441585,1.2719659836642874,1.4073584204662202,38,5,8.263157894736842,0.7078947368421055,0.6865974075103983,0.10526315789473684
finetune_000184_v02,finetune_000184,MgPHCO6,HF_COREMOF_GCMC,/home/rakeyma/Tüm_çalışmalar/MOF Radyoaktif Gaz Adsorpsiyonu/data/processed/augmented_cif/finetune_000184_v02.cif,Mg3P4H3C5O22,True,0.1263446920026588,4,,-CH3,0.1358454606892054,"defect,noise,functional",False,True,0.134168645132962,0.18363406119070536,3.95276168543557e+25,5.410069398078945e+25,2.3196082601742227,1.2757845430958226,1.368680894174066,37,5,8.243243243243244,0.7013513513513515,0.6865974075103983,0.08108108108108109
finetune_000184_v03,finetune_000184,MgPHCO6,HF_COREMOF_GCMC,/home/rakeyma/Tüm_çalışmalar/MOF Radyoaktif Gaz Adsorpsiyonu/data/processed/augmented_cif/finetune_000184_v03.cif,Mg4P4H4C5O24,True,0.0,0,,-CH3,0.037266730377415534,"functional,noise",False,True,0.0716667256918152,0.10727646051659301,2.111383678015787e+25,3.1604871798392685e+25,1.7729245143102426,1.2,1.496879611577464,41,5,8.146341463414634,0.7048780487804879,0.6865974075103983,0.0975609756097561
finetune_000184_v04,finetune_000184,MgPHCO6,HF_COREMOF_GCMC,/home/rakeyma/Tüm_çalışmalar/MOF Radyoaktif Gaz Adsorpsiyonu/data/processed/augmented_cif/finetune_000184_v04.cif,Mg2P4H3C4NO23,True,0.11908878973341637,4,,-NH2,0.1014612568652498,"defect,noise,functional",False,True,0.14745956803356233,0.199743888378893,4.34432747007555e+25,5.884683325985504e+25,2.419216729392812,1.3305692011660466,1.3545671606296212,37,6,8.162162162162161,0.6756756756756759,0.679184560091487,0.05405405405405406
finetune_000184_v05,finetune_000184,MgPHCO6,HF_COREMOF_GCMC,/home/rakeyma/Tüm_çalışmalar/MOF Radyoaktif Gaz Adsorpsiyonu/data/processed/augmented_cif/finetune_000184_v05.cif,Mg4P4H4C4O23,True,0.037175879365214805,1,,,0.12752599289287872,"defect,noise,substitution",False,False,0.10794285769672289,0.15481431855038996,3.1801200026816643e+25,4.561006829251039e+25,2.1298233783282785,1.2,1.4342247542246611,39,5,8.205128205128204,0.707692307692308,0.6865974075103983,0.10256410256410256
finetune_000184_v06,finetune_000184,MgPHCO6,HF_COREMOF_GCMC,/home/rakeyma/Tüm_çalışmalar/MOF Radyoaktif Gaz Adsorpsiyonu/data/processed/augmented_cif/finetune_000184_v06.cif,Mg4P4H3C4O21,True,0.12012411447557994,4,,,0.07337191992115175,"defect,substitution,noise",False,False,0.14845423276114256,0.2019561109016088,4.37363143018588e+25,5.949857930817973e+25,2.4325766097790718,1.3379171353784896,1.3603930797079313,36,5,8.416666666666666,0.7263888888888891,0.6865974075103983,0.1111111111111111
finetune_000185_v00,finetune_000185,MgPHCO6,HF_COREMOF_GCMC,/home/rakeyma/Tüm_çalışmalar/MOF Radyoaktif Gaz Adsorpsiyonu/data/processed/augmented_cif/finetune_000185_v00.cif,MgPHCO6,False,0.0,0,,,0.0,none,False,False,0.09183493617924217,0.13499857555114858,2.705562218012952e+25,3.977212384444526e+25,1.9888527039069894,1.2,1.4700132778190231,40,5,8.2,0.7050000000000001,0.6865974075103983,0.1
finetune_000185_v01,finetune_000185,MgPHCO6,HF_COREMOF_GCMC,/home/rakeyma/Tüm_çalışmalar/MOF Radyoaktif Gaz Adsorpsiyonu/data/processed/augmented_cif/finetune_000185_v01.cif,Mg4P4H3C4O21,True,0.1196372996023184,4,,,0.034985338767240345,"defect,noise",False,False,0.14845423276114256,0.2019561109016088,4.37363143018588e+25,5.949857930817973e+25,2.4325766097790718,1.3379171353784896,1.3603930797079313,36,5,8.416666666666666,0.7263888888888891,0.6865974075103983,0.1111111111111111
finetune_000185_v02,finetune_000185,MgPHCO6,HF_COREMOF_GCMC,/home/rakeyma/Tüm_çalışmalar/MOF Radyoaktif Gaz Adsorpsiyonu/data/processed/augmented_cif/finetune_000185_v02.cif,Mg4P4H3C5O22,True,0.09661600951926685,3,,-CH3,0.11342337520189695,"functional,noise,defect",False,True,0.10851233387594696,0.15441825286781197,3.196897422024122e+25,4.549338281406207e+25,2.1270972410806173,1.2,1.4230479370607345,38,5,8.342105263157896,0.7223684210526318,0.6865974075103983,0.10526315789473684
finetune_000185_v03,finetune_000185,MgPHCO6,HF_COREMOF_GCMC,/home/rakeyma/Tüm_çalışmalar/MOF Radyoaktif Gaz Adsorpsiyonu/data/processed/augmented_cif/finetune_000185_v03.cif,Mg4P4H4C4NO24,True,0.0,0,,-NH2,0.10028162506019243,"functional,substitution,noise",False,True,0.07592276800992345,0.1139862223811291,2.2367715507929084e+25,3.3581644358796147e+25,1.827528706731475,1.2,1.5013443973253264,41,6,8.170731707317072,0.7036585365853659,0.679184560091487,0.0975609756097561
finetune_000185_v04,finetune_000185,MgPHCO6,HF_COREMOF_GCMC,/home/rakeyma/Tüm_çalışmalar/MOF Radyoaktif Gaz Adsorpsiyonu/data/processed/augmented_cif/finetune_000185_v04.cif,Mg4P4H3C3O22,True,0.1347640043946813,4,,,0.09783509021171062,"defect,noise",False,False,0.15326089440807364,0.20986248293692322,4.515241177932927e+25,6.182788690616726e+25,2.4797359056570203,1.3638547481113612,1.3693152695438522,36,5,8.472222222222221,0.7236111111111112,0.6865974075103983,0.1111111111111111
finetune_000185_v05,finetune_000185,MgPHCO6,HF_COREMOF_GCMC,/home/rakeyma/Tüm_çalışmalar/MOF Radyoaktif Gaz Adsorpsiyonu/data/processed/augmented_cif/finetune_000185_v05.cif,MgPHCO6,True,0.0,0,,,0.12795344088188507,noise,False,False,0.09183493617924217,0.13499857555114858,2.705562218012952e+25,3.977212384444526e+25,1.9888527039069894,1.2,1.4700132778190231,40,5,8.2,0.7050000000000001,0.6865974075103983,0.1
finetune_000185_v06,finetune_000185,MgPHCO6,HF_COREMOF_GCMC,/home/rakeyma/Tüm_çalışmalar/MOF Radyoaktif Gaz Adsorpsiyonu/data/processed/augmented_cif/finetune_000185_v06.cif,Mg4P4H4C4NO24,True,0.0,0,,-NH2,0.12091085368354358,"substitution,functional,noise",False,True,0.07592276800992345,0.1139862223811291,2.2367715507929084e+25,3.3581644358796147e+25,1.827528706731475,1.2,1.5013443973253264,41,6,8.170731707317072,0.7036585365853659,0.679184560091487,0.0975609756097561
finetune_000186_v00,finetune_000186,UH2(C5O4)2,HF_COREMOF_GCMC,/home/rakeyma/Tüm_çalışmalar/MOF Radyoaktif Gaz Adsorpsiyonu/data/processed/augmented_cif/finetune_000186_v00.cif,UH2(C5O4)2,False,0.0,0,,,0.0,none,False,False,0.14746093976688085,0.2330971396495256,3.1446031398414465e+25,4.970794288906241e+25,4.551368288254971,2.5032525585402343,1.5807381942501246,42,4,10.380952380952381,0.6690476190476191,0.7389646473275971,0.047619047619047616
finetune_000186_v01,finetune_000186,UH2(C5O4)2,HF_COREMOF_GCMC,/home/rakeyma/Tüm_çalışmalar/MOF Radyoaktif Gaz Adsorpsiyonu/data/processed/augmented_cif/finetune_000186_v01.cif,U2H4C23O16,True,0.0,0,,-CH3,0.11459471818015633,"functional,substitution,defect,noise",False,True,0.10548516802032866,0.172898473930843,2.2494702060615018e+25,3.6870583142644254e+25,3.9198467399739085,2.15591570698565,1.6390785280592506,45,4,10.088888888888889,0.6711111111111112,0.7389646473275971,0.044444444444444446
finetune_000186_v02,finetune_000186,UH2(C5O4)2,HF_COREMOF_GCMC,/home/rakeyma/Tüm_çalışmalar/MOF Radyoaktif Gaz Adsorpsiyonu/data/processed/augmented_cif/finetune_000186_v02.cif,U2H4C23O16,True,0.0,0,,-CH3,0.08617299639300421,"substitution,functional,noise",False,True,0.10548516802032866,0.172898473930843,2.2494702060615018e+25,3.6870583142644254e+25,3.9198467399739085,2.15591570698565,1.6390785280592506,45,4,10.088888888888889,0.6711111111111112,0.7389646473275971,0.044444444444444446
finetune_000186_v03,finetune_000186,UH2(C5O4)2,HF_COREMOF_GCMC,/home/rakeyma/Tüm_çalışmalar/MOF Radyoaktif Gaz Adsorpsiyonu/data/processed/augmented_cif/finetune_000186_v03.cif,UH2(C5O4)2,True,0.0,0,,,0.09869316080713042,noise,False,False,0.14746093976688085,0.2330971396495256,3.1446031398414465e+25,4.970794288906241e+25,4.551368288254971,2.5032525585402343,1.5807381942501246,42,4,10.380952380952381,0.6690476190476191,0.7389646473275971,0.047619047619047616
finetune_000186_v04,finetune_000186,UH2(C5O4)2,HF_COREMOF_GCMC,/home/rakeyma/Tüm_çalışmalar/MOF Radyoaktif Gaz Adsorpsiyonu/data/processed/augmented_cif/finetune_000186_v04.cif,U2H4C17N3O16,True,0.07186454570700956,3,,-NH2,0.053388051780613566,"functional,defect,noise",False,True,0.15572321090913316,0.24766741002866843,3.3207959934691404e+25,5.2815051663428305e+25,4.691459141568389,2.580302527862614,1.5904334914670242,42,5,10.452380952380953,0.6654761904761904,0.7098844976473285,0.047619047619047616
finetune_000186_v05,finetune_000186,UH2(C5O4)2,HF_COREMOF_GCMC,/home/rakeyma/Tüm_çalışmalar/MOF Radyoaktif Gaz Adsorpsiyonu/data/processed/augmented_cif/finetune_000186_v05.cif,U2H4C20N3O16,True,0.0,0,,-NH2,0.03399702604815461,"functional,substitution,defect,noise",False,True,0.1137019168038933,0.18746874430998572,2.424692295822583e+25,3.9977691917010105e+25,4.081670497058366,2.2449187733821017,1.64877382527615,45,5,10.155555555555555,0.6677777777777778,0.7098844976473285,0.044444444444444446
finetune_000186_v06,finetune_000186,UH2(C5O4)2,HF_COREMOF_GCMC,/home/rakeyma/Tüm_çalışmalar/MOF Radyoaktif Gaz Adsorpsiyonu/data/processed/augmented_cif/finetune_000186_v06.cif,UH2(C5O4)2,True,0.0,0,,,0.04327728978407665,"substitution,noise",False,False,0.14746093976688085,0.2330971396495256,3.1446031398414465e+25,4.970794288906241e+25,4.551368288254971,2.5032525585402343,1.5807381942501246,42,4,10.380952380952381,0.6690476190476191,0.7389646473275971,0.047619047619047616
finetune_000187_v00,finetune_000187,ZnH3(CO2)3,HF_COREMOF_GCMC,/home/rakeyma/Tüm_çalışmalar/MOF Radyoaktif Gaz Adsorpsiyonu/data/processed/augmented_cif/finetune_000187_v00.cif,ZnH3(CO2)3,False,0.0,0,,,0.0,none,False,False,0.052105398663349865,0.07953073960619306,1.3063331714848035e+25,1.993913221383093e+25,2.354517765567317,1.2949847710620246,1.5263435583716922,52,4,7.615384615384615,0.6000000000000001,0.6504229393248673,0.07692307692307693
finetune_000187_v01,finetune_000187,ZnH3(CO2)3,HF_COREMOF_GCMC,/home/rakeyma/Tüm_çalışmalar/MOF Radyoaktif Gaz Adsorpsiyonu/data/processed/augmented_cif/finetune_000187_v01.cif,CoH3(CO2)3,True,0.0,0,Co,,0.1350283256132121,"substitution,noise",False,False,0.055413100596679275,0.0818471320109374,1.3892604855009599e+25,2.051987438529836e+25,2.38856021409868,1.3137081177542742,1.4770357754686305,52,4,7.384615384615385,0.6000000000000001,0.5829397481729994,0.07692307692307693
finetune_000187_v02,finetune_000187,ZnH3(CO2)3,HF_COREMOF_GCMC,/home/rakeyma/Tüm_çalışmalar/MOF Radyoaktif Gaz Adsorpsiyonu/data/processed/augmented_cif/finetune_000187_v02.cif,Zn2H6C6NO12,True,0.0,0,,-NH2,0.12183199474474868,"functional,noise",False,True,0.03165221757427982,0.05,7.935519702187747e+24,1.253548773251838e+25,1.8668931544145744,1.2,1.5796681506647214,54,5,7.592592592592593,0.601851851851852,0.6263098274815748,0.07407407407407407
finetune_000187_v03,finetune_000187,ZnH3(CO2)3,HF_COREMOF_GCMC,/home/rakeyma/Tüm_çalışmalar/MOF Radyoaktif Gaz Adsorpsiyonu/data/processed/augmented_cif/finetune_000187_v03.cif,Zn4H11C11O21,True,0.11951862719596103,5,,,0.03172831155737804,"defect,noise",False,False,0.11353151811269603,0.1601016517660948,2.846345905111778e+25,4.013904583339621e+25,3.3406606947995634,1.83736338213976,1.4101956393040684,47,4,7.76595744680851,0.6053191489361704,0.6504229393248673,0.0851063829787234
finetune_000187_v04,finetune_000187,ZnH3(CO2)3,HF_COREMOF_GCMC,/home/rakeyma/Tüm_çalışmalar/MOF Radyoaktif Gaz Adsorpsiyonu/data/processed/augmented_cif/finetune_000187_v04.cif,Zn4H12C10O19,True,0.16455854496632133,7,,,0.08245279283503315,"defect,noise",False,False,0.1588654156194768,0.21102736620883422,3.982910937238769e+25,5.290661920673008e+25,3.8353398277736908,2.10943690527553,1.3283405037273726,45,4,7.644444444444445,0.5955555555555556,0.6504229393248673,0.08888888888888889
finetune_000187_v05,finetune_000187,ZnH3(CO2)3,HF_COREMOF_GCMC,/home/rakeyma/Tüm_çalışmalar/MOF Radyoaktif Gaz Adsorpsiyonu/data/processed/augmented_cif/finetune_000187_v05.cif,Zn2H6C7O12,True,0.0,0,,-CH3,0.08914254885917594,"functional,noise",False,True,0.03180521521374934,0.05,7.973877702841236e+24,1.253548773251838e+25,1.8668931544145744,1.2,1.572069223992708,54,4,7.555555555555555,0.6037037037037039,0.6504229393248673,0.07407407407407407
finetune_000187_v06,finetune_000187,ZnH3(CO2)3,HF_COREMOF_GCMC,/home/rakeyma/Tüm_çalışmalar/MOF Radyoaktif Gaz Adsorpsiyonu/data/processed/augmented_cif/finetune_000187_v06.cif,MgH3(CO2)3,True,0.0,0,Mg,,0.06537376563478642,"substitution,noise",False,False,0.11212967421285608,0.1360549321555392,2.8112003110930793e+25,3.4110298659687637e+25,3.0795808198361216,1.693769450909867,1.2133713319925084,52,4,6.230769230769231,0.6115384615384617,0.7631677404083587,0.07692307692307693
finetune_000188_v00,finetune_000188,YH4(CO2)4,HF_COREMOF_GCMC,/home/rakeyma/Tüm_çalışmalar/MOF Radyoaktif Gaz Adsorpsiyonu/data/processed/augmented_cif/finetune_000188_v00.cif,YH4(CO2)4,False,0.0,0,,,0.0,none,False,False,0.02906006822972668,0.05,1.224155585179548e+25,2.1062503630451072e+25,1.5,1.2,1.7205740745251605,34,4,7.705882352941177,0.6117647058823531,0.7949017234853627,0.058823529411764705
finetune_000188_v01,finetune_000188,YH4(CO2)4,HF_COREMOF_GCMC,/home/rakeyma/Tüm_çalışmalar/MOF Radyoaktif Gaz Adsorpsiyonu/data/processed/augmented_cif/finetune_000188_v01.cif,Y2H8C8O15,True,0.04069236860608464,1,,,0.13307403520198668,"defect,noise",False,False,0.02995084710589707,0.05,1.2616796518060838e+25,2.106250363045107e+25,1.5,1.2,1.6694018644352606,33,4,7.696969696969697,0.6121212121212122,0.7949017234853627,0.06060606060606061
finetune_000188_v02,finetune_000188,YH4(CO2)4,HF_COREMOF_GCMC,/home/rakeyma/Tüm_çalışmalar/MOF Radyoaktif Gaz Adsorpsiyonu/data/processed/augmented_cif/finetune_000188_v02.cif,Y2H8C8NO16,True,0.0,0,,-NH2,0.10271318660854889,"functional,substitution,defect,noise",False,True,0.028322628575498485,0.05,1.193090934390708e+25,2.106250363045107e+25,1.5,1.2,1.7653728666715034,35,5,7.685714285714286,0.612857142857143,0.7623122719725821,0.05714285714285714
finetune_000188_v03,finetune_000188,YH4(CO2)4,HF_COREMOF_GCMC,/home/rakeyma/Tüm_çalışmalar/MOF Radyoaktif Gaz Adsorpsiyonu/data/processed/augmented_cif/finetune_000188_v03.cif,Y2H8C9O16,True,0.0,0,,-CH3,0.05435189673741406,"functional,noise,substitution",False,True,0.02842542108636305,0.05,1.1974210696572443e+25,2.1062503630451072e+25,1.5,1.2,1.7589888940638154,35,4,7.6571428571428575,0.6142857142857144,0.7949017234853627,0.05714285714285714
finetune_000188_v04,finetune_000188,YH4(CO2)4,HF_COREMOF_GCMC,/home/rakeyma/Tüm_çalışmalar/MOF Radyoaktif Gaz Adsorpsiyonu/data/processed/augmented_cif/finetune_000188_v04.cif,Y2H8C8NO15,True,0.033681839524287736,1,,-NH2,0.13209199501143748,"defect,functional,substitution,noise",False,True,0.029168113900800957,0.05,1.2287070098580609e+25,2.106250363045107e+25,1.5,1.2,1.7142006565816037,34,5,7.676470588235294,0.6132352941176471,0.7623122719725821,0.058823529411764705
finetune_000188_v05,finetune_000188,YH4(CO2)4,HF_COREMOF_GCMC,/home/rakeyma/Tüm_çalışmalar/MOF Radyoaktif Gaz Adsorpsiyonu/data/processed/augmented_cif/finetune_000188_v05.cif,Y2H8C8NO16,True,0.0,0,,-NH2,0.145276081381521,"functional,noise",False,True,0.028322628575498485,0.05,1.193090934390708e+25,2.106250363045107e+25,1.5,1.2,1.7653728666715034,35,5,7.685714285714286,0.612857142857143,0.7623122719725821,0.05714285714285714
finetune_000188_v06,finetune_000188,YH4(CO2)4,HF_COREMOF_GCMC,/home/rakeyma/Tüm_çalışmalar/MOF Radyoaktif Gaz Adsorpsiyonu/data/processed/augmented_cif/finetune_000188_v06.cif,Y2H8C8NO16,True,0.0,0,,-NH2,0.08719329564764576,"substitution,functional,noise",False,True,0.028322628575498485,0.05,1.193090934390708e+25,2.106250363045107e+25,1.5,1.2,1.7653728666715034,35,5,7.685714285714286,0.612857142857143,0.7623122719725821,0.05714285714285714
finetune_000189_v00,finetune_000189,CoHC4O3,HF_COREMOF_GCMC,/home/rakeyma/Tüm_çalışmalar/MOF Radyoaktif Gaz Adsorpsiyonu/data/processed/augmented_cif/finetune_000189_v00.cif,CoHC4O3,False,0.0,0,,,0.0,none,False,False,0.20272234461597277,0.24081560498963828,3.3889723538711354e+25,4.025789210541387e+25,3.325674945771934,1.8291212201745637,1.1879085428191327,54,4,8.444444444444445,0.688888888888889,0.5829397481729994,0.1111111111111111
finetune_000189_v01,finetune_000189,CoHC4O3,HF_COREMOF_GCMC,/home/rakeyma/Tüm_çalışmalar/MOF Radyoaktif Gaz Adsorpsiyonu/data/processed/augmented_cif/finetune_000189_v01.cif,Co6H5C22(NO6)3,True,0.06991707124723011,3,,-NH2,0.146125526812929,"defect,noise,functional",False,True,0.19906890878789252,0.24076877842684719,3.3278967332163872e+25,4.025006396357649e+25,3.325351591523712,1.8289433753380417,1.2094745477476132,54,5,8.592592592592593,0.6944444444444444,0.5617259118110896,0.1111111111111111
finetune_000189_v02,finetune_000189,CoHC4O3,HF_COREMOF_GCMC,/home/rakeyma/Tüm_çalışmalar/MOF Radyoaktif Gaz Adsorpsiyonu/data/processed/augmented_cif/finetune_000189_v02.cif,Ni3H3C11O7,True,0.13438728226498403,6,Ni,,0.041599248229253746,"defect,substitution,noise",False,False,0.30163584797363785,0.3240660103345733,5.042540089281269e+25,5.417512075117613e+25,3.8579289652295934,2.1218609308762764,1.0743617262723222,48,4,8.708333333333334,0.6958333333333333,0.5748260606479145,0.125
finetune_000189_v03,finetune_000189,CoHC4O3,HF_COREMOF_GCMC,/home/rakeyma/Tüm_çalışmalar/MOF Radyoaktif Gaz Adsorpsiyonu/data/processed/augmented_cif/finetune_000189_v03.cif,Co6H5C21O17,True,0.10787683209238222,5,,,0.10939084955990859,"defect,noise",False,False,0.2708518216938194,0.303512956228852,4.5279139675245495e+25,5.073920290581697e+25,3.7335855155155584,2.0534720335335575,1.1205867264646052,49,4,8.755102040816327,0.6989795918367347,0.5829397481729994,0.12244897959183673
finetune_000189_v04,finetune_000189,CoHC4O3,HF_COREMOF_GCMC,/home/rakeyma/Tüm_çalışmalar/MOF Radyoaktif Gaz Adsorpsiyonu/data/processed/augmented_cif/finetune_000189_v04.cif,NiHC4O3,True,0.0,0,Ni,,0.1465016237143817,"substitution,noise",False,False,0.20877834443344895,0.24762830795697666,3.4902123824203038e+25,4.139679280504727e+25,3.372388741022685,1.854813807562477,1.186082343113472,54,4,8.555555555555555,0.688888888888889,0.5748260606479145,0.1111111111111111
finetune_000189_v05,finetune_000189,CoHC4O3,HF_COREMOF_GCMC,/home/rakeyma/Tüm_çalışmalar/MOF Radyoaktif Gaz Adsorpsiyonu/data/processed/augmented_cif/finetune_000189_v05.cif,Co6H5(C12O7)2,True,0.1759274341455234,9,,-CH3,0.04846933895060855,"functional,defect,noise",False,True,0.2623975885678467,0.2900538782452089,4.386581928417668e+25,4.848920706635643e+25,3.6498651914070677,2.0074258552738873,1.105398414018623,49,4,8.63265306122449,0.7051020408163264,0.5829397481729994,0.12244897959183673
finetune_000189_v06,finetune_000189,CoHC4O3,HF_COREMOF_GCMC,/home/rakeyma/Tüm_çalışmalar/MOF Radyoaktif Gaz Adsorpsiyonu/data/processed/augmented_cif/finetune_000189_v06.cif,ZnHC4O3,True,0.0,0,Zn,,0.03069224568989547,"noise,substitution",False,False,0.19276892384325992,0.23849875153357314,3.2225779295708914e+25,3.987057652234633e+25,3.3096383529431552,1.8203010941187354,1.2372261398704287,54,4,8.777777777777779,0.688888888888889,0.6504229393248673,0.1111111111111111
finetune_000190_v00,finetune_000190,TbH8C8(NO3)2,HF_COREMOF_GCMC,/home/rakeyma/Tüm_çalışmalar/MOF Radyoaktif Gaz Adsorpsiyonu/data/processed/augmented_cif/finetune_000190_v00.cif,TbH8C8(NO3)2,False,0.0,0,,,0.0,none,False,False,0.02481166212658632,0.05,8.506364654357456e+24,1.714186782602257e+25,1.6927034589673409,1.2,2.015181399170503,50,5,7.32,0.5700000000000001,0.8027353237524806,0.04
finetune_000190_v01,finetune_000190,TbH8C8(NO3)2,HF_COREMOF_GCMC,/home/rakeyma/Tüm_çalışmalar/MOF Radyoaktif Gaz Adsorpsiyonu/data/processed/augmented_cif/finetune_000190_v01.cif,TbH8C8(NO2)3,True,0.0,0,,-NH2,0.09750995828300009,"noise,functional",False,True,0.023945201563017767,0.05,8.209309605214393e+24,1.7141867826022573e+25,1.6927034589673409,1.2,2.088101028024865,52,5,7.3076923076923075,0.573076923076923,0.8027353237524806,0.038461538461538464
finetune_000190_v02,finetune_000190,TbH8C8(NO3)2,HF_COREMOF_GCMC,/home/rakeyma/Tüm_çalışmalar/MOF Radyoaktif Gaz Adsorpsiyonu/data/processed/augmented_cif/finetune_000190_v02.cif,TbH8C8(NO3)2,True,0.0,0,,,0.08443246110974709,noise,False,False,0.02481166212658632,0.05,8.506364654357456e+24,1.714186782602257e+25,1.6927034589673409,1.2,2.015181399170503,50,5,7.32,0.5700000000000001,0.8027353237524806,0.04
finetune_000190_v03,finetune_000190,TbH8C8(NO3)2,HF_COREMOF_GCMC,/home/rakeyma/Tüm_çalışmalar/MOF Radyoaktif Gaz Adsorpsiyonu/data/processed/augmented_cif/finetune_000190_v03.cif,TbH8C8(NO2)3,True,0.0,0,,-NH2,0.12573840019681454,"functional,substitution,noise",False,True,0.023945201563017767,0.05,8.209309605214393e+24,1.7141867826022573e+25,1.6927034589673409,1.2,2.088101028024865,52,5,7.3076923076923075,0.573076923076923,0.8027353237524806,0.038461538461538464
finetune_000190_v04,finetune_000190,TbH8C8(NO3)2,HF_COREMOF_GCMC,/home/rakeyma/Tüm_çalışmalar/MOF Radyoaktif Gaz Adsorpsiyonu/data/processed/augmented_cif/finetune_000190_v04.cif,TbH8C9(NO3)2,True,0.0,0,,-CH3,0.10053053430099944,"functional,noise",False,True,0.024064959079179358,0.05,8.250366955478688e+24,1.7141867826022575e+25,1.6927034589673409,1.2,2.0777097453391997,52,5,7.269230769230769,0.5750000000000001,0.8027353237524806,0.038461538461538464
finetune_000190_v05,finetune_000190,TbH8C8(NO3)2,HF_COREMOF_GCMC,/home/rakeyma/Tüm_çalışmalar/MOF Radyoaktif Gaz Adsorpsiyonu/data/processed/augmented_cif/finetune_000190_v05.cif,TbH8C8(NO3)2,True,0.0,0,,,0.038495975618093245,"substitution,noise",False,False,0.02481166212658632,0.05,8.506364654357456e+24,1.714186782602257e+25,1.6927034589673409,1.2,2.015181399170503,50,5,7.32,0.5700000000000001,0.8027353237524806,0.04
finetune_000190_v06,finetune_000190,TbH8C8(NO3)2,HF_COREMOF_GCMC,/home/rakeyma/Tüm_çalışmalar/MOF Radyoaktif Gaz Adsorpsiyonu/data/processed/augmented_cif/finetune_000190_v06.cif,TbH8C8(NO3)2,True,0.0,0,,,0.08343649719633711,noise,False,False,0.02481166212658632,0.05,8.506364654357456e+24,1.714186782602257e+25,1.6927034589673409,1.2,2.015181399170503,50,5,7.32,0.5700000000000001,0.8027353237524806,0.04
finetune_000191_v00,finetune_000191,Ho(CO2)4,HF_COREMOF_GCMC,/home/rakeyma/Tüm_çalışmalar/MOF Radyoaktif Gaz Adsorpsiyonu/data/processed/augmented_cif/finetune_000191_v00.cif,Ho(CO2)4,False,0.0,0,,,0.0,none,False,False,0.14997836171222506,0.25281674030478984,2.4414133620380375e+25,4.115461463109865e+25,4.837021143375599,2.6603616288565797,1.6856881047273249,52,3,11.923076923076923,0.7192307692307693,0.9079035680560402,0.07692307692307693
finetune_000191_v01,finetune_000191,Ho(CO2)4,HF_COREMOF_GCMC,/home/rakeyma/Tüm_çalışmalar/MOF Radyoaktif Gaz Adsorpsiyonu/data/processed/augmented_cif/finetune_000191_v01.cif,Ho(CO2)4,True,0.0,0,,,0.04934604631677929,"substitution,noise",False,False,0.14997836171222506,0.25281674030478984,2.4414133620380375e+25,4.115461463109865e+25,4.837021143375599,2.6603616288565797,1.6856881047273249,52,3,11.923076923076923,0.7192307692307693,0.9079035680560402,0.07692307692307693
finetune_000191_v02,finetune_000191,Ho(CO2)4,HF_COREMOF_GCMC,/home/rakeyma/Tüm_çalışmalar/MOF Radyoaktif Gaz Adsorpsiyonu/data/processed/augmented_cif/finetune_000191_v02.cif,Ho4C16O31,True,0.03490371756318068,1,,,0.04002260958583758,"noise,defect",False,False,0.1583309751753212,0.2637657156004918,2.5773808568415195e+25,4.293693671292282e+25,4.940651767815472,2.71735847229851,1.6659135416075208,51,3,12.0,0.7215686274509805,0.9079035680560402,0.0784313725490196
finetune_000191_v03,finetune_000191,Ho(CO2)4,HF_COREMOF_GCMC,/home/rakeyma/Tüm_çalışmalar/MOF Radyoaktif Gaz Adsorpsiyonu/data/processed/augmented_cif/finetune_000191_v03.cif,Ho2C8O13,True,0.16995044324257916,8,,-CH3,0.09440118973278627,"noise,functional,defect",False,True,0.20325610355405282,0.3185105920790018,3.3086917437117375e+25,5.184854712204371e+25,5.429214642800188,2.986068053540104,1.5670407260085,46,3,12.434782608695652,0.7347826086956524,0.9079035680560402,0.08695652173913043
finetune_000191_v04,finetune_000191,Ho(CO2)4,HF_COREMOF_GCMC,/home/rakeyma/Tüm_çalışmalar/MOF Radyoaktif Gaz Adsorpsiyonu/data/processed/augmented_cif/finetune_000191_v04.cif,Ho2C9O16,True,0.0,0,,-CH3,0.06648440474867581,"substitution,defect,functional,noise",False,True,0.12952345876697718,0.22218162834662825,2.108439506345835e+25,3.616769712991286e+25,4.534497269418265,2.4939734981800457,1.715377511237948,54,3,11.703703703703704,0.7185185185185188,0.9079035680560402,0.07407407407407407
finetune_000191_v05,finetune_000191,Ho(CO2)4,HF_COREMOF_GCMC,/home/rakeyma/Tüm_çalışmalar/MOF Radyoaktif Gaz Adsorpsiyonu/data/processed/augmented_cif/finetune_000191_v05.cif,Ho(CO2)4,True,0.0,0,,,0.0636242334955735,"substitution,defect,noise",False,False,0.14997836171222506,0.25281674030478984,2.4414133620380375e+25,4.115461463109865e+25,4.837021143375599,2.6603616288565797,1.6856881047273249,52,3,11.923076923076923,0.7192307692307693,0.9079035680560402,0.07692307692307693
finetune_000191_v06,finetune_000191,Ho(CO2)4,HF_COREMOF_GCMC,/home/rakeyma/Tüm_çalışmalar/MOF Radyoaktif Gaz Adsorpsiyonu/data/processed/augmented_cif/finetune_000191_v06.cif,Ho(CO2)4,True,0.0,0,,,0.03426215554474693,"substitution,defect,noise",False,False,0.14997836171222506,0.25281674030478984,2.4414133620380375e+25,4.115461463109865e+25,4.837021143375599,2.6603616288565797,1.6856881047273249,52,3,11.923076923076923,0.7192307692307693,0.9079035680560402,0.07692307692307693
finetune_000192_v00,finetune_000192,ZnCrH18C14(N2O)2,HF_COREMOF_GCMC,/home/rakeyma/Tüm_çalışmalar/MOF Radyoaktif Gaz Adsorpsiyonu/data/processed/augmented_cif/finetune_000192_v00.cif,ZnCrH18C14(N2O)2,False,0.0,0,,,0.0,none,False,False,0.09604547402800646,0.10185166600708184,3.4245074118772756e+25,3.6315275517469388e+25,2.2145268798608373,1.2179897839234606,1.0604525308228716,40,6,5.0,0.52125,0.6658995586589784,0.05
finetune_000192_v01,finetune_000192,ZnCrH18C14(N2O)2,HF_COREMOF_GCMC,/home/rakeyma/Tüm_çalışmalar/MOF Radyoaktif Gaz Adsorpsiyonu/data/processed/augmented_cif/finetune_000192_v01.cif,CrCoH17C14N4O,True,0.0628451425701615,2,Co,,0.09025761439721916,"defect,substitution,noise",False,False,0.13617114826669321,0.13574632509895423,4.855190848317887e+25,4.840043751576659e+25,2.556589071456331,1.406123989300982,0.9968802262950228,38,6,4.947368421052632,0.5263157894736841,0.6256840700829417,0.05263157894736842
finetune_000192_v02,finetune_000192,ZnCrH18C14(N2O)2,HF_COREMOF_GCMC,/home/rakeyma/Tüm_çalışmalar/MOF Radyoaktif Gaz Adsorpsiyonu/data/processed/augmented_cif/finetune_000192_v02.cif,CrCdH18C14(N2O)2,True,0.0,0,Cd,,0.12901804022822844,"substitution,noise",False,False,0.07287857613728543,0.08655743391043413,2.5984902117971936e+25,3.0862107452655745e+25,2.041498541087733,1.2,1.1876938120659914,40,6,5.45,0.5262499999999999,0.6582805886043833,0.05
finetune_000192_v03,finetune_000192,ZnCrH18C14(N2O)2,HF_COREMOF_GCMC,/home/rakeyma/Tüm_çalışmalar/MOF Radyoaktif Gaz Adsorpsiyonu/data/processed/augmented_cif/finetune_000192_v03.cif,MgCrH18C16(N2O)2,True,0.0,0,Mg,-CH3,0.1439841010938556,"functional,substitution,noise",False,True,0.05407917957800899,0.05484750610210265,1.9281965461395094e+25,1.9555912766369964e+25,1.6250821875714594,1.2,1.0142074367638167,42,6,4.619047619047619,0.5333333333333333,0.7396771067311886,0.047619047619047616
finetune_000192_v04,finetune_000192,ZnCrH18C14(N2O)2,HF_COREMOF_GCMC,/home/rakeyma/Tüm_çalışmalar/MOF Radyoaktif Gaz Adsorpsiyonu/data/processed/augmented_cif/finetune_000192_v04.cif,ZnCrH18C14(N2O)2,True,0.0,0,,,0.06727282358095962,noise,False,False,0.09604547402800646,0.10185166600708184,3.4245074118772756e+25,3.6315275517469388e+25,2.2145268798608373,1.2179897839234606,1.0604525308228716,40,6,5.0,0.52125,0.6658995586589784,0.05
finetune_000192_v05,finetune_000192,ZnCrH18C14(N2O)2,HF_COREMOF_GCMC,/home/rakeyma/Tüm_çalışmalar/MOF Radyoaktif Gaz Adsorpsiyonu/data/processed/augmented_cif/finetune_000192_v05.cif,ZnCrH18C14(N2O)2,True,0.0,0,,,0.03919429733836777,noise,False,False,0.09604547402800646,0.10185166600708184,3.4245074118772756e+25,3.6315275517469388e+25,2.2145268798608373,1.2179897839234606,1.0604525308228716,40,6,5.0,0.52125,0.6658995586589784,0.05
finetune_000192_v06,finetune_000192,ZnCrH18C14(N2O)2,HF_COREMOF_GCMC,/home/rakeyma/Tüm_çalışmalar/MOF Radyoaktif Gaz Adsorpsiyonu/data/processed/augmented_cif/finetune_000192_v06.cif,ZnCrH18C16(N2O)2,True,0.0,0,,-CH3,0.08527874221654644,"noise,functional",False,True,0.04442541179728121,0.05,1.5839908492838268e+25,1.782753141953729e+25,1.551607569587104,1.2,1.1254819702776497,42,6,5.0476190476190474,0.5297619047619048,0.6658995586589784,0.047619047619047616
finetune_000193_v00,finetune_000193,CoHC4O3,HF_COREMOF_GCMC,/home/rakeyma/Tüm_çalışmalar/MOF Radyoaktif Gaz Adsorpsiyonu/data/processed/augmented_cif/finetune_000193_v00.cif,CoHC4O3,False,0.0,0,,,0.0,none,False,False,0.20272234461597277,0.24081560498963828,3.3889723538711354e+25,4.025789210541387e+25,3.325674945771934,1.8291212201745637,1.1879085428191327,54,4,8.444444444444445,0.688888888888889,0.5829397481729994,0.1111111111111111
finetune_000193_v01,finetune_000193,CoHC4O3,HF_COREMOF_GCMC,/home/rakeyma/Tüm_çalışmalar/MOF Radyoaktif Gaz Adsorpsiyonu/data/processed/augmented_cif/finetune_000193_v01.cif,CoHC4O3,True,0.0,0,,,0.06134422668455731,noise,False,False,0.20272234461597277,0.24081560498963828,3.3889723538711354e+25,4.025789210541387e+25,3.325674945771934,1.8291212201745637,1.1879085428191327,54,4,8.444444444444445,0.688888888888889,0.5829397481729994,0.1111111111111111
finetune_000193_v02,finetune_000193,CoHC4O3,HF_COREMOF_GCMC,/home/rakeyma/Tüm_çalışmalar/MOF Radyoaktif Gaz Adsorpsiyonu/data/processed/augmented_cif/finetune_000193_v02.cif,Zn3H3C12N2O9,True,0.0,0,Zn,-NH2,0.0349706342861712,"functional,substitution,noise",False,True,0.145838340359588,0.19080609744444565,2.4380247996310457e+25,3.1897647514595633e+25,2.9602855833476767,1.6281570708412223,1.3083397477918521,58,5,8.655172413793103,0.6862068965517241,0.6263098274815748,0.10344827586206896
finetune_000193_v03,finetune_000193,CoHC4O3,HF_COREMOF_GCMC,/home/rakeyma/Tüm_çalışmalar/MOF Radyoaktif Gaz Adsorpsiyonu/data/processed/augmented_cif/finetune_000193_v03.cif,Zn3H3C14O9,True,0.0,0,Zn,-CH3,0.08879940940755227,"noise,functional,substitution",False,True,0.13524562476588442,0.1755766584074927,2.2609430853903907e+25,2.93516949231844e+25,2.8396896284743685,1.5618292956609028,1.2982058289236558,58,4,8.586206896551724,0.6896551724137931,0.6504229393248673,0.10344827586206896
finetune_000193_v04,finetune_000193,CoHC4O3,HF_COREMOF_GCMC,/home/rakeyma/Tüm_çalışmalar/MOF Radyoaktif Gaz Adsorpsiyonu/data/processed/augmented_cif/finetune_000193_v04.cif,Ni3H3C12N2O9,True,0.0,0,Ni,-NH2,0.08458367281684571,"noise,functional,substitution",False,True,0.15903300810288704,0.19993565386784928,2.6586041555242704e+25,3.3423863797296594e+25,3.030278952222119,1.6666534237221655,1.2571959510348951,58,5,8.448275862068966,0.6862068965517241,0.5538736317970011,0.10344827586206896
finetune_000193_v05,finetune_000193,CoHC4O3,HF_COREMOF_GCMC,/home/rakeyma/Tüm_çalışmalar/MOF Radyoaktif Gaz Adsorpsiyonu/data/processed/augmented_cif/finetune_000193_v05.cif,MnHC4O3,True,0.0,0,Mn,,0.07554135464416238,"noise,substitution",False,False,0.1978418186893586,0.22899850163094293,3.3073830871872915e+25,3.828239026020184e+25,3.2430512059343135,1.7836781632638725,1.1574827968524946,54,4,8.222222222222221,0.6944444444444445,0.6822206387965699,0.1111111111111111
finetune_000193_v06,finetune_000193,CoHC4O3,HF_COREMOF_GCMC,/home/rakeyma/Tüm_çalışmalar/MOF Radyoaktif Gaz Adsorpsiyonu/data/processed/augmented_cif/finetune_000193_v06.cif,Co3H3(C3O2)4,True,0.050282821944307075,2,,,0.04926211759126933,"defect,noise",False,False,0.22950013374351416,0.26330393289691645,3.836624965737575e+25,4.4017335678687805e+25,3.4774921530786758,1.9126206841932718,1.1472931566618645,52,4,8.461538461538462,0.6923076923076923,0.5829397481729994,0.11538461538461539
finetune_000194_v00,finetune_000194,MgPHCO6,HF_COREMOF_GCMC,/home/rakeyma/Tüm_çalışmalar/MOF Radyoaktif Gaz Adsorpsiyonu/data/processed/augmented_cif/finetune_000194_v00.cif,MgPHCO6,False,0.0,0,,,0.0,none,False,False,0.09183493617924217,0.13499857555114858,2.705562218012952e+25,3.977212384444526e+25,1.9888527039069894,1.2,1.4700132778190231,40,5,8.2,0.7050000000000001,0.6865974075103983,0.1
finetune_000194_v01,finetune_000194,MgPHCO6,HF_COREMOF_GCMC,/home/rakeyma/Tüm_çalışmalar/MOF Radyoaktif Gaz Adsorpsiyonu/data/processed/augmented_cif/finetune_000194_v01.cif,Mg4P4H4C5O24,True,0.0,0,,-CH3,0.12562442996804868,"substitution,functional,noise",False,True,0.0716667256918152,0.10727646051659301,2.111383678015787e+25,3.1604871798392685e+25,1.7729245143102426,1.2,1.496879611577464,41,5,8.146341463414634,0.7048780487804879,0.6865974075103983,0.0975609756097561
finetune_000194_v02,finetune_000194,MgPHCO6,HF_COREMOF_GCMC,/home/rakeyma/Tüm_çalışmalar/MOF Radyoaktif Gaz Adsorpsiyonu/data/processed/augmented_cif/finetune_000194_v02.cif,Mg4P4H4(CO4)5,True,0.11194463280960236,4,,-CH3,0.08577330732372179,"defect,noise,functional",False,True,0.13779708673837215,0.18653943251355842,4.059659723658228e+25,5.4956649590653125e+25,2.3378861207476214,1.285837366411192,1.3537255172000169,37,5,8.162162162162161,0.7162162162162163,0.6865974075103983,0.10810810810810811
finetune_000194_v03,finetune_000194,MgPHCO6,HF_COREMOF_GCMC,/home/rakeyma/Tüm_çalışmalar/MOF Radyoaktif Gaz Adsorpsiyonu/data/processed/augmented_cif/finetune_000194_v03.cif,Mg4P4H3C4O19,True,0.17196695559167247,6,,,0.13533950296176128,"defect,noise",False,False,0.18744924861608678,0.24158759690009157,5.522469181671142e+25,7.117446820430997e+25,2.660574008088352,1.4633157044485938,1.2888160325192077,34,5,8.441176470588236,0.7338235294117648,0.6865974075103983,0.11764705882352941
finetune_000194_v04,finetune_000194,MgPHCO6,HF_COREMOF_GCMC,/home/rakeyma/Tüm_çalışmalar/MOF Radyoaktif Gaz Adsorpsiyonu/data/processed/augmented_cif/finetune_000194_v04.cif,Mg4P4H4C3NO23,True,0.059527255061919374,2,,-NH2,0.1423811694506067,"functional,defect,noise",False,True,0.11227167218996449,0.16152408041492594,3.30765182694125e+25,4.758684085291383e+25,2.1754878678951735,1.2,1.4386895399725232,39,6,8.23076923076923,0.7064102564102566,0.679184560091487,0.10256410256410256
finetune_000194_v05,finetune_000194,MgPHCO6,HF_COREMOF_GCMC,/home/rakeyma/Tüm_çalışmalar/MOF Radyoaktif Gaz Adsorpsiyonu/data/processed/augmented_cif/finetune_000194_v05.cif,Mg3P4H4C2O23,True,0.11275113889857578,4,,,0.05269663088840834,"defect,noise",False,False,0.18058203338983062,0.23947435694239438,5.320153169572453e+25,7.0551883551342905e+25,2.6489120255911214,1.456901614075117,1.3261250438211107,36,5,8.222222222222221,0.6861111111111113,0.6865974075103983,0.08333333333333333
finetune_000194_v06,finetune_000194,MgPHCO6,HF_COREMOF_GCMC,/home/rakeyma/Tüm_çalışmalar/MOF Radyoaktif Gaz Adsorpsiyonu/data/processed/augmented_cif/finetune_000194_v06.cif,MgPHCO6,True,0.0,0,,,0.09122798270265925,"substitution,noise",False,False,0.09183493617924217,0.13499857555114858,2.705562218012952e+25,3.977212384444526e+25,1.9888527039069894,1.2,1.4700132778190231,40,5,8.2,0.7050000000000001,0.6865974075103983,0.1
finetune_000195_v00,finetune_000195,CoHC4O3,HF_COREMOF_GCMC,/home/rakeyma/Tüm_çalışmalar/MOF Radyoaktif Gaz Adsorpsiyonu/data/processed/augmented_cif/finetune_000195_v00.cif,CoHC4O3,False,0.0,0,,,0.0,none,False,False,0.20272234461597277,0.24081560498963828,3.3889723538711354e+25,4.025789210541387e+25,3.325674945771934,1.8291212201745637,1.1879085428191327,54,4,8.444444444444445,0.688888888888889,0.5829397481729994,0.1111111111111111
finetune_000195_v01,finetune_000195,CoHC4O3,HF_COREMOF_GCMC,/home/rakeyma/Tüm_çalışmalar/MOF Radyoaktif Gaz Adsorpsiyonu/data/processed/augmented_cif/finetune_000195_v01.cif,Co6H6C23O16,True,0.07881196215023994,3,,,0.03267981768775165,"defect,noise",False,False,0.24648636665794005,0.2790344561784366,4.120589093384458e+25,4.66470560784783e+25,3.5798629701464284,1.9689246335805357,1.1320482343985578,51,4,8.509803921568627,0.6921568627450981,0.5829397481729994,0.11764705882352941
finetune_000195_v02,finetune_000195,CoHC4O3,HF_COREMOF_GCMC,/home/rakeyma/Tüm_çalışmalar/MOF Radyoaktif Gaz Adsorpsiyonu/data/processed/augmented_cif/finetune_000195_v02.cif,Co3H3C12N2O9,True,0.0,0,,-NH2,0.06011763194277518,"functional,noise",False,True,0.15339122571188762,0.1931229509005108,2.56428872825416e+25,3.228496309766317e+25,2.9782039138781222,1.6380121526329674,1.2590221507405557,58,5,8.344827586206897,0.6862068965517241,0.5617259118110896,0.10344827586206896
finetune_000195_v03,finetune_000195,CoHC4O3,HF_COREMOF_GCMC,/home/rakeyma/Tüm_çalışmalar/MOF Radyoaktif Gaz Adsorpsiyonu/data/processed/augmented_cif/finetune_000195_v03.cif,MnHC4O3,True,0.0,0,Mn,,0.08790209814130553,"noise,substitution",False,False,0.1978418186893586,0.22899850163094293,3.3073830871872915e+25,3.828239026020184e+25,3.2430512059343135,1.7836781632638725,1.1574827968524946,54,4,8.222222222222221,0.6944444444444445,0.6822206387965699,0.1111111111111111
finetune_000195_v04,finetune_000195,CoHC4O3,HF_COREMOF_GCMC,/home/rakeyma/Tüm_çalışmalar/MOF Radyoaktif Gaz Adsorpsiyonu/data/processed/augmented_cif/finetune_000195_v04.cif,Co6H4C21O16,True,0.1571619837341923,7,,,0.14525715687736632,"defect,noise",False,False,0.29028101129508715,0.3190187376235054,4.852717760325734e+25,5.333135250684863e+25,3.827767773454192,2.105272275399806,1.098999676899998,47,4,8.936170212765957,0.7106382978723406,0.5829397481729994,0.1276595744680851
finetune_000195_v05,finetune_000195,CoHC4O3,HF_COREMOF_GCMC,/home/rakeyma/Tüm_çalışmalar/MOF Radyoaktif Gaz Adsorpsiyonu/data/processed/augmented_cif/finetune_000195_v05.cif,Co6H6C24O17,True,0.11122206218224544,5,,-CH3,0.10872094159915942,"noise,functional,defect",False,True,0.21587837059154083,0.2520597689432773,3.608905723339957e+25,4.2137613892050824e+25,3.4024304195426915,1.8713367307484805,1.1676008497404986,53,4,8.452830188679245,0.6905660377358492,0.5829397481729994,0.11320754716981132
finetune_000195_v06,finetune_000195,CoHC4O3,HF_COREMOF_GCMC,/home/rakeyma/Tüm_çalışmalar/MOF Radyoaktif Gaz Adsorpsiyonu/data/processed/augmented_cif/finetune_000195_v06.cif,Ni3H3C12N2O9,True,0.0,0,Ni,-NH2,0.03714112674563506,"functional,substitution,noise",False,True,0.15903300810288704,0.19993565386784928,2.6586041555242704e+25,3.3423863797296594e+25,3.030278952222119,1.6666534237221655,1.2571959510348951,58,5,8.448275862068966,0.6862068965517241,0.5538736317970011,0.10344827586206896
finetune_000196_v00,finetune_000196,LaC12(ClO)6,HF_COREMOF_GCMC,/home/rakeyma/Tüm_çalışmalar/MOF Radyoaktif Gaz Adsorpsiyonu/data/processed/augmented_cif/finetune_000196_v00.cif,LaC12(ClO)6,False,0.0,0,,,0.0,none,False,False,0.027855608691282376,0.05,5.564325439575443e+24,9.987800843348366e+24,1.9871936116040632,1.2,1.7949706486093728,50,4,11.16,0.7979999999999999,0.9036142705823099,0.04
finetune_000196_v01,finetune_000196,LaC12(ClO)6,HF_COREMOF_GCMC,/home/rakeyma/Tüm_çalışmalar/MOF Radyoaktif Gaz Adsorpsiyonu/data/processed/augmented_cif/finetune_000196_v01.cif,La2C23(Cl6O5)2,True,0.1519491561160995,7,,-CH3,0.10851567979677892,"functional,defect,noise",False,True,0.04483140390720388,0.07747865768864826,8.955342675057244e+24,1.547682805208361e+25,2.473695415369852,1.3605324784534187,1.728222873613787,47,4,11.404255319148936,0.8085106382978726,0.9036142705823099,0.0425531914893617
finetune_000196_v02,finetune_000196,LaC12(ClO)6,HF_COREMOF_GCMC,/home/rakeyma/Tüm_çalışmalar/MOF Radyoaktif Gaz Adsorpsiyonu/data/processed/augmented_cif/finetune_000196_v02.cif,LaC14(ClO)6,True,0.0,0,,-CH3,0.10262327424901348,"functional,substitution,noise",False,True,0.026768951210057665,0.05,5.347259069427303e+24,9.987800843348366e+24,1.9871936116040632,1.2,1.8678355983260913,54,4,10.777777777777779,0.790740740740741,0.9036142705823099,0.037037037037037035
finetune_000196_v03,finetune_000196,LaC12(ClO)6,HF_COREMOF_GCMC,/home/rakeyma/Tüm_çalışmalar/MOF Radyoaktif Gaz Adsorpsiyonu/data/processed/augmented_cif/finetune_000196_v03.cif,LaC12(ClO)6,True,0.0,0,,,0.08639119261120683,"substitution,noise",False,False,0.027855608691282376,0.05,5.564325439575443e+24,9.987800843348366e+24,1.9871936116040632,1.2,1.7949706486093728,50,4,11.16,0.7979999999999999,0.9036142705823099,0.04
finetune_000196_v04,finetune_000196,LaC12(ClO)6,HF_COREMOF_GCMC,/home/rakeyma/Tüm_çalışmalar/MOF Radyoaktif Gaz Adsorpsiyonu/data/processed/augmented_cif/finetune_000196_v04.cif,La2C22N3Cl12O11,True,0.08176236251522273,3,,-NH2,0.08291060725745157,"noise,defect,functional",False,True,0.027808631117361506,0.05,5.554941386526937e+24,9.987800843348366e+24,1.9871936116040632,1.2,1.7980029217901332,50,5,11.18,0.7969999999999999,0.8304793796356416,0.04
finetune_000196_v05,finetune_000196,LaC12(ClO)6,HF_COREMOF_GCMC,/home/rakeyma/Tüm_çalışmalar/MOF Radyoaktif Gaz Adsorpsiyonu/data/processed/augmented_cif/finetune_000196_v05.cif,La2C22Cl12O11,True,0.07316077782867667,3,,,0.08807831359616541,"defect,substitution,noise",False,False,0.047766101623454606,0.08283943193844545,9.541566201564073e+24,1.6547674963546102e+25,2.5578421294438223,1.4068131711941023,1.7342724049678107,47,4,11.446808510638299,0.8063829787234044,0.9036142705823099,0.0425531914893617
finetune_000196_v06,finetune_000196,LaC12(ClO)6,HF_COREMOF_GCMC,/home/rakeyma/Tüm_çalışmalar/MOF Radyoaktif Gaz Adsorpsiyonu/data/processed/augmented_cif/finetune_000196_v06.cif,LaC12(ClO)6,True,0.0,0,,,0.12711880587702318,"substitution,noise",False,False,0.027855608691282376,0.05,5.564325439575443e+24,9.987800843348366e+24,1.9871936116040632,1.2,1.7949706486093728,50,4,11.16,0.7979999999999999,0.9036142705823099,0.04
finetune_000197_v00,finetune_000197,Ho(CO2)4,HF_COREMOF_GCMC,/home/rakeyma/Tüm_çalışmalar/MOF Radyoaktif Gaz Adsorpsiyonu/data/processed/augmented_cif/finetune_000197_v00.cif,Ho(CO2)4,False,0.0,0,,,0.0,none,False,False,0.14997836171222506,0.25281674030478984,2.4414133620380375e+25,4.115461463109865e+25,4.837021143375599,2.6603616288565797,1.6856881047273249,52,3,11.923076923076923,0.7192307692307693,0.9079035680560402,0.07692307692307693
finetune_000197_v01,finetune_000197,Ho(CO2)4,HF_COREMOF_GCMC,/home/rakeyma/Tüm_çalışmalar/MOF Radyoaktif Gaz Adsorpsiyonu/data/processed/augmented_cif/finetune_000197_v01.cif,Ho2C7NO13,True,0.16862809512260074,8,,-NH2,0.059175104032966684,"functional,defect,noise",False,True,0.2073350243393206,0.325925405331037,3.3750902000900995e+25,5.305556285043726e+25,5.492046165239111,3.020625390881511,1.5719746645295856,46,4,12.478260869565217,0.732608695652174,0.8327214420200791,0.08695652173913043
finetune_000197_v02,finetune_000197,Ho(CO2)4,HF_COREMOF_GCMC,/home/rakeyma/Tüm_çalışmalar/MOF Radyoaktif Gaz Adsorpsiyonu/data/processed/augmented_cif/finetune_000197_v02.cif,Ho4C17O29,True,0.0808867825274075,4,,-CH3,0.1336681207402229,"functional,defect,noise",False,True,0.1647237436991593,0.27034611021281507,2.6814451386241254e+25,4.4008122125978295e+25,5.001901494629702,2.7510458220463363,1.6412091186232238,50,3,12.04,0.7260000000000002,0.9079035680560402,0.08
finetune_000197_v03,finetune_000197,Ho(CO2)4,HF_COREMOF_GCMC,/home/rakeyma/Tüm_çalışmalar/MOF Radyoaktif Gaz Adsorpsiyonu/data/processed/augmented_cif/finetune_000197_v03.cif,Ho(CO2)4,True,0.0,0,,,0.07358601541113365,"substitution,noise",False,False,0.14997836171222506,0.25281674030478984,2.4414133620380375e+25,4.115461463109865e+25,4.837021143375599,2.6603616288565797,1.6856881047273249,52,3,11.923076923076923,0.7192307692307693,0.9079035680560402,0.07692307692307693
finetune_000197_v04,finetune_000197,Ho(CO2)4,HF_COREMOF_GCMC,/home/rakeyma/Tüm_çalışmalar/MOF Radyoaktif Gaz Adsorpsiyonu/data/processed/augmented_cif/finetune_000197_v04.cif,Ho(CO2)4,True,0.0,0,,,0.1020211773719322,"substitution,noise",False,False,0.14997836171222506,0.25281674030478984,2.4414133620380375e+25,4.115461463109865e+25,4.837021143375599,2.6603616288565797,1.6856881047273249,52,3,11.923076923076923,0.7192307692307693,0.9079035680560402,0.07692307692307693
finetune_000197_v05,finetune_000197,Ho(CO2)4,HF_COREMOF_GCMC,/home/rakeyma/Tüm_çalışmalar/MOF Radyoaktif Gaz Adsorpsiyonu/data/processed/augmented_cif/finetune_000197_v05.cif,Ho2C8NO16,True,0.0,0,,-NH2,0.053654338294553225,"noise,functional",False,True,0.13346213653976627,0.22959644159866344,2.172555025634546e+25,3.7374712858306406e+25,4.609540641960254,2.5352473530781396,1.7203114497590337,54,4,11.74074074074074,0.7166666666666667,0.8327214420200791,0.07407407407407407
finetune_000197_v06,finetune_000197,Ho(CO2)4,HF_COREMOF_GCMC,/home/rakeyma/Tüm_çalışmalar/MOF Radyoaktif Gaz Adsorpsiyonu/data/processed/augmented_cif/finetune_000197_v06.cif,Ho(CO2)4,True,0.0,0,,,0.13001980728658244,"substitution,noise",False,False,0.14997836171222506,0.25281674030478984,2.4414133620380375e+25,4.115461463109865e+25,4.837021143375599,2.6603616288565797,1.6856881047273249,52,3,11.923076923076923,0.7192307692307693,0.9079035680560402,0.07692307692307693
finetune_000198_v00,finetune_000198,AlH5C8O5,HF_COREMOF_GCMC,/home/rakeyma/Tüm_çalışmalar/MOF Radyoaktif Gaz Adsorpsiyonu/data/processed/augmented_cif/finetune_000198_v00.cif,AlH5C8O5,False,0.0,0,,,0.0,none,False,False,0.20142572307430212,0.192406380937295,6.088620349570138e+25,5.815987096791099e+25,2.9266162052360323,1.6096389128798179,0.9552224909542459,38,4,5.578947368421052,0.5842105263157897,0.6629856710367125,0.05263157894736842
finetune_000198_v01,finetune_000198,AlH5C8O5,HF_COREMOF_GCMC,/home/rakeyma/Tüm_çalışmalar/MOF Radyoaktif Gaz Adsorpsiyonu/data/processed/augmented_cif/finetune_000198_v01.cif,Al2H10C17O9,True,0.07966915175597067,2,,-CH3,0.09566359712274534,"defect,noise,functional",False,True,0.1948002447897853,0.18429431237268934,5.888347905251478e+25,5.570778565399373e+25,2.8642571363529306,1.575341424994112,0.9460681765136731,38,4,5.526315789473684,0.586842105263158,0.6629856710367125,0.05263157894736842
finetune_000198_v02,finetune_000198,AlH5C8O5,HF_COREMOF_GCMC,/home/rakeyma/Tüm_çalışmalar/MOF Radyoaktif Gaz Adsorpsiyonu/data/processed/augmented_cif/finetune_000198_v02.cif,AlH5C8O5,True,0.0,0,,,0.05084255570772624,noise,False,False,0.20142572307430212,0.192406380937295,6.088620349570138e+25,5.815987096791099e+25,2.9266162052360323,1.6096389128798179,0.9552224909542459,38,4,5.578947368421052,0.5842105263157897,0.6629856710367125,0.05263157894736842
finetune_000198_v03,finetune_000198,AlH5C8O5,HF_COREMOF_GCMC,/home/rakeyma/Tüm_çalışmalar/MOF Radyoaktif Gaz Adsorpsiyonu/data/processed/augmented_cif/finetune_000198_v03.cif,Cr2H9C13O9,True,0.14729921255788142,5,Cr,,0.09085640007899465,"defect,substitution,noise",False,False,0.2917640466173995,0.2766838209423633,8.819332925280522e+25,8.363493584009965e+25,3.5095216016717625,1.9302368809194697,0.9483136258566792,33,4,6.2727272727272725,0.5924242424242424,0.647316576336494,0.06060606060606061
finetune_000198_v04,finetune_000198,AlH5C8O5,HF_COREMOF_GCMC,/home/rakeyma/Tüm_çalışmalar/MOF Radyoaktif Gaz Adsorpsiyonu/data/processed/augmented_cif/finetune_000198_v04.cif,Al2H10C14N2O9,True,0.07983025951562553,3,,-NH2,0.03949650763134767,"noise,functional,defect",False,True,0.24416828584378283,0.2265063146690781,7.380626323281056e+25,6.8467469583890154e+25,3.1753835795352,1.7464609687443602,0.9276647615652889,37,5,5.5675675675675675,0.581081081081081,0.6382287990995078,0.05405405405405406
finetune_000198_v05,finetune_000198,AlH5C8O5,HF_COREMOF_GCMC,/home/rakeyma/Tüm_çalışmalar/MOF Radyoaktif Gaz Adsorpsiyonu/data/processed/augmented_cif/finetune_000198_v05.cif,AlH5(C2O)4,True,0.12103721026065639,4,,-CH3,0.04145243687172151,"functional,noise,defect",False,True,0.2643154538794087,0.2330689415024868,7.989627276166654e+25,7.04511955288524e+25,3.221055734265559,1.7715806538460575,0.8817832558849253,36,4,5.444444444444445,0.5833333333333334,0.6629856710367125,0.05555555555555555
finetune_000198_v06,finetune_000198,AlH5C8O5,HF_COREMOF_GCMC,/home/rakeyma/Tüm_çalışmalar/MOF Radyoaktif Gaz Adsorpsiyonu/data/processed/augmented_cif/finetune_000198_v06.cif,AlH5C8NO5,True,0.0,0,,-NH2,0.04050536749099978,"functional,noise",False,True,0.1464307428986823,0.1492883366920792,4.426252950258542e+25,4.512631211464355e+25,2.577917278004966,1.4178545029027314,1.0195149852881245,40,5,5.65,0.5875,0.6382287990995078,0.05
finetune_000199_v00,finetune_000199,MgPHCO6,HF_COREMOF_GCMC,/home/rakeyma/Tüm_çalışmalar/MOF Radyoaktif Gaz Adsorpsiyonu/data/processed/augmented_cif/finetune_000199_v00.cif,MgPHCO6,False,0.0,0,,,0.0,none,False,False,0.09183493617924217,0.13499857555114858,2.705562218012952e+25,3.977212384444526e+25,1.9888527039069894,1.2,1.4700132778190231,40,5,8.2,0.7050000000000001,0.6865974075103983,0.1
finetune_000199_v01,finetune_000199,MgPHCO6,HF_COREMOF_GCMC,/home/rakeyma/Tüm_çalışmalar/MOF Radyoaktif Gaz Adsorpsiyonu/data/processed/augmented_cif/finetune_000199_v01.cif,Mg3P4H4C5O22,True,0.10145248925187404,3,,-CH3,0.061743707305440536,"noise,defect,functional",False,True,0.12846975811451594,0.17612375483796894,3.7848659581304622e+25,5.188807186125024e+25,2.271679165544508,1.2494235410494796,1.3709355215020718,38,5,8.052631578947368,0.6894736842105265,0.6865974075103983,0.07894736842105263
finetune_000199_v02,finetune_000199,MgPHCO6,HF_COREMOF_GCMC,/home/rakeyma/Tüm_çalışmalar/MOF Radyoaktif Gaz Adsorpsiyonu/data/processed/augmented_cif/finetune_000199_v02.cif,Mg4P4H4C5O23,True,0.03116247974944269,1,,-CH3,0.06100418635281507,"functional,defect,noise",False,True,0.08698444919766989,0.1270922035158344,2.5626613258003002e+25,3.74428162464578e+25,1.9297341470984413,1.2,1.4610910879831023,40,5,8.15,0.7075,0.6865974075103983,0.1
finetune_000199_v03,finetune_000199,MgPHCO6,HF_COREMOF_GCMC,/home/rakeyma/Tüm_çalışmalar/MOF Radyoaktif Gaz Adsorpsiyonu/data/processed/augmented_cif/finetune_000199_v03.cif,Mg4P4H3C4O23,True,0.058689479720619886,2,,,0.11723112815541459,"defect,noise",False,False,0.11335754975204247,0.16232462490312616,3.3396430214427843e+25,4.782269041204953e+25,2.1808722732826804,1.2,1.4319701268966551,38,5,8.394736842105264,0.7197368421052633,0.6865974075103983,0.10526315789473684
finetune_000199_v04,finetune_000199,MgPHCO6,HF_COREMOF_GCMC,/home/rakeyma/Tüm_çalışmalar/MOF Radyoaktif Gaz Adsorpsiyonu/data/processed/augmented_cif/finetune_000199_v04.cif,Mg4P4H4C5O24,True,0.0,0,,-CH3,0.08355771770824777,"noise,functional",False,True,0.0716667256918152,0.10727646051659301,2.111383678015787e+25,3.1604871798392685e+25,1.7729245143102426,1.2,1.496879611577464,41,5,8.146341463414634,0.7048780487804879,0.6865974075103983,0.0975609756097561
finetune_000199_v05,finetune_000199,MgPHCO6,HF_COREMOF_GCMC,/home/rakeyma/Tüm_çalışmalar/MOF Radyoaktif Gaz Adsorpsiyonu/data/processed/augmented_cif/finetune_000199_v05.cif,MgPHCO6,True,0.0,0,,,0.13647233007762938,"substitution,noise",False,False,0.09183493617924217,0.13499857555114858,2.705562218012952e+25,3.977212384444526e+25,1.9888527039069894,1.2,1.4700132778190231,40,5,8.2,0.7050000000000001,0.6865974075103983,0.1
finetune_000199_v06,finetune_000199,MgPHCO6,HF_COREMOF_GCMC,/home/rakeyma/Tüm_çalışmalar/MOF Radyoaktif Gaz Adsorpsiyonu/data/processed/augmented_cif/finetune_000199_v06.cif,MgPHCO6,True,0.0,0,,,0.044398566397372066,"substitution,noise",False,False,0.09183493617924217,0.13499857555114858,2.705562218012952e+25,3.977212384444526e+25,1.9888527039069894,1.2,1.4700132778190231,40,5,8.2,0.7050000000000001,0.6865974075103983,0.1
finetune_000200_v00,finetune_000200,CuH8(C2N)4,HF_COREMOF_GCMC,/home/rakeyma/Tüm_çalışmalar/MOF Radyoaktif Gaz Adsorpsiyonu/data/processed/augmented_cif/finetune_000200_v00.cif,CuH8(C2N)4,False,0.0,0,,,0.0,none,False,False,0.04641999144503889,0.05382039392919458,3.168457201349375e+25,3.6735813475174998e+25,1.5935546152688367,1.2,1.159422745540954,21,4,5.380952380952381,0.55,0.4242861652234256,0.047619047619047616
finetune_000200_v01,finetune_000200,CuH8(C2N)4,HF_COREMOF_GCMC,/home/rakeyma/Tüm_çalışmalar/MOF Radyoaktif Gaz Adsorpsiyonu/data/processed/augmented_cif/finetune_000200_v01.cif,CuH8(C2N)4,True,0.0552079689542309,1,,-CH3,0.07824342705142225,"functional,noise,defect",False,True,0.04641999144503898,0.05382039392919469,3.1684572013493824e+25,3.6735813475175084e+25,1.5935546152688382,1.2,1.159422745540954,21,4,5.380952380952381,0.55,0.4242861652234256,0.047619047619047616
finetune_000200_v02,finetune_000200,CuH8(C2N)4,HF_COREMOF_GCMC,/home/rakeyma/Tüm_çalışmalar/MOF Radyoaktif Gaz Adsorpsiyonu/data/processed/augmented_cif/finetune_000200_v02.cif,CuH8C9N4,True,0.0,0,,-CH3,0.07513252535248852,"functional,noise",False,True,0.04092767206032948,0.05,2.7935717615879872e+25,3.412815365445315e+25,1.5359550937446054,1.2,1.2216673336880106,22,4,5.409090909090909,0.5568181818181818,0.4242861652234256,0.045454545454545456
finetune_000200_v03,finetune_000200,CuH8(C2N)4,HF_COREMOF_GCMC,/home/rakeyma/Tüm_çalışmalar/MOF Radyoaktif Gaz Adsorpsiyonu/data/processed/augmented_cif/finetune_000200_v03.cif,CuH8(C2N)4,True,0.0,0,,,0.12672382581370162,noise,False,False,0.04641999144503889,0.05382039392919458,3.168457201349375e+25,3.6735813475174998e+25,1.5935546152688367,1.2,1.159422745540954,21,4,5.380952380952381,0.55,0.4242861652234256,0.047619047619047616
finetune_000200_v04,finetune_000200,CuH8(C2N)4,HF_COREMOF_GCMC,/home/rakeyma/Tüm_çalışmalar/MOF Radyoaktif Gaz Adsorpsiyonu/data/processed/augmented_cif/finetune_000200_v04.cif,CuH8C8N5,True,0.0,0,,-NH2,0.10470750833350119,"noise,functional",False,True,0.040584038073675215,0.05,2.770116574593129e+25,3.412815365445315e+25,1.5359550937446054,1.2,1.2320114600038392,22,4,5.454545454545454,0.5545454545454546,0.4242861652234256,0.045454545454545456
finetune_000200_v05,finetune_000200,CuH8(C2N)4,HF_COREMOF_GCMC,/home/rakeyma/Tüm_çalışmalar/MOF Radyoaktif Gaz Adsorpsiyonu/data/processed/augmented_cif/finetune_000200_v05.cif,ZnH8(C2N)4,True,0.0,0,Zn,,0.050635053010259445,"noise,substitution",False,False,0.04276876027565259,0.05,2.9192376445958875e+25,3.412815365445316e+25,1.5359550937446054,1.2,1.1690776089309285,21,4,5.428571428571429,0.55,0.5070009861923347,0.047619047619047616
finetune_000200_v06,finetune_000200,CuH8(C2N)4,HF_COREMOF_GCMC,/home/rakeyma/Tüm_çalışmalar/MOF Radyoaktif Gaz Adsorpsiyonu/data/processed/augmented_cif/finetune_000200_v06.cif,ZnH8C9N4,True,0.0,0,Zn,-CH3,0.0504569611546587,"noise,functional,substitution",False,True,0.04060675598852481,0.05,2.771667215570521e+25,3.412815365445315e+25,1.5359550937446054,1.2,1.231322197077985,22,4,5.454545454545454,0.5568181818181818,0.5070009861923347,0.045454545454545456
finetune_000201_v00,finetune_000201,CuH8(C2N)4,HF_COREMOF_GCMC,/home/rakeyma/Tüm_çalışmalar/MOF Radyoaktif Gaz Adsorpsiyonu/data/processed/augmented_cif/finetune_000201_v00.cif,CuH8(C2N)4,False,0.0,0,,,0.0,none,False,False,0.05556521108350604,0.06374764214332951,3.752883638938055e+25,4.305526399621553e+25,1.7305181678393637,1.2,1.1472581656807983,21,4,5.380952380952381,0.55,0.4242861652234256,0.047619047619047616
finetune_000201_v01,finetune_000201,CuH8(C2N)4,HF_COREMOF_GCMC,/home/rakeyma/Tüm_çalışmalar/MOF Radyoaktif Gaz Adsorpsiyonu/data/processed/augmented_cif/finetune_000201_v01.cif,CuH8(C2N)4,True,0.0,0,,,0.03979665344105573,noise,False,False,0.05556521108350604,0.06374764214332951,3.752883638938055e+25,4.305526399621553e+25,1.7305181678393637,1.2,1.1472581656807983,21,4,5.380952380952381,0.55,0.4242861652234256,0.047619047619047616
finetune_000201_v02,finetune_000201,CuH8(C2N)4,HF_COREMOF_GCMC,/home/rakeyma/Tüm_çalışmalar/MOF Radyoaktif Gaz Adsorpsiyonu/data/processed/augmented_cif/finetune_000201_v02.cif,CuH8C9N4,True,0.0,0,,-CH3,0.10267570427850178,"functional,noise",False,True,0.041361635356613975,0.05,2.7935717615879872e+25,3.3770083526705606e+25,1.5326009917783558,1.2,1.2088496880964041,22,4,5.409090909090909,0.5568181818181818,0.4242861652234256,0.045454545454545456
finetune_000201_v03,finetune_000201,CuH8(C2N)4,HF_COREMOF_GCMC,/home/rakeyma/Tüm_çalışmalar/MOF Radyoaktif Gaz Adsorpsiyonu/data/processed/augmented_cif/finetune_000201_v03.cif,CuH7C8N3,True,0.17091642146521593,3,,-CH3,0.1499550312710281,"functional,defect,noise",False,True,0.1206585733160309,0.12913631925661662,8.14930019819099e+25,8.72188857525453e+25,2.4630220617759324,1.3546621339767628,1.0702622756725348,19,4,5.526315789473684,0.5605263157894737,0.4242861652234256,0.05263157894736842
finetune_000201_v04,finetune_000201,CuH8(C2N)4,HF_COREMOF_GCMC,/home/rakeyma/Tüm_çalışmalar/MOF Radyoaktif Gaz Adsorpsiyonu/data/processed/augmented_cif/finetune_000201_v04.cif,CuH8C9N4,True,0.0,0,,-CH3,0.03354985923361302,"noise,functional",False,True,0.041361635356613975,0.05,2.7935717615879872e+25,3.3770083526705606e+25,1.5326009917783558,1.2,1.2088496880964041,22,4,5.409090909090909,0.5568181818181818,0.4242861652234256,0.045454545454545456
finetune_000201_v05,finetune_000201,CuH8(C2N)4,HF_COREMOF_GCMC,/home/rakeyma/Tüm_çalışmalar/MOF Radyoaktif Gaz Adsorpsiyonu/data/processed/augmented_cif/finetune_000201_v05.cif,CoH8(C2N)4,True,0.046100191153820594,1,Co,-CH3,0.14173612766178706,"substitution,functional,defect,noise",False,True,0.05131866599741568,0.0576618302113977,3.466071274423669e+25,3.894489645083235e+25,1.6458426470896836,1.2,1.1236034509217652,21,4,5.285714285714286,0.55,0.4304866432306582,0.047619047619047616
finetune_000201_v06,finetune_000201,CuH8(C2N)4,HF_COREMOF_GCMC,/home/rakeyma/Tüm_çalışmalar/MOF Radyoaktif Gaz Adsorpsiyonu/data/processed/augmented_cif/finetune_000201_v06.cif,CuH8C8N5,True,0.0,0,,-NH2,0.11200587968340121,"functional,noise",False,True,0.04101435775843585,0.05,2.770116574593129e+25,3.3770083526705606e+25,1.5326009917783558,1.2,1.2190852845846645,22,4,5.454545454545454,0.5545454545454546,0.4242861652234256,0.045454545454545456
finetune_000202_v00,finetune_000202,LaC12(ClO)6,HF_COREMOF_GCMC,/home/rakeyma/Tüm_çalışmalar/MOF Radyoaktif Gaz Adsorpsiyonu/data/processed/augmented_cif/finetune_000202_v00.cif,LaC12(ClO)6,False,0.0,0,,,0.0,none,False,False,0.027855608691282376,0.05,5.564325439575443e+24,9.987800843348366e+24,1.9871936116040632,1.2,1.7949706486093728,50,4,11.16,0.7979999999999999,0.9036142705823099,0.04
finetune_000202_v01,finetune_000202,LaC12(ClO)6,HF_COREMOF_GCMC,/home/rakeyma/Tüm_çalışmalar/MOF Radyoaktif Gaz Adsorpsiyonu/data/processed/augmented_cif/finetune_000202_v01.cif,LaC12N2(ClO)6,True,0.0,0,,-NH2,0.13710940436811914,"functional,substitution,defect,noise",False,True,0.026596527424587756,0.05,5.31281638082871e+24,9.987800843348366e+24,1.9871936116040632,1.2,1.8799446710391365,54,5,10.851851851851851,0.7870370370370369,0.8304793796356416,0.037037037037037035
finetune_000202_v02,finetune_000202,LaC12(ClO)6,HF_COREMOF_GCMC,/home/rakeyma/Tüm_çalışmalar/MOF Radyoaktif Gaz Adsorpsiyonu/data/processed/augmented_cif/finetune_000202_v02.cif,LaC12Cl6O5,True,0.10671523226122297,5,,-CH3,0.09117714219728495,"defect,noise,functional",False,True,0.033601041507444224,0.058682173060378706,6.712010214108696e+24,1.1722117151639304e+25,2.152822749450979,1.2,1.7464391110429667,48,4,11.291666666666666,0.8062499999999999,0.9036142705823099,0.041666666666666664
finetune_000202_v03,finetune_000202,LaC12(ClO)6,HF_COREMOF_GCMC,/home/rakeyma/Tüm_çalışmalar/MOF Radyoaktif Gaz Adsorpsiyonu/data/processed/augmented_cif/finetune_000202_v03.cif,LaC12N2(ClO)6,True,0.0,0,,-NH2,0.07494711754539708,"noise,functional",False,True,0.026596527424587756,0.05,5.31281638082871e+24,9.987800843348366e+24,1.9871936116040632,1.2,1.8799446710391365,54,5,10.851851851851851,0.7870370370370369,0.8304793796356416,0.037037037037037035
finetune_000202_v04,finetune_000202,LaC12(ClO)6,HF_COREMOF_GCMC,/home/rakeyma/Tüm_çalışmalar/MOF Radyoaktif Gaz Adsorpsiyonu/data/processed/augmented_cif/finetune_000202_v04.cif,La2C24Cl11O9,True,0.15408080149189304,8,,-CH3,0.13523209878916714,"noise,functional,defect",False,True,0.05551544993937287,0.09262213945444864,1.1089545154466647e+25,1.8501829651117443e+25,2.7046594159447666,1.4875626787696217,1.668402932077451,46,4,11.23913043478261,0.806521739130435,0.9036142705823099,0.043478260869565216
finetune_000202_v05,finetune_000202,LaC12(ClO)6,HF_COREMOF_GCMC,/home/rakeyma/Tüm_çalışmalar/MOF Radyoaktif Gaz Adsorpsiyonu/data/processed/augmented_cif/finetune_000202_v05.cif,La2C23Cl12O11,True,0.05907576252286544,2,,,0.1257230901320508,"defect,noise",False,False,0.036544001348037564,0.06404294731017612,7.299884149665069e+24,1.2792964063101844e+25,2.2490071457622296,1.2369539301692263,1.75248864239699,48,4,11.333333333333334,0.8041666666666666,0.9036142705823099,0.041666666666666664
finetune_000202_v06,finetune_000202,LaC12(ClO)6,HF_COREMOF_GCMC,/home/rakeyma/Tüm_çalışmalar/MOF Radyoaktif Gaz Adsorpsiyonu/data/processed/augmented_cif/finetune_000202_v06.cif,LaC12(ClO)6,True,0.0,0,,,0.10714321457926944,"substitution,defect,noise",False,False,0.027855608691282376,0.05,5.564325439575443e+24,9.987800843348366e+24,1.9871936116040632,1.2,1.7949706486093728,50,4,11.16,0.7979999999999999,0.9036142705823099,0.04
finetune_000203_v00,finetune_000203,AlH5C8O5,HF_COREMOF_GCMC,/home/rakeyma/Tüm_çalışmalar/MOF Radyoaktif Gaz Adsorpsiyonu/data/processed/augmented_cif/finetune_000203_v00.cif,AlH5C8O5,False,0.0,0,,,0.0,none,False,False,0.20142572307430212,0.192406380937295,6.088620349570138e+25,5.815987096791099e+25,2.9266162052360323,1.6096389128798179,0.9552224909542459,38,4,5.578947368421052,0.5842105263157897,0.6629856710367125,0.05263157894736842
finetune_000203_v01,finetune_000203,AlH5C8O5,HF_COREMOF_GCMC,/home/rakeyma/Tüm_çalışmalar/MOF Radyoaktif Gaz Adsorpsiyonu/data/processed/augmented_cif/finetune_000203_v01.cif,CrH5C8O5,True,0.0,0,Cr,,0.14693796381156593,"substitution,noise",False,False,0.15262646578869316,0.16331679549906541,4.613534911532685e+25,4.936678142817879e+25,2.6963201828880536,1.4829761005884297,1.0700424376279059,38,4,6.157894736842105,0.5921052631578949,0.647316576336494,0.05263157894736842
finetune_000203_v02,finetune_000203,AlH5C8O5,HF_COREMOF_GCMC,/home/rakeyma/Tüm_çalışmalar/MOF Radyoaktif Gaz Adsorpsiyonu/data/processed/augmented_cif/finetune_000203_v02.cif,Al2H9(C8O5)2,True,0.08950903849995345,3,,-CH3,0.12197537314398804,"noise,functional,defect",False,True,0.2100012029439924,0.20011207955639254,6.347836702104543e+25,6.048912031619731e+25,2.984645052080276,1.641554778644152,0.9529092059999421,37,4,5.702702702702703,0.5932432432432433,0.6629856710367125,0.05405405405405406
finetune_000203_v03,finetune_000203,AlH5C8O5,HF_COREMOF_GCMC,/home/rakeyma/Tüm_çalışmalar/MOF Radyoaktif Gaz Adsorpsiyonu/data/processed/augmented_cif/finetune_000203_v03.cif,AlH5C8O5,True,0.0,0,,,0.04515406187786111,noise,False,False,0.20142572307430212,0.192406380937295,6.088620349570138e+25,5.815987096791099e+25,2.9266162052360323,1.6096389128798179,0.9552224909542459,38,4,5.578947368421052,0.5842105263157897,0.6629856710367125,0.05263157894736842
finetune_000203_v04,finetune_000203,AlH5C8O5,HF_COREMOF_GCMC,/home/rakeyma/Tüm_çalışmalar/MOF Radyoaktif Gaz Adsorpsiyonu/data/processed/augmented_cif/finetune_000203_v04.cif,GaH5C8O5,True,0.0,0,Ga,,0.11326505749670349,"substitution,noise",False,False,0.16399045723360328,0.18882043479659494,4.957041334187043e+25,5.707592477119435e+25,2.8992157432837495,1.5945686588060624,1.1514111124626083,38,4,6.526315789473684,0.586842105263158,0.602536305960064,0.05263157894736842
finetune_000203_v05,finetune_000203,AlH5C8O5,HF_COREMOF_GCMC,/home/rakeyma/Tüm_çalışmalar/MOF Radyoaktif Gaz Adsorpsiyonu/data/processed/augmented_cif/finetune_000203_v05.cif,AlH5C8NO5,True,0.0,0,,-NH2,0.05753896537486938,"functional,noise",False,True,0.1464307428986823,0.1492883366920792,4.426252950258542e+25,4.512631211464355e+25,2.577917278004966,1.4178545029027314,1.0195149852881245,40,5,5.65,0.5875,0.6382287990995078,0.05
finetune_000203_v06,finetune_000203,AlH5C8O5,HF_COREMOF_GCMC,/home/rakeyma/Tüm_çalışmalar/MOF Radyoaktif Gaz Adsorpsiyonu/data/processed/augmented_cif/finetune_000203_v06.cif,FeH5C8NO5,True,0.0,0,Fe,-NH2,0.06879565238669134,"substitution,functional,noise",False,True,0.10687341373768972,0.12311837156670091,3.2305290097992655e+25,3.7215754327982806e+25,2.3410865450513967,1.2875975997782683,1.1520018614627847,40,5,6.3,0.595,0.5751312893592209,0.05
finetune_000204_v00,finetune_000204,MgPHCO6,HF_COREMOF_GCMC,/home/rakeyma/Tüm_çalışmalar/MOF Radyoaktif Gaz Adsorpsiyonu/data/processed/augmented_cif/finetune_000204_v00.cif,MgPHCO6,False,0.0,0,,,0.0,none,False,False,0.09183493617924217,0.13499857555114858,2.705562218012952e+25,3.977212384444526e+25,1.9888527039069894,1.2,1.4700132778190231,40,5,8.2,0.7050000000000001,0.6865974075103983,0.1
finetune_000204_v01,finetune_000204,MgPHCO6,HF_COREMOF_GCMC,/home/rakeyma/Tüm_çalışmalar/MOF Radyoaktif Gaz Adsorpsiyonu/data/processed/augmented_cif/finetune_000204_v01.cif,Mg4P4H4C4O23,True,0.050885485334141306,1,,,0.07394487392875246,"defect,noise",False,False,0.10794285769672289,0.15481431855038996,3.1801200026816643e+25,4.561006829251039e+25,2.1298233783282785,1.2,1.4342247542246611,39,5,8.205128205128204,0.707692307692308,0.6865974075103983,0.10256410256410256
finetune_000204_v02,finetune_000204,MgPHCO6,HF_COREMOF_GCMC,/home/rakeyma/Tüm_çalışmalar/MOF Radyoaktif Gaz Adsorpsiyonu/data/processed/augmented_cif/finetune_000204_v02.cif,Mg4P4H4C4NO24,True,0.0,0,,-NH2,0.139802286683745,"substitution,functional,noise",False,True,0.07592276800992345,0.1139862223811291,2.2367715507929084e+25,3.3581644358796147e+25,1.827528706731475,1.2,1.5013443973253264,41,6,8.170731707317072,0.7036585365853659,0.679184560091487,0.0975609756097561
finetune_000204_v03,finetune_000204,MgPHCO6,HF_COREMOF_GCMC,/home/rakeyma/Tüm_çalışmalar/MOF Radyoaktif Gaz Adsorpsiyonu/data/processed/augmented_cif/finetune_000204_v03.cif,Mg4P4H4C5O22,True,0.07062182208628223,2,,-CH3,0.10441777236177173,"functional,defect,noise",False,True,0.10307141107129006,0.14690794651507577,3.036601615396969e+25,4.3280760694522924e+25,2.074725626080058,1.2,1.4253025643887407,39,5,8.153846153846153,0.7102564102564104,0.6865974075103983,0.10256410256410256
finetune_000204_v04,finetune_000204,MgPHCO6,HF_COREMOF_GCMC,/home/rakeyma/Tüm_çalışmalar/MOF Radyoaktif Gaz Adsorpsiyonu/data/processed/augmented_cif/finetune_000204_v04.cif,MgPHCO6,True,0.0,0,,,0.13025684206355298,noise,False,False,0.09183493617924217,0.13499857555114858,2.705562218012952e+25,3.977212384444526e+25,1.9888527039069894,1.2,1.4700132778190231,40,5,8.2,0.7050000000000001,0.6865974075103983,0.1
finetune_000204_v05,finetune_000204,MgPHCO6,HF_COREMOF_GCMC,/home/rakeyma/Tüm_çalışmalar/MOF Radyoaktif Gaz Adsorpsiyonu/data/processed/augmented_cif/finetune_000204_v05.cif,Mg2P4H3C3NO22,True,0.17259788271927917,6,,-NH2,0.141332747239095,"functional,defect,noise",False,True,0.19140753268273888,0.24728174641269007,5.63908475592269e+25,7.285202975397277e+25,2.6917458782740855,1.4804602330507473,1.2919123032768183,35,6,8.228571428571428,0.6771428571428573,0.679184560091487,0.05714285714285714
finetune_000204_v06,finetune_000204,MgPHCO6,HF_COREMOF_GCMC,/home/rakeyma/Tüm_çalışmalar/MOF Radyoaktif Gaz Adsorpsiyonu/data/processed/augmented_cif/finetune_000204_v06.cif,Mg4P4H4C3O23,True,0.06053923722446149,2,,,0.11701221945322712,"defect,noise",False,False,0.12970145410753006,0.18253643358494542,3.821153130326811e+25,5.377732033856293e+25,2.3126654248441585,1.2719659836642874,1.4073584204662202,38,5,8.263157894736842,0.7078947368421055,0.6865974075103983,0.10526315789473684
finetune_000205_v00,finetune_000205,CuH8(C2N)4,HF_COREMOF_GCMC,/home/rakeyma/Tüm_çalışmalar/MOF Radyoaktif Gaz Adsorpsiyonu/data/processed/augmented_cif/finetune_000205_v00.cif,CuH8(C2N)4,False,0.0,0,,,0.0,none,False,False,0.05556521108350604,0.06374764214332951,3.752883638938055e+25,4.305526399621553e+25,1.7305181678393637,1.2,1.1472581656807983,21,4,5.380952380952381,0.55,0.4242861652234256,0.047619047619047616
finetune_000205_v01,finetune_000205,CuH8(C2N)4,HF_COREMOF_GCMC,/home/rakeyma/Tüm_çalışmalar/MOF Radyoaktif Gaz Adsorpsiyonu/data/processed/augmented_cif/finetune_000205_v01.cif,CoH6C7N4,True,0.17662692754711773,3,Co,,0.07772934019631103,"defect,substitution,noise",False,False,0.1480023238417529,0.15565025309685931,9.996101676565057e+25,1.0512644096067615e+26,2.704076760229106,1.4872422181260085,1.0516743862973648,18,4,5.722222222222222,0.5750000000000001,0.4304866432306582,0.05555555555555555
finetune_000205_v02,finetune_000205,CuH8(C2N)4,HF_COREMOF_GCMC,/home/rakeyma/Tüm_çalışmalar/MOF Radyoaktif Gaz Adsorpsiyonu/data/processed/augmented_cif/finetune_000205_v02.cif,CuH7(C2N)4,True,0.07563200344853296,1,,,0.08286579544943604,"noise,defect",False,False,0.07089212654612424,0.08096514588729664,4.788066069696799e+25,5.468399478731826e+25,1.9502628651885967,1.2,1.142089394576401,20,4,5.6,0.5650000000000001,0.4242861652234256,0.05
finetune_000205_v03,finetune_000205,CuH8(C2N)4,HF_COREMOF_GCMC,/home/rakeyma/Tüm_çalışmalar/MOF Radyoaktif Gaz Adsorpsiyonu/data/processed/augmented_cif/finetune_000205_v03.cif,NiH7(C2N)4,True,0.07281441218275575,1,Ni,,0.030339714164212522,"noise,substitution,defect",False,False,0.07112992313095666,0.07946670563095559,4.804126890761111e+25,5.367194573498995e+25,1.9321316057412807,1.2,1.1172049980238297,20,4,5.55,0.5650000000000001,0.421218470630147,0.05
finetune_000205_v04,finetune_000205,CuH8(C2N)4,HF_COREMOF_GCMC,/home/rakeyma/Tüm_çalışmalar/MOF Radyoaktif Gaz Adsorpsiyonu/data/processed/augmented_cif/finetune_000205_v04.cif,CuH5(C2N)4,True,0.16095475651426208,3,,,0.033169608271763656,"defect,noise",False,False,0.1019659505162861,0.11540015337523046,6.886797331629823e+25,7.794145636952341e+25,2.3283447922411895,1.2805896357326543,1.1317518523676062,18,4,6.111111111111111,0.6000000000000001,0.4242861652234256,0.05555555555555555
finetune_000205_v05,finetune_000205,CuH8(C2N)4,HF_COREMOF_GCMC,/home/rakeyma/Tüm_çalışmalar/MOF Radyoaktif Gaz Adsorpsiyonu/data/processed/augmented_cif/finetune_000205_v05.cif,NiH8(C2N)4,True,0.0,0,Ni,,0.11185603038121508,"substitution,noise",False,False,0.055462096138738905,0.06224920188698846,3.7459192383427785e+25,4.204321494388721e+25,1.7100586036135876,1.2,1.122373769128227,21,4,5.333333333333333,0.55,0.421218470630147,0.047619047619047616
finetune_000205_v06,finetune_000205,CuH8(C2N)4,HF_COREMOF_GCMC,/home/rakeyma/Tüm_çalışmalar/MOF Radyoaktif Gaz Adsorpsiyonu/data/processed/augmented_cif/finetune_000205_v06.cif,CuH8(C2N)4,True,0.08479741321756963,1,,-NH2,0.07912705400551681,"functional,defect,noise",False,True,0.05556521108350604,0.06374764214332951,3.752883638938055e+25,4.305526399621553e+25,1.7305181678393637,1.2,1.1472581656807983,21,4,5.380952380952381,0.55,0.4242861652234256,0.047619047619047616
finetune_000206_v00,finetune_000206,Ho(CO2)4,HF_COREMOF_GCMC,/home/rakeyma/Tüm_çalışmalar/MOF Radyoaktif Gaz Adsorpsiyonu/data/processed/augmented_cif/finetune_000206_v00.cif,Ho(CO2)4,False,0.0,0,,,0.0,none,False,False,0.14997836171222506,0.25281674030478984,2.4414133620380375e+25,4.115461463109865e+25,4.837021143375599,2.6603616288565797,1.6856881047273249,52,3,11.923076923076923,0.7192307692307693,0.9079035680560402,0.07692307692307693
finetune_000206_v01,finetune_000206,Ho(CO2)4,HF_COREMOF_GCMC,/home/rakeyma/Tüm_çalışmalar/MOF Radyoaktif Gaz Adsorpsiyonu/data/processed/augmented_cif/finetune_000206_v01.cif,Ho(CO2)4,True,0.0,0,,,0.035177642872150305,noise,False,False,0.14997836171222506,0.25281674030478984,2.4414133620380375e+25,4.115461463109865e+25,4.837021143375599,2.6603616288565797,1.6856881047273249,52,3,11.923076923076923,0.7192307692307693,0.9079035680560402,0.07692307692307693
finetune_000206_v02,finetune_000206,Ho(CO2)4,HF_COREMOF_GCMC,/home/rakeyma/Tüm_çalışmalar/MOF Radyoaktif Gaz Adsorpsiyonu/data/processed/augmented_cif/finetune_000206_v02.cif,Ho2C8NO16,True,0.0,0,,-NH2,0.037261281790627064,"substitution,functional,defect,noise",False,True,0.13346213653976627,0.22959644159866344,2.172555025634546e+25,3.7374712858306406e+25,4.609540641960254,2.5352473530781396,1.7203114497590337,54,4,11.74074074074074,0.7166666666666667,0.8327214420200791,0.07407407407407407
finetune_000206_v03,finetune_000206,Ho(CO2)4,HF_COREMOF_GCMC,/home/rakeyma/Tüm_çalışmalar/MOF Radyoaktif Gaz Adsorpsiyonu/data/processed/augmented_cif/finetune_000206_v03.cif,Ho(CO2)4,True,0.0,0,,,0.07309495995174482,"substitution,noise",False,False,0.14997836171222506,0.25281674030478984,2.4414133620380375e+25,4.115461463109865e+25,4.837021143375599,2.6603616288565797,1.6856881047273249,52,3,11.923076923076923,0.7192307692307693,0.9079035680560402,0.07692307692307693
finetune_000206_v04,finetune_000206,Ho(CO2)4,HF_COREMOF_GCMC,/home/rakeyma/Tüm_çalışmalar/MOF Radyoaktif Gaz Adsorpsiyonu/data/processed/augmented_cif/finetune_000206_v04.cif,Ho4C14O29,True,0.11870936900713819,5,,,0.09220524859636633,"defect,noise",False,False,0.19809840850232044,0.31629877815005736,3.2247325280431573e+25,5.148849837775696e+25,5.410330918218419,2.9756820050201305,1.596675008857289,47,3,12.425531914893616,0.7276595744680853,0.9079035680560402,0.0851063829787234
finetune_000206_v05,finetune_000206,Ho(CO2)4,HF_COREMOF_GCMC,/home/rakeyma/Tüm_çalışmalar/MOF Radyoaktif Gaz Adsorpsiyonu/data/processed/augmented_cif/finetune_000206_v05.cif,Ho2C7O16,True,0.04764989074522474,2,,,0.05239981688294176,"noise,defect",False,False,0.17116671200780093,0.28345185226295144,2.7863265944576516e+25,4.6141532132284476e+25,5.121706902641294,2.8169387964527117,1.6559986982167019,50,3,12.16,0.7200000000000002,0.9079035680560402,0.08
finetune_000206_v06,finetune_000206,Ho(CO2)4,HF_COREMOF_GCMC,/home/rakeyma/Tüm_çalışmalar/MOF Radyoaktif Gaz Adsorpsiyonu/data/processed/augmented_cif/finetune_000206_v06.cif,Ho4C14O31,True,0.07911035737164318,3,,,0.08010402905245967,"defect,noise,substitution",False,False,0.17992695575366202,0.2944008275586534,2.9289296732730667e+25,4.792385421410863e+25,5.21968849127216,2.8708286701996886,1.6362241350968976,49,3,12.244897959183673,0.7224489795918368,0.9079035680560402,0.08163265306122448
finetune_000207_v00,finetune_000207,CuHC4O3,HF_COREMOF_GCMC,/home/rakeyma/Tüm_çalışmalar/MOF Radyoaktif Gaz Adsorpsiyonu/data/processed/augmented_cif/finetune_000207_v00.cif,CuHC4O3,False,0.0,0,,,0.0,none,False,False,0.14306361389834307,0.18913494331402203,2.5852239851953995e+25,3.417753673141659e+25,2.7268008935398664,1.4997404914469266,1.3220338712288924,54,4,8.666666666666666,0.688888888888889,0.577510822409416,0.1111111111111111
finetune_000207_v01,finetune_000207,CuHC4O3,HF_COREMOF_GCMC,/home/rakeyma/Tüm_çalışmalar/MOF Radyoaktif Gaz Adsorpsiyonu/data/processed/augmented_cif/finetune_000207_v01.cif,Ni6H4C20O17,True,0.13865646929740005,7,Ni,,0.050698713157543804,"substitution,defect,noise",False,False,0.2317437997058168,0.2761120701364099,4.1877149129303165e+25,4.989469557408326e+25,3.2946572207235256,1.8120614713979393,1.191453969801633,47,4,9.106382978723405,0.7085106382978725,0.5748260606479145,0.1276595744680851
finetune_000207_v02,finetune_000207,CuHC4O3,HF_COREMOF_GCMC,/home/rakeyma/Tüm_çalışmalar/MOF Radyoaktif Gaz Adsorpsiyonu/data/processed/augmented_cif/finetune_000207_v02.cif,Co5H5(C11O9)2,True,0.07716944795538622,4,Co,,0.08033052191159887,"substitution,noise,defect",False,False,0.2101763617666756,0.24566732461623353,3.7979815884310477e+25,4.4393192837135976e+25,3.1077153933244155,1.7092434663284286,1.1688627710139816,50,4,8.32,0.684,0.5829397481729994,0.1
finetune_000207_v03,finetune_000207,CuHC4O3,HF_COREMOF_GCMC,/home/rakeyma/Tüm_çalışmalar/MOF Radyoaktif Gaz Adsorpsiyonu/data/processed/augmented_cif/finetune_000207_v03.cif,Ni6H6C24O17,True,0.03080819054791939,1,Ni,,0.049133650276663186,"substitution,defect,noise",False,False,0.15782731960558175,0.19888378098083948,2.8520108016660108e+25,3.593919563805802e+25,2.796193518575144,1.5379064352163292,1.260135326874079,53,4,8.566037735849056,0.6905660377358491,0.5748260606479145,0.11320754716981132
finetune_000207_v04,finetune_000207,CuHC4O3,HF_COREMOF_GCMC,/home/rakeyma/Tüm_çalışmalar/MOF Radyoaktif Gaz Adsorpsiyonu/data/processed/augmented_cif/finetune_000207_v04.cif,Zn6H6C23(NO4)4,True,0.07299222081222315,3,Zn,-NH2,0.05698131874434772,"functional,defect,substitution,noise",False,True,0.1230707348610363,0.1666203255176515,2.2239436497420925e+25,3.010904381706567e+25,2.5593608958181107,1.407648492699961,1.3538582158121395,55,5,8.727272727272727,0.6890909090909091,0.6263098274815748,0.10909090909090909
finetune_000207_v05,finetune_000207,CuHC4O3,HF_COREMOF_GCMC,/home/rakeyma/Tüm_çalışmalar/MOF Radyoaktif Gaz Adsorpsiyonu/data/processed/augmented_cif/finetune_000207_v05.cif,ZnHC4O3,True,0.0,0,Zn,,0.06351639884928856,"noise,substitution",False,False,0.13224532090732105,0.17686096140228846,2.389732554794834e+25,3.1959572878314488e+25,2.6368385027361887,1.4502611765049038,1.3373702766106526,54,4,8.777777777777779,0.688888888888889,0.6504229393248673,0.1111111111111111
finetune_000207_v06,finetune_000207,CuHC4O3,HF_COREMOF_GCMC,/home/rakeyma/Tüm_çalışmalar/MOF Radyoaktif Gaz Adsorpsiyonu/data/processed/augmented_cif/finetune_000207_v06.cif,Cu6H6C19O16,True,0.1543168738773909,7,,,0.07771914050527079,"defect,noise",False,False,0.24960555377203986,0.29846248523713226,4.510484859609233e+25,5.393351632123132e+25,3.425408856746718,1.883974871210695,1.1957365560451934,47,4,8.97872340425532,0.6914893617021278,0.577510822409416,0.1276595744680851
finetune_000208_v00,finetune_000208,NiH9C11(NO)2,HF_COREMOF_GCMC,/home/rakeyma/Tüm_çalışmalar/MOF Radyoaktif Gaz Adsorpsiyonu/data/processed/augmented_cif/finetune_000208_v00.cif,NiH9C11(NO)2,False,0.0,0,,,0.0,none,False,False,0.11050820778470832,0.11439936982589449,2.8987157079593816e+25,3.0007838959891437e+25,2.7487932508246935,1.5118362879535816,1.035211520657062,50,5,5.32,0.552,0.5538736317970011,0.04
finetune_000208_v01,finetune_000208,NiH9C11(NO)2,HF_COREMOF_GCMC,/home/rakeyma/Tüm_çalışmalar/MOF Radyoaktif Gaz Adsorpsiyonu/data/processed/augmented_cif/finetune_000208_v01.cif,CoH18C23(NO)4,True,0.0780172297706401,3,Co,-CH3,0.06669452351144578,"substitution,defect,functional,noise",False,True,0.13402226968967737,0.12634493076700315,3.5155077270160417e+25,3.3141251928441034e+25,2.888744759544376,1.5888096177494069,0.942715946085298,50,5,4.86,0.5389999999999999,0.5617259118110896,0.02
finetune_000208_v02,finetune_000208,NiH9C11(NO)2,HF_COREMOF_GCMC,/home/rakeyma/Tüm_çalışmalar/MOF Radyoaktif Gaz Adsorpsiyonu/data/processed/augmented_cif/finetune_000208_v02.cif,Ni2H16C21N7O4,True,0.06268597250071298,3,,-NH2,0.07544200107881087,"noise,defect,functional",False,True,0.08829836640251201,0.09633028123534892,2.3161344013175833e+25,2.5268177356839745e+25,2.522386735145625,1.3873127043300937,1.0909633457568522,50,5,5.58,0.5669999999999998,0.5538736317970011,0.04
finetune_000208_v03,finetune_000208,NiH9C11(NO)2,HF_COREMOF_GCMC,/home/rakeyma/Tüm_çalışmalar/MOF Radyoaktif Gaz Adsorpsiyonu/data/processed/augmented_cif/finetune_000208_v03.cif,NiH9C12(NO)2,True,0.032728110223145514,1,,-CH3,0.11612441206555493,"functional,defect,noise",False,True,0.06004742883957172,0.06503451680654992,1.5750904723651263e+25,1.7059056445287937e+25,2.072536647563,1.2,1.0830524814026954,52,5,5.346153846153846,0.5576923076923076,0.5538736317970011,0.038461538461538464
finetune_000208_v04,finetune_000208,NiH9C11(NO)2,HF_COREMOF_GCMC,/home/rakeyma/Tüm_çalışmalar/MOF Radyoaktif Gaz Adsorpsiyonu/data/processed/augmented_cif/finetune_000208_v04.cif,Zn2H18C25(NO)4,True,0.0,0,Zn,-CH3,0.11694310848300214,"noise,functional,substitution",False,True,0.04410250278742338,0.05,1.1568427373221471e+25,1.3115386477023723e+25,1.8172524453140793,1.2,1.133722506430143,53,5,5.433962264150943,0.560377358490566,0.6263098274815748,0.03773584905660377
finetune_000208_v05,finetune_000208,NiH9C11(NO)2,HF_COREMOF_GCMC,/home/rakeyma/Tüm_çalışmalar/MOF Radyoaktif Gaz Adsorpsiyonu/data/processed/augmented_cif/finetune_000208_v05.cif,Zn2H18C25(NO)4,True,0.0,0,Zn,-CH3,0.10270267349141614,"functional,substitution,noise",False,True,0.04410250278742338,0.05,1.1568427373221471e+25,1.3115386477023723e+25,1.8172524453140793,1.2,1.133722506430143,53,5,5.433962264150943,0.560377358490566,0.6263098274815748,0.03773584905660377
finetune_000208_v06,finetune_000208,NiH9C11(NO)2,HF_COREMOF_GCMC,/home/rakeyma/Tüm_çalışmalar/MOF Radyoaktif Gaz Adsorpsiyonu/data/processed/augmented_cif/finetune_000208_v06.cif,Ni2H18C25(NO)4,True,0.0,0,,-CH3,0.1377500898869634,"functional,noise",False,True,0.04516822156144021,0.05,1.1847973645162483e+25,1.3115386477023723e+25,1.8172524453140793,1.2,1.106972961775512,53,5,5.3584905660377355,0.560377358490566,0.5538736317970011,0.03773584905660377
finetune_000209_v00,finetune_000209,CuHC4O3,HF_COREMOF_GCMC,/home/rakeyma/Tüm_çalışmalar/MOF Radyoaktif Gaz Adsorpsiyonu/data/processed/augmented_cif/finetune_000209_v00.cif,CuHC4O3,False,0.0,0,,,0.0,none,False,False,0.14306361389834307,0.18913494331402203,2.5852239851953995e+25,3.417753673141659e+25,2.7268008935398664,1.4997404914469266,1.3220338712288924,54,4,8.666666666666666,0.688888888888889,0.577510822409416,0.1111111111111111
finetune_000209_v01,finetune_000209,CuHC4O3,HF_COREMOF_GCMC,/home/rakeyma/Tüm_çalışmalar/MOF Radyoaktif Gaz Adsorpsiyonu/data/processed/augmented_cif/finetune_000209_v01.cif,Ni3H3C12N2O9,True,0.0,0,Ni,-NH2,0.06764498075793379,"functional,substitution,noise",False,True,0.09947078666092203,0.13517647145320455,1.7974819487280448e+25,2.4426997662957337e+25,2.3052503344740423,1.2678876839607234,1.358956493568275,58,5,8.448275862068966,0.6862068965517241,0.5538736317970011,0.10344827586206896
finetune_000209_v02,finetune_000209,CuHC4O3,HF_COREMOF_GCMC,/home/rakeyma/Tüm_çalışmalar/MOF Radyoaktif Gaz Adsorpsiyonu/data/processed/augmented_cif/finetune_000209_v02.cif,CuHC4O3,True,0.0,0,,,0.06285230274674802,noise,False,False,0.14306361389834307,0.18913494331402203,2.5852239851953995e+25,3.417753673141659e+25,2.7268008935398664,1.4997404914469266,1.3220338712288924,54,4,8.666666666666666,0.688888888888889,0.577510822409416,0.1111111111111111
finetune_000209_v03,finetune_000209,CuHC4O3,HF_COREMOF_GCMC,/home/rakeyma/Tüm_çalışmalar/MOF Radyoaktif Gaz Adsorpsiyonu/data/processed/augmented_cif/finetune_000209_v03.cif,Co6H6C22N3O17,True,0.05560239386065984,3,Co,-NH2,0.08255425305398921,"substitution,defect,functional,noise",False,True,0.14521440757938486,0.18686246093130998,2.624089796423872e+25,3.3766888922261164e+25,2.7103699452928,1.4907034699110402,1.2868038650307974,54,5,8.462962962962964,0.6879629629629629,0.5617259118110896,0.1111111111111111
finetune_000209_v04,finetune_000209,CuHC4O3,HF_COREMOF_GCMC,/home/rakeyma/Tüm_çalışmalar/MOF Radyoaktif Gaz Adsorpsiyonu/data/processed/augmented_cif/finetune_000209_v04.cif,Cu3H3C14O9,True,0.0,0,,-CH3,0.11953535712484135,"functional,noise",False,True,0.08726527070183297,0.12111978070376517,1.5769227740412955e+25,2.188689028780414e+25,2.182102157743548,1.2001561867589514,1.3879494067875628,58,4,8.482758620689655,0.6896551724137931,0.577510822409416,0.10344827586206896
finetune_000209_v05,finetune_000209,CuHC4O3,HF_COREMOF_GCMC,/home/rakeyma/Tüm_çalışmalar/MOF Radyoaktif Gaz Adsorpsiyonu/data/processed/augmented_cif/finetune_000209_v05.cif,Zn6H5C23O15,True,0.10538889835016571,5,Zn,,0.12922240938854201,"defect,substitution,noise",False,False,0.18739953160054235,0.23493419831794338,3.3863940012892157e+25,4.245366853837279e+25,3.039069700591527,1.67148833532534,1.2536541383610558,49,4,9.040816326530612,0.7030612244897958,0.6504229393248673,0.12244897959183673
finetune_000209_v06,finetune_000209,CuHC4O3,HF_COREMOF_GCMC,/home/rakeyma/Tüm_çalışmalar/MOF Radyoaktif Gaz Adsorpsiyonu/data/processed/augmented_cif/finetune_000209_v06.cif,Ni3H3C10O9,True,0.09155026654964696,4,Ni,,0.09402036091965824,"defect,substitution,noise",False,False,0.20946445784400025,0.25474464926095164,3.7851171636768767e+25,4.603350631402086e+25,3.1646091262477998,1.74053501943629,1.2161712391830888,50,4,8.76,0.6880000000000002,0.5748260606479145,0.12
finetune_000210_v00,finetune_000210,EuHC6N2O5,HF_COREMOF_GCMC,/home/rakeyma/Tüm_çalışmalar/MOF Radyoaktif Gaz Adsorpsiyonu/data/processed/augmented_cif/finetune_000210_v00.cif,EuHC6N2O5,False,0.0,0,,,0.0,none,False,False,0.026663069368171966,0.05,6.59103069616188e+24,1.235984988290522e+25,2.179271850871295,1.2,1.8752529691756201,45,5,10.266666666666667,0.7066666666666668,0.768988946604566,0.06666666666666667
finetune_000210_v01,finetune_000210,EuHC6N2O5,HF_COREMOF_GCMC,/home/rakeyma/Tüm_çalışmalar/MOF Radyoaktif Gaz Adsorpsiyonu/data/processed/augmented_cif/finetune_000210_v01.cif,EuHC6N3O5,True,0.0,0,,-NH2,0.1200607902700897,"functional,noise",False,True,0.025586976219699485,0.05,6.325023700659027e+24,1.2359849882905222e+25,2.179271850871295,1.2,1.954119141342886,48,5,10.0625,0.703125,0.768988946604566,0.0625
finetune_000210_v02,finetune_000210,EuHC6N2O5,HF_COREMOF_GCMC,/home/rakeyma/Tüm_çalışmalar/MOF Radyoaktif Gaz Adsorpsiyonu/data/processed/augmented_cif/finetune_000210_v02.cif,EuHC6N3O5,True,0.0,0,,-NH2,0.10071733796540246,"substitution,functional,noise",False,True,0.025586976219699485,0.05,6.325023700659027e+24,1.2359849882905222e+25,2.179271850871295,1.2,1.954119141342886,48,5,10.0625,0.703125,0.768988946604566,0.0625
finetune_000210_v03,finetune_000210,EuHC6N2O5,HF_COREMOF_GCMC,/home/rakeyma/Tüm_çalışmalar/MOF Radyoaktif Gaz Adsorpsiyonu/data/processed/augmented_cif/finetune_000210_v03.cif,EuHC7N2O5,True,0.0,0,,-CH3,0.141588130880509,"functional,noise",False,True,0.025734985299394563,0.05,6.361611100785789e+24,1.235984988290522e+25,2.179271850871295,1.2,1.9428804570242475,48,5,10.0,0.7062499999999999,0.768988946604566,0.0625
finetune_000210_v04,finetune_000210,EuHC6N2O5,HF_COREMOF_GCMC,/home/rakeyma/Tüm_çalışmalar/MOF Radyoaktif Gaz Adsorpsiyonu/data/processed/augmented_cif/finetune_000210_v04.cif,Eu3H2C17(N2O5)3,True,0.12006374270777372,5,,-NH2,0.147689965924101,"functional,defect,noise",False,True,0.028340660313694272,0.05245342416699195,7.005726141193414e+24,1.2966328970967463e+25,2.2320983641059446,1.2276541002582697,1.8508187031071515,43,5,10.581395348837209,0.7174418604651163,0.768988946604566,0.06976744186046512
finetune_000210_v05,finetune_000210,EuHC6N2O5,HF_COREMOF_GCMC,/home/rakeyma/Tüm_çalışmalar/MOF Radyoaktif Gaz Adsorpsiyonu/data/processed/augmented_cif/finetune_000210_v05.cif,EuHC6N3O5,True,0.0,0,,-NH2,0.1463468926507461,"substitution,functional,noise",False,True,0.025586976219699485,0.05,6.325023700659027e+24,1.2359849882905222e+25,2.179271850871295,1.2,1.954119141342886,48,5,10.0625,0.703125,0.768988946604566,0.0625
finetune_000210_v06,finetune_000210,EuHC6N2O5,HF_COREMOF_GCMC,/home/rakeyma/Tüm_çalışmalar/MOF Radyoaktif Gaz Adsorpsiyonu/data/processed/augmented_cif/finetune_000210_v06.cif,EuHC7N2O5,True,0.0,0,,-CH3,0.13549042005977993,"noise,functional,substitution",False,True,0.025734985299394563,0.05,6.361611100785789e+24,1.235984988290522e+25,2.179271850871295,1.2,1.9428804570242475,48,5,10.0,0.7062499999999999,0.768988946604566,0.0625
finetune_000211_v00,finetune_000211,CoHC4O3,HF_COREMOF_GCMC,/home/rakeyma/Tüm_çalışmalar/MOF Radyoaktif Gaz Adsorpsiyonu/data/processed/augmented_cif/finetune_000211_v00.cif,CoHC4O3,False,0.0,0,,,0.0,none,False,False,0.20272234461597277,0.24081560498963828,3.3889723538711354e+25,4.025789210541387e+25,3.325674945771934,1.8291212201745637,1.1879085428191327,54,4,8.444444444444445,0.688888888888889,0.5829397481729994,0.1111111111111111
finetune_000211_v01,finetune_000211,CoHC4O3,HF_COREMOF_GCMC,/home/rakeyma/Tüm_çalışmalar/MOF Radyoaktif Gaz Adsorpsiyonu/data/processed/augmented_cif/finetune_000211_v01.cif,Co3H3C14O9,True,0.0,0,,-CH3,0.09006103675298863,"functional,noise",False,True,0.1424414990257822,0.17789351186355762,2.381238748776306e+25,2.9739010506251916e+25,2.858364043247074,1.5721002237858908,1.24888823187236,58,4,8.275862068965518,0.6896551724137931,0.5829397481729994,0.10344827586206896
finetune_000211_v02,finetune_000211,CoHC4O3,HF_COREMOF_GCMC,/home/rakeyma/Tüm_çalışmalar/MOF Radyoaktif Gaz Adsorpsiyonu/data/processed/augmented_cif/finetune_000211_v02.cif,Mn6H6C19O17,True,0.12529111096646384,6,Mn,,0.11118280582791003,"substitution,defect,noise",False,False,0.3005750826822951,0.31889528199218264,5.024806946676211e+25,5.331071404579121e+25,3.8270270564389204,2.1048648810414066,1.0609504924573265,48,4,8.458333333333334,0.6958333333333333,0.6822206387965699,0.125
finetune_000211_v03,finetune_000211,CoHC4O3,HF_COREMOF_GCMC,/home/rakeyma/Tüm_çalışmalar/MOF Radyoaktif Gaz Adsorpsiyonu/data/processed/augmented_cif/finetune_000211_v03.cif,Ni5H6(C11O9)2,True,0.06801729001713305,3,Ni,,0.05884767655069756,"substitution,defect,noise",False,False,0.2807973855348897,0.30356843409917544,4.69417704505997e+25,5.074847731358559e+25,3.7339267232045796,2.053659697762519,1.081094232843049,51,4,8.27450980392157,0.6754901960784314,0.5748260606479145,0.09803921568627451
finetune_000211_v04,finetune_000211,CoHC4O3,HF_COREMOF_GCMC,/home/rakeyma/Tüm_çalışmalar/MOF Radyoaktif Gaz Adsorpsiyonu/data/processed/augmented_cif/finetune_000211_v04.cif,Ni6H6C22O15,True,0.10904928119954399,5,Ni,,0.04531661155058364,"defect,noise,substitution",False,False,0.28576832498564764,0.31282184638093424,4.777277782688567e+25,5.229539896453917e+25,3.790408551312533,2.0847247032218936,1.094669419350956,49,4,8.693877551020408,0.6938775510204082,0.5748260606479145,0.12244897959183673
finetune_000211_v05,finetune_000211,CoHC4O3,HF_COREMOF_GCMC,/home/rakeyma/Tüm_çalışmalar/MOF Radyoaktif Gaz Adsorpsiyonu/data/processed/augmented_cif/finetune_000211_v05.cif,Zn3H3(C3O2)4,True,0.12045055925185534,5,Zn,-CH3,0.09495135624741162,"defect,functional,substitution,noise",False,True,0.21810524318872418,0.2609870794408514,3.646133043701429e+25,4.363002009562027e+25,3.4621588434184956,1.9041873638801727,1.1966107537131605,52,4,8.807692307692308,0.6923076923076924,0.6504229393248673,0.11538461538461539
finetune_000211_v06,finetune_000211,CoHC4O3,HF_COREMOF_GCMC,/home/rakeyma/Tüm_çalışmalar/MOF Radyoaktif Gaz Adsorpsiyonu/data/processed/augmented_cif/finetune_000211_v06.cif,Co3H3C14O9,True,0.0,0,,-CH3,0.10984429496548807,"noise,functional",False,True,0.1424414990257822,0.17789351186355762,2.381238748776306e+25,2.9739010506251916e+25,2.858364043247074,1.5721002237858908,1.24888823187236,58,4,8.275862068965518,0.6896551724137931,0.5829397481729994,0.10344827586206896
finetune_000212_v00,finetune_000212,CuH8(C2N)4,HF_COREMOF_GCMC,/home/rakeyma/Tüm_çalışmalar/MOF Radyoaktif Gaz Adsorpsiyonu/data/processed/augmented_cif/finetune_000212_v00.cif,CuH8(C2N)4,False,0.0,0,,,0.0,none,False,False,0.05556521108350604,0.06374764214332951,3.752883638938055e+25,4.305526399621553e+25,1.7305181678393637,1.2,1.1472581656807983,21,4,5.380952380952381,0.55,0.4242861652234256,0.047619047619047616
finetune_000212_v01,finetune_000212,CuH8(C2N)4,HF_COREMOF_GCMC,/home/rakeyma/Tüm_çalışmalar/MOF Radyoaktif Gaz Adsorpsiyonu/data/processed/augmented_cif/finetune_000212_v01.cif,NiH8C7N4,True,0.07845988479347892,1,Ni,,0.07214004182463495,"substitution,defect,noise",False,False,0.11859419562721794,0.12580261728451636,8.009871784227229e+25,8.49672978715259e+25,2.431022275875272,1.3370622517313997,1.0607822467126211,20,4,5.3,0.5425000000000001,0.421218470630147,0.05
finetune_000212_v02,finetune_000212,CuH8(C2N)4,HF_COREMOF_GCMC,/home/rakeyma/Tüm_çalışmalar/MOF Radyoaktif Gaz Adsorpsiyonu/data/processed/augmented_cif/finetune_000212_v02.cif,CoH8(C2N)4,True,0.04576440443964133,0,Co,,0.08827661557904776,"substitution,noise,defect",False,False,0.05131866599741548,0.05766183021139748,3.466071274423655e+25,3.894489645083219e+25,1.6458426470896805,1.2,1.1236034509217652,21,4,5.285714285714286,0.55,0.4304866432306582,0.047619047619047616
finetune_000212_v03,finetune_000212,CuH8(C2N)4,HF_COREMOF_GCMC,/home/rakeyma/Tüm_çalışmalar/MOF Radyoaktif Gaz Adsorpsiyonu/data/processed/augmented_cif/finetune_000212_v03.cif,CoH8C9N4,True,0.0,0,Co,-CH3,0.0939190143355301,"functional,substitution,noise",False,True,0.04218715158671812,0.05,2.8493272656745235e+25,3.377008352670561e+25,1.5326009917783558,1.2,1.185194973337371,22,4,5.318181818181818,0.5568181818181818,0.4304866432306582,0.045454545454545456
finetune_000212_v04,finetune_000212,CuH8(C2N)4,HF_COREMOF_GCMC,/home/rakeyma/Tüm_çalışmalar/MOF Radyoaktif Gaz Adsorpsiyonu/data/processed/augmented_cif/finetune_000212_v04.cif,ZnH6(C2N)4,True,0.1430701796707916,3,Zn,-NH2,0.13161689397014592,"substitution,defect,functional,noise",False,True,0.07896974249095227,0.09053677145663708,5.333629600003783e+25,6.114868668657781e+25,2.062322603846988,1.2,1.1464741887313368,19,4,5.894736842105263,0.5815789473684211,0.5070009861923347,0.05263157894736842
finetune_000212_v05,finetune_000212,CuH8(C2N)4,HF_COREMOF_GCMC,/home/rakeyma/Tüm_çalışmalar/MOF Radyoaktif Gaz Adsorpsiyonu/data/processed/augmented_cif/finetune_000212_v05.cif,CuH7(C2N)4,True,0.12149070834571246,2,,-CH3,0.08625151534279,"defect,functional,noise",False,True,0.07089212654612424,0.08096514588729664,4.788066069696799e+25,5.468399478731826e+25,1.9502628651885967,1.2,1.142089394576401,20,4,5.6,0.5650000000000001,0.4242861652234256,0.05
finetune_000212_v06,finetune_000212,CuH8(C2N)4,HF_COREMOF_GCMC,/home/rakeyma/Tüm_çalışmalar/MOF Radyoaktif Gaz Adsorpsiyonu/data/processed/augmented_cif/finetune_000212_v06.cif,CoH8(C2N)4,True,0.0,0,Co,,0.0435501529227799,"substitution,noise",False,False,0.05131866599741548,0.05766183021139748,3.466071274423655e+25,3.894489645083219e+25,1.6458426470896805,1.2,1.1236034509217652,21,4,5.285714285714286,0.55,0.4304866432306582,0.047619047619047616
finetune_000213_v00,finetune_000213,MgPHCO6,HF_COREMOF_GCMC,/home/rakeyma/Tüm_çalışmalar/MOF Radyoaktif Gaz Adsorpsiyonu/data/processed/augmented_cif/finetune_000213_v00.cif,MgPHCO6,False,0.0,0,,,0.0,none,False,False,0.09183493617924217,0.13499857555114858,2.705562218012952e+25,3.977212384444526e+25,1.9888527039069894,1.2,1.4700132778190231,40,5,8.2,0.7050000000000001,0.6865974075103983,0.1
finetune_000213_v01,finetune_000213,MgPHCO6,HF_COREMOF_GCMC,/home/rakeyma/Tüm_çalışmalar/MOF Radyoaktif Gaz Adsorpsiyonu/data/processed/augmented_cif/finetune_000213_v01.cif,Mg3P4H4C3O22,True,0.13613727786944185,5,,-NH2,0.09538868203390383,"functional,defect,substitution,noise",False,True,0.17580282657790527,0.2315679849070802,5.179352272654771e+25,6.8222575953355425e+25,2.604817406261111,1.4326495734436113,1.3172028539851897,36,5,8.166666666666666,0.688888888888889,0.6865974075103983,0.08333333333333333
finetune_000213_v02,finetune_000213,MgPHCO6,HF_COREMOF_GCMC,/home/rakeyma/Tüm_çalışmalar/MOF Radyoaktif Gaz Adsorpsiyonu/data/processed/augmented_cif/finetune_000213_v02.cif,Mg4P4H4C4NO24,True,0.0,0,,-NH2,0.12893471093940967,"functional,substitution,defect,noise",False,True,0.07592276800992345,0.1139862223811291,2.2367715507929084e+25,3.3581644358796147e+25,1.827528706731475,1.2,1.5013443973253264,41,6,8.170731707317072,0.7036585365853659,0.679184560091487,0.0975609756097561
finetune_000213_v03,finetune_000213,MgPHCO6,HF_COREMOF_GCMC,/home/rakeyma/Tüm_çalışmalar/MOF Radyoaktif Gaz Adsorpsiyonu/data/processed/augmented_cif/finetune_000213_v03.cif,Mg4P4H4C5O24,True,0.0,0,,-CH3,0.04399990261867867,"substitution,functional,noise",False,True,0.0716667256918152,0.10727646051659301,2.111383678015787e+25,3.1604871798392685e+25,1.7729245143102426,1.2,1.496879611577464,41,5,8.146341463414634,0.7048780487804879,0.6865974075103983,0.0975609756097561
finetune_000213_v04,finetune_000213,MgPHCO6,HF_COREMOF_GCMC,/home/rakeyma/Tüm_çalışmalar/MOF Radyoaktif Gaz Adsorpsiyonu/data/processed/augmented_cif/finetune_000213_v04.cif,Mg4P4H4C4NO24,True,0.0,0,,-NH2,0.107021697803572,"functional,noise",False,True,0.07592276800992345,0.1139862223811291,2.2367715507929084e+25,3.3581644358796147e+25,1.827528706731475,1.2,1.5013443973253264,41,6,8.170731707317072,0.7036585365853659,0.679184560091487,0.0975609756097561
finetune_000213_v05,finetune_000213,MgPHCO6,HF_COREMOF_GCMC,/home/rakeyma/Tüm_çalışmalar/MOF Radyoaktif Gaz Adsorpsiyonu/data/processed/augmented_cif/finetune_000213_v05.cif,Mg3P4H4(C2O11)2,True,0.0972392703210271,3,,,0.10122763460273161,"defect,noise",False,False,0.1516632266637499,0.2038458698725245,4.468172059514382e+25,6.005532390730281e+25,2.4439312542632874,1.3441621898448082,1.3440691877436308,37,5,8.108108108108109,0.6891891891891894,0.6865974075103983,0.08108108108108109
finetune_000213_v06,finetune_000213,MgPHCO6,HF_COREMOF_GCMC,/home/rakeyma/Tüm_çalışmalar/MOF Radyoaktif Gaz Adsorpsiyonu/data/processed/augmented_cif/finetune_000213_v06.cif,Mg4P4H4C5O24,True,0.0,0,,-CH3,0.12876872574708498,"functional,noise",False,True,0.0716667256918152,0.10727646051659301,2.111383678015787e+25,3.1604871798392685e+25,1.7729245143102426,1.2,1.496879611577464,41,5,8.146341463414634,0.7048780487804879,0.6865974075103983,0.0975609756097561
finetune_000214_v00,finetune_000214,ZnHC4O3,HF_COREMOF_GCMC,/home/rakeyma/Tüm_çalışmalar/MOF Radyoaktif Gaz Adsorpsiyonu/data/processed/augmented_cif/finetune_000214_v00.cif,ZnHC4O3,False,0.0,0,,,0.0,none,False,False,0.20687860416176837,0.2515640963015523,3.3991159257691533e+25,4.133320260715269e+25,3.442719217267522,1.8934955694971374,1.2159986158106626,54,4,8.777777777777779,0.688888888888889,0.6504229393248673,0.1111111111111111
finetune_000214_v01,finetune_000214,ZnHC4O3,HF_COREMOF_GCMC,/home/rakeyma/Tüm_çalışmalar/MOF Radyoaktif Gaz Adsorpsiyonu/data/processed/augmented_cif/finetune_000214_v01.cif,Cd4H4C21O16,True,0.17581758781964116,9,Cd,,0.042366688228609097,"substitution,defect,noise",False,False,0.2927958121006485,0.3513431954709624,4.810777373244432e+25,5.7727393123849874e+25,4.068581764895954,2.237719970692775,1.1999597704293266,45,4,10.0,0.7000000000000002,0.6380830666927308,0.08888888888888889
finetune_000214_v02,finetune_000214,ZnHC4O3,HF_COREMOF_GCMC,/home/rakeyma/Tüm_çalışmalar/MOF Radyoaktif Gaz Adsorpsiyonu/data/processed/augmented_cif/finetune_000214_v02.cif,Zn3H3C12N2O9,True,0.0,0,,-NH2,0.10102988492980637,"functional,noise",False,True,0.15918110193565163,0.20468972185389522,2.615422802484996e+25,3.363151526538636e+25,3.105455374260989,1.708000455843544,1.2858921025477024,58,5,8.655172413793103,0.6862068965517241,0.6263098274815748,0.10344827586206896
finetune_000214_v03,finetune_000214,ZnHC4O3,HF_COREMOF_GCMC,/home/rakeyma/Tüm_çalışmalar/MOF Radyoaktif Gaz Adsorpsiyonu/data/processed/augmented_cif/finetune_000214_v03.cif,Zn3H3C14O9,True,0.0,0,,-CH3,0.046484507175481804,"functional,noise",False,True,0.14869254121498662,0.18972157965925396,2.4430906566429283e+25,3.117217681812972e+25,2.9897552752641143,1.644365401395263,1.2759320548900004,58,4,8.586206896551724,0.6896551724137931,0.6504229393248673,0.10344827586206896
finetune_000214_v04,finetune_000214,ZnHC4O3,HF_COREMOF_GCMC,/home/rakeyma/Tüm_çalışmalar/MOF Radyoaktif Gaz Adsorpsiyonu/data/processed/augmented_cif/finetune_000214_v04.cif,Zn3H3C10O9,True,0.09227600206013228,4,,,0.06826363295178864,"defect,noise",False,False,0.271097702146847,0.31340661294385064,4.454266890191362e+25,5.149422839617564e+25,3.8426546308400655,2.1134600469620364,1.1560651767313246,50,4,9.0,0.6880000000000002,0.6504229393248673,0.12
finetune_000214_v05,finetune_000214,ZnHC4O3,HF_COREMOF_GCMC,/home/rakeyma/Tüm_çalışmalar/MOF Radyoaktif Gaz Adsorpsiyonu/data/processed/augmented_cif/finetune_000214_v05.cif,Zn6H5C24O17,True,0.10470127572607861,5,,-CH3,0.10311913816817522,"defect,noise,functional",False,True,0.2233075592980547,0.2668038395508632,3.6690516364907456e+25,4.3837166426574994e+25,3.5454658976365554,1.9500062437001056,1.194781942848396,52,4,8.942307692307692,0.6990384615384617,0.6504229393248673,0.11538461538461539
finetune_000214_v06,finetune_000214,ZnHC4O3,HF_COREMOF_GCMC,/home/rakeyma/Tüm_çalışmalar/MOF Radyoaktif Gaz Adsorpsiyonu/data/processed/augmented_cif/finetune_000214_v06.cif,Co3H3C12N2O9,True,0.0,0,Co,-NH2,0.10735581749652331,"substitution,functional,noise",False,True,0.16725664126871945,0.206966824240292,2.748107835175674e+25,3.4005654244986002e+25,3.12268115772359,1.7174746367479745,1.2374206648558308,58,5,8.344827586206897,0.6862068965517241,0.5617259118110896,0.10344827586206896
finetune_000215_v00,finetune_000215,Ho(CO2)4,HF_COREMOF_GCMC,/home/rakeyma/Tüm_çalışmalar/MOF Radyoaktif Gaz Adsorpsiyonu/data/processed/augmented_cif/finetune_000215_v00.cif,Ho(CO2)4,False,0.0,0,,,0.0,none,False,False,0.14997836171222506,0.25281674030478984,2.4414133620380375e+25,4.115461463109865e+25,4.837021143375599,2.6603616288565797,1.6856881047273249,52,3,11.923076923076923,0.7192307692307693,0.9079035680560402,0.07692307692307693
finetune_000215_v01,finetune_000215,Ho(CO2)4,HF_COREMOF_GCMC,/home/rakeyma/Tüm_çalışmalar/MOF Radyoaktif Gaz Adsorpsiyonu/data/processed/augmented_cif/finetune_000215_v01.cif,Ho2(CO2)7,True,0.12701109187783938,6,,,0.11737105865406176,"defect,noise",False,False,0.20752594390491919,0.3272477534457594,3.37819807227383e+25,5.327082045958115e+25,5.503176082407843,3.026746845324314,1.5769004457374851,46,3,12.521739130434783,0.7304347826086959,0.9079035680560402,0.08695652173913043
finetune_000215_v02,finetune_000215,Ho(CO2)4,HF_COREMOF_GCMC,/home/rakeyma/Tüm_çalışmalar/MOF Radyoaktif Gaz Adsorpsiyonu/data/processed/augmented_cif/finetune_000215_v02.cif,Ho2C8NO16,True,0.0,0,,-NH2,0.07193920800262377,"noise,functional",False,True,0.13346213653976627,0.22959644159866344,2.172555025634546e+25,3.7374712858306406e+25,4.609540641960254,2.5352473530781396,1.7203114497590337,54,4,11.74074074074074,0.7166666666666667,0.8327214420200791,0.07407407407407407
finetune_000215_v03,finetune_000215,Ho(CO2)4,HF_COREMOF_GCMC,/home/rakeyma/Tüm_çalışmalar/MOF Radyoaktif Gaz Adsorpsiyonu/data/processed/augmented_cif/finetune_000215_v03.cif,Ho(CO2)4,True,0.0,0,,,0.12253983984070076,"substitution,noise",False,False,0.14997836171222506,0.25281674030478984,2.4414133620380375e+25,4.115461463109865e+25,4.837021143375599,2.6603616288565797,1.6856881047273249,52,3,11.923076923076923,0.7192307692307693,0.9079035680560402,0.07692307692307693
finetune_000215_v04,finetune_000215,Ho(CO2)4,HF_COREMOF_GCMC,/home/rakeyma/Tüm_çalışmalar/MOF Radyoaktif Gaz Adsorpsiyonu/data/processed/augmented_cif/finetune_000215_v04.cif,Ho4C16O29,True,0.10953905888434308,5,,-CH3,0.09370898175539233,"defect,functional,noise",False,True,0.17564554628261078,0.28566366619189587,2.8592350175130778e+25,4.650158087657119e+25,5.141650765029582,2.8279079207662705,1.6263644153679124,49,3,12.16326530612245,0.7265306122448981,0.9079035680560402,0.08163265306122448
finetune_000215_v05,finetune_000215,Ho(CO2)4,HF_COREMOF_GCMC,/home/rakeyma/Tüm_çalışmalar/MOF Radyoaktif Gaz Adsorpsiyonu/data/processed/augmented_cif/finetune_000215_v05.cif,Ho4C14O29,True,0.10825850118235236,5,,,0.05368927370540662,"defect,substitution,noise",False,False,0.19809840850232044,0.31629877815005736,3.2247325280431573e+25,5.148849837775696e+25,5.410330918218419,2.9756820050201305,1.596675008857289,47,3,12.425531914893616,0.7276595744680853,0.9079035680560402,0.0851063829787234
finetune_000215_v06,finetune_000215,Ho(CO2)4,HF_COREMOF_GCMC,/home/rakeyma/Tüm_çalışmalar/MOF Radyoaktif Gaz Adsorpsiyonu/data/processed/augmented_cif/finetune_000215_v06.cif,HoC4O7,True,0.09583388728733838,4,,,0.10225918693164006,"noise,defect",False,False,0.18462250404018574,0.2966126414875978,3.0053658617867822e+25,4.828390295839535e+25,5.239259388394971,2.8815926636172344,1.6065898522481084,48,3,12.25,0.7291666666666666,0.9079035680560402,0.08333333333333333
finetune_000216_v00,finetune_000216,CoH9C13(N2O)2,HF_COREMOF_GCMC,/home/rakeyma/Tüm_çalışmalar/MOF Radyoaktif Gaz Adsorpsiyonu/data/processed/augmented_cif/finetune_000216_v00.cif,CoH9C13(N2O)2,False,0.0,0,,,0.0,none,False,False,0.03929864632399415,0.05,1.0547736028047207e+25,1.3419973732793931e+25,1.584030555260851,1.2,1.2723084553035109,58,5,5.448275862068965,0.5689655172413793,0.5617259118110896,0.034482758620689655
finetune_000216_v01,finetune_000216,CoH9C13(N2O)2,HF_COREMOF_GCMC,/home/rakeyma/Tüm_çalışmalar/MOF Radyoaktif Gaz Adsorpsiyonu/data/processed/augmented_cif/finetune_000216_v01.cif,CoH9C13(N3O)2,True,0.0,0,,-NH2,0.10208086151519852,"functional,noise",False,True,0.0360624778740897,0.05,9.679150116194923e+24,1.3419973732793934e+25,1.584030555260851,1.2,1.3864826530936796,62,5,5.548387096774194,0.5741935483870967,0.5617259118110896,0.03225806451612903
finetune_000216_v02,finetune_000216,CoH9C13(N2O)2,HF_COREMOF_GCMC,/home/rakeyma/Tüm_çalışmalar/MOF Radyoaktif Gaz Adsorpsiyonu/data/processed/augmented_cif/finetune_000216_v02.cif,ZnH9C13(N2O)2,True,0.0,0,Zn,,0.12275689124293054,"noise,substitution",False,False,0.03849998247371583,0.05,1.0333375070205864e+25,1.3419973732793934e+25,1.584030555260851,1.2,1.2987018899069709,58,5,5.551724137931035,0.5689655172413793,0.6263098274815748,0.034482758620689655
finetune_000216_v03,finetune_000216,CoH9C13(N2O)2,HF_COREMOF_GCMC,/home/rakeyma/Tüm_çalışmalar/MOF Radyoaktif Gaz Adsorpsiyonu/data/processed/augmented_cif/finetune_000216_v03.cif,Co2H16C29N7O3,True,0.09446339840861138,5,,-CH3,0.10855645738446314,"defect,functional,noise",False,True,0.03904784250281607,0.05,1.048042041420132e+25,1.341997373279393e+25,1.584030555260851,1.2,1.2804804771580933,57,5,5.56140350877193,0.5850877192982457,0.5617259118110896,0.03508771929824561
finetune_000216_v04,finetune_000216,CoH9C13(N2O)2,HF_COREMOF_GCMC,/home/rakeyma/Tüm_çalışmalar/MOF Radyoaktif Gaz Adsorpsiyonu/data/processed/augmented_cif/finetune_000216_v04.cif,Co2H15C23(N3O2)2,True,0.15349151052207563,8,,,0.06350989551460526,"defect,noise",False,False,0.04402837584649814,0.05,1.1817192947151675e+25,1.341997373279393e+25,1.584030555260851,1.2,1.1356312614010908,50,5,5.62,0.5770000000000001,0.5617259118110896,0.04
finetune_000216_v05,finetune_000216,CoH9C13(N2O)2,HF_COREMOF_GCMC,/home/rakeyma/Tüm_çalışmalar/MOF Radyoaktif Gaz Adsorpsiyonu/data/processed/augmented_cif/finetune_000216_v05.cif,Co2H17C23N7O4,True,0.14963240578271766,8,,-CH3,0.10471003218370942,"noise,defect,functional",False,True,0.042797854207985424,0.05,1.1486921585822171e+25,1.3419973732793931e+25,1.584030555260851,1.2,1.1682828713097202,53,5,5.471698113207547,0.5660377358490566,0.5617259118110896,0.03773584905660377
finetune_000216_v06,finetune_000216,CoH9C13(N2O)2,HF_COREMOF_GCMC,/home/rakeyma/Tüm_çalışmalar/MOF Radyoaktif Gaz Adsorpsiyonu/data/processed/augmented_cif/finetune_000216_v06.cif,Co2H15C25(N4O)3,True,0.09491596701872852,5,,-NH2,0.06655731486780164,"noise,defect,functional",False,True,0.03778603494505596,0.05,1.0141751928581692e+25,1.3419973732793931e+25,1.584030555260851,1.2,1.3232401884109872,57,5,5.7368421052631575,0.5885964912280701,0.5617259118110896,0.03508771929824561
finetune_000217_v00,finetune_000217,CuH9C11N4O,HF_COREMOF_GCMC,/home/rakeyma/Tüm_çalışmalar/MOF Radyoaktif Gaz Adsorpsiyonu/data/processed/augmented_cif/finetune_000217_v00.cif,CuH9C11N4O,False,0.0,0,,,0.0,none,False,False,0.040180619718452486,0.05,1.1897180851350633e+25,1.480462588023125e+25,1.7499467991913353,1.2,1.2443810063247502,52,5,5.384615384615385,0.5576923076923077,0.5564746175702895,0.038461538461538464
finetune_000217_v01,finetune_000217,CuH9C11N4O,HF_COREMOF_GCMC,/home/rakeyma/Tüm_çalışmalar/MOF Radyoaktif Gaz Adsorpsiyonu/data/processed/augmented_cif/finetune_000217_v01.cif,Zn2H18C25(N4O)2,True,0.0,0,Zn,-CH3,0.06272907157781452,"substitution,noise,functional",False,True,0.03748795708218488,0.05,1.109990359231825e+25,1.4804625880231247e+25,1.7499467991913353,1.2,1.3337616635226337,55,5,5.454545454545454,0.5654545454545454,0.6263098274815748,0.03636363636363636
finetune_000217_v02,finetune_000217,CuH9C11N4O,HF_COREMOF_GCMC,/home/rakeyma/Tüm_çalışmalar/MOF Radyoaktif Gaz Adsorpsiyonu/data/processed/augmented_cif/finetune_000217_v02.cif,Cu2H18C25(N4O)2,True,0.0,0,,-CH3,0.12796517277478903,"functional,noise",False,True,0.03772488183175816,0.05,1.1170055237902247e+25,1.4804625880231247e+25,1.7499467991913353,1.2,1.3253851986332323,55,5,5.418181818181818,0.5654545454545454,0.5564746175702895,0.03636363636363636
finetune_000217_v03,finetune_000217,CuH9C11N4O,HF_COREMOF_GCMC,/home/rakeyma/Tüm_çalışmalar/MOF Radyoaktif Gaz Adsorpsiyonu/data/processed/augmented_cif/finetune_000217_v03.cif,CoH9C11N4O,True,0.0,0,Co,,0.0933464602516554,"noise,substitution",False,False,0.04086166453803778,0.05,1.209883312658323e+25,1.4804625880231247e+25,1.7499467991913353,1.2,1.223640802822788,52,5,5.3076923076923075,0.5576923076923077,0.5617259118110896,0.038461538461538464
finetune_000217_v04,finetune_000217,CuH9C11N4O,HF_COREMOF_GCMC,/home/rakeyma/Tüm_çalışmalar/MOF Radyoaktif Gaz Adsorpsiyonu/data/processed/augmented_cif/finetune_000217_v04.cif,CoH9C11N4O,True,0.0,0,Co,,0.032922853083081745,"substitution,noise",False,False,0.04086166453803778,0.05,1.209883312658323e+25,1.4804625880231247e+25,1.7499467991913353,1.2,1.223640802822788,52,5,5.3076923076923075,0.5576923076923077,0.5617259118110896,0.038461538461538464
finetune_000217_v05,finetune_000217,CuH9C11N4O,HF_COREMOF_GCMC,/home/rakeyma/Tüm_çalışmalar/MOF Radyoaktif Gaz Adsorpsiyonu/data/processed/augmented_cif/finetune_000217_v05.cif,Cu2H17C24N7,True,0.1075700381961282,5,,-CH3,0.06241673630644348,"defect,noise,functional",False,True,0.04192195994743122,0.05,1.241277866375516e+25,1.4804625880231247e+25,1.7499467991913353,1.2,1.1926923279040003,50,4,5.36,0.5659999999999998,0.4242861652234256,0.04
finetune_000217_v06,finetune_000217,CuH9C11N4O,HF_COREMOF_GCMC,/home/rakeyma/Tüm_çalışmalar/MOF Radyoaktif Gaz Adsorpsiyonu/data/processed/augmented_cif/finetune_000217_v06.cif,Cu2H17C24(N4O)2,True,0.053722768663636275,2,,-CH3,0.11387963937818496,"defect,functional,noise",False,True,0.03857673930861278,0.05,1.1422283862864455e+25,1.4804625880231247e+25,1.7499467991913353,1.2,1.2961178393021109,53,5,5.490566037735849,0.5688679245283018,0.5564746175702895,0.03773584905660377
finetune_000218_v00,finetune_000218,CoHC4O3,HF_COREMOF_GCMC,/home/rakeyma/Tüm_çalışmalar/MOF Radyoaktif Gaz Adsorpsiyonu/data/processed/augmented_cif/finetune_000218_v00.cif,CoHC4O3,False,0.0,0,,,0.0,none,False,False,0.20272234461597277,0.24081560498963828,3.3889723538711354e+25,4.025789210541387e+25,3.325674945771934,1.8291212201745637,1.1879085428191327,54,4,8.444444444444445,0.688888888888889,0.5829397481729994,0.1111111111111111
finetune_000218_v01,finetune_000218,CoHC4O3,HF_COREMOF_GCMC,/home/rakeyma/Tüm_çalışmalar/MOF Radyoaktif Gaz Adsorpsiyonu/data/processed/augmented_cif/finetune_000218_v01.cif,Co3H3C14O9,True,0.0,0,,-CH3,0.05157579477310462,"functional,noise",False,True,0.1424414990257822,0.17789351186355762,2.381238748776306e+25,2.9739010506251916e+25,2.858364043247074,1.5721002237858908,1.24888823187236,58,4,8.275862068965518,0.6896551724137931,0.5829397481729994,0.10344827586206896
finetune_000218_v02,finetune_000218,CoHC4O3,HF_COREMOF_GCMC,/home/rakeyma/Tüm_çalışmalar/MOF Radyoaktif Gaz Adsorpsiyonu/data/processed/augmented_cif/finetune_000218_v02.cif,Mn3H3C14O9,True,0.0,0,Mn,-CH3,0.11254952383950687,"substitution,functional,noise",False,True,0.13629997675423922,0.16607640850486238,2.2785690148189026e+25,2.7763508661039913e+25,2.7617951196829598,1.518987315825628,1.2184624859057216,58,4,8.068965517241379,0.6948275862068966,0.6822206387965699,0.10344827586206896
finetune_000218_v03,finetune_000218,CoHC4O3,HF_COREMOF_GCMC,/home/rakeyma/Tüm_çalışmalar/MOF Radyoaktif Gaz Adsorpsiyonu/data/processed/augmented_cif/finetune_000218_v03.cif,Co6H6C21O16,True,0.12214906001316392,5,,,0.11418191878684823,"defect,noise",False,False,0.28186930951301814,0.31049550274147686,4.712096730895345e+25,5.190649687805928e+25,3.7762882974727057,2.0769585636099883,1.101558389871944,49,4,8.612244897959183,0.6918367346938775,0.5829397481729994,0.12244897959183673
finetune_000218_v04,finetune_000218,CoHC4O3,HF_COREMOF_GCMC,/home/rakeyma/Tüm_çalışmalar/MOF Radyoaktif Gaz Adsorpsiyonu/data/processed/augmented_cif/finetune_000218_v04.cif,Co6H4C23O16,True,0.167919756655013,8,,-CH3,0.13708698712781953,"defect,noise,functional",False,True,0.2545908444526896,0.28755769106046525,4.2560741640657315e+25,4.8071911707267685e+25,3.6341259894080133,1.9987692941744075,1.1294895214266114,49,4,8.816326530612244,0.710204081632653,0.5829397481729994,0.12244897959183673
finetune_000218_v05,finetune_000218,CoHC4O3,HF_COREMOF_GCMC,/home/rakeyma/Tüm_çalışmalar/MOF Radyoaktif Gaz Adsorpsiyonu/data/processed/augmented_cif/finetune_000218_v05.cif,Mn3H3C14O9,True,0.0,0,Mn,-CH3,0.07310826585575443,"functional,substitution,noise",False,True,0.13629997675423922,0.16607640850486238,2.2785690148189026e+25,2.7763508661039913e+25,2.7617951196829598,1.518987315825628,1.2184624859057216,58,4,8.068965517241379,0.6948275862068966,0.6822206387965699,0.10344827586206896
finetune_000218_v06,finetune_000218,CoHC4O3,HF_COREMOF_GCMC,/home/rakeyma/Tüm_çalışmalar/MOF Radyoaktif Gaz Adsorpsiyonu/data/processed/augmented_cif/finetune_000218_v06.cif,Zn6H6C23N3O16,True,0.07529415271556038,4,Zn,-NH2,0.13577883835776555,"functional,substitution,defect,noise",False,True,0.1951469261455224,0.24094811215552592,3.262331732118291e+25,4.028004373959774e+25,3.326589785071282,1.8296243817892053,1.234701037390921,54,5,8.75925925925926,0.6898148148148148,0.6263098274815748,0.1111111111111111
finetune_000219_v00,finetune_000219,CoPC3NO3,HF_COREMOF_GCMC,/home/rakeyma/Tüm_çalışmalar/MOF Radyoaktif Gaz Adsorpsiyonu/data/processed/augmented_cif/finetune_000219_v00.cif,CoPC3NO3,False,0.0,0,,,0.0,none,False,False,0.18989651439432215,0.24830970135903974,2.900170840812462e+25,3.7922789560895155e+25,3.13185845514548,1.722522150330014,1.3076053668021625,54,5,10.11111111111111,0.7666666666666667,0.5632406235349152,0.1111111111111111
finetune_000219_v01,finetune_000219,CoPC3NO3,HF_COREMOF_GCMC,/home/rakeyma/Tüm_çalışmalar/MOF Radyoaktif Gaz Adsorpsiyonu/data/processed/augmented_cif/finetune_000219_v01.cif,CoPC3NO3,True,0.0,0,,,0.0856271221139879,noise,False,False,0.18989651439432215,0.24830970135903974,2.900170840812462e+25,3.7922789560895155e+25,3.13185845514548,1.722522150330014,1.3076053668021625,54,5,10.11111111111111,0.7666666666666667,0.5632406235349152,0.1111111111111111
finetune_000219_v02,finetune_000219,CoPC3NO3,HF_COREMOF_GCMC,/home/rakeyma/Tüm_çalışmalar/MOF Radyoaktif Gaz Adsorpsiyonu/data/processed/augmented_cif/finetune_000219_v02.cif,Mn6P6C17(N3O8)2,True,0.11249858203957991,5,Mn,-CH3,0.08308714205678323,"defect,functional,substitution,noise",False,True,0.2217077507401515,0.272429454667686,3.3860039818504965e+25,4.160644881374857e+25,3.2804416143951656,1.804242887917341,1.2287773149932946,51,5,10.03921568627451,0.7803921568627452,0.6575287065976663,0.11764705882352941
finetune_000219_v03,finetune_000219,CoPC3NO3,HF_COREMOF_GCMC,/home/rakeyma/Tüm_çalışmalar/MOF Radyoaktif Gaz Adsorpsiyonu/data/processed/augmented_cif/finetune_000219_v03.cif,NiPC3NO3,True,0.0,0,Ni,,0.10651932701130117,"noise,substitution",False,False,0.19490492764759523,0.2545335588094896,2.9766612078010803e+25,3.887332043044478e+25,3.1708653986860393,1.7439759692773218,1.3059370118630762,54,5,10.222222222222221,0.7666666666666667,0.5554313638965664,0.1111111111111111
finetune_000219_v04,finetune_000219,CoPC3NO3,HF_COREMOF_GCMC,/home/rakeyma/Tüm_çalışmalar/MOF Radyoaktif Gaz Adsorpsiyonu/data/processed/augmented_cif/finetune_000219_v04.cif,Co3P3C8N4O7,True,0.12801941619960813,6,,-NH2,0.14004041045309007,"defect,functional,noise",False,True,0.23937764121492888,0.29635542194382847,3.655865181139741e+25,4.5260512336389835e+25,3.421461997768367,1.881804098772602,1.2380246561028698,50,5,10.32,0.7779999999999998,0.5632406235349152,0.12
finetune_000219_v05,finetune_000219,CoPC3NO3,HF_COREMOF_GCMC,/home/rakeyma/Tüm_çalışmalar/MOF Radyoaktif Gaz Adsorpsiyonu/data/processed/augmented_cif/finetune_000219_v05.cif,Co2P2C6(NO2)3,True,0.0,0,,-NH2,0.07634062573778319,"functional,noise",False,True,0.1589818054779139,0.21563189176854858,2.4280298031660483e+25,3.2932111832120677e+25,2.9185139838495004,1.6051826911172253,1.35633062613888,57,5,9.947368421052632,0.7605263157894736,0.5632406235349152,0.10526315789473684
finetune_000219_v06,finetune_000219,CoPC3NO3,HF_COREMOF_GCMC,/home/rakeyma/Tüm_çalışmalar/MOF Radyoaktif Gaz Adsorpsiyonu/data/processed/augmented_cif/finetune_000219_v06.cif,NiPC3NO3,True,0.0,0,Ni,,0.049375279161313027,"substitution,noise",False,False,0.19490492764759523,0.2545335588094896,2.9766612078010803e+25,3.887332043044478e+25,3.1708653986860393,1.7439759692773218,1.3059370118630762,54,5,10.222222222222221,0.7666666666666667,0.5554313638965664,0.1111111111111111
finetune_000220_v00,finetune_000220,ErH4(CO2)4,HF_COREMOF_GCMC,/home/rakeyma/Tüm_çalışmalar/MOF Radyoaktif Gaz Adsorpsiyonu/data/processed/augmented_cif/finetune_000220_v00.cif,ErH4(CO2)4,False,0.0,0,,,0.0,none,False,False,0.023600667038622233,0.05,9.4800095235009e+24,2.008419827284324e+25,1.5,1.2,2.1185841873950237,34,4,9.411764705882353,0.6088235294117648,0.7877935960643498,0.058823529411764705
finetune_000220_v01,finetune_000220,ErH4(CO2)4,HF_COREMOF_GCMC,/home/rakeyma/Tüm_çalışmalar/MOF Radyoaktif Gaz Adsorpsiyonu/data/processed/augmented_cif/finetune_000220_v01.cif,ErH4(CO2)4,True,0.0,0,,,0.08864648619314383,"substitution,noise",False,False,0.023600667038622233,0.05,9.4800095235009e+24,2.008419827284324e+25,1.5,1.2,2.1185841873950237,34,4,9.411764705882353,0.6088235294117648,0.7877935960643498,0.058823529411764705
finetune_000220_v02,finetune_000220,ErH4(CO2)4,HF_COREMOF_GCMC,/home/rakeyma/Tüm_çalışmalar/MOF Radyoaktif Gaz Adsorpsiyonu/data/processed/augmented_cif/finetune_000220_v02.cif,ErH4(CO2)4,True,0.0,0,,,0.043912587671038124,noise,False,False,0.023600667038622233,0.05,9.4800095235009e+24,2.008419827284324e+25,1.5,1.2,2.1185841873950237,34,4,9.411764705882353,0.6088235294117648,0.7877935960643498,0.058823529411764705
finetune_000220_v03,finetune_000220,ErH4(CO2)4,HF_COREMOF_GCMC,/home/rakeyma/Tüm_çalışmalar/MOF Radyoaktif Gaz Adsorpsiyonu/data/processed/augmented_cif/finetune_000220_v03.cif,ErH4C4O7,True,0.11597959427244788,3,,-CH3,0.14235302000837147,"defect,functional,noise",False,True,0.026066035416007185,0.05267928638986552,1.0470308469640842e+25,2.1160424654519023e+25,1.5203384019157749,1.2,2.020993432607519,32,4,9.5,0.609375,0.7877935960643498,0.0625
finetune_000220_v04,finetune_000220,ErH4(CO2)4,HF_COREMOF_GCMC,/home/rakeyma/Tüm_çalışmalar/MOF Radyoaktif Gaz Adsorpsiyonu/data/processed/augmented_cif/finetune_000220_v04.cif,Er2H8C8NO16,True,0.0,0,,-NH2,0.08834853391300579,"substitution,functional,noise",False,True,0.023134201463416715,0.05,9.292637781503227e+24,2.0084198272843235e+25,1.5,1.2,2.1613021776034733,35,5,9.342857142857143,0.61,0.7556612997897934,0.05714285714285714
finetune_000220_v05,finetune_000220,ErH4(CO2)4,HF_COREMOF_GCMC,/home/rakeyma/Tüm_çalışmalar/MOF Radyoaktif Gaz Adsorpsiyonu/data/processed/augmented_cif/finetune_000220_v05.cif,Er2H8C8NO16,True,0.0,0,,-NH2,0.14115916111422153,"functional,noise",False,True,0.023134201463416715,0.05,9.292637781503227e+24,2.0084198272843235e+25,1.5,1.2,2.1613021776034733,35,5,9.342857142857143,0.61,0.7556612997897934,0.05714285714285714
finetune_000220_v06,finetune_000220,ErH4(CO2)4,HF_COREMOF_GCMC,/home/rakeyma/Tüm_çalışmalar/MOF Radyoaktif Gaz Adsorpsiyonu/data/processed/augmented_cif/finetune_000220_v06.cif,Er2H8C8O15,True,0.05640008331310124,1,,,0.0752788913751081,"defect,noise",False,False,0.024157053974975008,0.05,9.703501234423476e+24,2.0084198272843235e+25,1.5,1.2,2.0697888100012714,33,4,9.454545454545455,0.6090909090909091,0.7877935960643498,0.06060606060606061
finetune_000221_v00,finetune_000221,CuH2C8N4(OF)2,HF_COREMOF_GCMC,/home/rakeyma/Tüm_çalışmalar/MOF Radyoaktif Gaz Adsorpsiyonu/data/processed/augmented_cif/finetune_000221_v00.cif,CuH2C8N4(OF)2,False,0.0,0,,,0.0,none,False,False,0.0621677291567671,0.08354699797293963,1.9125639375524242e+25,2.57028811541231e+25,2.076788150348894,1.2,1.3438965699110685,38,6,7.421052631578948,0.6447368421052632,0.7160171475289928,0.05263157894736842
finetune_000221_v01,finetune_000221,CuH2C8N4(OF)2,HF_COREMOF_GCMC,/home/rakeyma/Tüm_çalışmalar/MOF Radyoaktif Gaz Adsorpsiyonu/data/processed/augmented_cif/finetune_000221_v01.cif,Co2H4C15N7O3F4,True,0.10391008137194989,3,Co,,0.038275817780697025,"defect,substitution,noise",False,False,0.1221904103388856,0.1495858610220543,3.7591363798985905e+25,4.601945852599444e+25,2.778894410772252,1.5283919259247387,1.224202951828949,35,6,7.3428571428571425,0.6442857142857142,0.7204724530164602,0.05714285714285714
finetune_000221_v02,finetune_000221,CuH2C8N4(OF)2,HF_COREMOF_GCMC,/home/rakeyma/Tüm_çalışmalar/MOF Radyoaktif Gaz Adsorpsiyonu/data/processed/augmented_cif/finetune_000221_v02.cif,CuH2C8N4(OF)2,True,0.0,0,,,0.12348866378601149,noise,False,False,0.0621677291567671,0.08354699797293963,1.9125639375524242e+25,2.57028811541231e+25,2.076788150348894,1.2,1.3438965699110685,38,6,7.421052631578948,0.6447368421052632,0.7160171475289928,0.05263157894736842
finetune_000221_v03,finetune_000221,CuH2C8N4(OF)2,HF_COREMOF_GCMC,/home/rakeyma/Tüm_çalışmalar/MOF Radyoaktif Gaz Adsorpsiyonu/data/processed/augmented_cif/finetune_000221_v03.cif,Co2H4C16N8O3F4,True,0.05171357189336777,1,Co,,0.09259293811694479,"substitution,noise,defect",False,False,0.07680713062759036,0.09869525846183402,2.362938942401717e+25,3.036317953089854e+25,2.257225338610852,1.2414739362359686,1.2849752054971455,37,6,7.297297297297297,0.6459459459459459,0.7204724530164602,0.05405405405405406
finetune_000221_v04,finetune_000221,CuH2C8N4(OF)2,HF_COREMOF_GCMC,/home/rakeyma/Tüm_çalışmalar/MOF Radyoaktif Gaz Adsorpsiyonu/data/processed/augmented_cif/finetune_000221_v04.cif,CoH2C9N4(OF)2,True,0.0,0,Co,-CH3,0.12044566895864539,"substitution,functional,noise",False,True,0.036272439871996076,0.05,1.1159062968390078e+25,1.5382288877960714e+25,1.606614841833599,1.2,1.378457037256052,40,6,7.25,0.6475,0.7204724530164602,0.05
finetune_000221_v05,finetune_000221,CuH2C8N4(OF)2,HF_COREMOF_GCMC,/home/rakeyma/Tüm_çalışmalar/MOF Radyoaktif Gaz Adsorpsiyonu/data/processed/augmented_cif/finetune_000221_v05.cif,Co2H3C14N7O3F4,True,0.1572382219144039,5,Co,,0.03142173878052911,"defect,noise,substitution",False,False,0.15612167085661244,0.18637705255672588,4.803017282452624e+25,5.733811325300846e+25,3.101865712119924,1.7060261416659583,1.1937936068331028,33,6,7.575757575757576,0.6545454545454545,0.7204724530164602,0.06060606060606061
finetune_000221_v06,finetune_000221,CuH2C8N4(OF)2,HF_COREMOF_GCMC,/home/rakeyma/Tüm_çalışmalar/MOF Radyoaktif Gaz Adsorpsiyonu/data/processed/augmented_cif/finetune_000221_v06.cif,CuH2C9N4(OF)2,True,0.0,0,,-CH3,0.07402879030351205,"functional,noise",False,True,0.035714119781883824,0.05,1.098729815014056e+25,1.538228887796071e+25,1.606614841833599,1.2,1.4000065045803753,40,6,7.35,0.6475,0.7160171475289928,0.05
finetune_000222_v00,finetune_000222,Co3H16(C9O7)2,HF_COREMOF_GCMC,/home/rakeyma/Tüm_çalışmalar/MOF Radyoaktif Gaz Adsorpsiyonu/data/processed/augmented_cif/finetune_000222_v00.cif,Co3H16(C9O7)2,False,0.0,0,,,0.0,none,False,False,0.03245610710146474,0.05,1.040159107241851e+25,1.60240891489249e+25,1.743909415652086,1.2,1.540542118735599,51,4,6.215686274509804,0.569607843137255,0.5829397481729994,0.058823529411764705
finetune_000222_v01,finetune_000222,Co3H16(C9O7)2,HF_COREMOF_GCMC,/home/rakeyma/Tüm_çalışmalar/MOF Radyoaktif Gaz Adsorpsiyonu/data/processed/augmented_cif/finetune_000222_v01.cif,Zn2H14C17O12,True,0.1254948162610688,6,Zn,,0.09513342302573206,"substitution,defect,noise",False,False,0.037974803475430204,0.05,1.2170232726063935e+25,1.6024089148924905e+25,1.743909415652086,1.2,1.3166625084011334,45,4,6.044444444444444,0.5622222222222224,0.6504229393248673,0.044444444444444446
finetune_000222_v02,finetune_000222,Co3H16(C9O7)2,HF_COREMOF_GCMC,/home/rakeyma/Tüm_çalışmalar/MOF Radyoaktif Gaz Adsorpsiyonu/data/processed/augmented_cif/finetune_000222_v02.cif,Co3H16C18N3O14,True,0.0,0,,-NH2,0.04080200239076842,"noise,functional",False,True,0.0304360413401248,0.05,9.754196795490471e+24,1.6024089148924905e+25,1.743909415652086,1.2,1.6427891998583737,54,5,6.2592592592592595,0.5740740740740741,0.5617259118110896,0.05555555555555555
finetune_000222_v03,finetune_000222,Co3H16(C9O7)2,HF_COREMOF_GCMC,/home/rakeyma/Tüm_çalışmalar/MOF Radyoaktif Gaz Adsorpsiyonu/data/processed/augmented_cif/finetune_000222_v03.cif,Ni3H15C17O11,True,0.1194348160685916,5,Ni,,0.037101226752868116,"defect,noise,substitution",False,False,0.0359629440008301,0.05,1.152546841454191e+25,1.6024089148924905e+25,1.743909415652086,1.2,1.3903199915681517,46,4,6.282608695652174,0.5717391304347827,0.5748260606479145,0.06521739130434782
finetune_000222_v04,finetune_000222,Co3H16(C9O7)2,HF_COREMOF_GCMC,/home/rakeyma/Tüm_çalışmalar/MOF Radyoaktif Gaz Adsorpsiyonu/data/processed/augmented_cif/finetune_000222_v04.cif,Co3H15(C9O5)2,True,0.11514818110209972,5,,,0.06167144205531492,"defect,noise",False,False,0.036169902456191186,0.05,1.1591794829318506e+25,1.60240891489249e+25,1.743909415652086,1.2,1.3823648006947147,46,4,6.173913043478261,0.5739130434782611,0.5829397481729994,0.06521739130434782
finetune_000222_v05,finetune_000222,Co3H16(C9O7)2,HF_COREMOF_GCMC,/home/rakeyma/Tüm_çalışmalar/MOF Radyoaktif Gaz Adsorpsiyonu/data/processed/augmented_cif/finetune_000222_v05.cif,Mn3H16(C9O7)2,True,0.0,0,Mn,,0.04683158093635603,"substitution,noise",False,False,0.03308239136631102,0.05,1.0602303770267825e+25,1.6024089148924905e+25,1.743909415652086,1.2,1.5113780453887258,51,4,6.098039215686274,0.5725490196078432,0.6822206387965699,0.058823529411764705
finetune_000222_v06,finetune_000222,Co3H16(C9O7)2,HF_COREMOF_GCMC,/home/rakeyma/Tüm_çalışmalar/MOF Radyoaktif Gaz Adsorpsiyonu/data/processed/augmented_cif/finetune_000222_v06.cif,Zn3H16(C9O7)2,True,0.0,0,Zn,,0.0828282488772113,"substitution,noise",False,False,0.03148982156708041,0.05,1.009191416149269e+25,1.6024089148924902e+25,1.743909415652086,1.2,1.5878146496793812,51,4,6.392156862745098,0.569607843137255,0.6504229393248673,0.058823529411764705
finetune_000223_v00,finetune_000223,AlH5C8O5,HF_COREMOF_GCMC,/home/rakeyma/Tüm_çalışmalar/MOF Radyoaktif Gaz Adsorpsiyonu/data/processed/augmented_cif/finetune_000223_v00.cif,AlH5C8O5,False,0.0,0,,,0.0,none,False,False,0.21360919249904964,0.20169697092847594,6.382617227450461e+25,6.026681465866189e+25,2.988357040731488,1.6435963724023186,0.9442335723888536,38,4,5.578947368421052,0.5842105263157897,0.6629856710367125,0.05263157894736842
finetune_000223_v01,finetune_000223,AlH5C8O5,HF_COREMOF_GCMC,/home/rakeyma/Tüm_çalışmalar/MOF Radyoaktif Gaz Adsorpsiyonu/data/processed/augmented_cif/finetune_000223_v01.cif,AlH5C7O5,True,0.07758266226467495,2,,,0.04138639985790761,"noise,defect",False,False,0.28989373980622535,0.2579292417282679,8.661990414225679e+25,7.706895019161695e+25,3.3793493241830057,1.8586421283006533,0.8897371909468498,36,4,5.555555555555555,0.577777777777778,0.6629856710367125,0.05555555555555555
finetune_000223_v02,finetune_000223,AlH5C8O5,HF_COREMOF_GCMC,/home/rakeyma/Tüm_çalışmalar/MOF Radyoaktif Gaz Adsorpsiyonu/data/processed/augmented_cif/finetune_000223_v02.cif,CrH5C8O5,True,0.0,0,Cr,,0.1478976963814173,"substitution,noise",False,False,0.163502598924283,0.1729420332696997,4.885438179968284e+25,5.167487353815108e+25,2.7671523900052515,1.5219338145028884,1.0577326257045494,38,4,6.157894736842105,0.5921052631578949,0.647316576336494,0.05263157894736842
finetune_000223_v03,finetune_000223,AlH5C8O5,HF_COREMOF_GCMC,/home/rakeyma/Tüm_çalışmalar/MOF Radyoaktif Gaz Adsorpsiyonu/data/processed/augmented_cif/finetune_000223_v03.cif,Al2H9(C5O3)3,True,0.10535633112162159,3,,,0.09784755948243956,"defect,noise",False,False,0.2931774845538191,0.2575275466792165,8.760108316134957e+25,7.6948924189446256e+25,3.37671682540093,1.8571942539705115,0.8784015152839669,35,4,5.628571428571429,0.5900000000000002,0.6629856710367125,0.05714285714285714
finetune_000223_v04,finetune_000223,AlH5C8O5,HF_COREMOF_GCMC,/home/rakeyma/Tüm_çalışmalar/MOF Radyoaktif Gaz Adsorpsiyonu/data/processed/augmented_cif/finetune_000223_v04.cif,FeH5C8O5,True,0.0,0,Fe,,0.061486005028259925,"noise,substitution",False,False,0.16353112807495823,0.17582806615117919,4.886290627592163e+25,5.253721672539015e+25,2.7901457886172945,1.534580183739512,1.075196314126717,38,4,6.2631578947368425,0.5921052631578949,0.5968458762528228,0.05263157894736842
finetune_000223_v05,finetune_000223,AlH5C8O5,HF_COREMOF_GCMC,/home/rakeyma/Tüm_çalışmalar/MOF Radyoaktif Gaz Adsorpsiyonu/data/processed/augmented_cif/finetune_000223_v05.cif,GaH5C8O5,True,0.0,0,Ga,,0.12453067273521917,"substitution,noise",False,False,0.17409798866734233,0.1981522776586968,5.202027163403084e+25,5.920766453197338e+25,2.9619814264052375,1.6290897845228807,1.1381652319793092,38,4,6.526315789473684,0.586842105263158,0.602536305960064,0.05263157894736842
finetune_000223_v06,finetune_000223,AlH5C8O5,HF_COREMOF_GCMC,/home/rakeyma/Tüm_çalışmalar/MOF Radyoaktif Gaz Adsorpsiyonu/data/processed/augmented_cif/finetune_000223_v06.cif,Al2H9(C9O5)2,True,0.03941734822547947,1,,-CH3,0.10048293423228025,"functional,noise,defect",False,True,0.15362816428669118,0.15308175207601993,4.590391249207065e+25,4.574064517439024e+25,2.6034216292602834,1.431881896093156,0.9964432810011868,39,4,5.717948717948718,0.5987179487179489,0.6629856710367125,0.05128205128205128
finetune_000224_v00,finetune_000224,Ho(CO2)4,HF_COREMOF_GCMC,/home/rakeyma/Tüm_çalışmalar/MOF Radyoaktif Gaz Adsorpsiyonu/data/processed/augmented_cif/finetune_000224_v00.cif,Ho(CO2)4,False,0.0,0,,,0.0,none,False,False,0.14997836171222506,0.25281674030478984,2.4414133620380375e+25,4.115461463109865e+25,4.837021143375599,2.6603616288565797,1.6856881047273249,52,3,11.923076923076923,0.7192307692307693,0.9079035680560402,0.07692307692307693
finetune_000224_v01,finetune_000224,Ho(CO2)4,HF_COREMOF_GCMC,/home/rakeyma/Tüm_çalışmalar/MOF Radyoaktif Gaz Adsorpsiyonu/data/processed/augmented_cif/finetune_000224_v01.cif,Ho4C16O25,True,0.15502010980509617,7,,,0.03242917798497648,"noise,defect",False,False,0.21293011847400153,0.3294595673747037,3.4661695893188006e+25,5.363086920386787e+25,5.521742296318393,3.036958262975116,1.5472661628886957,45,3,12.533333333333333,0.737777777777778,0.9079035680560402,0.08888888888888889
finetune_000224_v02,finetune_000224,Ho(CO2)4,HF_COREMOF_GCMC,/home/rakeyma/Tüm_çalışmalar/MOF Radyoaktif Gaz Adsorpsiyonu/data/processed/augmented_cif/finetune_000224_v02.cif,HoC4O7,True,0.09538927248490976,4,,,0.041715489968400576,"defect,noise",False,False,0.18462250404018574,0.2966126414875978,3.0053658617867822e+25,4.828390295839535e+25,5.239259388394971,2.8815926636172344,1.6065898522481084,48,3,12.25,0.7291666666666666,0.9079035680560402,0.08333333333333333
finetune_000224_v03,finetune_000224,Ho(CO2)4,HF_COREMOF_GCMC,/home/rakeyma/Tüm_çalışmalar/MOF Radyoaktif Gaz Adsorpsiyonu/data/processed/augmented_cif/finetune_000224_v03.cif,Ho2C9O16,True,0.0,0,,-CH3,0.12129067586872501,"substitution,noise,functional",False,True,0.12952345876697718,0.22218162834662825,2.108439506345835e+25,3.616769712991286e+25,4.534497269418265,2.4939734981800457,1.715377511237948,54,3,11.703703703703704,0.7185185185185188,0.9079035680560402,0.07407407407407407
finetune_000224_v04,finetune_000224,Ho(CO2)4,HF_COREMOF_GCMC,/home/rakeyma/Tüm_çalışmalar/MOF Radyoaktif Gaz Adsorpsiyonu/data/processed/augmented_cif/finetune_000224_v04.cif,Ho2C9O16,True,0.0,0,,-CH3,0.12742652648154468,"functional,noise",False,True,0.12952345876697718,0.22218162834662825,2.108439506345835e+25,3.616769712991286e+25,4.534497269418265,2.4939734981800457,1.715377511237948,54,3,11.703703703703704,0.7185185185185188,0.9079035680560402,0.07407407407407407
finetune_000224_v05,finetune_000224,Ho(CO2)4,HF_COREMOF_GCMC,/home/rakeyma/Tüm_çalışmalar/MOF Radyoaktif Gaz Adsorpsiyonu/data/processed/augmented_cif/finetune_000224_v05.cif,Ho4C17O28,True,0.107823150586341,5,,-CH3,0.12597142500090774,"defect,substitution,functional,noise",False,True,0.17348531555205512,0.281295085508517,2.8240698369466746e+25,4.579044420780246e+25,5.102184327455683,2.8062013801006263,1.6214345555034197,49,3,12.122448979591837,0.7285714285714286,0.9079035680560402,0.08163265306122448
finetune_000224_v06,finetune_000224,Ho(CO2)4,HF_COREMOF_GCMC,/home/rakeyma/Tüm_çalışmalar/MOF Radyoaktif Gaz Adsorpsiyonu/data/processed/augmented_cif/finetune_000224_v06.cif,Ho2C9O16,True,0.0,0,,-CH3,0.07096325433350267,"substitution,noise,functional",False,True,0.12952345876697718,0.22218162834662825,2.108439506345835e+25,3.616769712991286e+25,4.534497269418265,2.4939734981800457,1.715377511237948,54,3,11.703703703703704,0.7185185185185188,0.9079035680560402,0.07407407407407407
finetune_000225_v00,finetune_000225,CoHC4O3,HF_COREMOF_GCMC,/home/rakeyma/Tüm_çalışmalar/MOF Radyoaktif Gaz Adsorpsiyonu/data/processed/augmented_cif/finetune_000225_v00.cif,CoHC4O3,False,0.0,0,,,0.0,none,False,False,0.20272234461597277,0.24081560498963828,3.3889723538711354e+25,4.025789210541387e+25,3.325674945771934,1.8291212201745637,1.1879085428191327,54,4,8.444444444444445,0.688888888888889,0.5829397481729994,0.1111111111111111
finetune_000225_v01,finetune_000225,CoHC4O3,HF_COREMOF_GCMC,/home/rakeyma/Tüm_çalışmalar/MOF Radyoaktif Gaz Adsorpsiyonu/data/processed/augmented_cif/finetune_000225_v01.cif,MnHC4O3,True,0.0,0,Mn,,0.060691419865356575,"noise,substitution",False,False,0.1978418186893586,0.22899850163094293,3.3073830871872915e+25,3.828239026020184e+25,3.2430512059343135,1.7836781632638725,1.1574827968524946,54,4,8.222222222222221,0.6944444444444445,0.6822206387965699,0.1111111111111111
finetune_000225_v02,finetune_000225,CoHC4O3,HF_COREMOF_GCMC,/home/rakeyma/Tüm_çalışmalar/MOF Radyoaktif Gaz Adsorpsiyonu/data/processed/augmented_cif/finetune_000225_v02.cif,Co6H5C22N3O14,True,0.16429578706962436,7,,-NH2,0.0845719465661435,"defect,noise,functional",False,True,0.25326568642642855,0.28574543424140353,4.2339210860514825e+25,4.776895111012438e+25,3.6226563274517916,1.9924609800984856,1.128243775433077,50,5,8.64,0.7019999999999998,0.5617259118110896,0.12
finetune_000225_v03,finetune_000225,CoHC4O3,HF_COREMOF_GCMC,/home/rakeyma/Tüm_çalışmalar/MOF Radyoaktif Gaz Adsorpsiyonu/data/processed/augmented_cif/finetune_000225_v03.cif,CoHC4O3,True,0.0,0,,,0.11425356662870619,noise,False,False,0.20272234461597277,0.24081560498963828,3.3889723538711354e+25,4.025789210541387e+25,3.325674945771934,1.8291212201745637,1.1879085428191327,54,4,8.444444444444445,0.688888888888889,0.5829397481729994,0.1111111111111111
finetune_000225_v04,finetune_000225,CoHC4O3,HF_COREMOF_GCMC,/home/rakeyma/Tüm_çalışmalar/MOF Radyoaktif Gaz Adsorpsiyonu/data/processed/augmented_cif/finetune_000225_v04.cif,ZnHC4O3,True,0.0,0,Zn,,0.07808973531898333,"substitution,noise",False,False,0.19276892384325992,0.23849875153357314,3.2225779295708914e+25,3.987057652234633e+25,3.3096383529431552,1.8203010941187354,1.2372261398704287,54,4,8.777777777777779,0.688888888888889,0.6504229393248673,0.1111111111111111
finetune_000225_v05,finetune_000225,CoHC4O3,HF_COREMOF_GCMC,/home/rakeyma/Tüm_çalışmalar/MOF Radyoaktif Gaz Adsorpsiyonu/data/processed/augmented_cif/finetune_000225_v05.cif,Mn6H6C23O17,True,0.04231396085756965,2,Mn,,0.14609864215634005,"defect,noise,substitution",False,False,0.2281542943442905,0.2559731888661021,3.814126150792633e+25,4.279183244662928e+25,3.428741350628267,1.8858077428455469,1.1219301815105536,52,4,8.26923076923077,0.6961538461538462,0.6822206387965699,0.11538461538461539
finetune_000225_v06,finetune_000225,CoHC4O3,HF_COREMOF_GCMC,/home/rakeyma/Tüm_çalışmalar/MOF Radyoaktif Gaz Adsorpsiyonu/data/processed/augmented_cif/finetune_000225_v06.cif,Co3H3C14O9,True,0.0,0,,-CH3,0.06216459680123062,"functional,noise",False,True,0.1424414990257822,0.17789351186355762,2.381238748776306e+25,2.9739010506251916e+25,2.858364043247074,1.5721002237858908,1.24888823187236,58,4,8.275862068965518,0.6896551724137931,0.5829397481729994,0.10344827586206896
finetune_000226_v00,finetune_000226,SrU2P2H4(C3O4)2,HF_COREMOF_GCMC,/home/rakeyma/Tüm_çalışmalar/MOF Radyoaktif Gaz Adsorpsiyonu/data/processed/augmented_cif/finetune_000226_v00.cif,SrU2P2H4(C3O4)2,False,0.0,0,,,0.0,none,False,False,0.0161233082656799,0.05,3.968439746241035e+24,1.2306530647585094e+25,1.5918567931821002,1.2,3.1011005419049193,46,6,15.478260869565217,0.7608695652173915,0.8015696406981049,0.13043478260869565
finetune_000226_v01,finetune_000226,SrU2P2H4(C3O4)2,HF_COREMOF_GCMC,/home/rakeyma/Tüm_çalışmalar/MOF Radyoaktif Gaz Adsorpsiyonu/data/processed/augmented_cif/finetune_000226_v01.cif,Sr2U4PH8(C6O7)2,True,0.12530578223014896,5,,,0.14464898210483637,"noise,defect",False,False,0.01743585834347797,0.05,4.2914985014192777e+24,1.2306530647585094e+25,1.5918567931821002,1.2,2.867653488289719,41,6,15.878048780487806,0.751219512195122,0.8015696406981049,0.14634146341463414
finetune_000226_v02,finetune_000226,SrU2P2H4(C3O4)2,HF_COREMOF_GCMC,/home/rakeyma/Tüm_çalışmalar/MOF Radyoaktif Gaz Adsorpsiyonu/data/processed/augmented_cif/finetune_000226_v02.cif,SrU2P2H4C6NO8,True,0.0,0,,-NH2,0.12189172985501079,"functional,noise",False,True,0.015855644248838542,0.05,3.902559437710757e+24,1.2306530647585094e+25,1.5918567931821002,1.2,3.1534511758273465,48,7,15.125,0.75625,0.8091618238293606,0.125
finetune_000226_v03,finetune_000226,SrU2P2H4(C3O4)2,HF_COREMOF_GCMC,/home/rakeyma/Tüm_çalışmalar/MOF Radyoaktif Gaz Adsorpsiyonu/data/processed/augmented_cif/finetune_000226_v03.cif,SrU2P2H4(C3O4)2,True,0.0,0,,,0.12403008545152694,"substitution,noise",False,False,0.0161233082656799,0.05,3.968439746241035e+24,1.2306530647585094e+25,1.5918567931821002,1.2,3.1011005419049193,46,6,15.478260869565217,0.7608695652173915,0.8015696406981049,0.13043478260869565
finetune_000226_v04,finetune_000226,SrU2P2H4(C3O4)2,HF_COREMOF_GCMC,/home/rakeyma/Tüm_çalışmalar/MOF Radyoaktif Gaz Adsorpsiyonu/data/processed/augmented_cif/finetune_000226_v04.cif,SrU2P2H4(C3O4)2,True,0.0,0,,,0.13905265750149293,"substitution,defect,noise",False,False,0.0161233082656799,0.05,3.968439746241035e+24,1.2306530647585094e+25,1.5918567931821002,1.2,3.1011005419049193,46,6,15.478260869565217,0.7608695652173915,0.8015696406981049,0.13043478260869565
finetune_000226_v05,finetune_000226,SrU2P2H4(C3O4)2,HF_COREMOF_GCMC,/home/rakeyma/Tüm_çalışmalar/MOF Radyoaktif Gaz Adsorpsiyonu/data/processed/augmented_cif/finetune_000226_v05.cif,SrU2P2H4(C3O4)2,True,0.0,0,,,0.07921121984922888,"substitution,noise",False,False,0.0161233082656799,0.05,3.968439746241035e+24,1.2306530647585094e+25,1.5918567931821002,1.2,3.1011005419049193,46,6,15.478260869565217,0.7608695652173915,0.8015696406981049,0.13043478260869565
finetune_000226_v06,finetune_000226,SrU2P2H4(C3O4)2,HF_COREMOF_GCMC,/home/rakeyma/Tüm_çalışmalar/MOF Radyoaktif Gaz Adsorpsiyonu/data/processed/augmented_cif/finetune_000226_v06.cif,SrU2P2H4(C3O4)2,True,0.0,0,,,0.08256119254827526,"substitution,noise",False,False,0.0161233082656799,0.05,3.968439746241035e+24,1.2306530647585094e+25,1.5918567931821002,1.2,3.1011005419049193,46,6,15.478260869565217,0.7608695652173915,0.8015696406981049,0.13043478260869565
finetune_000227_v00,finetune_000227,MnHC3N3Cl,HF_COREMOF_GCMC,/home/rakeyma/Tüm_çalışmalar/MOF Radyoaktif Gaz Adsorpsiyonu/data/processed/augmented_cif/finetune_000227_v00.cif,MnHC3N3Cl,False,0.0,0,,,0.0,none,False,False,0.24213078848637803,0.28296294032432157,3.665584283877443e+25,4.283736543611582e+25,4.435337482107187,2.4394356151589527,1.168636760707698,54,5,9.11111111111111,0.7444444444444445,0.586890108964191,0.1111111111111111
finetune_000227_v01,finetune_000227,MnHC3N3Cl,HF_COREMOF_GCMC,/home/rakeyma/Tüm_çalışmalar/MOF Radyoaktif Gaz Adsorpsiyonu/data/processed/augmented_cif/finetune_000227_v01.cif,Mn6H6C18N19Cl6,True,0.04912071907439475,2,,-NH2,0.12949741513561502,"defect,functional,noise",False,True,0.2297266582780028,0.27216556275830106,3.4777998842510093e+25,4.120276548455608e+25,4.349892028830131,2.392440615856572,1.184736524695976,55,5,9.072727272727272,0.7427272727272726,0.586890108964191,0.10909090909090909
finetune_000227_v02,finetune_000227,MnHC3N3Cl,HF_COREMOF_GCMC,/home/rakeyma/Tüm_çalışmalar/MOF Radyoaktif Gaz Adsorpsiyonu/data/processed/augmented_cif/finetune_000227_v02.cif,Mn2H2C7(N3Cl)2,True,0.0,0,,-CH3,0.046337703084414164,"substitution,defect,functional,noise",False,True,0.19852614121271217,0.24022720189444002,3.0054596018840945e+25,3.6367661515860993e+25,4.08670211118238,2.247686161150309,1.2100532475320063,57,5,8.947368421052632,0.7421052631578948,0.586890108964191,0.10526315789473684
finetune_000227_v03,finetune_000227,MnHC3N3Cl,HF_COREMOF_GCMC,/home/rakeyma/Tüm_çalışmalar/MOF Radyoaktif Gaz Adsorpsiyonu/data/processed/augmented_cif/finetune_000227_v03.cif,Mn2H2C6N7Cl2,True,0.0,0,,-NH2,0.0545562525944013,"functional,noise",False,True,0.20590301937063793,0.25057080762626016,3.117137132894542e+25,3.7933565581436596e+25,4.1737566803863775,2.295566174212508,1.2169360526725326,57,5,9.0,0.7394736842105263,0.586890108964191,0.10526315789473684
finetune_000227_v04,finetune_000227,MnHC3N3Cl,HF_COREMOF_GCMC,/home/rakeyma/Tüm_çalışmalar/MOF Radyoaktif Gaz Adsorpsiyonu/data/processed/augmented_cif/finetune_000227_v04.cif,Mn6H6C17N14Cl5,True,0.1264501246675797,6,,,0.04603065681242187,"defect,noise",False,False,0.33909071964947435,0.35593720742765,5.133447177560127e+25,5.38848380972179e+25,4.974490263681666,2.7359696450249165,1.0496813590050185,48,5,9.1875,0.7479166666666667,0.586890108964191,0.125
finetune_000227_v05,finetune_000227,MnHC3N3Cl,HF_COREMOF_GCMC,/home/rakeyma/Tüm_çalışmalar/MOF Radyoaktif Gaz Adsorpsiyonu/data/processed/augmented_cif/finetune_000227_v05.cif,MnHC3N3Cl,True,0.0,0,,,0.040123228771206186,"substitution,noise",False,False,0.24213078848637803,0.28296294032432157,3.665584283877443e+25,4.283736543611582e+25,4.435337482107187,2.4394356151589527,1.168636760707698,54,5,9.11111111111111,0.7444444444444445,0.586890108964191,0.1111111111111111
finetune_000227_v06,finetune_000227,MnHC3N3Cl,HF_COREMOF_GCMC,/home/rakeyma/Tüm_çalışmalar/MOF Radyoaktif Gaz Adsorpsiyonu/data/processed/augmented_cif/finetune_000227_v06.cif,Mn2H2C6N7Cl2,True,0.0,0,,-NH2,0.1204725699986521,"noise,substitution,functional",False,True,0.20590301937063793,0.25057080762626016,3.117137132894542e+25,3.7933565581436596e+25,4.1737566803863775,2.295566174212508,1.2169360526725326,57,5,9.0,0.7394736842105263,0.586890108964191,0.10526315789473684
finetune_000228_v00,finetune_000228,Ho(CO2)4,HF_COREMOF_GCMC,/home/rakeyma/Tüm_çalışmalar/MOF Radyoaktif Gaz Adsorpsiyonu/data/processed/augmented_cif/finetune_000228_v00.cif,Ho(CO2)4,False,0.0,0,,,0.0,none,False,False,0.14997836171222506,0.25281674030478984,2.4414133620380375e+25,4.115461463109865e+25,4.837021143375599,2.6603616288565797,1.6856881047273249,52,3,11.923076923076923,0.7192307692307693,0.9079035680560402,0.07692307692307693
finetune_000228_v01,finetune_000228,Ho(CO2)4,HF_COREMOF_GCMC,/home/rakeyma/Tüm_çalışmalar/MOF Radyoaktif Gaz Adsorpsiyonu/data/processed/augmented_cif/finetune_000228_v01.cif,Ho(CO2)4,True,0.0,0,,,0.05510212140042929,noise,False,False,0.14997836171222506,0.25281674030478984,2.4414133620380375e+25,4.115461463109865e+25,4.837021143375599,2.6603616288565797,1.6856881047273249,52,3,11.923076923076923,0.7192307692307693,0.9079035680560402,0.07692307692307693
finetune_000228_v02,finetune_000228,Ho(CO2)4,HF_COREMOF_GCMC,/home/rakeyma/Tüm_çalışmalar/MOF Radyoaktif Gaz Adsorpsiyonu/data/processed/augmented_cif/finetune_000228_v02.cif,Ho4C15N2O27,True,0.14577145899266478,6,,-NH2,0.13038991687927926,"defect,substitution,functional,noise",False,True,0.18651811655202194,0.29965887405625413,3.0362234712632967e+25,4.877978201802017e+25,5.266094445052387,2.896351944778813,1.6065939309047013,48,4,12.25,0.7291666666666666,0.8327214420200791,0.08333333333333333
finetune_000228_v03,finetune_000228,Ho(CO2)4,HF_COREMOF_GCMC,/home/rakeyma/Tüm_çalışmalar/MOF Radyoaktif Gaz Adsorpsiyonu/data/processed/augmented_cif/finetune_000228_v03.cif,Ho(CO2)4,True,0.0,0,,,0.04778126981006542,"substitution,noise",False,False,0.14997836171222506,0.25281674030478984,2.4414133620380375e+25,4.115461463109865e+25,4.837021143375599,2.6603616288565797,1.6856881047273249,52,3,11.923076923076923,0.7192307692307693,0.9079035680560402,0.07692307692307693
finetune_000228_v04,finetune_000228,Ho(CO2)4,HF_COREMOF_GCMC,/home/rakeyma/Tüm_çalışmalar/MOF Radyoaktif Gaz Adsorpsiyonu/data/processed/augmented_cif/finetune_000228_v04.cif,Ho2C9O16,True,0.0,0,,-CH3,0.060093160446809096,"noise,functional,substitution",False,True,0.12952345876697718,0.22218162834662825,2.108439506345835e+25,3.616769712991286e+25,4.534497269418265,2.4939734981800457,1.715377511237948,54,3,11.703703703703704,0.7185185185185188,0.9079035680560402,0.07407407407407407
finetune_000228_v05,finetune_000228,Ho(CO2)4,HF_COREMOF_GCMC,/home/rakeyma/Tüm_çalışmalar/MOF Radyoaktif Gaz Adsorpsiyonu/data/processed/augmented_cif/finetune_000228_v05.cif,Ho2C9O16,True,0.0,0,,-CH3,0.04368136854911407,"functional,substitution,defect,noise",False,True,0.12952345876697718,0.22218162834662825,2.108439506345835e+25,3.616769712991286e+25,4.534497269418265,2.4939734981800457,1.715377511237948,54,3,11.703703703703704,0.7185185185185188,0.9079035680560402,0.07407407407407407
finetune_000228_v06,finetune_000228,Ho(CO2)4,HF_COREMOF_GCMC,/home/rakeyma/Tüm_çalışmalar/MOF Radyoaktif Gaz Adsorpsiyonu/data/processed/augmented_cif/finetune_000228_v06.cif,Ho4C15O26,True,0.15708829076247016,7,,,0.05274591174601893,"defect,noise,substitution",False,False,0.21506829238356062,0.3338281480580826,3.500975719306905e+25,5.43420058726366e+25,5.558230443688569,3.057026744028713,1.5521960227531881,45,3,12.577777777777778,0.7355555555555557,0.9079035680560402,0.08888888888888889
finetune_000229_v00,finetune_000229,ErH4(CO2)4,HF_COREMOF_GCMC,/home/rakeyma/Tüm_çalışmalar/MOF Radyoaktif Gaz Adsorpsiyonu/data/processed/augmented_cif/finetune_000229_v00.cif,ErH4(CO2)4,False,0.0,0,,,0.0,none,False,False,0.023600667038622233,0.05,9.4800095235009e+24,2.008419827284324e+25,1.5,1.2,2.1185841873950237,34,4,9.411764705882353,0.6088235294117648,0.7877935960643498,0.058823529411764705
finetune_000229_v01,finetune_000229,ErH4(CO2)4,HF_COREMOF_GCMC,/home/rakeyma/Tüm_çalışmalar/MOF Radyoaktif Gaz Adsorpsiyonu/data/processed/augmented_cif/finetune_000229_v01.cif,Er2H8C9O16,True,0.0,0,,-CH3,0.08930047105501657,"substitution,noise,functional",False,True,0.02319954452656024,0.05,9.318885042221818e+24,2.008419827284324e+25,1.5,1.2,2.155214725994167,35,4,9.314285714285715,0.6114285714285715,0.7877935960643498,0.05714285714285714
finetune_000229_v02,finetune_000229,ErH4(CO2)4,HF_COREMOF_GCMC,/home/rakeyma/Tüm_çalışmalar/MOF Radyoaktif Gaz Adsorpsiyonu/data/processed/augmented_cif/finetune_000229_v02.cif,ErH4(CO2)4,True,0.0,0,,,0.1165344395797275,noise,False,False,0.023600667038622233,0.05,9.4800095235009e+24,2.008419827284324e+25,1.5,1.2,2.1185841873950237,34,4,9.411764705882353,0.6088235294117648,0.7877935960643498,0.058823529411764705
finetune_000229_v03,finetune_000229,ErH4(CO2)4,HF_COREMOF_GCMC,/home/rakeyma/Tüm_çalışmalar/MOF Radyoaktif Gaz Adsorpsiyonu/data/processed/augmented_cif/finetune_000229_v03.cif,Er2H6(CO2)7,True,0.17329032143756526,5,,,0.10990136435837611,"defect,noise",False,False,0.05608909532902469,0.11095627916420969,2.253009023065074e+25,4.456935820701864e+25,2.206461053462987,1.2135535794046428,1.9782148118690128,29,4,10.206896551724139,0.6310344827586208,0.7877935960643498,0.06896551724137931
finetune_000229_v04,finetune_000229,ErH4(CO2)4,HF_COREMOF_GCMC,/home/rakeyma/Tüm_çalışmalar/MOF Radyoaktif Gaz Adsorpsiyonu/data/processed/augmented_cif/finetune_000229_v04.cif,ErH4(CO2)4,True,0.0,0,,,0.13195888920626786,"substitution,noise",False,False,0.023600667038622233,0.05,9.4800095235009e+24,2.008419827284324e+25,1.5,1.2,2.1185841873950237,34,4,9.411764705882353,0.6088235294117648,0.7877935960643498,0.058823529411764705
finetune_000229_v05,finetune_000229,ErH4(CO2)4,HF_COREMOF_GCMC,/home/rakeyma/Tüm_çalışmalar/MOF Radyoaktif Gaz Adsorpsiyonu/data/processed/augmented_cif/finetune_000229_v05.cif,ErH4(C2O3)2,True,0.15462289635304138,4,,,0.05966830274838182,"defect,noise",False,False,0.055482037128308605,0.10671429878349825,2.2286244685324e+25,4.2865422706304256e+25,2.163872318853378,1.2,1.9234026778200148,30,4,9.6,0.6100000000000001,0.7877935960643498,0.06666666666666667
finetune_000229_v06,finetune_000229,ErH4(CO2)4,HF_COREMOF_GCMC,/home/rakeyma/Tüm_çalışmalar/MOF Radyoaktif Gaz Adsorpsiyonu/data/processed/augmented_cif/finetune_000229_v06.cif,Er2H7C7O13,True,0.16539362434643082,5,,,0.10882474694864003,"defect,substitution,noise",False,False,0.06609800321729764,0.1277339599639763,2.6550508041104715e+25,5.130868356183839e+25,2.3674101861123127,1.302075602361772,1.9324934755449423,29,4,9.96551724137931,0.6189655172413794,0.7877935960643498,0.06896551724137931
finetune_000230_v00,finetune_000230,PrH4(C3O4)2,HF_COREMOF_GCMC,/home/rakeyma/Tüm_çalışmalar/MOF Radyoaktif Gaz Adsorpsiyonu/data/processed/augmented_cif/finetune_000230_v00.cif,PrH4(C3O4)2,False,0.0,0,,,0.0,none,False,False,0.026923411635638637,0.05,6.362688521709699e+24,1.1816274638254576e+25,2.2767644146902857,1.2522204280796572,1.8571197690940024,57,4,8.578947368421053,0.6236842105263158,0.8272544953035915,0.05263157894736842
finetune_000230_v01,finetune_000230,PrH4(C3O4)2,HF_COREMOF_GCMC,/home/rakeyma/Tüm_çalışmalar/MOF Radyoaktif Gaz Adsorpsiyonu/data/processed/augmented_cif/finetune_000230_v01.cif,PrH4C6NO8,True,0.0,0,,-NH2,0.045395158640624704,"noise,functional",False,True,0.025872987229180647,0.05,6.114446456241037e+24,1.1816274638254576e+25,2.2767644146902857,1.2522204280796572,1.9325174768999187,60,5,8.5,0.625,0.7925503138602621,0.05
finetune_000230_v02,finetune_000230,PrH4(C3O4)2,HF_COREMOF_GCMC,/home/rakeyma/Tüm_çalışmalar/MOF Radyoaktif Gaz Adsorpsiyonu/data/processed/augmented_cif/finetune_000230_v02.cif,Pr3H12C17O22,True,0.06333893016998986,3,,,0.09382761845311798,"defect,noise",False,False,0.02811907410959139,0.05,6.645254045047312e+24,1.1816274638254578e+25,2.2767644146902857,1.2522204280796572,1.7781524315178305,54,4,8.648148148148149,0.6231481481481482,0.8272544953035915,0.05555555555555555
finetune_000230_v03,finetune_000230,PrH4(C3O4)2,HF_COREMOF_GCMC,/home/rakeyma/Tüm_çalışmalar/MOF Radyoaktif Gaz Adsorpsiyonu/data/processed/augmented_cif/finetune_000230_v03.cif,PrH4(C3O4)2,True,0.0,0,,,0.08880031238597402,"substitution,noise",False,False,0.026923411635638637,0.05,6.362688521709699e+24,1.1816274638254576e+25,2.2767644146902857,1.2522204280796572,1.8571197690940024,57,4,8.578947368421053,0.6236842105263158,0.8272544953035915,0.05263157894736842
finetune_000230_v04,finetune_000230,PrH4(C3O4)2,HF_COREMOF_GCMC,/home/rakeyma/Tüm_çalışmalar/MOF Radyoaktif Gaz Adsorpsiyonu/data/processed/augmented_cif/finetune_000230_v04.cif,PrH4(C3O4)2,True,0.0,0,,,0.040834025182746175,"substitution,noise",False,False,0.026923411635638637,0.05,6.362688521709699e+24,1.1816274638254576e+25,2.2767644146902857,1.2522204280796572,1.8571197690940024,57,4,8.578947368421053,0.6236842105263158,0.8272544953035915,0.05263157894736842
finetune_000230_v05,finetune_000230,PrH4(C3O4)2,HF_COREMOF_GCMC,/home/rakeyma/Tüm_çalışmalar/MOF Radyoaktif Gaz Adsorpsiyonu/data/processed/augmented_cif/finetune_000230_v05.cif,PrH4C7O8,True,0.0,0,,-CH3,0.04380721642688311,"noise,functional",False,True,0.026017640189572214,0.05,6.148631638385502e+24,1.1816274638254578e+25,2.2767644146902857,1.2522204280796572,1.9217730599579836,60,4,8.45,0.6275000000000002,0.8272544953035915,0.05
finetune_000230_v06,finetune_000230,PrH4(C3O4)2,HF_COREMOF_GCMC,/home/rakeyma/Tüm_çalışmalar/MOF Radyoaktif Gaz Adsorpsiyonu/data/processed/augmented_cif/finetune_000230_v06.cif,PrH4C7O8,True,0.0,0,,-CH3,0.09331784796963626,"noise,substitution,functional",False,True,0.026017640189572214,0.05,6.148631638385502e+24,1.1816274638254578e+25,2.2767644146902857,1.2522204280796572,1.9217730599579836,60,4,8.45,0.6275000000000002,0.8272544953035915,0.05
finetune_000231_v00,finetune_000231,NiPC3NO3,HF_COREMOF_GCMC,/home/rakeyma/Tüm_çalışmalar/MOF Radyoaktif Gaz Adsorpsiyonu/data/processed/augmented_cif/finetune_000231_v00.cif,NiPC3NO3,False,0.0,0,,,0.0,none,False,False,0.18032553057819853,0.24006455958428397,2.8074524444819397e+25,3.7375175466133446e+25,3.0524746918998127,1.6788610805448971,1.3312843656388382,54,5,10.222222222222221,0.7666666666666667,0.5554313638965664,0.1111111111111111
finetune_000231_v01,finetune_000231,NiPC3NO3,HF_COREMOF_GCMC,/home/rakeyma/Tüm_çalışmalar/MOF Radyoaktif Gaz Adsorpsiyonu/data/processed/augmented_cif/finetune_000231_v01.cif,Ni6P5C15N5O17,True,0.12836418198125965,6,,,0.14059685156263446,"defect,noise",False,False,0.2654754819413237,0.3229798021891379,4.133135160264981e+25,5.0284085246652005e+25,3.5405907366408216,1.947324905152452,1.216608779941961,48,5,10.5,0.771875,0.5554313638965664,0.125
finetune_000231_v02,finetune_000231,NiPC3NO3,HF_COREMOF_GCMC,/home/rakeyma/Tüm_çalışmalar/MOF Radyoaktif Gaz Adsorpsiyonu/data/processed/augmented_cif/finetune_000231_v02.cif,Zn3P3C7N3O8,True,0.14465411299167497,6,Zn,,0.1162418607997083,"defect,substitution,noise",False,False,0.24223701148011081,0.31110479486866527,3.7713400195926427e+25,4.8435288893567406e+25,3.474892702337444,1.9111909862855943,1.2842991785927351,48,5,10.916666666666666,0.7791666666666665,0.6275221111642203,0.125
finetune_000231_v03,finetune_000231,NiPC3NO3,HF_COREMOF_GCMC,/home/rakeyma/Tüm_çalışmalar/MOF Radyoaktif Gaz Adsorpsiyonu/data/processed/augmented_cif/finetune_000231_v03.cif,Zn6P6C17N6O17,True,0.05154338309469153,2,Zn,,0.04421194420759488,"noise,defect,substitution",False,False,0.19072882918660214,0.256683698578446,2.9694193385495146e+25,3.9962576276475855e+25,3.1563647958617467,1.7360006377239607,1.3458044055170917,52,5,10.576923076923077,0.7711538461538463,0.6275221111642203,0.11538461538461539
finetune_000231_v04,finetune_000231,NiPC3NO3,HF_COREMOF_GCMC,/home/rakeyma/Tüm_çalışmalar/MOF Radyoaktif Gaz Adsorpsiyonu/data/processed/augmented_cif/finetune_000231_v04.cif,Ni2P2C7(NO3)2,True,0.0,0,,-CH3,0.041773371286646266,"functional,noise",False,True,0.14274576467100994,0.196115133442628,2.2223805175012847e+25,3.0532776419290556e+25,2.7589485429770844,1.5174216986373965,1.3738770736534278,57,5,10.0,0.7631578947368421,0.5554313638965664,0.10526315789473684
finetune_000231_v05,finetune_000231,NiPC3NO3,HF_COREMOF_GCMC,/home/rakeyma/Tüm_çalışmalar/MOF Radyoaktif Gaz Adsorpsiyonu/data/processed/augmented_cif/finetune_000231_v05.cif,Ni2P2C7(NO3)2,True,0.0,0,,-CH3,0.08045602829627002,"functional,noise",False,True,0.14274576467100994,0.196115133442628,2.2223805175012847e+25,3.0532776419290556e+25,2.7589485429770844,1.5174216986373965,1.3738770736534278,57,5,10.0,0.7631578947368421,0.5554313638965664,0.10526315789473684
finetune_000231_v06,finetune_000231,NiPC3NO3,HF_COREMOF_GCMC,/home/rakeyma/Tüm_çalışmalar/MOF Radyoaktif Gaz Adsorpsiyonu/data/processed/augmented_cif/finetune_000231_v06.cif,Ni2P2C7(NO3)2,True,0.0,0,,-CH3,0.07510577854465171,"functional,noise",False,True,0.14274576467100994,0.196115133442628,2.2223805175012847e+25,3.0532776419290556e+25,2.7589485429770844,1.5174216986373965,1.3738770736534278,57,5,10.0,0.7631578947368421,0.5554313638965664,0.10526315789473684
finetune_000232_v00,finetune_000232,MgH6C8S2(NO)4,HF_COREMOF_GCMC,/home/rakeyma/Tüm_çalışmalar/MOF Radyoaktif Gaz Adsorpsiyonu/data/processed/augmented_cif/finetune_000232_v00.cif,MgH6C8S2(NO)4,False,0.0,0,,,0.0,none,False,False,0.3052292661117404,0.28763886436227715,6.098681039384603e+25,5.747213268973177e+25,4.079784268198212,2.2438813475090167,0.9423698717572395,50,6,6.32,0.6240000000000001,0.6693031201680346,0.04
finetune_000232_v01,finetune_000232,MgH6C8S2(NO)4,HF_COREMOF_GCMC,/home/rakeyma/Tüm_çalışmalar/MOF Radyoaktif Gaz Adsorpsiyonu/data/processed/augmented_cif/finetune_000232_v01.cif,MgH6C9S2(NO)4,True,0.0,0,,-CH3,0.03366138271144001,"functional,noise",False,True,0.25544894602489887,0.2500363827253659,5.104037576404957e+25,4.995891009760701e+25,3.803776753323184,2.0920772143277513,0.9788115653489311,52,6,6.3076923076923075,0.6269230769230769,0.6693031201680346,0.038461538461538464
finetune_000232_v02,finetune_000232,MgH6C8S2(NO)4,HF_COREMOF_GCMC,/home/rakeyma/Tüm_çalışmalar/MOF Radyoaktif Gaz Adsorpsiyonu/data/processed/augmented_cif/finetune_000232_v02.cif,Mg2H10C16S4N7O8,True,0.07952635552070432,3,,,0.12139317763432861,"defect,noise",False,False,0.33992942065897613,0.31207655492029773,6.792012898733467e+25,6.235494363217881e+25,4.2495602183509655,2.3372581200930314,0.9180627976105048,47,6,6.531914893617022,0.6393617021276597,0.6693031201680346,0.0425531914893617
finetune_000232_v03,finetune_000232,MgH6C8S2(NO)4,HF_COREMOF_GCMC,/home/rakeyma/Tüm_çalışmalar/MOF Radyoaktif Gaz Adsorpsiyonu/data/processed/augmented_cif/finetune_000232_v03.cif,MgH6C9S2(NO)4,True,0.0,0,,-CH3,0.131573206856597,"functional,noise,substitution",False,True,0.25544894602489887,0.2500363827253659,5.104037576404957e+25,4.995891009760701e+25,3.803776753323184,2.0920772143277513,0.9788115653489311,52,6,6.3076923076923075,0.6269230769230769,0.6693031201680346,0.038461538461538464
finetune_000232_v04,finetune_000232,MgH6C8S2(NO)4,HF_COREMOF_GCMC,/home/rakeyma/Tüm_çalışmalar/MOF Radyoaktif Gaz Adsorpsiyonu/data/processed/augmented_cif/finetune_000232_v04.cif,Mg2H11C15S4(N5O4)2,True,0.04897190468756872,2,,-NH2,0.09852507956477538,"defect,functional,noise",False,True,0.29326196633757773,0.28303231161747444,5.859566536522355e+25,5.6551713221456775e+25,4.046983422941672,2.22584088261792,0.9651176903440394,50,6,6.46,0.6309999999999999,0.6693031201680346,0.04
finetune_000232_v05,finetune_000232,MgH6C8S2(NO)4,HF_COREMOF_GCMC,/home/rakeyma/Tüm_çalışmalar/MOF Radyoaktif Gaz Adsorpsiyonu/data/processed/augmented_cif/finetune_000232_v05.cif,MgH6C8S2(NO)4,True,0.0,0,,,0.04594005277176555,"substitution,defect,noise",False,False,0.3052292661117404,0.28763886436227715,6.098681039384603e+25,5.747213268973177e+25,4.079784268198212,2.2438813475090167,0.9423698717572395,50,6,6.32,0.6240000000000001,0.6693031201680346,0.04
finetune_000232_v06,finetune_000232,MgH6C8S2(NO)4,HF_COREMOF_GCMC,/home/rakeyma/Tüm_çalışmalar/MOF Radyoaktif Gaz Adsorpsiyonu/data/processed/augmented_cif/finetune_000232_v06.cif,MgH6C8S2(NO)4,True,0.0,0,,,0.038044104277321196,noise,False,False,0.3052292661117404,0.28763886436227715,6.098681039384603e+25,5.747213268973177e+25,4.079784268198212,2.2438813475090167,0.9423698717572395,50,6,6.32,0.6240000000000001,0.6693031201680346,0.04
finetune_000233_v00,finetune_000233,CoHC4O3,HF_COREMOF_GCMC,/home/rakeyma/Tüm_çalışmalar/MOF Radyoaktif Gaz Adsorpsiyonu/data/processed/augmented_cif/finetune_000233_v00.cif,CoHC4O3,False,0.0,0,,,0.0,none,False,False,0.20272234461597277,0.24081560498963828,3.3889723538711354e+25,4.025789210541387e+25,3.325674945771934,1.8291212201745637,1.1879085428191327,54,4,8.444444444444445,0.688888888888889,0.5829397481729994,0.1111111111111111
finetune_000233_v01,finetune_000233,CoHC4O3,HF_COREMOF_GCMC,/home/rakeyma/Tüm_çalışmalar/MOF Radyoaktif Gaz Adsorpsiyonu/data/processed/augmented_cif/finetune_000233_v01.cif,Co3H3(C3O2)4,True,0.04395865430439051,2,,,0.09947297446027457,"defect,noise",False,False,0.22950013374351416,0.26330393289691645,3.836624965737575e+25,4.4017335678687805e+25,3.4774921530786758,1.9126206841932718,1.1472931566618645,52,4,8.461538461538462,0.6923076923076923,0.5829397481729994,0.11538461538461539
finetune_000233_v02,finetune_000233,CoHC4O3,HF_COREMOF_GCMC,/home/rakeyma/Tüm_çalışmalar/MOF Radyoaktif Gaz Adsorpsiyonu/data/processed/augmented_cif/finetune_000233_v02.cif,Co3H3C12O7,True,0.15457889913831185,8,,-CH3,0.047216624016166,"functional,defect,noise",False,True,0.25824342769068726,0.2857922608041946,4.31713553170745e+25,4.777677925196175e+25,3.6229531468834058,1.9926242307858733,1.1066777705045963,50,4,8.48,0.6960000000000001,0.5829397481729994,0.12
finetune_000233_v03,finetune_000233,CoHC4O3,HF_COREMOF_GCMC,/home/rakeyma/Tüm_çalışmalar/MOF Radyoaktif Gaz Adsorpsiyonu/data/processed/augmented_cif/finetune_000233_v03.cif,Ni3H3C12N2O9,True,0.0,0,Ni,-NH2,0.08439866257862698,"functional,noise,substitution",False,True,0.15903300810288704,0.19993565386784928,2.6586041555242704e+25,3.3423863797296594e+25,3.030278952222119,1.6666534237221655,1.2571959510348951,58,5,8.448275862068966,0.6862068965517241,0.5538736317970011,0.10344827586206896
finetune_000233_v04,finetune_000233,CoHC4O3,HF_COREMOF_GCMC,/home/rakeyma/Tüm_çalışmalar/MOF Radyoaktif Gaz Adsorpsiyonu/data/processed/augmented_cif/finetune_000233_v04.cif,Co3H3C12N2O9,True,0.0,0,,-NH2,0.09633765124852468,"functional,noise",False,True,0.15339122571188762,0.1931229509005108,2.56428872825416e+25,3.228496309766317e+25,2.9782039138781222,1.6380121526329674,1.2590221507405557,58,5,8.344827586206897,0.6862068965517241,0.5617259118110896,0.10344827586206896
finetune_000233_v05,finetune_000233,CoHC4O3,HF_COREMOF_GCMC,/home/rakeyma/Tüm_çalışmalar/MOF Radyoaktif Gaz Adsorpsiyonu/data/processed/augmented_cif/finetune_000233_v05.cif,Co3H3C11O7,True,0.14214119572516487,6,,,0.05273653314577858,"defect,noise",False,False,0.2947935947886907,0.3172533073672349,4.928156019158661e+25,5.303622005154272e+25,3.817161763027088,2.0994389696648987,1.0761879259779827,48,4,8.583333333333334,0.6958333333333333,0.5829397481729994,0.125
finetune_000233_v06,finetune_000233,CoHC4O3,HF_COREMOF_GCMC,/home/rakeyma/Tüm_çalışmalar/MOF Radyoaktif Gaz Adsorpsiyonu/data/processed/augmented_cif/finetune_000233_v06.cif,Zn6H6C21N3O16,True,0.09731151332231248,5,Zn,-NH2,0.049236395180292075,"substitution,defect,functional,noise",False,True,0.2262137740728188,0.2724091587185661,3.7816858711352425e+25,4.553948453917869e+25,3.5371081434901432,1.945409478919579,1.2042111928643076,52,5,8.865384615384615,0.6894230769230768,0.6263098274815748,0.11538461538461539
finetune_000234_v00,finetune_000234,Ho(CO2)4,HF_COREMOF_GCMC,/home/rakeyma/Tüm_çalışmalar/MOF Radyoaktif Gaz Adsorpsiyonu/data/processed/augmented_cif/finetune_000234_v00.cif,Ho(CO2)4,False,0.0,0,,,0.0,none,False,False,0.14997836171222506,0.25281674030478984,2.4414133620380375e+25,4.115461463109865e+25,4.837021143375599,2.6603616288565797,1.6856881047273249,52,3,11.923076923076923,0.7192307692307693,0.9079035680560402,0.07692307692307693
finetune_000234_v01,finetune_000234,Ho(CO2)4,HF_COREMOF_GCMC,/home/rakeyma/Tüm_çalışmalar/MOF Radyoaktif Gaz Adsorpsiyonu/data/processed/augmented_cif/finetune_000234_v01.cif,Ho4C17O27,True,0.13318613904616333,6,,-CH3,0.10836074533043788,"noise,functional,defect",False,True,0.18246323326669153,0.29224406080421905,2.9702163078212436e+25,4.757276628962664e+25,5.200533747673402,2.8602935612203715,1.6016599923836157,48,3,12.208333333333334,0.7312500000000001,0.9079035680560402,0.08333333333333333
finetune_000234_v02,finetune_000234,Ho(CO2)4,HF_COREMOF_GCMC,/home/rakeyma/Tüm_çalışmalar/MOF Radyoaktif Gaz Adsorpsiyonu/data/processed/augmented_cif/finetune_000234_v02.cif,Ho2(C2O5)3,True,0.14217763789015525,6,,,0.11366113635119529,"defect,noise",False,False,0.21174272087536639,0.335984914812517,3.446840611923234e+25,5.46930937971186e+25,5.576156593064393,3.0668861261854166,1.5867601654664703,46,3,12.608695652173912,0.7260869565217393,0.9079035680560402,0.08695652173913043
finetune_000234_v03,finetune_000234,Ho(CO2)4,HF_COREMOF_GCMC,/home/rakeyma/Tüm_çalışmalar/MOF Radyoaktif Gaz Adsorpsiyonu/data/processed/augmented_cif/finetune_000234_v03.cif,Ho2C8NO16,True,0.0,0,,-NH2,0.1316828797914619,"functional,noise",False,True,0.13346213653976627,0.22959644159866344,2.172555025634546e+25,3.7374712858306406e+25,4.609540641960254,2.5352473530781396,1.7203114497590337,54,4,11.74074074074074,0.7166666666666667,0.8327214420200791,0.07407407407407407
finetune_000234_v04,finetune_000234,Ho(CO2)4,HF_COREMOF_GCMC,/home/rakeyma/Tüm_çalışmalar/MOF Radyoaktif Gaz Adsorpsiyonu/data/processed/augmented_cif/finetune_000234_v04.cif,Ho2C8NO16,True,0.0,0,,-NH2,0.09465990483940871,"noise,functional",False,True,0.13346213653976627,0.22959644159866344,2.172555025634546e+25,3.7374712858306406e+25,4.609540641960254,2.5352473530781396,1.7203114497590337,54,4,11.74074074074074,0.7166666666666667,0.8327214420200791,0.07407407407407407
finetune_000234_v05,finetune_000234,Ho(CO2)4,HF_COREMOF_GCMC,/home/rakeyma/Tüm_çalışmalar/MOF Radyoaktif Gaz Adsorpsiyonu/data/processed/augmented_cif/finetune_000234_v05.cif,Ho(CO2)4,True,0.0,0,,,0.05762652870293969,"substitution,noise",False,False,0.14997836171222506,0.25281674030478984,2.4414133620380375e+25,4.115461463109865e+25,4.837021143375599,2.6603616288565797,1.6856881047273249,52,3,11.923076923076923,0.7192307692307693,0.9079035680560402,0.07692307692307693
finetune_000234_v06,finetune_000234,Ho(CO2)4,HF_COREMOF_GCMC,/home/rakeyma/Tüm_çalışmalar/MOF Radyoaktif Gaz Adsorpsiyonu/data/processed/augmented_cif/finetune_000234_v06.cif,Ho4C15O26,True,0.15556580100430384,7,,,0.08896790121347897,"noise,defect",False,False,0.21506829238356062,0.3338281480580826,3.500975719306905e+25,5.43420058726366e+25,5.558230443688569,3.057026744028713,1.5521960227531881,45,3,12.577777777777778,0.7355555555555557,0.9079035680560402,0.08888888888888889
finetune_000235_v00,finetune_000235,SmH9(C2O)6,HF_COREMOF_GCMC,/home/rakeyma/Tüm_çalışmalar/MOF Radyoaktif Gaz Adsorpsiyonu/data/processed/augmented_cif/finetune_000235_v00.cif,SmH9(C2O)6,False,0.0,0,,,0.0,none,False,False,0.033113620854002664,0.05,8.2408418593811e+24,1.244328111340469e+25,1.8852289118300725,1.2,1.5099526632997664,56,4,6.821428571428571,0.5750000000000001,0.8128037893612454,0.03571428571428571
finetune_000235_v01,finetune_000235,SmH9(C2O)6,HF_COREMOF_GCMC,/home/rakeyma/Tüm_çalışmalar/MOF Radyoaktif Gaz Adsorpsiyonu/data/processed/augmented_cif/finetune_000235_v01.cif,Sm2H15C23O12,True,0.08874765344359077,4,,,0.07703846521857563,"defect,noise",False,False,0.03374856711572907,0.05,8.398858155912444e+24,1.2443281113404692e+25,1.8852289118300725,1.2,1.4815443816782576,52,4,7.173076923076923,0.5913461538461539,0.8128037893612454,0.038461538461538464
finetune_000235_v02,finetune_000235,SmH9(C2O)6,HF_COREMOF_GCMC,/home/rakeyma/Tüm_çalışmalar/MOF Radyoaktif Gaz Adsorpsiyonu/data/processed/augmented_cif/finetune_000235_v02.cif,SmH9(C2O)6,True,0.0,0,,,0.08747260311119504,noise,False,False,0.033113620854002664,0.05,8.2408418593811e+24,1.244328111340469e+25,1.8852289118300725,1.2,1.5099526632997664,56,4,6.821428571428571,0.5750000000000001,0.8128037893612454,0.03571428571428571
finetune_000235_v03,finetune_000235,SmH9(C2O)6,HF_COREMOF_GCMC,/home/rakeyma/Tüm_çalışmalar/MOF Radyoaktif Gaz Adsorpsiyonu/data/processed/augmented_cif/finetune_000235_v03.cif,SmH9(C7O3)2,True,0.0,0,,-CH3,0.099469436265328,"functional,noise",False,True,0.031235723110334266,0.05,7.773497668847214e+24,1.244328111340469e+25,1.8852289118300725,1.2,1.6007313108579075,60,4,6.766666666666667,0.5833333333333336,0.8128037893612454,0.03333333333333333
finetune_000235_v04,finetune_000235,SmH9(C2O)6,HF_COREMOF_GCMC,/home/rakeyma/Tüm_çalışmalar/MOF Radyoaktif Gaz Adsorpsiyonu/data/processed/augmented_cif/finetune_000235_v04.cif,SmH9C12(NO3)2,True,0.0,0,,-NH2,0.10437463867347026,"functional,substitution,noise",False,True,0.030944091083271227,0.05,7.700920482958867e+24,1.244328111340469e+25,1.8852289118300725,1.2,1.6158173741619655,60,5,6.833333333333333,0.58,0.7790507043832257,0.03333333333333333
finetune_000235_v05,finetune_000235,SmH9(C2O)6,HF_COREMOF_GCMC,/home/rakeyma/Tüm_çalışmalar/MOF Radyoaktif Gaz Adsorpsiyonu/data/processed/augmented_cif/finetune_000235_v05.cif,SmH9(C7O3)2,True,0.0,0,,-CH3,0.07591112132437604,"substitution,defect,functional,noise",False,True,0.031235723110334266,0.05,7.773497668847214e+24,1.244328111340469e+25,1.8852289118300725,1.2,1.6007313108579075,60,4,6.766666666666667,0.5833333333333336,0.8128037893612454,0.03333333333333333
finetune_000235_v06,finetune_000235,SmH9(C2O)6,HF_COREMOF_GCMC,/home/rakeyma/Tüm_çalışmalar/MOF Radyoaktif Gaz Adsorpsiyonu/data/processed/augmented_cif/finetune_000235_v06.cif,SmH9(C2O)6,True,0.0,0,,,0.13156846022729113,"noise,substitution,defect",False,False,0.033113620854002664,0.05,8.2408418593811e+24,1.244328111340469e+25,1.8852289118300725,1.2,1.5099526632997664,56,4,6.821428571428571,0.5750000000000001,0.8128037893612454,0.03571428571428571
finetune_000236_v00,finetune_000236,CoPC3NO3,HF_COREMOF_GCMC,/home/rakeyma/Tüm_çalışmalar/MOF Radyoaktif Gaz Adsorpsiyonu/data/processed/augmented_cif/finetune_000236_v00.cif,CoPC3NO3,False,0.0,0,,,0.0,none,False,False,0.18989651439432215,0.24830970135903974,2.900170840812462e+25,3.7922789560895155e+25,3.13185845514548,1.722522150330014,1.3076053668021625,54,5,10.11111111111111,0.7666666666666667,0.5632406235349152,0.1111111111111111
finetune_000236_v01,finetune_000236,CoPC3NO3,HF_COREMOF_GCMC,/home/rakeyma/Tüm_çalışmalar/MOF Radyoaktif Gaz Adsorpsiyonu/data/processed/augmented_cif/finetune_000236_v01.cif,Mn6P4C21(N2O9)2,True,0.07737485806571318,4,Mn,-CH3,0.034838129738696946,"substitution,defect,functional,noise",False,True,0.20562696790397544,0.25030460059175785,3.140412230850406e+25,3.8227458059079084e+25,3.144413831942316,1.729427607568274,1.2172751616346655,53,5,9.584905660377359,0.7641509433962266,0.6575287065976663,0.11320754716981132
finetune_000236_v02,finetune_000236,CoPC3NO3,HF_COREMOF_GCMC,/home/rakeyma/Tüm_çalışmalar/MOF Radyoaktif Gaz Adsorpsiyonu/data/processed/augmented_cif/finetune_000236_v02.cif,Mn6P6C17(N3O8)2,True,0.06370160736164954,3,Mn,,0.06424462003506871,"defect,noise,substitution",False,False,0.2217077507401516,0.2724294546676861,3.3860039818504974e+25,4.160644881374858e+25,3.2804416143951665,1.8042428879173418,1.2287773149932946,51,5,10.03921568627451,0.7803921568627452,0.6575287065976663,0.11764705882352941
finetune_000236_v03,finetune_000236,CoPC3NO3,HF_COREMOF_GCMC,/home/rakeyma/Tüm_çalışmalar/MOF Radyoaktif Gaz Adsorpsiyonu/data/processed/augmented_cif/finetune_000236_v03.cif,Co2P2C6(NO2)3,True,0.0,0,,-NH2,0.0378227027910346,"functional,noise",False,True,0.1589818054779139,0.21563189176854858,2.4280298031660483e+25,3.2932111832120677e+25,2.9185139838495004,1.6051826911172253,1.35633062613888,57,5,9.947368421052632,0.7605263157894736,0.5632406235349152,0.10526315789473684
finetune_000236_v04,finetune_000236,CoPC3NO3,HF_COREMOF_GCMC,/home/rakeyma/Tüm_çalışmalar/MOF Radyoaktif Gaz Adsorpsiyonu/data/processed/augmented_cif/finetune_000236_v04.cif,MnPC3NO3,True,0.0,0,Mn,,0.08267971717677845,"substitution,noise",False,False,0.18558543703892277,0.2375139911784614,2.834330449384034e+25,3.6274028183076425e+25,3.0630203404790537,1.6846611872634796,1.2798094234551802,54,5,9.88888888888889,0.7722222222222223,0.6575287065976663,0.1111111111111111
finetune_000236_v05,finetune_000236,CoPC3NO3,HF_COREMOF_GCMC,/home/rakeyma/Tüm_çalışmalar/MOF Radyoaktif Gaz Adsorpsiyonu/data/processed/augmented_cif/finetune_000236_v05.cif,Ni2P2C7(NO3)2,True,0.0,0,Ni,-CH3,0.0393349224743131,"noise,functional,substitution",False,True,0.15687317370282025,0.21142091981970534,2.3958259872737853e+25,3.2288996391246666e+25,2.889876350902429,1.589431992996336,1.3477187643326456,57,5,10.0,0.7631578947368421,0.5554313638965664,0.10526315789473684
finetune_000236_v06,finetune_000236,CoPC3NO3,HF_COREMOF_GCMC,/home/rakeyma/Tüm_çalışmalar/MOF Radyoaktif Gaz Adsorpsiyonu/data/processed/augmented_cif/finetune_000236_v06.cif,Zn2P2C6(NO2)3,True,0.0,0,Zn,-NH2,0.043621673711958936,"functional,substitution,noise",False,True,0.1523601371927214,0.21351529198234598,2.3269011998343903e+25,3.2608856768635527e+25,2.9041548838750564,1.5972851861312811,1.4013855324392956,57,5,10.263157894736842,0.7605263157894736,0.6275221111642203,0.10526315789473684
finetune_000237_v00,finetune_000237,CuH8(C2N)4,HF_COREMOF_GCMC,/home/rakeyma/Tüm_çalışmalar/MOF Radyoaktif Gaz Adsorpsiyonu/data/processed/augmented_cif/finetune_000237_v00.cif,CuH8(C2N)4,False,0.0,0,,,0.0,none,False,False,0.05556521108350604,0.06374764214332951,3.752883638938055e+25,4.305526399621553e+25,1.7305181678393637,1.2,1.1472581656807983,21,4,5.380952380952381,0.55,0.4242861652234256,0.047619047619047616
finetune_000237_v01,finetune_000237,CuH8(C2N)4,HF_COREMOF_GCMC,/home/rakeyma/Tüm_çalışmalar/MOF Radyoaktif Gaz Adsorpsiyonu/data/processed/augmented_cif/finetune_000237_v01.cif,CuH8C8N5,True,0.0,0,,-NH2,0.03725117499454598,"noise,functional",False,True,0.04101435775843585,0.05,2.770116574593129e+25,3.3770083526705606e+25,1.5326009917783558,1.2,1.2190852845846645,22,4,5.454545454545454,0.5545454545454546,0.4242861652234256,0.045454545454545456
finetune_000237_v02,finetune_000237,CuH8(C2N)4,HF_COREMOF_GCMC,/home/rakeyma/Tüm_çalışmalar/MOF Radyoaktif Gaz Adsorpsiyonu/data/processed/augmented_cif/finetune_000237_v02.cif,CuH8(C2N)4,True,0.0,0,,,0.09443453227556083,noise,False,False,0.05556521108350604,0.06374764214332951,3.752883638938055e+25,4.305526399621553e+25,1.7305181678393637,1.2,1.1472581656807983,21,4,5.380952380952381,0.55,0.4242861652234256,0.047619047619047616
finetune_000237_v03,finetune_000237,CuH8(C2N)4,HF_COREMOF_GCMC,/home/rakeyma/Tüm_çalışmalar/MOF Radyoaktif Gaz Adsorpsiyonu/data/processed/augmented_cif/finetune_000237_v03.cif,CuH8(C2N)4,True,0.0,0,,,0.08539134766992301,noise,False,False,0.05556521108350604,0.06374764214332951,3.752883638938055e+25,4.305526399621553e+25,1.7305181678393637,1.2,1.1472581656807983,21,4,5.380952380952381,0.55,0.4242861652234256,0.047619047619047616
finetune_000237_v04,finetune_000237,CuH8(C2N)4,HF_COREMOF_GCMC,/home/rakeyma/Tüm_çalışmalar/MOF Radyoaktif Gaz Adsorpsiyonu/data/processed/augmented_cif/finetune_000237_v04.cif,CuH8C7N5,True,0.05476700530980068,1,,-NH2,0.13430559511999335,"defect,functional,noise",False,True,0.06836311931673292,0.07912988417153743,4.617256498944425e+25,5.344445595862718e+25,1.9280325655366177,1.2,1.1574937621690586,21,4,5.428571428571429,0.5476190476190477,0.4242861652234256,0.047619047619047616
finetune_000237_v05,finetune_000237,CuH8(C2N)4,HF_COREMOF_GCMC,/home/rakeyma/Tüm_çalışmalar/MOF Radyoaktif Gaz Adsorpsiyonu/data/processed/augmented_cif/finetune_000237_v05.cif,CuH8C7N5,True,0.06577113086101066,1,,-NH2,0.10353052921519616,"functional,defect,noise",False,True,0.06836311931673292,0.07912988417153743,4.617256498944425e+25,5.344445595862718e+25,1.9280325655366177,1.2,1.1574937621690586,21,4,5.428571428571429,0.5476190476190477,0.4242861652234256,0.047619047619047616
finetune_000237_v06,finetune_000237,CuH8(C2N)4,HF_COREMOF_GCMC,/home/rakeyma/Tüm_çalışmalar/MOF Radyoaktif Gaz Adsorpsiyonu/data/processed/augmented_cif/finetune_000237_v06.cif,CuH8(C2N)4,True,0.0,0,,,0.07603443935391804,noise,False,False,0.05556521108350604,0.06374764214332951,3.752883638938055e+25,4.305526399621553e+25,1.7305181678393637,1.2,1.1472581656807983,21,4,5.380952380952381,0.55,0.4242861652234256,0.047619047619047616
finetune_000238_v00,finetune_000238,Ho(CO2)4,HF_COREMOF_GCMC,/home/rakeyma/Tüm_çalışmalar/MOF Radyoaktif Gaz Adsorpsiyonu/data/processed/augmented_cif/finetune_000238_v00.cif,Ho(CO2)4,False,0.0,0,,,0.0,none,False,False,0.14997836171222506,0.25281674030478984,2.4414133620380375e+25,4.115461463109865e+25,4.837021143375599,2.6603616288565797,1.6856881047273249,52,3,11.923076923076923,0.7192307692307693,0.9079035680560402,0.07692307692307693
finetune_000238_v01,finetune_000238,Ho(CO2)4,HF_COREMOF_GCMC,/home/rakeyma/Tüm_çalışmalar/MOF Radyoaktif Gaz Adsorpsiyonu/data/processed/augmented_cif/finetune_000238_v01.cif,Ho2C8O15,True,0.08014827424052787,4,,-CH3,0.04676941202033918,"functional,defect,substitution,noise",False,True,0.16688426341047474,0.27471469089619394,2.716615023345717e+25,4.471925879474703e+25,5.042152937007536,2.773184115354145,1.6461389784877165,50,3,12.08,0.7240000000000002,0.9079035680560402,0.08
finetune_000238_v02,finetune_000238,Ho(CO2)4,HF_COREMOF_GCMC,/home/rakeyma/Tüm_çalışmalar/MOF Radyoaktif Gaz Adsorpsiyonu/data/processed/augmented_cif/finetune_000238_v02.cif,Ho(CO2)4,True,0.0,0,,,0.0508323754321013,"substitution,noise",False,False,0.14997836171222506,0.25281674030478984,2.4414133620380375e+25,4.115461463109865e+25,4.837021143375599,2.6603616288565797,1.6856881047273249,52,3,11.923076923076923,0.7192307692307693,0.9079035680560402,0.07692307692307693
finetune_000238_v03,finetune_000238,Ho(CO2)4,HF_COREMOF_GCMC,/home/rakeyma/Tüm_çalışmalar/MOF Radyoaktif Gaz Adsorpsiyonu/data/processed/augmented_cif/finetune_000238_v03.cif,Ho(CO2)4,True,0.0,0,,,0.12299927172098138,"substitution,noise,defect",False,False,0.14997836171222506,0.25281674030478984,2.4414133620380375e+25,4.115461463109865e+25,4.837021143375599,2.6603616288565797,1.6856881047273249,52,3,11.923076923076923,0.7192307692307693,0.9079035680560402,0.07692307692307693
finetune_000238_v04,finetune_000238,Ho(CO2)4,HF_COREMOF_GCMC,/home/rakeyma/Tüm_çalışmalar/MOF Radyoaktif Gaz Adsorpsiyonu/data/processed/augmented_cif/finetune_000238_v04.cif,Ho4(CO2)15,True,0.0831230306262219,3,,,0.12741075914054137,"defect,noise",False,False,0.17779272034406834,0.2900322468752746,2.8941876559098254e+25,4.7212717545339914e+25,5.180816563798043,2.849449110088924,1.6312942752324049,49,3,12.204081632653061,0.7244897959183675,0.9079035680560402,0.08163265306122448
finetune_000238_v05,finetune_000238,Ho(CO2)4,HF_COREMOF_GCMC,/home/rakeyma/Tüm_çalışmalar/MOF Radyoaktif Gaz Adsorpsiyonu/data/processed/augmented_cif/finetune_000238_v05.cif,Ho(CO2)4,True,0.0,0,,,0.11599981683954835,"noise,substitution,defect",False,False,0.14997836171222506,0.25281674030478984,2.4414133620380375e+25,4.115461463109865e+25,4.837021143375599,2.6603616288565797,1.6856881047273249,52,3,11.923076923076923,0.7192307692307693,0.9079035680560402,0.07692307692307693
finetune_000238_v06,finetune_000238,Ho(CO2)4,HF_COREMOF_GCMC,/home/rakeyma/Tüm_çalışmalar/MOF Radyoaktif Gaz Adsorpsiyonu/data/processed/augmented_cif/finetune_000238_v06.cif,Ho4C16O29,True,0.06614142746458009,3,,,0.1487578683219262,"defect,substitution,noise",False,False,0.1756455462826107,0.28566366619189576,2.859235017513076e+25,4.650158087657117e+25,5.141650765029581,2.82790792076627,1.6263644153679124,49,3,12.16326530612245,0.726530612244898,0.9079035680560402,0.08163265306122448
finetune_000239_v00,finetune_000239,ZnHC4O3,HF_COREMOF_GCMC,/home/rakeyma/Tüm_çalışmalar/MOF Radyoaktif Gaz Adsorpsiyonu/data/processed/augmented_cif/finetune_000239_v00.cif,ZnHC4O3,False,0.0,0,,,0.0,none,False,False,0.20687860416176837,0.2515640963015523,3.3991159257691533e+25,4.133320260715269e+25,3.442719217267522,1.8934955694971374,1.2159986158106626,54,4,8.777777777777779,0.688888888888889,0.6504229393248673,0.1111111111111111
finetune_000239_v01,finetune_000239,ZnHC4O3,HF_COREMOF_GCMC,/home/rakeyma/Tüm_çalışmalar/MOF Radyoaktif Gaz Adsorpsiyonu/data/processed/augmented_cif/finetune_000239_v01.cif,Co3H3C12N2O9,True,0.0,0,Co,-NH2,0.03169451283708015,"substitution,functional,noise",False,True,0.16725664126871945,0.206966824240292,2.748107835175674e+25,3.4005654244986002e+25,3.12268115772359,1.7174746367479745,1.2374206648558308,58,5,8.344827586206897,0.6862068965517241,0.5617259118110896,0.10344827586206896
finetune_000239_v02,finetune_000239,ZnHC4O3,HF_COREMOF_GCMC,/home/rakeyma/Tüm_çalışmalar/MOF Radyoaktif Gaz Adsorpsiyonu/data/processed/augmented_cif/finetune_000239_v02.cif,Zn6H6C25O18,True,0.052139915509153686,2,,-CH3,0.04360622419576817,"defect,functional,noise",False,True,0.19180091327465437,0.23610346714097763,3.1513821428297723e+25,3.879294615989693e+25,3.3352504940708307,1.834387771738957,1.230981975580497,55,4,8.727272727272727,0.6890909090909093,0.6504229393248673,0.10909090909090909
finetune_000239_v03,finetune_000239,ZnHC4O3,HF_COREMOF_GCMC,/home/rakeyma/Tüm_çalışmalar/MOF Radyoaktif Gaz Adsorpsiyonu/data/processed/augmented_cif/finetune_000239_v03.cif,Co6H5C23O17,True,0.061659063619872355,3,Co,,0.12177172909708886,"substitution,defect,noise",False,False,0.25151130887129686,0.2845415710978343,4.132452937602814e+25,4.675156185343032e+25,3.6614249566695523,2.013783726168254,1.1313271453866898,51,4,8.647058823529411,0.6990196078431372,0.5829397481729994,0.11764705882352941
finetune_000239_v04,finetune_000239,ZnHC4O3,HF_COREMOF_GCMC,/home/rakeyma/Tüm_çalışmalar/MOF Radyoaktif Gaz Adsorpsiyonu/data/processed/augmented_cif/finetune_000239_v04.cif,Co3H3C12N2O9,True,0.0,0,Co,-NH2,0.11882251522589811,"functional,substitution,noise",False,True,0.16725664126871945,0.206966824240292,2.748107835175674e+25,3.4005654244986002e+25,3.12268115772359,1.7174746367479745,1.2374206648558308,58,5,8.344827586206897,0.6862068965517241,0.5617259118110896,0.10344827586206896
finetune_000239_v05,finetune_000239,ZnHC4O3,HF_COREMOF_GCMC,/home/rakeyma/Tüm_çalışmalar/MOF Radyoaktif Gaz Adsorpsiyonu/data/processed/augmented_cif/finetune_000239_v05.cif,Zn6H5C23O18,True,0.05659514471395978,2,,,0.14012573236843875,"defect,noise",False,False,0.22605663705463547,0.2712132248337379,3.7142203189721124e+25,4.456164984034318e+25,3.5746432544487914,1.9660537899468353,1.1997578499240815,52,4,8.98076923076923,0.6971153846153846,0.6504229393248673,0.11538461538461539
finetune_000239_v06,finetune_000239,ZnHC4O3,HF_COREMOF_GCMC,/home/rakeyma/Tüm_çalışmalar/MOF Radyoaktif Gaz Adsorpsiyonu/data/processed/augmented_cif/finetune_000239_v06.cif,Co6H4C27O17,True,0.07881121598012059,4,Co,-CH3,0.05570596484558704,"functional,defect,substitution,noise",False,True,0.19066130070499065,0.22688755382714698,3.1326577549190642e+25,3.7278726850342108e+25,3.269509557600176,1.798230256680097,1.1900031783492815,54,4,8.592592592592593,0.7074074074074076,0.5829397481729994,0.1111111111111111
finetune_000240_v00,finetune_000240,Ho(CO2)4,HF_COREMOF_GCMC,/home/rakeyma/Tüm_çalışmalar/MOF Radyoaktif Gaz Adsorpsiyonu/data/processed/augmented_cif/finetune_000240_v00.cif,Ho(CO2)4,False,0.0,0,,,0.0,none,False,False,0.14997836171222506,0.25281674030478984,2.4414133620380375e+25,4.115461463109865e+25,4.837021143375599,2.6603616288565797,1.6856881047273249,52,3,11.923076923076923,0.7192307692307693,0.9079035680560402,0.07692307692307693
finetune_000240_v01,finetune_000240,Ho(CO2)4,HF_COREMOF_GCMC,/home/rakeyma/Tüm_çalışmalar/MOF Radyoaktif Gaz Adsorpsiyonu/data/processed/augmented_cif/finetune_000240_v01.cif,Ho(CO2)4,True,0.0,0,,,0.12373438670847631,"noise,substitution,defect",False,False,0.14997836171222506,0.25281674030478984,2.4414133620380375e+25,4.115461463109865e+25,4.837021143375599,2.6603616288565797,1.6856881047273249,52,3,11.923076923076923,0.7192307692307693,0.9079035680560402,0.07692307692307693
finetune_000240_v02,finetune_000240,Ho(CO2)4,HF_COREMOF_GCMC,/home/rakeyma/Tüm_çalışmalar/MOF Radyoaktif Gaz Adsorpsiyonu/data/processed/augmented_cif/finetune_000240_v02.cif,Ho2C8NO14,True,0.09737360473724774,4,,-NH2,0.14462660895067642,"defect,functional,noise",False,True,0.16657942017197883,0.2733923427814714,2.711652651792285e+25,4.4504001185603105e+25,5.0300030146418,2.7665016580529906,1.6412131972798172,50,4,12.04,0.726,0.8327214420200791,0.08
finetune_000240_v03,finetune_000240,Ho(CO2)4,HF_COREMOF_GCMC,/home/rakeyma/Tüm_çalışmalar/MOF Radyoaktif Gaz Adsorpsiyonu/data/processed/augmented_cif/finetune_000240_v03.cif,Ho4C17O27,True,0.14375224938429232,6,,-CH3,0.08875935487770575,"defect,functional,noise",False,True,0.18246323326669153,0.29224406080421905,2.9702163078212436e+25,4.757276628962664e+25,5.200533747673402,2.8602935612203715,1.6016599923836157,48,3,12.208333333333334,0.7312500000000002,0.9079035680560402,0.08333333333333333
finetune_000240_v04,finetune_000240,Ho(CO2)4,HF_COREMOF_GCMC,/home/rakeyma/Tüm_çalışmalar/MOF Radyoaktif Gaz Adsorpsiyonu/data/processed/augmented_cif/finetune_000240_v04.cif,Ho(CO2)4,True,0.0,0,,,0.05571438067317115,noise,False,False,0.14997836171222506,0.25281674030478984,2.4414133620380375e+25,4.115461463109865e+25,4.837021143375599,2.6603616288565797,1.6856881047273249,52,3,11.923076923076923,0.7192307692307693,0.9079035680560402,0.07692307692307693
finetune_000240_v05,finetune_000240,Ho(CO2)4,HF_COREMOF_GCMC,/home/rakeyma/Tüm_çalışmalar/MOF Radyoaktif Gaz Adsorpsiyonu/data/processed/augmented_cif/finetune_000240_v05.cif,Ho4C13N2O31,True,0.08720574565387251,4,,-NH2,0.06027555624497348,"functional,defect,noise",False,True,0.17300579976837108,0.28649808483160777,2.816264069313069e+25,4.6637411191909285e+25,5.149154625944946,2.8320350442697206,1.656002776873295,50,4,12.16,0.72,0.8327214420200791,0.08
finetune_000240_v06,finetune_000240,Ho(CO2)4,HF_COREMOF_GCMC,/home/rakeyma/Tüm_çalışmalar/MOF Radyoaktif Gaz Adsorpsiyonu/data/processed/augmented_cif/finetune_000240_v06.cif,Ho2(CO2)7,True,0.1416688692863462,6,,,0.07165069552447777,"defect,noise,substitution",False,False,0.20752594390491919,0.3272477534457594,3.37819807227383e+25,5.327082045958115e+25,5.503176082407843,3.026746845324314,1.5769004457374851,46,3,12.521739130434783,0.7304347826086959,0.9079035680560402,0.08695652173913043
finetune_000241_v00,finetune_000241,YH4(CO2)4,HF_COREMOF_GCMC,/home/rakeyma/Tüm_çalışmalar/MOF Radyoaktif Gaz Adsorpsiyonu/data/processed/augmented_cif/finetune_000241_v00.cif,YH4(CO2)4,False,0.0,0,,,0.0,none,False,False,0.02906006822972668,0.05,1.224155585179548e+25,2.1062503630451072e+25,1.5,1.2,1.7205740745251605,34,4,7.705882352941177,0.6117647058823531,0.7949017234853627,0.058823529411764705
finetune_000241_v01,finetune_000241,YH4(CO2)4,HF_COREMOF_GCMC,/home/rakeyma/Tüm_çalışmalar/MOF Radyoaktif Gaz Adsorpsiyonu/data/processed/augmented_cif/finetune_000241_v01.cif,Y2H7C7O15,True,0.09971896092712275,3,,,0.14077959685547364,"defect,noise",False,False,0.03071699738159086,0.05,1.2939537377326268e+25,2.106250363045107e+25,1.5,1.2,1.6277632666650461,31,4,7.967741935483871,0.6209677419354841,0.7949017234853627,0.06451612903225806
finetune_000241_v02,finetune_000241,YH4(CO2)4,HF_COREMOF_GCMC,/home/rakeyma/Tüm_çalışmalar/MOF Radyoaktif Gaz Adsorpsiyonu/data/processed/augmented_cif/finetune_000241_v02.cif,Y2H8C9O16,True,0.0,0,,-CH3,0.04293402488141995,"functional,noise,substitution",False,True,0.02842542108636305,0.05,1.1974210696572443e+25,2.1062503630451072e+25,1.5,1.2,1.7589888940638154,35,4,7.6571428571428575,0.6142857142857144,0.7949017234853627,0.05714285714285714
finetune_000241_v03,finetune_000241,YH4(CO2)4,HF_COREMOF_GCMC,/home/rakeyma/Tüm_çalışmalar/MOF Radyoaktif Gaz Adsorpsiyonu/data/processed/augmented_cif/finetune_000241_v03.cif,Y2H8C8NO16,True,0.0,0,,-NH2,0.14107791063056285,"functional,noise",False,True,0.028322628575498485,0.05,1.193090934390708e+25,2.106250363045107e+25,1.5,1.2,1.7653728666715034,35,5,7.685714285714286,0.612857142857143,0.7623122719725821,0.05714285714285714
finetune_000241_v04,finetune_000241,YH4(CO2)4,HF_COREMOF_GCMC,/home/rakeyma/Tüm_çalışmalar/MOF Radyoaktif Gaz Adsorpsiyonu/data/processed/augmented_cif/finetune_000241_v04.cif,Y2H5C8O15,True,0.15200825284888483,4,,,0.14482305890979574,"defect,noise,substitution",False,False,0.030125372224017028,0.05,1.2690315236740968e+25,2.106250363045107e+25,1.5,1.2,1.6597305297405822,30,4,8.366666666666667,0.6483333333333335,0.7949017234853627,0.06666666666666667
finetune_000241_v05,finetune_000241,YH4(CO2)4,HF_COREMOF_GCMC,/home/rakeyma/Tüm_çalışmalar/MOF Radyoaktif Gaz Adsorpsiyonu/data/processed/augmented_cif/finetune_000241_v05.cif,Y2H7(CO2)8,True,0.04252732848036746,1,,,0.07222755488086874,"noise,defect,substitution",False,False,0.029114619252641933,0.05,1.2264535474159425e+25,2.106250363045107e+25,1.5,1.2,1.717350296293601,33,4,7.909090909090909,0.6227272727272729,0.7949017234853627,0.06060606060606061
finetune_000241_v06,finetune_000241,YH4(CO2)4,HF_COREMOF_GCMC,/home/rakeyma/Tüm_çalışmalar/MOF Radyoaktif Gaz Adsorpsiyonu/data/processed/augmented_cif/finetune_000241_v06.cif,Y2H8C8NO16,True,0.0,0,,-NH2,0.05890423897263761,"functional,substitution,noise",False,True,0.028322628575498485,0.05,1.193090934390708e+25,2.106250363045107e+25,1.5,1.2,1.7653728666715034,35,5,7.685714285714286,0.612857142857143,0.7623122719725821,0.05714285714285714
finetune_000242_v00,finetune_000242,YH4(CO2)4,HF_COREMOF_GCMC,/home/rakeyma/Tüm_çalışmalar/MOF Radyoaktif Gaz Adsorpsiyonu/data/processed/augmented_cif/finetune_000242_v00.cif,YH4(CO2)4,False,0.0,0,,,0.0,none,False,False,0.02906006822972668,0.05,1.224155585179548e+25,2.1062503630451072e+25,1.5,1.2,1.7205740745251605,34,4,7.705882352941177,0.6117647058823531,0.7949017234853627,0.058823529411764705
finetune_000242_v01,finetune_000242,YH4(CO2)4,HF_COREMOF_GCMC,/home/rakeyma/Tüm_çalışmalar/MOF Radyoaktif Gaz Adsorpsiyonu/data/processed/augmented_cif/finetune_000242_v01.cif,YH4(CO2)4,True,0.0,0,,,0.107832107425323,"substitution,noise",False,False,0.02906006822972668,0.05,1.224155585179548e+25,2.1062503630451072e+25,1.5,1.2,1.7205740745251605,34,4,7.705882352941177,0.6117647058823531,0.7949017234853627,0.058823529411764705
finetune_000242_v02,finetune_000242,YH4(CO2)4,HF_COREMOF_GCMC,/home/rakeyma/Tüm_çalışmalar/MOF Radyoaktif Gaz Adsorpsiyonu/data/processed/augmented_cif/finetune_000242_v02.cif,Y2H8(C3O5)3,True,0.03988729629045456,1,,-CH3,0.035828361096971816,"noise,defect,functional",False,True,0.029277146938074806,0.05,1.2333000273449e+25,2.1062503630451072e+25,1.5,1.2,1.707816683973916,34,4,7.647058823529412,0.6147058823529412,0.7949017234853627,0.058823529411764705
finetune_000242_v03,finetune_000242,YH4(CO2)4,HF_COREMOF_GCMC,/home/rakeyma/Tüm_çalışmalar/MOF Radyoaktif Gaz Adsorpsiyonu/data/processed/augmented_cif/finetune_000242_v03.cif,YH4(CO2)4,True,0.0,0,,,0.06076576304134748,"substitution,noise",False,False,0.02906006822972668,0.05,1.224155585179548e+25,2.1062503630451072e+25,1.5,1.2,1.7205740745251605,34,4,7.705882352941177,0.6117647058823531,0.7949017234853627,0.058823529411764705
finetune_000242_v04,finetune_000242,YH4(CO2)4,HF_COREMOF_GCMC,/home/rakeyma/Tüm_çalışmalar/MOF Radyoaktif Gaz Adsorpsiyonu/data/processed/augmented_cif/finetune_000242_v04.cif,Y2H7(CO2)7,True,0.14053140323669133,4,,,0.13274453778584577,"defect,noise",False,False,0.03171399443849173,0.05,1.3359522459936743e+25,2.106250363045107e+25,1.5,1.2,1.5765910565751464,30,4,7.966666666666667,0.6216666666666668,0.7949017234853627,0.06666666666666667
finetune_000242_v05,finetune_000242,YH4(CO2)4,HF_COREMOF_GCMC,/home/rakeyma/Tüm_çalışmalar/MOF Radyoaktif Gaz Adsorpsiyonu/data/processed/augmented_cif/finetune_000242_v05.cif,YH4(CO2)4,True,0.0,0,,,0.040234801229870776,"substitution,defect,noise",False,False,0.02906006822972668,0.05,1.224155585179548e+25,2.1062503630451072e+25,1.5,1.2,1.7205740745251605,34,4,7.705882352941177,0.6117647058823531,0.7949017234853627,0.058823529411764705
finetune_000242_v06,finetune_000242,YH4(CO2)4,HF_COREMOF_GCMC,/home/rakeyma/Tüm_çalışmalar/MOF Radyoaktif Gaz Adsorpsiyonu/data/processed/augmented_cif/finetune_000242_v06.cif,Y2H6C9O13,True,0.17857053597347078,5,,-CH3,0.10858721277789364,"defect,functional,noise",False,True,0.031269060303300254,0.05,1.3172093923181099e+25,2.106250363045107e+25,1.5,1.2,1.5990247073309976,30,4,8.066666666666666,0.6400000000000002,0.7949017234853627,0.06666666666666667
finetune_000243_v00,finetune_000243,CoHC4O3,HF_COREMOF_GCMC,/home/rakeyma/Tüm_çalışmalar/MOF Radyoaktif Gaz Adsorpsiyonu/data/processed/augmented_cif/finetune_000243_v00.cif,CoHC4O3,False,0.0,0,,,0.0,none,False,False,0.20272234461597277,0.24081560498963828,3.3889723538711354e+25,4.025789210541387e+25,3.325674945771934,1.8291212201745637,1.1879085428191327,54,4,8.444444444444445,0.688888888888889,0.5829397481729994,0.1111111111111111
finetune_000243_v01,finetune_000243,CoHC4O3,HF_COREMOF_GCMC,/home/rakeyma/Tüm_çalışmalar/MOF Radyoaktif Gaz Adsorpsiyonu/data/processed/augmented_cif/finetune_000243_v01.cif,Zn6H5(C10O9)2,True,0.0973376860910902,5,Zn,,0.037670009142353134,"substitution,defect,noise",False,False,0.26016257270137205,0.3056824621006681,4.349218474496027e+25,5.110188593590295e+25,3.746905560514203,2.0607980582828116,1.1749670943312285,49,4,9.16326530612245,0.696938775510204,0.6504229393248673,0.12244897959183673
finetune_000243_v02,finetune_000243,CoHC4O3,HF_COREMOF_GCMC,/home/rakeyma/Tüm_çalışmalar/MOF Radyoaktif Gaz Adsorpsiyonu/data/processed/augmented_cif/finetune_000243_v02.cif,CoHC4O3,True,0.0,0,,,0.09487326134119065,noise,False,False,0.20272234461597277,0.24081560498963828,3.3889723538711354e+25,4.025789210541387e+25,3.325674945771934,1.8291212201745637,1.1879085428191327,54,4,8.444444444444445,0.688888888888889,0.5829397481729994,0.1111111111111111
finetune_000243_v03,finetune_000243,CoHC4O3,HF_COREMOF_GCMC,/home/rakeyma/Tüm_çalışmalar/MOF Radyoaktif Gaz Adsorpsiyonu/data/processed/augmented_cif/finetune_000243_v03.cif,Co3H3(C3O2)4,True,0.12626862806311162,6,,-CH3,0.08178387056627184,"noise,functional,defect",False,True,0.22950013374351416,0.26330393289691645,3.836624965737575e+25,4.4017335678687805e+25,3.4774921530786758,1.9126206841932718,1.1472931566618645,52,4,8.461538461538462,0.6923076923076924,0.5829397481729994,0.11538461538461539
finetune_000243_v04,finetune_000243,CoHC4O3,HF_COREMOF_GCMC,/home/rakeyma/Tüm_çalışmalar/MOF Radyoaktif Gaz Adsorpsiyonu/data/processed/augmented_cif/finetune_000243_v04.cif,Co3H3C10O7,True,0.1713293703536657,8,,,0.06773937168801238,"defect,noise",False,False,0.3334751780803496,0.34871435393027517,5.574808052646768e+25,5.829566085112368e+25,4.0019568145745605,2.2010762480160087,1.045698081451369,46,4,8.695652173913043,0.6956521739130437,0.5829397481729994,0.13043478260869565
finetune_000243_v05,finetune_000243,CoHC4O3,HF_COREMOF_GCMC,/home/rakeyma/Tüm_çalışmalar/MOF Radyoaktif Gaz Adsorpsiyonu/data/processed/augmented_cif/finetune_000243_v05.cif,Mn6H6C28O15,True,0.06986390634427789,3,Mn,-CH3,0.10736174892261684,"substitution,defect,functional,noise",False,True,0.1726152036072962,0.1998089003657797,2.8856619332769493e+25,3.3402674020950833e+25,3.029318244719021,1.6661250345954617,1.1575394066698192,55,4,8.072727272727272,0.7000000000000003,0.6822206387965699,0.10909090909090909
finetune_000243_v06,finetune_000243,CoHC4O3,HF_COREMOF_GCMC,/home/rakeyma/Tüm_çalışmalar/MOF Radyoaktif Gaz Adsorpsiyonu/data/processed/augmented_cif/finetune_000243_v06.cif,Co6H5C20(NO4)4,True,0.14045375521303655,7,,-NH2,0.1423669286557041,"functional,defect,noise",False,True,0.2446010874879388,0.2827949893748837,4.089072296365527e+25,4.727571608449372e+25,3.6039050534895525,1.9821477794192541,1.1561477190440872,51,5,8.686274509803921,0.6970588235294116,0.5617259118110896,0.11764705882352941
finetune_000244_v00,finetune_000244,DyH4(CO2)4,HF_COREMOF_GCMC,/home/rakeyma/Tüm_çalışmalar/MOF Radyoaktif Gaz Adsorpsiyonu/data/processed/augmented_cif/finetune_000244_v00.cif,DyH4(CO2)4,False,0.0,0,,,0.0,none,False,False,0.022990871482619267,0.05,9.611706394007919e+24,2.0903310257886954e+25,1.5,1.2,2.174776194882356,34,4,9.294117647058824,0.6088235294117648,0.7949017234853627,0.058823529411764705
finetune_000244_v01,finetune_000244,DyH4(CO2)4,HF_COREMOF_GCMC,/home/rakeyma/Tüm_çalışmalar/MOF Radyoaktif Gaz Adsorpsiyonu/data/processed/augmented_cif/finetune_000244_v01.cif,Dy2H8C9O16,True,0.0,0,,-CH3,0.07392103578347663,"substitution,noise,functional",False,True,0.02259477828463348,0.05,9.446113213837207e+24,2.0903310257886954e+25,1.5,1.2,2.2129006697978792,35,4,9.2,0.6114285714285715,0.7949017234853627,0.05714285714285714
finetune_000244_v02,finetune_000244,DyH4(CO2)4,HF_COREMOF_GCMC,/home/rakeyma/Tüm_çalışmalar/MOF Radyoaktif Gaz Adsorpsiyonu/data/processed/augmented_cif/finetune_000244_v02.cif,Dy2H7(C4O7)2,True,0.11812994174236403,3,,,0.03192818492709052,"noise,defect",False,False,0.024154520574756953,0.05,1.0098188754093172e+25,2.090331025788696e+25,1.5,1.2,2.070005895801271,31,4,9.64516129032258,0.6209677419354841,0.7949017234853627,0.06451612903225806
finetune_000244_v03,finetune_000244,DyH4(CO2)4,HF_COREMOF_GCMC,/home/rakeyma/Tüm_çalışmalar/MOF Radyoaktif Gaz Adsorpsiyonu/data/processed/augmented_cif/finetune_000244_v03.cif,Dy2H6C8NO15,True,0.09980852919663355,3,,-NH2,0.09589548291169595,"functional,defect,substitution,noise",False,True,0.02312617696089896,0.05,9.668273041849364e+24,2.090331025788696e+25,1.5,1.2,2.1620521232081935,32,5,9.78125,0.6328125,0.7623122719725821,0.0625
finetune_000244_v04,finetune_000244,DyH4(CO2)4,HF_COREMOF_GCMC,/home/rakeyma/Tüm_çalışmalar/MOF Radyoaktif Gaz Adsorpsiyonu/data/processed/augmented_cif/finetune_000244_v04.cif,DyH4(CO2)4,True,0.0,0,,,0.07471370883153644,"substitution,defect,noise",False,False,0.022990871482619267,0.05,9.611706394007919e+24,2.0903310257886954e+25,1.5,1.2,2.174776194882356,34,4,9.294117647058824,0.6088235294117648,0.7949017234853627,0.058823529411764705
finetune_000244_v05,finetune_000244,DyH4(CO2)4,HF_COREMOF_GCMC,/home/rakeyma/Tüm_çalışmalar/MOF Radyoaktif Gaz Adsorpsiyonu/data/processed/augmented_cif/finetune_000244_v05.cif,Dy2H8C8NO16,True,0.0,0,,-NH2,0.03636896230137546,"substitution,functional,noise",False,True,0.022530272211131245,0.05,9.419145404478503e+24,2.090331025788696e+25,1.5,1.2,2.2192363914403637,35,5,9.228571428571428,0.61,0.7623122719725821,0.05714285714285714
finetune_000244_v06,finetune_000244,DyH4(CO2)4,HF_COREMOF_GCMC,/home/rakeyma/Tüm_çalışmalar/MOF Radyoaktif Gaz Adsorpsiyonu/data/processed/augmented_cif/finetune_000244_v06.cif,Dy2H7C7O15,True,0.10648520981780471,3,,,0.03794084108448959,"defect,noise",False,False,0.02400768018139484,0.05,1.0036799748076403e+25,2.0903310257886962e+25,1.5,1.2,2.0826668641957484,31,4,9.709677419354838,0.6177419354838711,0.7949017234853627,0.06451612903225806
finetune_000245_v00,finetune_000245,YH4(CO2)4,HF_COREMOF_GCMC,/home/rakeyma/Tüm_çalışmalar/MOF Radyoaktif Gaz Adsorpsiyonu/data/processed/augmented_cif/finetune_000245_v00.cif,YH4(CO2)4,False,0.0,0,,,0.0,none,False,False,0.02906006822972668,0.05,1.224155585179548e+25,2.1062503630451072e+25,1.5,1.2,1.7205740745251605,34,4,7.705882352941177,0.6117647058823531,0.7949017234853627,0.058823529411764705
finetune_000245_v01,finetune_000245,YH4(CO2)4,HF_COREMOF_GCMC,/home/rakeyma/Tüm_çalışmalar/MOF Radyoaktif Gaz Adsorpsiyonu/data/processed/augmented_cif/finetune_000245_v01.cif,Y2H8C8NO16,True,0.0,0,,-NH2,0.03138895204704377,"noise,functional",False,True,0.028322628575498485,0.05,1.193090934390708e+25,2.106250363045107e+25,1.5,1.2,1.7653728666715034,35,5,7.685714285714286,0.612857142857143,0.7623122719725821,0.05714285714285714
finetune_000245_v02,finetune_000245,YH4(CO2)4,HF_COREMOF_GCMC,/home/rakeyma/Tüm_çalışmalar/MOF Radyoaktif Gaz Adsorpsiyonu/data/processed/augmented_cif/finetune_000245_v02.cif,YH4(CO2)4,True,0.0,0,,,0.03046711395497083,noise,False,False,0.02906006822972668,0.05,1.224155585179548e+25,2.1062503630451072e+25,1.5,1.2,1.7205740745251605,34,4,7.705882352941177,0.6117647058823531,0.7949017234853627,0.058823529411764705
finetune_000245_v03,finetune_000245,YH4(CO2)4,HF_COREMOF_GCMC,/home/rakeyma/Tüm_çalışmalar/MOF Radyoaktif Gaz Adsorpsiyonu/data/processed/augmented_cif/finetune_000245_v03.cif,YH4(CO2)4,True,0.0,0,,,0.03710595070053019,"substitution,noise",False,False,0.02906006822972668,0.05,1.224155585179548e+25,2.1062503630451072e+25,1.5,1.2,1.7205740745251605,34,4,7.705882352941177,0.6117647058823531,0.7949017234853627,0.058823529411764705
finetune_000245_v04,finetune_000245,YH4(CO2)4,HF_COREMOF_GCMC,/home/rakeyma/Tüm_çalışmalar/MOF Radyoaktif Gaz Adsorpsiyonu/data/processed/augmented_cif/finetune_000245_v04.cif,Y2H8C8O15,True,0.047416023749815836,1,,,0.13547676670448977,"defect,substitution,noise",False,False,0.02995084710589707,0.05,1.2616796518060838e+25,2.106250363045107e+25,1.5,1.2,1.6694018644352606,33,4,7.696969696969697,0.6121212121212122,0.7949017234853627,0.06060606060606061
finetune_000245_v05,finetune_000245,YH4(CO2)4,HF_COREMOF_GCMC,/home/rakeyma/Tüm_çalışmalar/MOF Radyoaktif Gaz Adsorpsiyonu/data/processed/augmented_cif/finetune_000245_v05.cif,YH4(CO2)4,True,0.0,0,,,0.06538192583218667,"substitution,defect,noise",False,False,0.02906006822972668,0.05,1.224155585179548e+25,2.1062503630451072e+25,1.5,1.2,1.7205740745251605,34,4,7.705882352941177,0.6117647058823531,0.7949017234853627,0.058823529411764705
finetune_000245_v06,finetune_000245,YH4(CO2)4,HF_COREMOF_GCMC,/home/rakeyma/Tüm_çalışmalar/MOF Radyoaktif Gaz Adsorpsiyonu/data/processed/augmented_cif/finetune_000245_v06.cif,Y2H8C9O16,True,0.0,0,,-CH3,0.10785138176727938,"functional,substitution,defect,noise",False,True,0.02842542108636305,0.05,1.1974210696572443e+25,2.1062503630451072e+25,1.5,1.2,1.7589888940638154,35,4,7.6571428571428575,0.6142857142857144,0.7949017234853627,0.05714285714285714
finetune_000246_v00,finetune_000246,Ho(CO2)4,HF_COREMOF_GCMC,/home/rakeyma/Tüm_çalışmalar/MOF Radyoaktif Gaz Adsorpsiyonu/data/processed/augmented_cif/finetune_000246_v00.cif,Ho(CO2)4,False,0.0,0,,,0.0,none,False,False,0.14997836171222506,0.25281674030478984,2.4414133620380375e+25,4.115461463109865e+25,4.837021143375599,2.6603616288565797,1.6856881047273249,52,3,11.923076923076923,0.7192307692307693,0.9079035680560402,0.07692307692307693
finetune_000246_v01,finetune_000246,Ho(CO2)4,HF_COREMOF_GCMC,/home/rakeyma/Tüm_çalışmalar/MOF Radyoaktif Gaz Adsorpsiyonu/data/processed/augmented_cif/finetune_000246_v01.cif,Ho4C11O29,True,0.17574323152306565,8,,,0.11729242404086236,"defect,noise",False,False,0.23338824864377133,0.36225144608729987,3.799195979183134e+25,5.896887462953569e+25,5.7900209608671975,3.1845115284769587,1.5521408990913546,44,3,12.863636363636363,0.7295454545454547,0.9079035680560402,0.09090909090909091
finetune_000246_v02,finetune_000246,Ho(CO2)4,HF_COREMOF_GCMC,/home/rakeyma/Tüm_çalışmalar/MOF Radyoaktif Gaz Adsorpsiyonu/data/processed/augmented_cif/finetune_000246_v02.cif,Ho(CO2)4,True,0.0,0,,,0.149779478564746,noise,False,False,0.14997836171222506,0.25281674030478984,2.4414133620380375e+25,4.115461463109865e+25,4.837021143375599,2.6603616288565797,1.6856881047273249,52,3,11.923076923076923,0.7192307692307693,0.9079035680560402,0.07692307692307693
finetune_000246_v03,finetune_000246,Ho(CO2)4,HF_COREMOF_GCMC,/home/rakeyma/Tüm_çalışmalar/MOF Radyoaktif Gaz Adsorpsiyonu/data/processed/augmented_cif/finetune_000246_v03.cif,Ho4C14O31,True,0.1249846345135982,5,,-CH3,0.09101631835391055,"defect,functional,noise",False,True,0.17992695575366208,0.2944008275586535,2.9289296732730676e+25,4.7923854214108635e+25,5.219688491272161,2.870828670199689,1.6362241350968976,49,3,12.244897959183673,0.7224489795918368,0.9079035680560402,0.08163265306122448
finetune_000246_v04,finetune_000246,Ho(CO2)4,HF_COREMOF_GCMC,/home/rakeyma/Tüm_çalışmalar/MOF Radyoaktif Gaz Adsorpsiyonu/data/processed/augmented_cif/finetune_000246_v04.cif,Ho2C8NO16,True,0.0,0,,-NH2,0.07464238645799962,"substitution,noise,functional",False,True,0.13346213653976627,0.22959644159866344,2.172555025634546e+25,3.7374712858306406e+25,4.609540641960254,2.5352473530781396,1.7203114497590337,54,4,11.74074074074074,0.7166666666666667,0.8327214420200791,0.07407407407407407
finetune_000246_v05,finetune_000246,Ho(CO2)4,HF_COREMOF_GCMC,/home/rakeyma/Tüm_çalışmalar/MOF Radyoaktif Gaz Adsorpsiyonu/data/processed/augmented_cif/finetune_000246_v05.cif,Ho(CO2)4,True,0.0,0,,,0.14415930635194293,"substitution,defect,noise",False,False,0.14997836171222506,0.25281674030478984,2.4414133620380375e+25,4.115461463109865e+25,4.837021143375599,2.6603616288565797,1.6856881047273249,52,3,11.923076923076923,0.7192307692307693,0.9079035680560402,0.07692307692307693
finetune_000246_v06,finetune_000246,Ho(CO2)4,HF_COREMOF_GCMC,/home/rakeyma/Tüm_çalışmalar/MOF Radyoaktif Gaz Adsorpsiyonu/data/processed/augmented_cif/finetune_000246_v06.cif,Ho(CO2)4,True,0.0,0,,,0.14651099387098818,"substitution,noise",False,False,0.14997836171222506,0.25281674030478984,2.4414133620380375e+25,4.115461463109865e+25,4.837021143375599,2.6603616288565797,1.6856881047273249,52,3,11.923076923076923,0.7192307692307693,0.9079035680560402,0.07692307692307693
finetune_000247_v00,finetune_000247,CuHC4O3,HF_COREMOF_GCMC,/home/rakeyma/Tüm_çalışmalar/MOF Radyoaktif Gaz Adsorpsiyonu/data/processed/augmented_cif/finetune_000247_v00.cif,CuHC4O3,False,0.0,0,,,0.0,none,False,False,0.14306361389834307,0.18913494331402203,2.5852239851953995e+25,3.417753673141659e+25,2.7268008935398664,1.4997404914469266,1.3220338712288924,54,4,8.666666666666666,0.688888888888889,0.577510822409416,0.1111111111111111
finetune_000247_v01,finetune_000247,CuHC4O3,HF_COREMOF_GCMC,/home/rakeyma/Tüm_çalışmalar/MOF Radyoaktif Gaz Adsorpsiyonu/data/processed/augmented_cif/finetune_000247_v01.cif,Cu3H3C14O9,True,0.0,0,,-CH3,0.14060759413564627,"functional,noise",False,True,0.08726527070183297,0.12111978070376517,1.5769227740412955e+25,2.188689028780414e+25,2.182102157743548,1.2001561867589514,1.3879494067875628,58,4,8.482758620689655,0.6896551724137931,0.577510822409416,0.10344827586206896
finetune_000247_v02,finetune_000247,CuHC4O3,HF_COREMOF_GCMC,/home/rakeyma/Tüm_çalışmalar/MOF Radyoaktif Gaz Adsorpsiyonu/data/processed/augmented_cif/finetune_000247_v02.cif,Co6H4C20N4O17,True,0.1265144808297997,7,Co,-NH2,0.075238688009036,"functional,substitution,defect,noise",False,True,0.17097953814410027,0.21719491498237942,3.0896773186636183e+25,3.92481000846174e+25,2.9220817875635827,1.6071449831599707,1.2702977054443156,51,5,8.823529411764707,0.7039215686274509,0.5617259118110896,0.11764705882352941
finetune_000247_v03,finetune_000247,CuHC4O3,HF_COREMOF_GCMC,/home/rakeyma/Tüm_çalışmalar/MOF Radyoaktif Gaz Adsorpsiyonu/data/processed/augmented_cif/finetune_000247_v03.cif,CuHC4O3,True,0.0,0,,,0.11615788975958262,noise,False,False,0.14306361389834307,0.18913494331402203,2.5852239851953995e+25,3.417753673141659e+25,2.7268008935398664,1.4997404914469266,1.3220338712288924,54,4,8.666666666666666,0.688888888888889,0.577510822409416,0.1111111111111111
finetune_000247_v04,finetune_000247,CuHC4O3,HF_COREMOF_GCMC,/home/rakeyma/Tüm_çalışmalar/MOF Radyoaktif Gaz Adsorpsiyonu/data/processed/augmented_cif/finetune_000247_v04.cif,CuHC4O3,True,0.0,0,,,0.075437417172728,noise,False,False,0.14306361389834307,0.18913494331402203,2.5852239851953995e+25,3.417753673141659e+25,2.7268008935398664,1.4997404914469266,1.3220338712288924,54,4,8.666666666666666,0.688888888888889,0.577510822409416,0.1111111111111111
finetune_000247_v05,finetune_000247,CuHC4O3,HF_COREMOF_GCMC,/home/rakeyma/Tüm_çalışmalar/MOF Radyoaktif Gaz Adsorpsiyonu/data/processed/augmented_cif/finetune_000247_v05.cif,CoHC4O3,True,0.0,0,Co,,0.12179647570793563,"substitution,noise",False,False,0.13968602411458594,0.17936534669415483,2.5241894154457186e+25,3.241212658839369e+25,2.6554419477843303,1.4604930712813817,1.2840607915579263,54,4,8.444444444444445,0.688888888888889,0.5829397481729994,0.1111111111111111
finetune_000247_v06,finetune_000247,CuHC4O3,HF_COREMOF_GCMC,/home/rakeyma/Tüm_çalışmalar/MOF Radyoaktif Gaz Adsorpsiyonu/data/processed/augmented_cif/finetune_000247_v06.cif,Co6H5(C4O3)5,True,0.17284634411141692,8,Co,,0.062156322676514095,"noise,defect,substitution",False,False,0.2506281606841213,0.2884499555675022,4.528963827422936e+25,5.212420708116129e+25,3.3674625845329973,1.8521044214931486,1.150908001639327,46,4,8.847826086956522,0.7032608695652176,0.5829397481729994,0.13043478260869565
finetune_000248_v00,finetune_000248,YH4(CO2)4,HF_COREMOF_GCMC,/home/rakeyma/Tüm_çalışmalar/MOF Radyoaktif Gaz Adsorpsiyonu/data/processed/augmented_cif/finetune_000248_v00.cif,YH4(CO2)4,False,0.0,0,,,0.0,none,False,False,0.02906006822972668,0.05,1.224155585179548e+25,2.1062503630451072e+25,1.5,1.2,1.7205740745251605,34,4,7.705882352941177,0.6117647058823531,0.7949017234853627,0.058823529411764705
finetune_000248_v01,finetune_000248,YH4(CO2)4,HF_COREMOF_GCMC,/home/rakeyma/Tüm_çalışmalar/MOF Radyoaktif Gaz Adsorpsiyonu/data/processed/augmented_cif/finetune_000248_v01.cif,Y2H8C8NO16,True,0.0,0,,-NH2,0.13032649219499573,"functional,noise",False,True,0.028322628575498485,0.05,1.193090934390708e+25,2.106250363045107e+25,1.5,1.2,1.7653728666715034,35,5,7.685714285714286,0.612857142857143,0.7623122719725821,0.05714285714285714
finetune_000248_v02,finetune_000248,YH4(CO2)4,HF_COREMOF_GCMC,/home/rakeyma/Tüm_çalışmalar/MOF Radyoaktif Gaz Adsorpsiyonu/data/processed/augmented_cif/finetune_000248_v02.cif,Y2H8C8NO16,True,0.0,0,,-NH2,0.09591388396681712,"functional,noise",False,True,0.028322628575498485,0.05,1.193090934390708e+25,2.106250363045107e+25,1.5,1.2,1.7653728666715034,35,5,7.685714285714286,0.612857142857143,0.7623122719725821,0.05714285714285714
finetune_000248_v03,finetune_000248,YH4(CO2)4,HF_COREMOF_GCMC,/home/rakeyma/Tüm_çalışmalar/MOF Radyoaktif Gaz Adsorpsiyonu/data/processed/augmented_cif/finetune_000248_v03.cif,YH4(CO2)4,True,0.0,0,,,0.09619236805066773,noise,False,False,0.02906006822972668,0.05,1.224155585179548e+25,2.1062503630451072e+25,1.5,1.2,1.7205740745251605,34,4,7.705882352941177,0.6117647058823531,0.7949017234853627,0.058823529411764705
finetune_000248_v04,finetune_000248,YH4(CO2)4,HF_COREMOF_GCMC,/home/rakeyma/Tüm_çalışmalar/MOF Radyoaktif Gaz Adsorpsiyonu/data/processed/augmented_cif/finetune_000248_v04.cif,YH4(CO2)4,True,0.0,0,,,0.04886212061240045,"substitution,noise,defect",False,False,0.02906006822972668,0.05,1.224155585179548e+25,2.1062503630451072e+25,1.5,1.2,1.7205740745251605,34,4,7.705882352941177,0.6117647058823531,0.7949017234853627,0.058823529411764705
finetune_000248_v05,finetune_000248,YH4(CO2)4,HF_COREMOF_GCMC,/home/rakeyma/Tüm_çalışmalar/MOF Radyoaktif Gaz Adsorpsiyonu/data/processed/augmented_cif/finetune_000248_v05.cif,YH4(CO2)4,True,0.0,0,,,0.03333045077515947,"substitution,noise",False,False,0.02906006822972668,0.05,1.224155585179548e+25,2.1062503630451072e+25,1.5,1.2,1.7205740745251605,34,4,7.705882352941177,0.6117647058823531,0.7949017234853627,0.058823529411764705
finetune_000248_v06,finetune_000248,YH4(CO2)4,HF_COREMOF_GCMC,/home/rakeyma/Tüm_çalışmalar/MOF Radyoaktif Gaz Adsorpsiyonu/data/processed/augmented_cif/finetune_000248_v06.cif,Y2H7(C3O8)2,True,0.11619499697808207,3,,,0.1479853039724099,"defect,noise,substitution",False,False,0.030478128867235513,0.05,1.283891399831007e+25,2.1062503630451072e+25,1.5,1.2,1.6405206572162907,31,4,8.03225806451613,0.6177419354838711,0.7949017234853627,0.06451612903225806
finetune_000249_v00,finetune_000249,Fe5H8C4N20OF7,HF_COREMOF_GCMC,/home/rakeyma/Tüm_çalışmalar/MOF Radyoaktif Gaz Adsorpsiyonu/data/processed/augmented_cif/finetune_000249_v00.cif,Fe5H8C4N20OF7,False,0.0,0,,,0.0,none,False,False,0.027216813967264913,0.05,8.614467119214068e+24,1.5825634715318147e+25,1.5,1.2,1.8370996715536807,45,6,8.28888888888889,0.6422222222222221,0.7318242047559417,0.1111111111111111
finetune_000249_v01,finetune_000249,Fe5H8C4N20OF7,HF_COREMOF_GCMC,/home/rakeyma/Tüm_çalışmalar/MOF Radyoaktif Gaz Adsorpsiyonu/data/processed/augmented_cif/finetune_000249_v01.cif,Fe5H8C4N21OF7,True,0.0,0,,-NH2,0.07168040932083844,"functional,substitution,noise",False,True,0.026727106558418975,0.05,8.45946850781845e+24,1.5825634715318143e+25,1.5,1.2,1.8707599302121285,46,6,8.26086956521739,0.642391304347826,0.7318242047559417,0.10869565217391304
finetune_000249_v02,finetune_000249,Fe5H8C4N20OF7,HF_COREMOF_GCMC,/home/rakeyma/Tüm_çalışmalar/MOF Radyoaktif Gaz Adsorpsiyonu/data/processed/augmented_cif/finetune_000249_v02.cif,Fe5H8C4N21OF7,True,0.0,0,,-NH2,0.11340711550347923,"functional,noise",False,True,0.026727106558418975,0.05,8.45946850781845e+24,1.5825634715318143e+25,1.5,1.2,1.8707599302121285,46,6,8.26086956521739,0.642391304347826,0.7318242047559417,0.10869565217391304
finetune_000249_v03,finetune_000249,Fe5H8C4N20OF7,HF_COREMOF_GCMC,/home/rakeyma/Tüm_çalışmalar/MOF Radyoaktif Gaz Adsorpsiyonu/data/processed/augmented_cif/finetune_000249_v03.cif,Fe5H6C3N20OF7,True,0.08525140734336747,3,,,0.040141542370794,"defect,noise",False,False,0.027725536118233512,0.05,8.775484137870465e+24,1.5825634715318143e+25,1.5,1.2,1.8033916381915458,42,6,8.69047619047619,0.6595238095238095,0.7318242047559417,0.11904761904761904
finetune_000249_v04,finetune_000249,Fe5H8C4N20OF7,HF_COREMOF_GCMC,/home/rakeyma/Tüm_çalışmalar/MOF Radyoaktif Gaz Adsorpsiyonu/data/processed/augmented_cif/finetune_000249_v04.cif,Fe5H8C4N20OF7,True,0.0,0,,,0.0684744600966598,"substitution,defect,noise",False,False,0.027216813967264913,0.05,8.614467119214068e+24,1.5825634715318147e+25,1.5,1.2,1.8370996715536807,45,6,8.28888888888889,0.6422222222222221,0.7318242047559417,0.1111111111111111
finetune_000249_v05,finetune_000249,Fe5H8C4N20OF7,HF_COREMOF_GCMC,/home/rakeyma/Tüm_çalışmalar/MOF Radyoaktif Gaz Adsorpsiyonu/data/processed/augmented_cif/finetune_000249_v05.cif,Fe5H8C4N21OF7,True,0.0,0,,-NH2,0.05533589176833138,"functional,noise",False,True,0.026727106558418975,0.05,8.45946850781845e+24,1.5825634715318143e+25,1.5,1.2,1.8707599302121285,46,6,8.26086956521739,0.642391304347826,0.7318242047559417,0.10869565217391304
finetune_000249_v06,finetune_000249,Fe5H8C4N20OF7,HF_COREMOF_GCMC,/home/rakeyma/Tüm_çalışmalar/MOF Radyoaktif Gaz Adsorpsiyonu/data/processed/augmented_cif/finetune_000249_v06.cif,Fe5H8C4N21OF7,True,0.0,0,,-NH2,0.07801401038958673,"functional,noise",False,True,0.026727106558418975,0.05,8.45946850781845e+24,1.5825634715318143e+25,1.5,1.2,1.8707599302121285,46,6,8.26086956521739,0.642391304347826,0.7318242047559417,0.10869565217391304
finetune_000250_v00,finetune_000250,ErH4(CO2)4,HF_COREMOF_GCMC,/home/rakeyma/Tüm_çalışmalar/MOF Radyoaktif Gaz Adsorpsiyonu/data/processed/augmented_cif/finetune_000250_v00.cif,ErH4(CO2)4,False,0.0,0,,,0.0,none,False,False,0.023600667038622233,0.05,9.4800095235009e+24,2.008419827284324e+25,1.5,1.2,2.1185841873950237,34,4,9.411764705882353,0.6088235294117648,0.7877935960643498,0.058823529411764705
finetune_000250_v01,finetune_000250,ErH4(CO2)4,HF_COREMOF_GCMC,/home/rakeyma/Tüm_çalışmalar/MOF Radyoaktif Gaz Adsorpsiyonu/data/processed/augmented_cif/finetune_000250_v01.cif,ErH4(CO2)4,True,0.0,0,,,0.13648967161270065,"substitution,defect,noise",False,False,0.023600667038622233,0.05,9.4800095235009e+24,2.008419827284324e+25,1.5,1.2,2.1185841873950237,34,4,9.411764705882353,0.6088235294117648,0.7877935960643498,0.058823529411764705
finetune_000250_v02,finetune_000250,ErH4(CO2)4,HF_COREMOF_GCMC,/home/rakeyma/Tüm_çalışmalar/MOF Radyoaktif Gaz Adsorpsiyonu/data/processed/augmented_cif/finetune_000250_v02.cif,Er2H8(CO2)7,True,0.10932975564271626,3,,,0.1345075790635582,"defect,noise,substitution",False,False,0.04559479954160456,0.09047662837011017,1.8314699884082558e+25,3.6343010864872924e+25,1.9924550289046903,1.2,1.9843628940083755,31,4,9.612903225806452,0.6064516129032259,0.7877935960643498,0.06451612903225806
finetune_000250_v03,finetune_000250,ErH4(CO2)4,HF_COREMOF_GCMC,/home/rakeyma/Tüm_çalışmalar/MOF Radyoaktif Gaz Adsorpsiyonu/data/processed/augmented_cif/finetune_000250_v03.cif,Er2H8C8NO16,True,0.0,0,,-NH2,0.06138019666473978,"functional,noise",False,True,0.023134201463416715,0.05,9.292637781503227e+24,2.0084198272843235e+25,1.5,1.2,2.1613021776034733,35,5,9.342857142857143,0.61,0.7556612997897934,0.05714285714285714
finetune_000250_v04,finetune_000250,ErH4(CO2)4,HF_COREMOF_GCMC,/home/rakeyma/Tüm_çalışmalar/MOF Radyoaktif Gaz Adsorpsiyonu/data/processed/augmented_cif/finetune_000250_v04.cif,Er2H8C8O13,True,0.10359220166024662,3,,,0.036869467485473276,"defect,noise",False,False,0.04041013648502132,0.07969679258668194,1.6232103867956495e+25,3.2012923680411665e+25,1.869996292595217,1.2,1.972198055213767,31,4,9.548387096774194,0.6096774193548389,0.7877935960643498,0.06451612903225806
finetune_000250_v05,finetune_000250,ErH4(CO2)4,HF_COREMOF_GCMC,/home/rakeyma/Tüm_çalışmalar/MOF Radyoaktif Gaz Adsorpsiyonu/data/processed/augmented_cif/finetune_000250_v05.cif,ErH4(CO2)4,True,0.0,0,,,0.05558473795933141,"substitution,noise,defect",False,False,0.023600667038622233,0.05,9.4800095235009e+24,2.008419827284324e+25,1.5,1.2,2.1185841873950237,34,4,9.411764705882353,0.6088235294117648,0.7877935960643498,0.058823529411764705
finetune_000250_v06,finetune_000250,ErH4(CO2)4,HF_COREMOF_GCMC,/home/rakeyma/Tüm_çalışmalar/MOF Radyoaktif Gaz Adsorpsiyonu/data/processed/augmented_cif/finetune_000250_v06.cif,Er2H8C8NO16,True,0.0,0,,-NH2,0.1291815373109273,"substitution,functional,noise",False,True,0.023134201463416715,0.05,9.292637781503227e+24,2.0084198272843235e+25,1.5,1.2,2.1613021776034733,35,5,9.342857142857143,0.61,0.7556612997897934,0.05714285714285714
finetune_000251_v00,finetune_000251,CoHC4O3,HF_COREMOF_GCMC,/home/rakeyma/Tüm_çalışmalar/MOF Radyoaktif Gaz Adsorpsiyonu/data/processed/augmented_cif/finetune_000251_v00.cif,CoHC4O3,False,0.0,0,,,0.0,none,False,False,0.20272234461597277,0.24081560498963828,3.3889723538711354e+25,4.025789210541387e+25,3.325674945771934,1.8291212201745637,1.1879085428191327,54,4,8.444444444444445,0.688888888888889,0.5829397481729994,0.1111111111111111
finetune_000251_v01,finetune_000251,CoHC4O3,HF_COREMOF_GCMC,/home/rakeyma/Tüm_çalışmalar/MOF Radyoaktif Gaz Adsorpsiyonu/data/processed/augmented_cif/finetune_000251_v01.cif,Zn2H2C7O6,True,0.07326080843944022,3,Zn,,0.10009238396692717,"noise,defect,substitution",False,False,0.23977540067243913,0.28569032137813355,4.008399792122597e+25,4.775973772171777e+25,3.6223069525066243,1.9922688238786435,1.1914913730805083,51,4,8.941176470588236,0.6882352941176471,0.6504229393248673,0.11764705882352941
finetune_000251_v02,finetune_000251,CoHC4O3,HF_COREMOF_GCMC,/home/rakeyma/Tüm_çalışmalar/MOF Radyoaktif Gaz Adsorpsiyonu/data/processed/augmented_cif/finetune_000251_v02.cif,Zn6H5C21O13,True,0.1685005870254649,9,Zn,,0.08587476758761378,"substitution,noise,defect",False,False,0.31797664066086434,0.3461727585873434,5.3157141923247995e+25,5.787077446929733e+25,3.9873460651894677,2.1930403358542074,1.0886735512013646,45,4,9.222222222222221,0.707777777777778,0.6504229393248673,0.13333333333333333
finetune_000251_v03,finetune_000251,CoHC4O3,HF_COREMOF_GCMC,/home/rakeyma/Tüm_çalışmalar/MOF Radyoaktif Gaz Adsorpsiyonu/data/processed/augmented_cif/finetune_000251_v03.cif,Co6H6C24N4O17,True,0.037179293166277806,1,,-NH2,0.10856109165580258,"functional,defect,noise",False,True,0.16498323208392487,0.20436711485414993,2.7580758965860573e+25,3.416468488430016e+25,3.063677115417562,1.6850224134796592,1.2387144576619216,57,5,8.350877192982455,0.687719298245614,0.5617259118110896,0.10526315789473684
finetune_000251_v04,finetune_000251,CoHC4O3,HF_COREMOF_GCMC,/home/rakeyma/Tüm_çalışmalar/MOF Radyoaktif Gaz Adsorpsiyonu/data/processed/augmented_cif/finetune_000251_v04.cif,Co3H3C12N2O9,True,0.0,0,,-NH2,0.03391624955348153,"functional,noise",False,True,0.15339122571188762,0.1931229509005108,2.56428872825416e+25,3.228496309766317e+25,2.9782039138781222,1.6380121526329674,1.2590221507405557,58,5,8.344827586206897,0.6862068965517241,0.5617259118110896,0.10344827586206896
finetune_000251_v05,finetune_000251,CoHC4O3,HF_COREMOF_GCMC,/home/rakeyma/Tüm_çalışmalar/MOF Radyoaktif Gaz Adsorpsiyonu/data/processed/augmented_cif/finetune_000251_v05.cif,Co6H4C22(NO6)3,True,0.08692753346262588,4,,-NH2,0.09905118764023264,"noise,defect,functional",False,True,0.2028069616896853,0.24503039586786146,3.390386923754985e+25,4.096249177797118e+25,3.354651936964826,1.8450585653306546,1.2081951912616402,53,5,8.735849056603774,0.7028301886792452,0.5617259118110896,0.11320754716981132
finetune_000251_v06,finetune_000251,CoHC4O3,HF_COREMOF_GCMC,/home/rakeyma/Tüm_çalışmalar/MOF Radyoaktif Gaz Adsorpsiyonu/data/processed/augmented_cif/finetune_000251_v06.cif,Co3H3(C3O2)4,True,0.04423378742981232,2,,,0.13784351517522309,"noise,defect",False,False,0.22950013374351416,0.26330393289691645,3.836624965737575e+25,4.4017335678687805e+25,3.4774921530786758,1.9126206841932718,1.1472931566618645,52,4,8.461538461538462,0.6923076923076923,0.5829397481729994,0.11538461538461539
finetune_000252_v00,finetune_000252,NiH9C11(NO)2,HF_COREMOF_GCMC,/home/rakeyma/Tüm_çalışmalar/MOF Radyoaktif Gaz Adsorpsiyonu/data/processed/augmented_cif/finetune_000252_v00.cif,NiH9C11(NO)2,False,0.0,0,,,0.0,none,False,False,0.11050820778470832,0.11439936982589449,2.8987157079593816e+25,3.0007838959891437e+25,2.7487932508246935,1.5118362879535816,1.035211520657062,50,5,5.32,0.552,0.5538736317970011,0.04
finetune_000252_v01,finetune_000252,NiH9C11(NO)2,HF_COREMOF_GCMC,/home/rakeyma/Tüm_çalışmalar/MOF Radyoaktif Gaz Adsorpsiyonu/data/processed/augmented_cif/finetune_000252_v01.cif,ZnH9C11(NO)2,True,0.0,0,Zn,,0.10248047906134833,"substitution,noise",False,False,0.1032282410197356,0.10962437280357062,2.7077565526343722e+25,2.875532033240315e+25,2.6908148796367106,1.4799481838001909,1.0619610653116929,50,5,5.4,0.552,0.6263098274815748,0.04
finetune_000252_v02,finetune_000252,NiH9C11(NO)2,HF_COREMOF_GCMC,/home/rakeyma/Tüm_çalışmalar/MOF Radyoaktif Gaz Adsorpsiyonu/data/processed/augmented_cif/finetune_000252_v02.cif,Co2H17C19N4O3,True,0.12174327936956313,5,Co,,0.030702780860022483,"defect,substitution,noise",False,False,0.22483148282320783,0.2092132161834811,5.897503578857381e+25,5.487824372694936e+25,3.717276084849153,2.044501846667034,0.9305334535732797,45,5,5.266666666666667,0.5477777777777777,0.5617259118110896,0.044444444444444446
finetune_000252_v03,finetune_000252,NiH9C11(NO)2,HF_COREMOF_GCMC,/home/rakeyma/Tüm_çalışmalar/MOF Radyoaktif Gaz Adsorpsiyonu/data/processed/augmented_cif/finetune_000252_v03.cif,Ni2H18C22N7O4,True,0.0,0,,-NH2,0.07845991799880792,"noise,functional",False,True,0.052081776928843956,0.058274229777834585,1.3661452656638523e+25,1.5285780903743697e+25,1.961862341180456,1.2,1.1188986477448915,53,5,5.415094339622642,0.5575471698113207,0.5538736317970011,0.03773584905660377
finetune_000252_v04,finetune_000252,NiH9C11(NO)2,HF_COREMOF_GCMC,/home/rakeyma/Tüm_çalışmalar/MOF Radyoaktif Gaz Adsorpsiyonu/data/processed/augmented_cif/finetune_000252_v04.cif,Ni2H17C22(NO)4,True,0.031989783613774976,1,,,0.13770308980915955,"defect,noise",False,False,0.11719483221709122,0.12108618229981549,3.074111035274204e+25,3.1761841557788583e+25,2.827987939977066,1.5553933669873865,1.033204109849451,49,5,5.408163265306122,0.5581632653061224,0.5538736317970011,0.04081632653061224
finetune_000252_v05,finetune_000252,NiH9C11(NO)2,HF_COREMOF_GCMC,/home/rakeyma/Tüm_çalışmalar/MOF Radyoaktif Gaz Adsorpsiyonu/data/processed/augmented_cif/finetune_000252_v05.cif,Ni2H15C21(NO)3,True,0.12941354519307463,6,,,0.07637580383221901,"defect,noise",False,False,0.20676021619657103,0.1954935901372984,5.423480286982017e+25,5.127947976863082e+25,3.5933251815082663,1.9763288498295466,0.9455087334182257,44,5,5.5,0.5659090909090909,0.5538736317970011,0.045454545454545456
finetune_000252_v06,finetune_000252,NiH9C11(NO)2,HF_COREMOF_GCMC,/home/rakeyma/Tüm_çalışmalar/MOF Radyoaktif Gaz Adsorpsiyonu/data/processed/augmented_cif/finetune_000252_v06.cif,Ni2H18C25(NO)4,True,0.0,0,,-CH3,0.10858565835784557,"functional,noise",False,True,0.04516822156144021,0.05,1.1847973645162483e+25,1.3115386477023723e+25,1.8172524453140793,1.2,1.106972961775512,53,5,5.3584905660377355,0.560377358490566,0.5538736317970011,0.03773584905660377
finetune_000253_v00,finetune_000253,ErH2C5O6,HF_COREMOF_GCMC,/home/rakeyma/Tüm_çalışmalar/MOF Radyoaktif Gaz Adsorpsiyonu/data/processed/augmented_cif/finetune_000253_v00.cif,ErH2C5O6,False,0.0,0,,,0.0,none,False,False,0.023302793152788225,0.05,5.060604286869507e+24,1.0858364174819955e+25,2.0576297528953065,1.2,2.145665529113509,56,4,10.571428571428571,0.6678571428571427,0.7877935960643498,0.07142857142857142
finetune_000253_v01,finetune_000253,ErH2C5O6,HF_COREMOF_GCMC,/home/rakeyma/Tüm_çalışmalar/MOF Radyoaktif Gaz Adsorpsiyonu/data/processed/augmented_cif/finetune_000253_v01.cif,ErH2C5O6,True,0.0,0,,,0.04277629965326048,noise,False,False,0.023302793152788225,0.05,5.060604286869507e+24,1.0858364174819955e+25,2.0576297528953065,1.2,2.145665529113509,56,4,10.571428571428571,0.6678571428571427,0.7877935960643498,0.07142857142857142
finetune_000253_v02,finetune_000253,ErH2C5O6,HF_COREMOF_GCMC,/home/rakeyma/Tüm_çalışmalar/MOF Radyoaktif Gaz Adsorpsiyonu/data/processed/augmented_cif/finetune_000253_v02.cif,Er4H8C23O24,True,0.0,0,,-CH3,0.14457608645515013,"functional,noise",False,True,0.0226749392893597,0.05,4.924254968916016e+24,1.0858364174819952e+25,2.0576297528953065,1.2,2.2050775687616806,59,4,10.338983050847459,0.6694915254237288,0.7877935960643498,0.06779661016949153
finetune_000253_v03,finetune_000253,ErH2C5O6,HF_COREMOF_GCMC,/home/rakeyma/Tüm_çalışmalar/MOF Radyoaktif Gaz Adsorpsiyonu/data/processed/augmented_cif/finetune_000253_v03.cif,ErH2C5O6,True,0.0,0,,,0.09783164238386194,"substitution,noise",False,False,0.023302793152788225,0.05,5.060604286869507e+24,1.0858364174819955e+25,2.0576297528953065,1.2,2.145665529113509,56,4,10.571428571428571,0.6678571428571427,0.7877935960643498,0.07142857142857142
finetune_000253_v04,finetune_000253,ErH2C5O6,HF_COREMOF_GCMC,/home/rakeyma/Tüm_çalışmalar/MOF Radyoaktif Gaz Adsorpsiyonu/data/processed/augmented_cif/finetune_000253_v04.cif,ErH2C5O6,True,0.0,0,,,0.119563573468866,"noise,substitution,defect",False,False,0.023302793152788225,0.05,5.060604286869507e+24,1.0858364174819955e+25,2.0576297528953065,1.2,2.145665529113509,56,4,10.571428571428571,0.6678571428571427,0.7877935960643498,0.07142857142857142
finetune_000253_v05,finetune_000253,ErH2C5O6,HF_COREMOF_GCMC,/home/rakeyma/Tüm_çalışmalar/MOF Radyoaktif Gaz Adsorpsiyonu/data/processed/augmented_cif/finetune_000253_v05.cif,Er4H7(C9O11)2,True,0.09960491182096187,5,,,0.14838997902599468,"defect,noise",False,False,0.035226975574474344,0.0722728562551952,7.650146591302595e+24,1.5695299863466473e+25,2.473829922133156,1.360606457173236,2.0516338708215556,51,4,11.03921568627451,0.6774509803921569,0.7877935960643498,0.0784313725490196
finetune_000253_v06,finetune_000253,ErH2C5O6,HF_COREMOF_GCMC,/home/rakeyma/Tüm_çalışmalar/MOF Radyoaktif Gaz Adsorpsiyonu/data/processed/augmented_cif/finetune_000253_v06.cif,Er4H8C20(NO8)3,True,0.0,0,,-NH2,0.033873450643550164,"functional,noise",False,True,0.02257386313825343,0.05,4.902304535753995e+24,1.0858364174819955e+25,2.0576297528953065,1.2,2.2149509675758834,59,5,10.389830508474576,0.6669491525423726,0.7556612997897934,0.06779661016949153
finetune_000254_v00,finetune_000254,CoHC4O3,HF_COREMOF_GCMC,/home/rakeyma/Tüm_çalışmalar/MOF Radyoaktif Gaz Adsorpsiyonu/data/processed/augmented_cif/finetune_000254_v00.cif,CoHC4O3,False,0.0,0,,,0.0,none,False,False,0.20272234461597277,0.24081560498963828,3.3889723538711354e+25,4.025789210541387e+25,3.325674945771934,1.8291212201745637,1.1879085428191327,54,4,8.444444444444445,0.688888888888889,0.5829397481729994,0.1111111111111111
finetune_000254_v01,finetune_000254,CoHC4O3,HF_COREMOF_GCMC,/home/rakeyma/Tüm_çalışmalar/MOF Radyoaktif Gaz Adsorpsiyonu/data/processed/augmented_cif/finetune_000254_v01.cif,Ni3H2C11O8,True,0.14349093227421567,6,Ni,,0.12663671602905122,"defect,substitution,noise",False,False,0.27876284450213373,0.31010091730932376,4.66016499115497e+25,5.184053280669158e+25,3.7738880339557017,2.075638418675636,1.1124183994576442,48,4,9.0,0.7104166666666666,0.5748260606479145,0.125
finetune_000254_v02,finetune_000254,CoHC4O3,HF_COREMOF_GCMC,/home/rakeyma/Tüm_çalışmalar/MOF Radyoaktif Gaz Adsorpsiyonu/data/processed/augmented_cif/finetune_000254_v02.cif,NiHC4O3,True,0.0,0,Ni,,0.14284579976866307,"substitution,noise",False,False,0.20877834443344895,0.24762830795697666,3.4902123824203038e+25,4.139679280504727e+25,3.372388741022685,1.854813807562477,1.186082343113472,54,4,8.555555555555555,0.688888888888889,0.5748260606479145,0.1111111111111111
finetune_000254_v03,finetune_000254,CoHC4O3,HF_COREMOF_GCMC,/home/rakeyma/Tüm_çalışmalar/MOF Radyoaktif Gaz Adsorpsiyonu/data/processed/augmented_cif/finetune_000254_v03.cif,CoHC4O3,True,0.0,0,,,0.14713371429199631,noise,False,False,0.20272234461597277,0.24081560498963828,3.3889723538711354e+25,4.025789210541387e+25,3.325674945771934,1.8291212201745637,1.1879085428191327,54,4,8.444444444444445,0.688888888888889,0.5829397481729994,0.1111111111111111
finetune_000254_v04,finetune_000254,CoHC4O3,HF_COREMOF_GCMC,/home/rakeyma/Tüm_çalışmalar/MOF Radyoaktif Gaz Adsorpsiyonu/data/processed/augmented_cif/finetune_000254_v04.cif,Zn6H6C25O17,True,0.08014426477347583,3,Zn,-CH3,0.11262803760777015,"defect,functional,substitution,noise",False,True,0.18991993925703798,0.23401239220569214,3.1749505700037875e+25,3.912057790919281e+25,3.2783620501501574,1.8030991275825867,1.2321633690551015,54,4,8.74074074074074,0.690740740740741,0.6504229393248673,0.1111111111111111
finetune_000254_v05,finetune_000254,CoHC4O3,HF_COREMOF_GCMC,/home/rakeyma/Tüm_çalışmalar/MOF Radyoaktif Gaz Adsorpsiyonu/data/processed/augmented_cif/finetune_000254_v05.cif,ZnHC4O3,True,0.0,0,Zn,,0.10990996389102983,"substitution,noise",False,False,0.19276892384325992,0.23849875153357314,3.2225779295708914e+25,3.987057652234633e+25,3.3096383529431552,1.8203010941187354,1.2372261398704287,54,4,8.777777777777779,0.688888888888889,0.6504229393248673,0.1111111111111111
finetune_000254_v06,finetune_000254,CoHC4O3,HF_COREMOF_GCMC,/home/rakeyma/Tüm_çalışmalar/MOF Radyoaktif Gaz Adsorpsiyonu/data/processed/augmented_cif/finetune_000254_v06.cif,Co6H6C23O17,True,0.04615885630426222,2,,,0.0772088474384211,"defect,noise",False,False,0.2323850520828754,0.26779029222479744,3.884853041008666e+25,4.47673342918413e+25,3.5069930097066493,1.9288461553386573,1.152355927477192,52,4,8.5,0.6903846153846155,0.5829397481729994,0.11538461538461539
finetune_000255_v00,finetune_000255,CoH10C12N2O3F,HF_COREMOF_GCMC,/home/rakeyma/Tüm_çalışmalar/MOF Radyoaktif Gaz Adsorpsiyonu/data/processed/augmented_cif/finetune_000255_v00.cif,CoH10C12N2O3F,False,0.0,0,,,0.0,none,False,False,0.035938430676836795,0.05,1.0685280826021216e+25,1.4866092682377678e+25,1.6361309391365961,1.2,1.3912683180188568,58,6,5.379310344827586,0.5465517241379311,0.7204724530164602,0.034482758620689655
finetune_000255_v01,finetune_000255,CoH10C12N2O3F,HF_COREMOF_GCMC,/home/rakeyma/Tüm_çalışmalar/MOF Radyoaktif Gaz Adsorpsiyonu/data/processed/augmented_cif/finetune_000255_v01.cif,Mn2H18C24N4O5F2,True,0.0661075349704564,3,Mn,,0.13463105364189842,"defect,substitution,noise",False,False,0.03752170258578843,0.05,1.1156022164818816e+25,1.4866092682377676e+25,1.6361309391365961,1.2,1.3325621321602237,55,6,5.418181818181818,0.5581818181818182,0.8004512616157352,0.03636363636363636
finetune_000255_v02,finetune_000255,CoH10C12N2O3F,HF_COREMOF_GCMC,/home/rakeyma/Tüm_çalışmalar/MOF Radyoaktif Gaz Adsorpsiyonu/data/processed/augmented_cif/finetune_000255_v02.cif,CoH10C12N2O3F,True,0.0,0,,,0.09901554136974425,noise,False,False,0.035938430676836795,0.05,1.0685280826021216e+25,1.4866092682377678e+25,1.6361309391365961,1.2,1.3912683180188568,58,6,5.379310344827586,0.5465517241379311,0.7204724530164602,0.034482758620689655
finetune_000255_v03,finetune_000255,CoH10C12N2O3F,HF_COREMOF_GCMC,/home/rakeyma/Tüm_çalışmalar/MOF Radyoaktif Gaz Adsorpsiyonu/data/processed/augmented_cif/finetune_000255_v03.cif,MnH10C12N2O3F,True,0.0,0,Mn,,0.13894283469262336,"substitution,noise",False,False,0.03641048939991665,0.05,1.0825634200597819e+25,1.4866092682377678e+25,1.6361309391365961,1.2,1.3732306493005957,58,6,5.310344827586207,0.5482758620689655,0.8004512616157352,0.034482758620689655
finetune_000255_v04,finetune_000255,CoH10C12N2O3F,HF_COREMOF_GCMC,/home/rakeyma/Tüm_çalışmalar/MOF Radyoaktif Gaz Adsorpsiyonu/data/processed/augmented_cif/finetune_000255_v04.cif,Co2H18C23N7(O2F)2,True,0.09707195911791323,5,,-NH2,0.06664332986401866,"defect,functional,noise",False,True,0.03617351845987708,0.05,1.0755177561444649e+25,1.4866092682377678e+25,1.6361309391365961,1.2,1.3822266157343521,56,6,5.517857142857143,0.5580357142857143,0.7204724530164602,0.03571428571428571
finetune_000255_v05,finetune_000255,CoH10C12N2O3F,HF_COREMOF_GCMC,/home/rakeyma/Tüm_çalışmalar/MOF Radyoaktif Gaz Adsorpsiyonu/data/processed/augmented_cif/finetune_000255_v05.cif,CoH10C12N2O3F,True,0.0,0,,,0.030721741276372356,noise,False,False,0.035938430676836795,0.05,1.0685280826021216e+25,1.4866092682377678e+25,1.6361309391365961,1.2,1.3912683180188568,58,6,5.379310344827586,0.5465517241379311,0.7204724530164602,0.034482758620689655
finetune_000255_v06,finetune_000255,CoH10C12N2O3F,HF_COREMOF_GCMC,/home/rakeyma/Tüm_çalışmalar/MOF Radyoaktif Gaz Adsorpsiyonu/data/processed/augmented_cif/finetune_000255_v06.cif,ZnH10C12N4O3F,True,0.0,0,Zn,-NH2,0.03854356555799102,"substitution,noise,functional",False,True,0.032320968711148486,0.05,9.609730328883247e+24,1.486609268237768e+25,1.6361309391365961,1.2,1.5469833360147243,62,6,5.580645161290323,0.5532258064516129,0.7750268812542354,0.03225806451612903
finetune_000256_v00,finetune_000256,YH4(CO2)4,HF_COREMOF_GCMC,/home/rakeyma/Tüm_çalışmalar/MOF Radyoaktif Gaz Adsorpsiyonu/data/processed/augmented_cif/finetune_000256_v00.cif,YH4(CO2)4,False,0.0,0,,,0.0,none,False,False,0.02906006822972668,0.05,1.224155585179548e+25,2.1062503630451072e+25,1.5,1.2,1.7205740745251605,34,4,7.705882352941177,0.6117647058823531,0.7949017234853627,0.058823529411764705
finetune_000256_v01,finetune_000256,YH4(CO2)4,HF_COREMOF_GCMC,/home/rakeyma/Tüm_çalışmalar/MOF Radyoaktif Gaz Adsorpsiyonu/data/processed/augmented_cif/finetune_000256_v01.cif,Y2H8C9O16,True,0.0,0,,-CH3,0.1268111117033796,"noise,functional,substitution",False,True,0.02842542108636305,0.05,1.1974210696572443e+25,2.1062503630451072e+25,1.5,1.2,1.7589888940638154,35,4,7.6571428571428575,0.6142857142857144,0.7949017234853627,0.05714285714285714
finetune_000256_v02,finetune_000256,YH4(CO2)4,HF_COREMOF_GCMC,/home/rakeyma/Tüm_çalışmalar/MOF Radyoaktif Gaz Adsorpsiyonu/data/processed/augmented_cif/finetune_000256_v02.cif,Y2H7(C3O7)2,True,0.16960246665112488,5,,,0.09696317335970606,"defect,noise",False,False,0.05775323872959446,0.08883465942575774,2.4328556008247807e+25,3.742160673329813e+25,1.9894933456477746,1.2,1.538176237036491,29,4,8.03448275862069,0.6189655172413794,0.7949017234853627,0.06896551724137931
finetune_000256_v03,finetune_000256,YH4(CO2)4,HF_COREMOF_GCMC,/home/rakeyma/Tüm_çalışmalar/MOF Radyoaktif Gaz Adsorpsiyonu/data/processed/augmented_cif/finetune_000256_v03.cif,Y2H6C7NO14,True,0.17057032132080874,5,,-NH2,0.1287990490624103,"noise,functional,defect",False,True,0.03089917710662514,0.05,1.301628059972485e+25,2.106250363045107e+25,1.5,1.2,1.6181660704899299,30,5,8.166666666666666,0.6350000000000001,0.7623122719725821,0.06666666666666667
finetune_000256_v04,finetune_000256,YH4(CO2)4,HF_COREMOF_GCMC,/home/rakeyma/Tüm_çalışmalar/MOF Radyoaktif Gaz Adsorpsiyonu/data/processed/augmented_cif/finetune_000256_v04.cif,Y2H7(CO2)8,True,0.059411034069786706,1,,,0.1443496509937609,"defect,noise",False,False,0.029114619252641933,0.05,1.2264535474159425e+25,2.106250363045107e+25,1.5,1.2,1.717350296293601,33,4,7.909090909090909,0.6227272727272729,0.7949017234853627,0.06060606060606061
finetune_000256_v05,finetune_000256,YH4(CO2)4,HF_COREMOF_GCMC,/home/rakeyma/Tüm_çalışmalar/MOF Radyoaktif Gaz Adsorpsiyonu/data/processed/augmented_cif/finetune_000256_v05.cif,Y2H8C8NO16,True,0.0,0,,-NH2,0.06181621140100416,"functional,noise,substitution",False,True,0.028322628575498485,0.05,1.193090934390708e+25,2.106250363045107e+25,1.5,1.2,1.7653728666715034,35,5,7.685714285714286,0.612857142857143,0.7623122719725821,0.05714285714285714
finetune_000256_v06,finetune_000256,YH4(CO2)4,HF_COREMOF_GCMC,/home/rakeyma/Tüm_çalışmalar/MOF Radyoaktif Gaz Adsorpsiyonu/data/processed/augmented_cif/finetune_000256_v06.cif,YH4(CO2)4,True,0.0,0,,,0.09967389910132311,noise,False,False,0.02906006822972668,0.05,1.224155585179548e+25,2.1062503630451072e+25,1.5,1.2,1.7205740745251605,34,4,7.705882352941177,0.6117647058823531,0.7949017234853627,0.058823529411764705
finetune_000257_v00,finetune_000257,Fe2C4Cl2O9,HF_COREMOF_GCMC,/home/rakeyma/Tüm_çalışmalar/MOF Radyoaktif Gaz Adsorpsiyonu/data/processed/augmented_cif/finetune_000257_v00.cif,Fe2C4Cl2O9,False,0.0,0,,,0.0,none,False,False,0.12079591757760155,0.18514518171862593,3.2545086912313033e+25,4.988219926023356e+25,3.7770417350350907,2.0773729542693,1.5327105868431787,34,4,10.705882352941176,0.7647058823529411,0.6185668920981788,0.11764705882352941
finetune_000257_v01,finetune_000257,Fe2C4Cl2O9,HF_COREMOF_GCMC,/home/rakeyma/Tüm_çalışmalar/MOF Radyoaktif Gaz Adsorpsiyonu/data/processed/augmented_cif/finetune_000257_v01.cif,Fe2C4Cl2O9,True,0.0,0,,,0.13840797646635847,noise,False,False,0.12079591757760155,0.18514518171862593,3.2545086912313033e+25,4.988219926023356e+25,3.7770417350350907,2.0773729542693,1.5327105868431787,34,4,10.705882352941176,0.7647058823529411,0.6185668920981788,0.11764705882352941
finetune_000257_v02,finetune_000257,Fe2C4Cl2O9,HF_COREMOF_GCMC,/home/rakeyma/Tüm_çalışmalar/MOF Radyoaktif Gaz Adsorpsiyonu/data/processed/augmented_cif/finetune_000257_v02.cif,Fe4C7Cl3O16,True,0.17870428336856142,5,,-CH3,0.08141037568408359,"noise,defect,functional",False,True,0.20026498091880968,0.27439526485507637,5.395580695273347e+25,7.3928141961409234e+25,4.598157921508721,2.528986856829797,1.3701609916829154,30,4,10.833333333333334,0.7700000000000001,0.6185668920981788,0.13333333333333333
finetune_000257_v03,finetune_000257,Fe2C4Cl2O9,HF_COREMOF_GCMC,/home/rakeyma/Tüm_çalışmalar/MOF Radyoaktif Gaz Adsorpsiyonu/data/processed/augmented_cif/finetune_000257_v03.cif,Fe4C9Cl4O17,True,0.0400760202924734,1,,-CH3,0.06360698155726646,"functional,defect,noise",False,True,0.11669978757312532,0.17791480662822912,3.14414990620517e+25,4.7934176591550115e+25,3.702555890588286,2.0364057398235573,1.5245512466485494,34,4,10.647058823529411,0.7676470588235293,0.6185668920981788,0.11764705882352941
finetune_000257_v04,finetune_000257,Fe2C4Cl2O9,HF_COREMOF_GCMC,/home/rakeyma/Tüm_çalışmalar/MOF Radyoaktif Gaz Adsorpsiyonu/data/processed/augmented_cif/finetune_000257_v04.cif,Fe2C4Cl2O9,True,0.0,0,,,0.060652832730492184,"noise,substitution",False,False,0.12079591757760155,0.18514518171862593,3.2545086912313033e+25,4.988219926023356e+25,3.7770417350350907,2.0773729542693,1.5327105868431787,34,4,10.705882352941176,0.7647058823529411,0.6185668920981788,0.11764705882352941
finetune_000257_v05,finetune_000257,Fe2C4Cl2O9,HF_COREMOF_GCMC,/home/rakeyma/Tüm_çalışmalar/MOF Radyoaktif Gaz Adsorpsiyonu/data/processed/augmented_cif/finetune_000257_v05.cif,Fe4C8N(ClO8)2,True,0.14362504765849202,4,,-NH2,0.05348400658623259,"functional,defect,noise",False,True,0.1906066912580796,0.2574828400347977,5.135365049963295e+25,6.9371561352463305e+25,4.454200085125031,2.449810046818767,1.3508593970930876,31,5,10.35483870967742,0.7564516129032259,0.5657066377549409,0.12903225806451613
finetune_000257_v06,finetune_000257,Fe2C4Cl2O9,HF_COREMOF_GCMC,/home/rakeyma/Tüm_çalışmalar/MOF Radyoaktif Gaz Adsorpsiyonu/data/processed/augmented_cif/finetune_000257_v06.cif,Fe2C4Cl2O9,True,0.0,0,,,0.04880096281484503,"substitution,noise",False,False,0.12079591757760155,0.18514518171862593,3.2545086912313033e+25,4.988219926023356e+25,3.7770417350350907,2.0773729542693,1.5327105868431787,34,4,10.705882352941176,0.7647058823529411,0.6185668920981788,0.11764705882352941
finetune_000258_v00,finetune_000258,Ho(CO2)4,HF_COREMOF_GCMC,/home/rakeyma/Tüm_çalışmalar/MOF Radyoaktif Gaz Adsorpsiyonu/data/processed/augmented_cif/finetune_000258_v00.cif,Ho(CO2)4,False,0.0,0,,,0.0,none,False,False,0.14997836171222506,0.25281674030478984,2.4414133620380375e+25,4.115461463109865e+25,4.837021143375599,2.6603616288565797,1.6856881047273249,52,3,11.923076923076923,0.7192307692307693,0.9079035680560402,0.07692307692307693
finetune_000258_v01,finetune_000258,Ho(CO2)4,HF_COREMOF_GCMC,/home/rakeyma/Tüm_çalışmalar/MOF Radyoaktif Gaz Adsorpsiyonu/data/processed/augmented_cif/finetune_000258_v01.cif,Ho2C9O16,True,0.0,0,,-CH3,0.08211839105746138,"noise,substitution,functional",False,True,0.12952345876697718,0.22218162834662825,2.108439506345835e+25,3.616769712991286e+25,4.534497269418265,2.4939734981800457,1.715377511237948,54,3,11.703703703703704,0.7185185185185188,0.9079035680560402,0.07407407407407407
finetune_000258_v02,finetune_000258,Ho(CO2)4,HF_COREMOF_GCMC,/home/rakeyma/Tüm_çalışmalar/MOF Radyoaktif Gaz Adsorpsiyonu/data/processed/augmented_cif/finetune_000258_v02.cif,Ho4C14O31,True,0.0772514528283498,3,,,0.09098845921565657,"noise,defect",False,False,0.17992695575366202,0.2944008275586534,2.9289296732730667e+25,4.792385421410863e+25,5.21968849127216,2.8708286701996886,1.6362241350968976,49,3,12.244897959183673,0.7224489795918368,0.9079035680560402,0.08163265306122448
finetune_000258_v03,finetune_000258,Ho(CO2)4,HF_COREMOF_GCMC,/home/rakeyma/Tüm_çalışmalar/MOF Radyoaktif Gaz Adsorpsiyonu/data/processed/augmented_cif/finetune_000258_v03.cif,Ho2C8NO16,True,0.0,0,,-NH2,0.03183830609649568,"functional,noise,substitution",False,True,0.13346213653976627,0.22959644159866344,2.172555025634546e+25,3.7374712858306406e+25,4.609540641960254,2.5352473530781396,1.7203114497590337,54,4,11.74074074074074,0.7166666666666667,0.8327214420200791,0.07407407407407407
finetune_000258_v04,finetune_000258,Ho(CO2)4,HF_COREMOF_GCMC,/home/rakeyma/Tüm_çalışmalar/MOF Radyoaktif Gaz Adsorpsiyonu/data/processed/augmented_cif/finetune_000258_v04.cif,Ho4C15N2O27,True,0.14473299790563876,6,,-NH2,0.06632350302412332,"noise,defect,functional",False,True,0.18651811655202194,0.29965887405625413,3.0362234712632967e+25,4.877978201802017e+25,5.266094445052387,2.896351944778813,1.6065939309047013,48,4,12.25,0.7291666666666666,0.8327214420200791,0.08333333333333333
finetune_000258_v05,finetune_000258,Ho(CO2)4,HF_COREMOF_GCMC,/home/rakeyma/Tüm_çalışmalar/MOF Radyoaktif Gaz Adsorpsiyonu/data/processed/augmented_cif/finetune_000258_v05.cif,Ho4C15O29,True,0.09830973813143554,4,,,0.11604764778854167,"defect,noise",False,False,0.18676856380267862,0.30098122217097656,3.040300361137666e+25,4.899503962716408e+25,5.277700883631027,2.902735485997065,1.6115197121126008,48,3,12.291666666666666,0.7270833333333334,0.9079035680560402,0.08333333333333333
finetune_000258_v06,finetune_000258,Ho(CO2)4,HF_COREMOF_GCMC,/home/rakeyma/Tüm_çalışmalar/MOF Radyoaktif Gaz Adsorpsiyonu/data/processed/augmented_cif/finetune_000258_v06.cif,Ho2C8NO16,True,0.0,0,,-NH2,0.10856393498270951,"functional,noise",False,True,0.13346213653976627,0.22959644159866344,2.172555025634546e+25,3.7374712858306406e+25,4.609540641960254,2.5352473530781396,1.7203114497590337,54,4,11.74074074074074,0.7166666666666667,0.8327214420200791,0.07407407407407407
finetune_000259_v00,finetune_000259,Ho(CO2)4,HF_COREMOF_GCMC,/home/rakeyma/Tüm_çalışmalar/MOF Radyoaktif Gaz Adsorpsiyonu/data/processed/augmented_cif/finetune_000259_v00.cif,Ho(CO2)4,False,0.0,0,,,0.0,none,False,False,0.14997836171222506,0.25281674030478984,2.4414133620380375e+25,4.115461463109865e+25,4.837021143375599,2.6603616288565797,1.6856881047273249,52,3,11.923076923076923,0.7192307692307693,0.9079035680560402,0.07692307692307693
finetune_000259_v01,finetune_000259,Ho(CO2)4,HF_COREMOF_GCMC,/home/rakeyma/Tüm_çalışmalar/MOF Radyoaktif Gaz Adsorpsiyonu/data/processed/augmented_cif/finetune_000259_v01.cif,Ho4C15O31,True,0.04999810470019088,2,,,0.13322323108892375,"noise,defect",False,False,0.16903188110442552,0.2790832715795726,2.7515748833862025e+25,4.543039546351572e+25,5.082085587469832,2.795147073108408,1.651068838352209,50,3,12.12,0.7220000000000002,0.9079035680560402,0.08
finetune_000259_v02,finetune_000259,Ho(CO2)4,HF_COREMOF_GCMC,/home/rakeyma/Tüm_çalışmalar/MOF Radyoaktif Gaz Adsorpsiyonu/data/processed/augmented_cif/finetune_000259_v02.cif,Ho(CO2)4,True,0.0,0,,,0.042583124381389635,noise,False,False,0.14997836171222506,0.25281674030478984,2.4414133620380375e+25,4.115461463109865e+25,4.837021143375599,2.6603616288565797,1.6856881047273249,52,3,11.923076923076923,0.7192307692307693,0.9079035680560402,0.07692307692307693
finetune_000259_v03,finetune_000259,Ho(CO2)4,HF_COREMOF_GCMC,/home/rakeyma/Tüm_çalışmalar/MOF Radyoaktif Gaz Adsorpsiyonu/data/processed/augmented_cif/finetune_000259_v03.cif,Ho4C17O30,True,0.06352221973840945,3,,-CH3,0.07234500735830225,"functional,noise,defect",False,True,0.1561707906997033,0.259397134917113,2.542216429233221e+25,4.22258000441541e+25,4.899566533135689,2.6947615932246287,1.6609836817430281,51,3,11.96078431372549,0.7235294117647061,0.9079035680560402,0.0784313725490196
finetune_000259_v04,finetune_000259,Ho(CO2)4,HF_COREMOF_GCMC,/home/rakeyma/Tüm_çalışmalar/MOF Radyoaktif Gaz Adsorpsiyonu/data/processed/augmented_cif/finetune_000259_v04.cif,Ho4C14O27,True,0.14906374350898158,7,,,0.0716214368138959,"defect,noise",False,False,0.21719292737779144,0.33819672874146134,3.535561456910319e+25,5.505314254140533e+25,5.594480614260924,3.0769643378435085,1.5571258826176806,45,3,12.622222222222222,0.7333333333333335,0.9079035680560402,0.08888888888888889
finetune_000259_v05,finetune_000259,Ho(CO2)4,HF_COREMOF_GCMC,/home/rakeyma/Tüm_çalışmalar/MOF Radyoaktif Gaz Adsorpsiyonu/data/processed/augmented_cif/finetune_000259_v05.cif,Ho2C9O16,True,0.0,0,,-CH3,0.08486651073132548,"substitution,functional,noise",False,True,0.12952345876697718,0.22218162834662825,2.108439506345835e+25,3.616769712991286e+25,4.534497269418265,2.4939734981800457,1.715377511237948,54,3,11.703703703703704,0.7185185185185188,0.9079035680560402,0.07407407407407407
finetune_000259_v06,finetune_000259,Ho(CO2)4,HF_COREMOF_GCMC,/home/rakeyma/Tüm_çalışmalar/MOF Radyoaktif Gaz Adsorpsiyonu/data/processed/augmented_cif/finetune_000259_v06.cif,Ho(CO2)4,True,0.0,0,,,0.05795006992522343,"substitution,noise",False,False,0.14997836171222506,0.25281674030478984,2.4414133620380375e+25,4.115461463109865e+25,4.837021143375599,2.6603616288565797,1.6856881047273249,52,3,11.923076923076923,0.7192307692307693,0.9079035680560402,0.07692307692307693
finetune_000260_v00,finetune_000260,CuHC4O3,HF_COREMOF_GCMC,/home/rakeyma/Tüm_çalışmalar/MOF Radyoaktif Gaz Adsorpsiyonu/data/processed/augmented_cif/finetune_000260_v00.cif,CuHC4O3,False,0.0,0,,,0.0,none,False,False,0.14306361389834307,0.18913494331402203,2.5852239851953995e+25,3.417753673141659e+25,2.7268008935398664,1.4997404914469266,1.3220338712288924,54,4,8.666666666666666,0.688888888888889,0.577510822409416,0.1111111111111111
finetune_000260_v01,finetune_000260,CuHC4O3,HF_COREMOF_GCMC,/home/rakeyma/Tüm_çalışmalar/MOF Radyoaktif Gaz Adsorpsiyonu/data/processed/augmented_cif/finetune_000260_v01.cif,Zn5H6C21(NO4)4,True,0.1128741448157757,6,Zn,-NH2,0.11663076070986883,"substitution,functional,defect,noise",False,True,0.1857869599779707,0.22873313771571768,3.3572541052463258e+25,4.133310893794808e+25,2.9986935438127444,1.6492814490970096,1.2311581918496284,52,5,8.423076923076923,0.6759615384615383,0.6263098274815748,0.09615384615384616
finetune_000260_v02,finetune_000260,CuHC4O3,HF_COREMOF_GCMC,/home/rakeyma/Tüm_çalışmalar/MOF Radyoaktif Gaz Adsorpsiyonu/data/processed/augmented_cif/finetune_000260_v02.cif,CoHC4O3,True,0.0,0,Co,,0.06543462125166298,"noise,substitution",False,False,0.13968602411458594,0.17936534669415483,2.5241894154457186e+25,3.241212658839369e+25,2.6554419477843303,1.4604930712813817,1.2840607915579263,54,4,8.444444444444445,0.688888888888889,0.5829397481729994,0.1111111111111111
finetune_000260_v03,finetune_000260,CuHC4O3,HF_COREMOF_GCMC,/home/rakeyma/Tüm_çalışmalar/MOF Radyoaktif Gaz Adsorpsiyonu/data/processed/augmented_cif/finetune_000260_v03.cif,Co3H3C12N2O9,True,0.0,0,Co,-NH2,0.10063219577628936,"functional,noise,substitution",False,True,0.09391539870802033,0.1278123314966645,1.6970935844783324e+25,2.309626438094259e+25,2.2415783294132776,1.2328680811773027,1.360930510384442,58,5,8.344827586206897,0.6862068965517241,0.5617259118110896,0.10344827586206896
finetune_000260_v04,finetune_000260,CuHC4O3,HF_COREMOF_GCMC,/home/rakeyma/Tüm_çalışmalar/MOF Radyoaktif Gaz Adsorpsiyonu/data/processed/augmented_cif/finetune_000260_v04.cif,CuHC4O3,True,0.0,0,,,0.07544156673488546,noise,False,False,0.14306361389834307,0.18913494331402203,2.5852239851953995e+25,3.417753673141659e+25,2.7268008935398664,1.4997404914469266,1.3220338712288924,54,4,8.666666666666666,0.688888888888889,0.577510822409416,0.1111111111111111
finetune_000260_v05,finetune_000260,CuHC4O3,HF_COREMOF_GCMC,/home/rakeyma/Tüm_çalışmalar/MOF Radyoaktif Gaz Adsorpsiyonu/data/processed/augmented_cif/finetune_000260_v05.cif,NiHC4O3,True,0.0,0,Ni,,0.064642411730629,"substitution,noise",False,False,0.14564496750877595,0.1867294866506949,2.6318702084112047e+25,3.374285987040843e+25,2.709405402620675,1.4901729714413714,1.2820867747417592,54,4,8.555555555555555,0.688888888888889,0.5748260606479145,0.1111111111111111
finetune_000260_v06,finetune_000260,CuHC4O3,HF_COREMOF_GCMC,/home/rakeyma/Tüm_çalışmalar/MOF Radyoaktif Gaz Adsorpsiyonu/data/processed/augmented_cif/finetune_000260_v06.cif,CoHC4O3,True,0.0,0,Co,,0.121271102651077,"noise,substitution",False,False,0.13968602411458594,0.17936534669415483,2.5241894154457186e+25,3.241212658839369e+25,2.6554419477843303,1.4604930712813817,1.2840607915579263,54,4,8.444444444444445,0.688888888888889,0.5829397481729994,0.1111111111111111
finetune_000261_v00,finetune_000261,CuHC4O3,HF_COREMOF_GCMC,/home/rakeyma/Tüm_çalışmalar/MOF Radyoaktif Gaz Adsorpsiyonu/data/processed/augmented_cif/finetune_000261_v00.cif,CuHC4O3,False,0.0,0,,,0.0,none,False,False,0.14306361389834307,0.18913494331402203,2.5852239851953995e+25,3.417753673141659e+25,2.7268008935398664,1.4997404914469266,1.3220338712288924,54,4,8.666666666666666,0.688888888888889,0.577510822409416,0.1111111111111111
finetune_000261_v01,finetune_000261,CuHC4O3,HF_COREMOF_GCMC,/home/rakeyma/Tüm_çalışmalar/MOF Radyoaktif Gaz Adsorpsiyonu/data/processed/augmented_cif/finetune_000261_v01.cif,Ni3H3(C5O4)2,True,0.1437398883650759,6,Ni,,0.057248319333117956,"defect,substitution,noise",False,False,0.23804552897890646,0.2790532379212408,4.301590001228977e+25,5.042617784932003e+25,3.312158214378345,1.82168701790809,1.172268343447728,48,4,8.791666666666666,0.6916666666666668,0.5748260606479145,0.125
finetune_000261_v02,finetune_000261,CuHC4O3,HF_COREMOF_GCMC,/home/rakeyma/Tüm_çalışmalar/MOF Radyoaktif Gaz Adsorpsiyonu/data/processed/augmented_cif/finetune_000261_v02.cif,CuHC4O3,True,0.0,0,,,0.1269158692843211,noise,False,False,0.14306361389834307,0.18913494331402203,2.5852239851953995e+25,3.417753673141659e+25,2.7268008935398664,1.4997404914469266,1.3220338712288924,54,4,8.666666666666666,0.688888888888889,0.577510822409416,0.1111111111111111
finetune_000261_v03,finetune_000261,CuHC4O3,HF_COREMOF_GCMC,/home/rakeyma/Tüm_çalışmalar/MOF Radyoaktif Gaz Adsorpsiyonu/data/processed/augmented_cif/finetune_000261_v03.cif,Zn5H6(C8O5)3,True,0.08806230501619572,4,Zn,,0.11642473748824768,"substitution,defect,noise",False,False,0.2042938339381602,0.24142907528566016,3.691681659179551e+25,4.36273220803395e+25,3.0807916342715598,1.6944353988493581,1.1817736768244353,50,4,8.4,0.6809999999999999,0.6504229393248673,0.1
finetune_000261_v04,finetune_000261,CuHC4O3,HF_COREMOF_GCMC,/home/rakeyma/Tüm_çalışmalar/MOF Radyoaktif Gaz Adsorpsiyonu/data/processed/augmented_cif/finetune_000261_v04.cif,Zn5H6C28O15,True,0.08134326295413588,4,Zn,-CH3,0.10034372560669261,"substitution,defect,functional,noise",False,True,0.1389880676648475,0.1734139126754034,2.5115770278139637e+25,3.1336675636727063e+25,2.6110158574043294,1.4360587215723812,1.2476892123831058,54,4,8.222222222222221,0.6824074074074076,0.6504229393248673,0.09259259259259259
finetune_000261_v05,finetune_000261,CuHC4O3,HF_COREMOF_GCMC,/home/rakeyma/Tüm_çalışmalar/MOF Radyoaktif Gaz Adsorpsiyonu/data/processed/augmented_cif/finetune_000261_v05.cif,ZnHC4O3,True,0.0,0,Zn,,0.03709236265320042,"substitution,noise",False,False,0.13224532090732105,0.17686096140228846,2.389732554794834e+25,3.1959572878314488e+25,2.6368385027361887,1.4502611765049038,1.3373702766106526,54,4,8.777777777777779,0.688888888888889,0.6504229393248673,0.1111111111111111
finetune_000261_v06,finetune_000261,CuHC4O3,HF_COREMOF_GCMC,/home/rakeyma/Tüm_çalışmalar/MOF Radyoaktif Gaz Adsorpsiyonu/data/processed/augmented_cif/finetune_000261_v06.cif,CuHC4O3,True,0.0,0,,,0.030267224089132065,noise,False,False,0.14306361389834307,0.18913494331402203,2.5852239851953995e+25,3.417753673141659e+25,2.7268008935398664,1.4997404914469266,1.3220338712288924,54,4,8.666666666666666,0.688888888888889,0.577510822409416,0.1111111111111111
finetune_000262_v00,finetune_000262,Fe2C4Cl2O9,HF_COREMOF_GCMC,/home/rakeyma/Tüm_çalışmalar/MOF Radyoaktif Gaz Adsorpsiyonu/data/processed/augmented_cif/finetune_000262_v00.cif,Fe2C4Cl2O9,False,0.0,0,,,0.0,none,False,False,0.12079591757760155,0.18514518171862593,3.2545086912313033e+25,4.988219926023356e+25,3.7770417350350907,2.0773729542693,1.5327105868431787,34,4,10.705882352941176,0.7647058823529411,0.6185668920981788,0.11764705882352941
finetune_000262_v01,finetune_000262,Fe2C4Cl2O9,HF_COREMOF_GCMC,/home/rakeyma/Tüm_çalışmalar/MOF Radyoaktif Gaz Adsorpsiyonu/data/processed/augmented_cif/finetune_000262_v01.cif,Fe4C9(Cl2O9)2,True,0.0,0,,-CH3,0.07354473242604818,"substitution,functional,noise",False,True,0.10261053326367507,0.15979331500862493,2.764554291364819e+25,4.305184669524468e+25,3.5089314160668676,1.9299122788367773,1.5572798418073615,35,4,10.571428571428571,0.7628571428571428,0.6185668920981788,0.11428571428571428
finetune_000262_v02,finetune_000262,Fe2C4Cl2O9,HF_COREMOF_GCMC,/home/rakeyma/Tüm_çalışmalar/MOF Radyoaktif Gaz Adsorpsiyonu/data/processed/augmented_cif/finetune_000262_v02.cif,Fe4C5(Cl2O9)2,True,0.11777228763553625,3,,,0.10321053952702261,"noise,defect",False,False,0.17902692024914268,0.2612007818486296,4.8233804552286016e+25,7.037325695520045e+25,4.486243197242487,2.4674337584833683,1.4590028219506301,31,4,11.161290322580646,0.7709677419354841,0.6185668920981788,0.12903225806451613
finetune_000262_v03,finetune_000262,Fe2C4Cl2O9,HF_COREMOF_GCMC,/home/rakeyma/Tüm_çalışmalar/MOF Radyoaktif Gaz Adsorpsiyonu/data/processed/augmented_cif/finetune_000262_v03.cif,Fe2C4Cl2O9,True,0.0,0,,,0.04995241923678648,"substitution,noise,defect",False,False,0.12079591757760155,0.18514518171862593,3.2545086912313033e+25,4.988219926023356e+25,3.7770417350350907,2.0773729542693,1.5327105868431787,34,4,10.705882352941176,0.7647058823529411,0.6185668920981788,0.11764705882352941
finetune_000262_v04,finetune_000262,Fe2C4Cl2O9,HF_COREMOF_GCMC,/home/rakeyma/Tüm_çalışmalar/MOF Radyoaktif Gaz Adsorpsiyonu/data/processed/augmented_cif/finetune_000262_v04.cif,Fe4C9Cl3O16,True,0.10684220516711171,3,,-CH3,0.07271632385036317,"defect,functional,noise",False,True,0.15760699639584513,0.22369153143507392,4.246280419531734e+25,6.0267436831431305e+25,4.151646312014268,2.2834054716078476,1.4192995016112808,32,4,10.53125,0.765625,0.6185668920981788,0.125
finetune_000262_v05,finetune_000262,Fe2C4Cl2O9,HF_COREMOF_GCMC,/home/rakeyma/Tüm_çalışmalar/MOF Radyoaktif Gaz Adsorpsiyonu/data/processed/augmented_cif/finetune_000262_v05.cif,Fe4C9Cl3O16,True,0.1186974665854888,3,,-CH3,0.13412152052670928,"defect,functional,noise",False,True,0.15760699639584513,0.22369153143507392,4.246280419531734e+25,6.0267436831431305e+25,4.151646312014268,2.2834054716078476,1.4192995016112808,32,4,10.53125,0.765625,0.6185668920981788,0.125
finetune_000262_v06,finetune_000262,Fe2C4Cl2O9,HF_COREMOF_GCMC,/home/rakeyma/Tüm_çalışmalar/MOF Radyoaktif Gaz Adsorpsiyonu/data/processed/augmented_cif/finetune_000262_v06.cif,Fe4C8N(Cl2O9)2,True,0.0,0,,-NH2,0.06610775739657002,"functional,noise",False,True,0.10627214966157594,0.1659293904211081,2.8632063205881394e+25,4.470504087270088e+25,3.5756683912332416,1.966617615178283,1.5613628871676244,35,5,10.6,0.7614285714285713,0.5657066377549409,0.11428571428571428
finetune_000263_v00,finetune_000263,Ho(CO2)4,HF_COREMOF_GCMC,/home/rakeyma/Tüm_çalışmalar/MOF Radyoaktif Gaz Adsorpsiyonu/data/processed/augmented_cif/finetune_000263_v00.cif,Ho(CO2)4,False,0.0,0,,,0.0,none,False,False,0.14997836171222506,0.25281674030478984,2.4414133620380375e+25,4.115461463109865e+25,4.837021143375599,2.6603616288565797,1.6856881047273249,52,3,11.923076923076923,0.7192307692307693,0.9079035680560402,0.07692307692307693
finetune_000263_v01,finetune_000263,Ho(CO2)4,HF_COREMOF_GCMC,/home/rakeyma/Tüm_çalışmalar/MOF Radyoaktif Gaz Adsorpsiyonu/data/processed/augmented_cif/finetune_000263_v01.cif,Ho4C14O29,True,0.11249762270381777,5,,,0.14273908965979848,"defect,noise",False,False,0.19809840850232044,0.31629877815005736,3.2247325280431573e+25,5.148849837775696e+25,5.410330918218419,2.9756820050201305,1.596675008857289,47,3,12.425531914893616,0.7276595744680853,0.9079035680560402,0.0851063829787234
finetune_000263_v02,finetune_000263,Ho(CO2)4,HF_COREMOF_GCMC,/home/rakeyma/Tüm_çalışmalar/MOF Radyoaktif Gaz Adsorpsiyonu/data/processed/augmented_cif/finetune_000263_v02.cif,Ho2(CO2)7,True,0.13074226323560895,6,,,0.1476132119641135,"defect,noise",False,False,0.20752594390491919,0.3272477534457594,3.37819807227383e+25,5.327082045958115e+25,5.503176082407843,3.026746845324314,1.5769004457374851,46,3,12.521739130434783,0.7304347826086959,0.9079035680560402,0.08695652173913043
finetune_000263_v03,finetune_000263,Ho(CO2)4,HF_COREMOF_GCMC,/home/rakeyma/Tüm_çalışmalar/MOF Radyoaktif Gaz Adsorpsiyonu/data/processed/augmented_cif/finetune_000263_v03.cif,Ho(CO2)4,True,0.0,0,,,0.09424151491486371,"noise,substitution,defect",False,False,0.14997836171222506,0.25281674030478984,2.4414133620380375e+25,4.115461463109865e+25,4.837021143375599,2.6603616288565797,1.6856881047273249,52,3,11.923076923076923,0.7192307692307693,0.9079035680560402,0.07692307692307693
finetune_000263_v04,finetune_000263,Ho(CO2)4,HF_COREMOF_GCMC,/home/rakeyma/Tüm_çalışmalar/MOF Radyoaktif Gaz Adsorpsiyonu/data/processed/augmented_cif/finetune_000263_v04.cif,Ho(CO2)4,True,0.0,0,,,0.03516006381737023,"substitution,noise",False,False,0.14997836171222506,0.25281674030478984,2.4414133620380375e+25,4.115461463109865e+25,4.837021143375599,2.6603616288565797,1.6856881047273249,52,3,11.923076923076923,0.7192307692307693,0.9079035680560402,0.07692307692307693
finetune_000263_v05,finetune_000263,Ho(CO2)4,HF_COREMOF_GCMC,/home/rakeyma/Tüm_çalışmalar/MOF Radyoaktif Gaz Adsorpsiyonu/data/processed/augmented_cif/finetune_000263_v05.cif,Ho2C9O16,True,0.0,0,,-CH3,0.07530119685813866,"noise,functional,substitution",False,True,0.12952345876697718,0.22218162834662825,2.108439506345835e+25,3.616769712991286e+25,4.534497269418265,2.4939734981800457,1.715377511237948,54,3,11.703703703703704,0.7185185185185188,0.9079035680560402,0.07407407407407407
finetune_000263_v06,finetune_000263,Ho(CO2)4,HF_COREMOF_GCMC,/home/rakeyma/Tüm_çalışmalar/MOF Radyoaktif Gaz Adsorpsiyonu/data/processed/augmented_cif/finetune_000263_v06.cif,Ho2C9O16,True,0.0,0,,-CH3,0.0612777460109883,"substitution,functional,defect,noise",False,True,0.12952345876697718,0.22218162834662825,2.108439506345835e+25,3.616769712991286e+25,4.534497269418265,2.4939734981800457,1.715377511237948,54,3,11.703703703703704,0.7185185185185188,0.9079035680560402,0.07407407407407407
finetune_000264_v00,finetune_000264,CuHC4O3,HF_COREMOF_GCMC,/home/rakeyma/Tüm_çalışmalar/MOF Radyoaktif Gaz Adsorpsiyonu/data/processed/augmented_cif/finetune_000264_v00.cif,CuHC4O3,False,0.0,0,,,0.0,none,False,False,0.14306361389834307,0.18913494331402203,2.5852239851953995e+25,3.417753673141659e+25,2.7268008935398664,1.4997404914469266,1.3220338712288924,54,4,8.666666666666666,0.688888888888889,0.577510822409416,0.1111111111111111
finetune_000264_v01,finetune_000264,CuHC4O3,HF_COREMOF_GCMC,/home/rakeyma/Tüm_çalışmalar/MOF Radyoaktif Gaz Adsorpsiyonu/data/processed/augmented_cif/finetune_000264_v01.cif,CoHC4O3,True,0.0,0,Co,,0.0459315076662878,"substitution,noise",False,False,0.13968602411458594,0.17936534669415483,2.5241894154457186e+25,3.241212658839369e+25,2.6554419477843303,1.4604930712813817,1.2840607915579263,54,4,8.444444444444445,0.688888888888889,0.5829397481729994,0.1111111111111111
finetune_000264_v02,finetune_000264,CuHC4O3,HF_COREMOF_GCMC,/home/rakeyma/Tüm_çalışmalar/MOF Radyoaktif Gaz Adsorpsiyonu/data/processed/augmented_cif/finetune_000264_v02.cif,Cu3H3C12N2O9,True,0.0,0,,-NH2,0.0339013723261586,"noise,functional",False,True,0.0983498284617901,0.1375819281165317,1.7772257288281578e+25,2.4861674523965486e+25,2.325670781054876,1.279118929580182,1.3989035900554079,58,5,8.551724137931034,0.6862068965517241,0.5564746175702895,0.10344827586206896
finetune_000264_v03,finetune_000264,CuHC4O3,HF_COREMOF_GCMC,/home/rakeyma/Tüm_çalışmalar/MOF Radyoaktif Gaz Adsorpsiyonu/data/processed/augmented_cif/finetune_000264_v03.cif,Cu6H5(C7O6)3,True,0.09183280920381767,4,,,0.042161728033316324,"defect,noise",False,False,0.19253471019755525,0.24475287854437144,3.479188993080021e+25,4.42279483103323e+25,3.1019260853423023,1.7060593469382663,1.2712143088030017,50,4,8.98,0.6970000000000001,0.577510822409416,0.12
finetune_000264_v04,finetune_000264,CuHC4O3,HF_COREMOF_GCMC,/home/rakeyma/Tüm_çalışmalar/MOF Radyoaktif Gaz Adsorpsiyonu/data/processed/augmented_cif/finetune_000264_v04.cif,Cu3H3C14O9,True,0.0,0,,-CH3,0.08378033119360775,"functional,noise",False,True,0.08726527070183297,0.12111978070376517,1.5769227740412955e+25,2.188689028780414e+25,2.182102157743548,1.2001561867589514,1.3879494067875628,58,4,8.482758620689655,0.6896551724137931,0.577510822409416,0.10344827586206896
finetune_000264_v05,finetune_000264,CuHC4O3,HF_COREMOF_GCMC,/home/rakeyma/Tüm_çalışmalar/MOF Radyoaktif Gaz Adsorpsiyonu/data/processed/augmented_cif/finetune_000264_v05.cif,Cu3H3C10O9,True,0.10110256510770448,4,,,0.031052538713856926,"defect,noise",False,False,0.204718057703594,0.2571501059242789,3.6993475738283207e+25,4.646818317502903e+25,3.1795151201386953,1.7487333160762826,1.2561183356702217,50,4,8.88,0.6880000000000002,0.577510822409416,0.12
finetune_000264_v06,finetune_000264,CuHC4O3,HF_COREMOF_GCMC,/home/rakeyma/Tüm_çalışmalar/MOF Radyoaktif Gaz Adsorpsiyonu/data/processed/augmented_cif/finetune_000264_v06.cif,CuHC4O3,True,0.0,0,,,0.11474616039393631,noise,False,False,0.14306361389834307,0.18913494331402203,2.5852239851953995e+25,3.417753673141659e+25,2.7268008935398664,1.4997404914469266,1.3220338712288924,54,4,8.666666666666666,0.688888888888889,0.577510822409416,0.1111111111111111
finetune_000265_v00,finetune_000265,Ho(CO2)4,HF_COREMOF_GCMC,/home/rakeyma/Tüm_çalışmalar/MOF Radyoaktif Gaz Adsorpsiyonu/data/processed/augmented_cif/finetune_000265_v00.cif,Ho(CO2)4,False,0.0,0,,,0.0,none,False,False,0.14997836171222506,0.25281674030478984,2.4414133620380375e+25,4.115461463109865e+25,4.837021143375599,2.6603616288565797,1.6856881047273249,52,3,11.923076923076923,0.7192307692307693,0.9079035680560402,0.07692307692307693
finetune_000265_v01,finetune_000265,Ho(CO2)4,HF_COREMOF_GCMC,/home/rakeyma/Tüm_çalışmalar/MOF Radyoaktif Gaz Adsorpsiyonu/data/processed/augmented_cif/finetune_000265_v01.cif,Ho(CO2)4,True,0.0,0,,,0.053506264957804715,"substitution,noise",False,False,0.14997836171222506,0.25281674030478984,2.4414133620380375e+25,4.115461463109865e+25,4.837021143375599,2.6603616288565797,1.6856881047273249,52,3,11.923076923076923,0.7192307692307693,0.9079035680560402,0.07692307692307693
finetune_000265_v02,finetune_000265,Ho(CO2)4,HF_COREMOF_GCMC,/home/rakeyma/Tüm_çalışmalar/MOF Radyoaktif Gaz Adsorpsiyonu/data/processed/augmented_cif/finetune_000265_v02.cif,Ho2C9O16,True,0.0,0,,-CH3,0.10732110090011521,"noise,functional,substitution",False,True,0.12952345876697718,0.22218162834662825,2.108439506345835e+25,3.616769712991286e+25,4.534497269418265,2.4939734981800457,1.715377511237948,54,3,11.703703703703704,0.7185185185185188,0.9079035680560402,0.07407407407407407
finetune_000265_v03,finetune_000265,Ho(CO2)4,HF_COREMOF_GCMC,/home/rakeyma/Tüm_çalışmalar/MOF Radyoaktif Gaz Adsorpsiyonu/data/processed/augmented_cif/finetune_000265_v03.cif,Ho4C14N2O29,True,0.11108263051341859,5,,-NH2,0.03251178236217189,"functional,noise,defect",False,True,0.17965964272889448,0.29307847944393106,2.924578234951807e+25,4.770859660496474e+25,5.207952767935874,2.8643740223647307,1.631298353888998,49,4,12.204081632653061,0.7244897959183674,0.8327214420200791,0.08163265306122448
finetune_000265_v04,finetune_000265,Ho(CO2)4,HF_COREMOF_GCMC,/home/rakeyma/Tüm_çalışmalar/MOF Radyoaktif Gaz Adsorpsiyonu/data/processed/augmented_cif/finetune_000265_v04.cif,Ho4C14N2O27,True,0.15728491692452426,7,,-NH2,0.04563122816234974,"defect,functional,noise",False,True,0.19788068658307154,0.31497643003533504,3.2211883554252254e+25,5.12732407686131e+25,5.399009606563231,2.9694552836097774,1.5917492276493896,47,4,12.382978723404255,0.7297872340425533,0.8327214420200791,0.0851063829787234
finetune_000265_v05,finetune_000265,Ho(CO2)4,HF_COREMOF_GCMC,/home/rakeyma/Tüm_çalışmalar/MOF Radyoaktif Gaz Adsorpsiyonu/data/processed/augmented_cif/finetune_000265_v05.cif,Ho(CO2)4,True,0.0,0,,,0.11399716237735906,"substitution,noise",False,False,0.14997836171222506,0.25281674030478984,2.4414133620380375e+25,4.115461463109865e+25,4.837021143375599,2.6603616288565797,1.6856881047273249,52,3,11.923076923076923,0.7192307692307693,0.9079035680560402,0.07692307692307693
finetune_000265_v06,finetune_000265,Ho(CO2)4,HF_COREMOF_GCMC,/home/rakeyma/Tüm_çalışmalar/MOF Radyoaktif Gaz Adsorpsiyonu/data/processed/augmented_cif/finetune_000265_v06.cif,Ho(CO2)4,True,0.0,0,,,0.1379369784077174,"substitution,noise",False,False,0.14997836171222506,0.25281674030478984,2.4414133620380375e+25,4.115461463109865e+25,4.837021143375599,2.6603616288565797,1.6856881047273249,52,3,11.923076923076923,0.7192307692307693,0.9079035680560402,0.07692307692307693
finetune_000266_v00,finetune_000266,NiH9C11(NO)2,HF_COREMOF_GCMC,/home/rakeyma/Tüm_çalışmalar/MOF Radyoaktif Gaz Adsorpsiyonu/data/processed/augmented_cif/finetune_000266_v00.cif,NiH9C11(NO)2,False,0.0,0,,,0.0,none,False,False,0.11050820778470832,0.11439936982589449,2.8987157079593816e+25,3.0007838959891437e+25,2.7487932508246935,1.5118362879535816,1.035211520657062,50,5,5.32,0.552,0.5538736317970011,0.04
finetune_000266_v01,finetune_000266,NiH9C11(NO)2,HF_COREMOF_GCMC,/home/rakeyma/Tüm_çalışmalar/MOF Radyoaktif Gaz Adsorpsiyonu/data/processed/augmented_cif/finetune_000266_v01.cif,ZnH9C11(NO)2,True,0.0,0,Zn,,0.1151551731149595,"substitution,noise",False,False,0.1032282410197356,0.10962437280357062,2.7077565526343722e+25,2.875532033240315e+25,2.6908148796367106,1.4799481838001909,1.0619610653116929,50,5,5.4,0.552,0.6263098274815748,0.04
finetune_000266_v02,finetune_000266,NiH9C11(NO)2,HF_COREMOF_GCMC,/home/rakeyma/Tüm_çalışmalar/MOF Radyoaktif Gaz Adsorpsiyonu/data/processed/augmented_cif/finetune_000266_v02.cif,Zn2H18C25(NO)4,True,0.0,0,Zn,-CH3,0.14100274721623154,"substitution,noise,functional",False,True,0.04410250278742338,0.05,1.1568427373221471e+25,1.3115386477023723e+25,1.8172524453140793,1.2,1.133722506430143,53,5,5.433962264150943,0.560377358490566,0.6263098274815748,0.03773584905660377
finetune_000266_v03,finetune_000266,NiH9C11(NO)2,HF_COREMOF_GCMC,/home/rakeyma/Tüm_çalışmalar/MOF Radyoaktif Gaz Adsorpsiyonu/data/processed/augmented_cif/finetune_000266_v03.cif,Ni2H15C23N4O3,True,0.12557420320159413,6,,-CH3,0.0859024936326026,"functional,defect,noise",False,True,0.12476957712957884,0.12742035710193378,3.2728024492584938e+25,3.3423344568644717e+25,2.9010129581052526,1.595557126957889,1.0212454031931355,47,5,5.553191489361702,0.5734042553191488,0.5538736317970011,0.0425531914893617
finetune_000266_v04,finetune_000266,NiH9C11(NO)2,HF_COREMOF_GCMC,/home/rakeyma/Tüm_çalışmalar/MOF Radyoaktif Gaz Adsorpsiyonu/data/processed/augmented_cif/finetune_000266_v04.cif,CuH9C11(NO)2,True,0.0,0,Cu,,0.13763730161479532,"substitution,noise",False,False,0.10958639429448416,0.11556327710845138,2.8745358275913344e+25,3.0313140836574565e+25,2.7627410725802277,1.5195075899191253,1.054540372939965,50,5,5.36,0.552,0.5564746175702895,0.04
finetune_000266_v05,finetune_000266,NiH9C11(NO)2,HF_COREMOF_GCMC,/home/rakeyma/Tüm_çalışmalar/MOF Radyoaktif Gaz Adsorpsiyonu/data/processed/augmented_cif/finetune_000266_v05.cif,NiH9C11(NO)2,True,0.0,0,,,0.04315597635449634,noise,False,False,0.11050820778470832,0.11439936982589449,2.8987157079593816e+25,3.0007838959891437e+25,2.7487932508246935,1.5118362879535816,1.035211520657062,50,5,5.32,0.552,0.5538736317970011,0.04
finetune_000266_v06,finetune_000266,NiH9C11(NO)2,HF_COREMOF_GCMC,/home/rakeyma/Tüm_çalışmalar/MOF Radyoaktif Gaz Adsorpsiyonu/data/processed/augmented_cif/finetune_000266_v06.cif,ZnH9C11(NO)2,True,0.0,0,Zn,,0.0390657026238168,"noise,substitution",False,False,0.1032282410197356,0.10962437280357062,2.7077565526343722e+25,2.875532033240315e+25,2.6908148796367106,1.4799481838001909,1.0619610653116929,50,5,5.4,0.552,0.6263098274815748,0.04
finetune_000267_v00,finetune_000267,ErH4(CO2)4,HF_COREMOF_GCMC,/home/rakeyma/Tüm_çalışmalar/MOF Radyoaktif Gaz Adsorpsiyonu/data/processed/augmented_cif/finetune_000267_v00.cif,ErH4(CO2)4,False,0.0,0,,,0.0,none,False,False,0.023600667038622233,0.05,9.4800095235009e+24,2.008419827284324e+25,1.5,1.2,2.1185841873950237,34,4,9.411764705882353,0.6088235294117648,0.7877935960643498,0.058823529411764705
finetune_000267_v01,finetune_000267,ErH4(CO2)4,HF_COREMOF_GCMC,/home/rakeyma/Tüm_çalışmalar/MOF Radyoaktif Gaz Adsorpsiyonu/data/processed/augmented_cif/finetune_000267_v01.cif,Er2H7(C4O7)2,True,0.09771157011343207,3,,,0.08051079384025678,"defect,substitution,noise",False,False,0.031180190869252347,0.06291911178691534,1.2524582712063209e+25,2.527359832559191e+25,1.6615431157392562,1.2,2.0179193915378377,31,4,9.774193548387096,0.6209677419354841,0.7877935960643498,0.06451612903225806
finetune_000267_v02,finetune_000267,ErH4(CO2)4,HF_COREMOF_GCMC,/home/rakeyma/Tüm_çalışmalar/MOF Radyoaktif Gaz Adsorpsiyonu/data/processed/augmented_cif/finetune_000267_v02.cif,Er2H8C9O16,True,0.0,0,,-CH3,0.14319687264166084,"functional,noise",False,True,0.02319954452656024,0.05,9.318885042221818e+24,2.008419827284324e+25,1.5,1.2,2.155214725994167,35,4,9.314285714285715,0.6114285714285715,0.7877935960643498,0.05714285714285714
finetune_000267_v03,finetune_000267,ErH4(CO2)4,HF_COREMOF_GCMC,/home/rakeyma/Tüm_çalışmalar/MOF Radyoaktif Gaz Adsorpsiyonu/data/processed/augmented_cif/finetune_000267_v03.cif,Er2H8C8NO16,True,0.0,0,,-NH2,0.03147945616409061,"noise,functional,substitution",False,True,0.023134201463416715,0.05,9.292637781503227e+24,2.0084198272843235e+25,1.5,1.2,2.1613021776034733,35,5,9.342857142857143,0.61,0.7556612997897934,0.05714285714285714
finetune_000267_v04,finetune_000267,ErH4(CO2)4,HF_COREMOF_GCMC,/home/rakeyma/Tüm_çalışmalar/MOF Radyoaktif Gaz Adsorpsiyonu/data/processed/augmented_cif/finetune_000267_v04.cif,ErH4(CO2)4,True,0.0,0,,,0.1372110895157344,noise,False,False,0.023600667038622233,0.05,9.4800095235009e+24,2.008419827284324e+25,1.5,1.2,2.1185841873950237,34,4,9.411764705882353,0.6088235294117648,0.7877935960643498,0.058823529411764705
finetune_000267_v05,finetune_000267,ErH4(CO2)4,HF_COREMOF_GCMC,/home/rakeyma/Tüm_çalışmalar/MOF Radyoaktif Gaz Adsorpsiyonu/data/processed/augmented_cif/finetune_000267_v05.cif,ErH4(CO2)4,True,0.0,0,,,0.03709827883071086,"substitution,noise",False,False,0.023600667038622233,0.05,9.4800095235009e+24,2.008419827284324e+25,1.5,1.2,2.1185841873950237,34,4,9.411764705882353,0.6088235294117648,0.7877935960643498,0.058823529411764705
finetune_000267_v06,finetune_000267,ErH4(CO2)4,HF_COREMOF_GCMC,/home/rakeyma/Tüm_çalışmalar/MOF Radyoaktif Gaz Adsorpsiyonu/data/processed/augmented_cif/finetune_000267_v06.cif,Er2H8C9O16,True,0.0,0,,-CH3,0.08879785038773205,"substitution,noise,functional",False,True,0.02319954452656024,0.05,9.318885042221818e+24,2.008419827284324e+25,1.5,1.2,2.155214725994167,35,4,9.314285714285715,0.6114285714285715,0.7877935960643498,0.05714285714285714
finetune_000268_v00,finetune_000268,CuHC4O3,HF_COREMOF_GCMC,/home/rakeyma/Tüm_çalışmalar/MOF Radyoaktif Gaz Adsorpsiyonu/data/processed/augmented_cif/finetune_000268_v00.cif,CuHC4O3,False,0.0,0,,,0.0,none,False,False,0.14306361389834307,0.18913494331402203,2.5852239851953995e+25,3.417753673141659e+25,2.7268008935398664,1.4997404914469266,1.3220338712288924,54,4,8.666666666666666,0.688888888888889,0.577510822409416,0.1111111111111111
finetune_000268_v01,finetune_000268,CuHC4O3,HF_COREMOF_GCMC,/home/rakeyma/Tüm_çalışmalar/MOF Radyoaktif Gaz Adsorpsiyonu/data/processed/augmented_cif/finetune_000268_v01.cif,ZnHC4O3,True,0.0,0,Zn,,0.11698564892689269,"noise,substitution",False,False,0.13224532090732105,0.17686096140228846,2.389732554794834e+25,3.1959572878314488e+25,2.6368385027361887,1.4502611765049038,1.3373702766106526,54,4,8.777777777777779,0.688888888888889,0.6504229393248673,0.1111111111111111
finetune_000268_v02,finetune_000268,CuHC4O3,HF_COREMOF_GCMC,/home/rakeyma/Tüm_çalışmalar/MOF Radyoaktif Gaz Adsorpsiyonu/data/processed/augmented_cif/finetune_000268_v02.cif,CuHC4O3,True,0.0,0,,,0.042154333816021405,noise,False,False,0.14306361389834307,0.18913494331402203,2.5852239851953995e+25,3.417753673141659e+25,2.7268008935398664,1.4997404914469266,1.3220338712288924,54,4,8.666666666666666,0.688888888888889,0.577510822409416,0.1111111111111111
finetune_000268_v03,finetune_000268,CuHC4O3,HF_COREMOF_GCMC,/home/rakeyma/Tüm_çalışmalar/MOF Radyoaktif Gaz Adsorpsiyonu/data/processed/augmented_cif/finetune_000268_v03.cif,Cu3H3C12N2O9,True,0.0,0,,-NH2,0.06199956876453524,"functional,noise",False,True,0.0983498284617901,0.1375819281165317,1.7772257288281578e+25,2.4861674523965486e+25,2.325670781054876,1.279118929580182,1.3989035900554079,58,5,8.551724137931034,0.6862068965517241,0.5564746175702895,0.10344827586206896
finetune_000268_v04,finetune_000268,CuHC4O3,HF_COREMOF_GCMC,/home/rakeyma/Tüm_çalışmalar/MOF Radyoaktif Gaz Adsorpsiyonu/data/processed/augmented_cif/finetune_000268_v04.cif,Zn3H3C12N2O9,True,0.0,0,Zn,-NH2,0.051561012589659186,"noise,substitution,functional",False,True,0.08860444239244059,0.12530794620479802,1.601122210085974e+25,2.264371067086337e+25,2.219508674989716,1.220729771244344,1.4142399954371683,58,5,8.655172413793103,0.6862068965517241,0.6263098274815748,0.10344827586206896
finetune_000268_v05,finetune_000268,CuHC4O3,HF_COREMOF_GCMC,/home/rakeyma/Tüm_çalışmalar/MOF Radyoaktif Gaz Adsorpsiyonu/data/processed/augmented_cif/finetune_000268_v05.cif,Cu3H3C14O9,True,0.0,0,,-CH3,0.13344307756921042,"functional,noise",False,True,0.08726527070183297,0.12111978070376517,1.5769227740412955e+25,2.188689028780414e+25,2.182102157743548,1.2001561867589514,1.3879494067875628,58,4,8.482758620689655,0.6896551724137931,0.577510822409416,0.10344827586206896
finetune_000268_v06,finetune_000268,CuHC4O3,HF_COREMOF_GCMC,/home/rakeyma/Tüm_çalışmalar/MOF Radyoaktif Gaz Adsorpsiyonu/data/processed/augmented_cif/finetune_000268_v06.cif,Zn3H3C14O9,True,0.0,0,Zn,-CH3,0.11651917244530119,"substitution,functional,noise",False,True,0.07756495351703747,0.10884579879203171,1.4016336703565822e+25,1.9668926434702057e+25,2.0685850244385082,1.2,1.403285812169323,58,4,8.586206896551724,0.6896551724137931,0.6504229393248673,0.10344827586206896
finetune_000269_v00,finetune_000269,CuHC4O3,HF_COREMOF_GCMC,/home/rakeyma/Tüm_çalışmalar/MOF Radyoaktif Gaz Adsorpsiyonu/data/processed/augmented_cif/finetune_000269_v00.cif,CuHC4O3,False,0.0,0,,,0.0,none,False,False,0.14306361389834307,0.18913494331402203,2.5852239851953995e+25,3.417753673141659e+25,2.7268008935398664,1.4997404914469266,1.3220338712288924,54,4,8.666666666666666,0.688888888888889,0.577510822409416,0.1111111111111111
finetune_000269_v01,finetune_000269,CuHC4O3,HF_COREMOF_GCMC,/home/rakeyma/Tüm_çalışmalar/MOF Radyoaktif Gaz Adsorpsiyonu/data/processed/augmented_cif/finetune_000269_v01.cif,CoHC4O3,True,0.0,0,Co,,0.04544925523846109,"substitution,noise",False,False,0.13968602411458594,0.17936534669415483,2.5241894154457186e+25,3.241212658839369e+25,2.6554419477843303,1.4604930712813817,1.2840607915579263,54,4,8.444444444444445,0.688888888888889,0.5829397481729994,0.1111111111111111
finetune_000269_v02,finetune_000269,CuHC4O3,HF_COREMOF_GCMC,/home/rakeyma/Tüm_çalışmalar/MOF Radyoaktif Gaz Adsorpsiyonu/data/processed/augmented_cif/finetune_000269_v02.cif,Cu3H3C14O9,True,0.0,0,,-CH3,0.0542086768635965,"functional,noise",False,True,0.08726527070183297,0.12111978070376517,1.5769227740412955e+25,2.188689028780414e+25,2.182102157743548,1.2001561867589514,1.3879494067875628,58,4,8.482758620689655,0.6896551724137931,0.577510822409416,0.10344827586206896
finetune_000269_v03,finetune_000269,CuHC4O3,HF_COREMOF_GCMC,/home/rakeyma/Tüm_çalışmalar/MOF Radyoaktif Gaz Adsorpsiyonu/data/processed/augmented_cif/finetune_000269_v03.cif,Cu3H3C12N2O9,True,0.0,0,,-NH2,0.0408321466058823,"functional,noise",False,True,0.0983498284617901,0.1375819281165317,1.7772257288281578e+25,2.4861674523965486e+25,2.325670781054876,1.279118929580182,1.3989035900554079,58,5,8.551724137931034,0.6862068965517241,0.5564746175702895,0.10344827586206896
finetune_000269_v04,finetune_000269,CuHC4O3,HF_COREMOF_GCMC,/home/rakeyma/Tüm_çalışmalar/MOF Radyoaktif Gaz Adsorpsiyonu/data/processed/augmented_cif/finetune_000269_v04.cif,ZnHC4O3,True,0.0,0,Zn,,0.060474362725115804,"substitution,noise",False,False,0.13224532090732105,0.17686096140228846,2.389732554794834e+25,3.1959572878314488e+25,2.6368385027361887,1.4502611765049038,1.3373702766106526,54,4,8.777777777777779,0.688888888888889,0.6504229393248673,0.1111111111111111
finetune_000269_v05,finetune_000269,CuHC4O3,HF_COREMOF_GCMC,/home/rakeyma/Tüm_çalışmalar/MOF Radyoaktif Gaz Adsorpsiyonu/data/processed/augmented_cif/finetune_000269_v05.cif,Cu3H3C12N2O9,True,0.0,0,,-NH2,0.06639280845708029,"noise,functional",False,True,0.0983498284617901,0.1375819281165317,1.7772257288281578e+25,2.4861674523965486e+25,2.325670781054876,1.279118929580182,1.3989035900554079,58,5,8.551724137931034,0.6862068965517241,0.5564746175702895,0.10344827586206896
finetune_000269_v06,finetune_000269,CuHC4O3,HF_COREMOF_GCMC,/home/rakeyma/Tüm_çalışmalar/MOF Radyoaktif Gaz Adsorpsiyonu/data/processed/augmented_cif/finetune_000269_v06.cif,ZnHC4O3,True,0.0,0,Zn,,0.050276650353721135,"substitution,noise",False,False,0.13224532090732105,0.17686096140228846,2.389732554794834e+25,3.1959572878314488e+25,2.6368385027361887,1.4502611765049038,1.3373702766106526,54,4,8.777777777777779,0.688888888888889,0.6504229393248673,0.1111111111111111
finetune_000270_v00,finetune_000270,LiC6N4F3,HF_COREMOF_GCMC,/home/rakeyma/Tüm_çalışmalar/MOF Radyoaktif Gaz Adsorpsiyonu/data/processed/augmented_cif/finetune_000270_v00.cif,LiC6N4F3,False,0.0,0,,,0.0,none,False,False,0.039745277462582225,0.05,8.573472372599009e+24,1.0785523362706945e+25,1.954323412334816,1.2,1.258011094451963,56,4,6.714285714285714,0.6964285714285714,1.0861946188413936,0.07142857142857142
finetune_000270_v01,finetune_000270,LiC6N4F3,HF_COREMOF_GCMC,/home/rakeyma/Tüm_çalışmalar/MOF Radyoaktif Gaz Adsorpsiyonu/data/processed/augmented_cif/finetune_000270_v01.cif,LiC6N5F3,True,0.0,0,,-NH2,0.10679316019222221,"functional,noise",False,True,0.03704329418751869,0.05,7.990626297822185e+24,1.0785523362706945e+25,1.954323412334816,1.2,1.349771965389809,60,4,6.733333333333333,0.6933333333333332,1.0861946188413936,0.06666666666666667
finetune_000270_v02,finetune_000270,LiC6N4F3,HF_COREMOF_GCMC,/home/rakeyma/Tüm_çalışmalar/MOF Radyoaktif Gaz Adsorpsiyonu/data/processed/augmented_cif/finetune_000270_v02.cif,LiC7N4F3,True,0.0,0,,-CH3,0.09290465620023301,"functional,noise",False,True,0.03740567005846954,0.05,8.068794566266617e+24,1.0785523362706945e+25,1.954323412334816,1.2,1.336695744838791,60,4,6.666666666666667,0.6966666666666669,1.0861946188413936,0.06666666666666667
finetune_000270_v03,finetune_000270,LiC6N4F3,HF_COREMOF_GCMC,/home/rakeyma/Tüm_çalışmalar/MOF Radyoaktif Gaz Adsorpsiyonu/data/processed/augmented_cif/finetune_000270_v03.cif,Li4C20N19F12,True,0.11219047141570894,5,,-NH2,0.046538558688599,"functional,defect,noise",False,True,0.04005938090904624,0.05,8.641227773801898e+24,1.0785523362706948e+25,1.954323412334816,1.2,1.2481470972685194,55,4,6.781818181818182,0.6936363636363635,1.0861946188413936,0.07272727272727272
finetune_000270_v04,finetune_000270,LiC6N4F3,HF_COREMOF_GCMC,/home/rakeyma/Tüm_çalışmalar/MOF Radyoaktif Gaz Adsorpsiyonu/data/processed/augmented_cif/finetune_000270_v04.cif,Li4C27(N4F3)4,True,0.030683879110792057,1,,-CH3,0.08135444866235125,"functional,defect,substitution,noise",False,True,0.03796436351619246,0.05,8.189310593083861e+24,1.0785523362706948e+25,1.954323412334816,1.2,1.3170245822420843,59,4,6.677966101694915,0.6966101694915255,1.0861946188413936,0.06779661016949153
finetune_000270_v05,finetune_000270,LiC6N4F3,HF_COREMOF_GCMC,/home/rakeyma/Tüm_çalışmalar/MOF Radyoaktif Gaz Adsorpsiyonu/data/processed/augmented_cif/finetune_000270_v05.cif,Li2C25(N5F4)3,True,0.13322930276135386,5,,-CH3,0.12686414101762333,"noise,defect,functional",False,True,0.04422477226313079,0.05448518723728679,9.539746289087827e+24,1.175302519738438e+25,2.0400962449372257,1.2,1.232006055635698,54,4,6.833333333333333,0.6694444444444445,1.0861946188413936,0.037037037037037035
finetune_000270_v06,finetune_000270,LiC6N4F3,HF_COREMOF_GCMC,/home/rakeyma/Tüm_çalışmalar/MOF Radyoaktif Gaz Adsorpsiyonu/data/processed/augmented_cif/finetune_000270_v06.cif,Li3C23(N4F3)4,True,0.058776780909914686,2,,,0.05269142296406501,"defect,noise,substitution",False,False,0.04465390089321633,0.05478908340823185,9.632313826395705e+24,1.1818578782415682e+25,2.0457777464217983,1.2,1.2269719400160004,54,4,6.796296296296297,0.6824074074074074,1.0861946188413936,0.05555555555555555
finetune_000271_v00,finetune_000271,Fe2C4Cl2O9,HF_COREMOF_GCMC,/home/rakeyma/Tüm_çalışmalar/MOF Radyoaktif Gaz Adsorpsiyonu/data/processed/augmented_cif/finetune_000271_v00.cif,Fe2C4Cl2O9,False,0.0,0,,,0.0,none,False,False,0.12079591757760155,0.18514518171862593,3.2545086912313033e+25,4.988219926023356e+25,3.7770417350350907,2.0773729542693,1.5327105868431787,34,4,10.705882352941176,0.7647058823529411,0.6185668920981788,0.11764705882352941
finetune_000271_v01,finetune_000271,Fe2C4Cl2O9,HF_COREMOF_GCMC,/home/rakeyma/Tüm_çalışmalar/MOF Radyoaktif Gaz Adsorpsiyonu/data/processed/augmented_cif/finetune_000271_v01.cif,Fe4C9(Cl2O9)2,True,0.0,0,,-CH3,0.03525481709503288,"functional,substitution,defect,noise",False,True,0.10261053326367507,0.15979331500862493,2.764554291364819e+25,4.305184669524468e+25,3.5089314160668676,1.9299122788367773,1.5572798418073615,35,4,10.571428571428571,0.7628571428571428,0.6185668920981788,0.11428571428571428
finetune_000271_v02,finetune_000271,Fe2C4Cl2O9,HF_COREMOF_GCMC,/home/rakeyma/Tüm_çalışmalar/MOF Radyoaktif Gaz Adsorpsiyonu/data/processed/augmented_cif/finetune_000271_v02.cif,Fe4C8N(Cl2O9)2,True,0.0,0,,-NH2,0.1361315336787997,"substitution,functional,defect,noise",False,True,0.10627214966157594,0.1659293904211081,2.8632063205881394e+25,4.470504087270088e+25,3.5756683912332416,1.966617615178283,1.5613628871676244,35,5,10.6,0.7614285714285713,0.5657066377549409,0.11428571428571428
finetune_000271_v03,finetune_000271,Fe2C4Cl2O9,HF_COREMOF_GCMC,/home/rakeyma/Tüm_çalışmalar/MOF Radyoaktif Gaz Adsorpsiyonu/data/processed/augmented_cif/finetune_000271_v03.cif,Fe2C4Cl2O9,True,0.0,0,,,0.10756845904876361,"substitution,noise,defect",False,False,0.12079591757760155,0.18514518171862593,3.2545086912313033e+25,4.988219926023356e+25,3.7770417350350907,2.0773729542693,1.5327105868431787,34,4,10.705882352941176,0.7647058823529411,0.6185668920981788,0.11764705882352941
finetune_000271_v04,finetune_000271,Fe2C4Cl2O9,HF_COREMOF_GCMC,/home/rakeyma/Tüm_çalışmalar/MOF Radyoaktif Gaz Adsorpsiyonu/data/processed/augmented_cif/finetune_000271_v04.cif,Fe4C9(ClO6)3,True,0.057849443190145455,1,,-CH3,0.0612527937360354,"noise,functional,defect",False,True,0.12624866364625958,0.18744854819586543,3.4014177079215783e+25,5.050277703882042e+25,3.800463947931055,2.0902551713620805,1.4847566919289052,34,4,10.382352941176471,0.7558823529411764,0.6185668920981788,0.11764705882352941
finetune_000271_v05,finetune_000271,Fe2C4Cl2O9,HF_COREMOF_GCMC,/home/rakeyma/Tüm_çalışmalar/MOF Radyoaktif Gaz Adsorpsiyonu/data/processed/augmented_cif/finetune_000271_v05.cif,Fe2C4Cl2O9,True,0.0,0,,,0.13969384781293825,"substitution,noise",False,False,0.12079591757760155,0.18514518171862593,3.2545086912313033e+25,4.988219926023356e+25,3.7770417350350907,2.0773729542693,1.5327105868431787,34,4,10.705882352941176,0.7647058823529411,0.6185668920981788,0.11764705882352941
finetune_000271_v06,finetune_000271,Fe2C4Cl2O9,HF_COREMOF_GCMC,/home/rakeyma/Tüm_çalışmalar/MOF Radyoaktif Gaz Adsorpsiyonu/data/processed/augmented_cif/finetune_000271_v06.cif,Fe4C9(Cl2O9)2,True,0.0,0,,-CH3,0.05024375163869345,"functional,substitution,noise",False,True,0.10261053326367507,0.15979331500862493,2.764554291364819e+25,4.305184669524468e+25,3.5089314160668676,1.9299122788367773,1.5572798418073615,35,4,10.571428571428571,0.7628571428571428,0.6185668920981788,0.11428571428571428
finetune_000272_v00,finetune_000272,Fe2C4Cl2O9,HF_COREMOF_GCMC,/home/rakeyma/Tüm_çalışmalar/MOF Radyoaktif Gaz Adsorpsiyonu/data/processed/augmented_cif/finetune_000272_v00.cif,Fe2C4Cl2O9,False,0.0,0,,,0.0,none,False,False,0.12079591757760155,0.18514518171862593,3.2545086912313033e+25,4.988219926023356e+25,3.7770417350350907,2.0773729542693,1.5327105868431787,34,4,10.705882352941176,0.7647058823529411,0.6185668920981788,0.11764705882352941
finetune_000272_v01,finetune_000272,Fe2C4Cl2O9,HF_COREMOF_GCMC,/home/rakeyma/Tüm_çalışmalar/MOF Radyoaktif Gaz Adsorpsiyonu/data/processed/augmented_cif/finetune_000272_v01.cif,Fe2C4Cl2O9,True,0.0,0,,,0.04854987189128183,noise,False,False,0.12079591757760155,0.18514518171862593,3.2545086912313033e+25,4.988219926023356e+25,3.7770417350350907,2.0773729542693,1.5327105868431787,34,4,10.705882352941176,0.7647058823529411,0.6185668920981788,0.11764705882352941
finetune_000272_v02,finetune_000272,Fe2C4Cl2O9,HF_COREMOF_GCMC,/home/rakeyma/Tüm_çalışmalar/MOF Radyoaktif Gaz Adsorpsiyonu/data/processed/augmented_cif/finetune_000272_v02.cif,Fe2C4Cl2O9,True,0.0,0,,,0.044491041818887696,"substitution,noise",False,False,0.12079591757760155,0.18514518171862593,3.2545086912313033e+25,4.988219926023356e+25,3.7770417350350907,2.0773729542693,1.5327105868431787,34,4,10.705882352941176,0.7647058823529411,0.6185668920981788,0.11764705882352941
finetune_000272_v03,finetune_000272,Fe2C4Cl2O9,HF_COREMOF_GCMC,/home/rakeyma/Tüm_çalışmalar/MOF Radyoaktif Gaz Adsorpsiyonu/data/processed/augmented_cif/finetune_000272_v03.cif,Fe2C4Cl2O9,True,0.0,0,,,0.12421019784924485,noise,False,False,0.12079591757760155,0.18514518171862593,3.2545086912313033e+25,4.988219926023356e+25,3.7770417350350907,2.0773729542693,1.5327105868431787,34,4,10.705882352941176,0.7647058823529411,0.6185668920981788,0.11764705882352941
finetune_000272_v04,finetune_000272,Fe2C4Cl2O9,HF_COREMOF_GCMC,/home/rakeyma/Tüm_çalışmalar/MOF Radyoaktif Gaz Adsorpsiyonu/data/processed/augmented_cif/finetune_000272_v04.cif,Fe4C9(ClO6)3,True,0.041920550946448816,1,,-CH3,0.10549793020693757,"defect,noise,functional",False,True,0.12624866364625958,0.18744854819586543,3.4014177079215783e+25,5.050277703882042e+25,3.800463947931055,2.0902551713620805,1.4847566919289052,34,4,10.382352941176471,0.7558823529411764,0.6185668920981788,0.11764705882352941
finetune_000272_v05,finetune_000272,Fe2C4Cl2O9,HF_COREMOF_GCMC,/home/rakeyma/Tüm_çalışmalar/MOF Radyoaktif Gaz Adsorpsiyonu/data/processed/augmented_cif/finetune_000272_v05.cif,Fe2C4Cl2O9,True,0.0,0,,,0.10032545251542425,"substitution,noise",False,False,0.12079591757760155,0.18514518171862593,3.2545086912313033e+25,4.988219926023356e+25,3.7770417350350907,2.0773729542693,1.5327105868431787,34,4,10.705882352941176,0.7647058823529411,0.6185668920981788,0.11764705882352941
finetune_000272_v06,finetune_000272,Fe2C4Cl2O9,HF_COREMOF_GCMC,/home/rakeyma/Tüm_çalışmalar/MOF Radyoaktif Gaz Adsorpsiyonu/data/processed/augmented_cif/finetune_000272_v06.cif,Fe4C5(Cl2O9)2,True,0.13728072539156494,4,,-CH3,0.09389530013526255,"functional,noise,defect",False,True,0.17902692024914268,0.2612007818486296,4.8233804552286016e+25,7.037325695520045e+25,4.486243197242487,2.4674337584833683,1.4590028219506301,31,4,11.161290322580646,0.7709677419354841,0.6185668920981788,0.12903225806451613
finetune_000273_v00,finetune_000273,Ho(CO2)4,HF_COREMOF_GCMC,/home/rakeyma/Tüm_çalışmalar/MOF Radyoaktif Gaz Adsorpsiyonu/data/processed/augmented_cif/finetune_000273_v00.cif,Ho(CO2)4,False,0.0,0,,,0.0,none,False,False,0.14997836171222506,0.25281674030478984,2.4414133620380375e+25,4.115461463109865e+25,4.837021143375599,2.6603616288565797,1.6856881047273249,52,3,11.923076923076923,0.7192307692307693,0.9079035680560402,0.07692307692307693
finetune_000273_v01,finetune_000273,Ho(CO2)4,HF_COREMOF_GCMC,/home/rakeyma/Tüm_çalışmalar/MOF Radyoaktif Gaz Adsorpsiyonu/data/processed/augmented_cif/finetune_000273_v01.cif,Ho(CO2)4,True,0.0,0,,,0.13346061729627245,"substitution,noise",False,False,0.14997836171222506,0.25281674030478984,2.4414133620380375e+25,4.115461463109865e+25,4.837021143375599,2.6603616288565797,1.6856881047273249,52,3,11.923076923076923,0.7192307692307693,0.9079035680560402,0.07692307692307693
finetune_000273_v02,finetune_000273,Ho(CO2)4,HF_COREMOF_GCMC,/home/rakeyma/Tüm_çalışmalar/MOF Radyoaktif Gaz Adsorpsiyonu/data/processed/augmented_cif/finetune_000273_v02.cif,Ho2(CO2)7,True,0.1359007692446259,6,,,0.11788042573358481,"defect,noise",False,False,0.20752594390491919,0.3272477534457594,3.37819807227383e+25,5.327082045958115e+25,5.503176082407843,3.026746845324314,1.5769004457374851,46,3,12.521739130434783,0.7304347826086959,0.9079035680560402,0.08695652173913043
finetune_000273_v03,finetune_000273,Ho(CO2)4,HF_COREMOF_GCMC,/home/rakeyma/Tüm_çalışmalar/MOF Radyoaktif Gaz Adsorpsiyonu/data/processed/augmented_cif/finetune_000273_v03.cif,Ho2C8NO16,True,0.0,0,,-NH2,0.07359420842250744,"functional,noise",False,True,0.13346213653976627,0.22959644159866344,2.172555025634546e+25,3.7374712858306406e+25,4.609540641960254,2.5352473530781396,1.7203114497590337,54,4,11.74074074074074,0.7166666666666667,0.8327214420200791,0.07407407407407407
finetune_000273_v04,finetune_000273,Ho(CO2)4,HF_COREMOF_GCMC,/home/rakeyma/Tüm_çalışmalar/MOF Radyoaktif Gaz Adsorpsiyonu/data/processed/augmented_cif/finetune_000273_v04.cif,Ho2C9O16,True,0.0,0,,-CH3,0.060324126040981335,"substitution,functional,noise",False,True,0.12952345876697718,0.22218162834662825,2.108439506345835e+25,3.616769712991286e+25,4.534497269418265,2.4939734981800457,1.715377511237948,54,3,11.703703703703704,0.7185185185185188,0.9079035680560402,0.07407407407407407
finetune_000273_v05,finetune_000273,Ho(CO2)4,HF_COREMOF_GCMC,/home/rakeyma/Tüm_çalışmalar/MOF Radyoaktif Gaz Adsorpsiyonu/data/processed/augmented_cif/finetune_000273_v05.cif,Ho4C15O29,True,0.09577220501872179,4,,,0.08827950454666371,"defect,substitution,noise",False,False,0.18676856380267862,0.30098122217097656,3.040300361137666e+25,4.899503962716408e+25,5.277700883631027,2.902735485997065,1.6115197121126008,48,3,12.291666666666666,0.7270833333333334,0.9079035680560402,0.08333333333333333
finetune_000273_v06,finetune_000273,Ho(CO2)4,HF_COREMOF_GCMC,/home/rakeyma/Tüm_çalışmalar/MOF Radyoaktif Gaz Adsorpsiyonu/data/processed/augmented_cif/finetune_000273_v06.cif,Ho2C8NO16,True,0.0,0,,-NH2,0.0879099197607294,"noise,substitution,functional",False,True,0.13346213653976627,0.22959644159866344,2.172555025634546e+25,3.7374712858306406e+25,4.609540641960254,2.5352473530781396,1.7203114497590337,54,4,11.74074074074074,0.7166666666666667,0.8327214420200791,0.07407407407407407
finetune_000274_v00,finetune_000274,NdC4NO4,HF_COREMOF_GCMC,/home/rakeyma/Tüm_çalışmalar/MOF Radyoaktif Gaz Adsorpsiyonu/data/processed/augmented_cif/finetune_000274_v00.cif,NdC4NO4,False,0.0,0,,,0.0,none,False,False,0.07867591162492978,0.14166960992378708,1.725828694115664e+25,3.1076535732592883e+25,3.1451168138769607,1.7298142476323286,1.8006732556105103,40,4,12.3,0.77,0.868918149194733,0.1
finetune_000274_v01,finetune_000274,NdC4NO4,HF_COREMOF_GCMC,/home/rakeyma/Tüm_çalışmalar/MOF Radyoaktif Gaz Adsorpsiyonu/data/processed/augmented_cif/finetune_000274_v01.cif,NdC4NO4,True,0.0,0,,,0.07480406064506753,"substitution,defect,noise",False,False,0.07867591162492978,0.14166960992378708,1.725828694115664e+25,3.1076535732592883e+25,3.1451168138769607,1.7298142476323286,1.8006732556105103,40,4,12.3,0.77,0.868918149194733,0.1
finetune_000274_v02,finetune_000274,NdC4NO4,HF_COREMOF_GCMC,/home/rakeyma/Tüm_çalışmalar/MOF Radyoaktif Gaz Adsorpsiyonu/data/processed/augmented_cif/finetune_000274_v02.cif,Nd4C13N5O14,True,0.16834224384066962,6,,-NH2,0.12618973617492057,"defect,substitution,functional,noise",False,True,0.1271156360975994,0.21745615773197502,2.788398732433471e+25,4.7701014068334835e+25,3.8965861844560874,2.143122401450848,1.7106955871660992,36,4,12.916666666666666,0.7819444444444444,0.868918149194733,0.1111111111111111
finetune_000274_v03,finetune_000274,NdC4NO4,HF_COREMOF_GCMC,/home/rakeyma/Tüm_çalışmalar/MOF Radyoaktif Gaz Adsorpsiyonu/data/processed/augmented_cif/finetune_000274_v03.cif,Nd4C14N4O15,True,0.0839675287723386,3,,,0.13064938942563575,"noise,defect",False,False,0.11401611073042175,0.197706027523465,2.5010485601755668e+25,4.336864082697201e+25,3.7154240357433808,2.0434832196588597,1.7340183440471724,37,4,12.756756756756756,0.7783783783783786,0.868918149194733,0.10810810810810811
finetune_000274_v04,finetune_000274,NdC4NO4,HF_COREMOF_GCMC,/home/rakeyma/Tüm_çalışmalar/MOF Radyoaktif Gaz Adsorpsiyonu/data/processed/augmented_cif/finetune_000274_v04.cif,NdC4NO4,True,0.0,0,,,0.14019716208090183,"noise,substitution",False,False,0.07867591162492978,0.14166960992378708,1.725828694115664e+25,3.1076535732592883e+25,3.1451168138769607,1.7298142476323286,1.8006732556105103,40,4,12.3,0.77,0.868918149194733,0.1
finetune_000274_v05,finetune_000274,NdC4NO4,HF_COREMOF_GCMC,/home/rakeyma/Tüm_çalışmalar/MOF Radyoaktif Gaz Adsorpsiyonu/data/processed/augmented_cif/finetune_000274_v05.cif,Nd4C15(NO7)2,True,0.1554153581885737,5,,,0.07096621902515944,"defect,noise,substitution",False,False,0.13274652677261245,0.2231095607823539,2.9119175134638583e+25,4.894114017583496e+25,3.9469127126885195,2.170801991978686,1.6807186312642919,35,4,13.028571428571428,0.7885714285714287,0.868918149194733,0.11428571428571428
finetune_000274_v06,finetune_000274,NdC4NO4,HF_COREMOF_GCMC,/home/rakeyma/Tüm_çalışmalar/MOF Radyoaktif Gaz Adsorpsiyonu/data/processed/augmented_cif/finetune_000274_v06.cif,Nd4C12N4O15,True,0.15066191358704753,5,,,0.13356317954181435,"defect,noise",False,False,0.14107834952513293,0.23898821117271496,3.094683731021474e+25,5.242426860759155e+25,4.084949299051915,2.2467221144785534,1.694010540789177,35,4,13.142857142857142,0.782857142857143,0.868918149194733,0.11428571428571428
finetune_000275_v00,finetune_000275,PrH4(C3O4)2,HF_COREMOF_GCMC,/home/rakeyma/Tüm_çalışmalar/MOF Radyoaktif Gaz Adsorpsiyonu/data/processed/augmented_cif/finetune_000275_v00.cif,PrH4(C3O4)2,False,0.0,0,,,0.0,none,False,False,0.026923411635638637,0.05,6.362688521709699e+24,1.1816274638254576e+25,2.2767644146902857,1.2522204280796572,1.8571197690940024,57,4,8.578947368421053,0.6236842105263158,0.8272544953035915,0.05263157894736842
finetune_000275_v01,finetune_000275,PrH4(C3O4)2,HF_COREMOF_GCMC,/home/rakeyma/Tüm_çalışmalar/MOF Radyoaktif Gaz Adsorpsiyonu/data/processed/augmented_cif/finetune_000275_v01.cif,PrH4C7O8,True,0.0,0,,-CH3,0.06512474396976686,"substitution,functional,noise",False,True,0.026017640189572214,0.05,6.148631638385502e+24,1.1816274638254578e+25,2.2767644146902857,1.2522204280796572,1.9217730599579836,60,4,8.45,0.6275000000000002,0.8272544953035915,0.05
finetune_000275_v02,finetune_000275,PrH4(C3O4)2,HF_COREMOF_GCMC,/home/rakeyma/Tüm_çalışmalar/MOF Radyoaktif Gaz Adsorpsiyonu/data/processed/augmented_cif/finetune_000275_v02.cif,PrH4C6NO8,True,0.0,0,,-NH2,0.11744348347125298,"functional,substitution,noise",False,True,0.025872987229180647,0.05,6.114446456241037e+24,1.1816274638254576e+25,2.2767644146902857,1.2522204280796572,1.9325174768999187,60,5,8.5,0.625,0.7925503138602621,0.05
finetune_000275_v03,finetune_000275,PrH4(C3O4)2,HF_COREMOF_GCMC,/home/rakeyma/Tüm_çalışmalar/MOF Radyoaktif Gaz Adsorpsiyonu/data/processed/augmented_cif/finetune_000275_v03.cif,PrH4C7O8,True,0.0,0,,-CH3,0.12358265066850277,"functional,substitution,noise",False,True,0.026017640189572214,0.05,6.148631638385502e+24,1.1816274638254578e+25,2.2767644146902857,1.2522204280796572,1.9217730599579836,60,4,8.45,0.6275000000000002,0.8272544953035915,0.05
finetune_000275_v04,finetune_000275,PrH4(C3O4)2,HF_COREMOF_GCMC,/home/rakeyma/Tüm_çalışmalar/MOF Radyoaktif Gaz Adsorpsiyonu/data/processed/augmented_cif/finetune_000275_v04.cif,Pr3H12C17O23,True,0.038478080604560524,2,,,0.03405637943437812,"defect,noise",False,False,0.027672307057342527,0.05,6.539671601273394e+24,1.1816274638254578e+25,2.2767644146902857,1.2522204280796572,1.8068605518285863,55,4,8.636363636363637,0.6227272727272729,0.8272544953035915,0.05454545454545454
finetune_000275_v05,finetune_000275,PrH4(C3O4)2,HF_COREMOF_GCMC,/home/rakeyma/Tüm_çalışmalar/MOF Radyoaktif Gaz Adsorpsiyonu/data/processed/augmented_cif/finetune_000275_v05.cif,Pr3H10(C8O11)2,True,0.11565833108368719,6,,,0.09065236234571127,"defect,noise",False,False,0.028522790025517875,0.05,6.74066240781575e+24,1.1816274638254576e+25,2.2767644146902857,1.2522204280796572,1.7529841910720363,51,4,9.0,0.6362745098039216,0.8272544953035915,0.058823529411764705
finetune_000275_v06,finetune_000275,PrH4(C3O4)2,HF_COREMOF_GCMC,/home/rakeyma/Tüm_çalışmalar/MOF Radyoaktif Gaz Adsorpsiyonu/data/processed/augmented_cif/finetune_000275_v06.cif,Pr3H12(C8O11)2,True,0.09141871811255002,4,,,0.04990795263342418,"defect,substitution,noise",False,False,0.02846405670779816,0.05,6.726782227563909e+24,1.1816274638254576e+25,2.2767644146902857,1.2522204280796572,1.7566013345631701,53,4,8.69811320754717,0.6216981132075472,0.8272544953035915,0.05660377358490566
finetune_000276_v00,finetune_000276,MgPHCO6,HF_COREMOF_GCMC,/home/rakeyma/Tüm_çalışmalar/MOF Radyoaktif Gaz Adsorpsiyonu/data/processed/augmented_cif/finetune_000276_v00.cif,MgPHCO6,False,0.0,0,,,0.0,none,False,False,0.09183493617924217,0.13499857555114858,2.705562218012952e+25,3.977212384444526e+25,1.9888527039069894,1.2,1.4700132778190231,40,5,8.2,0.7050000000000001,0.6865974075103983,0.1
finetune_000276_v01,finetune_000276,MgPHCO6,HF_COREMOF_GCMC,/home/rakeyma/Tüm_çalışmalar/MOF Radyoaktif Gaz Adsorpsiyonu/data/processed/augmented_cif/finetune_000276_v01.cif,Mg4P4H3(CO5)4,True,0.14434152727336816,5,,,0.14916211405708069,"defect,substitution,noise",False,False,0.16742495175430744,0.2217718539008502,4.9325305016271604e+25,6.5336523756244875e+25,2.549125635875914,1.4020190997317528,1.3246045561135695,35,5,8.428571428571429,0.7300000000000001,0.6865974075103983,0.11428571428571428
finetune_000276_v02,finetune_000276,MgPHCO6,HF_COREMOF_GCMC,/home/rakeyma/Tüm_çalışmalar/MOF Radyoaktif Gaz Adsorpsiyonu/data/processed/augmented_cif/finetune_000276_v02.cif,MgPHCO6,True,0.0,0,,,0.10286893946363347,"substitution,noise",False,False,0.09183493617924217,0.13499857555114858,2.705562218012952e+25,3.977212384444526e+25,1.9888527039069894,1.2,1.4700132778190231,40,5,8.2,0.7050000000000001,0.6865974075103983,0.1
finetune_000276_v03,finetune_000276,MgPHCO6,HF_COREMOF_GCMC,/home/rakeyma/Tüm_çalışmalar/MOF Radyoaktif Gaz Adsorpsiyonu/data/processed/augmented_cif/finetune_000276_v03.cif,Mg4P4H4C4NO22,True,0.06993386749767684,2,,-NH2,0.05813328027475258,"defect,substitution,functional,noise",False,True,0.10744245094485813,0.15361770837961175,3.165377447638762e+25,4.525753325492636e+25,2.1215763629901923,1.2,1.4297673501366028,39,6,8.179487179487179,0.7089743589743591,0.679184560091487,0.10256410256410256
finetune_000276_v04,finetune_000276,MgPHCO6,HF_COREMOF_GCMC,/home/rakeyma/Tüm_çalışmalar/MOF Radyoaktif Gaz Adsorpsiyonu/data/processed/augmented_cif/finetune_000276_v04.cif,MgPHCO6,True,0.0,0,,,0.05791276180556806,"substitution,defect,noise",False,False,0.09183493617924217,0.13499857555114858,2.705562218012952e+25,3.977212384444526e+25,1.9888527039069894,1.2,1.4700132778190231,40,5,8.2,0.7050000000000001,0.6865974075103983,0.1
finetune_000276_v05,finetune_000276,MgPHCO6,HF_COREMOF_GCMC,/home/rakeyma/Tüm_çalışmalar/MOF Radyoaktif Gaz Adsorpsiyonu/data/processed/augmented_cif/finetune_000276_v05.cif,Mg4P4H3C4NO20,True,0.1532667304078293,5,,-NH2,0.040907947348838916,"defect,functional,noise",False,True,0.14805975264206578,0.2007595007308307,4.362009594854626e+25,5.914604427059575e+25,2.425359273091155,1.3339476002001354,1.3559356756198728,36,6,8.38888888888889,0.7277777777777779,0.679184560091487,0.1111111111111111
finetune_000276_v06,finetune_000276,MgPHCO6,HF_COREMOF_GCMC,/home/rakeyma/Tüm_çalışmalar/MOF Radyoaktif Gaz Adsorpsiyonu/data/processed/augmented_cif/finetune_000276_v06.cif,MgPHCO6,True,0.0,0,,,0.0682744614491603,"noise,substitution,defect",False,False,0.09183493617924217,0.13499857555114858,2.705562218012952e+25,3.977212384444526e+25,1.9888527039069894,1.2,1.4700132778190231,40,5,8.2,0.7050000000000001,0.6865974075103983,0.1
finetune_000277_v00,finetune_000277,AlP2C8N3O7,HF_COREMOF_GCMC,/home/rakeyma/Tüm_çalışmalar/MOF Radyoaktif Gaz Adsorpsiyonu/data/processed/augmented_cif/finetune_000277_v00.cif,AlP2C8N3O7,False,0.0,0,,,0.0,none,False,False,0.03285796455921925,0.05,9.71204462315858e+24,1.4778828745850578e+25,1.5462410064411045,1.2,1.5217010752411642,42,5,8.0,0.7142857142857143,0.6393934625877871,0.047619047619047616
finetune_000277_v01,finetune_000277,AlP2C8N3O7,HF_COREMOF_GCMC,/home/rakeyma/Tüm_çalışmalar/MOF Radyoaktif Gaz Adsorpsiyonu/data/processed/augmented_cif/finetune_000277_v01.cif,AlP2C8N4O7,True,0.0,0,,-NH2,0.0423755304473621,"noise,functional",False,True,0.031554329784798656,0.05,9.326720721592629e+24,1.4778828745850578e+25,1.5462410064411045,1.2,1.5845685945796122,44,5,7.954545454545454,0.7113636363636363,0.6393934625877871,0.045454545454545456
finetune_000277_v02,finetune_000277,AlP2C8N3O7,HF_COREMOF_GCMC,/home/rakeyma/Tüm_çalışmalar/MOF Radyoaktif Gaz Adsorpsiyonu/data/processed/augmented_cif/finetune_000277_v02.cif,Al2P4C15N6O13,True,0.0692171390014788,2,,,0.03380765105050556,"defect,noise",False,False,0.03427378399095852,0.05,1.013052768149302e+25,1.4778828745850576e+25,1.5462410064411045,1.2,1.4588409617446993,40,5,8.05,0.7175,0.6393934625877871,0.05
finetune_000277_v03,finetune_000277,AlP2C8N3O7,HF_COREMOF_GCMC,/home/rakeyma/Tüm_çalışmalar/MOF Radyoaktif Gaz Adsorpsiyonu/data/processed/augmented_cif/finetune_000277_v03.cif,Al2P4C17(N3O7)2,True,0.04495183100116309,1,,-CH3,0.053347964189483246,"defect,functional,noise",False,True,0.03228607169166589,0.05,9.543006488147688e+24,1.4778828745850576e+25,1.5462410064411045,1.2,1.5486554226077205,43,5,7.953488372093023,0.713953488372093,0.6393934625877871,0.046511627906976744
finetune_000277_v04,finetune_000277,AlP2C8N3O7,HF_COREMOF_GCMC,/home/rakeyma/Tüm_çalışmalar/MOF Radyoaktif Gaz Adsorpsiyonu/data/processed/augmented_cif/finetune_000277_v04.cif,Al2P4C15N8O13,True,0.06706559511336736,2,,-NH2,0.06998106950273984,"functional,defect,noise",False,True,0.03285780464626849,0.05,9.711997356636306e+24,1.4778828745850578e+25,1.5462410064411045,1.2,1.5217084810831476,42,5,8.0,0.7142857142857143,0.6393934625877871,0.047619047619047616
finetune_000277_v05,finetune_000277,AlP2C8N3O7,HF_COREMOF_GCMC,/home/rakeyma/Tüm_çalışmalar/MOF Radyoaktif Gaz Adsorpsiyonu/data/processed/augmented_cif/finetune_000277_v05.cif,AlP2C8N3O7,True,0.0,0,,,0.03894269826470805,noise,False,False,0.03285796455921925,0.05,9.71204462315858e+24,1.4778828745850578e+25,1.5462410064411045,1.2,1.5217010752411642,42,5,8.0,0.7142857142857143,0.6393934625877871,0.047619047619047616
finetune_000277_v06,finetune_000277,AlP2C8N3O7,HF_COREMOF_GCMC,/home/rakeyma/Tüm_çalışmalar/MOF Radyoaktif Gaz Adsorpsiyonu/data/processed/augmented_cif/finetune_000277_v06.cif,AlP2C8N4O7,True,0.0,0,,-NH2,0.03375123334182246,"substitution,defect,functional,noise",False,True,0.031554329784798656,0.05,9.326720721592629e+24,1.4778828745850578e+25,1.5462410064411045,1.2,1.5845685945796122,44,5,7.954545454545454,0.7113636363636363,0.6393934625877871,0.045454545454545456
finetune_000278_v00,finetune_000278,UH2(C5O4)2,HF_COREMOF_GCMC,/home/rakeyma/Tüm_çalışmalar/MOF Radyoaktif Gaz Adsorpsiyonu/data/processed/augmented_cif/finetune_000278_v00.cif,UH2(C5O4)2,False,0.0,0,,,0.0,none,False,False,0.14746093976688085,0.2330971396495256,3.1446031398414465e+25,4.970794288906241e+25,4.551368288254971,2.5032525585402343,1.5807381942501246,42,4,10.380952380952381,0.6690476190476191,0.7389646473275971,0.047619047619047616
finetune_000278_v01,finetune_000278,UH2(C5O4)2,HF_COREMOF_GCMC,/home/rakeyma/Tüm_çalışmalar/MOF Radyoaktif Gaz Adsorpsiyonu/data/processed/augmented_cif/finetune_000278_v01.cif,UH2(C5O4)2,True,0.0,0,,,0.0358123268008481,"substitution,noise",False,False,0.14746093976688085,0.2330971396495256,3.1446031398414465e+25,4.970794288906241e+25,4.551368288254971,2.5032525585402343,1.5807381942501246,42,4,10.380952380952381,0.6690476190476191,0.7389646473275971,0.047619047619047616
finetune_000278_v02,finetune_000278,UH2(C5O4)2,HF_COREMOF_GCMC,/home/rakeyma/Tüm_çalışmalar/MOF Radyoaktif Gaz Adsorpsiyonu/data/processed/augmented_cif/finetune_000278_v02.cif,UH2(C5O4)2,True,0.0,0,,,0.14508358777398028,"substitution,noise",False,False,0.14746093976688085,0.2330971396495256,3.1446031398414465e+25,4.970794288906241e+25,4.551368288254971,2.5032525585402343,1.5807381942501246,42,4,10.380952380952381,0.6690476190476191,0.7389646473275971,0.047619047619047616
finetune_000278_v03,finetune_000278,UH2(C5O4)2,HF_COREMOF_GCMC,/home/rakeyma/Tüm_çalışmalar/MOF Radyoaktif Gaz Adsorpsiyonu/data/processed/augmented_cif/finetune_000278_v03.cif,U2H4C17N3O14,True,0.11904515382862149,5,,-NH2,0.10840424992935235,"functional,defect,noise",False,True,0.1796112137608404,0.27635404492387117,3.8302074273768144e+25,5.893247382997277e+25,4.955716112205718,2.725643861713145,1.5386235588377448,40,5,10.575,0.66875,0.7098844976473285,0.05
finetune_000278_v04,finetune_000278,UH2(C5O4)2,HF_COREMOF_GCMC,/home/rakeyma/Tüm_çalışmalar/MOF Radyoaktif Gaz Adsorpsiyonu/data/processed/augmented_cif/finetune_000278_v04.cif,U2H4C19O15,True,0.06798572937205577,2,,,0.13107474109594647,"defect,substitution,noise",False,False,0.1742275887634085,0.26750667900335456,3.7154016754440213e+25,5.70457738878074e+25,4.875743180210327,2.68165874911568,1.5353864499991097,40,4,10.55,0.67,0.7389646473275971,0.05
finetune_000278_v05,finetune_000278,UH2(C5O4)2,HF_COREMOF_GCMC,/home/rakeyma/Tüm_çalışmalar/MOF Radyoaktif Gaz Adsorpsiyonu/data/processed/augmented_cif/finetune_000278_v05.cif,U2H4C23O16,True,0.0,0,,-CH3,0.08412566987602027,"substitution,functional,noise",False,True,0.10548516802032866,0.172898473930843,2.2494702060615018e+25,3.6870583142644254e+25,3.9198467399739085,2.15591570698565,1.6390785280592506,45,4,10.088888888888889,0.6711111111111112,0.7389646473275971,0.044444444444444446
finetune_000278_v06,finetune_000278,UH2(C5O4)2,HF_COREMOF_GCMC,/home/rakeyma/Tüm_çalışmalar/MOF Radyoaktif Gaz Adsorpsiyonu/data/processed/augmented_cif/finetune_000278_v06.cif,UH2(C5O4)2,True,0.0,0,,,0.1486636014001037,"noise,substitution",False,False,0.14746093976688085,0.2330971396495256,3.1446031398414465e+25,4.970794288906241e+25,4.551368288254971,2.5032525585402343,1.5807381942501246,42,4,10.380952380952381,0.6690476190476191,0.7389646473275971,0.047619047619047616
finetune_000279_v00,finetune_000279,EuHC6N2O5,HF_COREMOF_GCMC,/home/rakeyma/Tüm_çalışmalar/MOF Radyoaktif Gaz Adsorpsiyonu/data/processed/augmented_cif/finetune_000279_v00.cif,EuHC6N2O5,False,0.0,0,,,0.0,none,False,False,0.026663069368171966,0.05,6.59103069616188e+24,1.235984988290522e+25,2.179271850871295,1.2,1.8752529691756201,45,5,10.266666666666667,0.7066666666666668,0.768988946604566,0.06666666666666667
finetune_000279_v01,finetune_000279,EuHC6N2O5,HF_COREMOF_GCMC,/home/rakeyma/Tüm_çalışmalar/MOF Radyoaktif Gaz Adsorpsiyonu/data/processed/augmented_cif/finetune_000279_v01.cif,EuHC6N2O5,True,0.0,0,,,0.11118731049019083,"substitution,noise",False,False,0.026663069368171966,0.05,6.59103069616188e+24,1.235984988290522e+25,2.179271850871295,1.2,1.8752529691756201,45,5,10.266666666666667,0.7066666666666668,0.768988946604566,0.06666666666666667
finetune_000279_v02,finetune_000279,EuHC6N2O5,HF_COREMOF_GCMC,/home/rakeyma/Tüm_çalışmalar/MOF Radyoaktif Gaz Adsorpsiyonu/data/processed/augmented_cif/finetune_000279_v02.cif,Eu3H3C17(N2O5)3,True,0.03555501093982775,1,,,0.055913426652294304,"defect,noise",False,False,0.02698748710203828,0.05,6.67122578596068e+24,1.2359849882905222e+25,2.179271850871295,1.2,1.8527104732260773,44,5,10.363636363636363,0.7068181818181819,0.768988946604566,0.06818181818181818
finetune_000279_v03,finetune_000279,EuHC6N2O5,HF_COREMOF_GCMC,/home/rakeyma/Tüm_çalışmalar/MOF Radyoaktif Gaz Adsorpsiyonu/data/processed/augmented_cif/finetune_000279_v03.cif,Eu3H3C21(NO3)5,True,0.044143418074552805,1,,-CH3,0.030090018455726723,"functional,defect,noise",False,True,0.026087976453158357,0.05,6.448869454196068e+24,1.235984988290522e+25,2.179271850871295,1.2,1.9165917329684925,47,5,10.063829787234043,0.7074468085106385,0.768988946604566,0.06382978723404255
finetune_000279_v04,finetune_000279,EuHC6N2O5,HF_COREMOF_GCMC,/home/rakeyma/Tüm_çalışmalar/MOF Radyoaktif Gaz Adsorpsiyonu/data/processed/augmented_cif/finetune_000279_v04.cif,EuHC7N2O5,True,0.0,0,,-CH3,0.03259902788520072,"functional,noise",False,True,0.025734985299394563,0.05,6.361611100785789e+24,1.235984988290522e+25,2.179271850871295,1.2,1.9428804570242475,48,5,10.0,0.7062499999999999,0.768988946604566,0.0625
finetune_000279_v05,finetune_000279,EuHC6N2O5,HF_COREMOF_GCMC,/home/rakeyma/Tüm_çalışmalar/MOF Radyoaktif Gaz Adsorpsiyonu/data/processed/augmented_cif/finetune_000279_v05.cif,Eu3H3C16N6O11,True,0.14469246613102152,6,,,0.13129478705940814,"noise,defect",False,False,0.07948224355003618,0.13591884452151326,1.9647771972699176e+25,3.3598730290876767e+25,3.593074680848589,1.9761910744667242,1.7100529432834737,39,5,10.717948717948717,0.7179487179487182,0.768988946604566,0.07692307692307693
finetune_000279_v06,finetune_000279,EuHC6N2O5,HF_COREMOF_GCMC,/home/rakeyma/Tüm_çalışmalar/MOF Radyoaktif Gaz Adsorpsiyonu/data/processed/augmented_cif/finetune_000279_v06.cif,EuHC7N2O5,True,0.0,0,,-CH3,0.1307587729241394,"functional,noise",False,True,0.025734985299394563,0.05,6.361611100785789e+24,1.235984988290522e+25,2.179271850871295,1.2,1.9428804570242475,48,5,10.0,0.7062499999999999,0.768988946604566,0.0625
finetune_000280_v00,finetune_000280,CoHC4O3,HF_COREMOF_GCMC,/home/rakeyma/Tüm_çalışmalar/MOF Radyoaktif Gaz Adsorpsiyonu/data/processed/augmented_cif/finetune_000280_v00.cif,CoHC4O3,False,0.0,0,,,0.0,none,False,False,0.20272234461597277,0.24081560498963828,3.3889723538711354e+25,4.025789210541387e+25,3.325674945771934,1.8291212201745637,1.1879085428191327,54,4,8.444444444444445,0.688888888888889,0.5829397481729994,0.1111111111111111
finetune_000280_v01,finetune_000280,CoHC4O3,HF_COREMOF_GCMC,/home/rakeyma/Tüm_çalışmalar/MOF Radyoaktif Gaz Adsorpsiyonu/data/processed/augmented_cif/finetune_000280_v01.cif,Mn6H5C23O17,True,0.07564474645801333,3,Mn,,0.0833525342199995,"defect,substitution,noise",False,False,0.232217565450334,0.2602348063071164,3.882053114989652e+25,4.3504260261023964e+25,3.4571655529408383,1.9014410541174611,1.1206508250245806,51,4,8.411764705882353,0.7049019607843138,0.6822206387965699,0.11764705882352941
finetune_000280_v02,finetune_000280,CoHC4O3,HF_COREMOF_GCMC,/home/rakeyma/Tüm_çalışmalar/MOF Radyoaktif Gaz Adsorpsiyonu/data/processed/augmented_cif/finetune_000280_v02.cif,Co6H6C22O15,True,0.11952699597147852,5,,,0.08376996358533004,"noise,defect",False,False,0.2790792211982337,0.30600914341359575,4.665453958577494e+25,5.115649826490572e+25,3.7489071754608387,2.0618989465034616,1.0964956190566166,49,4,8.571428571428571,0.6938775510204082,0.5829397481729994,0.12244897959183673
finetune_000280_v03,finetune_000280,CoHC4O3,HF_COREMOF_GCMC,/home/rakeyma/Tüm_çalışmalar/MOF Radyoaktif Gaz Adsorpsiyonu/data/processed/augmented_cif/finetune_000280_v03.cif,CoHC4O3,True,0.0,0,,,0.12735415748985734,noise,False,False,0.20272234461597277,0.24081560498963828,3.3889723538711354e+25,4.025789210541387e+25,3.325674945771934,1.8291212201745637,1.1879085428191327,54,4,8.444444444444445,0.688888888888889,0.5829397481729994,0.1111111111111111
finetune_000280_v04,finetune_000280,CoHC4O3,HF_COREMOF_GCMC,/home/rakeyma/Tüm_çalışmalar/MOF Radyoaktif Gaz Adsorpsiyonu/data/processed/augmented_cif/finetune_000280_v04.cif,Co3H3C14O9,True,0.0,0,,-CH3,0.06536926274442692,"functional,noise",False,True,0.1424414990257822,0.17789351186355762,2.381238748776306e+25,2.9739010506251916e+25,2.858364043247074,1.5721002237858908,1.24888823187236,58,4,8.275862068965518,0.6896551724137931,0.5829397481729994,0.10344827586206896
finetune_000280_v05,finetune_000280,CoHC4O3,HF_COREMOF_GCMC,/home/rakeyma/Tüm_çalışmalar/MOF Radyoaktif Gaz Adsorpsiyonu/data/processed/augmented_cif/finetune_000280_v05.cif,Co6H5(C4O3)5,True,0.17119352464563375,8,,,0.05124311543931881,"defect,noise",False,False,0.3209573855088834,0.3417318074176503,5.365544229082794e+25,5.7128366878881385e+25,3.9616872468378967,2.1789279857608435,1.06472641804403,46,4,8.847826086956522,0.7032608695652176,0.5829397481729994,0.13043478260869565
finetune_000280_v06,finetune_000280,CoHC4O3,HF_COREMOF_GCMC,/home/rakeyma/Tüm_çalışmalar/MOF Radyoaktif Gaz Adsorpsiyonu/data/processed/augmented_cif/finetune_000280_v06.cif,Ni6H6C23(NO4)4,True,0.060536083889425295,3,Ni,-NH2,0.1183115516165387,"substitution,functional,defect,noise",False,True,0.19824143778701253,0.23815450505664748,3.3140636436725347e+25,3.9813027770361e+25,3.307248942606352,1.8189869184334937,1.2013356426143202,55,5,8.50909090909091,0.6890909090909091,0.5538736317970011,0.10909090909090909
finetune_000281_v00,finetune_000281,CuH2C8N4(OF)2,HF_COREMOF_GCMC,/home/rakeyma/Tüm_çalışmalar/MOF Radyoaktif Gaz Adsorpsiyonu/data/processed/augmented_cif/finetune_000281_v00.cif,CuH2C8N4(OF)2,False,0.0,0,,,0.0,none,False,False,0.0621677291567671,0.08354699797293963,1.9125639375524242e+25,2.57028811541231e+25,2.076788150348894,1.2,1.3438965699110685,38,6,7.421052631578948,0.6447368421052632,0.7160171475289928,0.05263157894736842
finetune_000281_v01,finetune_000281,CuH2C8N4(OF)2,HF_COREMOF_GCMC,/home/rakeyma/Tüm_çalışmalar/MOF Radyoaktif Gaz Adsorpsiyonu/data/processed/augmented_cif/finetune_000281_v01.cif,NiH2C8N4(OF)2,True,0.0,0,Ni,,0.06043307806583477,"substitution,noise",False,False,0.06220121608212395,0.0821819174944638,1.913594148671372e+25,2.52829199088915e+25,2.0597518781799025,1.2,1.3212268613198723,38,6,7.368421052631579,0.6447368421052632,0.7138082531199973,0.05263157894736842
finetune_000281_v02,finetune_000281,CuH2C8N4(OF)2,HF_COREMOF_GCMC,/home/rakeyma/Tüm_çalışmalar/MOF Radyoaktif Gaz Adsorpsiyonu/data/processed/augmented_cif/finetune_000281_v02.cif,CoH2C9N4(OF)2,True,0.0,0,Co,-CH3,0.08640463867905585,"substitution,noise,functional",False,True,0.036272439871996076,0.05,1.1159062968390078e+25,1.5382288877960714e+25,1.606614841833599,1.2,1.378457037256052,40,6,7.25,0.6475,0.7204724530164602,0.05
finetune_000281_v03,finetune_000281,CuH2C8N4(OF)2,HF_COREMOF_GCMC,/home/rakeyma/Tüm_çalışmalar/MOF Radyoaktif Gaz Adsorpsiyonu/data/processed/augmented_cif/finetune_000281_v03.cif,Cu2H4C15N10OF4,True,0.13184229820744664,4,,-NH2,0.052154990166196166,"defect,functional,noise",False,True,0.1029727513743304,0.13068894697045197,3.167913216396751e+25,4.02059027091196e+25,2.597444052028009,1.428594228615405,1.2691604839747035,36,6,7.388888888888889,0.6472222222222221,0.7160171475289928,0.05555555555555555
finetune_000281_v04,finetune_000281,CuH2C8N4(OF)2,HF_COREMOF_GCMC,/home/rakeyma/Tüm_çalışmalar/MOF Radyoaktif Gaz Adsorpsiyonu/data/processed/augmented_cif/finetune_000281_v04.cif,Zn2H3C16N8(OF)4,True,0.10632772045542127,3,Zn,-CH3,0.05718147186024174,"defect,functional,substitution,noise",False,True,0.06252505701121523,0.0844241768140298,1.9235569781149503e+25,2.5972741520748775e+25,2.0876620174940337,1.2,1.350245499158625,37,6,7.648648648648648,0.6554054054054054,0.7750268812542354,0.05405405405405406
finetune_000281_v05,finetune_000281,CuH2C8N4(OF)2,HF_COREMOF_GCMC,/home/rakeyma/Tüm_çalışmalar/MOF Radyoaktif Gaz Adsorpsiyonu/data/processed/augmented_cif/finetune_000281_v05.cif,CoH2C8N4(OF)2,True,0.0,0,Co,,0.08697896381539742,"substitution,noise",False,False,0.05898815632012018,0.07800281759684491,1.8147457217887844e+25,2.3997237471390904e+25,2.0066975373118594,1.2,1.322347102586745,38,6,7.315789473684211,0.6447368421052632,0.7204724530164602,0.05263157894736842
finetune_000281_v06,finetune_000281,CuH2C8N4(OF)2,HF_COREMOF_GCMC,/home/rakeyma/Tüm_çalışmalar/MOF Radyoaktif Gaz Adsorpsiyonu/data/processed/augmented_cif/finetune_000281_v06.cif,CuH2C8N4(OF)2,True,0.0,0,,,0.10879641267291526,noise,False,False,0.0621677291567671,0.08354699797293963,1.9125639375524242e+25,2.57028811541231e+25,2.076788150348894,1.2,1.3438965699110685,38,6,7.421052631578948,0.6447368421052632,0.7160171475289928,0.05263157894736842
finetune_000282_v00,finetune_000282,Ho(CO2)4,HF_COREMOF_GCMC,/home/rakeyma/Tüm_çalışmalar/MOF Radyoaktif Gaz Adsorpsiyonu/data/processed/augmented_cif/finetune_000282_v00.cif,Ho(CO2)4,False,0.0,0,,,0.0,none,False,False,0.14997836171222506,0.25281674030478984,2.4414133620380375e+25,4.115461463109865e+25,4.837021143375599,2.6603616288565797,1.6856881047273249,52,3,11.923076923076923,0.7192307692307693,0.9079035680560402,0.07692307692307693
finetune_000282_v01,finetune_000282,Ho(CO2)4,HF_COREMOF_GCMC,/home/rakeyma/Tüm_çalışmalar/MOF Radyoaktif Gaz Adsorpsiyonu/data/processed/augmented_cif/finetune_000282_v01.cif,Ho(CO2)4,True,0.0,0,,,0.0661563266475754,noise,False,False,0.14997836171222506,0.25281674030478984,2.4414133620380375e+25,4.115461463109865e+25,4.837021143375599,2.6603616288565797,1.6856881047273249,52,3,11.923076923076923,0.7192307692307693,0.9079035680560402,0.07692307692307693
finetune_000282_v02,finetune_000282,Ho(CO2)4,HF_COREMOF_GCMC,/home/rakeyma/Tüm_çalışmalar/MOF Radyoaktif Gaz Adsorpsiyonu/data/processed/augmented_cif/finetune_000282_v02.cif,Ho2C8NO16,True,0.0,0,,-NH2,0.09924310740121794,"noise,substitution,functional",False,True,0.13346213653976627,0.22959644159866344,2.172555025634546e+25,3.7374712858306406e+25,4.609540641960254,2.5352473530781396,1.7203114497590337,54,4,11.74074074074074,0.7166666666666667,0.8327214420200791,0.07407407407407407
finetune_000282_v03,finetune_000282,Ho(CO2)4,HF_COREMOF_GCMC,/home/rakeyma/Tüm_çalışmalar/MOF Radyoaktif Gaz Adsorpsiyonu/data/processed/augmented_cif/finetune_000282_v03.cif,Ho(CO2)4,True,0.0,0,,,0.05406426693482297,"substitution,noise",False,False,0.14997836171222506,0.25281674030478984,2.4414133620380375e+25,4.115461463109865e+25,4.837021143375599,2.6603616288565797,1.6856881047273249,52,3,11.923076923076923,0.7192307692307693,0.9079035680560402,0.07692307692307693
finetune_000282_v04,finetune_000282,Ho(CO2)4,HF_COREMOF_GCMC,/home/rakeyma/Tüm_çalışmalar/MOF Radyoaktif Gaz Adsorpsiyonu/data/processed/augmented_cif/finetune_000282_v04.cif,Ho4C16O27,True,0.11816218224254885,5,,,0.08310674537976157,"defect,substitution,noise",False,False,0.19382319977031143,0.30756161678329974,3.1551388106250686e+25,5.006622504021951e+25,5.335082500603003,2.934295375331652,1.5868152891283038,47,3,12.340425531914894,0.7319148936170216,0.9079035680560402,0.0851063829787234
finetune_000282_v05,finetune_000282,Ho(CO2)4,HF_COREMOF_GCMC,/home/rakeyma/Tüm_çalışmalar/MOF Radyoaktif Gaz Adsorpsiyonu/data/processed/augmented_cif/finetune_000282_v05.cif,Ho(CO2)4,True,0.0,0,,,0.06451112112075932,"substitution,noise",False,False,0.14997836171222506,0.25281674030478984,2.4414133620380375e+25,4.115461463109865e+25,4.837021143375599,2.6603616288565797,1.6856881047273249,52,3,11.923076923076923,0.7192307692307693,0.9079035680560402,0.07692307692307693
finetune_000282_v06,finetune_000282,Ho(CO2)4,HF_COREMOF_GCMC,/home/rakeyma/Tüm_çalışmalar/MOF Radyoaktif Gaz Adsorpsiyonu/data/processed/augmented_cif/finetune_000282_v06.cif,Ho2C8NO16,True,0.0,0,,-NH2,0.10859484368098639,"substitution,functional,noise",False,True,0.13346213653976627,0.22959644159866344,2.172555025634546e+25,3.7374712858306406e+25,4.609540641960254,2.5352473530781396,1.7203114497590337,54,4,11.74074074074074,0.7166666666666667,0.8327214420200791,0.07407407407407407
finetune_000283_v00,finetune_000283,CoHC4O3,HF_COREMOF_GCMC,/home/rakeyma/Tüm_çalışmalar/MOF Radyoaktif Gaz Adsorpsiyonu/data/processed/augmented_cif/finetune_000283_v00.cif,CoHC4O3,False,0.0,0,,,0.0,none,False,False,0.20272234461597277,0.24081560498963828,3.3889723538711354e+25,4.025789210541387e+25,3.325674945771934,1.8291212201745637,1.1879085428191327,54,4,8.444444444444445,0.688888888888889,0.5829397481729994,0.1111111111111111
finetune_000283_v01,finetune_000283,CoHC4O3,HF_COREMOF_GCMC,/home/rakeyma/Tüm_çalışmalar/MOF Radyoaktif Gaz Adsorpsiyonu/data/processed/augmented_cif/finetune_000283_v01.cif,MnHC4O3,True,0.0,0,Mn,,0.08558770010351352,"substitution,noise",False,False,0.1978418186893586,0.22899850163094293,3.3073830871872915e+25,3.828239026020184e+25,3.2430512059343135,1.7836781632638725,1.1574827968524946,54,4,8.222222222222221,0.6944444444444445,0.6822206387965699,0.1111111111111111
finetune_000283_v02,finetune_000283,CoHC4O3,HF_COREMOF_GCMC,/home/rakeyma/Tüm_çalışmalar/MOF Radyoaktif Gaz Adsorpsiyonu/data/processed/augmented_cif/finetune_000283_v02.cif,CoHC4O3,True,0.0,0,,,0.1371466413341674,noise,False,False,0.20272234461597277,0.24081560498963828,3.3889723538711354e+25,4.025789210541387e+25,3.325674945771934,1.8291212201745637,1.1879085428191327,54,4,8.444444444444445,0.688888888888889,0.5829397481729994,0.1111111111111111
finetune_000283_v03,finetune_000283,CoHC4O3,HF_COREMOF_GCMC,/home/rakeyma/Tüm_çalışmalar/MOF Radyoaktif Gaz Adsorpsiyonu/data/processed/augmented_cif/finetune_000283_v03.cif,CoHC4O3,True,0.0,0,,,0.1151774685056954,noise,False,False,0.20272234461597277,0.24081560498963828,3.3889723538711354e+25,4.025789210541387e+25,3.325674945771934,1.8291212201745637,1.1879085428191327,54,4,8.444444444444445,0.688888888888889,0.5829397481729994,0.1111111111111111
finetune_000283_v04,finetune_000283,CoHC4O3,HF_COREMOF_GCMC,/home/rakeyma/Tüm_çalışmalar/MOF Radyoaktif Gaz Adsorpsiyonu/data/processed/augmented_cif/finetune_000283_v04.cif,Co3H3C14O9,True,0.0,0,,-CH3,0.04088373610317527,"functional,noise",False,True,0.1424414990257822,0.17789351186355762,2.381238748776306e+25,2.9739010506251916e+25,2.858364043247074,1.5721002237858908,1.24888823187236,58,4,8.275862068965518,0.6896551724137931,0.5829397481729994,0.10344827586206896
finetune_000283_v05,finetune_000283,CoHC4O3,HF_COREMOF_GCMC,/home/rakeyma/Tüm_çalışmalar/MOF Radyoaktif Gaz Adsorpsiyonu/data/processed/augmented_cif/finetune_000283_v05.cif,NiHC4O3,True,0.0,0,Ni,,0.14033033515054025,"substitution,noise",False,False,0.20877834443344895,0.24762830795697666,3.4902123824203038e+25,4.139679280504727e+25,3.372388741022685,1.854813807562477,1.186082343113472,54,4,8.555555555555555,0.688888888888889,0.5748260606479145,0.1111111111111111
finetune_000283_v06,finetune_000283,CoHC4O3,HF_COREMOF_GCMC,/home/rakeyma/Tüm_çalışmalar/MOF Radyoaktif Gaz Adsorpsiyonu/data/processed/augmented_cif/finetune_000283_v06.cif,Co6H6C19N3O17,True,0.1314716098629126,6,,-NH2,0.11255435704201322,"defect,functional,noise",False,True,0.2576569809238138,0.29494289478403235,4.307331719090167e+25,4.930651913519021e+25,3.6804968879373545,2.024273288365545,1.144711444365032,51,5,8.607843137254902,0.6872549019607841,0.5617259118110896,0.11764705882352941
finetune_000284_v00,finetune_000284,CuH8(C2N)4,HF_COREMOF_GCMC,/home/rakeyma/Tüm_çalışmalar/MOF Radyoaktif Gaz Adsorpsiyonu/data/processed/augmented_cif/finetune_000284_v00.cif,CuH8(C2N)4,False,0.0,0,,,0.0,none,False,False,0.05556521108350604,0.06374764214332951,3.752883638938055e+25,4.305526399621553e+25,1.7305181678393637,1.2,1.1472581656807983,21,4,5.380952380952381,0.55,0.4242861652234256,0.047619047619047616
finetune_000284_v01,finetune_000284,CuH8(C2N)4,HF_COREMOF_GCMC,/home/rakeyma/Tüm_çalışmalar/MOF Radyoaktif Gaz Adsorpsiyonu/data/processed/augmented_cif/finetune_000284_v01.cif,CuH7(C2N)4,True,0.061698361778002093,1,,,0.05244402605083131,"noise,defect",False,False,0.07089212654612424,0.08096514588729664,4.788066069696799e+25,5.468399478731826e+25,1.9502628651885967,1.2,1.142089394576401,20,4,5.6,0.5650000000000001,0.4242861652234256,0.05
finetune_000284_v02,finetune_000284,CuH8(C2N)4,HF_COREMOF_GCMC,/home/rakeyma/Tüm_çalışmalar/MOF Radyoaktif Gaz Adsorpsiyonu/data/processed/augmented_cif/finetune_000284_v02.cif,NiH8C8N5,True,0.0,0,Ni,-NH2,0.08885073568646465,"functional,noise,substitution",False,True,0.04186900252803723,0.05,2.8278394251033305e+25,3.37700835267056e+25,1.5326009917783558,1.2,1.194200888032093,22,4,5.409090909090909,0.5545454545454546,0.421218470630147,0.045454545454545456
finetune_000284_v03,finetune_000284,CuH8(C2N)4,HF_COREMOF_GCMC,/home/rakeyma/Tüm_çalışmalar/MOF Radyoaktif Gaz Adsorpsiyonu/data/processed/augmented_cif/finetune_000284_v03.cif,CuH8(C2N)4,True,0.0,0,,,0.06614662246775799,noise,False,False,0.05556521108350604,0.06374764214332951,3.752883638938055e+25,4.305526399621553e+25,1.7305181678393637,1.2,1.1472581656807983,21,4,5.380952380952381,0.55,0.4242861652234256,0.047619047619047616
finetune_000284_v04,finetune_000284,CuH8(C2N)4,HF_COREMOF_GCMC,/home/rakeyma/Tüm_çalışmalar/MOF Radyoaktif Gaz Adsorpsiyonu/data/processed/augmented_cif/finetune_000284_v04.cif,NiH8(C2N)4,True,0.0,0,Ni,,0.13887937441026948,"noise,substitution",False,False,0.055462096138738905,0.06224920188698846,3.7459192383427785e+25,4.204321494388721e+25,1.7100586036135876,1.2,1.122373769128227,21,4,5.333333333333333,0.55,0.421218470630147,0.047619047619047616
finetune_000284_v05,finetune_000284,CuH8(C2N)4,HF_COREMOF_GCMC,/home/rakeyma/Tüm_çalışmalar/MOF Radyoaktif Gaz Adsorpsiyonu/data/processed/augmented_cif/finetune_000284_v05.cif,CuH7(C2N)4,True,0.08827085531470269,1,,,0.07194933414782369,"defect,noise",False,False,0.07089212654612424,0.08096514588729664,4.788066069696799e+25,5.468399478731826e+25,1.9502628651885967,1.2,1.142089394576401,20,4,5.6,0.5650000000000001,0.4242861652234256,0.05
finetune_000284_v06,finetune_000284,CuH8(C2N)4,HF_COREMOF_GCMC,/home/rakeyma/Tüm_çalışmalar/MOF Radyoaktif Gaz Adsorpsiyonu/data/processed/augmented_cif/finetune_000284_v06.cif,CuH8(C2N)4,True,0.0,0,,,0.1160600599007562,noise,False,False,0.05556521108350604,0.06374764214332951,3.752883638938055e+25,4.305526399621553e+25,1.7305181678393637,1.2,1.1472581656807983,21,4,5.380952380952381,0.55,0.4242861652234256,0.047619047619047616
finetune_000285_v00,finetune_000285,MgPHCO6,HF_COREMOF_GCMC,/home/rakeyma/Tüm_çalışmalar/MOF Radyoaktif Gaz Adsorpsiyonu/data/processed/augmented_cif/finetune_000285_v00.cif,MgPHCO6,False,0.0,0,,,0.0,none,False,False,0.09183493617924217,0.13499857555114858,2.705562218012952e+25,3.977212384444526e+25,1.9888527039069894,1.2,1.4700132778190231,40,5,8.2,0.7050000000000001,0.6865974075103983,0.1
finetune_000285_v01,finetune_000285,MgPHCO6,HF_COREMOF_GCMC,/home/rakeyma/Tüm_çalışmalar/MOF Radyoaktif Gaz Adsorpsiyonu/data/processed/augmented_cif/finetune_000285_v01.cif,Mg3P4H4C3NO24,True,0.06530711092886254,2,,-NH2,0.08190757913946627,"defect,substitution,functional,noise",False,True,0.12035970656484818,0.17092414573857795,3.545934566964773e+25,5.035620757157607e+25,2.237895155269625,1.230842335398294,1.420111020680217,39,6,8.128205128205128,0.6833333333333335,0.679184560091487,0.07692307692307693
finetune_000285_v02,finetune_000285,MgPHCO6,HF_COREMOF_GCMC,/home/rakeyma/Tüm_çalışmalar/MOF Radyoaktif Gaz Adsorpsiyonu/data/processed/augmented_cif/finetune_000285_v02.cif,Mg3P4H4(CO5)4,True,0.178070561102761,6,,-CH3,0.03500941122838497,"defect,functional,noise",False,True,0.1913389860033493,0.24347735587100738,5.637065292376e+25,7.17312128034331e+25,2.6709595776866424,1.4690277677276535,1.2724921405549072,35,5,8.114285714285714,0.6942857142857143,0.6865974075103983,0.08571428571428572
finetune_000285_v03,finetune_000285,MgPHCO6,HF_COREMOF_GCMC,/home/rakeyma/Tüm_çalışmalar/MOF Radyoaktif Gaz Adsorpsiyonu/data/processed/augmented_cif/finetune_000285_v03.cif,Mg4P4H4C5O24,True,0.0,0,,-CH3,0.1251640100318673,"functional,noise",False,True,0.0716667256918152,0.10727646051659301,2.111383678015787e+25,3.1604871798392685e+25,1.7729245143102426,1.2,1.496879611577464,41,5,8.146341463414634,0.7048780487804879,0.6865974075103983,0.0975609756097561
finetune_000285_v04,finetune_000285,MgPHCO6,HF_COREMOF_GCMC,/home/rakeyma/Tüm_çalışmalar/MOF Radyoaktif Gaz Adsorpsiyonu/data/processed/augmented_cif/finetune_000285_v04.cif,Mg4P4H4C4NO24,True,0.0,0,,-NH2,0.07491956865507177,"substitution,functional,defect,noise",False,True,0.07592276800992345,0.1139862223811291,2.2367715507929084e+25,3.3581644358796147e+25,1.827528706731475,1.2,1.5013443973253264,41,6,8.170731707317072,0.7036585365853659,0.679184560091487,0.0975609756097561
finetune_000285_v05,finetune_000285,MgPHCO6,HF_COREMOF_GCMC,/home/rakeyma/Tüm_çalışmalar/MOF Radyoaktif Gaz Adsorpsiyonu/data/processed/augmented_cif/finetune_000285_v05.cif,Mg4P4H3C5O23,True,0.055253825556051475,2,,-CH3,0.10543388574013764,"functional,defect,noise",False,True,0.09226703163706697,0.13460250986857059,2.7182922442306877e+25,3.965543836599695e+25,1.985933062310317,1.2,1.4588364606550963,39,5,8.333333333333334,0.7192307692307695,0.6865974075103983,0.10256410256410256
finetune_000285_v06,finetune_000285,MgPHCO6,HF_COREMOF_GCMC,/home/rakeyma/Tüm_çalışmalar/MOF Radyoaktif Gaz Adsorpsiyonu/data/processed/augmented_cif/finetune_000285_v06.cif,Mg4P4H4C4NO24,True,0.0,0,,-NH2,0.08623644090183838,"functional,noise",False,True,0.07592276800992345,0.1139862223811291,2.2367715507929084e+25,3.3581644358796147e+25,1.827528706731475,1.2,1.5013443973253264,41,6,8.170731707317072,0.7036585365853659,0.679184560091487,0.0975609756097561
finetune_000286_v00,finetune_000286,Ho(CO2)4,HF_COREMOF_GCMC,/home/rakeyma/Tüm_çalışmalar/MOF Radyoaktif Gaz Adsorpsiyonu/data/processed/augmented_cif/finetune_000286_v00.cif,Ho(CO2)4,False,0.0,0,,,0.0,none,False,False,0.14997836171222506,0.25281674030478984,2.4414133620380375e+25,4.115461463109865e+25,4.837021143375599,2.6603616288565797,1.6856881047273249,52,3,11.923076923076923,0.7192307692307693,0.9079035680560402,0.07692307692307693
finetune_000286_v01,finetune_000286,Ho(CO2)4,HF_COREMOF_GCMC,/home/rakeyma/Tüm_çalışmalar/MOF Radyoaktif Gaz Adsorpsiyonu/data/processed/augmented_cif/finetune_000286_v01.cif,Ho2C9O16,True,0.0,0,,-CH3,0.12686366142891725,"functional,noise",False,True,0.12952345876697718,0.22218162834662825,2.108439506345835e+25,3.616769712991286e+25,4.534497269418265,2.4939734981800457,1.715377511237948,54,3,11.703703703703704,0.7185185185185188,0.9079035680560402,0.07407407407407407
finetune_000286_v02,finetune_000286,Ho(CO2)4,HF_COREMOF_GCMC,/home/rakeyma/Tüm_çalışmalar/MOF Radyoaktif Gaz Adsorpsiyonu/data/processed/augmented_cif/finetune_000286_v02.cif,Ho2C9O16,True,0.0,0,,-CH3,0.09435439697653247,"substitution,noise,functional",False,True,0.12952345876697718,0.22218162834662825,2.108439506345835e+25,3.616769712991286e+25,4.534497269418265,2.4939734981800457,1.715377511237948,54,3,11.703703703703704,0.7185185185185188,0.9079035680560402,0.07407407407407407
finetune_000286_v03,finetune_000286,Ho(CO2)4,HF_COREMOF_GCMC,/home/rakeyma/Tüm_çalışmalar/MOF Radyoaktif Gaz Adsorpsiyonu/data/processed/augmented_cif/finetune_000286_v03.cif,Ho4C15N2O31,True,0.054595577503325964,2,,-NH2,0.06424177166786532,"defect,functional,noise",False,True,0.15178510963954156,0.25586297287344617,2.470824394944563e+25,4.165049369072348e+25,4.866074938468309,2.67634121615757,1.6856921833839178,52,4,11.923076923076923,0.7192307692307693,0.8327214420200791,0.07692307692307693
finetune_000286_v04,finetune_000286,Ho(CO2)4,HF_COREMOF_GCMC,/home/rakeyma/Tüm_çalışmalar/MOF Radyoaktif Gaz Adsorpsiyonu/data/processed/augmented_cif/finetune_000286_v04.cif,Ho4C14O27,True,0.15995921468874863,7,,,0.08316122629594017,"defect,noise",False,False,0.21719292737779144,0.33819672874146134,3.535561456910319e+25,5.505314254140533e+25,5.594480614260924,3.0769643378435085,1.5571258826176806,45,3,12.622222222222222,0.7333333333333335,0.9079035680560402,0.08888888888888889
finetune_000286_v05,finetune_000286,Ho(CO2)4,HF_COREMOF_GCMC,/home/rakeyma/Tüm_çalışmalar/MOF Radyoaktif Gaz Adsorpsiyonu/data/processed/augmented_cif/finetune_000286_v05.cif,Ho2C8O13,True,0.16641839996617114,8,,-CH3,0.12970234095453212,"noise,functional,defect",False,True,0.2032561035540529,0.3185105920790019,3.3086917437117384e+25,5.184854712204372e+25,5.429214642800189,2.9860680535401043,1.5670407260085,46,3,12.434782608695652,0.7347826086956524,0.9079035680560402,0.08695652173913043
finetune_000286_v06,finetune_000286,Ho(CO2)4,HF_COREMOF_GCMC,/home/rakeyma/Tüm_çalışmalar/MOF Radyoaktif Gaz Adsorpsiyonu/data/processed/augmented_cif/finetune_000286_v06.cif,Ho4C17O28,True,0.11651802855292555,5,,-CH3,0.08309788799877935,"functional,defect,noise",False,True,0.17348531555205512,0.281295085508517,2.8240698369466746e+25,4.579044420780246e+25,5.102184327455683,2.8062013801006263,1.6214345555034197,49,3,12.122448979591837,0.7285714285714286,0.9079035680560402,0.08163265306122448
finetune_000287_v00,finetune_000287,Ho(CO2)4,HF_COREMOF_GCMC,/home/rakeyma/Tüm_çalışmalar/MOF Radyoaktif Gaz Adsorpsiyonu/data/processed/augmented_cif/finetune_000287_v00.cif,Ho(CO2)4,False,0.0,0,,,0.0,none,False,False,0.14997836171222506,0.25281674030478984,2.4414133620380375e+25,4.115461463109865e+25,4.837021143375599,2.6603616288565797,1.6856881047273249,52,3,11.923076923076923,0.7192307692307693,0.9079035680560402,0.07692307692307693
finetune_000287_v01,finetune_000287,Ho(CO2)4,HF_COREMOF_GCMC,/home/rakeyma/Tüm_çalışmalar/MOF Radyoaktif Gaz Adsorpsiyonu/data/processed/augmented_cif/finetune_000287_v01.cif,Ho4C12O29,True,0.1480692426941474,7,,,0.08159524417394512,"defect,noise",False,False,0.22140209175416944,0.34693389010821907,3.604080075424246e+25,5.647541587894279e+25,5.666285264591879,3.116456895525534,1.566985602346666,45,3,12.71111111111111,0.728888888888889,0.9079035680560402,0.08888888888888889
finetune_000287_v02,finetune_000287,Ho(CO2)4,HF_COREMOF_GCMC,/home/rakeyma/Tüm_çalışmalar/MOF Radyoaktif Gaz Adsorpsiyonu/data/processed/augmented_cif/finetune_000287_v02.cif,Ho(CO2)4,True,0.0,0,,,0.06076381256698249,"substitution,defect,noise",False,False,0.14997836171222506,0.25281674030478984,2.4414133620380375e+25,4.115461463109865e+25,4.837021143375599,2.6603616288565797,1.6856881047273249,52,3,11.923076923076923,0.7192307692307693,0.9079035680560402,0.07692307692307693
finetune_000287_v03,finetune_000287,Ho(CO2)4,HF_COREMOF_GCMC,/home/rakeyma/Tüm_çalışmalar/MOF Radyoaktif Gaz Adsorpsiyonu/data/processed/augmented_cif/finetune_000287_v03.cif,Ho4C14O29,True,0.12005664573061885,5,,,0.043063481145853844,"defect,noise",False,False,0.19809840850232044,0.31629877815005736,3.2247325280431573e+25,5.148849837775696e+25,5.410330918218419,2.9756820050201305,1.596675008857289,47,3,12.425531914893616,0.7276595744680853,0.9079035680560402,0.0851063829787234
finetune_000287_v04,finetune_000287,Ho(CO2)4,HF_COREMOF_GCMC,/home/rakeyma/Tüm_çalışmalar/MOF Radyoaktif Gaz Adsorpsiyonu/data/processed/augmented_cif/finetune_000287_v04.cif,Ho4C15NO29,True,0.10657866580159395,5,,-NH2,0.07608489680035065,"functional,defect,noise",False,True,0.17765563430859385,0.2893710728179134,2.8919561094724895e+25,4.710508874076795e+25,5.174907951963021,2.8461993735796614,1.6288313846284552,49,4,12.183673469387756,0.7255102040816327,0.8327214420200791,0.08163265306122448
finetune_000287_v05,finetune_000287,Ho(CO2)4,HF_COREMOF_GCMC,/home/rakeyma/Tüm_çalışmalar/MOF Radyoaktif Gaz Adsorpsiyonu/data/processed/augmented_cif/finetune_000287_v05.cif,Ho2(CO2)7,True,0.1298558851029571,6,,,0.14796854945329446,"defect,noise",False,False,0.20752594390491919,0.3272477534457594,3.37819807227383e+25,5.327082045958115e+25,5.503176082407843,3.026746845324314,1.5769004457374851,46,3,12.521739130434783,0.7304347826086959,0.9079035680560402,0.08695652173913043
finetune_000287_v06,finetune_000287,Ho(CO2)4,HF_COREMOF_GCMC,/home/rakeyma/Tüm_çalışmalar/MOF Radyoaktif Gaz Adsorpsiyonu/data/processed/augmented_cif/finetune_000287_v06.cif,Ho4C17O28,True,0.10810317703775478,5,,-CH3,0.11007714235380568,"functional,defect,substitution,noise",False,True,0.17348531555205512,0.281295085508517,2.8240698369466746e+25,4.579044420780246e+25,5.102184327455683,2.8062013801006263,1.6214345555034197,49,3,12.122448979591837,0.7285714285714286,0.9079035680560402,0.08163265306122448
finetune_000288_v00,finetune_000288,TbH8C8(NO3)2,HF_COREMOF_GCMC,/home/rakeyma/Tüm_çalışmalar/MOF Radyoaktif Gaz Adsorpsiyonu/data/processed/augmented_cif/finetune_000288_v00.cif,TbH8C8(NO3)2,False,0.0,0,,,0.0,none,False,False,0.02481166212658632,0.05,8.506364654357456e+24,1.714186782602257e+25,1.6927034589673409,1.2,2.015181399170503,50,5,7.32,0.5700000000000001,0.8027353237524806,0.04
finetune_000288_v01,finetune_000288,TbH8C8(NO3)2,HF_COREMOF_GCMC,/home/rakeyma/Tüm_çalışmalar/MOF Radyoaktif Gaz Adsorpsiyonu/data/processed/augmented_cif/finetune_000288_v01.cif,Tb2H15C14(NO4)3,True,0.09010604208735823,4,,,0.14720431767725245,"defect,noise",False,False,0.026129178404590503,0.05,8.958058452281076e+24,1.7141867826022575e+25,1.6927034589673409,1.2,1.9135695438175644,46,5,7.521739130434782,0.5695652173913046,0.8027353237524806,0.043478260869565216
finetune_000288_v02,finetune_000288,TbH8C8(NO3)2,HF_COREMOF_GCMC,/home/rakeyma/Tüm_çalışmalar/MOF Radyoaktif Gaz Adsorpsiyonu/data/processed/augmented_cif/finetune_000288_v02.cif,TbH8C8(NO3)2,True,0.0,0,,,0.12008391378350465,"substitution,noise",False,False,0.02481166212658632,0.05,8.506364654357456e+24,1.714186782602257e+25,1.6927034589673409,1.2,2.015181399170503,50,5,7.32,0.5700000000000001,0.8027353237524806,0.04
finetune_000288_v03,finetune_000288,TbH8C8(NO3)2,HF_COREMOF_GCMC,/home/rakeyma/Tüm_çalışmalar/MOF Radyoaktif Gaz Adsorpsiyonu/data/processed/augmented_cif/finetune_000288_v03.cif,TbH8C8(NO3)2,True,0.0,0,,,0.08994081652060533,"substitution,noise",False,False,0.02481166212658632,0.05,8.506364654357456e+24,1.714186782602257e+25,1.6927034589673409,1.2,2.015181399170503,50,5,7.32,0.5700000000000001,0.8027353237524806,0.04
finetune_000288_v04,finetune_000288,TbH8C8(NO3)2,HF_COREMOF_GCMC,/home/rakeyma/Tüm_çalışmalar/MOF Radyoaktif Gaz Adsorpsiyonu/data/processed/augmented_cif/finetune_000288_v04.cif,TbH8C8(NO3)2,True,0.0,0,,,0.14542779920469587,"noise,substitution",False,False,0.02481166212658632,0.05,8.506364654357456e+24,1.714186782602257e+25,1.6927034589673409,1.2,2.015181399170503,50,5,7.32,0.5700000000000001,0.8027353237524806,0.04
finetune_000288_v05,finetune_000288,TbH8C8(NO3)2,HF_COREMOF_GCMC,/home/rakeyma/Tüm_çalışmalar/MOF Radyoaktif Gaz Adsorpsiyonu/data/processed/augmented_cif/finetune_000288_v05.cif,Tb2H16C15(NO3)4,True,0.03301142123056737,1,,,0.07089815089010212,"noise,defect",False,False,0.02520266437659767,0.05,8.640414832144897e+24,1.7141867826022573e+25,1.6927034589673409,1.2,1.9839172260861548,49,5,7.346938775510204,0.5673469387755102,0.8027353237524806,0.04081632653061224
finetune_000288_v06,finetune_000288,TbH8C8(NO3)2,HF_COREMOF_GCMC,/home/rakeyma/Tüm_çalışmalar/MOF Radyoaktif Gaz Adsorpsiyonu/data/processed/augmented_cif/finetune_000288_v06.cif,TbH8C8(NO3)2,True,0.0,0,,,0.13577242423519853,noise,False,False,0.02481166212658632,0.05,8.506364654357456e+24,1.714186782602257e+25,1.6927034589673409,1.2,2.015181399170503,50,5,7.32,0.5700000000000001,0.8027353237524806,0.04
finetune_000289_v00,finetune_000289,TbH8C8(NO3)2,HF_COREMOF_GCMC,/home/rakeyma/Tüm_çalışmalar/MOF Radyoaktif Gaz Adsorpsiyonu/data/processed/augmented_cif/finetune_000289_v00.cif,TbH8C8(NO3)2,False,0.0,0,,,0.0,none,False,False,0.02481166212658632,0.05,8.506364654357456e+24,1.714186782602257e+25,1.6927034589673409,1.2,2.015181399170503,50,5,7.32,0.5700000000000001,0.8027353237524806,0.04
finetune_000289_v01,finetune_000289,TbH8C8(NO3)2,HF_COREMOF_GCMC,/home/rakeyma/Tüm_çalışmalar/MOF Radyoaktif Gaz Adsorpsiyonu/data/processed/augmented_cif/finetune_000289_v01.cif,TbH8C8(NO3)2,True,0.0,0,,,0.1402581037735795,"noise,substitution",False,False,0.02481166212658632,0.05,8.506364654357456e+24,1.714186782602257e+25,1.6927034589673409,1.2,2.015181399170503,50,5,7.32,0.5700000000000001,0.8027353237524806,0.04
finetune_000289_v02,finetune_000289,TbH8C8(NO3)2,HF_COREMOF_GCMC,/home/rakeyma/Tüm_çalışmalar/MOF Radyoaktif Gaz Adsorpsiyonu/data/processed/augmented_cif/finetune_000289_v02.cif,TbH8C9(NO3)2,True,0.0,0,,-CH3,0.12259006788082291,"functional,noise",False,True,0.024064959079179358,0.05,8.250366955478688e+24,1.7141867826022575e+25,1.6927034589673409,1.2,2.0777097453391997,52,5,7.269230769230769,0.5750000000000001,0.8027353237524806,0.038461538461538464
finetune_000289_v03,finetune_000289,TbH8C8(NO3)2,HF_COREMOF_GCMC,/home/rakeyma/Tüm_çalışmalar/MOF Radyoaktif Gaz Adsorpsiyonu/data/processed/augmented_cif/finetune_000289_v03.cif,TbH8C8(NO2)3,True,0.0,0,,-NH2,0.03319927745836139,"noise,functional",False,True,0.023945201563017767,0.05,8.209309605214393e+24,1.7141867826022573e+25,1.6927034589673409,1.2,2.088101028024865,52,5,7.3076923076923075,0.573076923076923,0.8027353237524806,0.038461538461538464
finetune_000289_v04,finetune_000289,TbH8C8(NO3)2,HF_COREMOF_GCMC,/home/rakeyma/Tüm_çalışmalar/MOF Radyoaktif Gaz Adsorpsiyonu/data/processed/augmented_cif/finetune_000289_v04.cif,Tb2H15C13N3O11,True,0.13135628825454432,6,,,0.06687092922874831,"defect,substitution,noise",False,False,0.027164191437737833,0.05,9.31289958452952e+24,1.7141867826022573e+25,1.6927034589673409,1.2,1.8406585049513948,44,5,7.545454545454546,0.565909090909091,0.8027353237524806,0.045454545454545456
finetune_000289_v05,finetune_000289,TbH8C8(NO3)2,HF_COREMOF_GCMC,/home/rakeyma/Tüm_çalışmalar/MOF Radyoaktif Gaz Adsorpsiyonu/data/processed/augmented_cif/finetune_000289_v05.cif,TbH7C7N2O5,True,0.14464838752783424,6,,,0.10682973770741794,"noise,defect",False,False,0.02682242366658345,0.05,9.195728825323066e+24,1.7141867826022575e+25,1.6927034589673409,1.2,1.8641119319240411,44,5,7.636363636363637,0.5772727272727274,0.8027353237524806,0.045454545454545456
finetune_000289_v06,finetune_000289,TbH8C8(NO3)2,HF_COREMOF_GCMC,/home/rakeyma/Tüm_çalışmalar/MOF Radyoaktif Gaz Adsorpsiyonu/data/processed/augmented_cif/finetune_000289_v06.cif,TbH8C8(NO2)3,True,0.0,0,,-NH2,0.07843102470699731,"substitution,functional,defect,noise",False,True,0.023945201563017767,0.05,8.209309605214393e+24,1.7141867826022573e+25,1.6927034589673409,1.2,2.088101028024865,52,5,7.3076923076923075,0.573076923076923,0.8027353237524806,0.038461538461538464
finetune_000290_v00,finetune_000290,CoHC4O3,HF_COREMOF_GCMC,/home/rakeyma/Tüm_çalışmalar/MOF Radyoaktif Gaz Adsorpsiyonu/data/processed/augmented_cif/finetune_000290_v00.cif,CoHC4O3,False,0.0,0,,,0.0,none,False,False,0.20272234461597277,0.24081560498963828,3.3889723538711354e+25,4.025789210541387e+25,3.325674945771934,1.8291212201745637,1.1879085428191327,54,4,8.444444444444445,0.688888888888889,0.5829397481729994,0.1111111111111111
finetune_000290_v01,finetune_000290,CoHC4O3,HF_COREMOF_GCMC,/home/rakeyma/Tüm_çalışmalar/MOF Radyoaktif Gaz Adsorpsiyonu/data/processed/augmented_cif/finetune_000290_v01.cif,Mn3H3C14O9,True,0.0,0,Mn,-CH3,0.06723515250480647,"noise,substitution,functional",False,True,0.13629997675423922,0.16607640850486238,2.2785690148189026e+25,2.7763508661039913e+25,2.7617951196829598,1.518987315825628,1.2184624859057216,58,4,8.068965517241379,0.6948275862068966,0.6822206387965699,0.10344827586206896
finetune_000290_v02,finetune_000290,CoHC4O3,HF_COREMOF_GCMC,/home/rakeyma/Tüm_çalışmalar/MOF Radyoaktif Gaz Adsorpsiyonu/data/processed/augmented_cif/finetune_000290_v02.cif,Co2H2C7O6,True,0.07846060542024101,3,,,0.04079302703168569,"defect,noise",False,False,0.2521570542754543,0.2880071748341987,4.2153877382975315e+25,4.814705330478532e+25,3.6369651463604513,2.0003308304982483,1.142173776029212,51,4,8.588235294117647,0.6882352941176471,0.5829397481729994,0.11764705882352941
finetune_000290_v03,finetune_000290,CoHC4O3,HF_COREMOF_GCMC,/home/rakeyma/Tüm_çalışmalar/MOF Radyoaktif Gaz Adsorpsiyonu/data/processed/augmented_cif/finetune_000290_v03.cif,Co6H5(C3O2)8,True,0.15171604228924496,7,,-CH3,0.13657315446182944,"functional,defect,noise",False,True,0.233474981101331,0.2675655503379307,3.903073722691414e+25,4.472976349308251e+25,3.505521086180533,1.9280365973992932,1.1460138001758913,51,4,8.607843137254902,0.7009803921568629,0.5829397481729994,0.11764705882352941
finetune_000290_v04,finetune_000290,CoHC4O3,HF_COREMOF_GCMC,/home/rakeyma/Tüm_çalışmalar/MOF Radyoaktif Gaz Adsorpsiyonu/data/processed/augmented_cif/finetune_000290_v04.cif,Co3H3C14O9,True,0.0,0,,-CH3,0.07750122512363693,"noise,functional",False,True,0.1424414990257822,0.17789351186355762,2.381238748776306e+25,2.9739010506251916e+25,2.858364043247074,1.5721002237858908,1.24888823187236,58,4,8.275862068965518,0.6896551724137931,0.5829397481729994,0.10344827586206896
finetune_000290_v05,finetune_000290,CoHC4O3,HF_COREMOF_GCMC,/home/rakeyma/Tüm_çalışmalar/MOF Radyoaktif Gaz Adsorpsiyonu/data/processed/augmented_cif/finetune_000290_v05.cif,Co3H3C13O8,True,0.07206218128586662,3,,-CH3,0.13743935665994517,"noise,defect,functional",False,True,0.19684686066951892,0.23184288633387617,3.290750065164551e+25,3.875789487910684e+25,3.263129978122243,1.7947214879672337,1.177783001188478,54,4,8.37037037037037,0.6925925925925929,0.5829397481729994,0.1111111111111111
finetune_000290_v06,finetune_000290,CoHC4O3,HF_COREMOF_GCMC,/home/rakeyma/Tüm_çalışmalar/MOF Radyoaktif Gaz Adsorpsiyonu/data/processed/augmented_cif/finetune_000290_v06.cif,Ni5H5(C5O4)4,True,0.15844326905992193,8,Ni,,0.12243374845607743,"substitution,defect,noise",False,False,0.3586556622734219,0.36177942601050816,5.995758022168221e+25,6.047978950083517e+25,4.0762369209340825,2.2419303065137455,1.008709645673194,46,4,8.543478260869565,0.6869565217391306,0.5748260606479145,0.10869565217391304
finetune_000291_v00,finetune_000291,CuH8(C2N)4,HF_COREMOF_GCMC,/home/rakeyma/Tüm_çalışmalar/MOF Radyoaktif Gaz Adsorpsiyonu/data/processed/augmented_cif/finetune_000291_v00.cif,CuH8(C2N)4,False,0.0,0,,,0.0,none,False,False,0.05556521108350604,0.06374764214332951,3.752883638938055e+25,4.305526399621553e+25,1.7305181678393637,1.2,1.1472581656807983,21,4,5.380952380952381,0.55,0.4242861652234256,0.047619047619047616
finetune_000291_v01,finetune_000291,CuH8(C2N)4,HF_COREMOF_GCMC,/home/rakeyma/Tüm_çalışmalar/MOF Radyoaktif Gaz Adsorpsiyonu/data/processed/augmented_cif/finetune_000291_v01.cif,CuH8C9N4,True,0.04711839830592064,0,,-CH3,0.05421344627976554,"defect,functional,noise",False,True,0.041361635356613975,0.05,2.7935717615879872e+25,3.3770083526705606e+25,1.5326009917783558,1.2,1.2088496880964041,22,4,5.409090909090909,0.5568181818181818,0.4242861652234256,0.045454545454545456
finetune_000291_v02,finetune_000291,CuH8(C2N)4,HF_COREMOF_GCMC,/home/rakeyma/Tüm_çalışmalar/MOF Radyoaktif Gaz Adsorpsiyonu/data/processed/augmented_cif/finetune_000291_v02.cif,NiH8C6N5,True,0.10158884804171582,2,Ni,-NH2,0.07526904858744704,"substitution,functional,defect,noise",False,True,0.13182306925043774,0.1411848593127243,8.903352118667961e+25,9.535648983393759e+25,2.5753612854023786,1.4164487069713083,1.0710178432008814,20,4,5.35,0.54,0.421218470630147,0.05
finetune_000291_v03,finetune_000291,CuH8(C2N)4,HF_COREMOF_GCMC,/home/rakeyma/Tüm_çalışmalar/MOF Radyoaktif Gaz Adsorpsiyonu/data/processed/augmented_cif/finetune_000291_v03.cif,ZnH8C9N4,True,0.0,0,Zn,-CH3,0.07118543050114387,"functional,substitution,noise",False,True,0.04103731655532727,0.05,2.771667215570521e+25,3.3770083526705606e+25,1.5326009917783558,1.2,1.2184032533557374,22,4,5.454545454545454,0.5568181818181818,0.5070009861923347,0.045454545454545456
finetune_000291_v04,finetune_000291,CuH8(C2N)4,HF_COREMOF_GCMC,/home/rakeyma/Tüm_çalışmalar/MOF Radyoaktif Gaz Adsorpsiyonu/data/processed/augmented_cif/finetune_000291_v04.cif,ZnH7C8N3,True,0.1337631573881486,2,Zn,,0.043656670098537194,"substitution,defect,noise",False,False,0.11251033414840939,0.12149044108199014,7.598966763618685e+25,8.205484686070226e+25,2.388994525252838,1.313946988889061,1.079815840931868,19,4,5.578947368421052,0.5605263157894737,0.5070009861923347,0.05263157894736842
finetune_000291_v05,finetune_000291,CuH8(C2N)4,HF_COREMOF_GCMC,/home/rakeyma/Tüm_çalışmalar/MOF Radyoaktif Gaz Adsorpsiyonu/data/processed/augmented_cif/finetune_000291_v05.cif,CuH6C7N5,True,0.1607772973159969,3,,-NH2,0.1211841840709016,"defect,functional,noise",False,True,0.09899688436802899,0.11356489165947148,6.686266107983911e+25,7.670191754083249e+25,2.3097562213343545,1.2703659217338952,1.1471562199602638,19,4,5.894736842105263,0.5789473684210528,0.4242861652234256,0.05263157894736842
finetune_000291_v06,finetune_000291,CuH8(C2N)4,HF_COREMOF_GCMC,/home/rakeyma/Tüm_çalışmalar/MOF Radyoaktif Gaz Adsorpsiyonu/data/processed/augmented_cif/finetune_000291_v06.cif,NiH7C8N3,True,0.1745440972631277,3,Ni,-CH3,0.11829425939443336,"substitution,functional,defect,noise",False,True,0.1220973597678628,0.12763787900027557,8.246476075501904e+25,8.6206836700217e+25,2.448690461321257,1.3467797537266912,1.0453778791199635,19,4,5.473684210526316,0.5605263157894737,0.421218470630147,0.05263157894736842
finetune_000292_v00,finetune_000292,CoHC4O3,HF_COREMOF_GCMC,/home/rakeyma/Tüm_çalışmalar/MOF Radyoaktif Gaz Adsorpsiyonu/data/processed/augmented_cif/finetune_000292_v00.cif,CoHC4O3,False,0.0,0,,,0.0,none,False,False,0.20272234461597277,0.24081560498963828,3.3889723538711354e+25,4.025789210541387e+25,3.325674945771934,1.8291212201745637,1.1879085428191327,54,4,8.444444444444445,0.688888888888889,0.5829397481729994,0.1111111111111111
finetune_000292_v01,finetune_000292,CoHC4O3,HF_COREMOF_GCMC,/home/rakeyma/Tüm_çalışmalar/MOF Radyoaktif Gaz Adsorpsiyonu/data/processed/augmented_cif/finetune_000292_v01.cif,ZnHC4O3,True,0.0,0,Zn,,0.08048836925368404,"substitution,noise",False,False,0.19276892384325992,0.23849875153357314,3.2225779295708914e+25,3.987057652234633e+25,3.3096383529431552,1.8203010941187354,1.2372261398704287,54,4,8.777777777777779,0.688888888888889,0.6504229393248673,0.1111111111111111
finetune_000292_v02,finetune_000292,CoHC4O3,HF_COREMOF_GCMC,/home/rakeyma/Tüm_çalışmalar/MOF Radyoaktif Gaz Adsorpsiyonu/data/processed/augmented_cif/finetune_000292_v02.cif,Co6H5C19O18,True,0.1417092269448565,6,,,0.03313359089613528,"defect,noise",False,False,0.29154224155948394,0.3237298388382531,4.873802138103642e+25,5.4118921918760945e+25,3.8559274250661106,2.120760083786361,1.1104045750166254,48,4,8.854166666666666,0.696875,0.5829397481729994,0.125
finetune_000292_v03,finetune_000292,CoHC4O3,HF_COREMOF_GCMC,/home/rakeyma/Tüm_çalışmalar/MOF Radyoaktif Gaz Adsorpsiyonu/data/processed/augmented_cif/finetune_000292_v03.cif,Ni6H5(C4O3)5,True,0.14915599134043916,8,Ni,,0.0416764911314803,"substitution,noise,defect",False,False,0.32791837311866207,0.3485445103849888,5.481913219436908e+25,5.826726757851483e+25,4.000982106608258,2.200540158634542,1.0629002183383693,46,4,8.978260869565217,0.7032608695652176,0.5748260606479145,0.13043478260869565
finetune_000292_v04,finetune_000292,CoHC4O3,HF_COREMOF_GCMC,/home/rakeyma/Tüm_çalışmalar/MOF Radyoaktif Gaz Adsorpsiyonu/data/processed/augmented_cif/finetune_000292_v04.cif,Zn3H3C14O9,True,0.0,0,Zn,-CH3,0.10128303160295518,"substitution,noise,functional",False,True,0.13524562476588442,0.1755766584074927,2.2609430853903907e+25,2.93516949231844e+25,2.8396896284743685,1.5618292956609028,1.2982058289236558,58,4,8.586206896551724,0.6896551724137931,0.6504229393248673,0.10344827586206896
finetune_000292_v05,finetune_000292,CoHC4O3,HF_COREMOF_GCMC,/home/rakeyma/Tüm_çalışmalar/MOF Radyoaktif Gaz Adsorpsiyonu/data/processed/augmented_cif/finetune_000292_v05.cif,Co6H5C23O17,True,0.07828220862959744,3,,,0.10715504678628454,"defect,noise",False,False,0.23634562332507694,0.2720519096658117,3.9510631397068865e+25,4.5479762106236e+25,3.534788024912368,1.9441334137018025,1.1510765709912185,51,4,8.647058823529411,0.6990196078431372,0.5829397481729994,0.11764705882352941
finetune_000292_v06,finetune_000292,CoHC4O3,HF_COREMOF_GCMC,/home/rakeyma/Tüm_çalışmalar/MOF Radyoaktif Gaz Adsorpsiyonu/data/processed/augmented_cif/finetune_000292_v06.cif,Co3H3C12N2O9,True,0.0,0,,-NH2,0.06129482317933422,"functional,noise",False,True,0.15339122571188762,0.1931229509005108,2.56428872825416e+25,3.228496309766317e+25,2.9782039138781222,1.6380121526329674,1.2590221507405557,58,5,8.344827586206897,0.6862068965517241,0.5617259118110896,0.10344827586206896
finetune_000293_v00,finetune_000293,MnHC3N3Cl,HF_COREMOF_GCMC,/home/rakeyma/Tüm_çalışmalar/MOF Radyoaktif Gaz Adsorpsiyonu/data/processed/augmented_cif/finetune_000293_v00.cif,MnHC3N3Cl,False,0.0,0,,,0.0,none,False,False,0.24213078848637803,0.28296294032432157,3.665584283877443e+25,4.283736543611582e+25,4.435337482107187,2.4394356151589527,1.168636760707698,54,5,9.11111111111111,0.7444444444444445,0.586890108964191,0.1111111111111111
finetune_000293_v01,finetune_000293,MnHC3N3Cl,HF_COREMOF_GCMC,/home/rakeyma/Tüm_çalışmalar/MOF Radyoaktif Gaz Adsorpsiyonu/data/processed/augmented_cif/finetune_000293_v01.cif,Mn2H2C6N7Cl2,True,0.0,0,,-NH2,0.12523587676012032,"substitution,functional,noise",False,True,0.20590301937063793,0.25057080762626016,3.117137132894542e+25,3.7933565581436596e+25,4.1737566803863775,2.295566174212508,1.2169360526725326,57,5,9.0,0.7394736842105263,0.586890108964191,0.10526315789473684
finetune_000293_v02,finetune_000293,MnHC3N3Cl,HF_COREMOF_GCMC,/home/rakeyma/Tüm_çalışmalar/MOF Radyoaktif Gaz Adsorpsiyonu/data/processed/augmented_cif/finetune_000293_v02.cif,Mn2H2C6N7Cl2,True,0.0,0,,-NH2,0.09104068929870984,"functional,substitution,noise",False,True,0.20590301937063793,0.25057080762626016,3.117137132894542e+25,3.7933565581436596e+25,4.1737566803863775,2.295566174212508,1.2169360526725326,57,5,9.0,0.7394736842105263,0.586890108964191,0.10526315789473684
finetune_000293_v03,finetune_000293,MnHC3N3Cl,HF_COREMOF_GCMC,/home/rakeyma/Tüm_çalışmalar/MOF Radyoaktif Gaz Adsorpsiyonu/data/processed/augmented_cif/finetune_000293_v03.cif,MnHC3N3Cl,True,0.0,0,,,0.1202680548351035,"substitution,noise",False,False,0.24213078848637803,0.28296294032432157,3.665584283877443e+25,4.283736543611582e+25,4.435337482107187,2.4394356151589527,1.168636760707698,54,5,9.11111111111111,0.7444444444444445,0.586890108964191,0.1111111111111111
finetune_000293_v04,finetune_000293,MnHC3N3Cl,HF_COREMOF_GCMC,/home/rakeyma/Tüm_çalışmalar/MOF Radyoaktif Gaz Adsorpsiyonu/data/processed/augmented_cif/finetune_000293_v04.cif,Mn2H2C7(N3Cl)2,True,0.0,0,,-CH3,0.10255147042534857,"substitution,functional,noise",False,True,0.19852614121271217,0.24022720189444002,3.0054596018840945e+25,3.6367661515860993e+25,4.08670211118238,2.247686161150309,1.2100532475320063,57,5,8.947368421052632,0.7421052631578948,0.586890108964191,0.10526315789473684
finetune_000293_v05,finetune_000293,MnHC3N3Cl,HF_COREMOF_GCMC,/home/rakeyma/Tüm_çalışmalar/MOF Radyoaktif Gaz Adsorpsiyonu/data/processed/augmented_cif/finetune_000293_v05.cif,Mn2H2C7(N3Cl)2,True,0.0,0,,-CH3,0.04607514488270901,"substitution,functional,noise",False,True,0.19852614121271217,0.24022720189444002,3.0054596018840945e+25,3.6367661515860993e+25,4.08670211118238,2.247686161150309,1.2100532475320063,57,5,8.947368421052632,0.7421052631578948,0.586890108964191,0.10526315789473684
finetune_000293_v06,finetune_000293,MnHC3N3Cl,HF_COREMOF_GCMC,/home/rakeyma/Tüm_çalışmalar/MOF Radyoaktif Gaz Adsorpsiyonu/data/processed/augmented_cif/finetune_000293_v06.cif,Mn6H6C21N17Cl6,True,0.03824038801043917,1,,-CH3,0.14015186068235638,"functional,defect,noise",False,True,0.21024653214747016,0.2510245794604604,3.182892967875737e+25,3.800226146742072e+25,4.177534208507156,2.297643814678936,1.1939534835437282,56,5,8.982142857142858,0.74375,0.586890108964191,0.10714285714285714
finetune_000294_v00,finetune_000294,CoHC4O3,HF_COREMOF_GCMC,/home/rakeyma/Tüm_çalışmalar/MOF Radyoaktif Gaz Adsorpsiyonu/data/processed/augmented_cif/finetune_000294_v00.cif,CoHC4O3,False,0.0,0,,,0.0,none,False,False,0.20272234461597277,0.24081560498963828,3.3889723538711354e+25,4.025789210541387e+25,3.325674945771934,1.8291212201745637,1.1879085428191327,54,4,8.444444444444445,0.688888888888889,0.5829397481729994,0.1111111111111111
finetune_000294_v01,finetune_000294,CoHC4O3,HF_COREMOF_GCMC,/home/rakeyma/Tüm_çalışmalar/MOF Radyoaktif Gaz Adsorpsiyonu/data/processed/augmented_cif/finetune_000294_v01.cif,Co6H5C22O15,True,0.13983530115632825,6,,,0.10275420925428912,"defect,noise",False,False,0.28329634197209247,0.31027076085461003,4.7359528754216955e+25,5.186892607930042e+25,3.774921379466642,2.0762067587066535,1.0952162625706436,48,4,8.729166666666666,0.703125,0.5829397481729994,0.125
finetune_000294_v02,finetune_000294,CoHC4O3,HF_COREMOF_GCMC,/home/rakeyma/Tüm_çalışmalar/MOF Radyoaktif Gaz Adsorpsiyonu/data/processed/augmented_cif/finetune_000294_v02.cif,Mn5H5(C7O6)3,True,0.10673443923838889,5,Mn,,0.061647316100685225,"substitution,defect,noise",False,False,0.2959784619450219,0.3080357362166817,4.947963811158222e+25,5.149529007373288e+25,3.7613005483841944,2.068715301611307,1.040736998876288,49,4,8.16326530612245,0.6887755102040817,0.6822206387965699,0.10204081632653061
finetune_000294_v03,finetune_000294,CoHC4O3,HF_COREMOF_GCMC,/home/rakeyma/Tüm_çalışmalar/MOF Radyoaktif Gaz Adsorpsiyonu/data/processed/augmented_cif/finetune_000294_v03.cif,Co3H3C12N2O9,True,0.0,0,,-NH2,0.05904737160864101,"functional,noise",False,True,0.15339122571188762,0.1931229509005108,2.56428872825416e+25,3.228496309766317e+25,2.9782039138781222,1.6380121526329674,1.2590221507405557,58,5,8.344827586206897,0.6862068965517241,0.5617259118110896,0.10344827586206896
finetune_000294_v04,finetune_000294,CoHC4O3,HF_COREMOF_GCMC,/home/rakeyma/Tüm_çalışmalar/MOF Radyoaktif Gaz Adsorpsiyonu/data/processed/augmented_cif/finetune_000294_v04.cif,Co2H2C7O5,True,0.13193678947276744,6,,,0.14933080807372293,"defect,noise",False,False,0.29756250576236076,0.3217396666951159,4.974444763292292e+25,5.3786218664696215e+25,3.8440567400239565,2.114231207013176,1.0812506967933098,48,4,8.625,0.69375,0.5829397481729994,0.125
finetune_000294_v05,finetune_000294,CoHC4O3,HF_COREMOF_GCMC,/home/rakeyma/Tüm_çalışmalar/MOF Radyoaktif Gaz Adsorpsiyonu/data/processed/augmented_cif/finetune_000294_v05.cif,NiHC4O3,True,0.0,0,Ni,,0.1327985415912793,"substitution,noise",False,False,0.20877834443344895,0.24762830795697666,3.4902123824203038e+25,4.139679280504727e+25,3.372388741022685,1.854813807562477,1.186082343113472,54,4,8.555555555555555,0.688888888888889,0.5748260606479145,0.1111111111111111
finetune_000294_v06,finetune_000294,CoHC4O3,HF_COREMOF_GCMC,/home/rakeyma/Tüm_çalışmalar/MOF Radyoaktif Gaz Adsorpsiyonu/data/processed/augmented_cif/finetune_000294_v06.cif,ZnHC4O3,True,0.0,0,Zn,,0.12525349286121115,"substitution,noise",False,False,0.19276892384325992,0.23849875153357314,3.2225779295708914e+25,3.987057652234633e+25,3.3096383529431552,1.8203010941187354,1.2372261398704287,54,4,8.777777777777779,0.688888888888889,0.6504229393248673,0.1111111111111111
finetune_000295_v00,finetune_000295,CoPC3NO3,HF_COREMOF_GCMC,/home/rakeyma/Tüm_çalışmalar/MOF Radyoaktif Gaz Adsorpsiyonu/data/processed/augmented_cif/finetune_000295_v00.cif,CoPC3NO3,False,0.0,0,,,0.0,none,False,False,0.18989651439432215,0.24830970135903974,2.900170840812462e+25,3.7922789560895155e+25,3.13185845514548,1.722522150330014,1.3076053668021625,54,5,10.11111111111111,0.7666666666666667,0.5632406235349152,0.1111111111111111
finetune_000295_v01,finetune_000295,CoPC3NO3,HF_COREMOF_GCMC,/home/rakeyma/Tüm_çalışmalar/MOF Radyoaktif Gaz Adsorpsiyonu/data/processed/augmented_cif/finetune_000295_v01.cif,Co6P4C15(N3O8)2,True,0.1534502428503896,7,,,0.08014603030208461,"defect,noise",False,False,0.29915211335129693,0.3460849661842075,4.568763354483122e+25,5.28553949803839e+25,3.69740180645271,2.0335709935489907,1.156886248628292,47,5,10.25531914893617,0.7680851063829789,0.5632406235349152,0.1276595744680851
finetune_000295_v02,finetune_000295,CoPC3NO3,HF_COREMOF_GCMC,/home/rakeyma/Tüm_çalışmalar/MOF Radyoaktif Gaz Adsorpsiyonu/data/processed/augmented_cif/finetune_000295_v02.cif,Co6P6C15N5O16,True,0.13249523509593014,6,,,0.09429040394436049,"defect,noise",False,False,0.26628094917915185,0.3228595273716177,4.066742597863773e+25,4.930831879395755e+25,3.571182834034114,1.9641505587187629,1.2124770035816579,48,5,10.520833333333334,0.7802083333333333,0.5632406235349152,0.125
finetune_000295_v03,finetune_000295,CoPC3NO3,HF_COREMOF_GCMC,/home/rakeyma/Tüm_çalışmalar/MOF Radyoaktif Gaz Adsorpsiyonu/data/processed/augmented_cif/finetune_000295_v03.cif,Co6P3C18N5O16,True,0.13740256747835725,6,,,0.03824760866403271,"defect,noise",False,False,0.2886359064826274,0.33092395139596364,4.4081558961854095e+25,5.053994789878618e+25,3.61550846520666,1.9885296558636631,1.1465099939528192,48,5,9.958333333333334,0.7614583333333332,0.5632406235349152,0.125
finetune_000295_v04,finetune_000295,CoPC3NO3,HF_COREMOF_GCMC,/home/rakeyma/Tüm_çalışmalar/MOF Radyoaktif Gaz Adsorpsiyonu/data/processed/augmented_cif/finetune_000295_v04.cif,Zn6P4C15N5O17,True,0.15814596817526114,7,Zn,,0.11810039599443285,"defect,substitution,noise",False,False,0.28614337044430227,0.3445886776818534,4.370088950296059e+25,5.262687618435379e+25,3.68940034281499,2.0291701885482447,1.2042518306358159,47,5,10.659574468085106,0.7670212765957448,0.6275221111642203,0.1276595744680851
finetune_000295_v05,finetune_000295,CoPC3NO3,HF_COREMOF_GCMC,/home/rakeyma/Tüm_çalışmalar/MOF Radyoaktif Gaz Adsorpsiyonu/data/processed/augmented_cif/finetune_000295_v05.cif,Co2P2C7(NO3)2,True,0.0,0,,-CH3,0.07630397928039308,"functional,noise",False,True,0.15206686016093066,0.2051970623692555,2.3224221629305674e+25,3.1338465521697027e+25,2.847022186423385,1.565862202532862,1.3493871192717317,57,5,9.894736842105264,0.7631578947368421,0.5632406235349152,0.10526315789473684
finetune_000295_v06,finetune_000295,CoPC3NO3,HF_COREMOF_GCMC,/home/rakeyma/Tüm_çalışmalar/MOF Radyoaktif Gaz Adsorpsiyonu/data/processed/augmented_cif/finetune_000295_v06.cif,Zn2P2C6(NO2)3,True,0.0,0,Zn,-NH2,0.12107388948584358,"substitution,functional,noise",False,True,0.1523601371927214,0.21351529198234598,2.3269011998343903e+25,3.2608856768635527e+25,2.9041548838750564,1.5972851861312811,1.4013855324392956,57,5,10.263157894736842,0.7605263157894736,0.6275221111642203,0.10526315789473684
finetune_000296_v00,finetune_000296,Yb(CO2)4,HF_COREMOF_GCMC,/home/rakeyma/Tüm_çalışmalar/MOF Radyoaktif Gaz Adsorpsiyonu/data/processed/augmented_cif/finetune_000296_v00.cif,Yb(CO2)4,False,0.0,0,,,0.0,none,False,False,0.10933107061073145,0.20330193716306155,3.835293045214321e+25,7.1317558798656345e+25,3.805963847844579,2.093280116314519,1.859507421151205,26,3,12.153846153846153,0.7192307692307693,0.964376597715966,0.07692307692307693
finetune_000296_v01,finetune_000296,Yb(CO2)4,HF_COREMOF_GCMC,/home/rakeyma/Tüm_çalışmalar/MOF Radyoaktif Gaz Adsorpsiyonu/data/processed/augmented_cif/finetune_000296_v01.cif,Yb2C9O16,True,0.0,0,,-CH3,0.06036748081102436,"noise,functional",False,True,0.09003078087653214,0.1702929866725722,3.1582461035288314e+25,5.973814248645833e+25,3.4833112423881047,1.9158211833134577,1.8914973858342,27,3,11.925925925925926,0.7185185185185186,0.964376597715966,0.07407407407407407
finetune_000296_v02,finetune_000296,Yb(CO2)4,HF_COREMOF_GCMC,/home/rakeyma/Tüm_çalışmalar/MOF Radyoaktif Gaz Adsorpsiyonu/data/processed/augmented_cif/finetune_000296_v02.cif,Yb2C9O16,True,0.0,0,,-CH3,0.11230527800798826,"functional,noise",False,True,0.09003078087653214,0.1702929866725722,3.1582461035288314e+25,5.973814248645833e+25,3.4833112423881047,1.9158211833134577,1.8914973858342,27,3,11.925925925925926,0.7185185185185186,0.964376597715966,0.07407407407407407
finetune_000296_v03,finetune_000296,Yb(CO2)4,HF_COREMOF_GCMC,/home/rakeyma/Tüm_çalışmalar/MOF Radyoaktif Gaz Adsorpsiyonu/data/processed/augmented_cif/finetune_000296_v03.cif,Yb2C8NO16,True,0.0,0,,-NH2,0.11752672055472345,"functional,noise",False,True,0.09399044339388657,0.17828235533774683,3.297149582927438e+25,6.254078311789379e+25,3.56408523630221,1.9602468799662158,1.896813642963864,27,4,11.962962962962964,0.7166666666666667,0.8850812109631522,0.07407407407407407
finetune_000296_v04,finetune_000296,Yb(CO2)4,HF_COREMOF_GCMC,/home/rakeyma/Tüm_çalışmalar/MOF Radyoaktif Gaz Adsorpsiyonu/data/processed/augmented_cif/finetune_000296_v04.cif,Yb2C8NO16,True,0.0,0,,-NH2,0.11624975015262812,"noise,functional",False,True,0.09399044339388657,0.17828235533774683,3.297149582927438e+25,6.254078311789379e+25,3.56408523630221,1.9602468799662158,1.896813642963864,27,4,11.962962962962964,0.7166666666666667,0.8850812109631522,0.07407407407407407
finetune_000296_v05,finetune_000296,Yb(CO2)4,HF_COREMOF_GCMC,/home/rakeyma/Tüm_çalışmalar/MOF Radyoaktif Gaz Adsorpsiyonu/data/processed/augmented_cif/finetune_000296_v05.cif,Yb(CO2)4,True,0.0,0,,,0.06887506716207989,"substitution,noise",False,False,0.10933107061073145,0.20330193716306155,3.835293045214321e+25,7.1317558798656345e+25,3.805963847844579,2.093280116314519,1.859507421151205,26,3,12.153846153846153,0.7192307692307693,0.964376597715966,0.07692307692307693
finetune_000296_v06,finetune_000296,Yb(CO2)4,HF_COREMOF_GCMC,/home/rakeyma/Tüm_çalışmalar/MOF Radyoaktif Gaz Adsorpsiyonu/data/processed/augmented_cif/finetune_000296_v06.cif,Yb2C7O15,True,0.09078684887438804,2,,,0.058904264092027536,"defect,substitution,noise",False,False,0.1456132597832305,0.2599056559018931,5.108058664549411e+25,9.117393152048346e+25,4.303301406784142,2.366815773731278,1.784903766928958,24,3,12.583333333333334,0.725,0.964376597715966,0.08333333333333333
finetune_000297_v00,finetune_000297,CoHC4O3,HF_COREMOF_GCMC,/home/rakeyma/Tüm_çalışmalar/MOF Radyoaktif Gaz Adsorpsiyonu/data/processed/augmented_cif/finetune_000297_v00.cif,CoHC4O3,False,0.0,0,,,0.0,none,False,False,0.20272234461597277,0.24081560498963828,3.3889723538711354e+25,4.025789210541387e+25,3.325674945771934,1.8291212201745637,1.1879085428191327,54,4,8.444444444444445,0.688888888888889,0.5829397481729994,0.1111111111111111
finetune_000297_v01,finetune_000297,CoHC4O3,HF_COREMOF_GCMC,/home/rakeyma/Tüm_çalışmalar/MOF Radyoaktif Gaz Adsorpsiyonu/data/processed/augmented_cif/finetune_000297_v01.cif,Mn6H5C21O16,True,0.14484095065583652,6,Mn,,0.09325258173601125,"defect,substitution,noise",False,False,0.2831603364556073,0.3029400168237958,4.733679228990586e+25,5.064342284724191e+25,3.7300599185453756,2.051532955199957,1.0698532874193327,48,4,8.520833333333334,0.7072916666666668,0.6822206387965699,0.125
finetune_000297_v02,finetune_000297,CoHC4O3,HF_COREMOF_GCMC,/home/rakeyma/Tüm_çalışmalar/MOF Radyoaktif Gaz Adsorpsiyonu/data/processed/augmented_cif/finetune_000297_v02.cif,Zn6H6C23O17,True,0.05351509267610058,2,Zn,,0.03176530513036208,"defect,substitution,noise",False,False,0.22091977009554134,0.2654734387687324,3.6931843635472952e+25,4.438001870877379e+25,3.4917892480028683,1.9204840864015778,1.201673524528488,52,4,8.846153846153847,0.6903846153846155,0.6504229393248673,0.11538461538461539
finetune_000297_v03,finetune_000297,CoHC4O3,HF_COREMOF_GCMC,/home/rakeyma/Tüm_çalışmalar/MOF Radyoaktif Gaz Adsorpsiyonu/data/processed/augmented_cif/finetune_000297_v03.cif,Co3H3C12N2O9,True,0.0,0,,-NH2,0.051537762650198715,"functional,noise",False,True,0.15339122571188762,0.1931229509005108,2.56428872825416e+25,3.228496309766317e+25,2.9782039138781222,1.6380121526329674,1.2590221507405557,58,5,8.344827586206897,0.6862068965517241,0.5617259118110896,0.10344827586206896
finetune_000297_v04,finetune_000297,CoHC4O3,HF_COREMOF_GCMC,/home/rakeyma/Tüm_çalışmalar/MOF Radyoaktif Gaz Adsorpsiyonu/data/processed/augmented_cif/finetune_000297_v04.cif,Zn5H6C21O17,True,0.11093768417413395,5,Zn,,0.1481453212650814,"substitution,defect,noise",False,False,0.29677136439869467,0.32293515764816505,4.961219007569372e+25,5.398607259776223e+25,3.8511918161832974,2.118155498900814,1.0881614481319055,49,4,8.53061224489796,0.676530612244898,0.6504229393248673,0.10204081632653061
finetune_000297_v05,finetune_000297,CoHC4O3,HF_COREMOF_GCMC,/home/rakeyma/Tüm_çalışmalar/MOF Radyoaktif Gaz Adsorpsiyonu/data/processed/augmented_cif/finetune_000297_v05.cif,Ni6H5(C11O7)2,True,0.1501200113716322,7,Ni,,0.04267584799889738,"defect,substitution,noise",False,False,0.30596684562151344,0.32832762777558766,5.1149427211723695e+25,5.4887548565570826e+25,3.883212885187994,2.135767086853397,1.073082369786349,47,4,8.872340425531915,0.7053191489361705,0.5748260606479145,0.1276595744680851
finetune_000297_v06,finetune_000297,CoHC4O3,HF_COREMOF_GCMC,/home/rakeyma/Tüm_çalışmalar/MOF Radyoaktif Gaz Adsorpsiyonu/data/processed/augmented_cif/finetune_000297_v06.cif,CoHC4O3,True,0.0,0,,,0.11350438226513344,noise,False,False,0.20272234461597277,0.24081560498963828,3.3889723538711354e+25,4.025789210541387e+25,3.325674945771934,1.8291212201745637,1.1879085428191327,54,4,8.444444444444445,0.688888888888889,0.5829397481729994,0.1111111111111111
finetune_000298_v00,finetune_000298,CoHC4O3,HF_COREMOF_GCMC,/home/rakeyma/Tüm_çalışmalar/MOF Radyoaktif Gaz Adsorpsiyonu/data/processed/augmented_cif/finetune_000298_v00.cif,CoHC4O3,False,0.0,0,,,0.0,none,False,False,0.20272234461597277,0.24081560498963828,3.3889723538711354e+25,4.025789210541387e+25,3.325674945771934,1.8291212201745637,1.1879085428191327,54,4,8.444444444444445,0.688888888888889,0.5829397481729994,0.1111111111111111
finetune_000298_v01,finetune_000298,CoHC4O3,HF_COREMOF_GCMC,/home/rakeyma/Tüm_çalışmalar/MOF Radyoaktif Gaz Adsorpsiyonu/data/processed/augmented_cif/finetune_000298_v01.cif,Mn3H6C23O16,True,0.1294470133151249,6,Mn,,0.11953671042966475,"substitution,defect,noise",False,False,0.39215455452459946,0.3499694947202334,6.555769400980993e+25,5.850548663256097e+25,4.009152542842167,2.205033898563192,0.8924274643309802,48,4,7.229166666666667,0.6541666666666667,0.6822206387965699,0.0625
finetune_000298_v02,finetune_000298,CoHC4O3,HF_COREMOF_GCMC,/home/rakeyma/Tüm_çalışmalar/MOF Radyoaktif Gaz Adsorpsiyonu/data/processed/augmented_cif/finetune_000298_v02.cif,Mn3H3C14O9,True,0.0,0,Mn,-CH3,0.08281687797240575,"substitution,noise,functional",False,True,0.13629997675423922,0.16607640850486238,2.2785690148189026e+25,2.7763508661039913e+25,2.7617951196829598,1.518987315825628,1.2184624859057216,58,4,8.068965517241379,0.6948275862068966,0.6822206387965699,0.10344827586206896
finetune_000298_v03,finetune_000298,CoHC4O3,HF_COREMOF_GCMC,/home/rakeyma/Tüm_çalışmalar/MOF Radyoaktif Gaz Adsorpsiyonu/data/processed/augmented_cif/finetune_000298_v03.cif,Zn5H3C22(NO4)4,True,0.15182220644745834,8,Zn,-NH2,0.11165252006331254,"substitution,functional,defect,noise",False,True,0.24647718339368987,0.2835409965541994,4.120435573905777e+25,4.74004284200421e+25,3.6086554352183864,1.9847604893701127,1.1503742157800818,50,5,8.82,0.7019999999999998,0.6263098274815748,0.1
finetune_000298_v04,finetune_000298,CoHC4O3,HF_COREMOF_GCMC,/home/rakeyma/Tüm_çalışmalar/MOF Radyoaktif Gaz Adsorpsiyonu/data/processed/augmented_cif/finetune_000298_v04.cif,Ni6H6C26O17,True,0.06362470202887469,3,Ni,-CH3,0.031409752100741366,"functional,substitution,defect,noise",False,True,0.1901012914630925,0.22741142534757552,3.1779822911186785e+25,3.8017073792103297e+25,3.2317936683623816,1.77748651759931,1.1962644945614516,55,4,8.472727272727273,0.6909090909090911,0.5748260606479145,0.10909090909090909
finetune_000298_v05,finetune_000298,CoHC4O3,HF_COREMOF_GCMC,/home/rakeyma/Tüm_çalışmalar/MOF Radyoaktif Gaz Adsorpsiyonu/data/processed/augmented_cif/finetune_000298_v05.cif,Co3H3C14O9,True,0.0,0,,-CH3,0.10143105456753115,"functional,noise",False,True,0.1424414990257822,0.17789351186355762,2.381238748776306e+25,2.9739010506251916e+25,2.858364043247074,1.5721002237858908,1.24888823187236,58,4,8.275862068965518,0.6896551724137931,0.5829397481729994,0.10344827586206896
finetune_000298_v06,finetune_000298,CoHC4O3,HF_COREMOF_GCMC,/home/rakeyma/Tüm_çalışmalar/MOF Radyoaktif Gaz Adsorpsiyonu/data/processed/augmented_cif/finetune_000298_v06.cif,NiHC4O3,True,0.0,0,Ni,,0.12207365694173283,"substitution,noise",False,False,0.20877834443344895,0.24762830795697666,3.4902123824203038e+25,4.139679280504727e+25,3.372388741022685,1.854813807562477,1.186082343113472,54,4,8.555555555555555,0.688888888888889,0.5748260606479145,0.1111111111111111
finetune_000299_v00,finetune_000299,CoHC4O3,HF_COREMOF_GCMC,/home/rakeyma/Tüm_çalışmalar/MOF Radyoaktif Gaz Adsorpsiyonu/data/processed/augmented_cif/finetune_000299_v00.cif,CoHC4O3,False,0.0,0,,,0.0,none,False,False,0.20272234461597277,0.24081560498963828,3.3889723538711354e+25,4.025789210541387e+25,3.325674945771934,1.8291212201745637,1.1879085428191327,54,4,8.444444444444445,0.688888888888889,0.5829397481729994,0.1111111111111111
finetune_000299_v01,finetune_000299,CoHC4O3,HF_COREMOF_GCMC,/home/rakeyma/Tüm_çalışmalar/MOF Radyoaktif Gaz Adsorpsiyonu/data/processed/augmented_cif/finetune_000299_v01.cif,Ni3H3C12N2O9,True,0.0,0,Ni,-NH2,0.07772338592956246,"substitution,functional,noise",False,True,0.15903300810288704,0.19993565386784928,2.6586041555242704e+25,3.3423863797296594e+25,3.030278952222119,1.6666534237221655,1.2571959510348951,58,5,8.448275862068966,0.6862068965517241,0.5538736317970011,0.10344827586206896
finetune_000299_v02,finetune_000299,CoHC4O3,HF_COREMOF_GCMC,/home/rakeyma/Tüm_çalışmalar/MOF Radyoaktif Gaz Adsorpsiyonu/data/processed/augmented_cif/finetune_000299_v02.cif,Co3H3C14O9,True,0.0,0,,-CH3,0.07839889739160655,"functional,noise",False,True,0.1424414990257822,0.17789351186355762,2.381238748776306e+25,2.9739010506251916e+25,2.858364043247074,1.5721002237858908,1.24888823187236,58,4,8.275862068965518,0.6896551724137931,0.5829397481729994,0.10344827586206896
finetune_000299_v03,finetune_000299,CoHC4O3,HF_COREMOF_GCMC,/home/rakeyma/Tüm_çalışmalar/MOF Radyoaktif Gaz Adsorpsiyonu/data/processed/augmented_cif/finetune_000299_v03.cif,MnHC4O3,True,0.0,0,Mn,,0.11882533168267008,"substitution,noise",False,False,0.1978418186893586,0.22899850163094293,3.3073830871872915e+25,3.828239026020184e+25,3.2430512059343135,1.7836781632638725,1.1574827968524946,54,4,8.222222222222221,0.6944444444444445,0.6822206387965699,0.1111111111111111
finetune_000299_v04,finetune_000299,CoHC4O3,HF_COREMOF_GCMC,/home/rakeyma/Tüm_çalışmalar/MOF Radyoaktif Gaz Adsorpsiyonu/data/processed/augmented_cif/finetune_000299_v04.cif,Co3H3C12N2O9,True,0.0,0,,-NH2,0.044402813674783284,"functional,noise",False,True,0.15339122571188762,0.1931229509005108,2.56428872825416e+25,3.228496309766317e+25,2.9782039138781222,1.6380121526329674,1.2590221507405557,58,5,8.344827586206897,0.6862068965517241,0.5617259118110896,0.10344827586206896
finetune_000299_v05,finetune_000299,CoHC4O3,HF_COREMOF_GCMC,/home/rakeyma/Tüm_çalışmalar/MOF Radyoaktif Gaz Adsorpsiyonu/data/processed/augmented_cif/finetune_000299_v05.cif,CoHC4O3,True,0.0,0,,,0.12870231474413873,noise,False,False,0.20272234461597277,0.24081560498963828,3.3889723538711354e+25,4.025789210541387e+25,3.325674945771934,1.8291212201745637,1.1879085428191327,54,4,8.444444444444445,0.688888888888889,0.5829397481729994,0.1111111111111111
finetune_000299_v06,finetune_000299,CoHC4O3,HF_COREMOF_GCMC,/home/rakeyma/Tüm_çalışmalar/MOF Radyoaktif Gaz Adsorpsiyonu/data/processed/augmented_cif/finetune_000299_v06.cif,Co6H6C27O17,True,0.04465860764163493,2,,-CH3,0.11622356931859489,"functional,noise,defect",False,True,0.16884709911058704,0.2048681990987169,2.8226693608990215e+25,3.424845269267938e+25,3.0674307048283773,1.6870868876556078,1.213335616530419,56,4,8.321428571428571,0.6910714285714287,0.5829397481729994,0.10714285714285714
