base_mof_id,mof_name,source,cif_path,formula,open_metal_site,has_functional_group,formation_energy_eV_atom_proxy,pore_volume_cm3_g,void_fraction,gravimetric_surface_area_m2_g,volumetric_surface_area_m2_cm3,lcd_A,pld_A,density_g_cm3,nsites,nelements,mean_atomic_number,mean_atomic_radius_A,mean_electronegativity_diff,metal_fraction,formation_energy_kaynak,graf_cif_path,eslesme_durumu
pretrain_000000,ZnCrH18C14(N2O)2,HF_COREMOF_GCMC,/home/rakeyma/Tüm_çalışmalar/MOF Radyoaktif Gaz Adsorpsiyonu/data/processed/cif/pretrain_000000.cif,ZnCrH18C14(N2O)2,False,False,-0.4760620884541638,0.0960454740280064,0.1018516660070818,3.424507411877276e+25,3.6315275517469383e+25,2.2145268798608373,1.2179897839234606,1.0604525308228716,40,6,5.0,0.52125,0.6658995586589784,0.05,KAYNAK_VERISI,/home/rakeyma/Tüm_çalışmalar/MOF Radyoaktif Gaz Adsorpsiyonu/data/processed/cif/pretrain_000000.cif,TAM
pretrain_000001,ErH4(CO2)4,HF_COREMOF_GCMC,/home/rakeyma/Tüm_çalışmalar/MOF Radyoaktif Gaz Adsorpsiyonu/data/processed/cif/pretrain_000001.cif,ErH4(CO2)4,False,False,-0.2729219457086594,0.0236006670386222,0.05,9.4800095235009e+24,2.008419827284324e+25,1.5,1.2,2.118584187395024,34,4,9.411764705882351,0.6088235294117648,0.7877935960643498,0.0588235294117647,KAYNAK_VERISI,/home/rakeyma/Tüm_çalışmalar/MOF Radyoaktif Gaz Adsorpsiyonu/data/processed/cif/pretrain_000001.cif,TAM
pretrain_000002,LiC6N4F3,HF_COREMOF_GCMC,/home/rakeyma/Tüm_çalışmalar/MOF Radyoaktif Gaz Adsorpsiyonu/data/processed/cif/pretrain_000002.cif,LiC6N4F3,False,False,-0.4533451462020003,0.0397452774625822,0.05,8.573472372599009e+24,1.0785523362706943e+25,1.954323412334816,1.2,1.258011094451963,56,4,6.714285714285714,0.6964285714285714,1.0861946188413936,0.0714285714285714,KAYNAK_VERISI,/home/rakeyma/Tüm_çalışmalar/MOF Radyoaktif Gaz Adsorpsiyonu/data/processed/cif/pretrain_000002.cif,TAM
pretrain_000003,NiPC3NO3,HF_COREMOF_GCMC,/home/rakeyma/Tüm_çalışmalar/MOF Radyoaktif Gaz Adsorpsiyonu/data/processed/cif/pretrain_000003.cif,NiPC3NO3,False,False,-0.3485933667046691,0.1803255305781985,0.2400645595842839,2.80745244448194e+25,3.737517546613345e+25,3.0524746918998127,1.6788610805448971,1.3312843656388382,54,5,10.22222222222222,0.7666666666666667,0.5554313638965664,0.1111111111111111,KAYNAK_VERISI,/home/rakeyma/Tüm_çalışmalar/MOF Radyoaktif Gaz Adsorpsiyonu/data/processed/cif/pretrain_000003.cif,TAM
pretrain_000004,CuH8(C2N)4,HF_COREMOF_GCMC,/home/rakeyma/Tüm_çalışmalar/MOF Radyoaktif Gaz Adsorpsiyonu/data/processed/cif/pretrain_000004.cif,CuH8(C2N)4,False,False,-0.3595788678012127,0.055565211083506,0.0637476421433295,3.752883638938055e+25,4.305526399621553e+25,1.7305181678393635,1.2,1.1472581656807983,21,4,5.380952380952381,0.55,0.4242861652234256,0.0476190476190476,KAYNAK_VERISI,/home/rakeyma/Tüm_çalışmalar/MOF Radyoaktif Gaz Adsorpsiyonu/data/processed/cif/pretrain_000004.cif,TAM
pretrain_000005,CuHC4O3,HF_COREMOF_GCMC,/home/rakeyma/Tüm_çalışmalar/MOF Radyoaktif Gaz Adsorpsiyonu/data/processed/cif/pretrain_000005.cif,CuHC4O3,False,False,-0.205978546369902,0.143063613898343,0.189134943314022,2.5852239851953995e+25,3.417753673141659e+25,2.7268008935398664,1.4997404914469266,1.3220338712288924,54,4,8.666666666666666,0.688888888888889,0.577510822409416,0.1111111111111111,KAYNAK_VERISI,/home/rakeyma/Tüm_çalışmalar/MOF Radyoaktif Gaz Adsorpsiyonu/data/processed/cif/pretrain_000005.cif,TAM
pretrain_000006,Ho(CO2)4,HF_COREMOF_GCMC,/home/rakeyma/Tüm_çalışmalar/MOF Radyoaktif Gaz Adsorpsiyonu/data/processed/cif/pretrain_000006.cif,Ho(CO2)4,False,False,-0.4785943460144064,0.149978361712225,0.2528167403047898,2.441413362038037e+25,4.115461463109865e+25,4.837021143375599,2.66036162885658,1.6856881047273249,52,3,11.923076923076923,0.7192307692307693,0.9079035680560402,0.0769230769230769,KAYNAK_VERISI,/home/rakeyma/Tüm_çalışmalar/MOF Radyoaktif Gaz Adsorpsiyonu/data/processed/cif/pretrain_000006.cif,TAM
pretrain_000007,CoHC4O3,HF_COREMOF_GCMC,/home/rakeyma/Tüm_çalışmalar/MOF Radyoaktif Gaz Adsorpsiyonu/data/processed/cif/pretrain_000007.cif,CoHC4O3,False,False,-0.3016874469803596,0.2027223446159727,0.2408156049896382,3.3889723538711354e+25,4.025789210541387e+25,3.325674945771934,1.829121220174564,1.1879085428191327,54,4,8.444444444444445,0.688888888888889,0.5829397481729994,0.1111111111111111,KAYNAK_VERISI,/home/rakeyma/Tüm_çalışmalar/MOF Radyoaktif Gaz Adsorpsiyonu/data/processed/cif/pretrain_000007.cif,TAM
pretrain_000008,Ho(CO2)4,HF_COREMOF_GCMC,/home/rakeyma/Tüm_çalışmalar/MOF Radyoaktif Gaz Adsorpsiyonu/data/processed/cif/pretrain_000008.cif,Ho(CO2)4,False,False,-0.4785943460144064,0.149978361712225,0.2528167403047898,2.441413362038037e+25,4.115461463109865e+25,4.837021143375599,2.66036162885658,1.6856881047273249,52,3,11.923076923076923,0.7192307692307693,0.9079035680560402,0.0769230769230769,KAYNAK_VERISI,/home/rakeyma/Tüm_çalışmalar/MOF Radyoaktif Gaz Adsorpsiyonu/data/processed/cif/pretrain_000008.cif,TAM
pretrain_000009,CuHC4O3,HF_COREMOF_GCMC,/home/rakeyma/Tüm_çalışmalar/MOF Radyoaktif Gaz Adsorpsiyonu/data/processed/cif/pretrain_000009.cif,CuHC4O3,False,False,-0.205978546369902,0.143063613898343,0.189134943314022,2.5852239851953995e+25,3.417753673141659e+25,2.7268008935398664,1.4997404914469266,1.3220338712288924,54,4,8.666666666666666,0.688888888888889,0.577510822409416,0.1111111111111111,KAYNAK_VERISI,/home/rakeyma/Tüm_çalışmalar/MOF Radyoaktif Gaz Adsorpsiyonu/data/processed/cif/pretrain_000009.cif,TAM
pretrain_000010,SmH9(C2O)6,HF_COREMOF_GCMC,/home/rakeyma/Tüm_çalışmalar/MOF Radyoaktif Gaz Adsorpsiyonu/data/processed/cif/pretrain_000010.cif,SmH9(C2O)6,False,False,-0.5533311169052184,0.0331136208540026,0.05,8.2408418593811e+24,1.244328111340469e+25,1.8852289118300725,1.2,1.5099526632997664,56,4,6.821428571428571,0.5750000000000001,0.8128037893612454,0.0357142857142857,KAYNAK_VERISI,/home/rakeyma/Tüm_çalışmalar/MOF Radyoaktif Gaz Adsorpsiyonu/data/processed/cif/pretrain_000010.cif,TAM
pretrain_000011,LaC12(ClO)6,HF_COREMOF_GCMC,/home/rakeyma/Tüm_çalışmalar/MOF Radyoaktif Gaz Adsorpsiyonu/data/processed/cif/pretrain_000011.cif,LaC12(ClO)6,False,False,-0.5688211219557444,0.0278556086912823,0.05,5.564325439575443e+24,9.987800843348366e+24,1.9871936116040632,1.2,1.7949706486093728,50,4,11.16,0.7979999999999999,0.90361427058231,0.04,KAYNAK_VERISI,/home/rakeyma/Tüm_çalışmalar/MOF Radyoaktif Gaz Adsorpsiyonu/data/processed/cif/pretrain_000011.cif,TAM
pretrain_000012,AlPC2O3F,HF_COREMOF_GCMC,/home/rakeyma/Tüm_çalışmalar/MOF Radyoaktif Gaz Adsorpsiyonu/data/processed/cif/pretrain_000012.cif,AlPC2O3F,False,False,-0.4080257540944188,0.0508601283954232,0.0778080310945878,1.7197507043226284e+25,2.630949242529157e+25,1.5,1.2,1.5298433871352473,32,5,9.125,0.7437499999999999,0.853477591972982,0.125,KAYNAK_VERISI,/home/rakeyma/Tüm_çalışmalar/MOF Radyoaktif Gaz Adsorpsiyonu/data/processed/cif/pretrain_000012.cif,TAM
pretrain_000013,CuH8(C2N)4,HF_COREMOF_GCMC,/home/rakeyma/Tüm_çalışmalar/MOF Radyoaktif Gaz Adsorpsiyonu/data/processed/cif/pretrain_000013.cif,CuH8(C2N)4,False,False,-0.3595788678012127,0.055565211083506,0.0637476421433295,3.752883638938055e+25,4.305526399621553e+25,1.7305181678393635,1.2,1.1472581656807983,21,4,5.380952380952381,0.55,0.4242861652234256,0.0476190476190476,KAYNAK_VERISI,/home/rakeyma/Tüm_çalışmalar/MOF Radyoaktif Gaz Adsorpsiyonu/data/processed/cif/pretrain_000013.cif,TAM
pretrain_000014,Yb(CO2)4,HF_COREMOF_GCMC,/home/rakeyma/Tüm_çalışmalar/MOF Radyoaktif Gaz Adsorpsiyonu/data/processed/cif/pretrain_000014.cif,Yb(CO2)4,False,False,-0.2276657727356584,0.1093310706107314,0.2033019371630615,3.835293045214321e+25,7.1317558798656345e+25,3.805963847844579,2.093280116314519,1.859507421151205,26,3,12.153846153846152,0.7192307692307693,0.964376597715966,0.0769230769230769,KAYNAK_VERISI,/home/rakeyma/Tüm_çalışmalar/MOF Radyoaktif Gaz Adsorpsiyonu/data/processed/cif/pretrain_000014.cif,TAM
pretrain_000015,CuHC4O3,HF_COREMOF_GCMC,/home/rakeyma/Tüm_çalışmalar/MOF Radyoaktif Gaz Adsorpsiyonu/data/processed/cif/pretrain_000015.cif,CuHC4O3,False,False,-0.205978546369902,0.143063613898343,0.189134943314022,2.5852239851953995e+25,3.417753673141659e+25,2.7268008935398664,1.4997404914469266,1.3220338712288924,54,4,8.666666666666666,0.688888888888889,0.577510822409416,0.1111111111111111,KAYNAK_VERISI,/home/rakeyma/Tüm_çalışmalar/MOF Radyoaktif Gaz Adsorpsiyonu/data/processed/cif/pretrain_000015.cif,TAM
pretrain_000016,ErH4(CO2)4,HF_COREMOF_GCMC,/home/rakeyma/Tüm_çalışmalar/MOF Radyoaktif Gaz Adsorpsiyonu/data/processed/cif/pretrain_000016.cif,ErH4(CO2)4,False,False,-0.2729219457086594,0.0236006670386222,0.05,9.4800095235009e+24,2.008419827284324e+25,1.5,1.2,2.118584187395024,34,4,9.411764705882351,0.6088235294117648,0.7877935960643498,0.0588235294117647,KAYNAK_VERISI,/home/rakeyma/Tüm_çalışmalar/MOF Radyoaktif Gaz Adsorpsiyonu/data/processed/cif/pretrain_000016.cif,TAM
pretrain_000017,CoH9C13(N2O)2,HF_COREMOF_GCMC,/home/rakeyma/Tüm_çalışmalar/MOF Radyoaktif Gaz Adsorpsiyonu/data/processed/cif/pretrain_000017.cif,CoH9C13(N2O)2,False,False,-0.4316513174213608,0.0392986463239941,0.05,1.0547736028047207e+25,1.3419973732793931e+25,1.584030555260851,1.2,1.2723084553035109,58,5,5.448275862068965,0.5689655172413793,0.5617259118110896,0.0344827586206896,KAYNAK_VERISI,/home/rakeyma/Tüm_çalışmalar/MOF Radyoaktif Gaz Adsorpsiyonu/data/processed/cif/pretrain_000017.cif,TAM
pretrain_000018,CoHC4O3,HF_COREMOF_GCMC,/home/rakeyma/Tüm_çalışmalar/MOF Radyoaktif Gaz Adsorpsiyonu/data/processed/cif/pretrain_000018.cif,CoHC4O3,False,False,-0.3016874469803596,0.2027223446159727,0.2408156049896382,3.3889723538711354e+25,4.025789210541387e+25,3.325674945771934,1.829121220174564,1.1879085428191327,54,4,8.444444444444445,0.688888888888889,0.5829397481729994,0.1111111111111111,KAYNAK_VERISI,/home/rakeyma/Tüm_çalışmalar/MOF Radyoaktif Gaz Adsorpsiyonu/data/processed/cif/pretrain_000018.cif,TAM
pretrain_000019,CoHC4O3,HF_COREMOF_GCMC,/home/rakeyma/Tüm_çalışmalar/MOF Radyoaktif Gaz Adsorpsiyonu/data/processed/cif/pretrain_000019.cif,CoHC4O3,False,False,-0.3016874469803596,0.2027223446159727,0.2408156049896382,3.3889723538711354e+25,4.025789210541387e+25,3.325674945771934,1.829121220174564,1.1879085428191327,54,4,8.444444444444445,0.688888888888889,0.5829397481729994,0.1111111111111111,KAYNAK_VERISI,/home/rakeyma/Tüm_çalışmalar/MOF Radyoaktif Gaz Adsorpsiyonu/data/processed/cif/pretrain_000019.cif,TAM
pretrain_000020,Ho(CO2)4,HF_COREMOF_GCMC,/home/rakeyma/Tüm_çalışmalar/MOF Radyoaktif Gaz Adsorpsiyonu/data/processed/cif/pretrain_000020.cif,Ho(CO2)4,False,False,-0.4785943460144064,0.149978361712225,0.2528167403047898,2.441413362038037e+25,4.115461463109865e+25,4.837021143375599,2.66036162885658,1.6856881047273249,52,3,11.923076923076923,0.7192307692307693,0.9079035680560402,0.0769230769230769,KAYNAK_VERISI,/home/rakeyma/Tüm_çalışmalar/MOF Radyoaktif Gaz Adsorpsiyonu/data/processed/cif/pretrain_000020.cif,TAM
pretrain_000021,EuHC6N2O5,HF_COREMOF_GCMC,/home/rakeyma/Tüm_çalışmalar/MOF Radyoaktif Gaz Adsorpsiyonu/data/processed/cif/pretrain_000021.cif,EuHC6N2O5,False,False,-0.272888177149816,0.0266630693681719,0.05,6.59103069616188e+24,1.235984988290522e+25,2.179271850871295,1.2,1.87525296917562,45,5,10.266666666666667,0.7066666666666668,0.768988946604566,0.0666666666666666,KAYNAK_VERISI,/home/rakeyma/Tüm_çalışmalar/MOF Radyoaktif Gaz Adsorpsiyonu/data/processed/cif/pretrain_000021.cif,TAM
pretrain_000022,NiPC3NO3,HF_COREMOF_GCMC,/home/rakeyma/Tüm_çalışmalar/MOF Radyoaktif Gaz Adsorpsiyonu/data/processed/cif/pretrain_000022.cif,NiPC3NO3,False,False,-0.3485933667046691,0.1803255305781985,0.2400645595842839,2.80745244448194e+25,3.737517546613345e+25,3.0524746918998127,1.6788610805448971,1.3312843656388382,54,5,10.22222222222222,0.7666666666666667,0.5554313638965664,0.1111111111111111,KAYNAK_VERISI,/home/rakeyma/Tüm_çalışmalar/MOF Radyoaktif Gaz Adsorpsiyonu/data/processed/cif/pretrain_000022.cif,TAM
pretrain_000023,Ho(CO2)4,HF_COREMOF_GCMC,/home/rakeyma/Tüm_çalışmalar/MOF Radyoaktif Gaz Adsorpsiyonu/data/processed/cif/pretrain_000023.cif,Ho(CO2)4,False,False,-0.4785943460144064,0.149978361712225,0.2528167403047898,2.441413362038037e+25,4.115461463109865e+25,4.837021143375599,2.66036162885658,1.6856881047273249,52,3,11.923076923076923,0.7192307692307693,0.9079035680560402,0.0769230769230769,KAYNAK_VERISI,/home/rakeyma/Tüm_çalışmalar/MOF Radyoaktif Gaz Adsorpsiyonu/data/processed/cif/pretrain_000023.cif,TAM
pretrain_000024,TbH2C5O6,HF_COREMOF_GCMC,/home/rakeyma/Tüm_çalışmalar/MOF Radyoaktif Gaz Adsorpsiyonu/data/processed/cif/pretrain_000024.cif,TbH2C5O6,False,False,-0.5801692033466341,0.0241065071089013,0.05,5.19364682630987e+24,1.0772292316857692e+25,2.040859243064058,1.2,2.074128772539487,56,4,10.357142857142858,0.6678571428571427,0.8381639159496189,0.0714285714285714,KAYNAK_VERISI,/home/rakeyma/Tüm_çalışmalar/MOF Radyoaktif Gaz Adsorpsiyonu/data/processed/cif/pretrain_000024.cif,TAM
pretrain_000025,Ho(CO2)4,HF_COREMOF_GCMC,/home/rakeyma/Tüm_çalışmalar/MOF Radyoaktif Gaz Adsorpsiyonu/data/processed/cif/pretrain_000025.cif,Ho(CO2)4,False,False,-0.4785943460144064,0.149978361712225,0.2528167403047898,2.441413362038037e+25,4.115461463109865e+25,4.837021143375599,2.66036162885658,1.6856881047273249,52,3,11.923076923076923,0.7192307692307693,0.9079035680560402,0.0769230769230769,KAYNAK_VERISI,/home/rakeyma/Tüm_çalışmalar/MOF Radyoaktif Gaz Adsorpsiyonu/data/processed/cif/pretrain_000025.cif,TAM
pretrain_000026,MnHC4O3,HF_COREMOF_GCMC,/home/rakeyma/Tüm_çalışmalar/MOF Radyoaktif Gaz Adsorpsiyonu/data/processed/cif/pretrain_000026.cif,MnHC4O3,False,False,-0.3566730252319013,0.250478780251175,0.2732752104856126,3.946863419937481e+25,4.306073076369193e+25,3.5594545584836754,1.957700007166021,1.0910114230498005,54,4,8.222222222222221,0.6944444444444445,0.6822206387965699,0.1111111111111111,KAYNAK_VERISI,/home/rakeyma/Tüm_çalışmalar/MOF Radyoaktif Gaz Adsorpsiyonu/data/processed/cif/pretrain_000026.cif,TAM
pretrain_000027,CoHC4O3,HF_COREMOF_GCMC,/home/rakeyma/Tüm_çalışmalar/MOF Radyoaktif Gaz Adsorpsiyonu/data/processed/cif/pretrain_000027.cif,CoHC4O3,False,False,-0.3016874469803596,0.2027223446159727,0.2408156049896382,3.3889723538711354e+25,4.025789210541387e+25,3.325674945771934,1.829121220174564,1.1879085428191327,54,4,8.444444444444445,0.688888888888889,0.5829397481729994,0.1111111111111111,KAYNAK_VERISI,/home/rakeyma/Tüm_çalışmalar/MOF Radyoaktif Gaz Adsorpsiyonu/data/processed/cif/pretrain_000027.cif,TAM
pretrain_000028,CuHC4O3,HF_COREMOF_GCMC,/home/rakeyma/Tüm_çalışmalar/MOF Radyoaktif Gaz Adsorpsiyonu/data/processed/cif/pretrain_000028.cif,CuHC4O3,False,False,-0.205978546369902,0.143063613898343,0.189134943314022,2.5852239851953995e+25,3.417753673141659e+25,2.7268008935398664,1.4997404914469266,1.3220338712288924,54,4,8.666666666666666,0.688888888888889,0.577510822409416,0.1111111111111111,KAYNAK_VERISI,/home/rakeyma/Tüm_çalışmalar/MOF Radyoaktif Gaz Adsorpsiyonu/data/processed/cif/pretrain_000028.cif,TAM
pretrain_000029,PrH4(C3O4)2,HF_COREMOF_GCMC,/home/rakeyma/Tüm_çalışmalar/MOF Radyoaktif Gaz Adsorpsiyonu/data/processed/cif/pretrain_000029.cif,PrH4(C3O4)2,False,False,-0.2932541461957817,0.0269234116356386,0.05,6.362688521709699e+24,1.1816274638254576e+25,2.2767644146902857,1.2522204280796572,1.8571197690940024,57,4,8.578947368421053,0.6236842105263158,0.8272544953035915,0.0526315789473684,KAYNAK_VERISI,/home/rakeyma/Tüm_çalışmalar/MOF Radyoaktif Gaz Adsorpsiyonu/data/processed/cif/pretrain_000029.cif,TAM
pretrain_000030,Ho(CO2)4,HF_COREMOF_GCMC,/home/rakeyma/Tüm_çalışmalar/MOF Radyoaktif Gaz Adsorpsiyonu/data/processed/cif/pretrain_000030.cif,Ho(CO2)4,False,False,-0.4785943460144064,0.149978361712225,0.2528167403047898,2.441413362038037e+25,4.115461463109865e+25,4.837021143375599,2.66036162885658,1.6856881047273249,52,3,11.923076923076923,0.7192307692307693,0.9079035680560402,0.0769230769230769,KAYNAK_VERISI,/home/rakeyma/Tüm_çalışmalar/MOF Radyoaktif Gaz Adsorpsiyonu/data/processed/cif/pretrain_000030.cif,TAM
pretrain_000031,Fe2C4Cl2O9,HF_COREMOF_GCMC,/home/rakeyma/Tüm_çalışmalar/MOF Radyoaktif Gaz Adsorpsiyonu/data/processed/cif/pretrain_000031.cif,Fe2C4Cl2O9,False,False,-0.1916617900191739,0.1103989267418866,0.1719497219873623,3.022556998070554e+25,4.707725435812568e+25,3.6217121208939,1.9919416664916452,1.557530739310372,34,4,10.705882352941176,0.7647058823529411,0.6185668920981788,0.1176470588235294,KAYNAK_VERISI,/home/rakeyma/Tüm_çalışmalar/MOF Radyoaktif Gaz Adsorpsiyonu/data/processed/cif/pretrain_000031.cif,TAM
pretrain_000032,Ho(CO2)4,HF_COREMOF_GCMC,/home/rakeyma/Tüm_çalışmalar/MOF Radyoaktif Gaz Adsorpsiyonu/data/processed/cif/pretrain_000032.cif,Ho(CO2)4,False,False,-0.4785943460144064,0.149978361712225,0.2528167403047898,2.441413362038037e+25,4.115461463109865e+25,4.837021143375599,2.66036162885658,1.6856881047273249,52,3,11.923076923076923,0.7192307692307693,0.9079035680560402,0.0769230769230769,KAYNAK_VERISI,/home/rakeyma/Tüm_çalışmalar/MOF Radyoaktif Gaz Adsorpsiyonu/data/processed/cif/pretrain_000032.cif,TAM
pretrain_000033,NiH2(C5O4)2,HF_COREMOF_GCMC,/home/rakeyma/Tüm_çalışmalar/MOF Radyoaktif Gaz Adsorpsiyonu/data/processed/cif/pretrain_000033.cif,NiH2(C5O4)2,False,False,-0.337802224968648,0.0965088322457825,0.1189237121209467,2.53603086768485e+25,3.12504252533392e+25,2.471562703285617,1.3593594868070893,1.2322572903802156,42,4,7.333333333333333,0.6500000000000001,0.5748260606479145,0.0476190476190476,KAYNAK_VERISI,/home/rakeyma/Tüm_çalışmalar/MOF Radyoaktif Gaz Adsorpsiyonu/data/processed/cif/pretrain_000033.cif,TAM
pretrain_000034,CoHC4O3,HF_COREMOF_GCMC,/home/rakeyma/Tüm_çalışmalar/MOF Radyoaktif Gaz Adsorpsiyonu/data/processed/cif/pretrain_000034.cif,CoHC4O3,False,False,-0.3016874469803596,0.2027223446159727,0.2408156049896382,3.3889723538711354e+25,4.025789210541387e+25,3.325674945771934,1.829121220174564,1.1879085428191327,54,4,8.444444444444445,0.688888888888889,0.5829397481729994,0.1111111111111111,KAYNAK_VERISI,/home/rakeyma/Tüm_çalışmalar/MOF Radyoaktif Gaz Adsorpsiyonu/data/processed/cif/pretrain_000034.cif,TAM
pretrain_000035,CoH4(C3O2)2,HF_COREMOF_GCMC,/home/rakeyma/Tüm_çalışmalar/MOF Radyoaktif Gaz Adsorpsiyonu/data/processed/cif/pretrain_000035.cif,CoH4(C3O2)2,False,False,-0.3284093958708607,0.0913952521971918,0.1125659573715954,3.724561264952296e+25,4.587314926096322e+25,2.360973354343989,1.298535344889194,1.231639003837161,30,4,6.6,0.5966666666666668,0.5829397481729994,0.0666666666666666,KAYNAK_VERISI,/home/rakeyma/Tüm_çalışmalar/MOF Radyoaktif Gaz Adsorpsiyonu/data/processed/cif/pretrain_000035.cif,TAM
pretrain_000036,Ho(CO2)4,HF_COREMOF_GCMC,/home/rakeyma/Tüm_çalışmalar/MOF Radyoaktif Gaz Adsorpsiyonu/data/processed/cif/pretrain_000036.cif,Ho(CO2)4,False,False,-0.4785943460144064,0.149978361712225,0.2528167403047898,2.441413362038037e+25,4.115461463109865e+25,4.837021143375599,2.66036162885658,1.6856881047273249,52,3,11.923076923076923,0.7192307692307693,0.9079035680560402,0.0769230769230769,KAYNAK_VERISI,/home/rakeyma/Tüm_çalışmalar/MOF Radyoaktif Gaz Adsorpsiyonu/data/processed/cif/pretrain_000036.cif,TAM
pretrain_000037,SmH9(C2O)6,HF_COREMOF_GCMC,/home/rakeyma/Tüm_çalışmalar/MOF Radyoaktif Gaz Adsorpsiyonu/data/processed/cif/pretrain_000037.cif,SmH9(C2O)6,False,False,-0.5533311169052184,0.0331136208540026,0.05,8.2408418593811e+24,1.244328111340469e+25,1.8852289118300725,1.2,1.5099526632997664,56,4,6.821428571428571,0.5750000000000001,0.8128037893612454,0.0357142857142857,KAYNAK_VERISI,/home/rakeyma/Tüm_çalışmalar/MOF Radyoaktif Gaz Adsorpsiyonu/data/processed/cif/pretrain_000037.cif,TAM
pretrain_000038,CoHC4O3,HF_COREMOF_GCMC,/home/rakeyma/Tüm_çalışmalar/MOF Radyoaktif Gaz Adsorpsiyonu/data/processed/cif/pretrain_000038.cif,CoHC4O3,False,False,-0.3016874469803596,0.2027223446159727,0.2408156049896382,3.3889723538711354e+25,4.025789210541387e+25,3.325674945771934,1.829121220174564,1.1879085428191327,54,4,8.444444444444445,0.688888888888889,0.5829397481729994,0.1111111111111111,KAYNAK_VERISI,/home/rakeyma/Tüm_çalışmalar/MOF Radyoaktif Gaz Adsorpsiyonu/data/processed/cif/pretrain_000038.cif,TAM
pretrain_000039,CuH8(C2N)4,HF_COREMOF_GCMC,/home/rakeyma/Tüm_çalışmalar/MOF Radyoaktif Gaz Adsorpsiyonu/data/processed/cif/pretrain_000039.cif,CuH8(C2N)4,False,False,-0.3595788678012127,0.055565211083506,0.0637476421433295,3.752883638938055e+25,4.305526399621553e+25,1.7305181678393635,1.2,1.1472581656807983,21,4,5.380952380952381,0.55,0.4242861652234256,0.0476190476190476,KAYNAK_VERISI,/home/rakeyma/Tüm_çalışmalar/MOF Radyoaktif Gaz Adsorpsiyonu/data/processed/cif/pretrain_000039.cif,TAM
pretrain_000040,CoHC4O3,HF_COREMOF_GCMC,/home/rakeyma/Tüm_çalışmalar/MOF Radyoaktif Gaz Adsorpsiyonu/data/processed/cif/pretrain_000040.cif,CoHC4O3,False,False,-0.3016874469803596,0.2027223446159727,0.2408156049896382,3.3889723538711354e+25,4.025789210541387e+25,3.325674945771934,1.829121220174564,1.1879085428191327,54,4,8.444444444444445,0.688888888888889,0.5829397481729994,0.1111111111111111,KAYNAK_VERISI,/home/rakeyma/Tüm_çalışmalar/MOF Radyoaktif Gaz Adsorpsiyonu/data/processed/cif/pretrain_000040.cif,TAM
pretrain_000041,Ho(CO2)4,HF_COREMOF_GCMC,/home/rakeyma/Tüm_çalışmalar/MOF Radyoaktif Gaz Adsorpsiyonu/data/processed/cif/pretrain_000041.cif,Ho(CO2)4,False,False,-0.4785943460144064,0.149978361712225,0.2528167403047898,2.441413362038037e+25,4.115461463109865e+25,4.837021143375599,2.66036162885658,1.6856881047273249,52,3,11.923076923076923,0.7192307692307693,0.9079035680560402,0.0769230769230769,KAYNAK_VERISI,/home/rakeyma/Tüm_çalışmalar/MOF Radyoaktif Gaz Adsorpsiyonu/data/processed/cif/pretrain_000041.cif,TAM
pretrain_000042,Ho(CO2)4,HF_COREMOF_GCMC,/home/rakeyma/Tüm_çalışmalar/MOF Radyoaktif Gaz Adsorpsiyonu/data/processed/cif/pretrain_000042.cif,Ho(CO2)4,False,False,-0.4785943460144064,0.149978361712225,0.2528167403047898,2.441413362038037e+25,4.115461463109865e+25,4.837021143375599,2.66036162885658,1.6856881047273249,52,3,11.923076923076923,0.7192307692307693,0.9079035680560402,0.0769230769230769,KAYNAK_VERISI,/home/rakeyma/Tüm_çalışmalar/MOF Radyoaktif Gaz Adsorpsiyonu/data/processed/cif/pretrain_000042.cif,TAM
pretrain_000043,MgH3(CO2)3,HF_COREMOF_GCMC,/home/rakeyma/Tüm_çalışmalar/MOF Radyoaktif Gaz Adsorpsiyonu/data/processed/cif/pretrain_000043.cif,MgH3(CO2)3,False,False,-0.2555940590495932,0.1172661287800369,0.1414060559937077,2.9217665416605936e+25,3.5232294908070165e+25,3.1553513543091047,1.7354432448700077,1.205855923315687,52,4,6.230769230769231,0.6115384615384617,0.7631677404083587,0.0769230769230769,KAYNAK_VERISI,/home/rakeyma/Tüm_çalışmalar/MOF Radyoaktif Gaz Adsorpsiyonu/data/processed/cif/pretrain_000043.cif,TAM
pretrain_000044,CuHC4O3,HF_COREMOF_GCMC,/home/rakeyma/Tüm_çalışmalar/MOF Radyoaktif Gaz Adsorpsiyonu/data/processed/cif/pretrain_000044.cif,CuHC4O3,False,False,-0.205978546369902,0.143063613898343,0.189134943314022,2.5852239851953995e+25,3.417753673141659e+25,2.7268008935398664,1.4997404914469266,1.3220338712288924,54,4,8.666666666666666,0.688888888888889,0.577510822409416,0.1111111111111111,KAYNAK_VERISI,/home/rakeyma/Tüm_çalışmalar/MOF Radyoaktif Gaz Adsorpsiyonu/data/processed/cif/pretrain_000044.cif,TAM
pretrain_000045,ErH4(CO2)4,HF_COREMOF_GCMC,/home/rakeyma/Tüm_çalışmalar/MOF Radyoaktif Gaz Adsorpsiyonu/data/processed/cif/pretrain_000045.cif,ErH4(CO2)4,False,False,-0.2729219457086594,0.0236006670386222,0.05,9.4800095235009e+24,2.008419827284324e+25,1.5,1.2,2.118584187395024,34,4,9.411764705882351,0.6088235294117648,0.7877935960643498,0.0588235294117647,KAYNAK_VERISI,/home/rakeyma/Tüm_çalışmalar/MOF Radyoaktif Gaz Adsorpsiyonu/data/processed/cif/pretrain_000045.cif,TAM
pretrain_000046,NiH9C11(NO)2,HF_COREMOF_GCMC,/home/rakeyma/Tüm_çalışmalar/MOF Radyoaktif Gaz Adsorpsiyonu/data/processed/cif/pretrain_000046.cif,NiH9C11(NO)2,False,False,-0.4316147466124268,0.1105082077847083,0.1143993698258944,2.8987157079593816e+25,3.000783895989144e+25,2.748793250824693,1.5118362879535816,1.035211520657062,50,5,5.32,0.552,0.5538736317970011,0.04,KAYNAK_VERISI,/home/rakeyma/Tüm_çalışmalar/MOF Radyoaktif Gaz Adsorpsiyonu/data/processed/cif/pretrain_000046.cif,TAM
pretrain_000047,Ho(CO2)4,HF_COREMOF_GCMC,/home/rakeyma/Tüm_çalışmalar/MOF Radyoaktif Gaz Adsorpsiyonu/data/processed/cif/pretrain_000047.cif,Ho(CO2)4,False,False,-0.4785943460144064,0.149978361712225,0.2528167403047898,2.441413362038037e+25,4.115461463109865e+25,4.837021143375599,2.66036162885658,1.6856881047273249,52,3,11.923076923076923,0.7192307692307693,0.9079035680560402,0.0769230769230769,KAYNAK_VERISI,/home/rakeyma/Tüm_çalışmalar/MOF Radyoaktif Gaz Adsorpsiyonu/data/processed/cif/pretrain_000047.cif,TAM
pretrain_000048,ErH4(CO2)4,HF_COREMOF_GCMC,/home/rakeyma/Tüm_çalışmalar/MOF Radyoaktif Gaz Adsorpsiyonu/data/processed/cif/pretrain_000048.cif,ErH4(CO2)4,False,False,-0.2729219457086594,0.0236006670386222,0.05,9.4800095235009e+24,2.008419827284324e+25,1.5,1.2,2.118584187395024,34,4,9.411764705882351,0.6088235294117648,0.7877935960643498,0.0588235294117647,KAYNAK_VERISI,/home/rakeyma/Tüm_çalışmalar/MOF Radyoaktif Gaz Adsorpsiyonu/data/processed/cif/pretrain_000048.cif,TAM
pretrain_000049,NiPC3NO3,HF_COREMOF_GCMC,/home/rakeyma/Tüm_çalışmalar/MOF Radyoaktif Gaz Adsorpsiyonu/data/processed/cif/pretrain_000049.cif,NiPC3NO3,False,False,-0.3171504197678396,0.1707078254381231,0.2302082222670137,2.692186791180484e+25,3.630551403356974e+25,2.957968170983657,1.6268824940410116,1.348551079460958,54,5,10.22222222222222,0.7666666666666667,0.5554313638965664,0.1111111111111111,KAYNAK_VERISI,/home/rakeyma/Tüm_çalışmalar/MOF Radyoaktif Gaz Adsorpsiyonu/data/processed/cif/pretrain_000049.cif,TAM
pretrain_000050,Ho(CO2)4,HF_COREMOF_GCMC,/home/rakeyma/Tüm_çalışmalar/MOF Radyoaktif Gaz Adsorpsiyonu/data/processed/cif/pretrain_000050.cif,Ho(CO2)4,False,False,-0.4785943460144064,0.149978361712225,0.2528167403047898,2.441413362038037e+25,4.115461463109865e+25,4.837021143375599,2.66036162885658,1.6856881047273249,52,3,11.923076923076923,0.7192307692307693,0.9079035680560402,0.0769230769230769,KAYNAK_VERISI,/home/rakeyma/Tüm_çalışmalar/MOF Radyoaktif Gaz Adsorpsiyonu/data/processed/cif/pretrain_000050.cif,TAM
pretrain_000051,CoHC4O3,HF_COREMOF_GCMC,/home/rakeyma/Tüm_çalışmalar/MOF Radyoaktif Gaz Adsorpsiyonu/data/processed/cif/pretrain_000051.cif,CoHC4O3,False,False,-0.3016874469803596,0.2027223446159727,0.2408156049896382,3.3889723538711354e+25,4.025789210541387e+25,3.325674945771934,1.829121220174564,1.1879085428191327,54,4,8.444444444444445,0.688888888888889,0.5829397481729994,0.1111111111111111,KAYNAK_VERISI,/home/rakeyma/Tüm_çalışmalar/MOF Radyoaktif Gaz Adsorpsiyonu/data/processed/cif/pretrain_000051.cif,TAM
pretrain_000052,ZnHC4O3,HF_COREMOF_GCMC,/home/rakeyma/Tüm_çalışmalar/MOF Radyoaktif Gaz Adsorpsiyonu/data/processed/cif/pretrain_000052.cif,ZnHC4O3,False,False,-0.2677312773291185,0.2068786041617683,0.2515640963015523,3.3991159257691533e+25,4.133320260715269e+25,3.442719217267522,1.8934955694971372,1.2159986158106626,54,4,8.777777777777779,0.688888888888889,0.6504229393248673,0.1111111111111111,KAYNAK_VERISI,/home/rakeyma/Tüm_çalışmalar/MOF Radyoaktif Gaz Adsorpsiyonu/data/processed/cif/pretrain_000052.cif,TAM
pretrain_000053,Ho(CO2)4,HF_COREMOF_GCMC,/home/rakeyma/Tüm_çalışmalar/MOF Radyoaktif Gaz Adsorpsiyonu/data/processed/cif/pretrain_000053.cif,Ho(CO2)4,False,False,-0.4785943460144064,0.149978361712225,0.2528167403047898,2.441413362038037e+25,4.115461463109865e+25,4.837021143375599,2.66036162885658,1.6856881047273249,52,3,11.923076923076923,0.7192307692307693,0.9079035680560402,0.0769230769230769,KAYNAK_VERISI,/home/rakeyma/Tüm_çalışmalar/MOF Radyoaktif Gaz Adsorpsiyonu/data/processed/cif/pretrain_000053.cif,TAM
pretrain_000054,CoPC3NO3,HF_COREMOF_GCMC,/home/rakeyma/Tüm_çalışmalar/MOF Radyoaktif Gaz Adsorpsiyonu/data/processed/cif/pretrain_000054.cif,CoPC3NO3,False,False,-0.339007787587708,0.1898965143943221,0.2483097013590397,2.900170840812462e+25,3.792278956089516e+25,3.13185845514548,1.722522150330014,1.3076053668021623,54,5,10.11111111111111,0.7666666666666667,0.5632406235349152,0.1111111111111111,KAYNAK_VERISI,/home/rakeyma/Tüm_çalışmalar/MOF Radyoaktif Gaz Adsorpsiyonu/data/processed/cif/pretrain_000054.cif,TAM
pretrain_000055,ZnHC4O3,HF_COREMOF_GCMC,/home/rakeyma/Tüm_çalışmalar/MOF Radyoaktif Gaz Adsorpsiyonu/data/processed/cif/pretrain_000055.cif,ZnHC4O3,False,False,-0.2677312773291185,0.2068786041617683,0.2515640963015523,3.3991159257691533e+25,4.133320260715269e+25,3.442719217267522,1.8934955694971372,1.2159986158106626,54,4,8.777777777777779,0.688888888888889,0.6504229393248673,0.1111111111111111,KAYNAK_VERISI,/home/rakeyma/Tüm_çalışmalar/MOF Radyoaktif Gaz Adsorpsiyonu/data/processed/cif/pretrain_000055.cif,TAM
pretrain_000056,ErH4(CO2)4,HF_COREMOF_GCMC,/home/rakeyma/Tüm_çalışmalar/MOF Radyoaktif Gaz Adsorpsiyonu/data/processed/cif/pretrain_000056.cif,ErH4(CO2)4,False,False,-0.2729219457086594,0.0236006670386222,0.05,9.4800095235009e+24,2.008419827284324e+25,1.5,1.2,2.118584187395024,34,4,9.411764705882351,0.6088235294117648,0.7877935960643498,0.0588235294117647,KAYNAK_VERISI,/home/rakeyma/Tüm_çalışmalar/MOF Radyoaktif Gaz Adsorpsiyonu/data/processed/cif/pretrain_000056.cif,TAM
pretrain_000057,CrH5C8O5,HF_COREMOF_GCMC,/home/rakeyma/Tüm_çalışmalar/MOF Radyoaktif Gaz Adsorpsiyonu/data/processed/cif/pretrain_000057.cif,CrH5C8O5,False,False,-0.1996028447800176,0.1778915238091704,0.1853408484497416,5.2356922155067925e+25,5.454940272953646e+25,2.9326498508797854,1.612957417983882,1.0418756581598696,38,4,6.157894736842105,0.5921052631578949,0.647316576336494,0.0526315789473684,KAYNAK_VERISI,/home/rakeyma/Tüm_çalışmalar/MOF Radyoaktif Gaz Adsorpsiyonu/data/processed/cif/pretrain_000057.cif,TAM
pretrain_000058,ZnCrH18C14(N2O)2,HF_COREMOF_GCMC,/home/rakeyma/Tüm_çalışmalar/MOF Radyoaktif Gaz Adsorpsiyonu/data/processed/cif/pretrain_000058.cif,ZnCrH18C14(N2O)2,False,False,-0.4760620884541638,0.0960454740280064,0.1018516660070818,3.424507411877276e+25,3.6315275517469383e+25,2.2145268798608373,1.2179897839234606,1.0604525308228716,40,6,5.0,0.52125,0.6658995586589784,0.05,KAYNAK_VERISI,/home/rakeyma/Tüm_çalışmalar/MOF Radyoaktif Gaz Adsorpsiyonu/data/processed/cif/pretrain_000058.cif,TAM
pretrain_000059,Ho(CO2)4,HF_COREMOF_GCMC,/home/rakeyma/Tüm_çalışmalar/MOF Radyoaktif Gaz Adsorpsiyonu/data/processed/cif/pretrain_000059.cif,Ho(CO2)4,False,False,-0.4785943460144064,0.149978361712225,0.2528167403047898,2.441413362038037e+25,4.115461463109865e+25,4.837021143375599,2.66036162885658,1.6856881047273249,52,3,11.923076923076923,0.7192307692307693,0.9079035680560402,0.0769230769230769,KAYNAK_VERISI,/home/rakeyma/Tüm_çalışmalar/MOF Radyoaktif Gaz Adsorpsiyonu/data/processed/cif/pretrain_000059.cif,TAM
pretrain_000060,MgH6C8S2(NO)4,HF_COREMOF_GCMC,/home/rakeyma/Tüm_çalışmalar/MOF Radyoaktif Gaz Adsorpsiyonu/data/processed/cif/pretrain_000060.cif,MgH6C8S2(NO)4,False,False,-0.5201537452132456,0.3052292661117404,0.2876388643622771,6.098681039384603e+25,5.747213268973177e+25,4.079784268198212,2.2438813475090167,0.9423698717572396,50,6,6.32,0.6240000000000001,0.6693031201680346,0.04,KAYNAK_VERISI,/home/rakeyma/Tüm_çalışmalar/MOF Radyoaktif Gaz Adsorpsiyonu/data/processed/cif/pretrain_000060.cif,TAM
pretrain_000061,MgPHCO6,HF_COREMOF_GCMC,/home/rakeyma/Tüm_çalışmalar/MOF Radyoaktif Gaz Adsorpsiyonu/data/processed/cif/pretrain_000061.cif,MgPHCO6,False,False,-0.3514950327118205,0.0918349361792421,0.1349985755511485,2.705562218012952e+25,3.977212384444526e+25,1.9888527039069892,1.2,1.4700132778190231,40,5,8.2,0.7050000000000001,0.6865974075103983,0.1,KAYNAK_VERISI,/home/rakeyma/Tüm_çalışmalar/MOF Radyoaktif Gaz Adsorpsiyonu/data/processed/cif/pretrain_000061.cif,TAM
pretrain_000062,MgPHCO6,HF_COREMOF_GCMC,/home/rakeyma/Tüm_çalışmalar/MOF Radyoaktif Gaz Adsorpsiyonu/data/processed/cif/pretrain_000062.cif,MgPHCO6,False,False,-0.3514950327118205,0.0918349361792421,0.1349985755511485,2.705562218012952e+25,3.977212384444526e+25,1.9888527039069892,1.2,1.4700132778190231,40,5,8.2,0.7050000000000001,0.6865974075103983,0.1,KAYNAK_VERISI,/home/rakeyma/Tüm_çalışmalar/MOF Radyoaktif Gaz Adsorpsiyonu/data/processed/cif/pretrain_000062.cif,TAM
pretrain_000063,EuHC6N2O5,HF_COREMOF_GCMC,/home/rakeyma/Tüm_çalışmalar/MOF Radyoaktif Gaz Adsorpsiyonu/data/processed/cif/pretrain_000063.cif,EuHC6N2O5,False,False,-0.272888177149816,0.0266630693681719,0.05,6.59103069616188e+24,1.235984988290522e+25,2.179271850871295,1.2,1.87525296917562,45,5,10.266666666666667,0.7066666666666668,0.768988946604566,0.0666666666666666,KAYNAK_VERISI,/home/rakeyma/Tüm_çalışmalar/MOF Radyoaktif Gaz Adsorpsiyonu/data/processed/cif/pretrain_000063.cif,TAM
pretrain_000064,Ho(CO2)4,HF_COREMOF_GCMC,/home/rakeyma/Tüm_çalışmalar/MOF Radyoaktif Gaz Adsorpsiyonu/data/processed/cif/pretrain_000064.cif,Ho(CO2)4,False,False,-0.4785943460144064,0.149978361712225,0.2528167403047898,2.441413362038037e+25,4.115461463109865e+25,4.837021143375599,2.66036162885658,1.6856881047273249,52,3,11.923076923076923,0.7192307692307693,0.9079035680560402,0.0769230769230769,KAYNAK_VERISI,/home/rakeyma/Tüm_çalışmalar/MOF Radyoaktif Gaz Adsorpsiyonu/data/processed/cif/pretrain_000064.cif,TAM
pretrain_000065,MnHC3N3Cl,HF_COREMOF_GCMC,/home/rakeyma/Tüm_çalışmalar/MOF Radyoaktif Gaz Adsorpsiyonu/data/processed/cif/pretrain_000065.cif,MnHC3N3Cl,False,False,-0.3158415251168576,0.242130788486378,0.2829629403243215,3.665584283877443e+25,4.283736543611582e+25,4.435337482107187,2.4394356151589527,1.168636760707698,54,5,9.11111111111111,0.7444444444444445,0.586890108964191,0.1111111111111111,KAYNAK_VERISI,/home/rakeyma/Tüm_çalışmalar/MOF Radyoaktif Gaz Adsorpsiyonu/data/processed/cif/pretrain_000065.cif,TAM
pretrain_000066,ZnHC4O3,HF_COREMOF_GCMC,/home/rakeyma/Tüm_çalışmalar/MOF Radyoaktif Gaz Adsorpsiyonu/data/processed/cif/pretrain_000066.cif,ZnHC4O3,False,False,-0.2677312773291185,0.2068786041617683,0.2515640963015523,3.3991159257691533e+25,4.133320260715269e+25,3.442719217267522,1.8934955694971372,1.2159986158106626,54,4,8.777777777777779,0.688888888888889,0.6504229393248673,0.1111111111111111,KAYNAK_VERISI,/home/rakeyma/Tüm_çalışmalar/MOF Radyoaktif Gaz Adsorpsiyonu/data/processed/cif/pretrain_000066.cif,TAM
pretrain_000067,CuHC4O3,HF_COREMOF_GCMC,/home/rakeyma/Tüm_çalışmalar/MOF Radyoaktif Gaz Adsorpsiyonu/data/processed/cif/pretrain_000067.cif,CuHC4O3,False,False,-0.205978546369902,0.143063613898343,0.189134943314022,2.5852239851953995e+25,3.417753673141659e+25,2.7268008935398664,1.4997404914469266,1.3220338712288924,54,4,8.666666666666666,0.688888888888889,0.577510822409416,0.1111111111111111,KAYNAK_VERISI,/home/rakeyma/Tüm_çalışmalar/MOF Radyoaktif Gaz Adsorpsiyonu/data/processed/cif/pretrain_000067.cif,TAM
pretrain_000068,CoHC4O3,HF_COREMOF_GCMC,/home/rakeyma/Tüm_çalışmalar/MOF Radyoaktif Gaz Adsorpsiyonu/data/processed/cif/pretrain_000068.cif,CoHC4O3,False,False,-0.3016874469803596,0.2027223446159727,0.2408156049896382,3.3889723538711354e+25,4.025789210541387e+25,3.325674945771934,1.829121220174564,1.1879085428191327,54,4,8.444444444444445,0.688888888888889,0.5829397481729994,0.1111111111111111,KAYNAK_VERISI,/home/rakeyma/Tüm_çalışmalar/MOF Radyoaktif Gaz Adsorpsiyonu/data/processed/cif/pretrain_000068.cif,TAM
pretrain_000069,CuHC4O3,HF_COREMOF_GCMC,/home/rakeyma/Tüm_çalışmalar/MOF Radyoaktif Gaz Adsorpsiyonu/data/processed/cif/pretrain_000069.cif,CuHC4O3,False,False,-0.205978546369902,0.143063613898343,0.189134943314022,2.5852239851953995e+25,3.417753673141659e+25,2.7268008935398664,1.4997404914469266,1.3220338712288924,54,4,8.666666666666666,0.688888888888889,0.577510822409416,0.1111111111111111,KAYNAK_VERISI,/home/rakeyma/Tüm_çalışmalar/MOF Radyoaktif Gaz Adsorpsiyonu/data/processed/cif/pretrain_000069.cif,TAM
pretrain_000070,ZnHC4O3,HF_COREMOF_GCMC,/home/rakeyma/Tüm_çalışmalar/MOF Radyoaktif Gaz Adsorpsiyonu/data/processed/cif/pretrain_000070.cif,ZnHC4O3,False,False,-0.2677312773291185,0.2068786041617683,0.2515640963015523,3.3991159257691533e+25,4.133320260715269e+25,3.442719217267522,1.8934955694971372,1.2159986158106626,54,4,8.777777777777779,0.688888888888889,0.6504229393248673,0.1111111111111111,KAYNAK_VERISI,/home/rakeyma/Tüm_çalışmalar/MOF Radyoaktif Gaz Adsorpsiyonu/data/processed/cif/pretrain_000070.cif,TAM
pretrain_000071,YH4(CO2)4,HF_COREMOF_GCMC,/home/rakeyma/Tüm_çalışmalar/MOF Radyoaktif Gaz Adsorpsiyonu/data/processed/cif/pretrain_000071.cif,YH4(CO2)4,False,False,-0.2927306989086387,0.0290600682297266,0.05,1.224155585179548e+25,2.1062503630451072e+25,1.5,1.2,1.7205740745251603,34,4,7.705882352941177,0.6117647058823531,0.7949017234853627,0.0588235294117647,KAYNAK_VERISI,/home/rakeyma/Tüm_çalışmalar/MOF Radyoaktif Gaz Adsorpsiyonu/data/processed/cif/pretrain_000071.cif,TAM
pretrain_000072,CoHC4O3,HF_COREMOF_GCMC,/home/rakeyma/Tüm_çalışmalar/MOF Radyoaktif Gaz Adsorpsiyonu/data/processed/cif/pretrain_000072.cif,CoHC4O3,False,False,-0.3016874469803596,0.2027223446159727,0.2408156049896382,3.3889723538711354e+25,4.025789210541387e+25,3.325674945771934,1.829121220174564,1.1879085428191327,54,4,8.444444444444445,0.688888888888889,0.5829397481729994,0.1111111111111111,KAYNAK_VERISI,/home/rakeyma/Tüm_çalışmalar/MOF Radyoaktif Gaz Adsorpsiyonu/data/processed/cif/pretrain_000072.cif,TAM
pretrain_000073,CoHC4O3,HF_COREMOF_GCMC,/home/rakeyma/Tüm_çalışmalar/MOF Radyoaktif Gaz Adsorpsiyonu/data/processed/cif/pretrain_000073.cif,CoHC4O3,False,False,-0.3016874469803596,0.2027223446159727,0.2408156049896382,3.3889723538711354e+25,4.025789210541387e+25,3.325674945771934,1.829121220174564,1.1879085428191327,54,4,8.444444444444445,0.688888888888889,0.5829397481729994,0.1111111111111111,KAYNAK_VERISI,/home/rakeyma/Tüm_çalışmalar/MOF Radyoaktif Gaz Adsorpsiyonu/data/processed/cif/pretrain_000073.cif,TAM
pretrain_000074,LaC12(ClO)6,HF_COREMOF_GCMC,/home/rakeyma/Tüm_çalışmalar/MOF Radyoaktif Gaz Adsorpsiyonu/data/processed/cif/pretrain_000074.cif,LaC12(ClO)6,False,False,-0.5688211219557444,0.0278556086912823,0.05,5.564325439575443e+24,9.987800843348366e+24,1.9871936116040632,1.2,1.7949706486093728,50,4,11.16,0.7979999999999999,0.90361427058231,0.04,KAYNAK_VERISI,/home/rakeyma/Tüm_çalışmalar/MOF Radyoaktif Gaz Adsorpsiyonu/data/processed/cif/pretrain_000074.cif,TAM
pretrain_000075,PrH4(C3O4)2,HF_COREMOF_GCMC,/home/rakeyma/Tüm_çalışmalar/MOF Radyoaktif Gaz Adsorpsiyonu/data/processed/cif/pretrain_000075.cif,PrH4(C3O4)2,False,False,-0.2932541461957817,0.0269234116356386,0.05,6.362688521709699e+24,1.1816274638254576e+25,2.2767644146902857,1.2522204280796572,1.8571197690940024,57,4,8.578947368421053,0.6236842105263158,0.8272544953035915,0.0526315789473684,KAYNAK_VERISI,/home/rakeyma/Tüm_çalışmalar/MOF Radyoaktif Gaz Adsorpsiyonu/data/processed/cif/pretrain_000075.cif,TAM
pretrain_000076,CrH5C8O5,HF_COREMOF_GCMC,/home/rakeyma/Tüm_çalışmalar/MOF Radyoaktif Gaz Adsorpsiyonu/data/processed/cif/pretrain_000076.cif,CrH5C8O5,False,False,-0.1996028447800176,0.1778915238091704,0.1853408484497416,5.2356922155067925e+25,5.454940272953646e+25,2.9326498508797854,1.612957417983882,1.0418756581598696,38,4,6.157894736842105,0.5921052631578949,0.647316576336494,0.0526315789473684,KAYNAK_VERISI,/home/rakeyma/Tüm_çalışmalar/MOF Radyoaktif Gaz Adsorpsiyonu/data/processed/cif/pretrain_000076.cif,TAM
pretrain_000077,LaC12(ClO)6,HF_COREMOF_GCMC,/home/rakeyma/Tüm_çalışmalar/MOF Radyoaktif Gaz Adsorpsiyonu/data/processed/cif/pretrain_000077.cif,LaC12(ClO)6,False,False,-0.5688211219557444,0.0278556086912823,0.05,5.564325439575443e+24,9.987800843348366e+24,1.9871936116040632,1.2,1.7949706486093728,50,4,11.16,0.7979999999999999,0.90361427058231,0.04,KAYNAK_VERISI,/home/rakeyma/Tüm_çalışmalar/MOF Radyoaktif Gaz Adsorpsiyonu/data/processed/cif/pretrain_000077.cif,TAM
pretrain_000078,ZnCrH18C14(N2O)2,HF_COREMOF_GCMC,/home/rakeyma/Tüm_çalışmalar/MOF Radyoaktif Gaz Adsorpsiyonu/data/processed/cif/pretrain_000078.cif,ZnCrH18C14(N2O)2,False,False,-0.4760620884541638,0.0960454740280064,0.1018516660070818,3.424507411877276e+25,3.6315275517469383e+25,2.2145268798608373,1.2179897839234606,1.0604525308228716,40,6,5.0,0.52125,0.6658995586589784,0.05,KAYNAK_VERISI,/home/rakeyma/Tüm_çalışmalar/MOF Radyoaktif Gaz Adsorpsiyonu/data/processed/cif/pretrain_000078.cif,TAM
pretrain_000079,MgPHCO6,HF_COREMOF_GCMC,/home/rakeyma/Tüm_çalışmalar/MOF Radyoaktif Gaz Adsorpsiyonu/data/processed/cif/pretrain_000079.cif,MgPHCO6,False,False,-0.3514950327118205,0.0918349361792421,0.1349985755511485,2.705562218012952e+25,3.977212384444526e+25,1.9888527039069892,1.2,1.4700132778190231,40,5,8.2,0.7050000000000001,0.6865974075103983,0.1,KAYNAK_VERISI,/home/rakeyma/Tüm_çalışmalar/MOF Radyoaktif Gaz Adsorpsiyonu/data/processed/cif/pretrain_000079.cif,TAM
pretrain_000080,LaC12(ClO)6,HF_COREMOF_GCMC,/home/rakeyma/Tüm_çalışmalar/MOF Radyoaktif Gaz Adsorpsiyonu/data/processed/cif/pretrain_000080.cif,LaC12(ClO)6,False,False,-0.5688211219557444,0.0278556086912823,0.05,5.564325439575443e+24,9.987800843348366e+24,1.9871936116040632,1.2,1.7949706486093728,50,4,11.16,0.7979999999999999,0.90361427058231,0.04,KAYNAK_VERISI,/home/rakeyma/Tüm_çalışmalar/MOF Radyoaktif Gaz Adsorpsiyonu/data/processed/cif/pretrain_000080.cif,TAM
pretrain_000081,Ho(CO2)4,HF_COREMOF_GCMC,/home/rakeyma/Tüm_çalışmalar/MOF Radyoaktif Gaz Adsorpsiyonu/data/processed/cif/pretrain_000081.cif,Ho(CO2)4,False,False,-0.4785943460144064,0.149978361712225,0.2528167403047898,2.441413362038037e+25,4.115461463109865e+25,4.837021143375599,2.66036162885658,1.6856881047273249,52,3,11.923076923076923,0.7192307692307693,0.9079035680560402,0.0769230769230769,KAYNAK_VERISI,/home/rakeyma/Tüm_çalışmalar/MOF Radyoaktif Gaz Adsorpsiyonu/data/processed/cif/pretrain_000081.cif,TAM
pretrain_000082,CuHC4O3,HF_COREMOF_GCMC,/home/rakeyma/Tüm_çalışmalar/MOF Radyoaktif Gaz Adsorpsiyonu/data/processed/cif/pretrain_000082.cif,CuHC4O3,False,False,-0.205978546369902,0.143063613898343,0.189134943314022,2.5852239851953995e+25,3.417753673141659e+25,2.7268008935398664,1.4997404914469266,1.3220338712288924,54,4,8.666666666666666,0.688888888888889,0.577510822409416,0.1111111111111111,KAYNAK_VERISI,/home/rakeyma/Tüm_çalışmalar/MOF Radyoaktif Gaz Adsorpsiyonu/data/processed/cif/pretrain_000082.cif,TAM
pretrain_000083,CoHC4O3,HF_COREMOF_GCMC,/home/rakeyma/Tüm_çalışmalar/MOF Radyoaktif Gaz Adsorpsiyonu/data/processed/cif/pretrain_000083.cif,CoHC4O3,False,False,-0.3016874469803596,0.2027223446159727,0.2408156049896382,3.3889723538711354e+25,4.025789210541387e+25,3.325674945771934,1.829121220174564,1.1879085428191327,54,4,8.444444444444445,0.688888888888889,0.5829397481729994,0.1111111111111111,KAYNAK_VERISI,/home/rakeyma/Tüm_çalışmalar/MOF Radyoaktif Gaz Adsorpsiyonu/data/processed/cif/pretrain_000083.cif,TAM
pretrain_000084,CoHC4O3,HF_COREMOF_GCMC,/home/rakeyma/Tüm_çalışmalar/MOF Radyoaktif Gaz Adsorpsiyonu/data/processed/cif/pretrain_000084.cif,CoHC4O3,False,False,-0.3016874469803596,0.2027223446159727,0.2408156049896382,3.3889723538711354e+25,4.025789210541387e+25,3.325674945771934,1.829121220174564,1.1879085428191327,54,4,8.444444444444445,0.688888888888889,0.5829397481729994,0.1111111111111111,KAYNAK_VERISI,/home/rakeyma/Tüm_çalışmalar/MOF Radyoaktif Gaz Adsorpsiyonu/data/processed/cif/pretrain_000084.cif,TAM
pretrain_000085,ZnH3(CO2)3,HF_COREMOF_GCMC,/home/rakeyma/Tüm_çalışmalar/MOF Radyoaktif Gaz Adsorpsiyonu/data/processed/cif/pretrain_000085.cif,ZnH3(CO2)3,False,False,-0.2426909561838627,0.0521053986633498,0.079530739606193,1.3063331714848035e+25,1.993913221383093e+25,2.354517765567317,1.2949847710620246,1.5263435583716922,52,4,7.615384615384615,0.6000000000000001,0.6504229393248673,0.0769230769230769,KAYNAK_VERISI,/home/rakeyma/Tüm_çalışmalar/MOF Radyoaktif Gaz Adsorpsiyonu/data/processed/cif/pretrain_000085.cif,TAM
pretrain_000086,Ho(CO2)4,HF_COREMOF_GCMC,/home/rakeyma/Tüm_çalışmalar/MOF Radyoaktif Gaz Adsorpsiyonu/data/processed/cif/pretrain_000086.cif,Ho(CO2)4,False,False,-0.4785943460144064,0.149978361712225,0.2528167403047898,2.441413362038037e+25,4.115461463109865e+25,4.837021143375599,2.66036162885658,1.6856881047273249,52,3,11.923076923076923,0.7192307692307693,0.9079035680560402,0.0769230769230769,KAYNAK_VERISI,/home/rakeyma/Tüm_çalışmalar/MOF Radyoaktif Gaz Adsorpsiyonu/data/processed/cif/pretrain_000086.cif,TAM
pretrain_000087,FeHC4O3,HF_COREMOF_GCMC,/home/rakeyma/Tüm_çalışmalar/MOF Radyoaktif Gaz Adsorpsiyonu/data/processed/cif/pretrain_000087.cif,FeHC4O3,False,False,-0.2934595702585894,0.2132917425616269,0.2442162494471299,3.5062473095194724e+25,4.014607210204248e+25,3.366864725510025,1.8517755990305145,1.144986892197985,54,4,8.333333333333334,0.6944444444444445,0.5968458762528228,0.1111111111111111,KAYNAK_VERISI,/home/rakeyma/Tüm_çalışmalar/MOF Radyoaktif Gaz Adsorpsiyonu/data/processed/cif/pretrain_000087.cif,TAM
pretrain_000088,CoHC4O3,HF_COREMOF_GCMC,/home/rakeyma/Tüm_çalışmalar/MOF Radyoaktif Gaz Adsorpsiyonu/data/processed/cif/pretrain_000088.cif,CoHC4O3,False,False,-0.3016874469803596,0.2027223446159727,0.2408156049896382,3.3889723538711354e+25,4.025789210541387e+25,3.325674945771934,1.829121220174564,1.1879085428191327,54,4,8.444444444444445,0.688888888888889,0.5829397481729994,0.1111111111111111,KAYNAK_VERISI,/home/rakeyma/Tüm_çalışmalar/MOF Radyoaktif Gaz Adsorpsiyonu/data/processed/cif/pretrain_000088.cif,TAM
pretrain_000089,EuHC6N2O5,HF_COREMOF_GCMC,/home/rakeyma/Tüm_çalışmalar/MOF Radyoaktif Gaz Adsorpsiyonu/data/processed/cif/pretrain_000089.cif,EuHC6N2O5,False,False,-0.272888177149816,0.0266630693681719,0.05,6.59103069616188e+24,1.235984988290522e+25,2.179271850871295,1.2,1.87525296917562,45,5,10.266666666666667,0.7066666666666668,0.768988946604566,0.0666666666666666,KAYNAK_VERISI,/home/rakeyma/Tüm_çalışmalar/MOF Radyoaktif Gaz Adsorpsiyonu/data/processed/cif/pretrain_000089.cif,TAM
pretrain_000090,ErH4(CO2)4,HF_COREMOF_GCMC,/home/rakeyma/Tüm_çalışmalar/MOF Radyoaktif Gaz Adsorpsiyonu/data/processed/cif/pretrain_000090.cif,ErH4(CO2)4,False,False,-0.2729219457086594,0.0236006670386222,0.05,9.4800095235009e+24,2.008419827284324e+25,1.5,1.2,2.118584187395024,34,4,9.411764705882351,0.6088235294117648,0.7877935960643498,0.0588235294117647,KAYNAK_VERISI,/home/rakeyma/Tüm_çalışmalar/MOF Radyoaktif Gaz Adsorpsiyonu/data/processed/cif/pretrain_000090.cif,TAM
pretrain_000091,ZnHC4O3,HF_COREMOF_GCMC,/home/rakeyma/Tüm_çalışmalar/MOF Radyoaktif Gaz Adsorpsiyonu/data/processed/cif/pretrain_000091.cif,ZnHC4O3,False,False,-0.2677312773291185,0.2068786041617683,0.2515640963015523,3.3991159257691533e+25,4.133320260715269e+25,3.442719217267522,1.8934955694971372,1.2159986158106626,54,4,8.777777777777779,0.688888888888889,0.6504229393248673,0.1111111111111111,KAYNAK_VERISI,/home/rakeyma/Tüm_çalışmalar/MOF Radyoaktif Gaz Adsorpsiyonu/data/processed/cif/pretrain_000091.cif,TAM
pretrain_000092,AlH5C8O5,HF_COREMOF_GCMC,/home/rakeyma/Tüm_çalışmalar/MOF Radyoaktif Gaz Adsorpsiyonu/data/processed/cif/pretrain_000092.cif,AlH5C8O5,False,False,-0.2164554591221433,0.2136091924990496,0.2016969709284759,6.382617227450461e+25,6.026681465866189e+25,2.988357040731488,1.6435963724023186,0.9442335723888536,38,4,5.578947368421052,0.5842105263157897,0.6629856710367125,0.0526315789473684,KAYNAK_VERISI,/home/rakeyma/Tüm_çalışmalar/MOF Radyoaktif Gaz Adsorpsiyonu/data/processed/cif/pretrain_000092.cif,TAM
pretrain_000093,EuHC6N2O5,HF_COREMOF_GCMC,/home/rakeyma/Tüm_çalışmalar/MOF Radyoaktif Gaz Adsorpsiyonu/data/processed/cif/pretrain_000093.cif,EuHC6N2O5,False,False,-0.272888177149816,0.0266630693681719,0.05,6.59103069616188e+24,1.235984988290522e+25,2.179271850871295,1.2,1.87525296917562,45,5,10.266666666666667,0.7066666666666668,0.768988946604566,0.0666666666666666,KAYNAK_VERISI,/home/rakeyma/Tüm_çalışmalar/MOF Radyoaktif Gaz Adsorpsiyonu/data/processed/cif/pretrain_000093.cif,TAM
pretrain_000094,CuHC4O3,HF_COREMOF_GCMC,/home/rakeyma/Tüm_çalışmalar/MOF Radyoaktif Gaz Adsorpsiyonu/data/processed/cif/pretrain_000094.cif,CuHC4O3,False,False,-0.2177849296046017,0.149872425955864,0.1963688134975907,2.684101402433429e+25,3.516816414637138e+25,2.7735832734284385,1.5254708003856412,1.3102397738955625,54,4,8.666666666666666,0.688888888888889,0.577510822409416,0.1111111111111111,KAYNAK_VERISI,/home/rakeyma/Tüm_çalışmalar/MOF Radyoaktif Gaz Adsorpsiyonu/data/processed/cif/pretrain_000094.cif,TAM
pretrain_000095,Cd3H8(C6O5)4,HF_COREMOF_GCMC,/home/rakeyma/Tüm_çalışmalar/MOF Radyoaktif Gaz Adsorpsiyonu/data/processed/cif/pretrain_000095.cif,Cd3H8(C6O5)4,False,False,-0.271541932323159,0.0293790473874834,0.05,6.906213466629339e+24,1.1753637508293807e+25,2.1092829231755514,1.2,1.7018931669412054,55,4,8.290909090909091,0.6445454545454548,0.6380830666927308,0.0545454545454545,KAYNAK_VERISI,/home/rakeyma/Tüm_çalışmalar/MOF Radyoaktif Gaz Adsorpsiyonu/data/processed/cif/pretrain_000095.cif,TAM
pretrain_000096,CoHC4O3,HF_COREMOF_GCMC,/home/rakeyma/Tüm_çalışmalar/MOF Radyoaktif Gaz Adsorpsiyonu/data/processed/cif/pretrain_000096.cif,CoHC4O3,False,False,-0.3016874469803596,0.2027223446159727,0.2408156049896382,3.3889723538711354e+25,4.025789210541387e+25,3.325674945771934,1.829121220174564,1.1879085428191327,54,4,8.444444444444445,0.688888888888889,0.5829397481729994,0.1111111111111111,KAYNAK_VERISI,/home/rakeyma/Tüm_çalışmalar/MOF Radyoaktif Gaz Adsorpsiyonu/data/processed/cif/pretrain_000096.cif,TAM
pretrain_000097,GdH6(C2O3)3,HF_COREMOF_GCMC,/home/rakeyma/Tüm_çalışmalar/MOF Radyoaktif Gaz Adsorpsiyonu/data/processed/cif/pretrain_000097.cif,GdH6(C2O3)3,False,False,-0.3993625648712235,0.0225905904224295,0.05,8.679646910925667e+24,1.921075710864971e+25,1.5,1.2,2.2133108991412787,44,4,8.090909090909092,0.5863636363636364,0.8020403668145388,0.0454545454545454,KAYNAK_VERISI,/home/rakeyma/Tüm_çalışmalar/MOF Radyoaktif Gaz Adsorpsiyonu/data/processed/cif/pretrain_000097.cif,TAM
pretrain_000098,Ho(CO2)4,HF_COREMOF_GCMC,/home/rakeyma/Tüm_çalışmalar/MOF Radyoaktif Gaz Adsorpsiyonu/data/processed/cif/pretrain_000098.cif,Ho(CO2)4,False,False,-0.4785943460144064,0.149978361712225,0.2528167403047898,2.441413362038037e+25,4.115461463109865e+25,4.837021143375599,2.66036162885658,1.6856881047273249,52,3,11.923076923076923,0.7192307692307693,0.9079035680560402,0.0769230769230769,KAYNAK_VERISI,/home/rakeyma/Tüm_çalışmalar/MOF Radyoaktif Gaz Adsorpsiyonu/data/processed/cif/pretrain_000098.cif,TAM
pretrain_000099,CuHC4O3,HF_COREMOF_GCMC,/home/rakeyma/Tüm_çalışmalar/MOF Radyoaktif Gaz Adsorpsiyonu/data/processed/cif/pretrain_000099.cif,CuHC4O3,False,False,-0.205978546369902,0.143063613898343,0.189134943314022,2.5852239851953995e+25,3.417753673141659e+25,2.7268008935398664,1.4997404914469266,1.3220338712288924,54,4,8.666666666666666,0.688888888888889,0.577510822409416,0.1111111111111111,KAYNAK_VERISI,/home/rakeyma/Tüm_çalışmalar/MOF Radyoaktif Gaz Adsorpsiyonu/data/processed/cif/pretrain_000099.cif,TAM
pretrain_000100,Ag(C3N2)2,HF_COREMOF_GCMC,/home/rakeyma/Tüm_çalışmalar/MOF Radyoaktif Gaz Adsorpsiyonu/data/processed/cif/pretrain_000100.cif,Ag(C3N2)2,False,False,-0.2373147657065865,0.175065851426671,0.2334607825666004,3.2578159210237525e+25,4.344492362056756e+25,3.59194373561157,1.975569054586364,1.3335598042910666,44,3,10.090909090909092,0.7636363636363636,0.4541903663541191,0.0909090909090909,KAYNAK_VERISI,/home/rakeyma/Tüm_çalışmalar/MOF Radyoaktif Gaz Adsorpsiyonu/data/processed/cif/pretrain_000100.cif,TAM
pretrain_000101,Ho(CO2)4,HF_COREMOF_GCMC,/home/rakeyma/Tüm_çalışmalar/MOF Radyoaktif Gaz Adsorpsiyonu/data/processed/cif/pretrain_000101.cif,Ho(CO2)4,False,False,-0.4785943460144064,0.149978361712225,0.2528167403047898,2.441413362038037e+25,4.115461463109865e+25,4.837021143375599,2.66036162885658,1.6856881047273249,52,3,11.923076923076923,0.7192307692307693,0.9079035680560402,0.0769230769230769,KAYNAK_VERISI,/home/rakeyma/Tüm_çalışmalar/MOF Radyoaktif Gaz Adsorpsiyonu/data/processed/cif/pretrain_000101.cif,TAM
pretrain_000102,NiH9C11(NO)2,HF_COREMOF_GCMC,/home/rakeyma/Tüm_çalışmalar/MOF Radyoaktif Gaz Adsorpsiyonu/data/processed/cif/pretrain_000102.cif,NiH9C11(NO)2,False,False,-0.4316147466124268,0.1105082077847083,0.1143993698258944,2.8987157079593816e+25,3.000783895989144e+25,2.748793250824693,1.5118362879535816,1.035211520657062,50,5,5.32,0.552,0.5538736317970011,0.04,KAYNAK_VERISI,/home/rakeyma/Tüm_çalışmalar/MOF Radyoaktif Gaz Adsorpsiyonu/data/processed/cif/pretrain_000102.cif,TAM
pretrain_000103,Ho(CO2)4,HF_COREMOF_GCMC,/home/rakeyma/Tüm_çalışmalar/MOF Radyoaktif Gaz Adsorpsiyonu/data/processed/cif/pretrain_000103.cif,Ho(CO2)4,False,False,-0.4785943460144064,0.149978361712225,0.2528167403047898,2.441413362038037e+25,4.115461463109865e+25,4.837021143375599,2.66036162885658,1.6856881047273249,52,3,11.923076923076923,0.7192307692307693,0.9079035680560402,0.0769230769230769,KAYNAK_VERISI,/home/rakeyma/Tüm_çalışmalar/MOF Radyoaktif Gaz Adsorpsiyonu/data/processed/cif/pretrain_000103.cif,TAM
pretrain_000104,Ho(CO2)4,HF_COREMOF_GCMC,/home/rakeyma/Tüm_çalışmalar/MOF Radyoaktif Gaz Adsorpsiyonu/data/processed/cif/pretrain_000104.cif,Ho(CO2)4,False,False,-0.4785943460144064,0.149978361712225,0.2528167403047898,2.441413362038037e+25,4.115461463109865e+25,4.837021143375599,2.66036162885658,1.6856881047273249,52,3,11.923076923076923,0.7192307692307693,0.9079035680560402,0.0769230769230769,KAYNAK_VERISI,/home/rakeyma/Tüm_çalışmalar/MOF Radyoaktif Gaz Adsorpsiyonu/data/processed/cif/pretrain_000104.cif,TAM
pretrain_000105,Ho(CO2)4,HF_COREMOF_GCMC,/home/rakeyma/Tüm_çalışmalar/MOF Radyoaktif Gaz Adsorpsiyonu/data/processed/cif/pretrain_000105.cif,Ho(CO2)4,False,False,-0.4785943460144064,0.149978361712225,0.2528167403047898,2.441413362038037e+25,4.115461463109865e+25,4.837021143375599,2.66036162885658,1.6856881047273249,52,3,11.923076923076923,0.7192307692307693,0.9079035680560402,0.0769230769230769,KAYNAK_VERISI,/home/rakeyma/Tüm_çalışmalar/MOF Radyoaktif Gaz Adsorpsiyonu/data/processed/cif/pretrain_000105.cif,TAM
pretrain_000106,Ho(CO2)4,HF_COREMOF_GCMC,/home/rakeyma/Tüm_çalışmalar/MOF Radyoaktif Gaz Adsorpsiyonu/data/processed/cif/pretrain_000106.cif,Ho(CO2)4,False,False,-0.4785943460144064,0.149978361712225,0.2528167403047898,2.441413362038037e+25,4.115461463109865e+25,4.837021143375599,2.66036162885658,1.6856881047273249,52,3,11.923076923076923,0.7192307692307693,0.9079035680560402,0.0769230769230769,KAYNAK_VERISI,/home/rakeyma/Tüm_çalışmalar/MOF Radyoaktif Gaz Adsorpsiyonu/data/processed/cif/pretrain_000106.cif,TAM
pretrain_000107,ZnCrH18C14(N2O)2,HF_COREMOF_GCMC,/home/rakeyma/Tüm_çalışmalar/MOF Radyoaktif Gaz Adsorpsiyonu/data/processed/cif/pretrain_000107.cif,ZnCrH18C14(N2O)2,False,False,-0.4760620884541638,0.0960454740280064,0.1018516660070818,3.424507411877276e+25,3.6315275517469383e+25,2.2145268798608373,1.2179897839234606,1.0604525308228716,40,6,5.0,0.52125,0.6658995586589784,0.05,KAYNAK_VERISI,/home/rakeyma/Tüm_çalışmalar/MOF Radyoaktif Gaz Adsorpsiyonu/data/processed/cif/pretrain_000107.cif,TAM
pretrain_000108,ErH4(CO2)4,HF_COREMOF_GCMC,/home/rakeyma/Tüm_çalışmalar/MOF Radyoaktif Gaz Adsorpsiyonu/data/processed/cif/pretrain_000108.cif,ErH4(CO2)4,False,False,-0.2729219457086594,0.0236006670386222,0.05,9.4800095235009e+24,2.008419827284324e+25,1.5,1.2,2.118584187395024,34,4,9.411764705882351,0.6088235294117648,0.7877935960643498,0.0588235294117647,KAYNAK_VERISI,/home/rakeyma/Tüm_çalışmalar/MOF Radyoaktif Gaz Adsorpsiyonu/data/processed/cif/pretrain_000108.cif,TAM
pretrain_000109,Ho(CO2)4,HF_COREMOF_GCMC,/home/rakeyma/Tüm_çalışmalar/MOF Radyoaktif Gaz Adsorpsiyonu/data/processed/cif/pretrain_000109.cif,Ho(CO2)4,False,False,-0.4785943460144064,0.149978361712225,0.2528167403047898,2.441413362038037e+25,4.115461463109865e+25,4.837021143375599,2.66036162885658,1.6856881047273249,52,3,11.923076923076923,0.7192307692307693,0.9079035680560402,0.0769230769230769,KAYNAK_VERISI,/home/rakeyma/Tüm_çalışmalar/MOF Radyoaktif Gaz Adsorpsiyonu/data/processed/cif/pretrain_000109.cif,TAM
pretrain_000110,ZnHC4O3,HF_COREMOF_GCMC,/home/rakeyma/Tüm_çalışmalar/MOF Radyoaktif Gaz Adsorpsiyonu/data/processed/cif/pretrain_000110.cif,ZnHC4O3,False,False,-0.2677312773291185,0.2068786041617683,0.2515640963015523,3.3991159257691533e+25,4.133320260715269e+25,3.442719217267522,1.8934955694971372,1.2159986158106626,54,4,8.777777777777779,0.688888888888889,0.6504229393248673,0.1111111111111111,KAYNAK_VERISI,/home/rakeyma/Tüm_çalışmalar/MOF Radyoaktif Gaz Adsorpsiyonu/data/processed/cif/pretrain_000110.cif,TAM
pretrain_000111,Ho(CO2)4,HF_COREMOF_GCMC,/home/rakeyma/Tüm_çalışmalar/MOF Radyoaktif Gaz Adsorpsiyonu/data/processed/cif/pretrain_000111.cif,Ho(CO2)4,False,False,-0.4785943460144064,0.149978361712225,0.2528167403047898,2.441413362038037e+25,4.115461463109865e+25,4.837021143375599,2.66036162885658,1.6856881047273249,52,3,11.923076923076923,0.7192307692307693,0.9079035680560402,0.0769230769230769,KAYNAK_VERISI,/home/rakeyma/Tüm_çalışmalar/MOF Radyoaktif Gaz Adsorpsiyonu/data/processed/cif/pretrain_000111.cif,TAM
pretrain_000112,FeH3(CO2)3,HF_COREMOF_GCMC,/home/rakeyma/Tüm_çalışmalar/MOF Radyoaktif Gaz Adsorpsiyonu/data/processed/cif/pretrain_000112.cif,FeH3(CO2)3,False,False,-0.245645129301964,0.0418225457772277,0.0615066653301182,1.060893698679908e+25,1.5602119015687923e+25,2.064892740520459,1.2,1.4706580909191904,52,4,7.3076923076923075,0.6038461538461539,0.5968458762528228,0.0769230769230769,KAYNAK_VERISI,/home/rakeyma/Tüm_çalışmalar/MOF Radyoaktif Gaz Adsorpsiyonu/data/processed/cif/pretrain_000112.cif,TAM
pretrain_000113,CoHC4O3,HF_COREMOF_GCMC,/home/rakeyma/Tüm_çalışmalar/MOF Radyoaktif Gaz Adsorpsiyonu/data/processed/cif/pretrain_000113.cif,CoHC4O3,False,False,-0.3016874469803596,0.2027223446159727,0.2408156049896382,3.3889723538711354e+25,4.025789210541387e+25,3.325674945771934,1.829121220174564,1.1879085428191327,54,4,8.444444444444445,0.688888888888889,0.5829397481729994,0.1111111111111111,KAYNAK_VERISI,/home/rakeyma/Tüm_çalışmalar/MOF Radyoaktif Gaz Adsorpsiyonu/data/processed/cif/pretrain_000113.cif,TAM
pretrain_000114,ZnH3(CO2)3,HF_COREMOF_GCMC,/home/rakeyma/Tüm_çalışmalar/MOF Radyoaktif Gaz Adsorpsiyonu/data/processed/cif/pretrain_000114.cif,ZnH3(CO2)3,False,False,-0.2426909561838627,0.0521053986633498,0.079530739606193,1.3063331714848035e+25,1.993913221383093e+25,2.354517765567317,1.2949847710620246,1.5263435583716922,52,4,7.615384615384615,0.6000000000000001,0.6504229393248673,0.0769230769230769,KAYNAK_VERISI,/home/rakeyma/Tüm_çalışmalar/MOF Radyoaktif Gaz Adsorpsiyonu/data/processed/cif/pretrain_000114.cif,TAM
pretrain_000115,ZnHC4O3,HF_COREMOF_GCMC,/home/rakeyma/Tüm_çalışmalar/MOF Radyoaktif Gaz Adsorpsiyonu/data/processed/cif/pretrain_000115.cif,ZnHC4O3,False,False,-0.2677312773291185,0.2068786041617683,0.2515640963015523,3.3991159257691533e+25,4.133320260715269e+25,3.442719217267522,1.8934955694971372,1.2159986158106626,54,4,8.777777777777779,0.688888888888889,0.6504229393248673,0.1111111111111111,KAYNAK_VERISI,/home/rakeyma/Tüm_çalışmalar/MOF Radyoaktif Gaz Adsorpsiyonu/data/processed/cif/pretrain_000115.cif,TAM
pretrain_000116,Fe5H8C4N20OF7,HF_COREMOF_GCMC,/home/rakeyma/Tüm_çalışmalar/MOF Radyoaktif Gaz Adsorpsiyonu/data/processed/cif/pretrain_000116.cif,Fe5H8C4N20OF7,False,False,-0.3714816346717107,0.0272168139672649,0.05,8.614467119214068e+24,1.5825634715318147e+25,1.5,1.2,1.8370996715536807,45,6,8.28888888888889,0.6422222222222221,0.7318242047559417,0.1111111111111111,KAYNAK_VERISI,/home/rakeyma/Tüm_çalışmalar/MOF Radyoaktif Gaz Adsorpsiyonu/data/processed/cif/pretrain_000116.cif,TAM
pretrain_000117,EuHC6N2O5,HF_COREMOF_GCMC,/home/rakeyma/Tüm_çalışmalar/MOF Radyoaktif Gaz Adsorpsiyonu/data/processed/cif/pretrain_000117.cif,EuHC6N2O5,False,False,-0.272888177149816,0.0266630693681719,0.05,6.59103069616188e+24,1.235984988290522e+25,2.179271850871295,1.2,1.87525296917562,45,5,10.266666666666667,0.7066666666666668,0.768988946604566,0.0666666666666666,KAYNAK_VERISI,/home/rakeyma/Tüm_çalışmalar/MOF Radyoaktif Gaz Adsorpsiyonu/data/processed/cif/pretrain_000117.cif,TAM
pretrain_000118,CoHC4O3,HF_COREMOF_GCMC,/home/rakeyma/Tüm_çalışmalar/MOF Radyoaktif Gaz Adsorpsiyonu/data/processed/cif/pretrain_000118.cif,CoHC4O3,False,False,-0.3016874469803596,0.2027223446159727,0.2408156049896382,3.3889723538711354e+25,4.025789210541387e+25,3.325674945771934,1.829121220174564,1.1879085428191327,54,4,8.444444444444445,0.688888888888889,0.5829397481729994,0.1111111111111111,KAYNAK_VERISI,/home/rakeyma/Tüm_çalışmalar/MOF Radyoaktif Gaz Adsorpsiyonu/data/processed/cif/pretrain_000118.cif,TAM
pretrain_000119,CuHC4O3,HF_COREMOF_GCMC,/home/rakeyma/Tüm_çalışmalar/MOF Radyoaktif Gaz Adsorpsiyonu/data/processed/cif/pretrain_000119.cif,CuHC4O3,False,False,-0.205978546369902,0.143063613898343,0.189134943314022,2.5852239851953995e+25,3.417753673141659e+25,2.7268008935398664,1.4997404914469266,1.3220338712288924,54,4,8.666666666666666,0.688888888888889,0.577510822409416,0.1111111111111111,KAYNAK_VERISI,/home/rakeyma/Tüm_çalışmalar/MOF Radyoaktif Gaz Adsorpsiyonu/data/processed/cif/pretrain_000119.cif,TAM
pretrain_000120,CoHC4O3,HF_COREMOF_GCMC,/home/rakeyma/Tüm_çalışmalar/MOF Radyoaktif Gaz Adsorpsiyonu/data/processed/cif/pretrain_000120.cif,CoHC4O3,False,False,-0.3016874469803596,0.2027223446159727,0.2408156049896382,3.3889723538711354e+25,4.025789210541387e+25,3.325674945771934,1.829121220174564,1.1879085428191327,54,4,8.444444444444445,0.688888888888889,0.5829397481729994,0.1111111111111111,KAYNAK_VERISI,/home/rakeyma/Tüm_çalışmalar/MOF Radyoaktif Gaz Adsorpsiyonu/data/processed/cif/pretrain_000120.cif,TAM
pretrain_000121,LaC12(ClO)6,HF_COREMOF_GCMC,/home/rakeyma/Tüm_çalışmalar/MOF Radyoaktif Gaz Adsorpsiyonu/data/processed/cif/pretrain_000121.cif,LaC12(ClO)6,False,False,-0.5688211219557444,0.0278556086912823,0.05,5.564325439575443e+24,9.987800843348366e+24,1.9871936116040632,1.2,1.7949706486093728,50,4,11.16,0.7979999999999999,0.90361427058231,0.04,KAYNAK_VERISI,/home/rakeyma/Tüm_çalışmalar/MOF Radyoaktif Gaz Adsorpsiyonu/data/processed/cif/pretrain_000121.cif,TAM
pretrain_000122,CoHC4O3,HF_COREMOF_GCMC,/home/rakeyma/Tüm_çalışmalar/MOF Radyoaktif Gaz Adsorpsiyonu/data/processed/cif/pretrain_000122.cif,CoHC4O3,False,False,-0.3016874469803596,0.2027223446159727,0.2408156049896382,3.3889723538711354e+25,4.025789210541387e+25,3.325674945771934,1.829121220174564,1.1879085428191327,54,4,8.444444444444445,0.688888888888889,0.5829397481729994,0.1111111111111111,KAYNAK_VERISI,/home/rakeyma/Tüm_çalışmalar/MOF Radyoaktif Gaz Adsorpsiyonu/data/processed/cif/pretrain_000122.cif,TAM
pretrain_000123,Ho(CO2)4,HF_COREMOF_GCMC,/home/rakeyma/Tüm_çalışmalar/MOF Radyoaktif Gaz Adsorpsiyonu/data/processed/cif/pretrain_000123.cif,Ho(CO2)4,False,False,-0.4785943460144064,0.149978361712225,0.2528167403047898,2.441413362038037e+25,4.115461463109865e+25,4.837021143375599,2.66036162885658,1.6856881047273249,52,3,11.923076923076923,0.7192307692307693,0.9079035680560402,0.0769230769230769,KAYNAK_VERISI,/home/rakeyma/Tüm_çalışmalar/MOF Radyoaktif Gaz Adsorpsiyonu/data/processed/cif/pretrain_000123.cif,TAM
pretrain_000124,Fe2C4Cl2O9,HF_COREMOF_GCMC,/home/rakeyma/Tüm_çalışmalar/MOF Radyoaktif Gaz Adsorpsiyonu/data/processed/cif/pretrain_000124.cif,Fe2C4Cl2O9,False,False,-0.1945708216821267,0.1207959175776015,0.1851451817186259,3.2545086912313037e+25,4.988219926023356e+25,3.77704173503509,2.0773729542693,1.5327105868431787,34,4,10.705882352941176,0.7647058823529411,0.6185668920981788,0.1176470588235294,KAYNAK_VERISI,/home/rakeyma/Tüm_çalışmalar/MOF Radyoaktif Gaz Adsorpsiyonu/data/processed/cif/pretrain_000124.cif,TAM
pretrain_000125,MgPHCO6,HF_COREMOF_GCMC,/home/rakeyma/Tüm_çalışmalar/MOF Radyoaktif Gaz Adsorpsiyonu/data/processed/cif/pretrain_000125.cif,MgPHCO6,False,False,-0.3514950327118205,0.0918349361792421,0.1349985755511485,2.705562218012952e+25,3.977212384444526e+25,1.9888527039069892,1.2,1.4700132778190231,40,5,8.2,0.7050000000000001,0.6865974075103983,0.1,KAYNAK_VERISI,/home/rakeyma/Tüm_çalışmalar/MOF Radyoaktif Gaz Adsorpsiyonu/data/processed/cif/pretrain_000125.cif,TAM
pretrain_000126,CoHC4O3,HF_COREMOF_GCMC,/home/rakeyma/Tüm_çalışmalar/MOF Radyoaktif Gaz Adsorpsiyonu/data/processed/cif/pretrain_000126.cif,CoHC4O3,False,False,-0.3016874469803596,0.2027223446159727,0.2408156049896382,3.3889723538711354e+25,4.025789210541387e+25,3.325674945771934,1.829121220174564,1.1879085428191327,54,4,8.444444444444445,0.688888888888889,0.5829397481729994,0.1111111111111111,KAYNAK_VERISI,/home/rakeyma/Tüm_çalışmalar/MOF Radyoaktif Gaz Adsorpsiyonu/data/processed/cif/pretrain_000126.cif,TAM
pretrain_000127,Ho(CO2)4,HF_COREMOF_GCMC,/home/rakeyma/Tüm_çalışmalar/MOF Radyoaktif Gaz Adsorpsiyonu/data/processed/cif/pretrain_000127.cif,Ho(CO2)4,False,False,-0.4785943460144064,0.149978361712225,0.2528167403047898,2.441413362038037e+25,4.115461463109865e+25,4.837021143375599,2.66036162885658,1.6856881047273249,52,3,11.923076923076923,0.7192307692307693,0.9079035680560402,0.0769230769230769,KAYNAK_VERISI,/home/rakeyma/Tüm_çalışmalar/MOF Radyoaktif Gaz Adsorpsiyonu/data/processed/cif/pretrain_000127.cif,TAM
pretrain_000128,ErH4(CO2)4,HF_COREMOF_GCMC,/home/rakeyma/Tüm_çalışmalar/MOF Radyoaktif Gaz Adsorpsiyonu/data/processed/cif/pretrain_000128.cif,ErH4(CO2)4,False,False,-0.2729219457086594,0.0236006670386222,0.05,9.4800095235009e+24,2.008419827284324e+25,1.5,1.2,2.118584187395024,34,4,9.411764705882351,0.6088235294117648,0.7877935960643498,0.0588235294117647,KAYNAK_VERISI,/home/rakeyma/Tüm_çalışmalar/MOF Radyoaktif Gaz Adsorpsiyonu/data/processed/cif/pretrain_000128.cif,TAM
pretrain_000129,LiC6N4F3,HF_COREMOF_GCMC,/home/rakeyma/Tüm_çalışmalar/MOF Radyoaktif Gaz Adsorpsiyonu/data/processed/cif/pretrain_000129.cif,LiC6N4F3,False,False,-0.4533451462020003,0.0397452774625822,0.05,8.573472372599009e+24,1.0785523362706943e+25,1.954323412334816,1.2,1.258011094451963,56,4,6.714285714285714,0.6964285714285714,1.0861946188413936,0.0714285714285714,KAYNAK_VERISI,/home/rakeyma/Tüm_çalışmalar/MOF Radyoaktif Gaz Adsorpsiyonu/data/processed/cif/pretrain_000129.cif,TAM
pretrain_000130,NiH9C11(NO)2,HF_COREMOF_GCMC,/home/rakeyma/Tüm_çalışmalar/MOF Radyoaktif Gaz Adsorpsiyonu/data/processed/cif/pretrain_000130.cif,NiH9C11(NO)2,False,False,-0.4316147466124268,0.1105082077847083,0.1143993698258944,2.8987157079593816e+25,3.000783895989144e+25,2.748793250824693,1.5118362879535816,1.035211520657062,50,5,5.32,0.552,0.5538736317970011,0.04,KAYNAK_VERISI,/home/rakeyma/Tüm_çalışmalar/MOF Radyoaktif Gaz Adsorpsiyonu/data/processed/cif/pretrain_000130.cif,TAM
pretrain_000131,Ho(CO2)4,HF_COREMOF_GCMC,/home/rakeyma/Tüm_çalışmalar/MOF Radyoaktif Gaz Adsorpsiyonu/data/processed/cif/pretrain_000131.cif,Ho(CO2)4,False,False,-0.4785943460144064,0.149978361712225,0.2528167403047898,2.441413362038037e+25,4.115461463109865e+25,4.837021143375599,2.66036162885658,1.6856881047273249,52,3,11.923076923076923,0.7192307692307693,0.9079035680560402,0.0769230769230769,KAYNAK_VERISI,/home/rakeyma/Tüm_çalışmalar/MOF Radyoaktif Gaz Adsorpsiyonu/data/processed/cif/pretrain_000131.cif,TAM
pretrain_000132,CuHC4O3,HF_COREMOF_GCMC,/home/rakeyma/Tüm_çalışmalar/MOF Radyoaktif Gaz Adsorpsiyonu/data/processed/cif/pretrain_000132.cif,CuHC4O3,False,False,-0.205978546369902,0.143063613898343,0.189134943314022,2.5852239851953995e+25,3.417753673141659e+25,2.7268008935398664,1.4997404914469266,1.3220338712288924,54,4,8.666666666666666,0.688888888888889,0.577510822409416,0.1111111111111111,KAYNAK_VERISI,/home/rakeyma/Tüm_çalışmalar/MOF Radyoaktif Gaz Adsorpsiyonu/data/processed/cif/pretrain_000132.cif,TAM
pretrain_000133,Ho(CO2)4,HF_COREMOF_GCMC,/home/rakeyma/Tüm_çalışmalar/MOF Radyoaktif Gaz Adsorpsiyonu/data/processed/cif/pretrain_000133.cif,Ho(CO2)4,False,False,-0.4785943460144064,0.149978361712225,0.2528167403047898,2.441413362038037e+25,4.115461463109865e+25,4.837021143375599,2.66036162885658,1.6856881047273249,52,3,11.923076923076923,0.7192307692307693,0.9079035680560402,0.0769230769230769,KAYNAK_VERISI,/home/rakeyma/Tüm_çalışmalar/MOF Radyoaktif Gaz Adsorpsiyonu/data/processed/cif/pretrain_000133.cif,TAM
pretrain_000134,LaC12(ClO)6,HF_COREMOF_GCMC,/home/rakeyma/Tüm_çalışmalar/MOF Radyoaktif Gaz Adsorpsiyonu/data/processed/cif/pretrain_000134.cif,LaC12(ClO)6,False,False,-0.5688211219557444,0.0278556086912823,0.05,5.564325439575443e+24,9.987800843348366e+24,1.9871936116040632,1.2,1.7949706486093728,50,4,11.16,0.7979999999999999,0.90361427058231,0.04,KAYNAK_VERISI,/home/rakeyma/Tüm_çalışmalar/MOF Radyoaktif Gaz Adsorpsiyonu/data/processed/cif/pretrain_000134.cif,TAM
pretrain_000135,CoHC4O3,HF_COREMOF_GCMC,/home/rakeyma/Tüm_çalışmalar/MOF Radyoaktif Gaz Adsorpsiyonu/data/processed/cif/pretrain_000135.cif,CoHC4O3,False,False,-0.3016874469803596,0.2027223446159727,0.2408156049896382,3.3889723538711354e+25,4.025789210541387e+25,3.325674945771934,1.829121220174564,1.1879085428191327,54,4,8.444444444444445,0.688888888888889,0.5829397481729994,0.1111111111111111,KAYNAK_VERISI,/home/rakeyma/Tüm_çalışmalar/MOF Radyoaktif Gaz Adsorpsiyonu/data/processed/cif/pretrain_000135.cif,TAM
pretrain_000136,YH4(CO2)4,HF_COREMOF_GCMC,/home/rakeyma/Tüm_çalışmalar/MOF Radyoaktif Gaz Adsorpsiyonu/data/processed/cif/pretrain_000136.cif,YH4(CO2)4,False,False,-0.2927306989086387,0.0290600682297266,0.05,1.224155585179548e+25,2.1062503630451072e+25,1.5,1.2,1.7205740745251603,34,4,7.705882352941177,0.6117647058823531,0.7949017234853627,0.0588235294117647,KAYNAK_VERISI,/home/rakeyma/Tüm_çalışmalar/MOF Radyoaktif Gaz Adsorpsiyonu/data/processed/cif/pretrain_000136.cif,TAM
pretrain_000137,LiH4C6NO2,HF_COREMOF_GCMC,/home/rakeyma/Tüm_çalışmalar/MOF Radyoaktif Gaz Adsorpsiyonu/data/processed/cif/pretrain_000137.cif,LiH4C6NO2,False,False,-0.2825271100948334,0.0494461371087052,0.05,1.275812609503011e+25,1.290103417682752e+25,1.5,1.2,1.0112013379341875,56,5,4.714285714285714,0.6071428571428571,0.84395260530435,0.0714285714285714,KAYNAK_VERISI,/home/rakeyma/Tüm_çalışmalar/MOF Radyoaktif Gaz Adsorpsiyonu/data/processed/cif/pretrain_000137.cif,TAM
pretrain_000138,CoHC4O3,HF_COREMOF_GCMC,/home/rakeyma/Tüm_çalışmalar/MOF Radyoaktif Gaz Adsorpsiyonu/data/processed/cif/pretrain_000138.cif,CoHC4O3,False,False,-0.3016874469803596,0.2027223446159727,0.2408156049896382,3.3889723538711354e+25,4.025789210541387e+25,3.325674945771934,1.829121220174564,1.1879085428191327,54,4,8.444444444444445,0.688888888888889,0.5829397481729994,0.1111111111111111,KAYNAK_VERISI,/home/rakeyma/Tüm_çalışmalar/MOF Radyoaktif Gaz Adsorpsiyonu/data/processed/cif/pretrain_000138.cif,TAM
pretrain_000139,TbH8C8(NO3)2,HF_COREMOF_GCMC,/home/rakeyma/Tüm_çalışmalar/MOF Radyoaktif Gaz Adsorpsiyonu/data/processed/cif/pretrain_000139.cif,TbH8C8(NO3)2,False,False,-0.4850084406581334,0.0248116621265863,0.05,8.506364654357456e+24,1.714186782602257e+25,1.6927034589673409,1.2,2.015181399170503,50,5,7.32,0.5700000000000001,0.8027353237524806,0.04,KAYNAK_VERISI,/home/rakeyma/Tüm_çalışmalar/MOF Radyoaktif Gaz Adsorpsiyonu/data/processed/cif/pretrain_000139.cif,TAM
pretrain_000140,PrC15NO6,HF_COREMOF_GCMC,/home/rakeyma/Tüm_çalışmalar/MOF Radyoaktif Gaz Adsorpsiyonu/data/processed/cif/pretrain_000140.cif,PrC15NO6,False,False,-0.4550266369819142,0.0339311027795692,0.05,7.638365937384501e+24,1.125569950821604e+25,2.1533334623322977,1.2,1.4735742697436376,46,4,8.869565217391305,0.7217391304347828,0.872954752550211,0.0434782608695652,KAYNAK_VERISI,/home/rakeyma/Tüm_çalışmalar/MOF Radyoaktif Gaz Adsorpsiyonu/data/processed/cif/pretrain_000140.cif,TAM
pretrain_000141,Cd(CO2)4,HF_COREMOF_GCMC,/home/rakeyma/Tüm_çalışmalar/MOF Radyoaktif Gaz Adsorpsiyonu/data/processed/cif/pretrain_000141.cif,Cd(CO2)4,False,False,-0.2440178580712028,0.0704500841992481,0.1217583836549003,1.3898865619909783e+25,2.402131142569935e+25,3.029836813613426,1.6664102474873843,1.7282929472524298,52,3,10.461538461538462,0.703846153846154,0.7144695001654492,0.0769230769230769,KAYNAK_VERISI,/home/rakeyma/Tüm_çalışmalar/MOF Radyoaktif Gaz Adsorpsiyonu/data/processed/cif/pretrain_000141.cif,TAM
pretrain_000142,CuH8(C2N)4,HF_COREMOF_GCMC,/home/rakeyma/Tüm_çalışmalar/MOF Radyoaktif Gaz Adsorpsiyonu/data/processed/cif/pretrain_000142.cif,CuH8(C2N)4,False,False,-0.3056875989210758,0.042948601503697,0.05,1.4717735090892117e+25,1.7134126113076357e+25,2.108388495984552,1.2,1.1641822608751529,42,4,5.380952380952381,0.5499999999999998,0.4242861652234256,0.0476190476190476,KAYNAK_VERISI,/home/rakeyma/Tüm_çalışmalar/MOF Radyoaktif Gaz Adsorpsiyonu/data/processed/cif/pretrain_000142.cif,TAM
pretrain_000143,CoHC4O3,HF_COREMOF_GCMC,/home/rakeyma/Tüm_çalışmalar/MOF Radyoaktif Gaz Adsorpsiyonu/data/processed/cif/pretrain_000143.cif,CoHC4O3,False,False,-0.3016874469803596,0.2027223446159727,0.2408156049896382,3.3889723538711354e+25,4.025789210541387e+25,3.325674945771934,1.829121220174564,1.1879085428191327,54,4,8.444444444444445,0.688888888888889,0.5829397481729994,0.1111111111111111,KAYNAK_VERISI,/home/rakeyma/Tüm_çalışmalar/MOF Radyoaktif Gaz Adsorpsiyonu/data/processed/cif/pretrain_000143.cif,TAM
pretrain_000144,Ho(CO2)4,HF_COREMOF_GCMC,/home/rakeyma/Tüm_çalışmalar/MOF Radyoaktif Gaz Adsorpsiyonu/data/processed/cif/pretrain_000144.cif,Ho(CO2)4,False,False,-0.4785943460144064,0.149978361712225,0.2528167403047898,2.441413362038037e+25,4.115461463109865e+25,4.837021143375599,2.66036162885658,1.6856881047273249,52,3,11.923076923076923,0.7192307692307693,0.9079035680560402,0.0769230769230769,KAYNAK_VERISI,/home/rakeyma/Tüm_çalışmalar/MOF Radyoaktif Gaz Adsorpsiyonu/data/processed/cif/pretrain_000144.cif,TAM
pretrain_000145,YH4(CO2)4,HF_COREMOF_GCMC,/home/rakeyma/Tüm_çalışmalar/MOF Radyoaktif Gaz Adsorpsiyonu/data/processed/cif/pretrain_000145.cif,YH4(CO2)4,False,False,-0.2927306989086387,0.0290600682297266,0.05,1.224155585179548e+25,2.1062503630451072e+25,1.5,1.2,1.7205740745251603,34,4,7.705882352941177,0.6117647058823531,0.7949017234853627,0.0588235294117647,KAYNAK_VERISI,/home/rakeyma/Tüm_çalışmalar/MOF Radyoaktif Gaz Adsorpsiyonu/data/processed/cif/pretrain_000145.cif,TAM
pretrain_000146,CuHC4O3,HF_COREMOF_GCMC,/home/rakeyma/Tüm_çalışmalar/MOF Radyoaktif Gaz Adsorpsiyonu/data/processed/cif/pretrain_000146.cif,CuHC4O3,False,False,-0.205978546369902,0.143063613898343,0.189134943314022,2.5852239851953995e+25,3.417753673141659e+25,2.7268008935398664,1.4997404914469266,1.3220338712288924,54,4,8.666666666666666,0.688888888888889,0.577510822409416,0.1111111111111111,KAYNAK_VERISI,/home/rakeyma/Tüm_çalışmalar/MOF Radyoaktif Gaz Adsorpsiyonu/data/processed/cif/pretrain_000146.cif,TAM
pretrain_000147,Ho(CO2)4,HF_COREMOF_GCMC,/home/rakeyma/Tüm_çalışmalar/MOF Radyoaktif Gaz Adsorpsiyonu/data/processed/cif/pretrain_000147.cif,Ho(CO2)4,False,False,-0.4785943460144064,0.149978361712225,0.2528167403047898,2.441413362038037e+25,4.115461463109865e+25,4.837021143375599,2.66036162885658,1.6856881047273249,52,3,11.923076923076923,0.7192307692307693,0.9079035680560402,0.0769230769230769,KAYNAK_VERISI,/home/rakeyma/Tüm_çalışmalar/MOF Radyoaktif Gaz Adsorpsiyonu/data/processed/cif/pretrain_000147.cif,TAM
pretrain_000148,ZnH3(CO2)3,HF_COREMOF_GCMC,/home/rakeyma/Tüm_çalışmalar/MOF Radyoaktif Gaz Adsorpsiyonu/data/processed/cif/pretrain_000148.cif,ZnH3(CO2)3,False,False,-0.2426909561838627,0.0521053986633498,0.079530739606193,1.3063331714848035e+25,1.993913221383093e+25,2.354517765567317,1.2949847710620246,1.5263435583716922,52,4,7.615384615384615,0.6000000000000001,0.6504229393248673,0.0769230769230769,KAYNAK_VERISI,/home/rakeyma/Tüm_çalışmalar/MOF Radyoaktif Gaz Adsorpsiyonu/data/processed/cif/pretrain_000148.cif,TAM
pretrain_000149,CoPC3NO3,HF_COREMOF_GCMC,/home/rakeyma/Tüm_çalışmalar/MOF Radyoaktif Gaz Adsorpsiyonu/data/processed/cif/pretrain_000149.cif,CoPC3NO3,False,False,-0.339007787587708,0.1898965143943221,0.2483097013590397,2.900170840812462e+25,3.792278956089516e+25,3.13185845514548,1.722522150330014,1.3076053668021623,54,5,10.11111111111111,0.7666666666666667,0.5632406235349152,0.1111111111111111,KAYNAK_VERISI,/home/rakeyma/Tüm_çalışmalar/MOF Radyoaktif Gaz Adsorpsiyonu/data/processed/cif/pretrain_000149.cif,TAM
pretrain_000150,CoHC4O3,HF_COREMOF_GCMC,/home/rakeyma/Tüm_çalışmalar/MOF Radyoaktif Gaz Adsorpsiyonu/data/processed/cif/pretrain_000150.cif,CoHC4O3,False,False,-0.3016874469803596,0.2027223446159727,0.2408156049896382,3.3889723538711354e+25,4.025789210541387e+25,3.325674945771934,1.829121220174564,1.1879085428191327,54,4,8.444444444444445,0.688888888888889,0.5829397481729994,0.1111111111111111,KAYNAK_VERISI,/home/rakeyma/Tüm_çalışmalar/MOF Radyoaktif Gaz Adsorpsiyonu/data/processed/cif/pretrain_000150.cif,TAM
pretrain_000151,Ho(CO2)4,HF_COREMOF_GCMC,/home/rakeyma/Tüm_çalışmalar/MOF Radyoaktif Gaz Adsorpsiyonu/data/processed/cif/pretrain_000151.cif,Ho(CO2)4,False,False,-0.4785943460144064,0.149978361712225,0.2528167403047898,2.441413362038037e+25,4.115461463109865e+25,4.837021143375599,2.66036162885658,1.6856881047273249,52,3,11.923076923076923,0.7192307692307693,0.9079035680560402,0.0769230769230769,KAYNAK_VERISI,/home/rakeyma/Tüm_çalışmalar/MOF Radyoaktif Gaz Adsorpsiyonu/data/processed/cif/pretrain_000151.cif,TAM
pretrain_000152,MgHC4O3,HF_COREMOF_GCMC,/home/rakeyma/Tüm_çalışmalar/MOF Radyoaktif Gaz Adsorpsiyonu/data/processed/cif/pretrain_000152.cif,MgHC4O3,False,False,-0.3313131240628077,0.3302806347162024,0.3021580445778375,5.465608757842059e+25,5.000225508577311e+25,3.7153482452248734,2.0434415348736805,0.9148524400695502,54,4,6.777777777777778,0.7055555555555557,0.7631677404083587,0.1111111111111111,KAYNAK_VERISI,/home/rakeyma/Tüm_çalışmalar/MOF Radyoaktif Gaz Adsorpsiyonu/data/processed/cif/pretrain_000152.cif,TAM
pretrain_000153,CoHC4O3,HF_COREMOF_GCMC,/home/rakeyma/Tüm_çalışmalar/MOF Radyoaktif Gaz Adsorpsiyonu/data/processed/cif/pretrain_000153.cif,CoHC4O3,False,False,-0.3016874469803596,0.2027223446159727,0.2408156049896382,3.3889723538711354e+25,4.025789210541387e+25,3.325674945771934,1.829121220174564,1.1879085428191327,54,4,8.444444444444445,0.688888888888889,0.5829397481729994,0.1111111111111111,KAYNAK_VERISI,/home/rakeyma/Tüm_çalışmalar/MOF Radyoaktif Gaz Adsorpsiyonu/data/processed/cif/pretrain_000153.cif,TAM
pretrain_000154,Ho(CO2)4,HF_COREMOF_GCMC,/home/rakeyma/Tüm_çalışmalar/MOF Radyoaktif Gaz Adsorpsiyonu/data/processed/cif/pretrain_000154.cif,Ho(CO2)4,False,False,-0.4785943460144064,0.149978361712225,0.2528167403047898,2.441413362038037e+25,4.115461463109865e+25,4.837021143375599,2.66036162885658,1.6856881047273249,52,3,11.923076923076923,0.7192307692307693,0.9079035680560402,0.0769230769230769,KAYNAK_VERISI,/home/rakeyma/Tüm_çalışmalar/MOF Radyoaktif Gaz Adsorpsiyonu/data/processed/cif/pretrain_000154.cif,TAM
pretrain_000155,Ho(CO2)4,HF_COREMOF_GCMC,/home/rakeyma/Tüm_çalışmalar/MOF Radyoaktif Gaz Adsorpsiyonu/data/processed/cif/pretrain_000155.cif,Ho(CO2)4,False,False,-0.4785943460144064,0.149978361712225,0.2528167403047898,2.441413362038037e+25,4.115461463109865e+25,4.837021143375599,2.66036162885658,1.6856881047273249,52,3,11.923076923076923,0.7192307692307693,0.9079035680560402,0.0769230769230769,KAYNAK_VERISI,/home/rakeyma/Tüm_çalışmalar/MOF Radyoaktif Gaz Adsorpsiyonu/data/processed/cif/pretrain_000155.cif,TAM
pretrain_000156,NiHC4O3,HF_COREMOF_GCMC,/home/rakeyma/Tüm_çalışmalar/MOF Radyoaktif Gaz Adsorpsiyonu/data/processed/cif/pretrain_000156.cif,NiHC4O3,False,False,-0.2570724659739856,0.2000992228064236,0.2398027209201443,3.3799141657058997e+25,4.050553530619685e+25,3.3039826906252547,1.8171904798438905,1.1984190520926208,54,4,8.555555555555555,0.688888888888889,0.5748260606479145,0.1111111111111111,KAYNAK_VERISI,/home/rakeyma/Tüm_çalışmalar/MOF Radyoaktif Gaz Adsorpsiyonu/data/processed/cif/pretrain_000156.cif,TAM
pretrain_000157,CoHC4O3,HF_COREMOF_GCMC,/home/rakeyma/Tüm_çalışmalar/MOF Radyoaktif Gaz Adsorpsiyonu/data/processed/cif/pretrain_000157.cif,CoHC4O3,False,False,-0.3016874469803596,0.2027223446159727,0.2408156049896382,3.3889723538711354e+25,4.025789210541387e+25,3.325674945771934,1.829121220174564,1.1879085428191327,54,4,8.444444444444445,0.688888888888889,0.5829397481729994,0.1111111111111111,KAYNAK_VERISI,/home/rakeyma/Tüm_çalışmalar/MOF Radyoaktif Gaz Adsorpsiyonu/data/processed/cif/pretrain_000157.cif,TAM
pretrain_000158,CoHC4O3,HF_COREMOF_GCMC,/home/rakeyma/Tüm_çalışmalar/MOF Radyoaktif Gaz Adsorpsiyonu/data/processed/cif/pretrain_000158.cif,CoHC4O3,False,False,-0.3016874469803596,0.2027223446159727,0.2408156049896382,3.3889723538711354e+25,4.025789210541387e+25,3.325674945771934,1.829121220174564,1.1879085428191327,54,4,8.444444444444445,0.688888888888889,0.5829397481729994,0.1111111111111111,KAYNAK_VERISI,/home/rakeyma/Tüm_çalışmalar/MOF Radyoaktif Gaz Adsorpsiyonu/data/processed/cif/pretrain_000158.cif,TAM
pretrain_000159,Ho(CO2)4,HF_COREMOF_GCMC,/home/rakeyma/Tüm_çalışmalar/MOF Radyoaktif Gaz Adsorpsiyonu/data/processed/cif/pretrain_000159.cif,Ho(CO2)4,False,False,-0.4785943460144064,0.149978361712225,0.2528167403047898,2.441413362038037e+25,4.115461463109865e+25,4.837021143375599,2.66036162885658,1.6856881047273249,52,3,11.923076923076923,0.7192307692307693,0.9079035680560402,0.0769230769230769,KAYNAK_VERISI,/home/rakeyma/Tüm_çalışmalar/MOF Radyoaktif Gaz Adsorpsiyonu/data/processed/cif/pretrain_000159.cif,TAM
pretrain_000160,MgPHCO6,HF_COREMOF_GCMC,/home/rakeyma/Tüm_çalışmalar/MOF Radyoaktif Gaz Adsorpsiyonu/data/processed/cif/pretrain_000160.cif,MgPHCO6,False,False,-0.3514950327118205,0.0918349361792421,0.1349985755511485,2.705562218012952e+25,3.977212384444526e+25,1.9888527039069892,1.2,1.4700132778190231,40,5,8.2,0.7050000000000001,0.6865974075103983,0.1,KAYNAK_VERISI,/home/rakeyma/Tüm_çalışmalar/MOF Radyoaktif Gaz Adsorpsiyonu/data/processed/cif/pretrain_000160.cif,TAM
pretrain_000161,PrH4(C3O4)2,HF_COREMOF_GCMC,/home/rakeyma/Tüm_çalışmalar/MOF Radyoaktif Gaz Adsorpsiyonu/data/processed/cif/pretrain_000161.cif,PrH4(C3O4)2,False,False,-0.2932541461957817,0.0269234116356386,0.05,6.362688521709699e+24,1.1816274638254576e+25,2.2767644146902857,1.2522204280796572,1.8571197690940024,57,4,8.578947368421053,0.6236842105263158,0.8272544953035915,0.0526315789473684,KAYNAK_VERISI,/home/rakeyma/Tüm_çalışmalar/MOF Radyoaktif Gaz Adsorpsiyonu/data/processed/cif/pretrain_000161.cif,TAM
pretrain_000162,FeHC4O3,HF_COREMOF_GCMC,/home/rakeyma/Tüm_çalışmalar/MOF Radyoaktif Gaz Adsorpsiyonu/data/processed/cif/pretrain_000162.cif,FeHC4O3,False,False,-0.2934595702585894,0.2132917425616269,0.2442162494471299,3.5062473095194724e+25,4.014607210204248e+25,3.366864725510025,1.8517755990305145,1.144986892197985,54,4,8.333333333333334,0.6944444444444445,0.5968458762528228,0.1111111111111111,KAYNAK_VERISI,/home/rakeyma/Tüm_çalışmalar/MOF Radyoaktif Gaz Adsorpsiyonu/data/processed/cif/pretrain_000162.cif,TAM
pretrain_000163,CoHC4O3,HF_COREMOF_GCMC,/home/rakeyma/Tüm_çalışmalar/MOF Radyoaktif Gaz Adsorpsiyonu/data/processed/cif/pretrain_000163.cif,CoHC4O3,False,False,-0.3016874469803596,0.2027223446159727,0.2408156049896382,3.3889723538711354e+25,4.025789210541387e+25,3.325674945771934,1.829121220174564,1.1879085428191327,54,4,8.444444444444445,0.688888888888889,0.5829397481729994,0.1111111111111111,KAYNAK_VERISI,/home/rakeyma/Tüm_çalışmalar/MOF Radyoaktif Gaz Adsorpsiyonu/data/processed/cif/pretrain_000163.cif,TAM
pretrain_000164,TbH8C8(NO3)2,HF_COREMOF_GCMC,/home/rakeyma/Tüm_çalışmalar/MOF Radyoaktif Gaz Adsorpsiyonu/data/processed/cif/pretrain_000164.cif,TbH8C8(NO3)2,False,False,-0.4850084406581334,0.0248116621265863,0.05,8.506364654357456e+24,1.714186782602257e+25,1.6927034589673409,1.2,2.015181399170503,50,5,7.32,0.5700000000000001,0.8027353237524806,0.04,KAYNAK_VERISI,/home/rakeyma/Tüm_çalışmalar/MOF Radyoaktif Gaz Adsorpsiyonu/data/processed/cif/pretrain_000164.cif,TAM
pretrain_000165,CoHC4O3,HF_COREMOF_GCMC,/home/rakeyma/Tüm_çalışmalar/MOF Radyoaktif Gaz Adsorpsiyonu/data/processed/cif/pretrain_000165.cif,CoHC4O3,False,False,-0.3016874469803596,0.2027223446159727,0.2408156049896382,3.3889723538711354e+25,4.025789210541387e+25,3.325674945771934,1.829121220174564,1.1879085428191327,54,4,8.444444444444445,0.688888888888889,0.5829397481729994,0.1111111111111111,KAYNAK_VERISI,/home/rakeyma/Tüm_çalışmalar/MOF Radyoaktif Gaz Adsorpsiyonu/data/processed/cif/pretrain_000165.cif,TAM
pretrain_000166,TbH8C8(NO3)2,HF_COREMOF_GCMC,/home/rakeyma/Tüm_çalışmalar/MOF Radyoaktif Gaz Adsorpsiyonu/data/processed/cif/pretrain_000166.cif,TbH8C8(NO3)2,False,False,-0.4850084406581334,0.0248116621265863,0.05,8.506364654357456e+24,1.714186782602257e+25,1.6927034589673409,1.2,2.015181399170503,50,5,7.32,0.5700000000000001,0.8027353237524806,0.04,KAYNAK_VERISI,/home/rakeyma/Tüm_çalışmalar/MOF Radyoaktif Gaz Adsorpsiyonu/data/processed/cif/pretrain_000166.cif,TAM
pretrain_000167,LaC12(ClO)6,HF_COREMOF_GCMC,/home/rakeyma/Tüm_çalışmalar/MOF Radyoaktif Gaz Adsorpsiyonu/data/processed/cif/pretrain_000167.cif,LaC12(ClO)6,False,False,-0.5688211219557444,0.0278556086912823,0.05,5.564325439575443e+24,9.987800843348366e+24,1.9871936116040632,1.2,1.7949706486093728,50,4,11.16,0.7979999999999999,0.90361427058231,0.04,KAYNAK_VERISI,/home/rakeyma/Tüm_çalışmalar/MOF Radyoaktif Gaz Adsorpsiyonu/data/processed/cif/pretrain_000167.cif,TAM
pretrain_000168,CoHC4O3,HF_COREMOF_GCMC,/home/rakeyma/Tüm_çalışmalar/MOF Radyoaktif Gaz Adsorpsiyonu/data/processed/cif/pretrain_000168.cif,CoHC4O3,False,False,-0.3016874469803596,0.2027223446159727,0.2408156049896382,3.3889723538711354e+25,4.025789210541387e+25,3.325674945771934,1.829121220174564,1.1879085428191327,54,4,8.444444444444445,0.688888888888889,0.5829397481729994,0.1111111111111111,KAYNAK_VERISI,/home/rakeyma/Tüm_çalışmalar/MOF Radyoaktif Gaz Adsorpsiyonu/data/processed/cif/pretrain_000168.cif,TAM
pretrain_000169,CoHC4O3,HF_COREMOF_GCMC,/home/rakeyma/Tüm_çalışmalar/MOF Radyoaktif Gaz Adsorpsiyonu/data/processed/cif/pretrain_000169.cif,CoHC4O3,False,False,-0.3016874469803596,0.2027223446159727,0.2408156049896382,3.3889723538711354e+25,4.025789210541387e+25,3.325674945771934,1.829121220174564,1.1879085428191327,54,4,8.444444444444445,0.688888888888889,0.5829397481729994,0.1111111111111111,KAYNAK_VERISI,/home/rakeyma/Tüm_çalışmalar/MOF Radyoaktif Gaz Adsorpsiyonu/data/processed/cif/pretrain_000169.cif,TAM
pretrain_000170,CoHC4O3,HF_COREMOF_GCMC,/home/rakeyma/Tüm_çalışmalar/MOF Radyoaktif Gaz Adsorpsiyonu/data/processed/cif/pretrain_000170.cif,CoHC4O3,False,False,-0.3016874469803596,0.2027223446159727,0.2408156049896382,3.3889723538711354e+25,4.025789210541387e+25,3.325674945771934,1.829121220174564,1.1879085428191327,54,4,8.444444444444445,0.688888888888889,0.5829397481729994,0.1111111111111111,KAYNAK_VERISI,/home/rakeyma/Tüm_çalışmalar/MOF Radyoaktif Gaz Adsorpsiyonu/data/processed/cif/pretrain_000170.cif,TAM
pretrain_000171,Ho(CO2)4,HF_COREMOF_GCMC,/home/rakeyma/Tüm_çalışmalar/MOF Radyoaktif Gaz Adsorpsiyonu/data/processed/cif/pretrain_000171.cif,Ho(CO2)4,False,False,-0.4785943460144064,0.149978361712225,0.2528167403047898,2.441413362038037e+25,4.115461463109865e+25,4.837021143375599,2.66036162885658,1.6856881047273249,52,3,11.923076923076923,0.7192307692307693,0.9079035680560402,0.0769230769230769,KAYNAK_VERISI,/home/rakeyma/Tüm_çalışmalar/MOF Radyoaktif Gaz Adsorpsiyonu/data/processed/cif/pretrain_000171.cif,TAM
pretrain_000172,AlH5C8O5,HF_COREMOF_GCMC,/home/rakeyma/Tüm_çalışmalar/MOF Radyoaktif Gaz Adsorpsiyonu/data/processed/cif/pretrain_000172.cif,AlH5C8O5,False,False,-0.2158044738518941,0.2014257230743021,0.192406380937295,6.088620349570138e+25,5.815987096791099e+25,2.9266162052360323,1.609638912879818,0.955222490954246,38,4,5.578947368421052,0.5842105263157897,0.6629856710367125,0.0526315789473684,KAYNAK_VERISI,/home/rakeyma/Tüm_çalışmalar/MOF Radyoaktif Gaz Adsorpsiyonu/data/processed/cif/pretrain_000172.cif,TAM
pretrain_000173,ErH4(CO2)4,HF_COREMOF_GCMC,/home/rakeyma/Tüm_çalışmalar/MOF Radyoaktif Gaz Adsorpsiyonu/data/processed/cif/pretrain_000173.cif,ErH4(CO2)4,False,False,-0.2729219457086594,0.0236006670386222,0.05,9.4800095235009e+24,2.008419827284324e+25,1.5,1.2,2.118584187395024,34,4,9.411764705882351,0.6088235294117648,0.7877935960643498,0.0588235294117647,KAYNAK_VERISI,/home/rakeyma/Tüm_çalışmalar/MOF Radyoaktif Gaz Adsorpsiyonu/data/processed/cif/pretrain_000173.cif,TAM
pretrain_000174,CaH2C6SO4,HF_COREMOF_GCMC,/home/rakeyma/Tüm_çalışmalar/MOF Radyoaktif Gaz Adsorpsiyonu/data/processed/cif/pretrain_000174.cif,CaH2C6SO4,False,False,-0.3754845406747163,0.132965125171724,0.1469094674768295,2.301038405955142e+25,2.542353315773737e+25,2.512834216837471,1.3820588192606091,1.1048721782279105,56,5,7.571428571428571,0.7071428571428571,0.7906857782962837,0.0714285714285714,KAYNAK_VERISI,/home/rakeyma/Tüm_çalışmalar/MOF Radyoaktif Gaz Adsorpsiyonu/data/processed/cif/pretrain_000174.cif,TAM
pretrain_000175,CoHC4O3,HF_COREMOF_GCMC,/home/rakeyma/Tüm_çalışmalar/MOF Radyoaktif Gaz Adsorpsiyonu/data/processed/cif/pretrain_000175.cif,CoHC4O3,False,False,-0.3016874469803596,0.2027223446159727,0.2408156049896382,3.3889723538711354e+25,4.025789210541387e+25,3.325674945771934,1.829121220174564,1.1879085428191327,54,4,8.444444444444445,0.688888888888889,0.5829397481729994,0.1111111111111111,KAYNAK_VERISI,/home/rakeyma/Tüm_çalışmalar/MOF Radyoaktif Gaz Adsorpsiyonu/data/processed/cif/pretrain_000175.cif,TAM
pretrain_000176,CoPC3NO3,HF_COREMOF_GCMC,/home/rakeyma/Tüm_çalışmalar/MOF Radyoaktif Gaz Adsorpsiyonu/data/processed/cif/pretrain_000176.cif,CoPC3NO3,False,False,-0.339007787587708,0.1898965143943221,0.2483097013590397,2.900170840812462e+25,3.792278956089516e+25,3.13185845514548,1.722522150330014,1.3076053668021623,54,5,10.11111111111111,0.7666666666666667,0.5632406235349152,0.1111111111111111,KAYNAK_VERISI,/home/rakeyma/Tüm_çalışmalar/MOF Radyoaktif Gaz Adsorpsiyonu/data/processed/cif/pretrain_000176.cif,TAM
pretrain_000177,MgPHCO6,HF_COREMOF_GCMC,/home/rakeyma/Tüm_çalışmalar/MOF Radyoaktif Gaz Adsorpsiyonu/data/processed/cif/pretrain_000177.cif,MgPHCO6,False,False,-0.3514950327118205,0.0918349361792421,0.1349985755511485,2.705562218012952e+25,3.977212384444526e+25,1.9888527039069892,1.2,1.4700132778190231,40,5,8.2,0.7050000000000001,0.6865974075103983,0.1,KAYNAK_VERISI,/home/rakeyma/Tüm_çalışmalar/MOF Radyoaktif Gaz Adsorpsiyonu/data/processed/cif/pretrain_000177.cif,TAM
pretrain_000178,EuH6C12(SO2)3,HF_COREMOF_GCMC,/home/rakeyma/Tüm_çalışmalar/MOF Radyoaktif Gaz Adsorpsiyonu/data/processed/cif/pretrain_000178.cif,EuH6C12(SO2)3,False,False,-0.412201563334197,0.2020466797093128,0.2504674305847825,3.336664515864815e+25,4.136300528246477e+25,5.079742204819134,2.793858212650524,1.2396513070402009,56,5,8.464285714285714,0.6553571428571429,0.7233698915492681,0.0357142857142857,KAYNAK_VERISI,/home/rakeyma/Tüm_çalışmalar/MOF Radyoaktif Gaz Adsorpsiyonu/data/processed/cif/pretrain_000178.cif,TAM
pretrain_000179,CuH2C8N4(OF)2,HF_COREMOF_GCMC,/home/rakeyma/Tüm_çalışmalar/MOF Radyoaktif Gaz Adsorpsiyonu/data/processed/cif/pretrain_000179.cif,CuH2C8N4(OF)2,False,False,-0.4599689216924911,0.0621677291567671,0.0835469979729396,1.912563937552424e+25,2.57028811541231e+25,2.076788150348894,1.2,1.3438965699110683,38,6,7.421052631578948,0.6447368421052632,0.7160171475289928,0.0526315789473684,KAYNAK_VERISI,/home/rakeyma/Tüm_çalışmalar/MOF Radyoaktif Gaz Adsorpsiyonu/data/processed/cif/pretrain_000179.cif,TAM
pretrain_000180,CrH5C8O5,HF_COREMOF_GCMC,/home/rakeyma/Tüm_çalışmalar/MOF Radyoaktif Gaz Adsorpsiyonu/data/processed/cif/pretrain_000180.cif,CrH5C8O5,False,False,-0.1996028447800176,0.1778915238091704,0.1853408484497416,5.2356922155067925e+25,5.454940272953646e+25,2.9326498508797854,1.612957417983882,1.0418756581598696,38,4,6.157894736842105,0.5921052631578949,0.647316576336494,0.0526315789473684,KAYNAK_VERISI,/home/rakeyma/Tüm_çalışmalar/MOF Radyoaktif Gaz Adsorpsiyonu/data/processed/cif/pretrain_000180.cif,TAM
pretrain_000181,Ho(CO2)4,HF_COREMOF_GCMC,/home/rakeyma/Tüm_çalışmalar/MOF Radyoaktif Gaz Adsorpsiyonu/data/processed/cif/pretrain_000181.cif,Ho(CO2)4,False,False,-0.4785943460144064,0.149978361712225,0.2528167403047898,2.441413362038037e+25,4.115461463109865e+25,4.837021143375599,2.66036162885658,1.6856881047273249,52,3,11.923076923076923,0.7192307692307693,0.9079035680560402,0.0769230769230769,KAYNAK_VERISI,/home/rakeyma/Tüm_çalışmalar/MOF Radyoaktif Gaz Adsorpsiyonu/data/processed/cif/pretrain_000181.cif,TAM
pretrain_000182,MgPHCO6,HF_COREMOF_GCMC,/home/rakeyma/Tüm_çalışmalar/MOF Radyoaktif Gaz Adsorpsiyonu/data/processed/cif/pretrain_000182.cif,MgPHCO6,False,False,-0.3514950327118205,0.0918349361792421,0.1349985755511485,2.705562218012952e+25,3.977212384444526e+25,1.9888527039069892,1.2,1.4700132778190231,40,5,8.2,0.7050000000000001,0.6865974075103983,0.1,KAYNAK_VERISI,/home/rakeyma/Tüm_çalışmalar/MOF Radyoaktif Gaz Adsorpsiyonu/data/processed/cif/pretrain_000182.cif,TAM
pretrain_000183,CoHC4O3,HF_COREMOF_GCMC,/home/rakeyma/Tüm_çalışmalar/MOF Radyoaktif Gaz Adsorpsiyonu/data/processed/cif/pretrain_000183.cif,CoHC4O3,False,False,-0.3016874469803596,0.2027223446159727,0.2408156049896382,3.3889723538711354e+25,4.025789210541387e+25,3.325674945771934,1.829121220174564,1.1879085428191327,54,4,8.444444444444445,0.688888888888889,0.5829397481729994,0.1111111111111111,KAYNAK_VERISI,/home/rakeyma/Tüm_çalışmalar/MOF Radyoaktif Gaz Adsorpsiyonu/data/processed/cif/pretrain_000183.cif,TAM
pretrain_000184,MgPHCO6,HF_COREMOF_GCMC,/home/rakeyma/Tüm_çalışmalar/MOF Radyoaktif Gaz Adsorpsiyonu/data/processed/cif/pretrain_000184.cif,MgPHCO6,False,False,-0.3514950327118205,0.0918349361792421,0.1349985755511485,2.705562218012952e+25,3.977212384444526e+25,1.9888527039069892,1.2,1.4700132778190231,40,5,8.2,0.7050000000000001,0.6865974075103983,0.1,KAYNAK_VERISI,/home/rakeyma/Tüm_çalışmalar/MOF Radyoaktif Gaz Adsorpsiyonu/data/processed/cif/pretrain_000184.cif,TAM
pretrain_000185,MgPHCO6,HF_COREMOF_GCMC,/home/rakeyma/Tüm_çalışmalar/MOF Radyoaktif Gaz Adsorpsiyonu/data/processed/cif/pretrain_000185.cif,MgPHCO6,False,False,-0.3514950327118205,0.0918349361792421,0.1349985755511485,2.705562218012952e+25,3.977212384444526e+25,1.9888527039069892,1.2,1.4700132778190231,40,5,8.2,0.7050000000000001,0.6865974075103983,0.1,KAYNAK_VERISI,/home/rakeyma/Tüm_çalışmalar/MOF Radyoaktif Gaz Adsorpsiyonu/data/processed/cif/pretrain_000185.cif,TAM
pretrain_000186,UH2(C5O4)2,HF_COREMOF_GCMC,/home/rakeyma/Tüm_çalışmalar/MOF Radyoaktif Gaz Adsorpsiyonu/data/processed/cif/pretrain_000186.cif,UH2(C5O4)2,False,False,-0.1949030575478053,0.1474609397668808,0.2330971396495256,3.1446031398414465e+25,4.970794288906241e+25,4.551368288254971,2.5032525585402343,1.5807381942501246,42,4,10.38095238095238,0.6690476190476191,0.7389646473275971,0.0476190476190476,KAYNAK_VERISI,/home/rakeyma/Tüm_çalışmalar/MOF Radyoaktif Gaz Adsorpsiyonu/data/processed/cif/pretrain_000186.cif,TAM
pretrain_000187,ZnH3(CO2)3,HF_COREMOF_GCMC,/home/rakeyma/Tüm_çalışmalar/MOF Radyoaktif Gaz Adsorpsiyonu/data/processed/cif/pretrain_000187.cif,ZnH3(CO2)3,False,False,-0.2426909561838627,0.0521053986633498,0.079530739606193,1.3063331714848035e+25,1.993913221383093e+25,2.354517765567317,1.2949847710620246,1.5263435583716922,52,4,7.615384615384615,0.6000000000000001,0.6504229393248673,0.0769230769230769,KAYNAK_VERISI,/home/rakeyma/Tüm_çalışmalar/MOF Radyoaktif Gaz Adsorpsiyonu/data/processed/cif/pretrain_000187.cif,TAM
pretrain_000188,YH4(CO2)4,HF_COREMOF_GCMC,/home/rakeyma/Tüm_çalışmalar/MOF Radyoaktif Gaz Adsorpsiyonu/data/processed/cif/pretrain_000188.cif,YH4(CO2)4,False,False,-0.2927306989086387,0.0290600682297266,0.05,1.224155585179548e+25,2.1062503630451072e+25,1.5,1.2,1.7205740745251603,34,4,7.705882352941177,0.6117647058823531,0.7949017234853627,0.0588235294117647,KAYNAK_VERISI,/home/rakeyma/Tüm_çalışmalar/MOF Radyoaktif Gaz Adsorpsiyonu/data/processed/cif/pretrain_000188.cif,TAM
pretrain_000189,CoHC4O3,HF_COREMOF_GCMC,/home/rakeyma/Tüm_çalışmalar/MOF Radyoaktif Gaz Adsorpsiyonu/data/processed/cif/pretrain_000189.cif,CoHC4O3,False,False,-0.3016874469803596,0.2027223446159727,0.2408156049896382,3.3889723538711354e+25,4.025789210541387e+25,3.325674945771934,1.829121220174564,1.1879085428191327,54,4,8.444444444444445,0.688888888888889,0.5829397481729994,0.1111111111111111,KAYNAK_VERISI,/home/rakeyma/Tüm_çalışmalar/MOF Radyoaktif Gaz Adsorpsiyonu/data/processed/cif/pretrain_000189.cif,TAM
pretrain_000190,TbH8C8(NO3)2,HF_COREMOF_GCMC,/home/rakeyma/Tüm_çalışmalar/MOF Radyoaktif Gaz Adsorpsiyonu/data/processed/cif/pretrain_000190.cif,TbH8C8(NO3)2,False,False,-0.4850084406581334,0.0248116621265863,0.05,8.506364654357456e+24,1.714186782602257e+25,1.6927034589673409,1.2,2.015181399170503,50,5,7.32,0.5700000000000001,0.8027353237524806,0.04,KAYNAK_VERISI,/home/rakeyma/Tüm_çalışmalar/MOF Radyoaktif Gaz Adsorpsiyonu/data/processed/cif/pretrain_000190.cif,TAM
pretrain_000191,Ho(CO2)4,HF_COREMOF_GCMC,/home/rakeyma/Tüm_çalışmalar/MOF Radyoaktif Gaz Adsorpsiyonu/data/processed/cif/pretrain_000191.cif,Ho(CO2)4,False,False,-0.4785943460144064,0.149978361712225,0.2528167403047898,2.441413362038037e+25,4.115461463109865e+25,4.837021143375599,2.66036162885658,1.6856881047273249,52,3,11.923076923076923,0.7192307692307693,0.9079035680560402,0.0769230769230769,KAYNAK_VERISI,/home/rakeyma/Tüm_çalışmalar/MOF Radyoaktif Gaz Adsorpsiyonu/data/processed/cif/pretrain_000191.cif,TAM
pretrain_000192,ZnCrH18C14(N2O)2,HF_COREMOF_GCMC,/home/rakeyma/Tüm_çalışmalar/MOF Radyoaktif Gaz Adsorpsiyonu/data/processed/cif/pretrain_000192.cif,ZnCrH18C14(N2O)2,False,False,-0.4760620884541638,0.0960454740280064,0.1018516660070818,3.424507411877276e+25,3.6315275517469383e+25,2.2145268798608373,1.2179897839234606,1.0604525308228716,40,6,5.0,0.52125,0.6658995586589784,0.05,KAYNAK_VERISI,/home/rakeyma/Tüm_çalışmalar/MOF Radyoaktif Gaz Adsorpsiyonu/data/processed/cif/pretrain_000192.cif,TAM
pretrain_000193,CoHC4O3,HF_COREMOF_GCMC,/home/rakeyma/Tüm_çalışmalar/MOF Radyoaktif Gaz Adsorpsiyonu/data/processed/cif/pretrain_000193.cif,CoHC4O3,False,False,-0.3016874469803596,0.2027223446159727,0.2408156049896382,3.3889723538711354e+25,4.025789210541387e+25,3.325674945771934,1.829121220174564,1.1879085428191327,54,4,8.444444444444445,0.688888888888889,0.5829397481729994,0.1111111111111111,KAYNAK_VERISI,/home/rakeyma/Tüm_çalışmalar/MOF Radyoaktif Gaz Adsorpsiyonu/data/processed/cif/pretrain_000193.cif,TAM
pretrain_000194,MgPHCO6,HF_COREMOF_GCMC,/home/rakeyma/Tüm_çalışmalar/MOF Radyoaktif Gaz Adsorpsiyonu/data/processed/cif/pretrain_000194.cif,MgPHCO6,False,False,-0.3514950327118205,0.0918349361792421,0.1349985755511485,2.705562218012952e+25,3.977212384444526e+25,1.9888527039069892,1.2,1.4700132778190231,40,5,8.2,0.7050000000000001,0.6865974075103983,0.1,KAYNAK_VERISI,/home/rakeyma/Tüm_çalışmalar/MOF Radyoaktif Gaz Adsorpsiyonu/data/processed/cif/pretrain_000194.cif,TAM
pretrain_000195,CoHC4O3,HF_COREMOF_GCMC,/home/rakeyma/Tüm_çalışmalar/MOF Radyoaktif Gaz Adsorpsiyonu/data/processed/cif/pretrain_000195.cif,CoHC4O3,False,False,-0.3016874469803596,0.2027223446159727,0.2408156049896382,3.3889723538711354e+25,4.025789210541387e+25,3.325674945771934,1.829121220174564,1.1879085428191327,54,4,8.444444444444445,0.688888888888889,0.5829397481729994,0.1111111111111111,KAYNAK_VERISI,/home/rakeyma/Tüm_çalışmalar/MOF Radyoaktif Gaz Adsorpsiyonu/data/processed/cif/pretrain_000195.cif,TAM
pretrain_000196,LaC12(ClO)6,HF_COREMOF_GCMC,/home/rakeyma/Tüm_çalışmalar/MOF Radyoaktif Gaz Adsorpsiyonu/data/processed/cif/pretrain_000196.cif,LaC12(ClO)6,False,False,-0.5688211219557444,0.0278556086912823,0.05,5.564325439575443e+24,9.987800843348366e+24,1.9871936116040632,1.2,1.7949706486093728,50,4,11.16,0.7979999999999999,0.90361427058231,0.04,KAYNAK_VERISI,/home/rakeyma/Tüm_çalışmalar/MOF Radyoaktif Gaz Adsorpsiyonu/data/processed/cif/pretrain_000196.cif,TAM
pretrain_000197,Ho(CO2)4,HF_COREMOF_GCMC,/home/rakeyma/Tüm_çalışmalar/MOF Radyoaktif Gaz Adsorpsiyonu/data/processed/cif/pretrain_000197.cif,Ho(CO2)4,False,False,-0.4785943460144064,0.149978361712225,0.2528167403047898,2.441413362038037e+25,4.115461463109865e+25,4.837021143375599,2.66036162885658,1.6856881047273249,52,3,11.923076923076923,0.7192307692307693,0.9079035680560402,0.0769230769230769,KAYNAK_VERISI,/home/rakeyma/Tüm_çalışmalar/MOF Radyoaktif Gaz Adsorpsiyonu/data/processed/cif/pretrain_000197.cif,TAM
pretrain_000198,AlH5C8O5,HF_COREMOF_GCMC,/home/rakeyma/Tüm_çalışmalar/MOF Radyoaktif Gaz Adsorpsiyonu/data/processed/cif/pretrain_000198.cif,AlH5C8O5,False,False,-0.2158044738518941,0.2014257230743021,0.192406380937295,6.088620349570138e+25,5.815987096791099e+25,2.9266162052360323,1.609638912879818,0.955222490954246,38,4,5.578947368421052,0.5842105263157897,0.6629856710367125,0.0526315789473684,KAYNAK_VERISI,/home/rakeyma/Tüm_çalışmalar/MOF Radyoaktif Gaz Adsorpsiyonu/data/processed/cif/pretrain_000198.cif,TAM
pretrain_000199,MgPHCO6,HF_COREMOF_GCMC,/home/rakeyma/Tüm_çalışmalar/MOF Radyoaktif Gaz Adsorpsiyonu/data/processed/cif/pretrain_000199.cif,MgPHCO6,False,False,-0.3514950327118205,0.0918349361792421,0.1349985755511485,2.705562218012952e+25,3.977212384444526e+25,1.9888527039069892,1.2,1.4700132778190231,40,5,8.2,0.7050000000000001,0.6865974075103983,0.1,KAYNAK_VERISI,/home/rakeyma/Tüm_çalışmalar/MOF Radyoaktif Gaz Adsorpsiyonu/data/processed/cif/pretrain_000199.cif,TAM
pretrain_000200,CuH8(C2N)4,HF_COREMOF_GCMC,/home/rakeyma/Tüm_çalışmalar/MOF Radyoaktif Gaz Adsorpsiyonu/data/processed/cif/pretrain_000200.cif,CuH8(C2N)4,False,False,-0.3610565226138778,0.0464199914450388,0.0538203939291945,3.168457201349375e+25,3.6735813475175e+25,1.593554615268837,1.2,1.159422745540954,21,4,5.380952380952381,0.55,0.4242861652234256,0.0476190476190476,KAYNAK_VERISI,/home/rakeyma/Tüm_çalışmalar/MOF Radyoaktif Gaz Adsorpsiyonu/data/processed/cif/pretrain_000200.cif,TAM
pretrain_000201,CuH8(C2N)4,HF_COREMOF_GCMC,/home/rakeyma/Tüm_çalışmalar/MOF Radyoaktif Gaz Adsorpsiyonu/data/processed/cif/pretrain_000201.cif,CuH8(C2N)4,False,False,-0.3595788678012127,0.055565211083506,0.0637476421433295,3.752883638938055e+25,4.305526399621553e+25,1.7305181678393635,1.2,1.1472581656807983,21,4,5.380952380952381,0.55,0.4242861652234256,0.0476190476190476,KAYNAK_VERISI,/home/rakeyma/Tüm_çalışmalar/MOF Radyoaktif Gaz Adsorpsiyonu/data/processed/cif/pretrain_000201.cif,TAM
pretrain_000202,LaC12(ClO)6,HF_COREMOF_GCMC,/home/rakeyma/Tüm_çalışmalar/MOF Radyoaktif Gaz Adsorpsiyonu/data/processed/cif/pretrain_000202.cif,LaC12(ClO)6,False,False,-0.5688211219557444,0.0278556086912823,0.05,5.564325439575443e+24,9.987800843348366e+24,1.9871936116040632,1.2,1.7949706486093728,50,4,11.16,0.7979999999999999,0.90361427058231,0.04,KAYNAK_VERISI,/home/rakeyma/Tüm_çalışmalar/MOF Radyoaktif Gaz Adsorpsiyonu/data/processed/cif/pretrain_000202.cif,TAM
pretrain_000203,AlH5C8O5,HF_COREMOF_GCMC,/home/rakeyma/Tüm_çalışmalar/MOF Radyoaktif Gaz Adsorpsiyonu/data/processed/cif/pretrain_000203.cif,AlH5C8O5,False,False,-0.2158044738518941,0.2014257230743021,0.192406380937295,6.088620349570138e+25,5.815987096791099e+25,2.9266162052360323,1.609638912879818,0.955222490954246,38,4,5.578947368421052,0.5842105263157897,0.6629856710367125,0.0526315789473684,KAYNAK_VERISI,/home/rakeyma/Tüm_çalışmalar/MOF Radyoaktif Gaz Adsorpsiyonu/data/processed/cif/pretrain_000203.cif,TAM
pretrain_000204,MgPHCO6,HF_COREMOF_GCMC,/home/rakeyma/Tüm_çalışmalar/MOF Radyoaktif Gaz Adsorpsiyonu/data/processed/cif/pretrain_000204.cif,MgPHCO6,False,False,-0.3514950327118205,0.0918349361792421,0.1349985755511485,2.705562218012952e+25,3.977212384444526e+25,1.9888527039069892,1.2,1.4700132778190231,40,5,8.2,0.7050000000000001,0.6865974075103983,0.1,KAYNAK_VERISI,/home/rakeyma/Tüm_çalışmalar/MOF Radyoaktif Gaz Adsorpsiyonu/data/processed/cif/pretrain_000204.cif,TAM
pretrain_000205,CuH8(C2N)4,HF_COREMOF_GCMC,/home/rakeyma/Tüm_çalışmalar/MOF Radyoaktif Gaz Adsorpsiyonu/data/processed/cif/pretrain_000205.cif,CuH8(C2N)4,False,False,-0.3595788678012127,0.055565211083506,0.0637476421433295,3.752883638938055e+25,4.305526399621553e+25,1.7305181678393635,1.2,1.1472581656807983,21,4,5.380952380952381,0.55,0.4242861652234256,0.0476190476190476,KAYNAK_VERISI,/home/rakeyma/Tüm_çalışmalar/MOF Radyoaktif Gaz Adsorpsiyonu/data/processed/cif/pretrain_000205.cif,TAM
pretrain_000206,Ho(CO2)4,HF_COREMOF_GCMC,/home/rakeyma/Tüm_çalışmalar/MOF Radyoaktif Gaz Adsorpsiyonu/data/processed/cif/pretrain_000206.cif,Ho(CO2)4,False,False,-0.4785943460144064,0.149978361712225,0.2528167403047898,2.441413362038037e+25,4.115461463109865e+25,4.837021143375599,2.66036162885658,1.6856881047273249,52,3,11.923076923076923,0.7192307692307693,0.9079035680560402,0.0769230769230769,KAYNAK_VERISI,/home/rakeyma/Tüm_çalışmalar/MOF Radyoaktif Gaz Adsorpsiyonu/data/processed/cif/pretrain_000206.cif,TAM
pretrain_000207,CuHC4O3,HF_COREMOF_GCMC,/home/rakeyma/Tüm_çalışmalar/MOF Radyoaktif Gaz Adsorpsiyonu/data/processed/cif/pretrain_000207.cif,CuHC4O3,False,False,-0.205978546369902,0.143063613898343,0.189134943314022,2.5852239851953995e+25,3.417753673141659e+25,2.7268008935398664,1.4997404914469266,1.3220338712288924,54,4,8.666666666666666,0.688888888888889,0.577510822409416,0.1111111111111111,KAYNAK_VERISI,/home/rakeyma/Tüm_çalışmalar/MOF Radyoaktif Gaz Adsorpsiyonu/data/processed/cif/pretrain_000207.cif,TAM
pretrain_000208,NiH9C11(NO)2,HF_COREMOF_GCMC,/home/rakeyma/Tüm_çalışmalar/MOF Radyoaktif Gaz Adsorpsiyonu/data/processed/cif/pretrain_000208.cif,NiH9C11(NO)2,False,False,-0.4316147466124268,0.1105082077847083,0.1143993698258944,2.8987157079593816e+25,3.000783895989144e+25,2.748793250824693,1.5118362879535816,1.035211520657062,50,5,5.32,0.552,0.5538736317970011,0.04,KAYNAK_VERISI,/home/rakeyma/Tüm_çalışmalar/MOF Radyoaktif Gaz Adsorpsiyonu/data/processed/cif/pretrain_000208.cif,TAM
pretrain_000209,CuHC4O3,HF_COREMOF_GCMC,/home/rakeyma/Tüm_çalışmalar/MOF Radyoaktif Gaz Adsorpsiyonu/data/processed/cif/pretrain_000209.cif,CuHC4O3,False,False,-0.205978546369902,0.143063613898343,0.189134943314022,2.5852239851953995e+25,3.417753673141659e+25,2.7268008935398664,1.4997404914469266,1.3220338712288924,54,4,8.666666666666666,0.688888888888889,0.577510822409416,0.1111111111111111,KAYNAK_VERISI,/home/rakeyma/Tüm_çalışmalar/MOF Radyoaktif Gaz Adsorpsiyonu/data/processed/cif/pretrain_000209.cif,TAM
pretrain_000210,EuHC6N2O5,HF_COREMOF_GCMC,/home/rakeyma/Tüm_çalışmalar/MOF Radyoaktif Gaz Adsorpsiyonu/data/processed/cif/pretrain_000210.cif,EuHC6N2O5,False,False,-0.272888177149816,0.0266630693681719,0.05,6.59103069616188e+24,1.235984988290522e+25,2.179271850871295,1.2,1.87525296917562,45,5,10.266666666666667,0.7066666666666668,0.768988946604566,0.0666666666666666,KAYNAK_VERISI,/home/rakeyma/Tüm_çalışmalar/MOF Radyoaktif Gaz Adsorpsiyonu/data/processed/cif/pretrain_000210.cif,TAM
pretrain_000211,CoHC4O3,HF_COREMOF_GCMC,/home/rakeyma/Tüm_çalışmalar/MOF Radyoaktif Gaz Adsorpsiyonu/data/processed/cif/pretrain_000211.cif,CoHC4O3,False,False,-0.3016874469803596,0.2027223446159727,0.2408156049896382,3.3889723538711354e+25,4.025789210541387e+25,3.325674945771934,1.829121220174564,1.1879085428191327,54,4,8.444444444444445,0.688888888888889,0.5829397481729994,0.1111111111111111,KAYNAK_VERISI,/home/rakeyma/Tüm_çalışmalar/MOF Radyoaktif Gaz Adsorpsiyonu/data/processed/cif/pretrain_000211.cif,TAM
pretrain_000212,CuH8(C2N)4,HF_COREMOF_GCMC,/home/rakeyma/Tüm_çalışmalar/MOF Radyoaktif Gaz Adsorpsiyonu/data/processed/cif/pretrain_000212.cif,CuH8(C2N)4,False,False,-0.3595788678012127,0.055565211083506,0.0637476421433295,3.752883638938055e+25,4.305526399621553e+25,1.7305181678393635,1.2,1.1472581656807983,21,4,5.380952380952381,0.55,0.4242861652234256,0.0476190476190476,KAYNAK_VERISI,/home/rakeyma/Tüm_çalışmalar/MOF Radyoaktif Gaz Adsorpsiyonu/data/processed/cif/pretrain_000212.cif,TAM
pretrain_000213,MgPHCO6,HF_COREMOF_GCMC,/home/rakeyma/Tüm_çalışmalar/MOF Radyoaktif Gaz Adsorpsiyonu/data/processed/cif/pretrain_000213.cif,MgPHCO6,False,False,-0.3514950327118205,0.0918349361792421,0.1349985755511485,2.705562218012952e+25,3.977212384444526e+25,1.9888527039069892,1.2,1.4700132778190231,40,5,8.2,0.7050000000000001,0.6865974075103983,0.1,KAYNAK_VERISI,/home/rakeyma/Tüm_çalışmalar/MOF Radyoaktif Gaz Adsorpsiyonu/data/processed/cif/pretrain_000213.cif,TAM
pretrain_000214,ZnHC4O3,HF_COREMOF_GCMC,/home/rakeyma/Tüm_çalışmalar/MOF Radyoaktif Gaz Adsorpsiyonu/data/processed/cif/pretrain_000214.cif,ZnHC4O3,False,False,-0.2677312773291185,0.2068786041617683,0.2515640963015523,3.3991159257691533e+25,4.133320260715269e+25,3.442719217267522,1.8934955694971372,1.2159986158106626,54,4,8.777777777777779,0.688888888888889,0.6504229393248673,0.1111111111111111,KAYNAK_VERISI,/home/rakeyma/Tüm_çalışmalar/MOF Radyoaktif Gaz Adsorpsiyonu/data/processed/cif/pretrain_000214.cif,TAM
pretrain_000215,Ho(CO2)4,HF_COREMOF_GCMC,/home/rakeyma/Tüm_çalışmalar/MOF Radyoaktif Gaz Adsorpsiyonu/data/processed/cif/pretrain_000215.cif,Ho(CO2)4,False,False,-0.4785943460144064,0.149978361712225,0.2528167403047898,2.441413362038037e+25,4.115461463109865e+25,4.837021143375599,2.66036162885658,1.6856881047273249,52,3,11.923076923076923,0.7192307692307693,0.9079035680560402,0.0769230769230769,KAYNAK_VERISI,/home/rakeyma/Tüm_çalışmalar/MOF Radyoaktif Gaz Adsorpsiyonu/data/processed/cif/pretrain_000215.cif,TAM
pretrain_000216,CoH9C13(N2O)2,HF_COREMOF_GCMC,/home/rakeyma/Tüm_çalışmalar/MOF Radyoaktif Gaz Adsorpsiyonu/data/processed/cif/pretrain_000216.cif,CoH9C13(N2O)2,False,False,-0.4316513174213608,0.0392986463239941,0.05,1.0547736028047207e+25,1.3419973732793931e+25,1.584030555260851,1.2,1.2723084553035109,58,5,5.448275862068965,0.5689655172413793,0.5617259118110896,0.0344827586206896,KAYNAK_VERISI,/home/rakeyma/Tüm_çalışmalar/MOF Radyoaktif Gaz Adsorpsiyonu/data/processed/cif/pretrain_000216.cif,TAM
pretrain_000217,CuH9C11N4O,HF_COREMOF_GCMC,/home/rakeyma/Tüm_çalışmalar/MOF Radyoaktif Gaz Adsorpsiyonu/data/processed/cif/pretrain_000217.cif,CuH9C11N4O,False,False,-0.3966017232823755,0.0401806197184524,0.05,1.1897180851350633e+25,1.480462588023125e+25,1.7499467991913351,1.2,1.2443810063247502,52,5,5.384615384615385,0.5576923076923077,0.5564746175702895,0.0384615384615384,KAYNAK_VERISI,/home/rakeyma/Tüm_çalışmalar/MOF Radyoaktif Gaz Adsorpsiyonu/data/processed/cif/pretrain_000217.cif,TAM
pretrain_000218,CoHC4O3,HF_COREMOF_GCMC,/home/rakeyma/Tüm_çalışmalar/MOF Radyoaktif Gaz Adsorpsiyonu/data/processed/cif/pretrain_000218.cif,CoHC4O3,False,False,-0.3016874469803596,0.2027223446159727,0.2408156049896382,3.3889723538711354e+25,4.025789210541387e+25,3.325674945771934,1.829121220174564,1.1879085428191327,54,4,8.444444444444445,0.688888888888889,0.5829397481729994,0.1111111111111111,KAYNAK_VERISI,/home/rakeyma/Tüm_çalışmalar/MOF Radyoaktif Gaz Adsorpsiyonu/data/processed/cif/pretrain_000218.cif,TAM
pretrain_000219,CoPC3NO3,HF_COREMOF_GCMC,/home/rakeyma/Tüm_çalışmalar/MOF Radyoaktif Gaz Adsorpsiyonu/data/processed/cif/pretrain_000219.cif,CoPC3NO3,False,False,-0.339007787587708,0.1898965143943221,0.2483097013590397,2.900170840812462e+25,3.792278956089516e+25,3.13185845514548,1.722522150330014,1.3076053668021623,54,5,10.11111111111111,0.7666666666666667,0.5632406235349152,0.1111111111111111,KAYNAK_VERISI,/home/rakeyma/Tüm_çalışmalar/MOF Radyoaktif Gaz Adsorpsiyonu/data/processed/cif/pretrain_000219.cif,TAM
pretrain_000220,ErH4(CO2)4,HF_COREMOF_GCMC,/home/rakeyma/Tüm_çalışmalar/MOF Radyoaktif Gaz Adsorpsiyonu/data/processed/cif/pretrain_000220.cif,ErH4(CO2)4,False,False,-0.2729219457086594,0.0236006670386222,0.05,9.4800095235009e+24,2.008419827284324e+25,1.5,1.2,2.118584187395024,34,4,9.411764705882351,0.6088235294117648,0.7877935960643498,0.0588235294117647,KAYNAK_VERISI,/home/rakeyma/Tüm_çalışmalar/MOF Radyoaktif Gaz Adsorpsiyonu/data/processed/cif/pretrain_000220.cif,TAM
pretrain_000221,CuH2C8N4(OF)2,HF_COREMOF_GCMC,/home/rakeyma/Tüm_çalışmalar/MOF Radyoaktif Gaz Adsorpsiyonu/data/processed/cif/pretrain_000221.cif,CuH2C8N4(OF)2,False,False,-0.4599689216924911,0.0621677291567671,0.0835469979729396,1.912563937552424e+25,2.57028811541231e+25,2.076788150348894,1.2,1.3438965699110683,38,6,7.421052631578948,0.6447368421052632,0.7160171475289928,0.0526315789473684,KAYNAK_VERISI,/home/rakeyma/Tüm_çalışmalar/MOF Radyoaktif Gaz Adsorpsiyonu/data/processed/cif/pretrain_000221.cif,TAM
pretrain_000222,Co3H16(C9O7)2,HF_COREMOF_GCMC,/home/rakeyma/Tüm_çalışmalar/MOF Radyoaktif Gaz Adsorpsiyonu/data/processed/cif/pretrain_000222.cif,Co3H16(C9O7)2,False,False,-0.4159945943856558,0.0324561071014647,0.05,1.040159107241851e+25,1.60240891489249e+25,1.743909415652086,1.2,1.540542118735599,51,4,6.215686274509804,0.569607843137255,0.5829397481729994,0.0588235294117647,KAYNAK_VERISI,/home/rakeyma/Tüm_çalışmalar/MOF Radyoaktif Gaz Adsorpsiyonu/data/processed/cif/pretrain_000222.cif,TAM
pretrain_000223,AlH5C8O5,HF_COREMOF_GCMC,/home/rakeyma/Tüm_çalışmalar/MOF Radyoaktif Gaz Adsorpsiyonu/data/processed/cif/pretrain_000223.cif,AlH5C8O5,False,False,-0.2164554591221433,0.2136091924990496,0.2016969709284759,6.382617227450461e+25,6.026681465866189e+25,2.988357040731488,1.6435963724023186,0.9442335723888536,38,4,5.578947368421052,0.5842105263157897,0.6629856710367125,0.0526315789473684,KAYNAK_VERISI,/home/rakeyma/Tüm_çalışmalar/MOF Radyoaktif Gaz Adsorpsiyonu/data/processed/cif/pretrain_000223.cif,TAM
pretrain_000224,Ho(CO2)4,HF_COREMOF_GCMC,/home/rakeyma/Tüm_çalışmalar/MOF Radyoaktif Gaz Adsorpsiyonu/data/processed/cif/pretrain_000224.cif,Ho(CO2)4,False,False,-0.4785943460144064,0.149978361712225,0.2528167403047898,2.441413362038037e+25,4.115461463109865e+25,4.837021143375599,2.66036162885658,1.6856881047273249,52,3,11.923076923076923,0.7192307692307693,0.9079035680560402,0.0769230769230769,KAYNAK_VERISI,/home/rakeyma/Tüm_çalışmalar/MOF Radyoaktif Gaz Adsorpsiyonu/data/processed/cif/pretrain_000224.cif,TAM
pretrain_000225,CoHC4O3,HF_COREMOF_GCMC,/home/rakeyma/Tüm_çalışmalar/MOF Radyoaktif Gaz Adsorpsiyonu/data/processed/cif/pretrain_000225.cif,CoHC4O3,False,False,-0.3016874469803596,0.2027223446159727,0.2408156049896382,3.3889723538711354e+25,4.025789210541387e+25,3.325674945771934,1.829121220174564,1.1879085428191327,54,4,8.444444444444445,0.688888888888889,0.5829397481729994,0.1111111111111111,KAYNAK_VERISI,/home/rakeyma/Tüm_çalışmalar/MOF Radyoaktif Gaz Adsorpsiyonu/data/processed/cif/pretrain_000225.cif,TAM
pretrain_000226,SrU2P2H4(C3O4)2,HF_COREMOF_GCMC,/home/rakeyma/Tüm_çalışmalar/MOF Radyoaktif Gaz Adsorpsiyonu/data/processed/cif/pretrain_000226.cif,SrU2P2H4(C3O4)2,False,False,-0.5660985795729906,0.0161233082656799,0.05,3.968439746241035e+24,1.2306530647585094e+25,1.5918567931821002,1.2,3.10110054190492,46,6,15.478260869565217,0.7608695652173915,0.8015696406981049,0.1304347826086956,KAYNAK_VERISI,/home/rakeyma/Tüm_çalışmalar/MOF Radyoaktif Gaz Adsorpsiyonu/data/processed/cif/pretrain_000226.cif,TAM
pretrain_000227,MnHC3N3Cl,HF_COREMOF_GCMC,/home/rakeyma/Tüm_çalışmalar/MOF Radyoaktif Gaz Adsorpsiyonu/data/processed/cif/pretrain_000227.cif,MnHC3N3Cl,False,False,-0.3158415251168576,0.242130788486378,0.2829629403243215,3.665584283877443e+25,4.283736543611582e+25,4.435337482107187,2.4394356151589527,1.168636760707698,54,5,9.11111111111111,0.7444444444444445,0.586890108964191,0.1111111111111111,KAYNAK_VERISI,/home/rakeyma/Tüm_çalışmalar/MOF Radyoaktif Gaz Adsorpsiyonu/data/processed/cif/pretrain_000227.cif,TAM
pretrain_000228,Ho(CO2)4,HF_COREMOF_GCMC,/home/rakeyma/Tüm_çalışmalar/MOF Radyoaktif Gaz Adsorpsiyonu/data/processed/cif/pretrain_000228.cif,Ho(CO2)4,False,False,-0.4785943460144064,0.149978361712225,0.2528167403047898,2.441413362038037e+25,4.115461463109865e+25,4.837021143375599,2.66036162885658,1.6856881047273249,52,3,11.923076923076923,0.7192307692307693,0.9079035680560402,0.0769230769230769,KAYNAK_VERISI,/home/rakeyma/Tüm_çalışmalar/MOF Radyoaktif Gaz Adsorpsiyonu/data/processed/cif/pretrain_000228.cif,TAM
pretrain_000229,ErH4(CO2)4,HF_COREMOF_GCMC,/home/rakeyma/Tüm_çalışmalar/MOF Radyoaktif Gaz Adsorpsiyonu/data/processed/cif/pretrain_000229.cif,ErH4(CO2)4,False,False,-0.2729219457086594,0.0236006670386222,0.05,9.4800095235009e+24,2.008419827284324e+25,1.5,1.2,2.118584187395024,34,4,9.411764705882351,0.6088235294117648,0.7877935960643498,0.0588235294117647,KAYNAK_VERISI,/home/rakeyma/Tüm_çalışmalar/MOF Radyoaktif Gaz Adsorpsiyonu/data/processed/cif/pretrain_000229.cif,TAM
pretrain_000230,PrH4(C3O4)2,HF_COREMOF_GCMC,/home/rakeyma/Tüm_çalışmalar/MOF Radyoaktif Gaz Adsorpsiyonu/data/processed/cif/pretrain_000230.cif,PrH4(C3O4)2,False,False,-0.2932541461957817,0.0269234116356386,0.05,6.362688521709699e+24,1.1816274638254576e+25,2.2767644146902857,1.2522204280796572,1.8571197690940024,57,4,8.578947368421053,0.6236842105263158,0.8272544953035915,0.0526315789473684,KAYNAK_VERISI,/home/rakeyma/Tüm_çalışmalar/MOF Radyoaktif Gaz Adsorpsiyonu/data/processed/cif/pretrain_000230.cif,TAM
pretrain_000231,NiPC3NO3,HF_COREMOF_GCMC,/home/rakeyma/Tüm_çalışmalar/MOF Radyoaktif Gaz Adsorpsiyonu/data/processed/cif/pretrain_000231.cif,NiPC3NO3,False,False,-0.3485933667046691,0.1803255305781985,0.2400645595842839,2.80745244448194e+25,3.737517546613345e+25,3.0524746918998127,1.6788610805448971,1.3312843656388382,54,5,10.22222222222222,0.7666666666666667,0.5554313638965664,0.1111111111111111,KAYNAK_VERISI,/home/rakeyma/Tüm_çalışmalar/MOF Radyoaktif Gaz Adsorpsiyonu/data/processed/cif/pretrain_000231.cif,TAM
pretrain_000232,MgH6C8S2(NO)4,HF_COREMOF_GCMC,/home/rakeyma/Tüm_çalışmalar/MOF Radyoaktif Gaz Adsorpsiyonu/data/processed/cif/pretrain_000232.cif,MgH6C8S2(NO)4,False,False,-0.5201537452132456,0.3052292661117404,0.2876388643622771,6.098681039384603e+25,5.747213268973177e+25,4.079784268198212,2.2438813475090167,0.9423698717572396,50,6,6.32,0.6240000000000001,0.6693031201680346,0.04,KAYNAK_VERISI,/home/rakeyma/Tüm_çalışmalar/MOF Radyoaktif Gaz Adsorpsiyonu/data/processed/cif/pretrain_000232.cif,TAM
pretrain_000233,CoHC4O3,HF_COREMOF_GCMC,/home/rakeyma/Tüm_çalışmalar/MOF Radyoaktif Gaz Adsorpsiyonu/data/processed/cif/pretrain_000233.cif,CoHC4O3,False,False,-0.3016874469803596,0.2027223446159727,0.2408156049896382,3.3889723538711354e+25,4.025789210541387e+25,3.325674945771934,1.829121220174564,1.1879085428191327,54,4,8.444444444444445,0.688888888888889,0.5829397481729994,0.1111111111111111,KAYNAK_VERISI,/home/rakeyma/Tüm_çalışmalar/MOF Radyoaktif Gaz Adsorpsiyonu/data/processed/cif/pretrain_000233.cif,TAM
pretrain_000234,Ho(CO2)4,HF_COREMOF_GCMC,/home/rakeyma/Tüm_çalışmalar/MOF Radyoaktif Gaz Adsorpsiyonu/data/processed/cif/pretrain_000234.cif,Ho(CO2)4,False,False,-0.4785943460144064,0.149978361712225,0.2528167403047898,2.441413362038037e+25,4.115461463109865e+25,4.837021143375599,2.66036162885658,1.6856881047273249,52,3,11.923076923076923,0.7192307692307693,0.9079035680560402,0.0769230769230769,KAYNAK_VERISI,/home/rakeyma/Tüm_çalışmalar/MOF Radyoaktif Gaz Adsorpsiyonu/data/processed/cif/pretrain_000234.cif,TAM
pretrain_000235,SmH9(C2O)6,HF_COREMOF_GCMC,/home/rakeyma/Tüm_çalışmalar/MOF Radyoaktif Gaz Adsorpsiyonu/data/processed/cif/pretrain_000235.cif,SmH9(C2O)6,False,False,-0.5533311169052184,0.0331136208540026,0.05,8.2408418593811e+24,1.244328111340469e+25,1.8852289118300725,1.2,1.5099526632997664,56,4,6.821428571428571,0.5750000000000001,0.8128037893612454,0.0357142857142857,KAYNAK_VERISI,/home/rakeyma/Tüm_çalışmalar/MOF Radyoaktif Gaz Adsorpsiyonu/data/processed/cif/pretrain_000235.cif,TAM
pretrain_000236,CoPC3NO3,HF_COREMOF_GCMC,/home/rakeyma/Tüm_çalışmalar/MOF Radyoaktif Gaz Adsorpsiyonu/data/processed/cif/pretrain_000236.cif,CoPC3NO3,False,False,-0.339007787587708,0.1898965143943221,0.2483097013590397,2.900170840812462e+25,3.792278956089516e+25,3.13185845514548,1.722522150330014,1.3076053668021623,54,5,10.11111111111111,0.7666666666666667,0.5632406235349152,0.1111111111111111,KAYNAK_VERISI,/home/rakeyma/Tüm_çalışmalar/MOF Radyoaktif Gaz Adsorpsiyonu/data/processed/cif/pretrain_000236.cif,TAM
pretrain_000237,CuH8(C2N)4,HF_COREMOF_GCMC,/home/rakeyma/Tüm_çalışmalar/MOF Radyoaktif Gaz Adsorpsiyonu/data/processed/cif/pretrain_000237.cif,CuH8(C2N)4,False,False,-0.3595788678012127,0.055565211083506,0.0637476421433295,3.752883638938055e+25,4.305526399621553e+25,1.7305181678393635,1.2,1.1472581656807983,21,4,5.380952380952381,0.55,0.4242861652234256,0.0476190476190476,KAYNAK_VERISI,/home/rakeyma/Tüm_çalışmalar/MOF Radyoaktif Gaz Adsorpsiyonu/data/processed/cif/pretrain_000237.cif,TAM
pretrain_000238,Ho(CO2)4,HF_COREMOF_GCMC,/home/rakeyma/Tüm_çalışmalar/MOF Radyoaktif Gaz Adsorpsiyonu/data/processed/cif/pretrain_000238.cif,Ho(CO2)4,False,False,-0.4785943460144064,0.149978361712225,0.2528167403047898,2.441413362038037e+25,4.115461463109865e+25,4.837021143375599,2.66036162885658,1.6856881047273249,52,3,11.923076923076923,0.7192307692307693,0.9079035680560402,0.0769230769230769,KAYNAK_VERISI,/home/rakeyma/Tüm_çalışmalar/MOF Radyoaktif Gaz Adsorpsiyonu/data/processed/cif/pretrain_000238.cif,TAM
pretrain_000239,ZnHC4O3,HF_COREMOF_GCMC,/home/rakeyma/Tüm_çalışmalar/MOF Radyoaktif Gaz Adsorpsiyonu/data/processed/cif/pretrain_000239.cif,ZnHC4O3,False,False,-0.2677312773291185,0.2068786041617683,0.2515640963015523,3.3991159257691533e+25,4.133320260715269e+25,3.442719217267522,1.8934955694971372,1.2159986158106626,54,4,8.777777777777779,0.688888888888889,0.6504229393248673,0.1111111111111111,KAYNAK_VERISI,/home/rakeyma/Tüm_çalışmalar/MOF Radyoaktif Gaz Adsorpsiyonu/data/processed/cif/pretrain_000239.cif,TAM
pretrain_000240,Ho(CO2)4,HF_COREMOF_GCMC,/home/rakeyma/Tüm_çalışmalar/MOF Radyoaktif Gaz Adsorpsiyonu/data/processed/cif/pretrain_000240.cif,Ho(CO2)4,False,False,-0.4785943460144064,0.149978361712225,0.2528167403047898,2.441413362038037e+25,4.115461463109865e+25,4.837021143375599,2.66036162885658,1.6856881047273249,52,3,11.923076923076923,0.7192307692307693,0.9079035680560402,0.0769230769230769,KAYNAK_VERISI,/home/rakeyma/Tüm_çalışmalar/MOF Radyoaktif Gaz Adsorpsiyonu/data/processed/cif/pretrain_000240.cif,TAM
pretrain_000241,YH4(CO2)4,HF_COREMOF_GCMC,/home/rakeyma/Tüm_çalışmalar/MOF Radyoaktif Gaz Adsorpsiyonu/data/processed/cif/pretrain_000241.cif,YH4(CO2)4,False,False,-0.2927306989086387,0.0290600682297266,0.05,1.224155585179548e+25,2.1062503630451072e+25,1.5,1.2,1.7205740745251603,34,4,7.705882352941177,0.6117647058823531,0.7949017234853627,0.0588235294117647,KAYNAK_VERISI,/home/rakeyma/Tüm_çalışmalar/MOF Radyoaktif Gaz Adsorpsiyonu/data/processed/cif/pretrain_000241.cif,TAM
pretrain_000242,YH4(CO2)4,HF_COREMOF_GCMC,/home/rakeyma/Tüm_çalışmalar/MOF Radyoaktif Gaz Adsorpsiyonu/data/processed/cif/pretrain_000242.cif,YH4(CO2)4,False,False,-0.2927306989086387,0.0290600682297266,0.05,1.224155585179548e+25,2.1062503630451072e+25,1.5,1.2,1.7205740745251603,34,4,7.705882352941177,0.6117647058823531,0.7949017234853627,0.0588235294117647,KAYNAK_VERISI,/home/rakeyma/Tüm_çalışmalar/MOF Radyoaktif Gaz Adsorpsiyonu/data/processed/cif/pretrain_000242.cif,TAM
pretrain_000243,CoHC4O3,HF_COREMOF_GCMC,/home/rakeyma/Tüm_çalışmalar/MOF Radyoaktif Gaz Adsorpsiyonu/data/processed/cif/pretrain_000243.cif,CoHC4O3,False,False,-0.3016874469803596,0.2027223446159727,0.2408156049896382,3.3889723538711354e+25,4.025789210541387e+25,3.325674945771934,1.829121220174564,1.1879085428191327,54,4,8.444444444444445,0.688888888888889,0.5829397481729994,0.1111111111111111,KAYNAK_VERISI,/home/rakeyma/Tüm_çalışmalar/MOF Radyoaktif Gaz Adsorpsiyonu/data/processed/cif/pretrain_000243.cif,TAM
pretrain_000244,DyH4(CO2)4,HF_COREMOF_GCMC,/home/rakeyma/Tüm_çalışmalar/MOF Radyoaktif Gaz Adsorpsiyonu/data/processed/cif/pretrain_000244.cif,DyH4(CO2)4,False,False,-0.2683971562056278,0.0229908714826192,0.05,9.61170639400792e+24,2.090331025788696e+25,1.5,1.2,2.174776194882356,34,4,9.294117647058824,0.6088235294117648,0.7949017234853627,0.0588235294117647,KAYNAK_VERISI,/home/rakeyma/Tüm_çalışmalar/MOF Radyoaktif Gaz Adsorpsiyonu/data/processed/cif/pretrain_000244.cif,TAM
pretrain_000245,YH4(CO2)4,HF_COREMOF_GCMC,/home/rakeyma/Tüm_çalışmalar/MOF Radyoaktif Gaz Adsorpsiyonu/data/processed/cif/pretrain_000245.cif,YH4(CO2)4,False,False,-0.2927306989086387,0.0290600682297266,0.05,1.224155585179548e+25,2.1062503630451072e+25,1.5,1.2,1.7205740745251603,34,4,7.705882352941177,0.6117647058823531,0.7949017234853627,0.0588235294117647,KAYNAK_VERISI,/home/rakeyma/Tüm_çalışmalar/MOF Radyoaktif Gaz Adsorpsiyonu/data/processed/cif/pretrain_000245.cif,TAM
pretrain_000246,Ho(CO2)4,HF_COREMOF_GCMC,/home/rakeyma/Tüm_çalışmalar/MOF Radyoaktif Gaz Adsorpsiyonu/data/processed/cif/pretrain_000246.cif,Ho(CO2)4,False,False,-0.4785943460144064,0.149978361712225,0.2528167403047898,2.441413362038037e+25,4.115461463109865e+25,4.837021143375599,2.66036162885658,1.6856881047273249,52,3,11.923076923076923,0.7192307692307693,0.9079035680560402,0.0769230769230769,KAYNAK_VERISI,/home/rakeyma/Tüm_çalışmalar/MOF Radyoaktif Gaz Adsorpsiyonu/data/processed/cif/pretrain_000246.cif,TAM
pretrain_000247,CuHC4O3,HF_COREMOF_GCMC,/home/rakeyma/Tüm_çalışmalar/MOF Radyoaktif Gaz Adsorpsiyonu/data/processed/cif/pretrain_000247.cif,CuHC4O3,False,False,-0.205978546369902,0.143063613898343,0.189134943314022,2.5852239851953995e+25,3.417753673141659e+25,2.7268008935398664,1.4997404914469266,1.3220338712288924,54,4,8.666666666666666,0.688888888888889,0.577510822409416,0.1111111111111111,KAYNAK_VERISI,/home/rakeyma/Tüm_çalışmalar/MOF Radyoaktif Gaz Adsorpsiyonu/data/processed/cif/pretrain_000247.cif,TAM
pretrain_000248,YH4(CO2)4,HF_COREMOF_GCMC,/home/rakeyma/Tüm_çalışmalar/MOF Radyoaktif Gaz Adsorpsiyonu/data/processed/cif/pretrain_000248.cif,YH4(CO2)4,False,False,-0.2927306989086387,0.0290600682297266,0.05,1.224155585179548e+25,2.1062503630451072e+25,1.5,1.2,1.7205740745251603,34,4,7.705882352941177,0.6117647058823531,0.7949017234853627,0.0588235294117647,KAYNAK_VERISI,/home/rakeyma/Tüm_çalışmalar/MOF Radyoaktif Gaz Adsorpsiyonu/data/processed/cif/pretrain_000248.cif,TAM
pretrain_000249,Fe5H8C4N20OF7,HF_COREMOF_GCMC,/home/rakeyma/Tüm_çalışmalar/MOF Radyoaktif Gaz Adsorpsiyonu/data/processed/cif/pretrain_000249.cif,Fe5H8C4N20OF7,False,False,-0.3714816346717107,0.0272168139672649,0.05,8.614467119214068e+24,1.5825634715318147e+25,1.5,1.2,1.8370996715536807,45,6,8.28888888888889,0.6422222222222221,0.7318242047559417,0.1111111111111111,KAYNAK_VERISI,/home/rakeyma/Tüm_çalışmalar/MOF Radyoaktif Gaz Adsorpsiyonu/data/processed/cif/pretrain_000249.cif,TAM
pretrain_000250,ErH4(CO2)4,HF_COREMOF_GCMC,/home/rakeyma/Tüm_çalışmalar/MOF Radyoaktif Gaz Adsorpsiyonu/data/processed/cif/pretrain_000250.cif,ErH4(CO2)4,False,False,-0.2729219457086594,0.0236006670386222,0.05,9.4800095235009e+24,2.008419827284324e+25,1.5,1.2,2.118584187395024,34,4,9.411764705882351,0.6088235294117648,0.7877935960643498,0.0588235294117647,KAYNAK_VERISI,/home/rakeyma/Tüm_çalışmalar/MOF Radyoaktif Gaz Adsorpsiyonu/data/processed/cif/pretrain_000250.cif,TAM
pretrain_000251,CoHC4O3,HF_COREMOF_GCMC,/home/rakeyma/Tüm_çalışmalar/MOF Radyoaktif Gaz Adsorpsiyonu/data/processed/cif/pretrain_000251.cif,CoHC4O3,False,False,-0.3016874469803596,0.2027223446159727,0.2408156049896382,3.3889723538711354e+25,4.025789210541387e+25,3.325674945771934,1.829121220174564,1.1879085428191327,54,4,8.444444444444445,0.688888888888889,0.5829397481729994,0.1111111111111111,KAYNAK_VERISI,/home/rakeyma/Tüm_çalışmalar/MOF Radyoaktif Gaz Adsorpsiyonu/data/processed/cif/pretrain_000251.cif,TAM
pretrain_000252,NiH9C11(NO)2,HF_COREMOF_GCMC,/home/rakeyma/Tüm_çalışmalar/MOF Radyoaktif Gaz Adsorpsiyonu/data/processed/cif/pretrain_000252.cif,NiH9C11(NO)2,False,False,-0.4316147466124268,0.1105082077847083,0.1143993698258944,2.8987157079593816e+25,3.000783895989144e+25,2.748793250824693,1.5118362879535816,1.035211520657062,50,5,5.32,0.552,0.5538736317970011,0.04,KAYNAK_VERISI,/home/rakeyma/Tüm_çalışmalar/MOF Radyoaktif Gaz Adsorpsiyonu/data/processed/cif/pretrain_000252.cif,TAM
pretrain_000253,ErH2C5O6,HF_COREMOF_GCMC,/home/rakeyma/Tüm_çalışmalar/MOF Radyoaktif Gaz Adsorpsiyonu/data/processed/cif/pretrain_000253.cif,ErH2C5O6,False,False,-0.544140207922475,0.0233027931527882,0.05,5.060604286869507e+24,1.0858364174819957e+25,2.0576297528953065,1.2,2.145665529113509,56,4,10.571428571428571,0.6678571428571427,0.7877935960643498,0.0714285714285714,KAYNAK_VERISI,/home/rakeyma/Tüm_çalışmalar/MOF Radyoaktif Gaz Adsorpsiyonu/data/processed/cif/pretrain_000253.cif,TAM
pretrain_000254,CoHC4O3,HF_COREMOF_GCMC,/home/rakeyma/Tüm_çalışmalar/MOF Radyoaktif Gaz Adsorpsiyonu/data/processed/cif/pretrain_000254.cif,CoHC4O3,False,False,-0.3016874469803596,0.2027223446159727,0.2408156049896382,3.3889723538711354e+25,4.025789210541387e+25,3.325674945771934,1.829121220174564,1.1879085428191327,54,4,8.444444444444445,0.688888888888889,0.5829397481729994,0.1111111111111111,KAYNAK_VERISI,/home/rakeyma/Tüm_çalışmalar/MOF Radyoaktif Gaz Adsorpsiyonu/data/processed/cif/pretrain_000254.cif,TAM
pretrain_000255,CoH10C12N2O3F,HF_COREMOF_GCMC,/home/rakeyma/Tüm_çalışmalar/MOF Radyoaktif Gaz Adsorpsiyonu/data/processed/cif/pretrain_000255.cif,CoH10C12N2O3F,False,False,-0.3653664749017982,0.0359384306768367,0.05,1.0685280826021216e+25,1.4866092682377678e+25,1.636130939136596,1.2,1.3912683180188568,58,6,5.379310344827586,0.5465517241379311,0.7204724530164602,0.0344827586206896,KAYNAK_VERISI,/home/rakeyma/Tüm_çalışmalar/MOF Radyoaktif Gaz Adsorpsiyonu/data/processed/cif/pretrain_000255.cif,TAM
pretrain_000256,YH4(CO2)4,HF_COREMOF_GCMC,/home/rakeyma/Tüm_çalışmalar/MOF Radyoaktif Gaz Adsorpsiyonu/data/processed/cif/pretrain_000256.cif,YH4(CO2)4,False,False,-0.2927306989086387,0.0290600682297266,0.05,1.224155585179548e+25,2.1062503630451072e+25,1.5,1.2,1.7205740745251603,34,4,7.705882352941177,0.6117647058823531,0.7949017234853627,0.0588235294117647,KAYNAK_VERISI,/home/rakeyma/Tüm_çalışmalar/MOF Radyoaktif Gaz Adsorpsiyonu/data/processed/cif/pretrain_000256.cif,TAM
pretrain_000257,Fe2C4Cl2O9,HF_COREMOF_GCMC,/home/rakeyma/Tüm_çalışmalar/MOF Radyoaktif Gaz Adsorpsiyonu/data/processed/cif/pretrain_000257.cif,Fe2C4Cl2O9,False,False,-0.1945708216821267,0.1207959175776015,0.1851451817186259,3.2545086912313037e+25,4.988219926023356e+25,3.77704173503509,2.0773729542693,1.5327105868431787,34,4,10.705882352941176,0.7647058823529411,0.6185668920981788,0.1176470588235294,KAYNAK_VERISI,/home/rakeyma/Tüm_çalışmalar/MOF Radyoaktif Gaz Adsorpsiyonu/data/processed/cif/pretrain_000257.cif,TAM
pretrain_000258,Ho(CO2)4,HF_COREMOF_GCMC,/home/rakeyma/Tüm_çalışmalar/MOF Radyoaktif Gaz Adsorpsiyonu/data/processed/cif/pretrain_000258.cif,Ho(CO2)4,False,False,-0.4785943460144064,0.149978361712225,0.2528167403047898,2.441413362038037e+25,4.115461463109865e+25,4.837021143375599,2.66036162885658,1.6856881047273249,52,3,11.923076923076923,0.7192307692307693,0.9079035680560402,0.0769230769230769,KAYNAK_VERISI,/home/rakeyma/Tüm_çalışmalar/MOF Radyoaktif Gaz Adsorpsiyonu/data/processed/cif/pretrain_000258.cif,TAM
pretrain_000259,Ho(CO2)4,HF_COREMOF_GCMC,/home/rakeyma/Tüm_çalışmalar/MOF Radyoaktif Gaz Adsorpsiyonu/data/processed/cif/pretrain_000259.cif,Ho(CO2)4,False,False,-0.4785943460144064,0.149978361712225,0.2528167403047898,2.441413362038037e+25,4.115461463109865e+25,4.837021143375599,2.66036162885658,1.6856881047273249,52,3,11.923076923076923,0.7192307692307693,0.9079035680560402,0.0769230769230769,KAYNAK_VERISI,/home/rakeyma/Tüm_çalışmalar/MOF Radyoaktif Gaz Adsorpsiyonu/data/processed/cif/pretrain_000259.cif,TAM
pretrain_000260,CuHC4O3,HF_COREMOF_GCMC,/home/rakeyma/Tüm_çalışmalar/MOF Radyoaktif Gaz Adsorpsiyonu/data/processed/cif/pretrain_000260.cif,CuHC4O3,False,False,-0.205978546369902,0.143063613898343,0.189134943314022,2.5852239851953995e+25,3.417753673141659e+25,2.7268008935398664,1.4997404914469266,1.3220338712288924,54,4,8.666666666666666,0.688888888888889,0.577510822409416,0.1111111111111111,KAYNAK_VERISI,/home/rakeyma/Tüm_çalışmalar/MOF Radyoaktif Gaz Adsorpsiyonu/data/processed/cif/pretrain_000260.cif,TAM
pretrain_000261,CuHC4O3,HF_COREMOF_GCMC,/home/rakeyma/Tüm_çalışmalar/MOF Radyoaktif Gaz Adsorpsiyonu/data/processed/cif/pretrain_000261.cif,CuHC4O3,False,False,-0.205978546369902,0.143063613898343,0.189134943314022,2.5852239851953995e+25,3.417753673141659e+25,2.7268008935398664,1.4997404914469266,1.3220338712288924,54,4,8.666666666666666,0.688888888888889,0.577510822409416,0.1111111111111111,KAYNAK_VERISI,/home/rakeyma/Tüm_çalışmalar/MOF Radyoaktif Gaz Adsorpsiyonu/data/processed/cif/pretrain_000261.cif,TAM
pretrain_000262,Fe2C4Cl2O9,HF_COREMOF_GCMC,/home/rakeyma/Tüm_çalışmalar/MOF Radyoaktif Gaz Adsorpsiyonu/data/processed/cif/pretrain_000262.cif,Fe2C4Cl2O9,False,False,-0.1945708216821267,0.1207959175776015,0.1851451817186259,3.2545086912313037e+25,4.988219926023356e+25,3.77704173503509,2.0773729542693,1.5327105868431787,34,4,10.705882352941176,0.7647058823529411,0.6185668920981788,0.1176470588235294,KAYNAK_VERISI,/home/rakeyma/Tüm_çalışmalar/MOF Radyoaktif Gaz Adsorpsiyonu/data/processed/cif/pretrain_000262.cif,TAM
pretrain_000263,Ho(CO2)4,HF_COREMOF_GCMC,/home/rakeyma/Tüm_çalışmalar/MOF Radyoaktif Gaz Adsorpsiyonu/data/processed/cif/pretrain_000263.cif,Ho(CO2)4,False,False,-0.4785943460144064,0.149978361712225,0.2528167403047898,2.441413362038037e+25,4.115461463109865e+25,4.837021143375599,2.66036162885658,1.6856881047273249,52,3,11.923076923076923,0.7192307692307693,0.9079035680560402,0.0769230769230769,KAYNAK_VERISI,/home/rakeyma/Tüm_çalışmalar/MOF Radyoaktif Gaz Adsorpsiyonu/data/processed/cif/pretrain_000263.cif,TAM
pretrain_000264,CuHC4O3,HF_COREMOF_GCMC,/home/rakeyma/Tüm_çalışmalar/MOF Radyoaktif Gaz Adsorpsiyonu/data/processed/cif/pretrain_000264.cif,CuHC4O3,False,False,-0.205978546369902,0.143063613898343,0.189134943314022,2.5852239851953995e+25,3.417753673141659e+25,2.7268008935398664,1.4997404914469266,1.3220338712288924,54,4,8.666666666666666,0.688888888888889,0.577510822409416,0.1111111111111111,KAYNAK_VERISI,/home/rakeyma/Tüm_çalışmalar/MOF Radyoaktif Gaz Adsorpsiyonu/data/processed/cif/pretrain_000264.cif,TAM
pretrain_000265,Ho(CO2)4,HF_COREMOF_GCMC,/home/rakeyma/Tüm_çalışmalar/MOF Radyoaktif Gaz Adsorpsiyonu/data/processed/cif/pretrain_000265.cif,Ho(CO2)4,False,False,-0.4785943460144064,0.149978361712225,0.2528167403047898,2.441413362038037e+25,4.115461463109865e+25,4.837021143375599,2.66036162885658,1.6856881047273249,52,3,11.923076923076923,0.7192307692307693,0.9079035680560402,0.0769230769230769,KAYNAK_VERISI,/home/rakeyma/Tüm_çalışmalar/MOF Radyoaktif Gaz Adsorpsiyonu/data/processed/cif/pretrain_000265.cif,TAM
pretrain_000266,NiH9C11(NO)2,HF_COREMOF_GCMC,/home/rakeyma/Tüm_çalışmalar/MOF Radyoaktif Gaz Adsorpsiyonu/data/processed/cif/pretrain_000266.cif,NiH9C11(NO)2,False,False,-0.4316147466124268,0.1105082077847083,0.1143993698258944,2.8987157079593816e+25,3.000783895989144e+25,2.748793250824693,1.5118362879535816,1.035211520657062,50,5,5.32,0.552,0.5538736317970011,0.04,KAYNAK_VERISI,/home/rakeyma/Tüm_çalışmalar/MOF Radyoaktif Gaz Adsorpsiyonu/data/processed/cif/pretrain_000266.cif,TAM
pretrain_000267,ErH4(CO2)4,HF_COREMOF_GCMC,/home/rakeyma/Tüm_çalışmalar/MOF Radyoaktif Gaz Adsorpsiyonu/data/processed/cif/pretrain_000267.cif,ErH4(CO2)4,False,False,-0.2729219457086594,0.0236006670386222,0.05,9.4800095235009e+24,2.008419827284324e+25,1.5,1.2,2.118584187395024,34,4,9.411764705882351,0.6088235294117648,0.7877935960643498,0.0588235294117647,KAYNAK_VERISI,/home/rakeyma/Tüm_çalışmalar/MOF Radyoaktif Gaz Adsorpsiyonu/data/processed/cif/pretrain_000267.cif,TAM
pretrain_000268,CuHC4O3,HF_COREMOF_GCMC,/home/rakeyma/Tüm_çalışmalar/MOF Radyoaktif Gaz Adsorpsiyonu/data/processed/cif/pretrain_000268.cif,CuHC4O3,False,False,-0.205978546369902,0.143063613898343,0.189134943314022,2.5852239851953995e+25,3.417753673141659e+25,2.7268008935398664,1.4997404914469266,1.3220338712288924,54,4,8.666666666666666,0.688888888888889,0.577510822409416,0.1111111111111111,KAYNAK_VERISI,/home/rakeyma/Tüm_çalışmalar/MOF Radyoaktif Gaz Adsorpsiyonu/data/processed/cif/pretrain_000268.cif,TAM
pretrain_000269,CuHC4O3,HF_COREMOF_GCMC,/home/rakeyma/Tüm_çalışmalar/MOF Radyoaktif Gaz Adsorpsiyonu/data/processed/cif/pretrain_000269.cif,CuHC4O3,False,False,-0.205978546369902,0.143063613898343,0.189134943314022,2.5852239851953995e+25,3.417753673141659e+25,2.7268008935398664,1.4997404914469266,1.3220338712288924,54,4,8.666666666666666,0.688888888888889,0.577510822409416,0.1111111111111111,KAYNAK_VERISI,/home/rakeyma/Tüm_çalışmalar/MOF Radyoaktif Gaz Adsorpsiyonu/data/processed/cif/pretrain_000269.cif,TAM
pretrain_000270,LiC6N4F3,HF_COREMOF_GCMC,/home/rakeyma/Tüm_çalışmalar/MOF Radyoaktif Gaz Adsorpsiyonu/data/processed/cif/pretrain_000270.cif,LiC6N4F3,False,False,-0.4533451462020003,0.0397452774625822,0.05,8.573472372599009e+24,1.0785523362706943e+25,1.954323412334816,1.2,1.258011094451963,56,4,6.714285714285714,0.6964285714285714,1.0861946188413936,0.0714285714285714,KAYNAK_VERISI,/home/rakeyma/Tüm_çalışmalar/MOF Radyoaktif Gaz Adsorpsiyonu/data/processed/cif/pretrain_000270.cif,TAM
pretrain_000271,Fe2C4Cl2O9,HF_COREMOF_GCMC,/home/rakeyma/Tüm_çalışmalar/MOF Radyoaktif Gaz Adsorpsiyonu/data/processed/cif/pretrain_000271.cif,Fe2C4Cl2O9,False,False,-0.1945708216821267,0.1207959175776015,0.1851451817186259,3.2545086912313037e+25,4.988219926023356e+25,3.77704173503509,2.0773729542693,1.5327105868431787,34,4,10.705882352941176,0.7647058823529411,0.6185668920981788,0.1176470588235294,KAYNAK_VERISI,/home/rakeyma/Tüm_çalışmalar/MOF Radyoaktif Gaz Adsorpsiyonu/data/processed/cif/pretrain_000271.cif,TAM
pretrain_000272,Fe2C4Cl2O9,HF_COREMOF_GCMC,/home/rakeyma/Tüm_çalışmalar/MOF Radyoaktif Gaz Adsorpsiyonu/data/processed/cif/pretrain_000272.cif,Fe2C4Cl2O9,False,False,-0.1945708216821267,0.1207959175776015,0.1851451817186259,3.2545086912313037e+25,4.988219926023356e+25,3.77704173503509,2.0773729542693,1.5327105868431787,34,4,10.705882352941176,0.7647058823529411,0.6185668920981788,0.1176470588235294,KAYNAK_VERISI,/home/rakeyma/Tüm_çalışmalar/MOF Radyoaktif Gaz Adsorpsiyonu/data/processed/cif/pretrain_000272.cif,TAM
pretrain_000273,Ho(CO2)4,HF_COREMOF_GCMC,/home/rakeyma/Tüm_çalışmalar/MOF Radyoaktif Gaz Adsorpsiyonu/data/processed/cif/pretrain_000273.cif,Ho(CO2)4,False,False,-0.4785943460144064,0.149978361712225,0.2528167403047898,2.441413362038037e+25,4.115461463109865e+25,4.837021143375599,2.66036162885658,1.6856881047273249,52,3,11.923076923076923,0.7192307692307693,0.9079035680560402,0.0769230769230769,KAYNAK_VERISI,/home/rakeyma/Tüm_çalışmalar/MOF Radyoaktif Gaz Adsorpsiyonu/data/processed/cif/pretrain_000273.cif,TAM
pretrain_000274,NdC4NO4,HF_COREMOF_GCMC,/home/rakeyma/Tüm_çalışmalar/MOF Radyoaktif Gaz Adsorpsiyonu/data/processed/cif/pretrain_000274.cif,NdC4NO4,False,False,-0.5120882148416853,0.0786759116249297,0.141669609923787,1.725828694115664e+25,3.1076535732592883e+25,3.1451168138769607,1.7298142476323286,1.8006732556105105,40,4,12.3,0.77,0.868918149194733,0.1,KAYNAK_VERISI,/home/rakeyma/Tüm_çalışmalar/MOF Radyoaktif Gaz Adsorpsiyonu/data/processed/cif/pretrain_000274.cif,TAM
pretrain_000275,PrH4(C3O4)2,HF_COREMOF_GCMC,/home/rakeyma/Tüm_çalışmalar/MOF Radyoaktif Gaz Adsorpsiyonu/data/processed/cif/pretrain_000275.cif,PrH4(C3O4)2,False,False,-0.2932541461957817,0.0269234116356386,0.05,6.362688521709699e+24,1.1816274638254576e+25,2.2767644146902857,1.2522204280796572,1.8571197690940024,57,4,8.578947368421053,0.6236842105263158,0.8272544953035915,0.0526315789473684,KAYNAK_VERISI,/home/rakeyma/Tüm_çalışmalar/MOF Radyoaktif Gaz Adsorpsiyonu/data/processed/cif/pretrain_000275.cif,TAM
pretrain_000276,MgPHCO6,HF_COREMOF_GCMC,/home/rakeyma/Tüm_çalışmalar/MOF Radyoaktif Gaz Adsorpsiyonu/data/processed/cif/pretrain_000276.cif,MgPHCO6,False,False,-0.3514950327118205,0.0918349361792421,0.1349985755511485,2.705562218012952e+25,3.977212384444526e+25,1.9888527039069892,1.2,1.4700132778190231,40,5,8.2,0.7050000000000001,0.6865974075103983,0.1,KAYNAK_VERISI,/home/rakeyma/Tüm_çalışmalar/MOF Radyoaktif Gaz Adsorpsiyonu/data/processed/cif/pretrain_000276.cif,TAM
pretrain_000277,AlP2C8N3O7,HF_COREMOF_GCMC,/home/rakeyma/Tüm_çalışmalar/MOF Radyoaktif Gaz Adsorpsiyonu/data/processed/cif/pretrain_000277.cif,AlP2C8N3O7,False,False,-0.3203434239135617,0.0328579645592192,0.05,9.71204462315858e+24,1.4778828745850578e+25,1.5462410064411043,1.2,1.5217010752411642,42,5,8.0,0.7142857142857143,0.6393934625877871,0.0476190476190476,KAYNAK_VERISI,/home/rakeyma/Tüm_çalışmalar/MOF Radyoaktif Gaz Adsorpsiyonu/data/processed/cif/pretrain_000277.cif,TAM
pretrain_000278,UH2(C5O4)2,HF_COREMOF_GCMC,/home/rakeyma/Tüm_çalışmalar/MOF Radyoaktif Gaz Adsorpsiyonu/data/processed/cif/pretrain_000278.cif,UH2(C5O4)2,False,False,-0.1949030575478053,0.1474609397668808,0.2330971396495256,3.1446031398414465e+25,4.970794288906241e+25,4.551368288254971,2.5032525585402343,1.5807381942501246,42,4,10.38095238095238,0.6690476190476191,0.7389646473275971,0.0476190476190476,KAYNAK_VERISI,/home/rakeyma/Tüm_çalışmalar/MOF Radyoaktif Gaz Adsorpsiyonu/data/processed/cif/pretrain_000278.cif,TAM
pretrain_000279,EuHC6N2O5,HF_COREMOF_GCMC,/home/rakeyma/Tüm_çalışmalar/MOF Radyoaktif Gaz Adsorpsiyonu/data/processed/cif/pretrain_000279.cif,EuHC6N2O5,False,False,-0.272888177149816,0.0266630693681719,0.05,6.59103069616188e+24,1.235984988290522e+25,2.179271850871295,1.2,1.87525296917562,45,5,10.266666666666667,0.7066666666666668,0.768988946604566,0.0666666666666666,KAYNAK_VERISI,/home/rakeyma/Tüm_çalışmalar/MOF Radyoaktif Gaz Adsorpsiyonu/data/processed/cif/pretrain_000279.cif,TAM
pretrain_000280,CoHC4O3,HF_COREMOF_GCMC,/home/rakeyma/Tüm_çalışmalar/MOF Radyoaktif Gaz Adsorpsiyonu/data/processed/cif/pretrain_000280.cif,CoHC4O3,False,False,-0.3016874469803596,0.2027223446159727,0.2408156049896382,3.3889723538711354e+25,4.025789210541387e+25,3.325674945771934,1.829121220174564,1.1879085428191327,54,4,8.444444444444445,0.688888888888889,0.5829397481729994,0.1111111111111111,KAYNAK_VERISI,/home/rakeyma/Tüm_çalışmalar/MOF Radyoaktif Gaz Adsorpsiyonu/data/processed/cif/pretrain_000280.cif,TAM
pretrain_000281,CuH2C8N4(OF)2,HF_COREMOF_GCMC,/home/rakeyma/Tüm_çalışmalar/MOF Radyoaktif Gaz Adsorpsiyonu/data/processed/cif/pretrain_000281.cif,CuH2C8N4(OF)2,False,False,-0.4599689216924911,0.0621677291567671,0.0835469979729396,1.912563937552424e+25,2.57028811541231e+25,2.076788150348894,1.2,1.3438965699110683,38,6,7.421052631578948,0.6447368421052632,0.7160171475289928,0.0526315789473684,KAYNAK_VERISI,/home/rakeyma/Tüm_çalışmalar/MOF Radyoaktif Gaz Adsorpsiyonu/data/processed/cif/pretrain_000281.cif,TAM
pretrain_000282,Ho(CO2)4,HF_COREMOF_GCMC,/home/rakeyma/Tüm_çalışmalar/MOF Radyoaktif Gaz Adsorpsiyonu/data/processed/cif/pretrain_000282.cif,Ho(CO2)4,False,False,-0.4785943460144064,0.149978361712225,0.2528167403047898,2.441413362038037e+25,4.115461463109865e+25,4.837021143375599,2.66036162885658,1.6856881047273249,52,3,11.923076923076923,0.7192307692307693,0.9079035680560402,0.0769230769230769,KAYNAK_VERISI,/home/rakeyma/Tüm_çalışmalar/MOF Radyoaktif Gaz Adsorpsiyonu/data/processed/cif/pretrain_000282.cif,TAM
pretrain_000283,CoHC4O3,HF_COREMOF_GCMC,/home/rakeyma/Tüm_çalışmalar/MOF Radyoaktif Gaz Adsorpsiyonu/data/processed/cif/pretrain_000283.cif,CoHC4O3,False,False,-0.3016874469803596,0.2027223446159727,0.2408156049896382,3.3889723538711354e+25,4.025789210541387e+25,3.325674945771934,1.829121220174564,1.1879085428191327,54,4,8.444444444444445,0.688888888888889,0.5829397481729994,0.1111111111111111,KAYNAK_VERISI,/home/rakeyma/Tüm_çalışmalar/MOF Radyoaktif Gaz Adsorpsiyonu/data/processed/cif/pretrain_000283.cif,TAM
pretrain_000284,CuH8(C2N)4,HF_COREMOF_GCMC,/home/rakeyma/Tüm_çalışmalar/MOF Radyoaktif Gaz Adsorpsiyonu/data/processed/cif/pretrain_000284.cif,CuH8(C2N)4,False,False,-0.3595788678012127,0.055565211083506,0.0637476421433295,3.752883638938055e+25,4.305526399621553e+25,1.7305181678393635,1.2,1.1472581656807983,21,4,5.380952380952381,0.55,0.4242861652234256,0.0476190476190476,KAYNAK_VERISI,/home/rakeyma/Tüm_çalışmalar/MOF Radyoaktif Gaz Adsorpsiyonu/data/processed/cif/pretrain_000284.cif,TAM
pretrain_000285,MgPHCO6,HF_COREMOF_GCMC,/home/rakeyma/Tüm_çalışmalar/MOF Radyoaktif Gaz Adsorpsiyonu/data/processed/cif/pretrain_000285.cif,MgPHCO6,False,False,-0.3514950327118205,0.0918349361792421,0.1349985755511485,2.705562218012952e+25,3.977212384444526e+25,1.9888527039069892,1.2,1.4700132778190231,40,5,8.2,0.7050000000000001,0.6865974075103983,0.1,KAYNAK_VERISI,/home/rakeyma/Tüm_çalışmalar/MOF Radyoaktif Gaz Adsorpsiyonu/data/processed/cif/pretrain_000285.cif,TAM
pretrain_000286,Ho(CO2)4,HF_COREMOF_GCMC,/home/rakeyma/Tüm_çalışmalar/MOF Radyoaktif Gaz Adsorpsiyonu/data/processed/cif/pretrain_000286.cif,Ho(CO2)4,False,False,-0.4785943460144064,0.149978361712225,0.2528167403047898,2.441413362038037e+25,4.115461463109865e+25,4.837021143375599,2.66036162885658,1.6856881047273249,52,3,11.923076923076923,0.7192307692307693,0.9079035680560402,0.0769230769230769,KAYNAK_VERISI,/home/rakeyma/Tüm_çalışmalar/MOF Radyoaktif Gaz Adsorpsiyonu/data/processed/cif/pretrain_000286.cif,TAM
pretrain_000287,Ho(CO2)4,HF_COREMOF_GCMC,/home/rakeyma/Tüm_çalışmalar/MOF Radyoaktif Gaz Adsorpsiyonu/data/processed/cif/pretrain_000287.cif,Ho(CO2)4,False,False,-0.4785943460144064,0.149978361712225,0.2528167403047898,2.441413362038037e+25,4.115461463109865e+25,4.837021143375599,2.66036162885658,1.6856881047273249,52,3,11.923076923076923,0.7192307692307693,0.9079035680560402,0.0769230769230769,KAYNAK_VERISI,/home/rakeyma/Tüm_çalışmalar/MOF Radyoaktif Gaz Adsorpsiyonu/data/processed/cif/pretrain_000287.cif,TAM
pretrain_000288,TbH8C8(NO3)2,HF_COREMOF_GCMC,/home/rakeyma/Tüm_çalışmalar/MOF Radyoaktif Gaz Adsorpsiyonu/data/processed/cif/pretrain_000288.cif,TbH8C8(NO3)2,False,False,-0.4850084406581334,0.0248116621265863,0.05,8.506364654357456e+24,1.714186782602257e+25,1.6927034589673409,1.2,2.015181399170503,50,5,7.32,0.5700000000000001,0.8027353237524806,0.04,KAYNAK_VERISI,/home/rakeyma/Tüm_çalışmalar/MOF Radyoaktif Gaz Adsorpsiyonu/data/processed/cif/pretrain_000288.cif,TAM
pretrain_000289,TbH8C8(NO3)2,HF_COREMOF_GCMC,/home/rakeyma/Tüm_çalışmalar/MOF Radyoaktif Gaz Adsorpsiyonu/data/processed/cif/pretrain_000289.cif,TbH8C8(NO3)2,False,False,-0.4850084406581334,0.0248116621265863,0.05,8.506364654357456e+24,1.714186782602257e+25,1.6927034589673409,1.2,2.015181399170503,50,5,7.32,0.5700000000000001,0.8027353237524806,0.04,KAYNAK_VERISI,/home/rakeyma/Tüm_çalışmalar/MOF Radyoaktif Gaz Adsorpsiyonu/data/processed/cif/pretrain_000289.cif,TAM
pretrain_000290,CoHC4O3,HF_COREMOF_GCMC,/home/rakeyma/Tüm_çalışmalar/MOF Radyoaktif Gaz Adsorpsiyonu/data/processed/cif/pretrain_000290.cif,CoHC4O3,False,False,-0.3016874469803596,0.2027223446159727,0.2408156049896382,3.3889723538711354e+25,4.025789210541387e+25,3.325674945771934,1.829121220174564,1.1879085428191327,54,4,8.444444444444445,0.688888888888889,0.5829397481729994,0.1111111111111111,KAYNAK_VERISI,/home/rakeyma/Tüm_çalışmalar/MOF Radyoaktif Gaz Adsorpsiyonu/data/processed/cif/pretrain_000290.cif,TAM
pretrain_000291,CuH8(C2N)4,HF_COREMOF_GCMC,/home/rakeyma/Tüm_çalışmalar/MOF Radyoaktif Gaz Adsorpsiyonu/data/processed/cif/pretrain_000291.cif,CuH8(C2N)4,False,False,-0.3595788678012127,0.055565211083506,0.0637476421433295,3.752883638938055e+25,4.305526399621553e+25,1.7305181678393635,1.2,1.1472581656807983,21,4,5.380952380952381,0.55,0.4242861652234256,0.0476190476190476,KAYNAK_VERISI,/home/rakeyma/Tüm_çalışmalar/MOF Radyoaktif Gaz Adsorpsiyonu/data/processed/cif/pretrain_000291.cif,TAM
pretrain_000292,CoHC4O3,HF_COREMOF_GCMC,/home/rakeyma/Tüm_çalışmalar/MOF Radyoaktif Gaz Adsorpsiyonu/data/processed/cif/pretrain_000292.cif,CoHC4O3,False,False,-0.3016874469803596,0.2027223446159727,0.2408156049896382,3.3889723538711354e+25,4.025789210541387e+25,3.325674945771934,1.829121220174564,1.1879085428191327,54,4,8.444444444444445,0.688888888888889,0.5829397481729994,0.1111111111111111,KAYNAK_VERISI,/home/rakeyma/Tüm_çalışmalar/MOF Radyoaktif Gaz Adsorpsiyonu/data/processed/cif/pretrain_000292.cif,TAM
pretrain_000293,MnHC3N3Cl,HF_COREMOF_GCMC,/home/rakeyma/Tüm_çalışmalar/MOF Radyoaktif Gaz Adsorpsiyonu/data/processed/cif/pretrain_000293.cif,MnHC3N3Cl,False,False,-0.3158415251168576,0.242130788486378,0.2829629403243215,3.665584283877443e+25,4.283736543611582e+25,4.435337482107187,2.4394356151589527,1.168636760707698,54,5,9.11111111111111,0.7444444444444445,0.586890108964191,0.1111111111111111,KAYNAK_VERISI,/home/rakeyma/Tüm_çalışmalar/MOF Radyoaktif Gaz Adsorpsiyonu/data/processed/cif/pretrain_000293.cif,TAM
pretrain_000294,CoHC4O3,HF_COREMOF_GCMC,/home/rakeyma/Tüm_çalışmalar/MOF Radyoaktif Gaz Adsorpsiyonu/data/processed/cif/pretrain_000294.cif,CoHC4O3,False,False,-0.3016874469803596,0.2027223446159727,0.2408156049896382,3.3889723538711354e+25,4.025789210541387e+25,3.325674945771934,1.829121220174564,1.1879085428191327,54,4,8.444444444444445,0.688888888888889,0.5829397481729994,0.1111111111111111,KAYNAK_VERISI,/home/rakeyma/Tüm_çalışmalar/MOF Radyoaktif Gaz Adsorpsiyonu/data/processed/cif/pretrain_000294.cif,TAM
pretrain_000295,CoPC3NO3,HF_COREMOF_GCMC,/home/rakeyma/Tüm_çalışmalar/MOF Radyoaktif Gaz Adsorpsiyonu/data/processed/cif/pretrain_000295.cif,CoPC3NO3,False,False,-0.339007787587708,0.1898965143943221,0.2483097013590397,2.900170840812462e+25,3.792278956089516e+25,3.13185845514548,1.722522150330014,1.3076053668021623,54,5,10.11111111111111,0.7666666666666667,0.5632406235349152,0.1111111111111111,KAYNAK_VERISI,/home/rakeyma/Tüm_çalışmalar/MOF Radyoaktif Gaz Adsorpsiyonu/data/processed/cif/pretrain_000295.cif,TAM
pretrain_000296,Yb(CO2)4,HF_COREMOF_GCMC,/home/rakeyma/Tüm_çalışmalar/MOF Radyoaktif Gaz Adsorpsiyonu/data/processed/cif/pretrain_000296.cif,Yb(CO2)4,False,False,-0.2276657727356584,0.1093310706107314,0.2033019371630615,3.835293045214321e+25,7.1317558798656345e+25,3.805963847844579,2.093280116314519,1.859507421151205,26,3,12.153846153846152,0.7192307692307693,0.964376597715966,0.0769230769230769,KAYNAK_VERISI,/home/rakeyma/Tüm_çalışmalar/MOF Radyoaktif Gaz Adsorpsiyonu/data/processed/cif/pretrain_000296.cif,TAM
pretrain_000297,CoHC4O3,HF_COREMOF_GCMC,/home/rakeyma/Tüm_çalışmalar/MOF Radyoaktif Gaz Adsorpsiyonu/data/processed/cif/pretrain_000297.cif,CoHC4O3,False,False,-0.3016874469803596,0.2027223446159727,0.2408156049896382,3.3889723538711354e+25,4.025789210541387e+25,3.325674945771934,1.829121220174564,1.1879085428191327,54,4,8.444444444444445,0.688888888888889,0.5829397481729994,0.1111111111111111,KAYNAK_VERISI,/home/rakeyma/Tüm_çalışmalar/MOF Radyoaktif Gaz Adsorpsiyonu/data/processed/cif/pretrain_000297.cif,TAM
pretrain_000298,CoHC4O3,HF_COREMOF_GCMC,/home/rakeyma/Tüm_çalışmalar/MOF Radyoaktif Gaz Adsorpsiyonu/data/processed/cif/pretrain_000298.cif,CoHC4O3,False,False,-0.3016874469803596,0.2027223446159727,0.2408156049896382,3.3889723538711354e+25,4.025789210541387e+25,3.325674945771934,1.829121220174564,1.1879085428191327,54,4,8.444444444444445,0.688888888888889,0.5829397481729994,0.1111111111111111,KAYNAK_VERISI,/home/rakeyma/Tüm_çalışmalar/MOF Radyoaktif Gaz Adsorpsiyonu/data/processed/cif/pretrain_000298.cif,TAM
pretrain_000299,CoHC4O3,HF_COREMOF_GCMC,/home/rakeyma/Tüm_çalışmalar/MOF Radyoaktif Gaz Adsorpsiyonu/data/processed/cif/pretrain_000299.cif,CoHC4O3,False,False,-0.3016874469803596,0.2027223446159727,0.2408156049896382,3.3889723538711354e+25,4.025789210541387e+25,3.325674945771934,1.829121220174564,1.1879085428191327,54,4,8.444444444444445,0.688888888888889,0.5829397481729994,0.1111111111111111,KAYNAK_VERISI,/home/rakeyma/Tüm_çalışmalar/MOF Radyoaktif Gaz Adsorpsiyonu/data/processed/cif/pretrain_000299.cif,TAM
pretrain_000300,CoHC4O3,HF_COREMOF_GCMC,/home/rakeyma/Tüm_çalışmalar/MOF Radyoaktif Gaz Adsorpsiyonu/data/processed/cif/pretrain_000300.cif,CoHC4O3,False,False,-0.3016874469803596,0.2027223446159727,0.2408156049896382,3.3889723538711354e+25,4.025789210541387e+25,3.325674945771934,1.829121220174564,1.1879085428191327,54,4,8.444444444444445,0.688888888888889,0.5829397481729994,0.1111111111111111,KAYNAK_VERISI,/home/rakeyma/Tüm_çalışmalar/MOF Radyoaktif Gaz Adsorpsiyonu/data/processed/cif/pretrain_000300.cif,TAM
pretrain_000301,LiH4C6NO2,HF_COREMOF_GCMC,/home/rakeyma/Tüm_çalışmalar/MOF Radyoaktif Gaz Adsorpsiyonu/data/processed/cif/pretrain_000301.cif,LiH4C6NO2,False,False,-0.2825271100948334,0.0494461371087052,0.05,1.275812609503011e+25,1.290103417682752e+25,1.5,1.2,1.0112013379341875,56,5,4.714285714285714,0.6071428571428571,0.84395260530435,0.0714285714285714,KAYNAK_VERISI,/home/rakeyma/Tüm_çalışmalar/MOF Radyoaktif Gaz Adsorpsiyonu/data/processed/cif/pretrain_000301.cif,TAM
pretrain_000302,Co3H2(C4O5)2,HF_COREMOF_GCMC,/home/rakeyma/Tüm_çalışmalar/MOF Radyoaktif Gaz Adsorpsiyonu/data/processed/cif/pretrain_000302.cif,Co3H2(C4O5)2,False,False,-0.4023899166119086,0.0226978391220267,0.05,1.5142411204807568e+25,3.33565039460362e+25,1.5,1.2,2.202852867675779,23,4,9.173913043478262,0.7021739130434782,0.5829397481729994,0.1304347826086956,KAYNAK_VERISI,/home/rakeyma/Tüm_çalışmalar/MOF Radyoaktif Gaz Adsorpsiyonu/data/processed/cif/pretrain_000302.cif,TAM
pretrain_000303,CuHC4O3,HF_COREMOF_GCMC,/home/rakeyma/Tüm_çalışmalar/MOF Radyoaktif Gaz Adsorpsiyonu/data/processed/cif/pretrain_000303.cif,CuHC4O3,False,False,-0.205978546369902,0.143063613898343,0.189134943314022,2.5852239851953995e+25,3.417753673141659e+25,2.7268008935398664,1.4997404914469266,1.3220338712288924,54,4,8.666666666666666,0.688888888888889,0.577510822409416,0.1111111111111111,KAYNAK_VERISI,/home/rakeyma/Tüm_çalışmalar/MOF Radyoaktif Gaz Adsorpsiyonu/data/processed/cif/pretrain_000303.cif,TAM
pretrain_000304,Ho(CO2)4,HF_COREMOF_GCMC,/home/rakeyma/Tüm_çalışmalar/MOF Radyoaktif Gaz Adsorpsiyonu/data/processed/cif/pretrain_000304.cif,Ho(CO2)4,False,False,-0.4785943460144064,0.149978361712225,0.2528167403047898,2.441413362038037e+25,4.115461463109865e+25,4.837021143375599,2.66036162885658,1.6856881047273249,52,3,11.923076923076923,0.7192307692307693,0.9079035680560402,0.0769230769230769,KAYNAK_VERISI,/home/rakeyma/Tüm_çalışmalar/MOF Radyoaktif Gaz Adsorpsiyonu/data/processed/cif/pretrain_000304.cif,TAM
pretrain_000305,Cd(CO2)4,HF_COREMOF_GCMC,/home/rakeyma/Tüm_çalışmalar/MOF Radyoaktif Gaz Adsorpsiyonu/data/processed/cif/pretrain_000305.cif,Cd(CO2)4,False,False,-0.2440178580712028,0.0704500841992481,0.1217583836549003,1.3898865619909783e+25,2.402131142569935e+25,3.029836813613426,1.6664102474873843,1.7282929472524298,52,3,10.461538461538462,0.703846153846154,0.7144695001654492,0.0769230769230769,KAYNAK_VERISI,/home/rakeyma/Tüm_çalışmalar/MOF Radyoaktif Gaz Adsorpsiyonu/data/processed/cif/pretrain_000305.cif,TAM
pretrain_000306,CoHC4O3,HF_COREMOF_GCMC,/home/rakeyma/Tüm_çalışmalar/MOF Radyoaktif Gaz Adsorpsiyonu/data/processed/cif/pretrain_000306.cif,CoHC4O3,False,False,-0.3016874469803596,0.2027223446159727,0.2408156049896382,3.3889723538711354e+25,4.025789210541387e+25,3.325674945771934,1.829121220174564,1.1879085428191327,54,4,8.444444444444445,0.688888888888889,0.5829397481729994,0.1111111111111111,KAYNAK_VERISI,/home/rakeyma/Tüm_çalışmalar/MOF Radyoaktif Gaz Adsorpsiyonu/data/processed/cif/pretrain_000306.cif,TAM
pretrain_000307,Ho(CO2)4,HF_COREMOF_GCMC,/home/rakeyma/Tüm_çalışmalar/MOF Radyoaktif Gaz Adsorpsiyonu/data/processed/cif/pretrain_000307.cif,Ho(CO2)4,False,False,-0.4785943460144064,0.149978361712225,0.2528167403047898,2.441413362038037e+25,4.115461463109865e+25,4.837021143375599,2.66036162885658,1.6856881047273249,52,3,11.923076923076923,0.7192307692307693,0.9079035680560402,0.0769230769230769,KAYNAK_VERISI,/home/rakeyma/Tüm_çalışmalar/MOF Radyoaktif Gaz Adsorpsiyonu/data/processed/cif/pretrain_000307.cif,TAM
pretrain_000308,CoHC4O3,HF_COREMOF_GCMC,/home/rakeyma/Tüm_çalışmalar/MOF Radyoaktif Gaz Adsorpsiyonu/data/processed/cif/pretrain_000308.cif,CoHC4O3,False,False,-0.3016874469803596,0.2027223446159727,0.2408156049896382,3.3889723538711354e+25,4.025789210541387e+25,3.325674945771934,1.829121220174564,1.1879085428191327,54,4,8.444444444444445,0.688888888888889,0.5829397481729994,0.1111111111111111,KAYNAK_VERISI,/home/rakeyma/Tüm_çalışmalar/MOF Radyoaktif Gaz Adsorpsiyonu/data/processed/cif/pretrain_000308.cif,TAM
pretrain_000309,MgPHCO6,HF_COREMOF_GCMC,/home/rakeyma/Tüm_çalışmalar/MOF Radyoaktif Gaz Adsorpsiyonu/data/processed/cif/pretrain_000309.cif,MgPHCO6,False,False,-0.3514950327118205,0.0918349361792421,0.1349985755511485,2.705562218012952e+25,3.977212384444526e+25,1.9888527039069892,1.2,1.4700132778190231,40,5,8.2,0.7050000000000001,0.6865974075103983,0.1,KAYNAK_VERISI,/home/rakeyma/Tüm_çalışmalar/MOF Radyoaktif Gaz Adsorpsiyonu/data/processed/cif/pretrain_000309.cif,TAM
pretrain_000310,Ho(CO2)4,HF_COREMOF_GCMC,/home/rakeyma/Tüm_çalışmalar/MOF Radyoaktif Gaz Adsorpsiyonu/data/processed/cif/pretrain_000310.cif,Ho(CO2)4,False,False,-0.4785943460144064,0.149978361712225,0.2528167403047898,2.441413362038037e+25,4.115461463109865e+25,4.837021143375599,2.66036162885658,1.6856881047273249,52,3,11.923076923076923,0.7192307692307693,0.9079035680560402,0.0769230769230769,KAYNAK_VERISI,/home/rakeyma/Tüm_çalışmalar/MOF Radyoaktif Gaz Adsorpsiyonu/data/processed/cif/pretrain_000310.cif,TAM
pretrain_000311,Ho(CO2)4,HF_COREMOF_GCMC,/home/rakeyma/Tüm_çalışmalar/MOF Radyoaktif Gaz Adsorpsiyonu/data/processed/cif/pretrain_000311.cif,Ho(CO2)4,False,False,-0.4785943460144064,0.149978361712225,0.2528167403047898,2.441413362038037e+25,4.115461463109865e+25,4.837021143375599,2.66036162885658,1.6856881047273249,52,3,11.923076923076923,0.7192307692307693,0.9079035680560402,0.0769230769230769,KAYNAK_VERISI,/home/rakeyma/Tüm_çalışmalar/MOF Radyoaktif Gaz Adsorpsiyonu/data/processed/cif/pretrain_000311.cif,TAM
pretrain_000312,Ho(CO2)4,HF_COREMOF_GCMC,/home/rakeyma/Tüm_çalışmalar/MOF Radyoaktif Gaz Adsorpsiyonu/data/processed/cif/pretrain_000312.cif,Ho(CO2)4,False,False,-0.4785943460144064,0.149978361712225,0.2528167403047898,2.441413362038037e+25,4.115461463109865e+25,4.837021143375599,2.66036162885658,1.6856881047273249,52,3,11.923076923076923,0.7192307692307693,0.9079035680560402,0.0769230769230769,KAYNAK_VERISI,/home/rakeyma/Tüm_çalışmalar/MOF Radyoaktif Gaz Adsorpsiyonu/data/processed/cif/pretrain_000312.cif,TAM
pretrain_000313,Ho(CO2)4,HF_COREMOF_GCMC,/home/rakeyma/Tüm_çalışmalar/MOF Radyoaktif Gaz Adsorpsiyonu/data/processed/cif/pretrain_000313.cif,Ho(CO2)4,False,False,-0.4785943460144064,0.149978361712225,0.2528167403047898,2.441413362038037e+25,4.115461463109865e+25,4.837021143375599,2.66036162885658,1.6856881047273249,52,3,11.923076923076923,0.7192307692307693,0.9079035680560402,0.0769230769230769,KAYNAK_VERISI,/home/rakeyma/Tüm_çalışmalar/MOF Radyoaktif Gaz Adsorpsiyonu/data/processed/cif/pretrain_000313.cif,TAM
pretrain_000314,CuHC4O3,HF_COREMOF_GCMC,/home/rakeyma/Tüm_çalışmalar/MOF Radyoaktif Gaz Adsorpsiyonu/data/processed/cif/pretrain_000314.cif,CuHC4O3,False,False,-0.205978546369902,0.143063613898343,0.189134943314022,2.5852239851953995e+25,3.417753673141659e+25,2.7268008935398664,1.4997404914469266,1.3220338712288924,54,4,8.666666666666666,0.688888888888889,0.577510822409416,0.1111111111111111,KAYNAK_VERISI,/home/rakeyma/Tüm_çalışmalar/MOF Radyoaktif Gaz Adsorpsiyonu/data/processed/cif/pretrain_000314.cif,TAM
pretrain_000315,CdHC2SN3,HF_COREMOF_GCMC,/home/rakeyma/Tüm_çalışmalar/MOF Radyoaktif Gaz Adsorpsiyonu/data/processed/cif/pretrain_000315.cif,CdHC2SN3,False,False,-0.4448601322464632,0.0214552830137479,0.05,7.783177173832514e+24,1.8138136814241232e+25,1.6365781527320955,1.2,2.3304283596707376,32,5,12.25,0.76875,0.448972159493214,0.125,KAYNAK_VERISI,/home/rakeyma/Tüm_çalışmalar/MOF Radyoaktif Gaz Adsorpsiyonu/data/processed/cif/pretrain_000315.cif,TAM
pretrain_000316,ZnH3(CO2)3,HF_COREMOF_GCMC,/home/rakeyma/Tüm_çalışmalar/MOF Radyoaktif Gaz Adsorpsiyonu/data/processed/cif/pretrain_000316.cif,ZnH3(CO2)3,False,False,-0.2426909561838627,0.0521053986633498,0.079530739606193,1.3063331714848035e+25,1.993913221383093e+25,2.354517765567317,1.2949847710620246,1.5263435583716922,52,4,7.615384615384615,0.6000000000000001,0.6504229393248673,0.0769230769230769,KAYNAK_VERISI,/home/rakeyma/Tüm_çalışmalar/MOF Radyoaktif Gaz Adsorpsiyonu/data/processed/cif/pretrain_000316.cif,TAM
pretrain_000317,EuHC6N2O5,HF_COREMOF_GCMC,/home/rakeyma/Tüm_çalışmalar/MOF Radyoaktif Gaz Adsorpsiyonu/data/processed/cif/pretrain_000317.cif,EuHC6N2O5,False,False,-0.272888177149816,0.0266630693681719,0.05,6.59103069616188e+24,1.235984988290522e+25,2.179271850871295,1.2,1.87525296917562,45,5,10.266666666666667,0.7066666666666668,0.768988946604566,0.0666666666666666,KAYNAK_VERISI,/home/rakeyma/Tüm_çalışmalar/MOF Radyoaktif Gaz Adsorpsiyonu/data/processed/cif/pretrain_000317.cif,TAM
pretrain_000318,CuHC4O3,HF_COREMOF_GCMC,/home/rakeyma/Tüm_çalışmalar/MOF Radyoaktif Gaz Adsorpsiyonu/data/processed/cif/pretrain_000318.cif,CuHC4O3,False,False,-0.205978546369902,0.143063613898343,0.189134943314022,2.5852239851953995e+25,3.417753673141659e+25,2.7268008935398664,1.4997404914469266,1.3220338712288924,54,4,8.666666666666666,0.688888888888889,0.577510822409416,0.1111111111111111,KAYNAK_VERISI,/home/rakeyma/Tüm_çalışmalar/MOF Radyoaktif Gaz Adsorpsiyonu/data/processed/cif/pretrain_000318.cif,TAM
pretrain_000319,LaC12(ClO)6,HF_COREMOF_GCMC,/home/rakeyma/Tüm_çalışmalar/MOF Radyoaktif Gaz Adsorpsiyonu/data/processed/cif/pretrain_000319.cif,LaC12(ClO)6,False,False,-0.5688211219557444,0.0278556086912823,0.05,5.564325439575443e+24,9.987800843348366e+24,1.9871936116040632,1.2,1.7949706486093728,50,4,11.16,0.7979999999999999,0.90361427058231,0.04,KAYNAK_VERISI,/home/rakeyma/Tüm_çalışmalar/MOF Radyoaktif Gaz Adsorpsiyonu/data/processed/cif/pretrain_000319.cif,TAM
pretrain_000320,CuHC4O3,HF_COREMOF_GCMC,/home/rakeyma/Tüm_çalışmalar/MOF Radyoaktif Gaz Adsorpsiyonu/data/processed/cif/pretrain_000320.cif,CuHC4O3,False,False,-0.205978546369902,0.143063613898343,0.189134943314022,2.5852239851953995e+25,3.417753673141659e+25,2.7268008935398664,1.4997404914469266,1.3220338712288924,54,4,8.666666666666666,0.688888888888889,0.577510822409416,0.1111111111111111,KAYNAK_VERISI,/home/rakeyma/Tüm_çalışmalar/MOF Radyoaktif Gaz Adsorpsiyonu/data/processed/cif/pretrain_000320.cif,TAM
pretrain_000321,MnH5C10N3O4,HF_COREMOF_GCMC,/home/rakeyma/Tüm_çalışmalar/MOF Radyoaktif Gaz Adsorpsiyonu/data/processed/cif/pretrain_000321.cif,MnH5C10N3O4,False,False,-0.5498122438575944,0.0343548966619251,0.05,1.1508744542835904e+25,1.674978774654682e+25,1.7342943233488368,1.2,1.455396605963717,46,5,6.217391304347826,0.6086956521739132,0.6564327840685594,0.0434782608695652,KAYNAK_VERISI,/home/rakeyma/Tüm_çalışmalar/MOF Radyoaktif Gaz Adsorpsiyonu/data/processed/cif/pretrain_000321.cif,TAM
pretrain_000322,ZnHC4O3,HF_COREMOF_GCMC,/home/rakeyma/Tüm_çalışmalar/MOF Radyoaktif Gaz Adsorpsiyonu/data/processed/cif/pretrain_000322.cif,ZnHC4O3,False,False,-0.2677312773291185,0.2068786041617683,0.2515640963015523,3.3991159257691533e+25,4.133320260715269e+25,3.442719217267522,1.8934955694971372,1.2159986158106626,54,4,8.777777777777779,0.688888888888889,0.6504229393248673,0.1111111111111111,KAYNAK_VERISI,/home/rakeyma/Tüm_çalışmalar/MOF Radyoaktif Gaz Adsorpsiyonu/data/processed/cif/pretrain_000322.cif,TAM
pretrain_000323,Ho(CO2)4,HF_COREMOF_GCMC,/home/rakeyma/Tüm_çalışmalar/MOF Radyoaktif Gaz Adsorpsiyonu/data/processed/cif/pretrain_000323.cif,Ho(CO2)4,False,False,-0.4785943460144064,0.149978361712225,0.2528167403047898,2.441413362038037e+25,4.115461463109865e+25,4.837021143375599,2.66036162885658,1.6856881047273249,52,3,11.923076923076923,0.7192307692307693,0.9079035680560402,0.0769230769230769,KAYNAK_VERISI,/home/rakeyma/Tüm_çalışmalar/MOF Radyoaktif Gaz Adsorpsiyonu/data/processed/cif/pretrain_000323.cif,TAM
pretrain_000324,NiHC4O3,HF_COREMOF_GCMC,/home/rakeyma/Tüm_çalışmalar/MOF Radyoaktif Gaz Adsorpsiyonu/data/processed/cif/pretrain_000324.cif,NiHC4O3,False,False,-0.2850008840109861,0.2053149565183192,0.2445249196354211,3.446471485280089e+25,4.104660358188226e+25,3.307179953819433,1.818948974600688,1.1909747043372527,54,4,8.555555555555555,0.688888888888889,0.5748260606479145,0.1111111111111111,KAYNAK_VERISI,/home/rakeyma/Tüm_çalışmalar/MOF Radyoaktif Gaz Adsorpsiyonu/data/processed/cif/pretrain_000324.cif,TAM
pretrain_000325,Ho(CO2)4,HF_COREMOF_GCMC,/home/rakeyma/Tüm_çalışmalar/MOF Radyoaktif Gaz Adsorpsiyonu/data/processed/cif/pretrain_000325.cif,Ho(CO2)4,False,False,-0.4785943460144064,0.149978361712225,0.2528167403047898,2.441413362038037e+25,4.115461463109865e+25,4.837021143375599,2.66036162885658,1.6856881047273249,52,3,11.923076923076923,0.7192307692307693,0.9079035680560402,0.0769230769230769,KAYNAK_VERISI,/home/rakeyma/Tüm_çalışmalar/MOF Radyoaktif Gaz Adsorpsiyonu/data/processed/cif/pretrain_000325.cif,TAM
pretrain_000326,MgPHCO6,HF_COREMOF_GCMC,/home/rakeyma/Tüm_çalışmalar/MOF Radyoaktif Gaz Adsorpsiyonu/data/processed/cif/pretrain_000326.cif,MgPHCO6,False,False,-0.3514950327118205,0.0918349361792421,0.1349985755511485,2.705562218012952e+25,3.977212384444526e+25,1.9888527039069892,1.2,1.4700132778190231,40,5,8.2,0.7050000000000001,0.6865974075103983,0.1,KAYNAK_VERISI,/home/rakeyma/Tüm_çalışmalar/MOF Radyoaktif Gaz Adsorpsiyonu/data/processed/cif/pretrain_000326.cif,TAM
pretrain_000327,CoHC4O3,HF_COREMOF_GCMC,/home/rakeyma/Tüm_çalışmalar/MOF Radyoaktif Gaz Adsorpsiyonu/data/processed/cif/pretrain_000327.cif,CoHC4O3,False,False,-0.3016874469803596,0.2027223446159727,0.2408156049896382,3.3889723538711354e+25,4.025789210541387e+25,3.325674945771934,1.829121220174564,1.1879085428191327,54,4,8.444444444444445,0.688888888888889,0.5829397481729994,0.1111111111111111,KAYNAK_VERISI,/home/rakeyma/Tüm_çalışmalar/MOF Radyoaktif Gaz Adsorpsiyonu/data/processed/cif/pretrain_000327.cif,TAM
pretrain_000328,Sr(C2O3)2,HF_COREMOF_GCMC,/home/rakeyma/Tüm_çalışmalar/MOF Radyoaktif Gaz Adsorpsiyonu/data/processed/cif/pretrain_000328.cif,Sr(C2O3)2,False,False,-0.5523392056817121,0.0365076519358056,0.0563347440737563,8.007119183943783e+24,1.2355738758239134e+25,2.252920632641311,1.2391063479527211,1.5430941483942675,44,3,10.0,0.7636363636363637,1.0302211197386488,0.0909090909090909,KAYNAK_VERISI,/home/rakeyma/Tüm_çalışmalar/MOF Radyoaktif Gaz Adsorpsiyonu/data/processed/cif/pretrain_000328.cif,TAM
pretrain_000329,Ho(CO2)4,HF_COREMOF_GCMC,/home/rakeyma/Tüm_çalışmalar/MOF Radyoaktif Gaz Adsorpsiyonu/data/processed/cif/pretrain_000329.cif,Ho(CO2)4,False,False,-0.4785943460144064,0.149978361712225,0.2528167403047898,2.441413362038037e+25,4.115461463109865e+25,4.837021143375599,2.66036162885658,1.6856881047273249,52,3,11.923076923076923,0.7192307692307693,0.9079035680560402,0.0769230769230769,KAYNAK_VERISI,/home/rakeyma/Tüm_çalışmalar/MOF Radyoaktif Gaz Adsorpsiyonu/data/processed/cif/pretrain_000329.cif,TAM
pretrain_000330,Fe2C4Cl2O9,HF_COREMOF_GCMC,/home/rakeyma/Tüm_çalışmalar/MOF Radyoaktif Gaz Adsorpsiyonu/data/processed/cif/pretrain_000330.cif,Fe2C4Cl2O9,False,False,-0.1945708216821267,0.1207959175776015,0.1851451817186259,3.2545086912313037e+25,4.988219926023356e+25,3.77704173503509,2.0773729542693,1.5327105868431787,34,4,10.705882352941176,0.7647058823529411,0.6185668920981788,0.1176470588235294,KAYNAK_VERISI,/home/rakeyma/Tüm_çalışmalar/MOF Radyoaktif Gaz Adsorpsiyonu/data/processed/cif/pretrain_000330.cif,TAM
pretrain_000331,EuHC6N2O5,HF_COREMOF_GCMC,/home/rakeyma/Tüm_çalışmalar/MOF Radyoaktif Gaz Adsorpsiyonu/data/processed/cif/pretrain_000331.cif,EuHC6N2O5,False,False,-0.272888177149816,0.0266630693681719,0.05,6.59103069616188e+24,1.235984988290522e+25,2.179271850871295,1.2,1.87525296917562,45,5,10.266666666666667,0.7066666666666668,0.768988946604566,0.0666666666666666,KAYNAK_VERISI,/home/rakeyma/Tüm_çalışmalar/MOF Radyoaktif Gaz Adsorpsiyonu/data/processed/cif/pretrain_000331.cif,TAM
pretrain_000332,KMnH16(C4O5)3,HF_COREMOF_GCMC,/home/rakeyma/Tüm_çalışmalar/MOF Radyoaktif Gaz Adsorpsiyonu/data/processed/cif/pretrain_000332.cif,KMnH16(C4O5)3,False,False,-0.2788082496906255,0.0354096802600203,0.05,1.3323061423576622e+25,1.881273895406953e+25,1.5,1.2,1.412043250118049,45,5,5.6,0.5555555555555557,0.8886259055418091,0.0444444444444444,KAYNAK_VERISI,/home/rakeyma/Tüm_çalışmalar/MOF Radyoaktif Gaz Adsorpsiyonu/data/processed/cif/pretrain_000332.cif,TAM
pretrain_000333,LaC12(ClO)6,HF_COREMOF_GCMC,/home/rakeyma/Tüm_çalışmalar/MOF Radyoaktif Gaz Adsorpsiyonu/data/processed/cif/pretrain_000333.cif,LaC12(ClO)6,False,False,-0.5688211219557444,0.0278556086912823,0.05,5.564325439575443e+24,9.987800843348366e+24,1.9871936116040632,1.2,1.7949706486093728,50,4,11.16,0.7979999999999999,0.90361427058231,0.04,KAYNAK_VERISI,/home/rakeyma/Tüm_çalışmalar/MOF Radyoaktif Gaz Adsorpsiyonu/data/processed/cif/pretrain_000333.cif,TAM
pretrain_000334,LiH4C6NO2,HF_COREMOF_GCMC,/home/rakeyma/Tüm_çalışmalar/MOF Radyoaktif Gaz Adsorpsiyonu/data/processed/cif/pretrain_000334.cif,LiH4C6NO2,False,False,-0.2825271100948334,0.0494461371087052,0.05,1.275812609503011e+25,1.290103417682752e+25,1.5,1.2,1.0112013379341875,56,5,4.714285714285714,0.6071428571428571,0.84395260530435,0.0714285714285714,KAYNAK_VERISI,/home/rakeyma/Tüm_çalışmalar/MOF Radyoaktif Gaz Adsorpsiyonu/data/processed/cif/pretrain_000334.cif,TAM
pretrain_000335,Ho(CO2)4,HF_COREMOF_GCMC,/home/rakeyma/Tüm_çalışmalar/MOF Radyoaktif Gaz Adsorpsiyonu/data/processed/cif/pretrain_000335.cif,Ho(CO2)4,False,False,-0.4785943460144064,0.149978361712225,0.2528167403047898,2.441413362038037e+25,4.115461463109865e+25,4.837021143375599,2.66036162885658,1.6856881047273249,52,3,11.923076923076923,0.7192307692307693,0.9079035680560402,0.0769230769230769,KAYNAK_VERISI,/home/rakeyma/Tüm_çalışmalar/MOF Radyoaktif Gaz Adsorpsiyonu/data/processed/cif/pretrain_000335.cif,TAM
pretrain_000336,EuHC6N2O5,HF_COREMOF_GCMC,/home/rakeyma/Tüm_çalışmalar/MOF Radyoaktif Gaz Adsorpsiyonu/data/processed/cif/pretrain_000336.cif,EuHC6N2O5,False,False,-0.272888177149816,0.0266630693681719,0.05,6.59103069616188e+24,1.235984988290522e+25,2.179271850871295,1.2,1.87525296917562,45,5,10.266666666666667,0.7066666666666668,0.768988946604566,0.0666666666666666,KAYNAK_VERISI,/home/rakeyma/Tüm_çalışmalar/MOF Radyoaktif Gaz Adsorpsiyonu/data/processed/cif/pretrain_000336.cif,TAM
pretrain_000337,YH4(CO2)4,HF_COREMOF_GCMC,/home/rakeyma/Tüm_çalışmalar/MOF Radyoaktif Gaz Adsorpsiyonu/data/processed/cif/pretrain_000337.cif,YH4(CO2)4,False,False,-0.2927306989086387,0.0290600682297266,0.05,1.224155585179548e+25,2.1062503630451072e+25,1.5,1.2,1.7205740745251603,34,4,7.705882352941177,0.6117647058823531,0.7949017234853627,0.0588235294117647,KAYNAK_VERISI,/home/rakeyma/Tüm_çalışmalar/MOF Radyoaktif Gaz Adsorpsiyonu/data/processed/cif/pretrain_000337.cif,TAM
pretrain_000338,PrH4(C3O4)2,HF_COREMOF_GCMC,/home/rakeyma/Tüm_çalışmalar/MOF Radyoaktif Gaz Adsorpsiyonu/data/processed/cif/pretrain_000338.cif,PrH4(C3O4)2,False,False,-0.2932541461957817,0.0269234116356386,0.05,6.362688521709699e+24,1.1816274638254576e+25,2.2767644146902857,1.2522204280796572,1.8571197690940024,57,4,8.578947368421053,0.6236842105263158,0.8272544953035915,0.0526315789473684,KAYNAK_VERISI,/home/rakeyma/Tüm_çalışmalar/MOF Radyoaktif Gaz Adsorpsiyonu/data/processed/cif/pretrain_000338.cif,TAM
pretrain_000339,Cd(CN)2,HF_COREMOF_GCMC,/home/rakeyma/Tüm_çalışmalar/MOF Radyoaktif Gaz Adsorpsiyonu/data/processed/cif/pretrain_000339.cif,Cd(CN)2,False,False,-0.1874904686687049,0.5573601854382192,0.5680063041041364,5.686563507447499e+25,5.7951823709459045e+25,6.681966667690911,3.675081667230001,1.0191009672812326,40,3,14.8,0.85,0.557992433242204,0.2,KAYNAK_VERISI,/home/rakeyma/Tüm_çalışmalar/MOF Radyoaktif Gaz Adsorpsiyonu/data/processed/cif/pretrain_000339.cif,TAM
pretrain_000340,CuHC4O3,HF_COREMOF_GCMC,/home/rakeyma/Tüm_çalışmalar/MOF Radyoaktif Gaz Adsorpsiyonu/data/processed/cif/pretrain_000340.cif,CuHC4O3,False,False,-0.205978546369902,0.143063613898343,0.189134943314022,2.5852239851953995e+25,3.417753673141659e+25,2.7268008935398664,1.4997404914469266,1.3220338712288924,54,4,8.666666666666666,0.688888888888889,0.577510822409416,0.1111111111111111,KAYNAK_VERISI,/home/rakeyma/Tüm_çalışmalar/MOF Radyoaktif Gaz Adsorpsiyonu/data/processed/cif/pretrain_000340.cif,TAM
pretrain_000341,CoHC4O3,HF_COREMOF_GCMC,/home/rakeyma/Tüm_çalışmalar/MOF Radyoaktif Gaz Adsorpsiyonu/data/processed/cif/pretrain_000341.cif,CoHC4O3,False,False,-0.3016874469803596,0.2027223446159727,0.2408156049896382,3.3889723538711354e+25,4.025789210541387e+25,3.325674945771934,1.829121220174564,1.1879085428191327,54,4,8.444444444444445,0.688888888888889,0.5829397481729994,0.1111111111111111,KAYNAK_VERISI,/home/rakeyma/Tüm_çalışmalar/MOF Radyoaktif Gaz Adsorpsiyonu/data/processed/cif/pretrain_000341.cif,TAM
pretrain_000342,FeHC4O3,HF_COREMOF_GCMC,/home/rakeyma/Tüm_çalışmalar/MOF Radyoaktif Gaz Adsorpsiyonu/data/processed/cif/pretrain_000342.cif,FeHC4O3,False,False,-0.2934595702585894,0.2132917425616269,0.2442162494471299,3.5062473095194724e+25,4.014607210204248e+25,3.366864725510025,1.8517755990305145,1.144986892197985,54,4,8.333333333333334,0.6944444444444445,0.5968458762528228,0.1111111111111111,KAYNAK_VERISI,/home/rakeyma/Tüm_çalışmalar/MOF Radyoaktif Gaz Adsorpsiyonu/data/processed/cif/pretrain_000342.cif,TAM
pretrain_000343,CoHC4O3,HF_COREMOF_GCMC,/home/rakeyma/Tüm_çalışmalar/MOF Radyoaktif Gaz Adsorpsiyonu/data/processed/cif/pretrain_000343.cif,CoHC4O3,False,False,-0.3016874469803596,0.2027223446159727,0.2408156049896382,3.3889723538711354e+25,4.025789210541387e+25,3.325674945771934,1.829121220174564,1.1879085428191327,54,4,8.444444444444445,0.688888888888889,0.5829397481729994,0.1111111111111111,KAYNAK_VERISI,/home/rakeyma/Tüm_çalışmalar/MOF Radyoaktif Gaz Adsorpsiyonu/data/processed/cif/pretrain_000343.cif,TAM
pretrain_000344,EuHC6N2O5,HF_COREMOF_GCMC,/home/rakeyma/Tüm_çalışmalar/MOF Radyoaktif Gaz Adsorpsiyonu/data/processed/cif/pretrain_000344.cif,EuHC6N2O5,False,False,-0.272888177149816,0.0266630693681719,0.05,6.59103069616188e+24,1.235984988290522e+25,2.179271850871295,1.2,1.87525296917562,45,5,10.266666666666667,0.7066666666666668,0.768988946604566,0.0666666666666666,KAYNAK_VERISI,/home/rakeyma/Tüm_çalışmalar/MOF Radyoaktif Gaz Adsorpsiyonu/data/processed/cif/pretrain_000344.cif,TAM
pretrain_000345,ZnH3(CO2)3,HF_COREMOF_GCMC,/home/rakeyma/Tüm_çalışmalar/MOF Radyoaktif Gaz Adsorpsiyonu/data/processed/cif/pretrain_000345.cif,ZnH3(CO2)3,False,False,-0.2426909561838627,0.0521053986633498,0.079530739606193,1.3063331714848035e+25,1.993913221383093e+25,2.354517765567317,1.2949847710620246,1.5263435583716922,52,4,7.615384615384615,0.6000000000000001,0.6504229393248673,0.0769230769230769,KAYNAK_VERISI,/home/rakeyma/Tüm_çalışmalar/MOF Radyoaktif Gaz Adsorpsiyonu/data/processed/cif/pretrain_000345.cif,TAM
pretrain_000346,CuHC4O3,HF_COREMOF_GCMC,/home/rakeyma/Tüm_çalışmalar/MOF Radyoaktif Gaz Adsorpsiyonu/data/processed/cif/pretrain_000346.cif,CuHC4O3,False,False,-0.205978546369902,0.143063613898343,0.189134943314022,2.5852239851953995e+25,3.417753673141659e+25,2.7268008935398664,1.4997404914469266,1.3220338712288924,54,4,8.666666666666666,0.688888888888889,0.577510822409416,0.1111111111111111,KAYNAK_VERISI,/home/rakeyma/Tüm_çalışmalar/MOF Radyoaktif Gaz Adsorpsiyonu/data/processed/cif/pretrain_000346.cif,TAM
pretrain_000347,ZnCrH18C14(N2O)2,HF_COREMOF_GCMC,/home/rakeyma/Tüm_çalışmalar/MOF Radyoaktif Gaz Adsorpsiyonu/data/processed/cif/pretrain_000347.cif,ZnCrH18C14(N2O)2,False,False,-0.4760620884541638,0.0960454740280064,0.1018516660070818,3.424507411877276e+25,3.6315275517469383e+25,2.2145268798608373,1.2179897839234606,1.0604525308228716,40,6,5.0,0.52125,0.6658995586589784,0.05,KAYNAK_VERISI,/home/rakeyma/Tüm_çalışmalar/MOF Radyoaktif Gaz Adsorpsiyonu/data/processed/cif/pretrain_000347.cif,TAM
pretrain_000348,CuH8(C2N)4,HF_COREMOF_GCMC,/home/rakeyma/Tüm_çalışmalar/MOF Radyoaktif Gaz Adsorpsiyonu/data/processed/cif/pretrain_000348.cif,CuH8(C2N)4,False,False,-0.3610565226138778,0.0464199914450388,0.0538203939291945,3.168457201349375e+25,3.6735813475175e+25,1.593554615268837,1.2,1.159422745540954,21,4,5.380952380952381,0.55,0.4242861652234256,0.0476190476190476,KAYNAK_VERISI,/home/rakeyma/Tüm_çalışmalar/MOF Radyoaktif Gaz Adsorpsiyonu/data/processed/cif/pretrain_000348.cif,TAM
pretrain_000349,Ho(CO2)4,HF_COREMOF_GCMC,/home/rakeyma/Tüm_çalışmalar/MOF Radyoaktif Gaz Adsorpsiyonu/data/processed/cif/pretrain_000349.cif,Ho(CO2)4,False,False,-0.4785943460144064,0.149978361712225,0.2528167403047898,2.441413362038037e+25,4.115461463109865e+25,4.837021143375599,2.66036162885658,1.6856881047273249,52,3,11.923076923076923,0.7192307692307693,0.9079035680560402,0.0769230769230769,KAYNAK_VERISI,/home/rakeyma/Tüm_çalışmalar/MOF Radyoaktif Gaz Adsorpsiyonu/data/processed/cif/pretrain_000349.cif,TAM
pretrain_000350,Ho(CO2)4,HF_COREMOF_GCMC,/home/rakeyma/Tüm_çalışmalar/MOF Radyoaktif Gaz Adsorpsiyonu/data/processed/cif/pretrain_000350.cif,Ho(CO2)4,False,False,-0.4785943460144064,0.149978361712225,0.2528167403047898,2.441413362038037e+25,4.115461463109865e+25,4.837021143375599,2.66036162885658,1.6856881047273249,52,3,11.923076923076923,0.7192307692307693,0.9079035680560402,0.0769230769230769,KAYNAK_VERISI,/home/rakeyma/Tüm_çalışmalar/MOF Radyoaktif Gaz Adsorpsiyonu/data/processed/cif/pretrain_000350.cif,TAM
pretrain_000351,Ho(CO2)4,HF_COREMOF_GCMC,/home/rakeyma/Tüm_çalışmalar/MOF Radyoaktif Gaz Adsorpsiyonu/data/processed/cif/pretrain_000351.cif,Ho(CO2)4,False,False,-0.4785943460144064,0.149978361712225,0.2528167403047898,2.441413362038037e+25,4.115461463109865e+25,4.837021143375599,2.66036162885658,1.6856881047273249,52,3,11.923076923076923,0.7192307692307693,0.9079035680560402,0.0769230769230769,KAYNAK_VERISI,/home/rakeyma/Tüm_çalışmalar/MOF Radyoaktif Gaz Adsorpsiyonu/data/processed/cif/pretrain_000351.cif,TAM
pretrain_000352,YH4(CO2)4,HF_COREMOF_GCMC,/home/rakeyma/Tüm_çalışmalar/MOF Radyoaktif Gaz Adsorpsiyonu/data/processed/cif/pretrain_000352.cif,YH4(CO2)4,False,False,-0.2927306989086387,0.0290600682297266,0.05,1.224155585179548e+25,2.1062503630451072e+25,1.5,1.2,1.7205740745251603,34,4,7.705882352941177,0.6117647058823531,0.7949017234853627,0.0588235294117647,KAYNAK_VERISI,/home/rakeyma/Tüm_çalışmalar/MOF Radyoaktif Gaz Adsorpsiyonu/data/processed/cif/pretrain_000352.cif,TAM
pretrain_000353,ZnHC4O3,HF_COREMOF_GCMC,/home/rakeyma/Tüm_çalışmalar/MOF Radyoaktif Gaz Adsorpsiyonu/data/processed/cif/pretrain_000353.cif,ZnHC4O3,False,False,-0.2677312773291185,0.2068786041617683,0.2515640963015523,3.3991159257691533e+25,4.133320260715269e+25,3.442719217267522,1.8934955694971372,1.2159986158106626,54,4,8.777777777777779,0.688888888888889,0.6504229393248673,0.1111111111111111,KAYNAK_VERISI,/home/rakeyma/Tüm_çalışmalar/MOF Radyoaktif Gaz Adsorpsiyonu/data/processed/cif/pretrain_000353.cif,TAM
pretrain_000354,CoHC4O3,HF_COREMOF_GCMC,/home/rakeyma/Tüm_çalışmalar/MOF Radyoaktif Gaz Adsorpsiyonu/data/processed/cif/pretrain_000354.cif,CoHC4O3,False,False,-0.3016874469803596,0.2027223446159727,0.2408156049896382,3.3889723538711354e+25,4.025789210541387e+25,3.325674945771934,1.829121220174564,1.1879085428191327,54,4,8.444444444444445,0.688888888888889,0.5829397481729994,0.1111111111111111,KAYNAK_VERISI,/home/rakeyma/Tüm_çalışmalar/MOF Radyoaktif Gaz Adsorpsiyonu/data/processed/cif/pretrain_000354.cif,TAM
pretrain_000355,Cu2H3C9O7,HF_COREMOF_GCMC,/home/rakeyma/Tüm_çalışmalar/MOF Radyoaktif Gaz Adsorpsiyonu/data/processed/cif/pretrain_000355.cif,Cu2H3C9O7,False,False,-0.2814500135534021,0.0253073033598611,0.05,9.40207163957274e+24,1.857580696346528e+25,1.5,1.2,1.9757142548543083,42,4,8.142857142857142,0.6642857142857144,0.577510822409416,0.0952380952380952,KAYNAK_VERISI,/home/rakeyma/Tüm_çalışmalar/MOF Radyoaktif Gaz Adsorpsiyonu/data/processed/cif/pretrain_000355.cif,TAM
pretrain_000356,ZnHC4O3,HF_COREMOF_GCMC,/home/rakeyma/Tüm_çalışmalar/MOF Radyoaktif Gaz Adsorpsiyonu/data/processed/cif/pretrain_000356.cif,ZnHC4O3,False,False,-0.2677312773291185,0.2068786041617683,0.2515640963015523,3.3991159257691533e+25,4.133320260715269e+25,3.442719217267522,1.8934955694971372,1.2159986158106626,54,4,8.777777777777779,0.688888888888889,0.6504229393248673,0.1111111111111111,KAYNAK_VERISI,/home/rakeyma/Tüm_çalışmalar/MOF Radyoaktif Gaz Adsorpsiyonu/data/processed/cif/pretrain_000356.cif,TAM
pretrain_000357,AlH2C10O9,HF_COREMOF_GCMC,/home/rakeyma/Tüm_çalışmalar/MOF Radyoaktif Gaz Adsorpsiyonu/data/processed/cif/pretrain_000357.cif,AlH2C10O9,False,False,-0.2901437510348759,0.0374740809705663,0.05,1.1234019029860233e+25,1.4989052084671377e+25,1.5,1.2,1.334255536227079,44,4,6.681818181818182,0.6431818181818183,0.6629856710367125,0.0454545454545454,KAYNAK_VERISI,/home/rakeyma/Tüm_çalışmalar/MOF Radyoaktif Gaz Adsorpsiyonu/data/processed/cif/pretrain_000357.cif,TAM
pretrain_000358,SmH9(C2O)6,HF_COREMOF_GCMC,/home/rakeyma/Tüm_çalışmalar/MOF Radyoaktif Gaz Adsorpsiyonu/data/processed/cif/pretrain_000358.cif,SmH9(C2O)6,False,False,-0.5533311169052184,0.0331136208540026,0.05,8.2408418593811e+24,1.244328111340469e+25,1.8852289118300725,1.2,1.5099526632997664,56,4,6.821428571428571,0.5750000000000001,0.8128037893612454,0.0357142857142857,KAYNAK_VERISI,/home/rakeyma/Tüm_çalışmalar/MOF Radyoaktif Gaz Adsorpsiyonu/data/processed/cif/pretrain_000358.cif,TAM
pretrain_000359,Ho(CO2)4,HF_COREMOF_GCMC,/home/rakeyma/Tüm_çalışmalar/MOF Radyoaktif Gaz Adsorpsiyonu/data/processed/cif/pretrain_000359.cif,Ho(CO2)4,False,False,-0.4785943460144064,0.149978361712225,0.2528167403047898,2.441413362038037e+25,4.115461463109865e+25,4.837021143375599,2.66036162885658,1.6856881047273249,52,3,11.923076923076923,0.7192307692307693,0.9079035680560402,0.0769230769230769,KAYNAK_VERISI,/home/rakeyma/Tüm_çalışmalar/MOF Radyoaktif Gaz Adsorpsiyonu/data/processed/cif/pretrain_000359.cif,TAM
pretrain_000360,EuH3C9(NO2)3,HF_COREMOF_GCMC,/home/rakeyma/Tüm_çalışmalar/MOF Radyoaktif Gaz Adsorpsiyonu/data/processed/cif/pretrain_000360.cif,EuH3C9(NO2)3,False,False,-0.392826364855677,0.0304497683196859,0.05,8.209112099068205e+24,1.3479761180581744e+25,1.5,1.2,1.642048618401958,44,5,8.590909090909092,0.656818181818182,0.768988946604566,0.0454545454545454,KAYNAK_VERISI,/home/rakeyma/Tüm_çalışmalar/MOF Radyoaktif Gaz Adsorpsiyonu/data/processed/cif/pretrain_000360.cif,TAM
pretrain_000361,Cd(CO2)4,HF_COREMOF_GCMC,/home/rakeyma/Tüm_çalışmalar/MOF Radyoaktif Gaz Adsorpsiyonu/data/processed/cif/pretrain_000361.cif,Cd(CO2)4,False,False,-0.2440178580712028,0.0704500841992481,0.1217583836549003,1.3898865619909783e+25,2.402131142569935e+25,3.029836813613426,1.6664102474873843,1.7282929472524298,52,3,10.461538461538462,0.703846153846154,0.7144695001654492,0.0769230769230769,KAYNAK_VERISI,/home/rakeyma/Tüm_çalışmalar/MOF Radyoaktif Gaz Adsorpsiyonu/data/processed/cif/pretrain_000361.cif,TAM
pretrain_000362,CoHC4O3,HF_COREMOF_GCMC,/home/rakeyma/Tüm_çalışmalar/MOF Radyoaktif Gaz Adsorpsiyonu/data/processed/cif/pretrain_000362.cif,CoHC4O3,False,False,-0.3016874469803596,0.2027223446159727,0.2408156049896382,3.3889723538711354e+25,4.025789210541387e+25,3.325674945771934,1.829121220174564,1.1879085428191327,54,4,8.444444444444445,0.688888888888889,0.5829397481729994,0.1111111111111111,KAYNAK_VERISI,/home/rakeyma/Tüm_çalışmalar/MOF Radyoaktif Gaz Adsorpsiyonu/data/processed/cif/pretrain_000362.cif,TAM
pretrain_000363,EuH3C9(NO2)3,HF_COREMOF_GCMC,/home/rakeyma/Tüm_çalışmalar/MOF Radyoaktif Gaz Adsorpsiyonu/data/processed/cif/pretrain_000363.cif,EuH3C9(NO2)3,False,False,-0.392826364855677,0.0304497683196859,0.05,8.209112099068205e+24,1.3479761180581744e+25,1.5,1.2,1.642048618401958,44,5,8.590909090909092,0.656818181818182,0.768988946604566,0.0454545454545454,KAYNAK_VERISI,/home/rakeyma/Tüm_çalışmalar/MOF Radyoaktif Gaz Adsorpsiyonu/data/processed/cif/pretrain_000363.cif,TAM
pretrain_000364,LaC12(ClO)6,HF_COREMOF_GCMC,/home/rakeyma/Tüm_çalışmalar/MOF Radyoaktif Gaz Adsorpsiyonu/data/processed/cif/pretrain_000364.cif,LaC12(ClO)6,False,False,-0.5688211219557444,0.0278556086912823,0.05,5.564325439575443e+24,9.987800843348366e+24,1.9871936116040632,1.2,1.7949706486093728,50,4,11.16,0.7979999999999999,0.90361427058231,0.04,KAYNAK_VERISI,/home/rakeyma/Tüm_çalışmalar/MOF Radyoaktif Gaz Adsorpsiyonu/data/processed/cif/pretrain_000364.cif,TAM
pretrain_000365,LaC12(ClO)6,HF_COREMOF_GCMC,/home/rakeyma/Tüm_çalışmalar/MOF Radyoaktif Gaz Adsorpsiyonu/data/processed/cif/pretrain_000365.cif,LaC12(ClO)6,False,False,-0.5688211219557444,0.0278556086912823,0.05,5.564325439575443e+24,9.987800843348366e+24,1.9871936116040632,1.2,1.7949706486093728,50,4,11.16,0.7979999999999999,0.90361427058231,0.04,KAYNAK_VERISI,/home/rakeyma/Tüm_çalışmalar/MOF Radyoaktif Gaz Adsorpsiyonu/data/processed/cif/pretrain_000365.cif,TAM
pretrain_000366,ZnCrH18C14(N2O)2,HF_COREMOF_GCMC,/home/rakeyma/Tüm_çalışmalar/MOF Radyoaktif Gaz Adsorpsiyonu/data/processed/cif/pretrain_000366.cif,ZnCrH18C14(N2O)2,False,False,-0.4760620884541638,0.0960454740280064,0.1018516660070818,3.424507411877276e+25,3.6315275517469383e+25,2.2145268798608373,1.2179897839234606,1.0604525308228716,40,6,5.0,0.52125,0.6658995586589784,0.05,KAYNAK_VERISI,/home/rakeyma/Tüm_çalışmalar/MOF Radyoaktif Gaz Adsorpsiyonu/data/processed/cif/pretrain_000366.cif,TAM
pretrain_000367,CuH8(C2N)4,HF_COREMOF_GCMC,/home/rakeyma/Tüm_çalışmalar/MOF Radyoaktif Gaz Adsorpsiyonu/data/processed/cif/pretrain_000367.cif,CuH8(C2N)4,False,False,-0.3595788678012127,0.055565211083506,0.0637476421433295,3.752883638938055e+25,4.305526399621553e+25,1.7305181678393635,1.2,1.1472581656807983,21,4,5.380952380952381,0.55,0.4242861652234256,0.0476190476190476,KAYNAK_VERISI,/home/rakeyma/Tüm_çalışmalar/MOF Radyoaktif Gaz Adsorpsiyonu/data/processed/cif/pretrain_000367.cif,TAM
pretrain_000368,CuHC4O3,HF_COREMOF_GCMC,/home/rakeyma/Tüm_çalışmalar/MOF Radyoaktif Gaz Adsorpsiyonu/data/processed/cif/pretrain_000368.cif,CuHC4O3,False,False,-0.205978546369902,0.143063613898343,0.189134943314022,2.5852239851953995e+25,3.417753673141659e+25,2.7268008935398664,1.4997404914469266,1.3220338712288924,54,4,8.666666666666666,0.688888888888889,0.577510822409416,0.1111111111111111,KAYNAK_VERISI,/home/rakeyma/Tüm_çalışmalar/MOF Radyoaktif Gaz Adsorpsiyonu/data/processed/cif/pretrain_000368.cif,TAM
pretrain_000369,CoPC3NO3,HF_COREMOF_GCMC,/home/rakeyma/Tüm_çalışmalar/MOF Radyoaktif Gaz Adsorpsiyonu/data/processed/cif/pretrain_000369.cif,CoPC3NO3,False,False,-0.339007787587708,0.1898965143943221,0.2483097013590397,2.900170840812462e+25,3.792278956089516e+25,3.13185845514548,1.722522150330014,1.3076053668021623,54,5,10.11111111111111,0.7666666666666667,0.5632406235349152,0.1111111111111111,KAYNAK_VERISI,/home/rakeyma/Tüm_çalışmalar/MOF Radyoaktif Gaz Adsorpsiyonu/data/processed/cif/pretrain_000369.cif,TAM
pretrain_000370,Cd3H8(C6O5)4,HF_COREMOF_GCMC,/home/rakeyma/Tüm_çalışmalar/MOF Radyoaktif Gaz Adsorpsiyonu/data/processed/cif/pretrain_000370.cif,Cd3H8(C6O5)4,False,False,-0.271541932323159,0.0293790473874834,0.05,6.906213466629339e+24,1.1753637508293807e+25,2.1092829231755514,1.2,1.7018931669412054,55,4,8.290909090909091,0.6445454545454548,0.6380830666927308,0.0545454545454545,KAYNAK_VERISI,/home/rakeyma/Tüm_çalışmalar/MOF Radyoaktif Gaz Adsorpsiyonu/data/processed/cif/pretrain_000370.cif,TAM
pretrain_000371,SmH9(C2O)6,HF_COREMOF_GCMC,/home/rakeyma/Tüm_çalışmalar/MOF Radyoaktif Gaz Adsorpsiyonu/data/processed/cif/pretrain_000371.cif,SmH9(C2O)6,False,False,-0.5533311169052184,0.0331136208540026,0.05,8.2408418593811e+24,1.244328111340469e+25,1.8852289118300725,1.2,1.5099526632997664,56,4,6.821428571428571,0.5750000000000001,0.8128037893612454,0.0357142857142857,KAYNAK_VERISI,/home/rakeyma/Tüm_çalışmalar/MOF Radyoaktif Gaz Adsorpsiyonu/data/processed/cif/pretrain_000371.cif,TAM
pretrain_000372,MgH6C8S2(NO)4,HF_COREMOF_GCMC,/home/rakeyma/Tüm_çalışmalar/MOF Radyoaktif Gaz Adsorpsiyonu/data/processed/cif/pretrain_000372.cif,MgH6C8S2(NO)4,False,False,-0.5201537452132456,0.3052292661117404,0.2876388643622771,6.098681039384603e+25,5.747213268973177e+25,4.079784268198212,2.2438813475090167,0.9423698717572396,50,6,6.32,0.6240000000000001,0.6693031201680346,0.04,KAYNAK_VERISI,/home/rakeyma/Tüm_çalışmalar/MOF Radyoaktif Gaz Adsorpsiyonu/data/processed/cif/pretrain_000372.cif,TAM
pretrain_000373,CoHC4O3,HF_COREMOF_GCMC,/home/rakeyma/Tüm_çalışmalar/MOF Radyoaktif Gaz Adsorpsiyonu/data/processed/cif/pretrain_000373.cif,CoHC4O3,False,False,-0.3016874469803596,0.2027223446159727,0.2408156049896382,3.3889723538711354e+25,4.025789210541387e+25,3.325674945771934,1.829121220174564,1.1879085428191327,54,4,8.444444444444445,0.688888888888889,0.5829397481729994,0.1111111111111111,KAYNAK_VERISI,/home/rakeyma/Tüm_çalışmalar/MOF Radyoaktif Gaz Adsorpsiyonu/data/processed/cif/pretrain_000373.cif,TAM
pretrain_000374,CuHC4O3,HF_COREMOF_GCMC,/home/rakeyma/Tüm_çalışmalar/MOF Radyoaktif Gaz Adsorpsiyonu/data/processed/cif/pretrain_000374.cif,CuHC4O3,False,False,-0.205978546369902,0.143063613898343,0.189134943314022,2.5852239851953995e+25,3.417753673141659e+25,2.7268008935398664,1.4997404914469266,1.3220338712288924,54,4,8.666666666666666,0.688888888888889,0.577510822409416,0.1111111111111111,KAYNAK_VERISI,/home/rakeyma/Tüm_çalışmalar/MOF Radyoaktif Gaz Adsorpsiyonu/data/processed/cif/pretrain_000374.cif,TAM
pretrain_000375,Ho(CO2)4,HF_COREMOF_GCMC,/home/rakeyma/Tüm_çalışmalar/MOF Radyoaktif Gaz Adsorpsiyonu/data/processed/cif/pretrain_000375.cif,Ho(CO2)4,False,False,-0.4785943460144064,0.149978361712225,0.2528167403047898,2.441413362038037e+25,4.115461463109865e+25,4.837021143375599,2.66036162885658,1.6856881047273249,52,3,11.923076923076923,0.7192307692307693,0.9079035680560402,0.0769230769230769,KAYNAK_VERISI,/home/rakeyma/Tüm_çalışmalar/MOF Radyoaktif Gaz Adsorpsiyonu/data/processed/cif/pretrain_000375.cif,TAM
pretrain_000376,CoHC4O3,HF_COREMOF_GCMC,/home/rakeyma/Tüm_çalışmalar/MOF Radyoaktif Gaz Adsorpsiyonu/data/processed/cif/pretrain_000376.cif,CoHC4O3,False,False,-0.3016874469803596,0.2027223446159727,0.2408156049896382,3.3889723538711354e+25,4.025789210541387e+25,3.325674945771934,1.829121220174564,1.1879085428191327,54,4,8.444444444444445,0.688888888888889,0.5829397481729994,0.1111111111111111,KAYNAK_VERISI,/home/rakeyma/Tüm_çalışmalar/MOF Radyoaktif Gaz Adsorpsiyonu/data/processed/cif/pretrain_000376.cif,TAM
pretrain_000377,LiC6N4F3,HF_COREMOF_GCMC,/home/rakeyma/Tüm_çalışmalar/MOF Radyoaktif Gaz Adsorpsiyonu/data/processed/cif/pretrain_000377.cif,LiC6N4F3,False,False,-0.4533451462020003,0.0397452774625822,0.05,8.573472372599009e+24,1.0785523362706943e+25,1.954323412334816,1.2,1.258011094451963,56,4,6.714285714285714,0.6964285714285714,1.0861946188413936,0.0714285714285714,KAYNAK_VERISI,/home/rakeyma/Tüm_çalışmalar/MOF Radyoaktif Gaz Adsorpsiyonu/data/processed/cif/pretrain_000377.cif,TAM
pretrain_000378,CuHC4O3,HF_COREMOF_GCMC,/home/rakeyma/Tüm_çalışmalar/MOF Radyoaktif Gaz Adsorpsiyonu/data/processed/cif/pretrain_000378.cif,CuHC4O3,False,False,-0.205978546369902,0.143063613898343,0.189134943314022,2.5852239851953995e+25,3.417753673141659e+25,2.7268008935398664,1.4997404914469266,1.3220338712288924,54,4,8.666666666666666,0.688888888888889,0.577510822409416,0.1111111111111111,KAYNAK_VERISI,/home/rakeyma/Tüm_çalışmalar/MOF Radyoaktif Gaz Adsorpsiyonu/data/processed/cif/pretrain_000378.cif,TAM
pretrain_000379,MgPHCO6,HF_COREMOF_GCMC,/home/rakeyma/Tüm_çalışmalar/MOF Radyoaktif Gaz Adsorpsiyonu/data/processed/cif/pretrain_000379.cif,MgPHCO6,False,False,-0.3514950327118205,0.0918349361792421,0.1349985755511485,2.705562218012952e+25,3.977212384444526e+25,1.9888527039069892,1.2,1.4700132778190231,40,5,8.2,0.7050000000000001,0.6865974075103983,0.1,KAYNAK_VERISI,/home/rakeyma/Tüm_çalışmalar/MOF Radyoaktif Gaz Adsorpsiyonu/data/processed/cif/pretrain_000379.cif,TAM
pretrain_000380,ErH4(CO2)4,HF_COREMOF_GCMC,/home/rakeyma/Tüm_çalışmalar/MOF Radyoaktif Gaz Adsorpsiyonu/data/processed/cif/pretrain_000380.cif,ErH4(CO2)4,False,False,-0.2729219457086594,0.0236006670386222,0.05,9.4800095235009e+24,2.008419827284324e+25,1.5,1.2,2.118584187395024,34,4,9.411764705882351,0.6088235294117648,0.7877935960643498,0.0588235294117647,KAYNAK_VERISI,/home/rakeyma/Tüm_çalışmalar/MOF Radyoaktif Gaz Adsorpsiyonu/data/processed/cif/pretrain_000380.cif,TAM
pretrain_000381,ErH4(CO2)4,HF_COREMOF_GCMC,/home/rakeyma/Tüm_çalışmalar/MOF Radyoaktif Gaz Adsorpsiyonu/data/processed/cif/pretrain_000381.cif,ErH4(CO2)4,False,False,-0.2729219457086594,0.0236006670386222,0.05,9.4800095235009e+24,2.008419827284324e+25,1.5,1.2,2.118584187395024,34,4,9.411764705882351,0.6088235294117648,0.7877935960643498,0.0588235294117647,KAYNAK_VERISI,/home/rakeyma/Tüm_çalışmalar/MOF Radyoaktif Gaz Adsorpsiyonu/data/processed/cif/pretrain_000381.cif,TAM
pretrain_000382,Ho(CO2)4,HF_COREMOF_GCMC,/home/rakeyma/Tüm_çalışmalar/MOF Radyoaktif Gaz Adsorpsiyonu/data/processed/cif/pretrain_000382.cif,Ho(CO2)4,False,False,-0.4785943460144064,0.149978361712225,0.2528167403047898,2.441413362038037e+25,4.115461463109865e+25,4.837021143375599,2.66036162885658,1.6856881047273249,52,3,11.923076923076923,0.7192307692307693,0.9079035680560402,0.0769230769230769,KAYNAK_VERISI,/home/rakeyma/Tüm_çalışmalar/MOF Radyoaktif Gaz Adsorpsiyonu/data/processed/cif/pretrain_000382.cif,TAM
pretrain_000383,CuH8(C2N)4,HF_COREMOF_GCMC,/home/rakeyma/Tüm_çalışmalar/MOF Radyoaktif Gaz Adsorpsiyonu/data/processed/cif/pretrain_000383.cif,CuH8(C2N)4,False,False,-0.3056875989210758,0.042948601503697,0.05,1.4717735090892117e+25,1.7134126113076357e+25,2.108388495984552,1.2,1.1641822608751529,42,4,5.380952380952381,0.5499999999999998,0.4242861652234256,0.0476190476190476,KAYNAK_VERISI,/home/rakeyma/Tüm_çalışmalar/MOF Radyoaktif Gaz Adsorpsiyonu/data/processed/cif/pretrain_000383.cif,TAM
pretrain_000384,CoHC4O3,HF_COREMOF_GCMC,/home/rakeyma/Tüm_çalışmalar/MOF Radyoaktif Gaz Adsorpsiyonu/data/processed/cif/pretrain_000384.cif,CoHC4O3,False,False,-0.3016874469803596,0.2027223446159727,0.2408156049896382,3.3889723538711354e+25,4.025789210541387e+25,3.325674945771934,1.829121220174564,1.1879085428191327,54,4,8.444444444444445,0.688888888888889,0.5829397481729994,0.1111111111111111,KAYNAK_VERISI,/home/rakeyma/Tüm_çalışmalar/MOF Radyoaktif Gaz Adsorpsiyonu/data/processed/cif/pretrain_000384.cif,TAM
pretrain_000385,MnHC4O3,HF_COREMOF_GCMC,/home/rakeyma/Tüm_çalışmalar/MOF Radyoaktif Gaz Adsorpsiyonu/data/processed/cif/pretrain_000385.cif,MnHC4O3,False,False,-0.3566730252319013,0.250478780251175,0.2732752104856126,3.946863419937481e+25,4.306073076369193e+25,3.5594545584836754,1.957700007166021,1.0910114230498005,54,4,8.222222222222221,0.6944444444444445,0.6822206387965699,0.1111111111111111,KAYNAK_VERISI,/home/rakeyma/Tüm_çalışmalar/MOF Radyoaktif Gaz Adsorpsiyonu/data/processed/cif/pretrain_000385.cif,TAM
pretrain_000386,CuHC4O3,HF_COREMOF_GCMC,/home/rakeyma/Tüm_çalışmalar/MOF Radyoaktif Gaz Adsorpsiyonu/data/processed/cif/pretrain_000386.cif,CuHC4O3,False,False,-0.205978546369902,0.143063613898343,0.189134943314022,2.5852239851953995e+25,3.417753673141659e+25,2.7268008935398664,1.4997404914469266,1.3220338712288924,54,4,8.666666666666666,0.688888888888889,0.577510822409416,0.1111111111111111,KAYNAK_VERISI,/home/rakeyma/Tüm_çalışmalar/MOF Radyoaktif Gaz Adsorpsiyonu/data/processed/cif/pretrain_000386.cif,TAM
pretrain_000387,EuHC6N2O5,HF_COREMOF_GCMC,/home/rakeyma/Tüm_çalışmalar/MOF Radyoaktif Gaz Adsorpsiyonu/data/processed/cif/pretrain_000387.cif,EuHC6N2O5,False,False,-0.272888177149816,0.0266630693681719,0.05,6.59103069616188e+24,1.235984988290522e+25,2.179271850871295,1.2,1.87525296917562,45,5,10.266666666666667,0.7066666666666668,0.768988946604566,0.0666666666666666,KAYNAK_VERISI,/home/rakeyma/Tüm_çalışmalar/MOF Radyoaktif Gaz Adsorpsiyonu/data/processed/cif/pretrain_000387.cif,TAM
pretrain_000388,CoHC4O3,HF_COREMOF_GCMC,/home/rakeyma/Tüm_çalışmalar/MOF Radyoaktif Gaz Adsorpsiyonu/data/processed/cif/pretrain_000388.cif,CoHC4O3,False,False,-0.3016874469803596,0.2027223446159727,0.2408156049896382,3.3889723538711354e+25,4.025789210541387e+25,3.325674945771934,1.829121220174564,1.1879085428191327,54,4,8.444444444444445,0.688888888888889,0.5829397481729994,0.1111111111111111,KAYNAK_VERISI,/home/rakeyma/Tüm_çalışmalar/MOF Radyoaktif Gaz Adsorpsiyonu/data/processed/cif/pretrain_000388.cif,TAM
pretrain_000389,EuHC6N2O5,HF_COREMOF_GCMC,/home/rakeyma/Tüm_çalışmalar/MOF Radyoaktif Gaz Adsorpsiyonu/data/processed/cif/pretrain_000389.cif,EuHC6N2O5,False,False,-0.272888177149816,0.0266630693681719,0.05,6.59103069616188e+24,1.235984988290522e+25,2.179271850871295,1.2,1.87525296917562,45,5,10.266666666666667,0.7066666666666668,0.768988946604566,0.0666666666666666,KAYNAK_VERISI,/home/rakeyma/Tüm_çalışmalar/MOF Radyoaktif Gaz Adsorpsiyonu/data/processed/cif/pretrain_000389.cif,TAM
pretrain_000390,LiC6N4F3,HF_COREMOF_GCMC,/home/rakeyma/Tüm_çalışmalar/MOF Radyoaktif Gaz Adsorpsiyonu/data/processed/cif/pretrain_000390.cif,LiC6N4F3,False,False,-0.4533451462020003,0.0397452774625822,0.05,8.573472372599009e+24,1.0785523362706943e+25,1.954323412334816,1.2,1.258011094451963,56,4,6.714285714285714,0.6964285714285714,1.0861946188413936,0.0714285714285714,KAYNAK_VERISI,/home/rakeyma/Tüm_çalışmalar/MOF Radyoaktif Gaz Adsorpsiyonu/data/processed/cif/pretrain_000390.cif,TAM
pretrain_000391,ZnHC4O3,HF_COREMOF_GCMC,/home/rakeyma/Tüm_çalışmalar/MOF Radyoaktif Gaz Adsorpsiyonu/data/processed/cif/pretrain_000391.cif,ZnHC4O3,False,False,-0.2677312773291185,0.2068786041617683,0.2515640963015523,3.3991159257691533e+25,4.133320260715269e+25,3.442719217267522,1.8934955694971372,1.2159986158106626,54,4,8.777777777777779,0.688888888888889,0.6504229393248673,0.1111111111111111,KAYNAK_VERISI,/home/rakeyma/Tüm_çalışmalar/MOF Radyoaktif Gaz Adsorpsiyonu/data/processed/cif/pretrain_000391.cif,TAM
pretrain_000392,Ho(CO2)4,HF_COREMOF_GCMC,/home/rakeyma/Tüm_çalışmalar/MOF Radyoaktif Gaz Adsorpsiyonu/data/processed/cif/pretrain_000392.cif,Ho(CO2)4,False,False,-0.4785943460144064,0.149978361712225,0.2528167403047898,2.441413362038037e+25,4.115461463109865e+25,4.837021143375599,2.66036162885658,1.6856881047273249,52,3,11.923076923076923,0.7192307692307693,0.9079035680560402,0.0769230769230769,KAYNAK_VERISI,/home/rakeyma/Tüm_çalışmalar/MOF Radyoaktif Gaz Adsorpsiyonu/data/processed/cif/pretrain_000392.cif,TAM
pretrain_000393,Ho(CO2)4,HF_COREMOF_GCMC,/home/rakeyma/Tüm_çalışmalar/MOF Radyoaktif Gaz Adsorpsiyonu/data/processed/cif/pretrain_000393.cif,Ho(CO2)4,False,False,-0.4785943460144064,0.149978361712225,0.2528167403047898,2.441413362038037e+25,4.115461463109865e+25,4.837021143375599,2.66036162885658,1.6856881047273249,52,3,11.923076923076923,0.7192307692307693,0.9079035680560402,0.0769230769230769,KAYNAK_VERISI,/home/rakeyma/Tüm_çalışmalar/MOF Radyoaktif Gaz Adsorpsiyonu/data/processed/cif/pretrain_000393.cif,TAM
pretrain_000394,SmH9(C2O)6,HF_COREMOF_GCMC,/home/rakeyma/Tüm_çalışmalar/MOF Radyoaktif Gaz Adsorpsiyonu/data/processed/cif/pretrain_000394.cif,SmH9(C2O)6,False,False,-0.5533311169052184,0.0331136208540026,0.05,8.2408418593811e+24,1.244328111340469e+25,1.8852289118300725,1.2,1.5099526632997664,56,4,6.821428571428571,0.5750000000000001,0.8128037893612454,0.0357142857142857,KAYNAK_VERISI,/home/rakeyma/Tüm_çalışmalar/MOF Radyoaktif Gaz Adsorpsiyonu/data/processed/cif/pretrain_000394.cif,TAM
pretrain_000395,Cu3P3H12C21N3O13,HF_COREMOF_GCMC,/home/rakeyma/Tüm_çalışmalar/MOF Radyoaktif Gaz Adsorpsiyonu/data/processed/cif/pretrain_000395.cif,Cu3P3H12C21N3O13,False,False,-0.1776750428149453,0.0360510454489614,0.0501327302786021,8.275361865737138e+24,1.1507751833720564e+25,1.5,1.2,1.3906040630521113,55,6,7.181818181818182,0.6272727272727274,0.5333437498982767,0.0545454545454545,KAYNAK_VERISI,/home/rakeyma/Tüm_çalışmalar/MOF Radyoaktif Gaz Adsorpsiyonu/data/processed/cif/pretrain_000395.cif,TAM
pretrain_000396,CuH8(C2N)4,HF_COREMOF_GCMC,/home/rakeyma/Tüm_çalışmalar/MOF Radyoaktif Gaz Adsorpsiyonu/data/processed/cif/pretrain_000396.cif,CuH8(C2N)4,False,False,-0.3595788678012127,0.055565211083506,0.0637476421433295,3.752883638938055e+25,4.305526399621553e+25,1.7305181678393635,1.2,1.1472581656807983,21,4,5.380952380952381,0.55,0.4242861652234256,0.0476190476190476,KAYNAK_VERISI,/home/rakeyma/Tüm_çalışmalar/MOF Radyoaktif Gaz Adsorpsiyonu/data/processed/cif/pretrain_000396.cif,TAM
pretrain_000397,CoHC4O3,HF_COREMOF_GCMC,/home/rakeyma/Tüm_çalışmalar/MOF Radyoaktif Gaz Adsorpsiyonu/data/processed/cif/pretrain_000397.cif,CoHC4O3,False,False,-0.3016874469803596,0.2027223446159727,0.2408156049896382,3.3889723538711354e+25,4.025789210541387e+25,3.325674945771934,1.829121220174564,1.1879085428191327,54,4,8.444444444444445,0.688888888888889,0.5829397481729994,0.1111111111111111,KAYNAK_VERISI,/home/rakeyma/Tüm_çalışmalar/MOF Radyoaktif Gaz Adsorpsiyonu/data/processed/cif/pretrain_000397.cif,TAM
pretrain_000398,CuHC4O3,HF_COREMOF_GCMC,/home/rakeyma/Tüm_çalışmalar/MOF Radyoaktif Gaz Adsorpsiyonu/data/processed/cif/pretrain_000398.cif,CuHC4O3,False,False,-0.205978546369902,0.143063613898343,0.189134943314022,2.5852239851953995e+25,3.417753673141659e+25,2.7268008935398664,1.4997404914469266,1.3220338712288924,54,4,8.666666666666666,0.688888888888889,0.577510822409416,0.1111111111111111,KAYNAK_VERISI,/home/rakeyma/Tüm_çalışmalar/MOF Radyoaktif Gaz Adsorpsiyonu/data/processed/cif/pretrain_000398.cif,TAM
pretrain_000399,ZnCrH18C14(N2O)2,HF_COREMOF_GCMC,/home/rakeyma/Tüm_çalışmalar/MOF Radyoaktif Gaz Adsorpsiyonu/data/processed/cif/pretrain_000399.cif,ZnCrH18C14(N2O)2,False,False,-0.4760620884541638,0.0960454740280064,0.1018516660070818,3.424507411877276e+25,3.6315275517469383e+25,2.2145268798608373,1.2179897839234606,1.0604525308228716,40,6,5.0,0.52125,0.6658995586589784,0.05,KAYNAK_VERISI,/home/rakeyma/Tüm_çalışmalar/MOF Radyoaktif Gaz Adsorpsiyonu/data/processed/cif/pretrain_000399.cif,TAM
pretrain_000400,MgPHCO6,HF_COREMOF_GCMC,/home/rakeyma/Tüm_çalışmalar/MOF Radyoaktif Gaz Adsorpsiyonu/data/processed/cif/pretrain_000400.cif,MgPHCO6,False,False,-0.3514950327118205,0.0918349361792421,0.1349985755511485,2.705562218012952e+25,3.977212384444526e+25,1.9888527039069892,1.2,1.4700132778190231,40,5,8.2,0.7050000000000001,0.6865974075103983,0.1,KAYNAK_VERISI,/home/rakeyma/Tüm_çalışmalar/MOF Radyoaktif Gaz Adsorpsiyonu/data/processed/cif/pretrain_000400.cif,TAM
pretrain_000401,EuHC6N2O5,HF_COREMOF_GCMC,/home/rakeyma/Tüm_çalışmalar/MOF Radyoaktif Gaz Adsorpsiyonu/data/processed/cif/pretrain_000401.cif,EuHC6N2O5,False,False,-0.272888177149816,0.0266630693681719,0.05,6.59103069616188e+24,1.235984988290522e+25,2.179271850871295,1.2,1.87525296917562,45,5,10.266666666666667,0.7066666666666668,0.768988946604566,0.0666666666666666,KAYNAK_VERISI,/home/rakeyma/Tüm_çalışmalar/MOF Radyoaktif Gaz Adsorpsiyonu/data/processed/cif/pretrain_000401.cif,TAM
pretrain_000402,Ho(CO2)4,HF_COREMOF_GCMC,/home/rakeyma/Tüm_çalışmalar/MOF Radyoaktif Gaz Adsorpsiyonu/data/processed/cif/pretrain_000402.cif,Ho(CO2)4,False,False,-0.4785943460144064,0.149978361712225,0.2528167403047898,2.441413362038037e+25,4.115461463109865e+25,4.837021143375599,2.66036162885658,1.6856881047273249,52,3,11.923076923076923,0.7192307692307693,0.9079035680560402,0.0769230769230769,KAYNAK_VERISI,/home/rakeyma/Tüm_çalışmalar/MOF Radyoaktif Gaz Adsorpsiyonu/data/processed/cif/pretrain_000402.cif,TAM
pretrain_000403,CoHC4O3,HF_COREMOF_GCMC,/home/rakeyma/Tüm_çalışmalar/MOF Radyoaktif Gaz Adsorpsiyonu/data/processed/cif/pretrain_000403.cif,CoHC4O3,False,False,-0.3016874469803596,0.2027223446159727,0.2408156049896382,3.3889723538711354e+25,4.025789210541387e+25,3.325674945771934,1.829121220174564,1.1879085428191327,54,4,8.444444444444445,0.688888888888889,0.5829397481729994,0.1111111111111111,KAYNAK_VERISI,/home/rakeyma/Tüm_çalışmalar/MOF Radyoaktif Gaz Adsorpsiyonu/data/processed/cif/pretrain_000403.cif,TAM
pretrain_000404,CoHC4O3,HF_COREMOF_GCMC,/home/rakeyma/Tüm_çalışmalar/MOF Radyoaktif Gaz Adsorpsiyonu/data/processed/cif/pretrain_000404.cif,CoHC4O3,False,False,-0.3016874469803596,0.2027223446159727,0.2408156049896382,3.3889723538711354e+25,4.025789210541387e+25,3.325674945771934,1.829121220174564,1.1879085428191327,54,4,8.444444444444445,0.688888888888889,0.5829397481729994,0.1111111111111111,KAYNAK_VERISI,/home/rakeyma/Tüm_çalışmalar/MOF Radyoaktif Gaz Adsorpsiyonu/data/processed/cif/pretrain_000404.cif,TAM
pretrain_000405,EuHC6N2O5,HF_COREMOF_GCMC,/home/rakeyma/Tüm_çalışmalar/MOF Radyoaktif Gaz Adsorpsiyonu/data/processed/cif/pretrain_000405.cif,EuHC6N2O5,False,False,-0.272888177149816,0.0266630693681719,0.05,6.59103069616188e+24,1.235984988290522e+25,2.179271850871295,1.2,1.87525296917562,45,5,10.266666666666667,0.7066666666666668,0.768988946604566,0.0666666666666666,KAYNAK_VERISI,/home/rakeyma/Tüm_çalışmalar/MOF Radyoaktif Gaz Adsorpsiyonu/data/processed/cif/pretrain_000405.cif,TAM
pretrain_000406,NiPC3NO3,HF_COREMOF_GCMC,/home/rakeyma/Tüm_çalışmalar/MOF Radyoaktif Gaz Adsorpsiyonu/data/processed/cif/pretrain_000406.cif,NiPC3NO3,False,False,-0.3171504197678396,0.1707078254381231,0.2302082222670137,2.692186791180484e+25,3.630551403356974e+25,2.957968170983657,1.6268824940410116,1.348551079460958,54,5,10.22222222222222,0.7666666666666667,0.5554313638965664,0.1111111111111111,KAYNAK_VERISI,/home/rakeyma/Tüm_çalışmalar/MOF Radyoaktif Gaz Adsorpsiyonu/data/processed/cif/pretrain_000406.cif,TAM
pretrain_000407,NiH9C11(NO)2,HF_COREMOF_GCMC,/home/rakeyma/Tüm_çalışmalar/MOF Radyoaktif Gaz Adsorpsiyonu/data/processed/cif/pretrain_000407.cif,NiH9C11(NO)2,False,False,-0.4316147466124268,0.1105082077847083,0.1143993698258944,2.8987157079593816e+25,3.000783895989144e+25,2.748793250824693,1.5118362879535816,1.035211520657062,50,5,5.32,0.552,0.5538736317970011,0.04,KAYNAK_VERISI,/home/rakeyma/Tüm_çalışmalar/MOF Radyoaktif Gaz Adsorpsiyonu/data/processed/cif/pretrain_000407.cif,TAM
pretrain_000408,CoHC4O3,HF_COREMOF_GCMC,/home/rakeyma/Tüm_çalışmalar/MOF Radyoaktif Gaz Adsorpsiyonu/data/processed/cif/pretrain_000408.cif,CoHC4O3,False,False,-0.3016874469803596,0.2027223446159727,0.2408156049896382,3.3889723538711354e+25,4.025789210541387e+25,3.325674945771934,1.829121220174564,1.1879085428191327,54,4,8.444444444444445,0.688888888888889,0.5829397481729994,0.1111111111111111,KAYNAK_VERISI,/home/rakeyma/Tüm_çalışmalar/MOF Radyoaktif Gaz Adsorpsiyonu/data/processed/cif/pretrain_000408.cif,TAM
pretrain_000409,CoHC4O3,HF_COREMOF_GCMC,/home/rakeyma/Tüm_çalışmalar/MOF Radyoaktif Gaz Adsorpsiyonu/data/processed/cif/pretrain_000409.cif,CoHC4O3,False,False,-0.3016874469803596,0.2027223446159727,0.2408156049896382,3.3889723538711354e+25,4.025789210541387e+25,3.325674945771934,1.829121220174564,1.1879085428191327,54,4,8.444444444444445,0.688888888888889,0.5829397481729994,0.1111111111111111,KAYNAK_VERISI,/home/rakeyma/Tüm_çalışmalar/MOF Radyoaktif Gaz Adsorpsiyonu/data/processed/cif/pretrain_000409.cif,TAM
pretrain_000410,FeHC4O3,HF_COREMOF_GCMC,/home/rakeyma/Tüm_çalışmalar/MOF Radyoaktif Gaz Adsorpsiyonu/data/processed/cif/pretrain_000410.cif,FeHC4O3,False,False,-0.2934595702585894,0.2132917425616269,0.2442162494471299,3.5062473095194724e+25,4.014607210204248e+25,3.366864725510025,1.8517755990305145,1.144986892197985,54,4,8.333333333333334,0.6944444444444445,0.5968458762528228,0.1111111111111111,KAYNAK_VERISI,/home/rakeyma/Tüm_çalışmalar/MOF Radyoaktif Gaz Adsorpsiyonu/data/processed/cif/pretrain_000410.cif,TAM
pretrain_000411,ErH4(CO2)4,HF_COREMOF_GCMC,/home/rakeyma/Tüm_çalışmalar/MOF Radyoaktif Gaz Adsorpsiyonu/data/processed/cif/pretrain_000411.cif,ErH4(CO2)4,False,False,-0.2729219457086594,0.0236006670386222,0.05,9.4800095235009e+24,2.008419827284324e+25,1.5,1.2,2.118584187395024,34,4,9.411764705882351,0.6088235294117648,0.7877935960643498,0.0588235294117647,KAYNAK_VERISI,/home/rakeyma/Tüm_çalışmalar/MOF Radyoaktif Gaz Adsorpsiyonu/data/processed/cif/pretrain_000411.cif,TAM
pretrain_000412,CuH8(C2N)4,HF_COREMOF_GCMC,/home/rakeyma/Tüm_çalışmalar/MOF Radyoaktif Gaz Adsorpsiyonu/data/processed/cif/pretrain_000412.cif,CuH8(C2N)4,False,False,-0.3595788678012127,0.055565211083506,0.0637476421433295,3.752883638938055e+25,4.305526399621553e+25,1.7305181678393635,1.2,1.1472581656807983,21,4,5.380952380952381,0.55,0.4242861652234256,0.0476190476190476,KAYNAK_VERISI,/home/rakeyma/Tüm_çalışmalar/MOF Radyoaktif Gaz Adsorpsiyonu/data/processed/cif/pretrain_000412.cif,TAM
pretrain_000413,CoHC4O3,HF_COREMOF_GCMC,/home/rakeyma/Tüm_çalışmalar/MOF Radyoaktif Gaz Adsorpsiyonu/data/processed/cif/pretrain_000413.cif,CoHC4O3,False,False,-0.3016874469803596,0.2027223446159727,0.2408156049896382,3.3889723538711354e+25,4.025789210541387e+25,3.325674945771934,1.829121220174564,1.1879085428191327,54,4,8.444444444444445,0.688888888888889,0.5829397481729994,0.1111111111111111,KAYNAK_VERISI,/home/rakeyma/Tüm_çalışmalar/MOF Radyoaktif Gaz Adsorpsiyonu/data/processed/cif/pretrain_000413.cif,TAM
pretrain_000414,CuHC4O3,HF_COREMOF_GCMC,/home/rakeyma/Tüm_çalışmalar/MOF Radyoaktif Gaz Adsorpsiyonu/data/processed/cif/pretrain_000414.cif,CuHC4O3,False,False,-0.205978546369902,0.143063613898343,0.189134943314022,2.5852239851953995e+25,3.417753673141659e+25,2.7268008935398664,1.4997404914469266,1.3220338712288924,54,4,8.666666666666666,0.688888888888889,0.577510822409416,0.1111111111111111,KAYNAK_VERISI,/home/rakeyma/Tüm_çalışmalar/MOF Radyoaktif Gaz Adsorpsiyonu/data/processed/cif/pretrain_000414.cif,TAM
pretrain_000415,EuH3C9(NO2)3,HF_COREMOF_GCMC,/home/rakeyma/Tüm_çalışmalar/MOF Radyoaktif Gaz Adsorpsiyonu/data/processed/cif/pretrain_000415.cif,EuH3C9(NO2)3,False,False,-0.392826364855677,0.0304497683196859,0.05,8.209112099068205e+24,1.3479761180581744e+25,1.5,1.2,1.642048618401958,44,5,8.590909090909092,0.656818181818182,0.768988946604566,0.0454545454545454,KAYNAK_VERISI,/home/rakeyma/Tüm_çalışmalar/MOF Radyoaktif Gaz Adsorpsiyonu/data/processed/cif/pretrain_000415.cif,TAM
pretrain_000416,EuH3C9(NO2)3,HF_COREMOF_GCMC,/home/rakeyma/Tüm_çalışmalar/MOF Radyoaktif Gaz Adsorpsiyonu/data/processed/cif/pretrain_000416.cif,EuH3C9(NO2)3,False,False,-0.392826364855677,0.0304497683196859,0.05,8.209112099068205e+24,1.3479761180581744e+25,1.5,1.2,1.642048618401958,44,5,8.590909090909092,0.656818181818182,0.768988946604566,0.0454545454545454,KAYNAK_VERISI,/home/rakeyma/Tüm_çalışmalar/MOF Radyoaktif Gaz Adsorpsiyonu/data/processed/cif/pretrain_000416.cif,TAM
pretrain_000417,Ag4H16C20N4Cl,HF_COREMOF_GCMC,/home/rakeyma/Tüm_çalışmalar/MOF Radyoaktif Gaz Adsorpsiyonu/data/processed/cif/pretrain_000417.cif,Ag4H16C20N4Cl,False,False,-0.2207027589666787,0.0234787787931019,0.05,8.450421724436911e+24,1.7995871503588712e+25,1.5,1.2,2.1295826516620218,45,5,8.2,0.622222222222222,0.4723812019968618,0.0888888888888888,KAYNAK_VERISI,/home/rakeyma/Tüm_çalışmalar/MOF Radyoaktif Gaz Adsorpsiyonu/data/processed/cif/pretrain_000417.cif,TAM
pretrain_000418,Fe2C4Cl2O9,HF_COREMOF_GCMC,/home/rakeyma/Tüm_çalışmalar/MOF Radyoaktif Gaz Adsorpsiyonu/data/processed/cif/pretrain_000418.cif,Fe2C4Cl2O9,False,False,-0.1945708216821267,0.1207959175776015,0.1851451817186259,3.2545086912313037e+25,4.988219926023356e+25,3.77704173503509,2.0773729542693,1.5327105868431787,34,4,10.705882352941176,0.7647058823529411,0.6185668920981788,0.1176470588235294,KAYNAK_VERISI,/home/rakeyma/Tüm_çalışmalar/MOF Radyoaktif Gaz Adsorpsiyonu/data/processed/cif/pretrain_000418.cif,TAM
pretrain_000419,CuHC4O3,HF_COREMOF_GCMC,/home/rakeyma/Tüm_çalışmalar/MOF Radyoaktif Gaz Adsorpsiyonu/data/processed/cif/pretrain_000419.cif,CuHC4O3,False,False,-0.205978546369902,0.143063613898343,0.189134943314022,2.5852239851953995e+25,3.417753673141659e+25,2.7268008935398664,1.4997404914469266,1.3220338712288924,54,4,8.666666666666666,0.688888888888889,0.577510822409416,0.1111111111111111,KAYNAK_VERISI,/home/rakeyma/Tüm_çalışmalar/MOF Radyoaktif Gaz Adsorpsiyonu/data/processed/cif/pretrain_000419.cif,TAM
pretrain_000420,CoHC4O3,HF_COREMOF_GCMC,/home/rakeyma/Tüm_çalışmalar/MOF Radyoaktif Gaz Adsorpsiyonu/data/processed/cif/pretrain_000420.cif,CoHC4O3,False,False,-0.3016874469803596,0.2027223446159727,0.2408156049896382,3.3889723538711354e+25,4.025789210541387e+25,3.325674945771934,1.829121220174564,1.1879085428191327,54,4,8.444444444444445,0.688888888888889,0.5829397481729994,0.1111111111111111,KAYNAK_VERISI,/home/rakeyma/Tüm_çalışmalar/MOF Radyoaktif Gaz Adsorpsiyonu/data/processed/cif/pretrain_000420.cif,TAM
pretrain_000421,CuHC4O3,HF_COREMOF_GCMC,/home/rakeyma/Tüm_çalışmalar/MOF Radyoaktif Gaz Adsorpsiyonu/data/processed/cif/pretrain_000421.cif,CuHC4O3,False,False,-0.205978546369902,0.143063613898343,0.189134943314022,2.5852239851953995e+25,3.417753673141659e+25,2.7268008935398664,1.4997404914469266,1.3220338712288924,54,4,8.666666666666666,0.688888888888889,0.577510822409416,0.1111111111111111,KAYNAK_VERISI,/home/rakeyma/Tüm_çalışmalar/MOF Radyoaktif Gaz Adsorpsiyonu/data/processed/cif/pretrain_000421.cif,TAM
pretrain_000422,Ho(CO2)4,HF_COREMOF_GCMC,/home/rakeyma/Tüm_çalışmalar/MOF Radyoaktif Gaz Adsorpsiyonu/data/processed/cif/pretrain_000422.cif,Ho(CO2)4,False,False,-0.4785943460144064,0.149978361712225,0.2528167403047898,2.441413362038037e+25,4.115461463109865e+25,4.837021143375599,2.66036162885658,1.6856881047273249,52,3,11.923076923076923,0.7192307692307693,0.9079035680560402,0.0769230769230769,KAYNAK_VERISI,/home/rakeyma/Tüm_çalışmalar/MOF Radyoaktif Gaz Adsorpsiyonu/data/processed/cif/pretrain_000422.cif,TAM
pretrain_000423,LiC6N4F3,HF_COREMOF_GCMC,/home/rakeyma/Tüm_çalışmalar/MOF Radyoaktif Gaz Adsorpsiyonu/data/processed/cif/pretrain_000423.cif,LiC6N4F3,False,False,-0.4533451462020003,0.0397452774625822,0.05,8.573472372599009e+24,1.0785523362706943e+25,1.954323412334816,1.2,1.258011094451963,56,4,6.714285714285714,0.6964285714285714,1.0861946188413936,0.0714285714285714,KAYNAK_VERISI,/home/rakeyma/Tüm_çalışmalar/MOF Radyoaktif Gaz Adsorpsiyonu/data/processed/cif/pretrain_000423.cif,TAM
pretrain_000424,CuHC4O3,HF_COREMOF_GCMC,/home/rakeyma/Tüm_çalışmalar/MOF Radyoaktif Gaz Adsorpsiyonu/data/processed/cif/pretrain_000424.cif,CuHC4O3,False,False,-0.205978546369902,0.143063613898343,0.189134943314022,2.5852239851953995e+25,3.417753673141659e+25,2.7268008935398664,1.4997404914469266,1.3220338712288924,54,4,8.666666666666666,0.688888888888889,0.577510822409416,0.1111111111111111,KAYNAK_VERISI,/home/rakeyma/Tüm_çalışmalar/MOF Radyoaktif Gaz Adsorpsiyonu/data/processed/cif/pretrain_000424.cif,TAM
pretrain_000425,ZnHC4O3,HF_COREMOF_GCMC,/home/rakeyma/Tüm_çalışmalar/MOF Radyoaktif Gaz Adsorpsiyonu/data/processed/cif/pretrain_000425.cif,ZnHC4O3,False,False,-0.2677312773291185,0.2068786041617683,0.2515640963015523,3.3991159257691533e+25,4.133320260715269e+25,3.442719217267522,1.8934955694971372,1.2159986158106626,54,4,8.777777777777779,0.688888888888889,0.6504229393248673,0.1111111111111111,KAYNAK_VERISI,/home/rakeyma/Tüm_çalışmalar/MOF Radyoaktif Gaz Adsorpsiyonu/data/processed/cif/pretrain_000425.cif,TAM
pretrain_000426,GdH2C5O6,HF_COREMOF_GCMC,/home/rakeyma/Tüm_çalışmalar/MOF Radyoaktif Gaz Adsorpsiyonu/data/processed/cif/pretrain_000426.cif,GdH2C5O6,False,False,-0.5147063400062186,0.0243838752873942,0.05,5.22124194448143e+24,1.070634155347052e+25,2.0386231750865584,1.2,2.050535421900252,56,4,10.285714285714286,0.6714285714285714,0.8020403668145388,0.0714285714285714,KAYNAK_VERISI,/home/rakeyma/Tüm_çalışmalar/MOF Radyoaktif Gaz Adsorpsiyonu/data/processed/cif/pretrain_000426.cif,TAM
pretrain_000427,CoPC3NO3,HF_COREMOF_GCMC,/home/rakeyma/Tüm_çalışmalar/MOF Radyoaktif Gaz Adsorpsiyonu/data/processed/cif/pretrain_000427.cif,CoPC3NO3,False,False,-0.339007787587708,0.1898965143943221,0.2483097013590397,2.900170840812462e+25,3.792278956089516e+25,3.13185845514548,1.722522150330014,1.3076053668021623,54,5,10.11111111111111,0.7666666666666667,0.5632406235349152,0.1111111111111111,KAYNAK_VERISI,/home/rakeyma/Tüm_çalışmalar/MOF Radyoaktif Gaz Adsorpsiyonu/data/processed/cif/pretrain_000427.cif,TAM
pretrain_000428,CoPC3NO3,HF_COREMOF_GCMC,/home/rakeyma/Tüm_çalışmalar/MOF Radyoaktif Gaz Adsorpsiyonu/data/processed/cif/pretrain_000428.cif,CoPC3NO3,False,False,-0.339007787587708,0.1898965143943221,0.2483097013590397,2.900170840812462e+25,3.792278956089516e+25,3.13185845514548,1.722522150330014,1.3076053668021623,54,5,10.11111111111111,0.7666666666666667,0.5632406235349152,0.1111111111111111,KAYNAK_VERISI,/home/rakeyma/Tüm_çalışmalar/MOF Radyoaktif Gaz Adsorpsiyonu/data/processed/cif/pretrain_000428.cif,TAM
pretrain_000429,CuHC4O3,HF_COREMOF_GCMC,/home/rakeyma/Tüm_çalışmalar/MOF Radyoaktif Gaz Adsorpsiyonu/data/processed/cif/pretrain_000429.cif,CuHC4O3,False,False,-0.205978546369902,0.143063613898343,0.189134943314022,2.5852239851953995e+25,3.417753673141659e+25,2.7268008935398664,1.4997404914469266,1.3220338712288924,54,4,8.666666666666666,0.688888888888889,0.577510822409416,0.1111111111111111,KAYNAK_VERISI,/home/rakeyma/Tüm_çalışmalar/MOF Radyoaktif Gaz Adsorpsiyonu/data/processed/cif/pretrain_000429.cif,TAM
pretrain_000430,CoH10C12N2O3F,HF_COREMOF_GCMC,/home/rakeyma/Tüm_çalışmalar/MOF Radyoaktif Gaz Adsorpsiyonu/data/processed/cif/pretrain_000430.cif,CoH10C12N2O3F,False,False,-0.3653664749017982,0.0359384306768367,0.05,1.0685280826021216e+25,1.4866092682377678e+25,1.636130939136596,1.2,1.3912683180188568,58,6,5.379310344827586,0.5465517241379311,0.7204724530164602,0.0344827586206896,KAYNAK_VERISI,/home/rakeyma/Tüm_çalışmalar/MOF Radyoaktif Gaz Adsorpsiyonu/data/processed/cif/pretrain_000430.cif,TAM
pretrain_000431,Ho(CO2)4,HF_COREMOF_GCMC,/home/rakeyma/Tüm_çalışmalar/MOF Radyoaktif Gaz Adsorpsiyonu/data/processed/cif/pretrain_000431.cif,Ho(CO2)4,False,False,-0.4785943460144064,0.149978361712225,0.2528167403047898,2.441413362038037e+25,4.115461463109865e+25,4.837021143375599,2.66036162885658,1.6856881047273249,52,3,11.923076923076923,0.7192307692307693,0.9079035680560402,0.0769230769230769,KAYNAK_VERISI,/home/rakeyma/Tüm_çalışmalar/MOF Radyoaktif Gaz Adsorpsiyonu/data/processed/cif/pretrain_000431.cif,TAM
pretrain_000432,ZnHC4O3,HF_COREMOF_GCMC,/home/rakeyma/Tüm_çalışmalar/MOF Radyoaktif Gaz Adsorpsiyonu/data/processed/cif/pretrain_000432.cif,ZnHC4O3,False,False,-0.2677312773291185,0.2068786041617683,0.2515640963015523,3.3991159257691533e+25,4.133320260715269e+25,3.442719217267522,1.8934955694971372,1.2159986158106626,54,4,8.777777777777779,0.688888888888889,0.6504229393248673,0.1111111111111111,KAYNAK_VERISI,/home/rakeyma/Tüm_çalışmalar/MOF Radyoaktif Gaz Adsorpsiyonu/data/processed/cif/pretrain_000432.cif,TAM
pretrain_000433,CuH8(C2N)4,HF_COREMOF_GCMC,/home/rakeyma/Tüm_çalışmalar/MOF Radyoaktif Gaz Adsorpsiyonu/data/processed/cif/pretrain_000433.cif,CuH8(C2N)4,False,False,-0.3610565226138778,0.0464199914450388,0.0538203939291945,3.168457201349375e+25,3.6735813475175e+25,1.593554615268837,1.2,1.159422745540954,21,4,5.380952380952381,0.55,0.4242861652234256,0.0476190476190476,KAYNAK_VERISI,/home/rakeyma/Tüm_çalışmalar/MOF Radyoaktif Gaz Adsorpsiyonu/data/processed/cif/pretrain_000433.cif,TAM
pretrain_000434,Ho(CO2)4,HF_COREMOF_GCMC,/home/rakeyma/Tüm_çalışmalar/MOF Radyoaktif Gaz Adsorpsiyonu/data/processed/cif/pretrain_000434.cif,Ho(CO2)4,False,False,-0.4785943460144064,0.149978361712225,0.2528167403047898,2.441413362038037e+25,4.115461463109865e+25,4.837021143375599,2.66036162885658,1.6856881047273249,52,3,11.923076923076923,0.7192307692307693,0.9079035680560402,0.0769230769230769,KAYNAK_VERISI,/home/rakeyma/Tüm_çalışmalar/MOF Radyoaktif Gaz Adsorpsiyonu/data/processed/cif/pretrain_000434.cif,TAM
pretrain_000435,LiC6N4F3,HF_COREMOF_GCMC,/home/rakeyma/Tüm_çalışmalar/MOF Radyoaktif Gaz Adsorpsiyonu/data/processed/cif/pretrain_000435.cif,LiC6N4F3,False,False,-0.4533451462020003,0.0397452774625822,0.05,8.573472372599009e+24,1.0785523362706943e+25,1.954323412334816,1.2,1.258011094451963,56,4,6.714285714285714,0.6964285714285714,1.0861946188413936,0.0714285714285714,KAYNAK_VERISI,/home/rakeyma/Tüm_çalışmalar/MOF Radyoaktif Gaz Adsorpsiyonu/data/processed/cif/pretrain_000435.cif,TAM
pretrain_000436,Ho(CO2)4,HF_COREMOF_GCMC,/home/rakeyma/Tüm_çalışmalar/MOF Radyoaktif Gaz Adsorpsiyonu/data/processed/cif/pretrain_000436.cif,Ho(CO2)4,False,False,-0.4785943460144064,0.149978361712225,0.2528167403047898,2.441413362038037e+25,4.115461463109865e+25,4.837021143375599,2.66036162885658,1.6856881047273249,52,3,11.923076923076923,0.7192307692307693,0.9079035680560402,0.0769230769230769,KAYNAK_VERISI,/home/rakeyma/Tüm_çalışmalar/MOF Radyoaktif Gaz Adsorpsiyonu/data/processed/cif/pretrain_000436.cif,TAM
pretrain_000437,EuHC6N2O5,HF_COREMOF_GCMC,/home/rakeyma/Tüm_çalışmalar/MOF Radyoaktif Gaz Adsorpsiyonu/data/processed/cif/pretrain_000437.cif,EuHC6N2O5,False,False,-0.272888177149816,0.0266630693681719,0.05,6.59103069616188e+24,1.235984988290522e+25,2.179271850871295,1.2,1.87525296917562,45,5,10.266666666666667,0.7066666666666668,0.768988946604566,0.0666666666666666,KAYNAK_VERISI,/home/rakeyma/Tüm_çalışmalar/MOF Radyoaktif Gaz Adsorpsiyonu/data/processed/cif/pretrain_000437.cif,TAM
pretrain_000438,PrH4(C3O4)2,HF_COREMOF_GCMC,/home/rakeyma/Tüm_çalışmalar/MOF Radyoaktif Gaz Adsorpsiyonu/data/processed/cif/pretrain_000438.cif,PrH4(C3O4)2,False,False,-0.2932541461957817,0.0269234116356386,0.05,6.362688521709699e+24,1.1816274638254576e+25,2.2767644146902857,1.2522204280796572,1.8571197690940024,57,4,8.578947368421053,0.6236842105263158,0.8272544953035915,0.0526315789473684,KAYNAK_VERISI,/home/rakeyma/Tüm_çalışmalar/MOF Radyoaktif Gaz Adsorpsiyonu/data/processed/cif/pretrain_000438.cif,TAM
pretrain_000439,CuH8(C2N)4,HF_COREMOF_GCMC,/home/rakeyma/Tüm_çalışmalar/MOF Radyoaktif Gaz Adsorpsiyonu/data/processed/cif/pretrain_000439.cif,CuH8(C2N)4,False,False,-0.3595788678012127,0.055565211083506,0.0637476421433295,3.752883638938055e+25,4.305526399621553e+25,1.7305181678393635,1.2,1.1472581656807983,21,4,5.380952380952381,0.55,0.4242861652234256,0.0476190476190476,KAYNAK_VERISI,/home/rakeyma/Tüm_çalışmalar/MOF Radyoaktif Gaz Adsorpsiyonu/data/processed/cif/pretrain_000439.cif,TAM
pretrain_000440,CuHC4O3,HF_COREMOF_GCMC,/home/rakeyma/Tüm_çalışmalar/MOF Radyoaktif Gaz Adsorpsiyonu/data/processed/cif/pretrain_000440.cif,CuHC4O3,False,False,-0.205978546369902,0.143063613898343,0.189134943314022,2.5852239851953995e+25,3.417753673141659e+25,2.7268008935398664,1.4997404914469266,1.3220338712288924,54,4,8.666666666666666,0.688888888888889,0.577510822409416,0.1111111111111111,KAYNAK_VERISI,/home/rakeyma/Tüm_çalışmalar/MOF Radyoaktif Gaz Adsorpsiyonu/data/processed/cif/pretrain_000440.cif,TAM
pretrain_000441,CoHC4O3,HF_COREMOF_GCMC,/home/rakeyma/Tüm_çalışmalar/MOF Radyoaktif Gaz Adsorpsiyonu/data/processed/cif/pretrain_000441.cif,CoHC4O3,False,False,-0.3016874469803596,0.2027223446159727,0.2408156049896382,3.3889723538711354e+25,4.025789210541387e+25,3.325674945771934,1.829121220174564,1.1879085428191327,54,4,8.444444444444445,0.688888888888889,0.5829397481729994,0.1111111111111111,KAYNAK_VERISI,/home/rakeyma/Tüm_çalışmalar/MOF Radyoaktif Gaz Adsorpsiyonu/data/processed/cif/pretrain_000441.cif,TAM
pretrain_000442,ZnH3(CO2)3,HF_COREMOF_GCMC,/home/rakeyma/Tüm_çalışmalar/MOF Radyoaktif Gaz Adsorpsiyonu/data/processed/cif/pretrain_000442.cif,ZnH3(CO2)3,False,False,-0.2426909561838627,0.0521053986633498,0.079530739606193,1.3063331714848035e+25,1.993913221383093e+25,2.354517765567317,1.2949847710620246,1.5263435583716922,52,4,7.615384615384615,0.6000000000000001,0.6504229393248673,0.0769230769230769,KAYNAK_VERISI,/home/rakeyma/Tüm_çalışmalar/MOF Radyoaktif Gaz Adsorpsiyonu/data/processed/cif/pretrain_000442.cif,TAM
pretrain_000443,CuHC4O3,HF_COREMOF_GCMC,/home/rakeyma/Tüm_çalışmalar/MOF Radyoaktif Gaz Adsorpsiyonu/data/processed/cif/pretrain_000443.cif,CuHC4O3,False,False,-0.205978546369902,0.143063613898343,0.189134943314022,2.5852239851953995e+25,3.417753673141659e+25,2.7268008935398664,1.4997404914469266,1.3220338712288924,54,4,8.666666666666666,0.688888888888889,0.577510822409416,0.1111111111111111,KAYNAK_VERISI,/home/rakeyma/Tüm_çalışmalar/MOF Radyoaktif Gaz Adsorpsiyonu/data/processed/cif/pretrain_000443.cif,TAM
pretrain_000444,ZnHC4O3,HF_COREMOF_GCMC,/home/rakeyma/Tüm_çalışmalar/MOF Radyoaktif Gaz Adsorpsiyonu/data/processed/cif/pretrain_000444.cif,ZnHC4O3,False,False,-0.2677312773291185,0.2068786041617683,0.2515640963015523,3.3991159257691533e+25,4.133320260715269e+25,3.442719217267522,1.8934955694971372,1.2159986158106626,54,4,8.777777777777779,0.688888888888889,0.6504229393248673,0.1111111111111111,KAYNAK_VERISI,/home/rakeyma/Tüm_çalışmalar/MOF Radyoaktif Gaz Adsorpsiyonu/data/processed/cif/pretrain_000444.cif,TAM
pretrain_000445,Ho(CO2)4,HF_COREMOF_GCMC,/home/rakeyma/Tüm_çalışmalar/MOF Radyoaktif Gaz Adsorpsiyonu/data/processed/cif/pretrain_000445.cif,Ho(CO2)4,False,False,-0.4785943460144064,0.149978361712225,0.2528167403047898,2.441413362038037e+25,4.115461463109865e+25,4.837021143375599,2.66036162885658,1.6856881047273249,52,3,11.923076923076923,0.7192307692307693,0.9079035680560402,0.0769230769230769,KAYNAK_VERISI,/home/rakeyma/Tüm_çalışmalar/MOF Radyoaktif Gaz Adsorpsiyonu/data/processed/cif/pretrain_000445.cif,TAM
pretrain_000446,CoHC4O3,HF_COREMOF_GCMC,/home/rakeyma/Tüm_çalışmalar/MOF Radyoaktif Gaz Adsorpsiyonu/data/processed/cif/pretrain_000446.cif,CoHC4O3,False,False,-0.3016874469803596,0.2027223446159727,0.2408156049896382,3.3889723538711354e+25,4.025789210541387e+25,3.325674945771934,1.829121220174564,1.1879085428191327,54,4,8.444444444444445,0.688888888888889,0.5829397481729994,0.1111111111111111,KAYNAK_VERISI,/home/rakeyma/Tüm_çalışmalar/MOF Radyoaktif Gaz Adsorpsiyonu/data/processed/cif/pretrain_000446.cif,TAM
pretrain_000447,ZnHC4O3,HF_COREMOF_GCMC,/home/rakeyma/Tüm_çalışmalar/MOF Radyoaktif Gaz Adsorpsiyonu/data/processed/cif/pretrain_000447.cif,ZnHC4O3,False,False,-0.2677312773291185,0.2068786041617683,0.2515640963015523,3.3991159257691533e+25,4.133320260715269e+25,3.442719217267522,1.8934955694971372,1.2159986158106626,54,4,8.777777777777779,0.688888888888889,0.6504229393248673,0.1111111111111111,KAYNAK_VERISI,/home/rakeyma/Tüm_çalışmalar/MOF Radyoaktif Gaz Adsorpsiyonu/data/processed/cif/pretrain_000447.cif,TAM
pretrain_000448,CoPC3NO3,HF_COREMOF_GCMC,/home/rakeyma/Tüm_çalışmalar/MOF Radyoaktif Gaz Adsorpsiyonu/data/processed/cif/pretrain_000448.cif,CoPC3NO3,False,False,-0.339007787587708,0.1898965143943221,0.2483097013590397,2.900170840812462e+25,3.792278956089516e+25,3.13185845514548,1.722522150330014,1.3076053668021623,54,5,10.11111111111111,0.7666666666666667,0.5632406235349152,0.1111111111111111,KAYNAK_VERISI,/home/rakeyma/Tüm_çalışmalar/MOF Radyoaktif Gaz Adsorpsiyonu/data/processed/cif/pretrain_000448.cif,TAM
pretrain_000449,CuH2C8N4(OF)2,HF_COREMOF_GCMC,/home/rakeyma/Tüm_çalışmalar/MOF Radyoaktif Gaz Adsorpsiyonu/data/processed/cif/pretrain_000449.cif,CuH2C8N4(OF)2,False,False,-0.4599689216924911,0.0621677291567671,0.0835469979729396,1.912563937552424e+25,2.57028811541231e+25,2.076788150348894,1.2,1.3438965699110683,38,6,7.421052631578948,0.6447368421052632,0.7160171475289928,0.0526315789473684,KAYNAK_VERISI,/home/rakeyma/Tüm_çalışmalar/MOF Radyoaktif Gaz Adsorpsiyonu/data/processed/cif/pretrain_000449.cif,TAM
pretrain_000450,CoPC3NO3,HF_COREMOF_GCMC,/home/rakeyma/Tüm_çalışmalar/MOF Radyoaktif Gaz Adsorpsiyonu/data/processed/cif/pretrain_000450.cif,CoPC3NO3,False,False,-0.339007787587708,0.1898965143943221,0.2483097013590397,2.900170840812462e+25,3.792278956089516e+25,3.13185845514548,1.722522150330014,1.3076053668021623,54,5,10.11111111111111,0.7666666666666667,0.5632406235349152,0.1111111111111111,KAYNAK_VERISI,/home/rakeyma/Tüm_çalışmalar/MOF Radyoaktif Gaz Adsorpsiyonu/data/processed/cif/pretrain_000450.cif,TAM
pretrain_000451,YH4(CO2)4,HF_COREMOF_GCMC,/home/rakeyma/Tüm_çalışmalar/MOF Radyoaktif Gaz Adsorpsiyonu/data/processed/cif/pretrain_000451.cif,YH4(CO2)4,False,False,-0.2927306989086387,0.0290600682297266,0.05,1.224155585179548e+25,2.1062503630451072e+25,1.5,1.2,1.7205740745251603,34,4,7.705882352941177,0.6117647058823531,0.7949017234853627,0.0588235294117647,KAYNAK_VERISI,/home/rakeyma/Tüm_çalışmalar/MOF Radyoaktif Gaz Adsorpsiyonu/data/processed/cif/pretrain_000451.cif,TAM
pretrain_000452,CoHC4O3,HF_COREMOF_GCMC,/home/rakeyma/Tüm_çalışmalar/MOF Radyoaktif Gaz Adsorpsiyonu/data/processed/cif/pretrain_000452.cif,CoHC4O3,False,False,-0.3016874469803596,0.2027223446159727,0.2408156049896382,3.3889723538711354e+25,4.025789210541387e+25,3.325674945771934,1.829121220174564,1.1879085428191327,54,4,8.444444444444445,0.688888888888889,0.5829397481729994,0.1111111111111111,KAYNAK_VERISI,/home/rakeyma/Tüm_çalışmalar/MOF Radyoaktif Gaz Adsorpsiyonu/data/processed/cif/pretrain_000452.cif,TAM
pretrain_000453,ErH4(CO2)4,HF_COREMOF_GCMC,/home/rakeyma/Tüm_çalışmalar/MOF Radyoaktif Gaz Adsorpsiyonu/data/processed/cif/pretrain_000453.cif,ErH4(CO2)4,False,False,-0.2729219457086594,0.0236006670386222,0.05,9.4800095235009e+24,2.008419827284324e+25,1.5,1.2,2.118584187395024,34,4,9.411764705882351,0.6088235294117648,0.7877935960643498,0.0588235294117647,KAYNAK_VERISI,/home/rakeyma/Tüm_çalışmalar/MOF Radyoaktif Gaz Adsorpsiyonu/data/processed/cif/pretrain_000453.cif,TAM
pretrain_000454,Ho(CO2)4,HF_COREMOF_GCMC,/home/rakeyma/Tüm_çalışmalar/MOF Radyoaktif Gaz Adsorpsiyonu/data/processed/cif/pretrain_000454.cif,Ho(CO2)4,False,False,-0.4785943460144064,0.149978361712225,0.2528167403047898,2.441413362038037e+25,4.115461463109865e+25,4.837021143375599,2.66036162885658,1.6856881047273249,52,3,11.923076923076923,0.7192307692307693,0.9079035680560402,0.0769230769230769,KAYNAK_VERISI,/home/rakeyma/Tüm_çalışmalar/MOF Radyoaktif Gaz Adsorpsiyonu/data/processed/cif/pretrain_000454.cif,TAM
pretrain_000455,CuHC4O3,HF_COREMOF_GCMC,/home/rakeyma/Tüm_çalışmalar/MOF Radyoaktif Gaz Adsorpsiyonu/data/processed/cif/pretrain_000455.cif,CuHC4O3,False,False,-0.205978546369902,0.143063613898343,0.189134943314022,2.5852239851953995e+25,3.417753673141659e+25,2.7268008935398664,1.4997404914469266,1.3220338712288924,54,4,8.666666666666666,0.688888888888889,0.577510822409416,0.1111111111111111,KAYNAK_VERISI,/home/rakeyma/Tüm_çalışmalar/MOF Radyoaktif Gaz Adsorpsiyonu/data/processed/cif/pretrain_000455.cif,TAM
pretrain_000456,MgPHCO6,HF_COREMOF_GCMC,/home/rakeyma/Tüm_çalışmalar/MOF Radyoaktif Gaz Adsorpsiyonu/data/processed/cif/pretrain_000456.cif,MgPHCO6,False,False,-0.3514950327118205,0.0918349361792421,0.1349985755511485,2.705562218012952e+25,3.977212384444526e+25,1.9888527039069892,1.2,1.4700132778190231,40,5,8.2,0.7050000000000001,0.6865974075103983,0.1,KAYNAK_VERISI,/home/rakeyma/Tüm_çalışmalar/MOF Radyoaktif Gaz Adsorpsiyonu/data/processed/cif/pretrain_000456.cif,TAM
pretrain_000457,LaC12(ClO)6,HF_COREMOF_GCMC,/home/rakeyma/Tüm_çalışmalar/MOF Radyoaktif Gaz Adsorpsiyonu/data/processed/cif/pretrain_000457.cif,LaC12(ClO)6,False,False,-0.5688211219557444,0.0278556086912823,0.05,5.564325439575443e+24,9.987800843348366e+24,1.9871936116040632,1.2,1.7949706486093728,50,4,11.16,0.7979999999999999,0.90361427058231,0.04,KAYNAK_VERISI,/home/rakeyma/Tüm_çalışmalar/MOF Radyoaktif Gaz Adsorpsiyonu/data/processed/cif/pretrain_000457.cif,TAM
pretrain_000458,ZnHC4O3,HF_COREMOF_GCMC,/home/rakeyma/Tüm_çalışmalar/MOF Radyoaktif Gaz Adsorpsiyonu/data/processed/cif/pretrain_000458.cif,ZnHC4O3,False,False,-0.2677312773291185,0.2068786041617683,0.2515640963015523,3.3991159257691533e+25,4.133320260715269e+25,3.442719217267522,1.8934955694971372,1.2159986158106626,54,4,8.777777777777779,0.688888888888889,0.6504229393248673,0.1111111111111111,KAYNAK_VERISI,/home/rakeyma/Tüm_çalışmalar/MOF Radyoaktif Gaz Adsorpsiyonu/data/processed/cif/pretrain_000458.cif,TAM
pretrain_000459,EuHC6N2O5,HF_COREMOF_GCMC,/home/rakeyma/Tüm_çalışmalar/MOF Radyoaktif Gaz Adsorpsiyonu/data/processed/cif/pretrain_000459.cif,EuHC6N2O5,False,False,-0.272888177149816,0.0266630693681719,0.05,6.59103069616188e+24,1.235984988290522e+25,2.179271850871295,1.2,1.87525296917562,45,5,10.266666666666667,0.7066666666666668,0.768988946604566,0.0666666666666666,KAYNAK_VERISI,/home/rakeyma/Tüm_çalışmalar/MOF Radyoaktif Gaz Adsorpsiyonu/data/processed/cif/pretrain_000459.cif,TAM
pretrain_000460,FePt(C4N)6,HF_COREMOF_GCMC,/home/rakeyma/Tüm_çalışmalar/MOF Radyoaktif Gaz Adsorpsiyonu/data/processed/cif/pretrain_000460.cif,FePt(C4N)6,False,False,-0.2456167983043996,0.0329745389841571,0.05,1.0566567994871069e+25,1.6022313458192472e+25,1.5976705699235996,1.2,1.516321426783945,32,4,9.0625,0.7328124999999999,0.4384347157787576,0.0625,KAYNAK_VERISI,/home/rakeyma/Tüm_çalışmalar/MOF Radyoaktif Gaz Adsorpsiyonu/data/processed/cif/pretrain_000460.cif,TAM
pretrain_000461,ZnHC4O3,HF_COREMOF_GCMC,/home/rakeyma/Tüm_çalışmalar/MOF Radyoaktif Gaz Adsorpsiyonu/data/processed/cif/pretrain_000461.cif,ZnHC4O3,False,False,-0.2677312773291185,0.2068786041617683,0.2515640963015523,3.3991159257691533e+25,4.133320260715269e+25,3.442719217267522,1.8934955694971372,1.2159986158106626,54,4,8.777777777777779,0.688888888888889,0.6504229393248673,0.1111111111111111,KAYNAK_VERISI,/home/rakeyma/Tüm_çalışmalar/MOF Radyoaktif Gaz Adsorpsiyonu/data/processed/cif/pretrain_000461.cif,TAM
pretrain_000462,ZnH2C3N3O2,HF_COREMOF_GCMC,/home/rakeyma/Tüm_çalışmalar/MOF Radyoaktif Gaz Adsorpsiyonu/data/processed/cif/pretrain_000462.cif,ZnH2C3N3O2,False,False,-0.3324032552873504,0.0315427139029129,0.05,9.276415343273008e+24,1.4704529502162343e+25,1.9934546019410624,1.2,1.5851521259045014,44,5,7.909090909090909,0.6454545454545456,0.6263098274815748,0.0909090909090909,KAYNAK_VERISI,/home/rakeyma/Tüm_çalışmalar/MOF Radyoaktif Gaz Adsorpsiyonu/data/processed/cif/pretrain_000462.cif,TAM
pretrain_000463,Ho(CO2)4,HF_COREMOF_GCMC,/home/rakeyma/Tüm_çalışmalar/MOF Radyoaktif Gaz Adsorpsiyonu/data/processed/cif/pretrain_000463.cif,Ho(CO2)4,False,False,-0.4785943460144064,0.149978361712225,0.2528167403047898,2.441413362038037e+25,4.115461463109865e+25,4.837021143375599,2.66036162885658,1.6856881047273249,52,3,11.923076923076923,0.7192307692307693,0.9079035680560402,0.0769230769230769,KAYNAK_VERISI,/home/rakeyma/Tüm_çalışmalar/MOF Radyoaktif Gaz Adsorpsiyonu/data/processed/cif/pretrain_000463.cif,TAM
pretrain_000464,Dy(CO2)4,HF_COREMOF_GCMC,/home/rakeyma/Tüm_çalışmalar/MOF Radyoaktif Gaz Adsorpsiyonu/data/processed/cif/pretrain_000464.cif,Dy(CO2)4,False,False,-0.4900488995615899,0.1517628804976612,0.2531981755138283,2.4626498548041065e+25,4.10863610469889e+25,4.842681428380384,2.663474785609212,1.6683801380386312,52,3,11.846153846153848,0.7192307692307693,0.912225605623716,0.0769230769230769,KAYNAK_VERISI,/home/rakeyma/Tüm_çalışmalar/MOF Radyoaktif Gaz Adsorpsiyonu/data/processed/cif/pretrain_000464.cif,TAM
pretrain_000465,LaC12(ClO)6,HF_COREMOF_GCMC,/home/rakeyma/Tüm_çalışmalar/MOF Radyoaktif Gaz Adsorpsiyonu/data/processed/cif/pretrain_000465.cif,LaC12(ClO)6,False,False,-0.5688211219557444,0.0278556086912823,0.05,5.564325439575443e+24,9.987800843348366e+24,1.9871936116040632,1.2,1.7949706486093728,50,4,11.16,0.7979999999999999,0.90361427058231,0.04,KAYNAK_VERISI,/home/rakeyma/Tüm_çalışmalar/MOF Radyoaktif Gaz Adsorpsiyonu/data/processed/cif/pretrain_000465.cif,TAM
pretrain_000466,CoPC3NO3,HF_COREMOF_GCMC,/home/rakeyma/Tüm_çalışmalar/MOF Radyoaktif Gaz Adsorpsiyonu/data/processed/cif/pretrain_000466.cif,CoPC3NO3,False,False,-0.339007787587708,0.1898965143943221,0.2483097013590397,2.900170840812462e+25,3.792278956089516e+25,3.13185845514548,1.722522150330014,1.3076053668021623,54,5,10.11111111111111,0.7666666666666667,0.5632406235349152,0.1111111111111111,KAYNAK_VERISI,/home/rakeyma/Tüm_çalışmalar/MOF Radyoaktif Gaz Adsorpsiyonu/data/processed/cif/pretrain_000466.cif,TAM
pretrain_000467,ZnHC4O3,HF_COREMOF_GCMC,/home/rakeyma/Tüm_çalışmalar/MOF Radyoaktif Gaz Adsorpsiyonu/data/processed/cif/pretrain_000467.cif,ZnHC4O3,False,False,-0.2677312773291185,0.2068786041617683,0.2515640963015523,3.3991159257691533e+25,4.133320260715269e+25,3.442719217267522,1.8934955694971372,1.2159986158106626,54,4,8.777777777777779,0.688888888888889,0.6504229393248673,0.1111111111111111,KAYNAK_VERISI,/home/rakeyma/Tüm_çalışmalar/MOF Radyoaktif Gaz Adsorpsiyonu/data/processed/cif/pretrain_000467.cif,TAM
pretrain_000468,Ho(CO2)4,HF_COREMOF_GCMC,/home/rakeyma/Tüm_çalışmalar/MOF Radyoaktif Gaz Adsorpsiyonu/data/processed/cif/pretrain_000468.cif,Ho(CO2)4,False,False,-0.4785943460144064,0.149978361712225,0.2528167403047898,2.441413362038037e+25,4.115461463109865e+25,4.837021143375599,2.66036162885658,1.6856881047273249,52,3,11.923076923076923,0.7192307692307693,0.9079035680560402,0.0769230769230769,KAYNAK_VERISI,/home/rakeyma/Tüm_çalışmalar/MOF Radyoaktif Gaz Adsorpsiyonu/data/processed/cif/pretrain_000468.cif,TAM
pretrain_000469,CoHC4O3,HF_COREMOF_GCMC,/home/rakeyma/Tüm_çalışmalar/MOF Radyoaktif Gaz Adsorpsiyonu/data/processed/cif/pretrain_000469.cif,CoHC4O3,False,False,-0.3016874469803596,0.2027223446159727,0.2408156049896382,3.3889723538711354e+25,4.025789210541387e+25,3.325674945771934,1.829121220174564,1.1879085428191327,54,4,8.444444444444445,0.688888888888889,0.5829397481729994,0.1111111111111111,KAYNAK_VERISI,/home/rakeyma/Tüm_çalışmalar/MOF Radyoaktif Gaz Adsorpsiyonu/data/processed/cif/pretrain_000469.cif,TAM
pretrain_000470,MgH3(CO2)3,HF_COREMOF_GCMC,/home/rakeyma/Tüm_çalışmalar/MOF Radyoaktif Gaz Adsorpsiyonu/data/processed/cif/pretrain_000470.cif,MgH3(CO2)3,False,False,-0.2555940590495932,0.1172661287800369,0.1414060559937077,2.9217665416605936e+25,3.5232294908070165e+25,3.1553513543091047,1.7354432448700077,1.205855923315687,52,4,6.230769230769231,0.6115384615384617,0.7631677404083587,0.0769230769230769,KAYNAK_VERISI,/home/rakeyma/Tüm_çalışmalar/MOF Radyoaktif Gaz Adsorpsiyonu/data/processed/cif/pretrain_000470.cif,TAM
pretrain_000471,EuH6C12(SO2)3,HF_COREMOF_GCMC,/home/rakeyma/Tüm_çalışmalar/MOF Radyoaktif Gaz Adsorpsiyonu/data/processed/cif/pretrain_000471.cif,EuH6C12(SO2)3,False,False,-0.412201563334197,0.2020466797093128,0.2504674305847825,3.336664515864815e+25,4.136300528246477e+25,5.079742204819134,2.793858212650524,1.2396513070402009,56,5,8.464285714285714,0.6553571428571429,0.7233698915492681,0.0357142857142857,KAYNAK_VERISI,/home/rakeyma/Tüm_çalışmalar/MOF Radyoaktif Gaz Adsorpsiyonu/data/processed/cif/pretrain_000471.cif,TAM
pretrain_000472,EuH3C9(NO2)3,HF_COREMOF_GCMC,/home/rakeyma/Tüm_çalışmalar/MOF Radyoaktif Gaz Adsorpsiyonu/data/processed/cif/pretrain_000472.cif,EuH3C9(NO2)3,False,False,-0.392826364855677,0.0304497683196859,0.05,8.209112099068205e+24,1.3479761180581744e+25,1.5,1.2,1.642048618401958,44,5,8.590909090909092,0.656818181818182,0.768988946604566,0.0454545454545454,KAYNAK_VERISI,/home/rakeyma/Tüm_çalışmalar/MOF Radyoaktif Gaz Adsorpsiyonu/data/processed/cif/pretrain_000472.cif,TAM
pretrain_000473,CoHC4O3,HF_COREMOF_GCMC,/home/rakeyma/Tüm_çalışmalar/MOF Radyoaktif Gaz Adsorpsiyonu/data/processed/cif/pretrain_000473.cif,CoHC4O3,False,False,-0.3016874469803596,0.2027223446159727,0.2408156049896382,3.3889723538711354e+25,4.025789210541387e+25,3.325674945771934,1.829121220174564,1.1879085428191327,54,4,8.444444444444445,0.688888888888889,0.5829397481729994,0.1111111111111111,KAYNAK_VERISI,/home/rakeyma/Tüm_çalışmalar/MOF Radyoaktif Gaz Adsorpsiyonu/data/processed/cif/pretrain_000473.cif,TAM
pretrain_000474,CoH8C12O5,HF_COREMOF_GCMC,/home/rakeyma/Tüm_çalışmalar/MOF Radyoaktif Gaz Adsorpsiyonu/data/processed/cif/pretrain_000474.cif,CoH8C12O5,False,False,-0.3942044035715397,0.0432713376352243,0.05,1.1310305136336889e+25,1.30690495769767e+25,1.7893015955953318,1.2,1.1554992919677696,52,4,5.653846153846154,0.5673076923076924,0.5829397481729994,0.0384615384615384,KAYNAK_VERISI,/home/rakeyma/Tüm_çalışmalar/MOF Radyoaktif Gaz Adsorpsiyonu/data/processed/cif/pretrain_000474.cif,TAM
pretrain_000475,SmH9(C2O)6,HF_COREMOF_GCMC,/home/rakeyma/Tüm_çalışmalar/MOF Radyoaktif Gaz Adsorpsiyonu/data/processed/cif/pretrain_000475.cif,SmH9(C2O)6,False,False,-0.5533311169052184,0.0331136208540026,0.05,8.2408418593811e+24,1.244328111340469e+25,1.8852289118300725,1.2,1.5099526632997664,56,4,6.821428571428571,0.5750000000000001,0.8128037893612454,0.0357142857142857,KAYNAK_VERISI,/home/rakeyma/Tüm_çalışmalar/MOF Radyoaktif Gaz Adsorpsiyonu/data/processed/cif/pretrain_000475.cif,TAM
pretrain_000476,MnHC4O3,HF_COREMOF_GCMC,/home/rakeyma/Tüm_çalışmalar/MOF Radyoaktif Gaz Adsorpsiyonu/data/processed/cif/pretrain_000476.cif,MnHC4O3,False,False,-0.3566730252319013,0.250478780251175,0.2732752104856126,3.946863419937481e+25,4.306073076369193e+25,3.5594545584836754,1.957700007166021,1.0910114230498005,54,4,8.222222222222221,0.6944444444444445,0.6822206387965699,0.1111111111111111,KAYNAK_VERISI,/home/rakeyma/Tüm_çalışmalar/MOF Radyoaktif Gaz Adsorpsiyonu/data/processed/cif/pretrain_000476.cif,TAM
pretrain_000477,CoHC4O3,HF_COREMOF_GCMC,/home/rakeyma/Tüm_çalışmalar/MOF Radyoaktif Gaz Adsorpsiyonu/data/processed/cif/pretrain_000477.cif,CoHC4O3,False,False,-0.3016874469803596,0.2027223446159727,0.2408156049896382,3.3889723538711354e+25,4.025789210541387e+25,3.325674945771934,1.829121220174564,1.1879085428191327,54,4,8.444444444444445,0.688888888888889,0.5829397481729994,0.1111111111111111,KAYNAK_VERISI,/home/rakeyma/Tüm_çalışmalar/MOF Radyoaktif Gaz Adsorpsiyonu/data/processed/cif/pretrain_000477.cif,TAM
pretrain_000478,Cd(CO2)4,HF_COREMOF_GCMC,/home/rakeyma/Tüm_çalışmalar/MOF Radyoaktif Gaz Adsorpsiyonu/data/processed/cif/pretrain_000478.cif,Cd(CO2)4,False,False,-0.2440178580712028,0.0704500841992481,0.1217583836549003,1.3898865619909783e+25,2.402131142569935e+25,3.029836813613426,1.6664102474873843,1.7282929472524298,52,3,10.461538461538462,0.703846153846154,0.7144695001654492,0.0769230769230769,KAYNAK_VERISI,/home/rakeyma/Tüm_çalışmalar/MOF Radyoaktif Gaz Adsorpsiyonu/data/processed/cif/pretrain_000478.cif,TAM
pretrain_000479,Ho(CO2)4,HF_COREMOF_GCMC,/home/rakeyma/Tüm_çalışmalar/MOF Radyoaktif Gaz Adsorpsiyonu/data/processed/cif/pretrain_000479.cif,Ho(CO2)4,False,False,-0.4785943460144064,0.149978361712225,0.2528167403047898,2.441413362038037e+25,4.115461463109865e+25,4.837021143375599,2.66036162885658,1.6856881047273249,52,3,11.923076923076923,0.7192307692307693,0.9079035680560402,0.0769230769230769,KAYNAK_VERISI,/home/rakeyma/Tüm_çalışmalar/MOF Radyoaktif Gaz Adsorpsiyonu/data/processed/cif/pretrain_000479.cif,TAM
pretrain_000480,Ho(CO2)4,HF_COREMOF_GCMC,/home/rakeyma/Tüm_çalışmalar/MOF Radyoaktif Gaz Adsorpsiyonu/data/processed/cif/pretrain_000480.cif,Ho(CO2)4,False,False,-0.4785943460144064,0.149978361712225,0.2528167403047898,2.441413362038037e+25,4.115461463109865e+25,4.837021143375599,2.66036162885658,1.6856881047273249,52,3,11.923076923076923,0.7192307692307693,0.9079035680560402,0.0769230769230769,KAYNAK_VERISI,/home/rakeyma/Tüm_çalışmalar/MOF Radyoaktif Gaz Adsorpsiyonu/data/processed/cif/pretrain_000480.cif,TAM
pretrain_000481,ZnHC4O3,HF_COREMOF_GCMC,/home/rakeyma/Tüm_çalışmalar/MOF Radyoaktif Gaz Adsorpsiyonu/data/processed/cif/pretrain_000481.cif,ZnHC4O3,False,False,-0.2677312773291185,0.2068786041617683,0.2515640963015523,3.3991159257691533e+25,4.133320260715269e+25,3.442719217267522,1.8934955694971372,1.2159986158106626,54,4,8.777777777777779,0.688888888888889,0.6504229393248673,0.1111111111111111,KAYNAK_VERISI,/home/rakeyma/Tüm_çalışmalar/MOF Radyoaktif Gaz Adsorpsiyonu/data/processed/cif/pretrain_000481.cif,TAM
pretrain_000482,TbH2C5O6,HF_COREMOF_GCMC,/home/rakeyma/Tüm_çalışmalar/MOF Radyoaktif Gaz Adsorpsiyonu/data/processed/cif/pretrain_000482.cif,TbH2C5O6,False,False,-0.5801692033466341,0.0241065071089013,0.05,5.19364682630987e+24,1.0772292316857692e+25,2.040859243064058,1.2,2.074128772539487,56,4,10.357142857142858,0.6678571428571427,0.8381639159496189,0.0714285714285714,KAYNAK_VERISI,/home/rakeyma/Tüm_çalışmalar/MOF Radyoaktif Gaz Adsorpsiyonu/data/processed/cif/pretrain_000482.cif,TAM
pretrain_000483,NiH9C11(NO)2,HF_COREMOF_GCMC,/home/rakeyma/Tüm_çalışmalar/MOF Radyoaktif Gaz Adsorpsiyonu/data/processed/cif/pretrain_000483.cif,NiH9C11(NO)2,False,False,-0.4316147466124268,0.1105082077847083,0.1143993698258944,2.8987157079593816e+25,3.000783895989144e+25,2.748793250824693,1.5118362879535816,1.035211520657062,50,5,5.32,0.552,0.5538736317970011,0.04,KAYNAK_VERISI,/home/rakeyma/Tüm_çalışmalar/MOF Radyoaktif Gaz Adsorpsiyonu/data/processed/cif/pretrain_000483.cif,TAM
pretrain_000484,CoHC4O3,HF_COREMOF_GCMC,/home/rakeyma/Tüm_çalışmalar/MOF Radyoaktif Gaz Adsorpsiyonu/data/processed/cif/pretrain_000484.cif,CoHC4O3,False,False,-0.3016874469803596,0.2027223446159727,0.2408156049896382,3.3889723538711354e+25,4.025789210541387e+25,3.325674945771934,1.829121220174564,1.1879085428191327,54,4,8.444444444444445,0.688888888888889,0.5829397481729994,0.1111111111111111,KAYNAK_VERISI,/home/rakeyma/Tüm_çalışmalar/MOF Radyoaktif Gaz Adsorpsiyonu/data/processed/cif/pretrain_000484.cif,TAM
pretrain_000485,CoPC3NO3,HF_COREMOF_GCMC,/home/rakeyma/Tüm_çalışmalar/MOF Radyoaktif Gaz Adsorpsiyonu/data/processed/cif/pretrain_000485.cif,CoPC3NO3,False,False,-0.339007787587708,0.1898965143943221,0.2483097013590397,2.900170840812462e+25,3.792278956089516e+25,3.13185845514548,1.722522150330014,1.3076053668021623,54,5,10.11111111111111,0.7666666666666667,0.5632406235349152,0.1111111111111111,KAYNAK_VERISI,/home/rakeyma/Tüm_çalışmalar/MOF Radyoaktif Gaz Adsorpsiyonu/data/processed/cif/pretrain_000485.cif,TAM
pretrain_000486,UH2(C5O4)2,HF_COREMOF_GCMC,/home/rakeyma/Tüm_çalışmalar/MOF Radyoaktif Gaz Adsorpsiyonu/data/processed/cif/pretrain_000486.cif,UH2(C5O4)2,False,False,-0.1949030575478053,0.1474609397668808,0.2330971396495256,3.1446031398414465e+25,4.970794288906241e+25,4.551368288254971,2.5032525585402343,1.5807381942501246,42,4,10.38095238095238,0.6690476190476191,0.7389646473275971,0.0476190476190476,KAYNAK_VERISI,/home/rakeyma/Tüm_çalışmalar/MOF Radyoaktif Gaz Adsorpsiyonu/data/processed/cif/pretrain_000486.cif,TAM
pretrain_000487,CoHC4O3,HF_COREMOF_GCMC,/home/rakeyma/Tüm_çalışmalar/MOF Radyoaktif Gaz Adsorpsiyonu/data/processed/cif/pretrain_000487.cif,CoHC4O3,False,False,-0.3016874469803596,0.2027223446159727,0.2408156049896382,3.3889723538711354e+25,4.025789210541387e+25,3.325674945771934,1.829121220174564,1.1879085428191327,54,4,8.444444444444445,0.688888888888889,0.5829397481729994,0.1111111111111111,KAYNAK_VERISI,/home/rakeyma/Tüm_çalışmalar/MOF Radyoaktif Gaz Adsorpsiyonu/data/processed/cif/pretrain_000487.cif,TAM
pretrain_000488,EuHC6N2O5,HF_COREMOF_GCMC,/home/rakeyma/Tüm_çalışmalar/MOF Radyoaktif Gaz Adsorpsiyonu/data/processed/cif/pretrain_000488.cif,EuHC6N2O5,False,False,-0.272888177149816,0.0266630693681719,0.05,6.59103069616188e+24,1.235984988290522e+25,2.179271850871295,1.2,1.87525296917562,45,5,10.266666666666667,0.7066666666666668,0.768988946604566,0.0666666666666666,KAYNAK_VERISI,/home/rakeyma/Tüm_çalışmalar/MOF Radyoaktif Gaz Adsorpsiyonu/data/processed/cif/pretrain_000488.cif,TAM
pretrain_000489,AlP2C8N3O7,HF_COREMOF_GCMC,/home/rakeyma/Tüm_çalışmalar/MOF Radyoaktif Gaz Adsorpsiyonu/data/processed/cif/pretrain_000489.cif,AlP2C8N3O7,False,False,-0.3203434239135617,0.0328579645592192,0.05,9.71204462315858e+24,1.4778828745850578e+25,1.5462410064411043,1.2,1.5217010752411642,42,5,8.0,0.7142857142857143,0.6393934625877871,0.0476190476190476,KAYNAK_VERISI,/home/rakeyma/Tüm_çalışmalar/MOF Radyoaktif Gaz Adsorpsiyonu/data/processed/cif/pretrain_000489.cif,TAM
pretrain_000490,SrU2P2H4(C3O4)2,HF_COREMOF_GCMC,/home/rakeyma/Tüm_çalışmalar/MOF Radyoaktif Gaz Adsorpsiyonu/data/processed/cif/pretrain_000490.cif,SrU2P2H4(C3O4)2,False,False,-0.5660985795729906,0.0161233082656799,0.05,3.968439746241035e+24,1.2306530647585094e+25,1.5918567931821002,1.2,3.10110054190492,46,6,15.478260869565217,0.7608695652173915,0.8015696406981049,0.1304347826086956,KAYNAK_VERISI,/home/rakeyma/Tüm_çalışmalar/MOF Radyoaktif Gaz Adsorpsiyonu/data/processed/cif/pretrain_000490.cif,TAM
pretrain_000491,LaC12(ClO)6,HF_COREMOF_GCMC,/home/rakeyma/Tüm_çalışmalar/MOF Radyoaktif Gaz Adsorpsiyonu/data/processed/cif/pretrain_000491.cif,LaC12(ClO)6,False,False,-0.5688211219557444,0.0278556086912823,0.05,5.564325439575443e+24,9.987800843348366e+24,1.9871936116040632,1.2,1.7949706486093728,50,4,11.16,0.7979999999999999,0.90361427058231,0.04,KAYNAK_VERISI,/home/rakeyma/Tüm_çalışmalar/MOF Radyoaktif Gaz Adsorpsiyonu/data/processed/cif/pretrain_000491.cif,TAM
pretrain_000492,CuH16(C6N)4,HF_COREMOF_GCMC,/home/rakeyma/Tüm_çalışmalar/MOF Radyoaktif Gaz Adsorpsiyonu/data/processed/cif/pretrain_000492.cif,CuH16(C6N)4,False,False,-0.3168048898657822,0.1089447125082447,0.1017543701199216,3.1611211427834428e+25,2.952487397975864e+25,2.581263909304936,1.419695150117715,0.9340000792807732,45,4,4.822222222222222,0.5499999999999997,0.4242861652234256,0.0222222222222222,KAYNAK_VERISI,/home/rakeyma/Tüm_çalışmalar/MOF Radyoaktif Gaz Adsorpsiyonu/data/processed/cif/pretrain_000492.cif,TAM
pretrain_000493,EuHC6N2O5,HF_COREMOF_GCMC,/home/rakeyma/Tüm_çalışmalar/MOF Radyoaktif Gaz Adsorpsiyonu/data/processed/cif/pretrain_000493.cif,EuHC6N2O5,False,False,-0.272888177149816,0.0266630693681719,0.05,6.59103069616188e+24,1.235984988290522e+25,2.179271850871295,1.2,1.87525296917562,45,5,10.266666666666667,0.7066666666666668,0.768988946604566,0.0666666666666666,KAYNAK_VERISI,/home/rakeyma/Tüm_çalışmalar/MOF Radyoaktif Gaz Adsorpsiyonu/data/processed/cif/pretrain_000493.cif,TAM
pretrain_000494,MnHC4O3,HF_COREMOF_GCMC,/home/rakeyma/Tüm_çalışmalar/MOF Radyoaktif Gaz Adsorpsiyonu/data/processed/cif/pretrain_000494.cif,MnHC4O3,False,False,-0.3566730252319013,0.250478780251175,0.2732752104856126,3.946863419937481e+25,4.306073076369193e+25,3.5594545584836754,1.957700007166021,1.0910114230498005,54,4,8.222222222222221,0.6944444444444445,0.6822206387965699,0.1111111111111111,KAYNAK_VERISI,/home/rakeyma/Tüm_çalışmalar/MOF Radyoaktif Gaz Adsorpsiyonu/data/processed/cif/pretrain_000494.cif,TAM
pretrain_000495,CoHC4O3,HF_COREMOF_GCMC,/home/rakeyma/Tüm_çalışmalar/MOF Radyoaktif Gaz Adsorpsiyonu/data/processed/cif/pretrain_000495.cif,CoHC4O3,False,False,-0.3016874469803596,0.2027223446159727,0.2408156049896382,3.3889723538711354e+25,4.025789210541387e+25,3.325674945771934,1.829121220174564,1.1879085428191327,54,4,8.444444444444445,0.688888888888889,0.5829397481729994,0.1111111111111111,KAYNAK_VERISI,/home/rakeyma/Tüm_çalışmalar/MOF Radyoaktif Gaz Adsorpsiyonu/data/processed/cif/pretrain_000495.cif,TAM
pretrain_000496,MgHC4O3,HF_COREMOF_GCMC,/home/rakeyma/Tüm_çalışmalar/MOF Radyoaktif Gaz Adsorpsiyonu/data/processed/cif/pretrain_000496.cif,MgHC4O3,False,False,-0.3355560009213867,0.3411076157975439,0.309002437664599,5.589414082467398e+25,5.063336309747969e+25,3.841685830015776,2.112927206508677,0.9058796208408312,54,4,6.777777777777778,0.7055555555555557,0.7631677404083587,0.1111111111111111,KAYNAK_VERISI,/home/rakeyma/Tüm_çalışmalar/MOF Radyoaktif Gaz Adsorpsiyonu/data/processed/cif/pretrain_000496.cif,TAM
pretrain_000497,NiPC3NO3,HF_COREMOF_GCMC,/home/rakeyma/Tüm_çalışmalar/MOF Radyoaktif Gaz Adsorpsiyonu/data/processed/cif/pretrain_000497.cif,NiPC3NO3,False,False,-0.3485933667046691,0.1803255305781985,0.2400645595842839,2.80745244448194e+25,3.737517546613345e+25,3.0524746918998127,1.6788610805448971,1.3312843656388382,54,5,10.22222222222222,0.7666666666666667,0.5554313638965664,0.1111111111111111,KAYNAK_VERISI,/home/rakeyma/Tüm_çalışmalar/MOF Radyoaktif Gaz Adsorpsiyonu/data/processed/cif/pretrain_000497.cif,TAM
pretrain_000498,YH4(CO2)4,HF_COREMOF_GCMC,/home/rakeyma/Tüm_çalışmalar/MOF Radyoaktif Gaz Adsorpsiyonu/data/processed/cif/pretrain_000498.cif,YH4(CO2)4,False,False,-0.2927306989086387,0.0290600682297266,0.05,1.224155585179548e+25,2.1062503630451072e+25,1.5,1.2,1.7205740745251603,34,4,7.705882352941177,0.6117647058823531,0.7949017234853627,0.0588235294117647,KAYNAK_VERISI,/home/rakeyma/Tüm_çalışmalar/MOF Radyoaktif Gaz Adsorpsiyonu/data/processed/cif/pretrain_000498.cif,TAM
pretrain_000499,Ho(CO2)4,HF_COREMOF_GCMC,/home/rakeyma/Tüm_çalışmalar/MOF Radyoaktif Gaz Adsorpsiyonu/data/processed/cif/pretrain_000499.cif,Ho(CO2)4,False,False,-0.4785943460144064,0.149978361712225,0.2528167403047898,2.441413362038037e+25,4.115461463109865e+25,4.837021143375599,2.66036162885658,1.6856881047273249,52,3,11.923076923076923,0.7192307692307693,0.9079035680560402,0.0769230769230769,KAYNAK_VERISI,/home/rakeyma/Tüm_çalışmalar/MOF Radyoaktif Gaz Adsorpsiyonu/data/processed/cif/pretrain_000499.cif,TAM
pretrain_000500,SmH9(C2O)6,HF_COREMOF_GCMC,/home/rakeyma/Tüm_çalışmalar/MOF Radyoaktif Gaz Adsorpsiyonu/data/processed/cif/pretrain_000500.cif,SmH9(C2O)6,False,False,-0.5533311169052184,0.0331136208540026,0.05,8.2408418593811e+24,1.244328111340469e+25,1.8852289118300725,1.2,1.5099526632997664,56,4,6.821428571428571,0.5750000000000001,0.8128037893612454,0.0357142857142857,KAYNAK_VERISI,/home/rakeyma/Tüm_çalışmalar/MOF Radyoaktif Gaz Adsorpsiyonu/data/processed/cif/pretrain_000500.cif,TAM
pretrain_000501,ErH4(CO2)4,HF_COREMOF_GCMC,/home/rakeyma/Tüm_çalışmalar/MOF Radyoaktif Gaz Adsorpsiyonu/data/processed/cif/pretrain_000501.cif,ErH4(CO2)4,False,False,-0.2729219457086594,0.0236006670386222,0.05,9.4800095235009e+24,2.008419827284324e+25,1.5,1.2,2.118584187395024,34,4,9.411764705882351,0.6088235294117648,0.7877935960643498,0.0588235294117647,KAYNAK_VERISI,/home/rakeyma/Tüm_çalışmalar/MOF Radyoaktif Gaz Adsorpsiyonu/data/processed/cif/pretrain_000501.cif,TAM
pretrain_000502,Ho(CO2)4,HF_COREMOF_GCMC,/home/rakeyma/Tüm_çalışmalar/MOF Radyoaktif Gaz Adsorpsiyonu/data/processed/cif/pretrain_000502.cif,Ho(CO2)4,False,False,-0.4785943460144064,0.149978361712225,0.2528167403047898,2.441413362038037e+25,4.115461463109865e+25,4.837021143375599,2.66036162885658,1.6856881047273249,52,3,11.923076923076923,0.7192307692307693,0.9079035680560402,0.0769230769230769,KAYNAK_VERISI,/home/rakeyma/Tüm_çalışmalar/MOF Radyoaktif Gaz Adsorpsiyonu/data/processed/cif/pretrain_000502.cif,TAM
pretrain_000503,Fe2C4Cl2O9,HF_COREMOF_GCMC,/home/rakeyma/Tüm_çalışmalar/MOF Radyoaktif Gaz Adsorpsiyonu/data/processed/cif/pretrain_000503.cif,Fe2C4Cl2O9,False,False,-0.1945708216821267,0.1207959175776015,0.1851451817186259,3.2545086912313037e+25,4.988219926023356e+25,3.77704173503509,2.0773729542693,1.5327105868431787,34,4,10.705882352941176,0.7647058823529411,0.6185668920981788,0.1176470588235294,KAYNAK_VERISI,/home/rakeyma/Tüm_çalışmalar/MOF Radyoaktif Gaz Adsorpsiyonu/data/processed/cif/pretrain_000503.cif,TAM
pretrain_000504,LaC12(ClO)6,HF_COREMOF_GCMC,/home/rakeyma/Tüm_çalışmalar/MOF Radyoaktif Gaz Adsorpsiyonu/data/processed/cif/pretrain_000504.cif,LaC12(ClO)6,False,False,-0.5688211219557444,0.0278556086912823,0.05,5.564325439575443e+24,9.987800843348366e+24,1.9871936116040632,1.2,1.7949706486093728,50,4,11.16,0.7979999999999999,0.90361427058231,0.04,KAYNAK_VERISI,/home/rakeyma/Tüm_çalışmalar/MOF Radyoaktif Gaz Adsorpsiyonu/data/processed/cif/pretrain_000504.cif,TAM
pretrain_000505,CoHC4O3,HF_COREMOF_GCMC,/home/rakeyma/Tüm_çalışmalar/MOF Radyoaktif Gaz Adsorpsiyonu/data/processed/cif/pretrain_000505.cif,CoHC4O3,False,False,-0.3016874469803596,0.2027223446159727,0.2408156049896382,3.3889723538711354e+25,4.025789210541387e+25,3.325674945771934,1.829121220174564,1.1879085428191327,54,4,8.444444444444445,0.688888888888889,0.5829397481729994,0.1111111111111111,KAYNAK_VERISI,/home/rakeyma/Tüm_çalışmalar/MOF Radyoaktif Gaz Adsorpsiyonu/data/processed/cif/pretrain_000505.cif,TAM
pretrain_000506,InHC2O5,HF_COREMOF_GCMC,/home/rakeyma/Tüm_çalışmalar/MOF Radyoaktif Gaz Adsorpsiyonu/data/processed/cif/pretrain_000506.cif,InHC2O5,False,False,-0.3484707393201016,0.0182632708078084,0.05,4.992441398287775e+24,1.3667982725616837e+25,1.7783448625055829,1.2,2.7377352351706032,54,4,11.333333333333334,0.688888888888889,0.6112027077819601,0.1111111111111111,KAYNAK_VERISI,/home/rakeyma/Tüm_çalışmalar/MOF Radyoaktif Gaz Adsorpsiyonu/data/processed/cif/pretrain_000506.cif,TAM
pretrain_000507,AlH3C4O5,HF_COREMOF_GCMC,/home/rakeyma/Tüm_çalışmalar/MOF Radyoaktif Gaz Adsorpsiyonu/data/processed/cif/pretrain_000507.cif,AlH3C4O5,False,False,-0.2716596284759289,0.1864374698131682,0.1975975508878382,4.116706264537414e+25,4.363130847100562e+25,3.0414021497001245,1.6727711823350686,1.0598596467000634,52,4,6.153846153846154,0.6000000000000002,0.6629856710367125,0.0769230769230769,KAYNAK_VERISI,/home/rakeyma/Tüm_çalışmalar/MOF Radyoaktif Gaz Adsorpsiyonu/data/processed/cif/pretrain_000507.cif,TAM
pretrain_000508,ZnH3(CO2)3,HF_COREMOF_GCMC,/home/rakeyma/Tüm_çalışmalar/MOF Radyoaktif Gaz Adsorpsiyonu/data/processed/cif/pretrain_000508.cif,ZnH3(CO2)3,False,False,-0.2426909561838627,0.0521053986633498,0.079530739606193,1.3063331714848035e+25,1.993913221383093e+25,2.354517765567317,1.2949847710620246,1.5263435583716922,52,4,7.615384615384615,0.6000000000000001,0.6504229393248673,0.0769230769230769,KAYNAK_VERISI,/home/rakeyma/Tüm_çalışmalar/MOF Radyoaktif Gaz Adsorpsiyonu/data/processed/cif/pretrain_000508.cif,TAM
pretrain_000509,ZnH4(C2O)4,HF_COREMOF_GCMC,/home/rakeyma/Tüm_çalışmalar/MOF Radyoaktif Gaz Adsorpsiyonu/data/processed/cif/pretrain_000509.cif,ZnH4(C2O)4,False,False,-0.4483752753764834,0.0369466051511038,0.05,9.563794422118308e+24,1.294272421377336e+25,2.174799714916296,1.2,1.353304310247464,51,4,6.705882352941177,0.6088235294117648,0.6504229393248673,0.0588235294117647,KAYNAK_VERISI,/home/rakeyma/Tüm_çalışmalar/MOF Radyoaktif Gaz Adsorpsiyonu/data/processed/cif/pretrain_000509.cif,TAM
pretrain_000510,Ho(CO2)4,HF_COREMOF_GCMC,/home/rakeyma/Tüm_çalışmalar/MOF Radyoaktif Gaz Adsorpsiyonu/data/processed/cif/pretrain_000510.cif,Ho(CO2)4,False,False,-0.4785943460144064,0.149978361712225,0.2528167403047898,2.441413362038037e+25,4.115461463109865e+25,4.837021143375599,2.66036162885658,1.6856881047273249,52,3,11.923076923076923,0.7192307692307693,0.9079035680560402,0.0769230769230769,KAYNAK_VERISI,/home/rakeyma/Tüm_çalışmalar/MOF Radyoaktif Gaz Adsorpsiyonu/data/processed/cif/pretrain_000510.cif,TAM
pretrain_000511,Ho(CO2)4,HF_COREMOF_GCMC,/home/rakeyma/Tüm_çalışmalar/MOF Radyoaktif Gaz Adsorpsiyonu/data/processed/cif/pretrain_000511.cif,Ho(CO2)4,False,False,-0.4785943460144064,0.149978361712225,0.2528167403047898,2.441413362038037e+25,4.115461463109865e+25,4.837021143375599,2.66036162885658,1.6856881047273249,52,3,11.923076923076923,0.7192307692307693,0.9079035680560402,0.0769230769230769,KAYNAK_VERISI,/home/rakeyma/Tüm_çalışmalar/MOF Radyoaktif Gaz Adsorpsiyonu/data/processed/cif/pretrain_000511.cif,TAM
pretrain_000512,ZnHC4O3,HF_COREMOF_GCMC,/home/rakeyma/Tüm_çalışmalar/MOF Radyoaktif Gaz Adsorpsiyonu/data/processed/cif/pretrain_000512.cif,ZnHC4O3,False,False,-0.2677312773291185,0.2068786041617683,0.2515640963015523,3.3991159257691533e+25,4.133320260715269e+25,3.442719217267522,1.8934955694971372,1.2159986158106626,54,4,8.777777777777779,0.688888888888889,0.6504229393248673,0.1111111111111111,KAYNAK_VERISI,/home/rakeyma/Tüm_çalışmalar/MOF Radyoaktif Gaz Adsorpsiyonu/data/processed/cif/pretrain_000512.cif,TAM
pretrain_000513,Cd(CO2)4,HF_COREMOF_GCMC,/home/rakeyma/Tüm_çalışmalar/MOF Radyoaktif Gaz Adsorpsiyonu/data/processed/cif/pretrain_000513.cif,Cd(CO2)4,False,False,-0.2440178580712028,0.0704500841992481,0.1217583836549003,1.3898865619909783e+25,2.402131142569935e+25,3.029836813613426,1.6664102474873843,1.7282929472524298,52,3,10.461538461538462,0.703846153846154,0.7144695001654492,0.0769230769230769,KAYNAK_VERISI,/home/rakeyma/Tüm_çalışmalar/MOF Radyoaktif Gaz Adsorpsiyonu/data/processed/cif/pretrain_000513.cif,TAM
pretrain_000514,MgPHCO6,HF_COREMOF_GCMC,/home/rakeyma/Tüm_çalışmalar/MOF Radyoaktif Gaz Adsorpsiyonu/data/processed/cif/pretrain_000514.cif,MgPHCO6,False,False,-0.3514950327118205,0.0918349361792421,0.1349985755511485,2.705562218012952e+25,3.977212384444526e+25,1.9888527039069892,1.2,1.4700132778190231,40,5,8.2,0.7050000000000001,0.6865974075103983,0.1,KAYNAK_VERISI,/home/rakeyma/Tüm_çalışmalar/MOF Radyoaktif Gaz Adsorpsiyonu/data/processed/cif/pretrain_000514.cif,TAM
pretrain_000515,Yb(CO2)4,HF_COREMOF_GCMC,/home/rakeyma/Tüm_çalışmalar/MOF Radyoaktif Gaz Adsorpsiyonu/data/processed/cif/pretrain_000515.cif,Yb(CO2)4,False,False,-0.2276657727356584,0.1093310706107314,0.2033019371630615,3.835293045214321e+25,7.1317558798656345e+25,3.805963847844579,2.093280116314519,1.859507421151205,26,3,12.153846153846152,0.7192307692307693,0.964376597715966,0.0769230769230769,KAYNAK_VERISI,/home/rakeyma/Tüm_çalışmalar/MOF Radyoaktif Gaz Adsorpsiyonu/data/processed/cif/pretrain_000515.cif,TAM
pretrain_000516,ZnH3(CO2)3,HF_COREMOF_GCMC,/home/rakeyma/Tüm_çalışmalar/MOF Radyoaktif Gaz Adsorpsiyonu/data/processed/cif/pretrain_000516.cif,ZnH3(CO2)3,False,False,-0.2426909561838627,0.0521053986633498,0.079530739606193,1.3063331714848035e+25,1.993913221383093e+25,2.354517765567317,1.2949847710620246,1.5263435583716922,52,4,7.615384615384615,0.6000000000000001,0.6504229393248673,0.0769230769230769,KAYNAK_VERISI,/home/rakeyma/Tüm_çalışmalar/MOF Radyoaktif Gaz Adsorpsiyonu/data/processed/cif/pretrain_000516.cif,TAM
pretrain_000517,Ho(CO2)4,HF_COREMOF_GCMC,/home/rakeyma/Tüm_çalışmalar/MOF Radyoaktif Gaz Adsorpsiyonu/data/processed/cif/pretrain_000517.cif,Ho(CO2)4,False,False,-0.4785943460144064,0.149978361712225,0.2528167403047898,2.441413362038037e+25,4.115461463109865e+25,4.837021143375599,2.66036162885658,1.6856881047273249,52,3,11.923076923076923,0.7192307692307693,0.9079035680560402,0.0769230769230769,KAYNAK_VERISI,/home/rakeyma/Tüm_çalışmalar/MOF Radyoaktif Gaz Adsorpsiyonu/data/processed/cif/pretrain_000517.cif,TAM
pretrain_000518,MgPHCO6,HF_COREMOF_GCMC,/home/rakeyma/Tüm_çalışmalar/MOF Radyoaktif Gaz Adsorpsiyonu/data/processed/cif/pretrain_000518.cif,MgPHCO6,False,False,-0.3514950327118205,0.0918349361792421,0.1349985755511485,2.705562218012952e+25,3.977212384444526e+25,1.9888527039069892,1.2,1.4700132778190231,40,5,8.2,0.7050000000000001,0.6865974075103983,0.1,KAYNAK_VERISI,/home/rakeyma/Tüm_çalışmalar/MOF Radyoaktif Gaz Adsorpsiyonu/data/processed/cif/pretrain_000518.cif,TAM
pretrain_000519,ZnHC4O3,HF_COREMOF_GCMC,/home/rakeyma/Tüm_çalışmalar/MOF Radyoaktif Gaz Adsorpsiyonu/data/processed/cif/pretrain_000519.cif,ZnHC4O3,False,False,-0.2677312773291185,0.2068786041617683,0.2515640963015523,3.3991159257691533e+25,4.133320260715269e+25,3.442719217267522,1.8934955694971372,1.2159986158106626,54,4,8.777777777777779,0.688888888888889,0.6504229393248673,0.1111111111111111,KAYNAK_VERISI,/home/rakeyma/Tüm_çalışmalar/MOF Radyoaktif Gaz Adsorpsiyonu/data/processed/cif/pretrain_000519.cif,TAM
pretrain_000520,La(CO2)4,HF_COREMOF_GCMC,/home/rakeyma/Tüm_çalışmalar/MOF Radyoaktif Gaz Adsorpsiyonu/data/processed/cif/pretrain_000520.cif,La(CO2)4,False,False,-0.3809331029134062,0.1299914090736815,0.2072084775956514,2.166329088153555e+25,3.4531647554727203e+25,4.559299016051263,2.507614458828195,1.594016705197817,52,3,11.153846153846152,0.7346153846153847,0.964376597715966,0.0769230769230769,KAYNAK_VERISI,/home/rakeyma/Tüm_çalışmalar/MOF Radyoaktif Gaz Adsorpsiyonu/data/processed/cif/pretrain_000520.cif,TAM
pretrain_000521,ErH4(CO2)4,HF_COREMOF_GCMC,/home/rakeyma/Tüm_çalışmalar/MOF Radyoaktif Gaz Adsorpsiyonu/data/processed/cif/pretrain_000521.cif,ErH4(CO2)4,False,False,-0.2729219457086594,0.0236006670386222,0.05,9.4800095235009e+24,2.008419827284324e+25,1.5,1.2,2.118584187395024,34,4,9.411764705882351,0.6088235294117648,0.7877935960643498,0.0588235294117647,KAYNAK_VERISI,/home/rakeyma/Tüm_çalışmalar/MOF Radyoaktif Gaz Adsorpsiyonu/data/processed/cif/pretrain_000521.cif,TAM
pretrain_000522,LaC12(ClO)6,HF_COREMOF_GCMC,/home/rakeyma/Tüm_çalışmalar/MOF Radyoaktif Gaz Adsorpsiyonu/data/processed/cif/pretrain_000522.cif,LaC12(ClO)6,False,False,-0.5688211219557444,0.0278556086912823,0.05,5.564325439575443e+24,9.987800843348366e+24,1.9871936116040632,1.2,1.7949706486093728,50,4,11.16,0.7979999999999999,0.90361427058231,0.04,KAYNAK_VERISI,/home/rakeyma/Tüm_çalışmalar/MOF Radyoaktif Gaz Adsorpsiyonu/data/processed/cif/pretrain_000522.cif,TAM
pretrain_000523,EuH3C9(NO2)3,HF_COREMOF_GCMC,/home/rakeyma/Tüm_çalışmalar/MOF Radyoaktif Gaz Adsorpsiyonu/data/processed/cif/pretrain_000523.cif,EuH3C9(NO2)3,False,False,-0.392826364855677,0.0304497683196859,0.05,8.209112099068205e+24,1.3479761180581744e+25,1.5,1.2,1.642048618401958,44,5,8.590909090909092,0.656818181818182,0.768988946604566,0.0454545454545454,KAYNAK_VERISI,/home/rakeyma/Tüm_çalışmalar/MOF Radyoaktif Gaz Adsorpsiyonu/data/processed/cif/pretrain_000523.cif,TAM
pretrain_000524,EuHC6N2O5,HF_COREMOF_GCMC,/home/rakeyma/Tüm_çalışmalar/MOF Radyoaktif Gaz Adsorpsiyonu/data/processed/cif/pretrain_000524.cif,EuHC6N2O5,False,False,-0.272888177149816,0.0266630693681719,0.05,6.59103069616188e+24,1.235984988290522e+25,2.179271850871295,1.2,1.87525296917562,45,5,10.266666666666667,0.7066666666666668,0.768988946604566,0.0666666666666666,KAYNAK_VERISI,/home/rakeyma/Tüm_çalışmalar/MOF Radyoaktif Gaz Adsorpsiyonu/data/processed/cif/pretrain_000524.cif,TAM
pretrain_000525,Ho(CO2)4,HF_COREMOF_GCMC,/home/rakeyma/Tüm_çalışmalar/MOF Radyoaktif Gaz Adsorpsiyonu/data/processed/cif/pretrain_000525.cif,Ho(CO2)4,False,False,-0.4785943460144064,0.149978361712225,0.2528167403047898,2.441413362038037e+25,4.115461463109865e+25,4.837021143375599,2.66036162885658,1.6856881047273249,52,3,11.923076923076923,0.7192307692307693,0.9079035680560402,0.0769230769230769,KAYNAK_VERISI,/home/rakeyma/Tüm_çalışmalar/MOF Radyoaktif Gaz Adsorpsiyonu/data/processed/cif/pretrain_000525.cif,TAM
pretrain_000526,CoHC4O3,HF_COREMOF_GCMC,/home/rakeyma/Tüm_çalışmalar/MOF Radyoaktif Gaz Adsorpsiyonu/data/processed/cif/pretrain_000526.cif,CoHC4O3,False,False,-0.3016874469803596,0.2027223446159727,0.2408156049896382,3.3889723538711354e+25,4.025789210541387e+25,3.325674945771934,1.829121220174564,1.1879085428191327,54,4,8.444444444444445,0.688888888888889,0.5829397481729994,0.1111111111111111,KAYNAK_VERISI,/home/rakeyma/Tüm_çalışmalar/MOF Radyoaktif Gaz Adsorpsiyonu/data/processed/cif/pretrain_000526.cif,TAM
pretrain_000527,Ho(CO2)4,HF_COREMOF_GCMC,/home/rakeyma/Tüm_çalışmalar/MOF Radyoaktif Gaz Adsorpsiyonu/data/processed/cif/pretrain_000527.cif,Ho(CO2)4,False,False,-0.4785943460144064,0.149978361712225,0.2528167403047898,2.441413362038037e+25,4.115461463109865e+25,4.837021143375599,2.66036162885658,1.6856881047273249,52,3,11.923076923076923,0.7192307692307693,0.9079035680560402,0.0769230769230769,KAYNAK_VERISI,/home/rakeyma/Tüm_çalışmalar/MOF Radyoaktif Gaz Adsorpsiyonu/data/processed/cif/pretrain_000527.cif,TAM
pretrain_000528,LiH4C6NO2,HF_COREMOF_GCMC,/home/rakeyma/Tüm_çalışmalar/MOF Radyoaktif Gaz Adsorpsiyonu/data/processed/cif/pretrain_000528.cif,LiH4C6NO2,False,False,-0.2825271100948334,0.0494461371087052,0.05,1.275812609503011e+25,1.290103417682752e+25,1.5,1.2,1.0112013379341875,56,5,4.714285714285714,0.6071428571428571,0.84395260530435,0.0714285714285714,KAYNAK_VERISI,/home/rakeyma/Tüm_çalışmalar/MOF Radyoaktif Gaz Adsorpsiyonu/data/processed/cif/pretrain_000528.cif,TAM
pretrain_000529,CoHC4O3,HF_COREMOF_GCMC,/home/rakeyma/Tüm_çalışmalar/MOF Radyoaktif Gaz Adsorpsiyonu/data/processed/cif/pretrain_000529.cif,CoHC4O3,False,False,-0.3016874469803596,0.2027223446159727,0.2408156049896382,3.3889723538711354e+25,4.025789210541387e+25,3.325674945771934,1.829121220174564,1.1879085428191327,54,4,8.444444444444445,0.688888888888889,0.5829397481729994,0.1111111111111111,KAYNAK_VERISI,/home/rakeyma/Tüm_çalışmalar/MOF Radyoaktif Gaz Adsorpsiyonu/data/processed/cif/pretrain_000529.cif,TAM
pretrain_000530,CuHC4O3,HF_COREMOF_GCMC,/home/rakeyma/Tüm_çalışmalar/MOF Radyoaktif Gaz Adsorpsiyonu/data/processed/cif/pretrain_000530.cif,CuHC4O3,False,False,-0.205978546369902,0.143063613898343,0.189134943314022,2.5852239851953995e+25,3.417753673141659e+25,2.7268008935398664,1.4997404914469266,1.3220338712288924,54,4,8.666666666666666,0.688888888888889,0.577510822409416,0.1111111111111111,KAYNAK_VERISI,/home/rakeyma/Tüm_çalışmalar/MOF Radyoaktif Gaz Adsorpsiyonu/data/processed/cif/pretrain_000530.cif,TAM
pretrain_000531,CoHC4O3,HF_COREMOF_GCMC,/home/rakeyma/Tüm_çalışmalar/MOF Radyoaktif Gaz Adsorpsiyonu/data/processed/cif/pretrain_000531.cif,CoHC4O3,False,False,-0.3016874469803596,0.2027223446159727,0.2408156049896382,3.3889723538711354e+25,4.025789210541387e+25,3.325674945771934,1.829121220174564,1.1879085428191327,54,4,8.444444444444445,0.688888888888889,0.5829397481729994,0.1111111111111111,KAYNAK_VERISI,/home/rakeyma/Tüm_çalışmalar/MOF Radyoaktif Gaz Adsorpsiyonu/data/processed/cif/pretrain_000531.cif,TAM
pretrain_000532,CoHC4O3,HF_COREMOF_GCMC,/home/rakeyma/Tüm_çalışmalar/MOF Radyoaktif Gaz Adsorpsiyonu/data/processed/cif/pretrain_000532.cif,CoHC4O3,False,False,-0.3016874469803596,0.2027223446159727,0.2408156049896382,3.3889723538711354e+25,4.025789210541387e+25,3.325674945771934,1.829121220174564,1.1879085428191327,54,4,8.444444444444445,0.688888888888889,0.5829397481729994,0.1111111111111111,KAYNAK_VERISI,/home/rakeyma/Tüm_çalışmalar/MOF Radyoaktif Gaz Adsorpsiyonu/data/processed/cif/pretrain_000532.cif,TAM
pretrain_000533,CoH9C13(N2O)2,HF_COREMOF_GCMC,/home/rakeyma/Tüm_çalışmalar/MOF Radyoaktif Gaz Adsorpsiyonu/data/processed/cif/pretrain_000533.cif,CoH9C13(N2O)2,False,False,-0.4316513174213608,0.0392986463239941,0.05,1.0547736028047207e+25,1.3419973732793931e+25,1.584030555260851,1.2,1.2723084553035109,58,5,5.448275862068965,0.5689655172413793,0.5617259118110896,0.0344827586206896,KAYNAK_VERISI,/home/rakeyma/Tüm_çalışmalar/MOF Radyoaktif Gaz Adsorpsiyonu/data/processed/cif/pretrain_000533.cif,TAM
pretrain_000534,CuH8(C2N)4,HF_COREMOF_GCMC,/home/rakeyma/Tüm_çalışmalar/MOF Radyoaktif Gaz Adsorpsiyonu/data/processed/cif/pretrain_000534.cif,CuH8(C2N)4,False,False,-0.3610565226138778,0.0464199914450388,0.0538203939291945,3.168457201349375e+25,3.6735813475175e+25,1.593554615268837,1.2,1.159422745540954,21,4,5.380952380952381,0.55,0.4242861652234256,0.0476190476190476,KAYNAK_VERISI,/home/rakeyma/Tüm_çalışmalar/MOF Radyoaktif Gaz Adsorpsiyonu/data/processed/cif/pretrain_000534.cif,TAM
pretrain_000535,CrH5C8O5,HF_COREMOF_GCMC,/home/rakeyma/Tüm_çalışmalar/MOF Radyoaktif Gaz Adsorpsiyonu/data/processed/cif/pretrain_000535.cif,CrH5C8O5,False,False,-0.2000699794786754,0.1778915238091704,0.1853408484497416,5.2356922155067925e+25,5.454940272953646e+25,2.9326498508797854,1.612957417983882,1.0418756581598696,38,4,6.157894736842105,0.5921052631578949,0.647316576336494,0.0526315789473684,KAYNAK_VERISI,/home/rakeyma/Tüm_çalışmalar/MOF Radyoaktif Gaz Adsorpsiyonu/data/processed/cif/pretrain_000535.cif,TAM
pretrain_000536,ZnH2C2N3F,HF_COREMOF_GCMC,/home/rakeyma/Tüm_çalışmalar/MOF Radyoaktif Gaz Adsorpsiyonu/data/processed/cif/pretrain_000536.cif,ZnH2C2N3F,False,False,-0.2023478220231124,0.0726024120841638,0.1115302530022516,1.6057628542568748e+25,2.4667381186905555e+25,3.306218398223366,1.8184201190228515,1.5361783417465642,54,5,8.222222222222221,0.6333333333333333,0.7909133960175412,0.1111111111111111,KAYNAK_VERISI,/home/rakeyma/Tüm_çalışmalar/MOF Radyoaktif Gaz Adsorpsiyonu/data/processed/cif/pretrain_000536.cif,TAM
pretrain_000537,CoHC4O3,HF_COREMOF_GCMC,/home/rakeyma/Tüm_çalışmalar/MOF Radyoaktif Gaz Adsorpsiyonu/data/processed/cif/pretrain_000537.cif,CoHC4O3,False,False,-0.3016874469803596,0.2027223446159727,0.2408156049896382,3.3889723538711354e+25,4.025789210541387e+25,3.325674945771934,1.829121220174564,1.1879085428191327,54,4,8.444444444444445,0.688888888888889,0.5829397481729994,0.1111111111111111,KAYNAK_VERISI,/home/rakeyma/Tüm_çalışmalar/MOF Radyoaktif Gaz Adsorpsiyonu/data/processed/cif/pretrain_000537.cif,TAM
pretrain_000538,CoPC3NO3,HF_COREMOF_GCMC,/home/rakeyma/Tüm_çalışmalar/MOF Radyoaktif Gaz Adsorpsiyonu/data/processed/cif/pretrain_000538.cif,CoPC3NO3,False,False,-0.339007787587708,0.1898965143943221,0.2483097013590397,2.900170840812462e+25,3.792278956089516e+25,3.13185845514548,1.722522150330014,1.3076053668021623,54,5,10.11111111111111,0.7666666666666667,0.5632406235349152,0.1111111111111111,KAYNAK_VERISI,/home/rakeyma/Tüm_çalışmalar/MOF Radyoaktif Gaz Adsorpsiyonu/data/processed/cif/pretrain_000538.cif,TAM
pretrain_000539,CoPC3NO3,HF_COREMOF_GCMC,/home/rakeyma/Tüm_çalışmalar/MOF Radyoaktif Gaz Adsorpsiyonu/data/processed/cif/pretrain_000539.cif,CoPC3NO3,False,False,-0.339007787587708,0.1898965143943221,0.2483097013590397,2.900170840812462e+25,3.792278956089516e+25,3.13185845514548,1.722522150330014,1.3076053668021623,54,5,10.11111111111111,0.7666666666666667,0.5632406235349152,0.1111111111111111,KAYNAK_VERISI,/home/rakeyma/Tüm_çalışmalar/MOF Radyoaktif Gaz Adsorpsiyonu/data/processed/cif/pretrain_000539.cif,TAM
pretrain_000540,SrH4(C3O2)3,HF_COREMOF_GCMC,/home/rakeyma/Tüm_çalışmalar/MOF Radyoaktif Gaz Adsorpsiyonu/data/processed/cif/pretrain_000540.cif,SrH4(C3O2)3,False,False,-0.569593283095818,0.0281715592490251,0.05,1.1133530455940776e+25,1.976023115640295e+25,1.6247269924513472,1.2,1.7748396373101063,40,4,7.2,0.6449999999999999,0.8935463054593198,0.05,KAYNAK_VERISI,/home/rakeyma/Tüm_çalışmalar/MOF Radyoaktif Gaz Adsorpsiyonu/data/processed/cif/pretrain_000540.cif,TAM
pretrain_000541,TbH8C8(NO3)2,HF_COREMOF_GCMC,/home/rakeyma/Tüm_çalışmalar/MOF Radyoaktif Gaz Adsorpsiyonu/data/processed/cif/pretrain_000541.cif,TbH8C8(NO3)2,False,False,-0.4850084406581334,0.0248116621265863,0.05,8.506364654357456e+24,1.714186782602257e+25,1.6927034589673409,1.2,2.015181399170503,50,5,7.32,0.5700000000000001,0.8027353237524806,0.04,KAYNAK_VERISI,/home/rakeyma/Tüm_çalışmalar/MOF Radyoaktif Gaz Adsorpsiyonu/data/processed/cif/pretrain_000541.cif,TAM
pretrain_000542,CoHC4O3,HF_COREMOF_GCMC,/home/rakeyma/Tüm_çalışmalar/MOF Radyoaktif Gaz Adsorpsiyonu/data/processed/cif/pretrain_000542.cif,CoHC4O3,False,False,-0.3016874469803596,0.2027223446159727,0.2408156049896382,3.3889723538711354e+25,4.025789210541387e+25,3.325674945771934,1.829121220174564,1.1879085428191327,54,4,8.444444444444445,0.688888888888889,0.5829397481729994,0.1111111111111111,KAYNAK_VERISI,/home/rakeyma/Tüm_çalışmalar/MOF Radyoaktif Gaz Adsorpsiyonu/data/processed/cif/pretrain_000542.cif,TAM
pretrain_000543,CoHC4O3,HF_COREMOF_GCMC,/home/rakeyma/Tüm_çalışmalar/MOF Radyoaktif Gaz Adsorpsiyonu/data/processed/cif/pretrain_000543.cif,CoHC4O3,False,False,-0.3016874469803596,0.2027223446159727,0.2408156049896382,3.3889723538711354e+25,4.025789210541387e+25,3.325674945771934,1.829121220174564,1.1879085428191327,54,4,8.444444444444445,0.688888888888889,0.5829397481729994,0.1111111111111111,KAYNAK_VERISI,/home/rakeyma/Tüm_çalışmalar/MOF Radyoaktif Gaz Adsorpsiyonu/data/processed/cif/pretrain_000543.cif,TAM
pretrain_000544,CoHC4O3,HF_COREMOF_GCMC,/home/rakeyma/Tüm_çalışmalar/MOF Radyoaktif Gaz Adsorpsiyonu/data/processed/cif/pretrain_000544.cif,CoHC4O3,False,False,-0.3016874469803596,0.2027223446159727,0.2408156049896382,3.3889723538711354e+25,4.025789210541387e+25,3.325674945771934,1.829121220174564,1.1879085428191327,54,4,8.444444444444445,0.688888888888889,0.5829397481729994,0.1111111111111111,KAYNAK_VERISI,/home/rakeyma/Tüm_çalışmalar/MOF Radyoaktif Gaz Adsorpsiyonu/data/processed/cif/pretrain_000544.cif,TAM
pretrain_000545,EuHC6N2O5,HF_COREMOF_GCMC,/home/rakeyma/Tüm_çalışmalar/MOF Radyoaktif Gaz Adsorpsiyonu/data/processed/cif/pretrain_000545.cif,EuHC6N2O5,False,False,-0.272888177149816,0.0266630693681719,0.05,6.59103069616188e+24,1.235984988290522e+25,2.179271850871295,1.2,1.87525296917562,45,5,10.266666666666667,0.7066666666666668,0.768988946604566,0.0666666666666666,KAYNAK_VERISI,/home/rakeyma/Tüm_çalışmalar/MOF Radyoaktif Gaz Adsorpsiyonu/data/processed/cif/pretrain_000545.cif,TAM
pretrain_000546,EuHC6N2O5,HF_COREMOF_GCMC,/home/rakeyma/Tüm_çalışmalar/MOF Radyoaktif Gaz Adsorpsiyonu/data/processed/cif/pretrain_000546.cif,EuHC6N2O5,False,False,-0.272888177149816,0.0266630693681719,0.05,6.59103069616188e+24,1.235984988290522e+25,2.179271850871295,1.2,1.87525296917562,45,5,10.266666666666667,0.7066666666666668,0.768988946604566,0.0666666666666666,KAYNAK_VERISI,/home/rakeyma/Tüm_çalışmalar/MOF Radyoaktif Gaz Adsorpsiyonu/data/processed/cif/pretrain_000546.cif,TAM
pretrain_000547,MgPHCO6,HF_COREMOF_GCMC,/home/rakeyma/Tüm_çalışmalar/MOF Radyoaktif Gaz Adsorpsiyonu/data/processed/cif/pretrain_000547.cif,MgPHCO6,False,False,-0.3514950327118205,0.0918349361792421,0.1349985755511485,2.705562218012952e+25,3.977212384444526e+25,1.9888527039069892,1.2,1.4700132778190231,40,5,8.2,0.7050000000000001,0.6865974075103983,0.1,KAYNAK_VERISI,/home/rakeyma/Tüm_çalışmalar/MOF Radyoaktif Gaz Adsorpsiyonu/data/processed/cif/pretrain_000547.cif,TAM
pretrain_000548,Cd(CO2)4,HF_COREMOF_GCMC,/home/rakeyma/Tüm_çalışmalar/MOF Radyoaktif Gaz Adsorpsiyonu/data/processed/cif/pretrain_000548.cif,Cd(CO2)4,False,False,-0.2440178580712028,0.0704500841992481,0.1217583836549003,1.3898865619909783e+25,2.402131142569935e+25,3.029836813613426,1.6664102474873843,1.7282929472524298,52,3,10.461538461538462,0.703846153846154,0.7144695001654492,0.0769230769230769,KAYNAK_VERISI,/home/rakeyma/Tüm_çalışmalar/MOF Radyoaktif Gaz Adsorpsiyonu/data/processed/cif/pretrain_000548.cif,TAM
pretrain_000549,Ho(CO2)4,HF_COREMOF_GCMC,/home/rakeyma/Tüm_çalışmalar/MOF Radyoaktif Gaz Adsorpsiyonu/data/processed/cif/pretrain_000549.cif,Ho(CO2)4,False,False,-0.4785943460144064,0.149978361712225,0.2528167403047898,2.441413362038037e+25,4.115461463109865e+25,4.837021143375599,2.66036162885658,1.6856881047273249,52,3,11.923076923076923,0.7192307692307693,0.9079035680560402,0.0769230769230769,KAYNAK_VERISI,/home/rakeyma/Tüm_çalışmalar/MOF Radyoaktif Gaz Adsorpsiyonu/data/processed/cif/pretrain_000549.cif,TAM
pretrain_000550,CoHC4O3,HF_COREMOF_GCMC,/home/rakeyma/Tüm_çalışmalar/MOF Radyoaktif Gaz Adsorpsiyonu/data/processed/cif/pretrain_000550.cif,CoHC4O3,False,False,-0.3016874469803596,0.2027223446159727,0.2408156049896382,3.3889723538711354e+25,4.025789210541387e+25,3.325674945771934,1.829121220174564,1.1879085428191327,54,4,8.444444444444445,0.688888888888889,0.5829397481729994,0.1111111111111111,KAYNAK_VERISI,/home/rakeyma/Tüm_çalışmalar/MOF Radyoaktif Gaz Adsorpsiyonu/data/processed/cif/pretrain_000550.cif,TAM
pretrain_000551,CoHC4O3,HF_COREMOF_GCMC,/home/rakeyma/Tüm_çalışmalar/MOF Radyoaktif Gaz Adsorpsiyonu/data/processed/cif/pretrain_000551.cif,CoHC4O3,False,False,-0.3016874469803596,0.2027223446159727,0.2408156049896382,3.3889723538711354e+25,4.025789210541387e+25,3.325674945771934,1.829121220174564,1.1879085428191327,54,4,8.444444444444445,0.688888888888889,0.5829397481729994,0.1111111111111111,KAYNAK_VERISI,/home/rakeyma/Tüm_çalışmalar/MOF Radyoaktif Gaz Adsorpsiyonu/data/processed/cif/pretrain_000551.cif,TAM
pretrain_000552,CuHC4O3,HF_COREMOF_GCMC,/home/rakeyma/Tüm_çalışmalar/MOF Radyoaktif Gaz Adsorpsiyonu/data/processed/cif/pretrain_000552.cif,CuHC4O3,False,False,-0.205978546369902,0.143063613898343,0.189134943314022,2.5852239851953995e+25,3.417753673141659e+25,2.7268008935398664,1.4997404914469266,1.3220338712288924,54,4,8.666666666666666,0.688888888888889,0.577510822409416,0.1111111111111111,KAYNAK_VERISI,/home/rakeyma/Tüm_çalışmalar/MOF Radyoaktif Gaz Adsorpsiyonu/data/processed/cif/pretrain_000552.cif,TAM
pretrain_000553,ZnHC4O3,HF_COREMOF_GCMC,/home/rakeyma/Tüm_çalışmalar/MOF Radyoaktif Gaz Adsorpsiyonu/data/processed/cif/pretrain_000553.cif,ZnHC4O3,False,False,-0.2677312773291185,0.2068786041617683,0.2515640963015523,3.3991159257691533e+25,4.133320260715269e+25,3.442719217267522,1.8934955694971372,1.2159986158106626,54,4,8.777777777777779,0.688888888888889,0.6504229393248673,0.1111111111111111,KAYNAK_VERISI,/home/rakeyma/Tüm_çalışmalar/MOF Radyoaktif Gaz Adsorpsiyonu/data/processed/cif/pretrain_000553.cif,TAM
pretrain_000554,UH2(C5O4)2,HF_COREMOF_GCMC,/home/rakeyma/Tüm_çalışmalar/MOF Radyoaktif Gaz Adsorpsiyonu/data/processed/cif/pretrain_000554.cif,UH2(C5O4)2,False,False,-0.1949030575478053,0.1474609397668808,0.2330971396495256,3.1446031398414465e+25,4.970794288906241e+25,4.551368288254971,2.5032525585402343,1.5807381942501246,42,4,10.38095238095238,0.6690476190476191,0.7389646473275971,0.0476190476190476,KAYNAK_VERISI,/home/rakeyma/Tüm_çalışmalar/MOF Radyoaktif Gaz Adsorpsiyonu/data/processed/cif/pretrain_000554.cif,TAM
pretrain_000555,CuH16(C6N)4,HF_COREMOF_GCMC,/home/rakeyma/Tüm_çalışmalar/MOF Radyoaktif Gaz Adsorpsiyonu/data/processed/cif/pretrain_000555.cif,CuH16(C6N)4,False,False,-0.3168048898657822,0.1089447125082447,0.1017543701199216,3.1611211427834428e+25,2.952487397975864e+25,2.581263909304936,1.419695150117715,0.9340000792807732,45,4,4.822222222222222,0.5499999999999997,0.4242861652234256,0.0222222222222222,KAYNAK_VERISI,/home/rakeyma/Tüm_çalışmalar/MOF Radyoaktif Gaz Adsorpsiyonu/data/processed/cif/pretrain_000555.cif,TAM
pretrain_000556,PrH4(C3O4)2,HF_COREMOF_GCMC,/home/rakeyma/Tüm_çalışmalar/MOF Radyoaktif Gaz Adsorpsiyonu/data/processed/cif/pretrain_000556.cif,PrH4(C3O4)2,False,False,-0.2932541461957817,0.0269234116356386,0.05,6.362688521709699e+24,1.1816274638254576e+25,2.2767644146902857,1.2522204280796572,1.8571197690940024,57,4,8.578947368421053,0.6236842105263158,0.8272544953035915,0.0526315789473684,KAYNAK_VERISI,/home/rakeyma/Tüm_çalışmalar/MOF Radyoaktif Gaz Adsorpsiyonu/data/processed/cif/pretrain_000556.cif,TAM
pretrain_000557,EuHC6N2O5,HF_COREMOF_GCMC,/home/rakeyma/Tüm_çalışmalar/MOF Radyoaktif Gaz Adsorpsiyonu/data/processed/cif/pretrain_000557.cif,EuHC6N2O5,False,False,-0.272888177149816,0.0266630693681719,0.05,6.59103069616188e+24,1.235984988290522e+25,2.179271850871295,1.2,1.87525296917562,45,5,10.266666666666667,0.7066666666666668,0.768988946604566,0.0666666666666666,KAYNAK_VERISI,/home/rakeyma/Tüm_çalışmalar/MOF Radyoaktif Gaz Adsorpsiyonu/data/processed/cif/pretrain_000557.cif,TAM
pretrain_000558,Ho(CO2)4,HF_COREMOF_GCMC,/home/rakeyma/Tüm_çalışmalar/MOF Radyoaktif Gaz Adsorpsiyonu/data/processed/cif/pretrain_000558.cif,Ho(CO2)4,False,False,-0.4785943460144064,0.149978361712225,0.2528167403047898,2.441413362038037e+25,4.115461463109865e+25,4.837021143375599,2.66036162885658,1.6856881047273249,52,3,11.923076923076923,0.7192307692307693,0.9079035680560402,0.0769230769230769,KAYNAK_VERISI,/home/rakeyma/Tüm_çalışmalar/MOF Radyoaktif Gaz Adsorpsiyonu/data/processed/cif/pretrain_000558.cif,TAM
pretrain_000559,CoHC4O3,HF_COREMOF_GCMC,/home/rakeyma/Tüm_çalışmalar/MOF Radyoaktif Gaz Adsorpsiyonu/data/processed/cif/pretrain_000559.cif,CoHC4O3,False,False,-0.3016874469803596,0.2027223446159727,0.2408156049896382,3.3889723538711354e+25,4.025789210541387e+25,3.325674945771934,1.829121220174564,1.1879085428191327,54,4,8.444444444444445,0.688888888888889,0.5829397481729994,0.1111111111111111,KAYNAK_VERISI,/home/rakeyma/Tüm_çalışmalar/MOF Radyoaktif Gaz Adsorpsiyonu/data/processed/cif/pretrain_000559.cif,TAM
pretrain_000560,CuHC4O3,HF_COREMOF_GCMC,/home/rakeyma/Tüm_çalışmalar/MOF Radyoaktif Gaz Adsorpsiyonu/data/processed/cif/pretrain_000560.cif,CuHC4O3,False,False,-0.205978546369902,0.143063613898343,0.189134943314022,2.5852239851953995e+25,3.417753673141659e+25,2.7268008935398664,1.4997404914469266,1.3220338712288924,54,4,8.666666666666666,0.688888888888889,0.577510822409416,0.1111111111111111,KAYNAK_VERISI,/home/rakeyma/Tüm_çalışmalar/MOF Radyoaktif Gaz Adsorpsiyonu/data/processed/cif/pretrain_000560.cif,TAM
pretrain_000561,CoHC4O3,HF_COREMOF_GCMC,/home/rakeyma/Tüm_çalışmalar/MOF Radyoaktif Gaz Adsorpsiyonu/data/processed/cif/pretrain_000561.cif,CoHC4O3,False,False,-0.3016874469803596,0.2027223446159727,0.2408156049896382,3.3889723538711354e+25,4.025789210541387e+25,3.325674945771934,1.829121220174564,1.1879085428191327,54,4,8.444444444444445,0.688888888888889,0.5829397481729994,0.1111111111111111,KAYNAK_VERISI,/home/rakeyma/Tüm_çalışmalar/MOF Radyoaktif Gaz Adsorpsiyonu/data/processed/cif/pretrain_000561.cif,TAM
pretrain_000562,Ho(CO2)4,HF_COREMOF_GCMC,/home/rakeyma/Tüm_çalışmalar/MOF Radyoaktif Gaz Adsorpsiyonu/data/processed/cif/pretrain_000562.cif,Ho(CO2)4,False,False,-0.4785943460144064,0.149978361712225,0.2528167403047898,2.441413362038037e+25,4.115461463109865e+25,4.837021143375599,2.66036162885658,1.6856881047273249,52,3,11.923076923076923,0.7192307692307693,0.9079035680560402,0.0769230769230769,KAYNAK_VERISI,/home/rakeyma/Tüm_çalışmalar/MOF Radyoaktif Gaz Adsorpsiyonu/data/processed/cif/pretrain_000562.cif,TAM
pretrain_000563,CoHC4O3,HF_COREMOF_GCMC,/home/rakeyma/Tüm_çalışmalar/MOF Radyoaktif Gaz Adsorpsiyonu/data/processed/cif/pretrain_000563.cif,CoHC4O3,False,False,-0.3016874469803596,0.2027223446159727,0.2408156049896382,3.3889723538711354e+25,4.025789210541387e+25,3.325674945771934,1.829121220174564,1.1879085428191327,54,4,8.444444444444445,0.688888888888889,0.5829397481729994,0.1111111111111111,KAYNAK_VERISI,/home/rakeyma/Tüm_çalışmalar/MOF Radyoaktif Gaz Adsorpsiyonu/data/processed/cif/pretrain_000563.cif,TAM
pretrain_000564,Sr(C2O3)2,HF_COREMOF_GCMC,/home/rakeyma/Tüm_çalışmalar/MOF Radyoaktif Gaz Adsorpsiyonu/data/processed/cif/pretrain_000564.cif,Sr(C2O3)2,False,False,-0.5523392056817121,0.0365076519358056,0.0563347440737563,8.007119183943783e+24,1.2355738758239134e+25,2.252920632641311,1.2391063479527211,1.5430941483942675,44,3,10.0,0.7636363636363637,1.0302211197386488,0.0909090909090909,KAYNAK_VERISI,/home/rakeyma/Tüm_çalışmalar/MOF Radyoaktif Gaz Adsorpsiyonu/data/processed/cif/pretrain_000564.cif,TAM
pretrain_000565,ZnH3(CO2)3,HF_COREMOF_GCMC,/home/rakeyma/Tüm_çalışmalar/MOF Radyoaktif Gaz Adsorpsiyonu/data/processed/cif/pretrain_000565.cif,ZnH3(CO2)3,False,False,-0.2596978891589366,0.0315205294598657,0.05,8.212756337695867e+24,1.3027630687728367e+25,1.853476746549576,1.2,1.5862677707766184,52,4,7.615384615384615,0.6000000000000001,0.6504229393248673,0.0769230769230769,KAYNAK_VERISI,/home/rakeyma/Tüm_çalışmalar/MOF Radyoaktif Gaz Adsorpsiyonu/data/processed/cif/pretrain_000565.cif,TAM
pretrain_000566,NiPC3NO3,HF_COREMOF_GCMC,/home/rakeyma/Tüm_çalışmalar/MOF Radyoaktif Gaz Adsorpsiyonu/data/processed/cif/pretrain_000566.cif,NiPC3NO3,False,False,-0.3485933667046691,0.1803255305781985,0.2400645595842839,2.80745244448194e+25,3.737517546613345e+25,3.0524746918998127,1.6788610805448971,1.3312843656388382,54,5,10.22222222222222,0.7666666666666667,0.5554313638965664,0.1111111111111111,KAYNAK_VERISI,/home/rakeyma/Tüm_çalışmalar/MOF Radyoaktif Gaz Adsorpsiyonu/data/processed/cif/pretrain_000566.cif,TAM
pretrain_000567,CuH3C5N3O,HF_COREMOF_GCMC,/home/rakeyma/Tüm_çalışmalar/MOF Radyoaktif Gaz Adsorpsiyonu/data/processed/cif/pretrain_000567.cif,CuH3C5N3O,False,False,-0.2943979882240763,0.2008205748539105,0.2245204951756845,4.00380655694927e+25,4.476317386342737e+25,4.003439831561583,2.201891907358871,1.1180153992638195,52,5,7.0,0.6269230769230771,0.5564746175702895,0.0769230769230769,KAYNAK_VERISI,/home/rakeyma/Tüm_çalışmalar/MOF Radyoaktif Gaz Adsorpsiyonu/data/processed/cif/pretrain_000567.cif,TAM
pretrain_000568,Ho(CO2)4,HF_COREMOF_GCMC,/home/rakeyma/Tüm_çalışmalar/MOF Radyoaktif Gaz Adsorpsiyonu/data/processed/cif/pretrain_000568.cif,Ho(CO2)4,False,False,-0.4785943460144064,0.149978361712225,0.2528167403047898,2.441413362038037e+25,4.115461463109865e+25,4.837021143375599,2.66036162885658,1.6856881047273249,52,3,11.923076923076923,0.7192307692307693,0.9079035680560402,0.0769230769230769,KAYNAK_VERISI,/home/rakeyma/Tüm_çalışmalar/MOF Radyoaktif Gaz Adsorpsiyonu/data/processed/cif/pretrain_000568.cif,TAM
pretrain_000569,LiH4C6NO2,HF_COREMOF_GCMC,/home/rakeyma/Tüm_çalışmalar/MOF Radyoaktif Gaz Adsorpsiyonu/data/processed/cif/pretrain_000569.cif,LiH4C6NO2,False,False,-0.2825271100948334,0.0494461371087052,0.05,1.275812609503011e+25,1.290103417682752e+25,1.5,1.2,1.0112013379341875,56,5,4.714285714285714,0.6071428571428571,0.84395260530435,0.0714285714285714,KAYNAK_VERISI,/home/rakeyma/Tüm_çalışmalar/MOF Radyoaktif Gaz Adsorpsiyonu/data/processed/cif/pretrain_000569.cif,TAM
pretrain_000570,ZnCrH18C14(N2O)2,HF_COREMOF_GCMC,/home/rakeyma/Tüm_çalışmalar/MOF Radyoaktif Gaz Adsorpsiyonu/data/processed/cif/pretrain_000570.cif,ZnCrH18C14(N2O)2,False,False,-0.4760620884541638,0.0960454740280064,0.1018516660070818,3.424507411877276e+25,3.6315275517469383e+25,2.2145268798608373,1.2179897839234606,1.0604525308228716,40,6,5.0,0.52125,0.6658995586589784,0.05,KAYNAK_VERISI,/home/rakeyma/Tüm_çalışmalar/MOF Radyoaktif Gaz Adsorpsiyonu/data/processed/cif/pretrain_000570.cif,TAM
pretrain_000571,MnHC3N3Cl,HF_COREMOF_GCMC,/home/rakeyma/Tüm_çalışmalar/MOF Radyoaktif Gaz Adsorpsiyonu/data/processed/cif/pretrain_000571.cif,MnHC3N3Cl,False,False,-0.3158415251168576,0.242130788486378,0.2829629403243215,3.665584283877443e+25,4.283736543611582e+25,4.435337482107187,2.4394356151589527,1.168636760707698,54,5,9.11111111111111,0.7444444444444445,0.586890108964191,0.1111111111111111,KAYNAK_VERISI,/home/rakeyma/Tüm_çalışmalar/MOF Radyoaktif Gaz Adsorpsiyonu/data/processed/cif/pretrain_000571.cif,TAM
pretrain_000572,ZnHC4O3,HF_COREMOF_GCMC,/home/rakeyma/Tüm_çalışmalar/MOF Radyoaktif Gaz Adsorpsiyonu/data/processed/cif/pretrain_000572.cif,ZnHC4O3,False,False,-0.2677312773291185,0.2068786041617683,0.2515640963015523,3.3991159257691533e+25,4.133320260715269e+25,3.442719217267522,1.8934955694971372,1.2159986158106626,54,4,8.777777777777779,0.688888888888889,0.6504229393248673,0.1111111111111111,KAYNAK_VERISI,/home/rakeyma/Tüm_çalışmalar/MOF Radyoaktif Gaz Adsorpsiyonu/data/processed/cif/pretrain_000572.cif,TAM
pretrain_000573,Yb2HC11NO12,HF_COREMOF_GCMC,/home/rakeyma/Tüm_çalışmalar/MOF Radyoaktif Gaz Adsorpsiyonu/data/processed/cif/pretrain_000573.cif,Yb2HC11NO12,False,False,-0.4079578493921335,0.0484161897121427,0.0956622670961436,9.19389568754188e+24,1.8165595230537836e+25,2.681571813157969,1.474864497236883,1.975832209533657,54,5,11.48148148148148,0.714814814814815,0.8027353237524806,0.074074074074074,KAYNAK_VERISI,/home/rakeyma/Tüm_çalışmalar/MOF Radyoaktif Gaz Adsorpsiyonu/data/processed/cif/pretrain_000573.cif,TAM
pretrain_000574,EuH6C12(SO2)3,HF_COREMOF_GCMC,/home/rakeyma/Tüm_çalışmalar/MOF Radyoaktif Gaz Adsorpsiyonu/data/processed/cif/pretrain_000574.cif,EuH6C12(SO2)3,False,False,-0.412201563334197,0.2020466797093128,0.2504674305847825,3.336664515864815e+25,4.136300528246477e+25,5.079742204819134,2.793858212650524,1.2396513070402009,56,5,8.464285714285714,0.6553571428571429,0.7233698915492681,0.0357142857142857,KAYNAK_VERISI,/home/rakeyma/Tüm_çalışmalar/MOF Radyoaktif Gaz Adsorpsiyonu/data/processed/cif/pretrain_000574.cif,TAM
pretrain_000575,YH4(CO2)4,HF_COREMOF_GCMC,/home/rakeyma/Tüm_çalışmalar/MOF Radyoaktif Gaz Adsorpsiyonu/data/processed/cif/pretrain_000575.cif,YH4(CO2)4,False,False,-0.2927306989086387,0.0290600682297266,0.05,1.224155585179548e+25,2.1062503630451072e+25,1.5,1.2,1.7205740745251603,34,4,7.705882352941177,0.6117647058823531,0.7949017234853627,0.0588235294117647,KAYNAK_VERISI,/home/rakeyma/Tüm_çalışmalar/MOF Radyoaktif Gaz Adsorpsiyonu/data/processed/cif/pretrain_000575.cif,TAM
pretrain_000576,ZnHC4O3,HF_COREMOF_GCMC,/home/rakeyma/Tüm_çalışmalar/MOF Radyoaktif Gaz Adsorpsiyonu/data/processed/cif/pretrain_000576.cif,ZnHC4O3,False,False,-0.2677312773291185,0.2068786041617683,0.2515640963015523,3.3991159257691533e+25,4.133320260715269e+25,3.442719217267522,1.8934955694971372,1.2159986158106626,54,4,8.777777777777779,0.688888888888889,0.6504229393248673,0.1111111111111111,KAYNAK_VERISI,/home/rakeyma/Tüm_çalışmalar/MOF Radyoaktif Gaz Adsorpsiyonu/data/processed/cif/pretrain_000576.cif,TAM
pretrain_000577,ErH4(CO2)4,HF_COREMOF_GCMC,/home/rakeyma/Tüm_çalışmalar/MOF Radyoaktif Gaz Adsorpsiyonu/data/processed/cif/pretrain_000577.cif,ErH4(CO2)4,False,False,-0.2729219457086594,0.0236006670386222,0.05,9.4800095235009e+24,2.008419827284324e+25,1.5,1.2,2.118584187395024,34,4,9.411764705882351,0.6088235294117648,0.7877935960643498,0.0588235294117647,KAYNAK_VERISI,/home/rakeyma/Tüm_çalışmalar/MOF Radyoaktif Gaz Adsorpsiyonu/data/processed/cif/pretrain_000577.cif,TAM
pretrain_000578,CoPC3NO3,HF_COREMOF_GCMC,/home/rakeyma/Tüm_çalışmalar/MOF Radyoaktif Gaz Adsorpsiyonu/data/processed/cif/pretrain_000578.cif,CoPC3NO3,False,False,-0.339007787587708,0.1898965143943221,0.2483097013590397,2.900170840812462e+25,3.792278956089516e+25,3.13185845514548,1.722522150330014,1.3076053668021623,54,5,10.11111111111111,0.7666666666666667,0.5632406235349152,0.1111111111111111,KAYNAK_VERISI,/home/rakeyma/Tüm_çalışmalar/MOF Radyoaktif Gaz Adsorpsiyonu/data/processed/cif/pretrain_000578.cif,TAM
pretrain_000579,ZnCrH18C14(N2O)2,HF_COREMOF_GCMC,/home/rakeyma/Tüm_çalışmalar/MOF Radyoaktif Gaz Adsorpsiyonu/data/processed/cif/pretrain_000579.cif,ZnCrH18C14(N2O)2,False,False,-0.4760620884541638,0.0960454740280064,0.1018516660070818,3.424507411877276e+25,3.6315275517469383e+25,2.2145268798608373,1.2179897839234606,1.0604525308228716,40,6,5.0,0.52125,0.6658995586589784,0.05,KAYNAK_VERISI,/home/rakeyma/Tüm_çalışmalar/MOF Radyoaktif Gaz Adsorpsiyonu/data/processed/cif/pretrain_000579.cif,TAM
pretrain_000580,Ho(CO2)4,HF_COREMOF_GCMC,/home/rakeyma/Tüm_çalışmalar/MOF Radyoaktif Gaz Adsorpsiyonu/data/processed/cif/pretrain_000580.cif,Ho(CO2)4,False,False,-0.4785943460144064,0.149978361712225,0.2528167403047898,2.441413362038037e+25,4.115461463109865e+25,4.837021143375599,2.66036162885658,1.6856881047273249,52,3,11.923076923076923,0.7192307692307693,0.9079035680560402,0.0769230769230769,KAYNAK_VERISI,/home/rakeyma/Tüm_çalışmalar/MOF Radyoaktif Gaz Adsorpsiyonu/data/processed/cif/pretrain_000580.cif,TAM
pretrain_000581,CuHC4O3,HF_COREMOF_GCMC,/home/rakeyma/Tüm_çalışmalar/MOF Radyoaktif Gaz Adsorpsiyonu/data/processed/cif/pretrain_000581.cif,CuHC4O3,False,False,-0.205978546369902,0.143063613898343,0.189134943314022,2.5852239851953995e+25,3.417753673141659e+25,2.7268008935398664,1.4997404914469266,1.3220338712288924,54,4,8.666666666666666,0.688888888888889,0.577510822409416,0.1111111111111111,KAYNAK_VERISI,/home/rakeyma/Tüm_çalışmalar/MOF Radyoaktif Gaz Adsorpsiyonu/data/processed/cif/pretrain_000581.cif,TAM
pretrain_000582,CoPC3NO3,HF_COREMOF_GCMC,/home/rakeyma/Tüm_çalışmalar/MOF Radyoaktif Gaz Adsorpsiyonu/data/processed/cif/pretrain_000582.cif,CoPC3NO3,False,False,-0.339007787587708,0.1898965143943221,0.2483097013590397,2.900170840812462e+25,3.792278956089516e+25,3.13185845514548,1.722522150330014,1.3076053668021623,54,5,10.11111111111111,0.7666666666666667,0.5632406235349152,0.1111111111111111,KAYNAK_VERISI,/home/rakeyma/Tüm_çalışmalar/MOF Radyoaktif Gaz Adsorpsiyonu/data/processed/cif/pretrain_000582.cif,TAM
pretrain_000583,Ho(CO2)4,HF_COREMOF_GCMC,/home/rakeyma/Tüm_çalışmalar/MOF Radyoaktif Gaz Adsorpsiyonu/data/processed/cif/pretrain_000583.cif,Ho(CO2)4,False,False,-0.4785943460144064,0.149978361712225,0.2528167403047898,2.441413362038037e+25,4.115461463109865e+25,4.837021143375599,2.66036162885658,1.6856881047273249,52,3,11.923076923076923,0.7192307692307693,0.9079035680560402,0.0769230769230769,KAYNAK_VERISI,/home/rakeyma/Tüm_çalışmalar/MOF Radyoaktif Gaz Adsorpsiyonu/data/processed/cif/pretrain_000583.cif,TAM
pretrain_000584,TbH2C5O6,HF_COREMOF_GCMC,/home/rakeyma/Tüm_çalışmalar/MOF Radyoaktif Gaz Adsorpsiyonu/data/processed/cif/pretrain_000584.cif,TbH2C5O6,False,False,-0.5801692033466341,0.0241065071089013,0.05,5.19364682630987e+24,1.0772292316857692e+25,2.040859243064058,1.2,2.074128772539487,56,4,10.357142857142858,0.6678571428571427,0.8381639159496189,0.0714285714285714,KAYNAK_VERISI,/home/rakeyma/Tüm_çalışmalar/MOF Radyoaktif Gaz Adsorpsiyonu/data/processed/cif/pretrain_000584.cif,TAM
pretrain_000585,FeHC4O3,HF_COREMOF_GCMC,/home/rakeyma/Tüm_çalışmalar/MOF Radyoaktif Gaz Adsorpsiyonu/data/processed/cif/pretrain_000585.cif,FeHC4O3,False,False,-0.2934595702585894,0.2132917425616269,0.2442162494471299,3.5062473095194724e+25,4.014607210204248e+25,3.366864725510025,1.8517755990305145,1.144986892197985,54,4,8.333333333333334,0.6944444444444445,0.5968458762528228,0.1111111111111111,KAYNAK_VERISI,/home/rakeyma/Tüm_çalışmalar/MOF Radyoaktif Gaz Adsorpsiyonu/data/processed/cif/pretrain_000585.cif,TAM
pretrain_000586,CoHC4O3,HF_COREMOF_GCMC,/home/rakeyma/Tüm_çalışmalar/MOF Radyoaktif Gaz Adsorpsiyonu/data/processed/cif/pretrain_000586.cif,CoHC4O3,False,False,-0.3016874469803596,0.2027223446159727,0.2408156049896382,3.3889723538711354e+25,4.025789210541387e+25,3.325674945771934,1.829121220174564,1.1879085428191327,54,4,8.444444444444445,0.688888888888889,0.5829397481729994,0.1111111111111111,KAYNAK_VERISI,/home/rakeyma/Tüm_çalışmalar/MOF Radyoaktif Gaz Adsorpsiyonu/data/processed/cif/pretrain_000586.cif,TAM
pretrain_000587,AlH5C8O5,HF_COREMOF_GCMC,/home/rakeyma/Tüm_çalışmalar/MOF Radyoaktif Gaz Adsorpsiyonu/data/processed/cif/pretrain_000587.cif,AlH5C8O5,False,False,-0.2164554591221433,0.2136091924990496,0.2016969709284759,6.382617227450461e+25,6.026681465866189e+25,2.988357040731488,1.6435963724023186,0.9442335723888536,38,4,5.578947368421052,0.5842105263157897,0.6629856710367125,0.0526315789473684,KAYNAK_VERISI,/home/rakeyma/Tüm_çalışmalar/MOF Radyoaktif Gaz Adsorpsiyonu/data/processed/cif/pretrain_000587.cif,TAM
pretrain_000588,CuHC4O3,HF_COREMOF_GCMC,/home/rakeyma/Tüm_çalışmalar/MOF Radyoaktif Gaz Adsorpsiyonu/data/processed/cif/pretrain_000588.cif,CuHC4O3,False,False,-0.205978546369902,0.143063613898343,0.189134943314022,2.5852239851953995e+25,3.417753673141659e+25,2.7268008935398664,1.4997404914469266,1.3220338712288924,54,4,8.666666666666666,0.688888888888889,0.577510822409416,0.1111111111111111,KAYNAK_VERISI,/home/rakeyma/Tüm_çalışmalar/MOF Radyoaktif Gaz Adsorpsiyonu/data/processed/cif/pretrain_000588.cif,TAM
pretrain_000589,CuH8(C2N)4,HF_COREMOF_GCMC,/home/rakeyma/Tüm_çalışmalar/MOF Radyoaktif Gaz Adsorpsiyonu/data/processed/cif/pretrain_000589.cif,CuH8(C2N)4,False,False,-0.3595788678012127,0.055565211083506,0.0637476421433295,3.752883638938055e+25,4.305526399621553e+25,1.7305181678393635,1.2,1.1472581656807983,21,4,5.380952380952381,0.55,0.4242861652234256,0.0476190476190476,KAYNAK_VERISI,/home/rakeyma/Tüm_çalışmalar/MOF Radyoaktif Gaz Adsorpsiyonu/data/processed/cif/pretrain_000589.cif,TAM
pretrain_000590,ZnH3(CO2)3,HF_COREMOF_GCMC,/home/rakeyma/Tüm_çalışmalar/MOF Radyoaktif Gaz Adsorpsiyonu/data/processed/cif/pretrain_000590.cif,ZnH3(CO2)3,False,False,-0.2426909561838627,0.0521053986633498,0.079530739606193,1.3063331714848035e+25,1.993913221383093e+25,2.354517765567317,1.2949847710620246,1.5263435583716922,52,4,7.615384615384615,0.6000000000000001,0.6504229393248673,0.0769230769230769,KAYNAK_VERISI,/home/rakeyma/Tüm_çalışmalar/MOF Radyoaktif Gaz Adsorpsiyonu/data/processed/cif/pretrain_000590.cif,TAM
pretrain_000591,YH4(CO2)4,HF_COREMOF_GCMC,/home/rakeyma/Tüm_çalışmalar/MOF Radyoaktif Gaz Adsorpsiyonu/data/processed/cif/pretrain_000591.cif,YH4(CO2)4,False,False,-0.2927306989086387,0.0290600682297266,0.05,1.224155585179548e+25,2.1062503630451072e+25,1.5,1.2,1.7205740745251603,34,4,7.705882352941177,0.6117647058823531,0.7949017234853627,0.0588235294117647,KAYNAK_VERISI,/home/rakeyma/Tüm_çalışmalar/MOF Radyoaktif Gaz Adsorpsiyonu/data/processed/cif/pretrain_000591.cif,TAM
pretrain_000592,YH4(CO2)4,HF_COREMOF_GCMC,/home/rakeyma/Tüm_çalışmalar/MOF Radyoaktif Gaz Adsorpsiyonu/data/processed/cif/pretrain_000592.cif,YH4(CO2)4,False,False,-0.2927306989086387,0.0290600682297266,0.05,1.224155585179548e+25,2.1062503630451072e+25,1.5,1.2,1.7205740745251603,34,4,7.705882352941177,0.6117647058823531,0.7949017234853627,0.0588235294117647,KAYNAK_VERISI,/home/rakeyma/Tüm_çalışmalar/MOF Radyoaktif Gaz Adsorpsiyonu/data/processed/cif/pretrain_000592.cif,TAM
pretrain_000593,CuHC4O3,HF_COREMOF_GCMC,/home/rakeyma/Tüm_çalışmalar/MOF Radyoaktif Gaz Adsorpsiyonu/data/processed/cif/pretrain_000593.cif,CuHC4O3,False,False,-0.205978546369902,0.143063613898343,0.189134943314022,2.5852239851953995e+25,3.417753673141659e+25,2.7268008935398664,1.4997404914469266,1.3220338712288924,54,4,8.666666666666666,0.688888888888889,0.577510822409416,0.1111111111111111,KAYNAK_VERISI,/home/rakeyma/Tüm_çalışmalar/MOF Radyoaktif Gaz Adsorpsiyonu/data/processed/cif/pretrain_000593.cif,TAM
pretrain_000594,Ho(CO2)4,HF_COREMOF_GCMC,/home/rakeyma/Tüm_çalışmalar/MOF Radyoaktif Gaz Adsorpsiyonu/data/processed/cif/pretrain_000594.cif,Ho(CO2)4,False,False,-0.4785943460144064,0.149978361712225,0.2528167403047898,2.441413362038037e+25,4.115461463109865e+25,4.837021143375599,2.66036162885658,1.6856881047273249,52,3,11.923076923076923,0.7192307692307693,0.9079035680560402,0.0769230769230769,KAYNAK_VERISI,/home/rakeyma/Tüm_çalışmalar/MOF Radyoaktif Gaz Adsorpsiyonu/data/processed/cif/pretrain_000594.cif,TAM
pretrain_000595,Ho(CO2)4,HF_COREMOF_GCMC,/home/rakeyma/Tüm_çalışmalar/MOF Radyoaktif Gaz Adsorpsiyonu/data/processed/cif/pretrain_000595.cif,Ho(CO2)4,False,False,-0.4785943460144064,0.149978361712225,0.2528167403047898,2.441413362038037e+25,4.115461463109865e+25,4.837021143375599,2.66036162885658,1.6856881047273249,52,3,11.923076923076923,0.7192307692307693,0.9079035680560402,0.0769230769230769,KAYNAK_VERISI,/home/rakeyma/Tüm_çalışmalar/MOF Radyoaktif Gaz Adsorpsiyonu/data/processed/cif/pretrain_000595.cif,TAM
pretrain_000596,CuH8(C2N)4,HF_COREMOF_GCMC,/home/rakeyma/Tüm_çalışmalar/MOF Radyoaktif Gaz Adsorpsiyonu/data/processed/cif/pretrain_000596.cif,CuH8(C2N)4,False,False,-0.3595788678012127,0.055565211083506,0.0637476421433295,3.752883638938055e+25,4.305526399621553e+25,1.7305181678393635,1.2,1.1472581656807983,21,4,5.380952380952381,0.55,0.4242861652234256,0.0476190476190476,KAYNAK_VERISI,/home/rakeyma/Tüm_çalışmalar/MOF Radyoaktif Gaz Adsorpsiyonu/data/processed/cif/pretrain_000596.cif,TAM
pretrain_000597,ZnCrH18C14(N2O)2,HF_COREMOF_GCMC,/home/rakeyma/Tüm_çalışmalar/MOF Radyoaktif Gaz Adsorpsiyonu/data/processed/cif/pretrain_000597.cif,ZnCrH18C14(N2O)2,False,False,-0.4760620884541638,0.0960454740280064,0.1018516660070818,3.424507411877276e+25,3.6315275517469383e+25,2.2145268798608373,1.2179897839234606,1.0604525308228716,40,6,5.0,0.52125,0.6658995586589784,0.05,KAYNAK_VERISI,/home/rakeyma/Tüm_çalışmalar/MOF Radyoaktif Gaz Adsorpsiyonu/data/processed/cif/pretrain_000597.cif,TAM
pretrain_000598,EuH3C9(NO2)3,HF_COREMOF_GCMC,/home/rakeyma/Tüm_çalışmalar/MOF Radyoaktif Gaz Adsorpsiyonu/data/processed/cif/pretrain_000598.cif,EuH3C9(NO2)3,False,False,-0.392826364855677,0.0304497683196859,0.05,8.209112099068205e+24,1.3479761180581744e+25,1.5,1.2,1.642048618401958,44,5,8.590909090909092,0.656818181818182,0.768988946604566,0.0454545454545454,KAYNAK_VERISI,/home/rakeyma/Tüm_çalışmalar/MOF Radyoaktif Gaz Adsorpsiyonu/data/processed/cif/pretrain_000598.cif,TAM
pretrain_000599,YH4(CO2)4,HF_COREMOF_GCMC,/home/rakeyma/Tüm_çalışmalar/MOF Radyoaktif Gaz Adsorpsiyonu/data/processed/cif/pretrain_000599.cif,YH4(CO2)4,False,False,-0.2927306989086387,0.0290600682297266,0.05,1.224155585179548e+25,2.1062503630451072e+25,1.5,1.2,1.7205740745251603,34,4,7.705882352941177,0.6117647058823531,0.7949017234853627,0.0588235294117647,KAYNAK_VERISI,/home/rakeyma/Tüm_çalışmalar/MOF Radyoaktif Gaz Adsorpsiyonu/data/processed/cif/pretrain_000599.cif,TAM
pretrain_000600,LaC12(ClO)6,HF_COREMOF_GCMC,/home/rakeyma/Tüm_çalışmalar/MOF Radyoaktif Gaz Adsorpsiyonu/data/processed/cif/pretrain_000600.cif,LaC12(ClO)6,False,False,-0.5688211219557444,0.0278556086912823,0.05,5.564325439575443e+24,9.987800843348366e+24,1.9871936116040632,1.2,1.7949706486093728,50,4,11.16,0.7979999999999999,0.90361427058231,0.04,KAYNAK_VERISI,/home/rakeyma/Tüm_çalışmalar/MOF Radyoaktif Gaz Adsorpsiyonu/data/processed/cif/pretrain_000600.cif,TAM
pretrain_000601,TbH8C8(NO3)2,HF_COREMOF_GCMC,/home/rakeyma/Tüm_çalışmalar/MOF Radyoaktif Gaz Adsorpsiyonu/data/processed/cif/pretrain_000601.cif,TbH8C8(NO3)2,False,False,-0.4850084406581334,0.0248116621265863,0.05,8.506364654357456e+24,1.714186782602257e+25,1.6927034589673409,1.2,2.015181399170503,50,5,7.32,0.5700000000000001,0.8027353237524806,0.04,KAYNAK_VERISI,/home/rakeyma/Tüm_çalışmalar/MOF Radyoaktif Gaz Adsorpsiyonu/data/processed/cif/pretrain_000601.cif,TAM
pretrain_000602,GdH2C5O6,HF_COREMOF_GCMC,/home/rakeyma/Tüm_çalışmalar/MOF Radyoaktif Gaz Adsorpsiyonu/data/processed/cif/pretrain_000602.cif,GdH2C5O6,False,False,-0.5147063400062186,0.0243838752873942,0.05,5.22124194448143e+24,1.070634155347052e+25,2.0386231750865584,1.2,2.050535421900252,56,4,10.285714285714286,0.6714285714285714,0.8020403668145388,0.0714285714285714,KAYNAK_VERISI,/home/rakeyma/Tüm_çalışmalar/MOF Radyoaktif Gaz Adsorpsiyonu/data/processed/cif/pretrain_000602.cif,TAM
pretrain_000603,CoPC3NO3,HF_COREMOF_GCMC,/home/rakeyma/Tüm_çalışmalar/MOF Radyoaktif Gaz Adsorpsiyonu/data/processed/cif/pretrain_000603.cif,CoPC3NO3,False,False,-0.339007787587708,0.1898965143943221,0.2483097013590397,2.900170840812462e+25,3.792278956089516e+25,3.13185845514548,1.722522150330014,1.3076053668021623,54,5,10.11111111111111,0.7666666666666667,0.5632406235349152,0.1111111111111111,KAYNAK_VERISI,/home/rakeyma/Tüm_çalışmalar/MOF Radyoaktif Gaz Adsorpsiyonu/data/processed/cif/pretrain_000603.cif,TAM
pretrain_000604,CuHC4O3,HF_COREMOF_GCMC,/home/rakeyma/Tüm_çalışmalar/MOF Radyoaktif Gaz Adsorpsiyonu/data/processed/cif/pretrain_000604.cif,CuHC4O3,False,False,-0.205978546369902,0.143063613898343,0.189134943314022,2.5852239851953995e+25,3.417753673141659e+25,2.7268008935398664,1.4997404914469266,1.3220338712288924,54,4,8.666666666666666,0.688888888888889,0.577510822409416,0.1111111111111111,KAYNAK_VERISI,/home/rakeyma/Tüm_çalışmalar/MOF Radyoaktif Gaz Adsorpsiyonu/data/processed/cif/pretrain_000604.cif,TAM
pretrain_000605,SrU2P2H4(C3O4)2,HF_COREMOF_GCMC,/home/rakeyma/Tüm_çalışmalar/MOF Radyoaktif Gaz Adsorpsiyonu/data/processed/cif/pretrain_000605.cif,SrU2P2H4(C3O4)2,False,False,-0.5660985795729906,0.0161233082656799,0.05,3.968439746241035e+24,1.2306530647585094e+25,1.5918567931821002,1.2,3.10110054190492,46,6,15.478260869565217,0.7608695652173915,0.8015696406981049,0.1304347826086956,KAYNAK_VERISI,/home/rakeyma/Tüm_çalışmalar/MOF Radyoaktif Gaz Adsorpsiyonu/data/processed/cif/pretrain_000605.cif,TAM
pretrain_000606,ZnHC4O3,HF_COREMOF_GCMC,/home/rakeyma/Tüm_çalışmalar/MOF Radyoaktif Gaz Adsorpsiyonu/data/processed/cif/pretrain_000606.cif,ZnHC4O3,False,False,-0.2677312773291185,0.2068786041617683,0.2515640963015523,3.3991159257691533e+25,4.133320260715269e+25,3.442719217267522,1.8934955694971372,1.2159986158106626,54,4,8.777777777777779,0.688888888888889,0.6504229393248673,0.1111111111111111,KAYNAK_VERISI,/home/rakeyma/Tüm_çalışmalar/MOF Radyoaktif Gaz Adsorpsiyonu/data/processed/cif/pretrain_000606.cif,TAM
pretrain_000607,Ho(CO2)4,HF_COREMOF_GCMC,/home/rakeyma/Tüm_çalışmalar/MOF Radyoaktif Gaz Adsorpsiyonu/data/processed/cif/pretrain_000607.cif,Ho(CO2)4,False,False,-0.4785943460144064,0.149978361712225,0.2528167403047898,2.441413362038037e+25,4.115461463109865e+25,4.837021143375599,2.66036162885658,1.6856881047273249,52,3,11.923076923076923,0.7192307692307693,0.9079035680560402,0.0769230769230769,KAYNAK_VERISI,/home/rakeyma/Tüm_çalışmalar/MOF Radyoaktif Gaz Adsorpsiyonu/data/processed/cif/pretrain_000607.cif,TAM
pretrain_000608,SrH4(C3O2)3,HF_COREMOF_GCMC,/home/rakeyma/Tüm_çalışmalar/MOF Radyoaktif Gaz Adsorpsiyonu/data/processed/cif/pretrain_000608.cif,SrH4(C3O2)3,False,False,-0.569593283095818,0.0281715592490251,0.05,1.1133530455940776e+25,1.976023115640295e+25,1.6247269924513472,1.2,1.7748396373101063,40,4,7.2,0.6449999999999999,0.8935463054593198,0.05,KAYNAK_VERISI,/home/rakeyma/Tüm_çalışmalar/MOF Radyoaktif Gaz Adsorpsiyonu/data/processed/cif/pretrain_000608.cif,TAM
pretrain_000609,PrH4(C3O4)2,HF_COREMOF_GCMC,/home/rakeyma/Tüm_çalışmalar/MOF Radyoaktif Gaz Adsorpsiyonu/data/processed/cif/pretrain_000609.cif,PrH4(C3O4)2,False,False,-0.2932541461957817,0.0269234116356386,0.05,6.362688521709699e+24,1.1816274638254576e+25,2.2767644146902857,1.2522204280796572,1.8571197690940024,57,4,8.578947368421053,0.6236842105263158,0.8272544953035915,0.0526315789473684,KAYNAK_VERISI,/home/rakeyma/Tüm_çalışmalar/MOF Radyoaktif Gaz Adsorpsiyonu/data/processed/cif/pretrain_000609.cif,TAM
pretrain_000610,CoHC4O3,HF_COREMOF_GCMC,/home/rakeyma/Tüm_çalışmalar/MOF Radyoaktif Gaz Adsorpsiyonu/data/processed/cif/pretrain_000610.cif,CoHC4O3,False,False,-0.3016874469803596,0.2027223446159727,0.2408156049896382,3.3889723538711354e+25,4.025789210541387e+25,3.325674945771934,1.829121220174564,1.1879085428191327,54,4,8.444444444444445,0.688888888888889,0.5829397481729994,0.1111111111111111,KAYNAK_VERISI,/home/rakeyma/Tüm_çalışmalar/MOF Radyoaktif Gaz Adsorpsiyonu/data/processed/cif/pretrain_000610.cif,TAM
pretrain_000611,Ho(CO2)4,HF_COREMOF_GCMC,/home/rakeyma/Tüm_çalışmalar/MOF Radyoaktif Gaz Adsorpsiyonu/data/processed/cif/pretrain_000611.cif,Ho(CO2)4,False,False,-0.4785943460144064,0.149978361712225,0.2528167403047898,2.441413362038037e+25,4.115461463109865e+25,4.837021143375599,2.66036162885658,1.6856881047273249,52,3,11.923076923076923,0.7192307692307693,0.9079035680560402,0.0769230769230769,KAYNAK_VERISI,/home/rakeyma/Tüm_çalışmalar/MOF Radyoaktif Gaz Adsorpsiyonu/data/processed/cif/pretrain_000611.cif,TAM
pretrain_000612,LiC6N4F3,HF_COREMOF_GCMC,/home/rakeyma/Tüm_çalışmalar/MOF Radyoaktif Gaz Adsorpsiyonu/data/processed/cif/pretrain_000612.cif,LiC6N4F3,False,False,-0.4533451462020003,0.0397452774625822,0.05,8.573472372599009e+24,1.0785523362706943e+25,1.954323412334816,1.2,1.258011094451963,56,4,6.714285714285714,0.6964285714285714,1.0861946188413936,0.0714285714285714,KAYNAK_VERISI,/home/rakeyma/Tüm_çalışmalar/MOF Radyoaktif Gaz Adsorpsiyonu/data/processed/cif/pretrain_000612.cif,TAM
pretrain_000613,LaC12(ClO)6,HF_COREMOF_GCMC,/home/rakeyma/Tüm_çalışmalar/MOF Radyoaktif Gaz Adsorpsiyonu/data/processed/cif/pretrain_000613.cif,LaC12(ClO)6,False,False,-0.5688211219557444,0.0278556086912823,0.05,5.564325439575443e+24,9.987800843348366e+24,1.9871936116040632,1.2,1.7949706486093728,50,4,11.16,0.7979999999999999,0.90361427058231,0.04,KAYNAK_VERISI,/home/rakeyma/Tüm_çalışmalar/MOF Radyoaktif Gaz Adsorpsiyonu/data/processed/cif/pretrain_000613.cif,TAM
pretrain_000614,EuH3C9(NO2)3,HF_COREMOF_GCMC,/home/rakeyma/Tüm_çalışmalar/MOF Radyoaktif Gaz Adsorpsiyonu/data/processed/cif/pretrain_000614.cif,EuH3C9(NO2)3,False,False,-0.392826364855677,0.0304497683196859,0.05,8.209112099068205e+24,1.3479761180581744e+25,1.5,1.2,1.642048618401958,44,5,8.590909090909092,0.656818181818182,0.768988946604566,0.0454545454545454,KAYNAK_VERISI,/home/rakeyma/Tüm_çalışmalar/MOF Radyoaktif Gaz Adsorpsiyonu/data/processed/cif/pretrain_000614.cif,TAM
pretrain_000615,NiH8(C2N)4,HF_COREMOF_GCMC,/home/rakeyma/Tüm_çalışmalar/MOF Radyoaktif Gaz Adsorpsiyonu/data/processed/cif/pretrain_000615.cif,NiH8(C2N)4,False,False,-0.3230560240980463,0.1889360727751863,0.1844281386577613,1.1098181048876418e+26,1.0833383182292622e+26,3.0125985792467658,1.6569292185857214,0.9761404264881222,21,4,5.333333333333333,0.55,0.421218470630147,0.0476190476190476,KAYNAK_VERISI,/home/rakeyma/Tüm_çalışmalar/MOF Radyoaktif Gaz Adsorpsiyonu/data/processed/cif/pretrain_000615.cif,TAM
pretrain_000616,MnHC4O3,HF_COREMOF_GCMC,/home/rakeyma/Tüm_çalışmalar/MOF Radyoaktif Gaz Adsorpsiyonu/data/processed/cif/pretrain_000616.cif,MnHC4O3,False,False,-0.3566730252319013,0.250478780251175,0.2732752104856126,3.946863419937481e+25,4.306073076369193e+25,3.5594545584836754,1.957700007166021,1.0910114230498005,54,4,8.222222222222221,0.6944444444444445,0.6822206387965699,0.1111111111111111,KAYNAK_VERISI,/home/rakeyma/Tüm_çalışmalar/MOF Radyoaktif Gaz Adsorpsiyonu/data/processed/cif/pretrain_000616.cif,TAM
pretrain_000617,CoHC4O3,HF_COREMOF_GCMC,/home/rakeyma/Tüm_çalışmalar/MOF Radyoaktif Gaz Adsorpsiyonu/data/processed/cif/pretrain_000617.cif,CoHC4O3,False,False,-0.3016874469803596,0.2027223446159727,0.2408156049896382,3.3889723538711354e+25,4.025789210541387e+25,3.325674945771934,1.829121220174564,1.1879085428191327,54,4,8.444444444444445,0.688888888888889,0.5829397481729994,0.1111111111111111,KAYNAK_VERISI,/home/rakeyma/Tüm_çalışmalar/MOF Radyoaktif Gaz Adsorpsiyonu/data/processed/cif/pretrain_000617.cif,TAM
pretrain_000618,LaC12(ClO)6,HF_COREMOF_GCMC,/home/rakeyma/Tüm_çalışmalar/MOF Radyoaktif Gaz Adsorpsiyonu/data/processed/cif/pretrain_000618.cif,LaC12(ClO)6,False,False,-0.5688211219557444,0.0278556086912823,0.05,5.564325439575443e+24,9.987800843348366e+24,1.9871936116040632,1.2,1.7949706486093728,50,4,11.16,0.7979999999999999,0.90361427058231,0.04,KAYNAK_VERISI,/home/rakeyma/Tüm_çalışmalar/MOF Radyoaktif Gaz Adsorpsiyonu/data/processed/cif/pretrain_000618.cif,TAM
pretrain_000619,Ho(CO2)4,HF_COREMOF_GCMC,/home/rakeyma/Tüm_çalışmalar/MOF Radyoaktif Gaz Adsorpsiyonu/data/processed/cif/pretrain_000619.cif,Ho(CO2)4,False,False,-0.4785943460144064,0.149978361712225,0.2528167403047898,2.441413362038037e+25,4.115461463109865e+25,4.837021143375599,2.66036162885658,1.6856881047273249,52,3,11.923076923076923,0.7192307692307693,0.9079035680560402,0.0769230769230769,KAYNAK_VERISI,/home/rakeyma/Tüm_çalışmalar/MOF Radyoaktif Gaz Adsorpsiyonu/data/processed/cif/pretrain_000619.cif,TAM
pretrain_000620,CuHC4O3,HF_COREMOF_GCMC,/home/rakeyma/Tüm_çalışmalar/MOF Radyoaktif Gaz Adsorpsiyonu/data/processed/cif/pretrain_000620.cif,CuHC4O3,False,False,-0.205978546369902,0.143063613898343,0.189134943314022,2.5852239851953995e+25,3.417753673141659e+25,2.7268008935398664,1.4997404914469266,1.3220338712288924,54,4,8.666666666666666,0.688888888888889,0.577510822409416,0.1111111111111111,KAYNAK_VERISI,/home/rakeyma/Tüm_çalışmalar/MOF Radyoaktif Gaz Adsorpsiyonu/data/processed/cif/pretrain_000620.cif,TAM
pretrain_000621,CuHC4O3,HF_COREMOF_GCMC,/home/rakeyma/Tüm_çalışmalar/MOF Radyoaktif Gaz Adsorpsiyonu/data/processed/cif/pretrain_000621.cif,CuHC4O3,False,False,-0.205978546369902,0.143063613898343,0.189134943314022,2.5852239851953995e+25,3.417753673141659e+25,2.7268008935398664,1.4997404914469266,1.3220338712288924,54,4,8.666666666666666,0.688888888888889,0.577510822409416,0.1111111111111111,KAYNAK_VERISI,/home/rakeyma/Tüm_çalışmalar/MOF Radyoaktif Gaz Adsorpsiyonu/data/processed/cif/pretrain_000621.cif,TAM
pretrain_000622,Ho(CO2)4,HF_COREMOF_GCMC,/home/rakeyma/Tüm_çalışmalar/MOF Radyoaktif Gaz Adsorpsiyonu/data/processed/cif/pretrain_000622.cif,Ho(CO2)4,False,False,-0.4785943460144064,0.149978361712225,0.2528167403047898,2.441413362038037e+25,4.115461463109865e+25,4.837021143375599,2.66036162885658,1.6856881047273249,52,3,11.923076923076923,0.7192307692307693,0.9079035680560402,0.0769230769230769,KAYNAK_VERISI,/home/rakeyma/Tüm_çalışmalar/MOF Radyoaktif Gaz Adsorpsiyonu/data/processed/cif/pretrain_000622.cif,TAM
pretrain_000623,LiC6N4F3,HF_COREMOF_GCMC,/home/rakeyma/Tüm_çalışmalar/MOF Radyoaktif Gaz Adsorpsiyonu/data/processed/cif/pretrain_000623.cif,LiC6N4F3,False,False,-0.4533451462020003,0.0397452774625822,0.05,8.573472372599009e+24,1.0785523362706943e+25,1.954323412334816,1.2,1.258011094451963,56,4,6.714285714285714,0.6964285714285714,1.0861946188413936,0.0714285714285714,KAYNAK_VERISI,/home/rakeyma/Tüm_çalışmalar/MOF Radyoaktif Gaz Adsorpsiyonu/data/processed/cif/pretrain_000623.cif,TAM
pretrain_000624,AgH8(CN)6,HF_COREMOF_GCMC,/home/rakeyma/Tüm_çalışmalar/MOF Radyoaktif Gaz Adsorpsiyonu/data/processed/cif/pretrain_000624.cif,AgH8(CN)6,False,False,-0.2255795762419029,0.1659581678038203,0.1993888577128941,4.826739144494642e+25,5.799039705213862e+25,3.700392410145685,2.035215825580127,1.2014404614817895,42,4,6.333333333333333,0.5571428571428572,0.4151505750929414,0.0476190476190476,KAYNAK_VERISI,/home/rakeyma/Tüm_çalışmalar/MOF Radyoaktif Gaz Adsorpsiyonu/data/processed/cif/pretrain_000624.cif,TAM
pretrain_000625,CoHC4O3,HF_COREMOF_GCMC,/home/rakeyma/Tüm_çalışmalar/MOF Radyoaktif Gaz Adsorpsiyonu/data/processed/cif/pretrain_000625.cif,CoHC4O3,False,False,-0.3016874469803596,0.2027223446159727,0.2408156049896382,3.3889723538711354e+25,4.025789210541387e+25,3.325674945771934,1.829121220174564,1.1879085428191327,54,4,8.444444444444445,0.688888888888889,0.5829397481729994,0.1111111111111111,KAYNAK_VERISI,/home/rakeyma/Tüm_çalışmalar/MOF Radyoaktif Gaz Adsorpsiyonu/data/processed/cif/pretrain_000625.cif,TAM
pretrain_000626,CoHC4O3,HF_COREMOF_GCMC,/home/rakeyma/Tüm_çalışmalar/MOF Radyoaktif Gaz Adsorpsiyonu/data/processed/cif/pretrain_000626.cif,CoHC4O3,False,False,-0.3016874469803596,0.2027223446159727,0.2408156049896382,3.3889723538711354e+25,4.025789210541387e+25,3.325674945771934,1.829121220174564,1.1879085428191327,54,4,8.444444444444445,0.688888888888889,0.5829397481729994,0.1111111111111111,KAYNAK_VERISI,/home/rakeyma/Tüm_çalışmalar/MOF Radyoaktif Gaz Adsorpsiyonu/data/processed/cif/pretrain_000626.cif,TAM
pretrain_000627,Yb(CO2)4,HF_COREMOF_GCMC,/home/rakeyma/Tüm_çalışmalar/MOF Radyoaktif Gaz Adsorpsiyonu/data/processed/cif/pretrain_000627.cif,Yb(CO2)4,False,False,-0.2276657727356584,0.1093310706107314,0.2033019371630615,3.835293045214321e+25,7.1317558798656345e+25,3.805963847844579,2.093280116314519,1.859507421151205,26,3,12.153846153846152,0.7192307692307693,0.964376597715966,0.0769230769230769,KAYNAK_VERISI,/home/rakeyma/Tüm_çalışmalar/MOF Radyoaktif Gaz Adsorpsiyonu/data/processed/cif/pretrain_000627.cif,TAM
pretrain_000628,CuH2C8N4(OF)2,HF_COREMOF_GCMC,/home/rakeyma/Tüm_çalışmalar/MOF Radyoaktif Gaz Adsorpsiyonu/data/processed/cif/pretrain_000628.cif,CuH2C8N4(OF)2,False,False,-0.4599689216924911,0.0621677291567671,0.0835469979729396,1.912563937552424e+25,2.57028811541231e+25,2.076788150348894,1.2,1.3438965699110683,38,6,7.421052631578948,0.6447368421052632,0.7160171475289928,0.0526315789473684,KAYNAK_VERISI,/home/rakeyma/Tüm_çalışmalar/MOF Radyoaktif Gaz Adsorpsiyonu/data/processed/cif/pretrain_000628.cif,TAM
pretrain_000629,Ho(CO2)4,HF_COREMOF_GCMC,/home/rakeyma/Tüm_çalışmalar/MOF Radyoaktif Gaz Adsorpsiyonu/data/processed/cif/pretrain_000629.cif,Ho(CO2)4,False,False,-0.4785943460144064,0.149978361712225,0.2528167403047898,2.441413362038037e+25,4.115461463109865e+25,4.837021143375599,2.66036162885658,1.6856881047273249,52,3,11.923076923076923,0.7192307692307693,0.9079035680560402,0.0769230769230769,KAYNAK_VERISI,/home/rakeyma/Tüm_çalışmalar/MOF Radyoaktif Gaz Adsorpsiyonu/data/processed/cif/pretrain_000629.cif,TAM
pretrain_000630,SrH2C6SO4,HF_COREMOF_GCMC,/home/rakeyma/Tüm_çalışmalar/MOF Radyoaktif Gaz Adsorpsiyonu/data/processed/cif/pretrain_000630.cif,SrH2C6SO4,False,False,-0.3391720675752708,0.0346978031529126,0.05,6.387037783331859e+24,9.203807162061936e+24,1.5,1.2,1.4410134203497198,56,5,8.857142857142858,0.7214285714285714,0.8078762281438908,0.0714285714285714,KAYNAK_VERISI,/home/rakeyma/Tüm_çalışmalar/MOF Radyoaktif Gaz Adsorpsiyonu/data/processed/cif/pretrain_000630.cif,TAM
pretrain_000631,Yb(CO2)4,HF_COREMOF_GCMC,/home/rakeyma/Tüm_çalışmalar/MOF Radyoaktif Gaz Adsorpsiyonu/data/processed/cif/pretrain_000631.cif,Yb(CO2)4,False,False,-0.2276657727356584,0.1093310706107314,0.2033019371630615,3.835293045214321e+25,7.1317558798656345e+25,3.805963847844579,2.093280116314519,1.859507421151205,26,3,12.153846153846152,0.7192307692307693,0.964376597715966,0.0769230769230769,KAYNAK_VERISI,/home/rakeyma/Tüm_çalışmalar/MOF Radyoaktif Gaz Adsorpsiyonu/data/processed/cif/pretrain_000631.cif,TAM
pretrain_000632,CoPC3NO3,HF_COREMOF_GCMC,/home/rakeyma/Tüm_çalışmalar/MOF Radyoaktif Gaz Adsorpsiyonu/data/processed/cif/pretrain_000632.cif,CoPC3NO3,False,False,-0.339007787587708,0.1898965143943221,0.2483097013590397,2.900170840812462e+25,3.792278956089516e+25,3.13185845514548,1.722522150330014,1.3076053668021623,54,5,10.11111111111111,0.7666666666666667,0.5632406235349152,0.1111111111111111,KAYNAK_VERISI,/home/rakeyma/Tüm_çalışmalar/MOF Radyoaktif Gaz Adsorpsiyonu/data/processed/cif/pretrain_000632.cif,TAM
pretrain_000633,CdH6(C3O)4,HF_COREMOF_GCMC,/home/rakeyma/Tüm_çalışmalar/MOF Radyoaktif Gaz Adsorpsiyonu/data/processed/cif/pretrain_000633.cif,CdH6(C3O)4,False,False,-0.4047000489112297,0.0345838504232425,0.05,1.0082164159911988e+25,1.4576404935432129e+25,1.6944923133493406,1.2,1.4457615155077352,46,4,6.869565217391305,0.6021739130434784,0.6380830666927308,0.0434782608695652,KAYNAK_VERISI,/home/rakeyma/Tüm_çalışmalar/MOF Radyoaktif Gaz Adsorpsiyonu/data/processed/cif/pretrain_000633.cif,TAM
pretrain_000634,Y(CO2)4,HF_COREMOF_GCMC,/home/rakeyma/Tüm_çalışmalar/MOF Radyoaktif Gaz Adsorpsiyonu/data/processed/cif/pretrain_000634.cif,Y(CO2)4,False,False,-0.2859500433455977,0.172109340022691,0.230834008665388,5.737536558840906e+25,7.695216096737399e+25,4.189059938724335,2.3039829662983844,1.3412055884646046,26,3,9.76923076923077,0.7230769230769233,0.912225605623716,0.0769230769230769,KAYNAK_VERISI,/home/rakeyma/Tüm_çalışmalar/MOF Radyoaktif Gaz Adsorpsiyonu/data/processed/cif/pretrain_000634.cif,TAM
pretrain_000635,NiH9C11(NO)2,HF_COREMOF_GCMC,/home/rakeyma/Tüm_çalışmalar/MOF Radyoaktif Gaz Adsorpsiyonu/data/processed/cif/pretrain_000635.cif,NiH9C11(NO)2,False,False,-0.4316147466124268,0.1105082077847083,0.1143993698258944,2.8987157079593816e+25,3.000783895989144e+25,2.748793250824693,1.5118362879535816,1.035211520657062,50,5,5.32,0.552,0.5538736317970011,0.04,KAYNAK_VERISI,/home/rakeyma/Tüm_çalışmalar/MOF Radyoaktif Gaz Adsorpsiyonu/data/processed/cif/pretrain_000635.cif,TAM
pretrain_000636,Ho(CO2)4,HF_COREMOF_GCMC,/home/rakeyma/Tüm_çalışmalar/MOF Radyoaktif Gaz Adsorpsiyonu/data/processed/cif/pretrain_000636.cif,Ho(CO2)4,False,False,-0.4785943460144064,0.149978361712225,0.2528167403047898,2.441413362038037e+25,4.115461463109865e+25,4.837021143375599,2.66036162885658,1.6856881047273249,52,3,11.923076923076923,0.7192307692307693,0.9079035680560402,0.0769230769230769,KAYNAK_VERISI,/home/rakeyma/Tüm_çalışmalar/MOF Radyoaktif Gaz Adsorpsiyonu/data/processed/cif/pretrain_000636.cif,TAM
pretrain_000637,CuHC4O3,HF_COREMOF_GCMC,/home/rakeyma/Tüm_çalışmalar/MOF Radyoaktif Gaz Adsorpsiyonu/data/processed/cif/pretrain_000637.cif,CuHC4O3,False,False,-0.205978546369902,0.143063613898343,0.189134943314022,2.5852239851953995e+25,3.417753673141659e+25,2.7268008935398664,1.4997404914469266,1.3220338712288924,54,4,8.666666666666666,0.688888888888889,0.577510822409416,0.1111111111111111,KAYNAK_VERISI,/home/rakeyma/Tüm_çalışmalar/MOF Radyoaktif Gaz Adsorpsiyonu/data/processed/cif/pretrain_000637.cif,TAM
pretrain_000638,Ho(CO2)4,HF_COREMOF_GCMC,/home/rakeyma/Tüm_çalışmalar/MOF Radyoaktif Gaz Adsorpsiyonu/data/processed/cif/pretrain_000638.cif,Ho(CO2)4,False,False,-0.4785943460144064,0.149978361712225,0.2528167403047898,2.441413362038037e+25,4.115461463109865e+25,4.837021143375599,2.66036162885658,1.6856881047273249,52,3,11.923076923076923,0.7192307692307693,0.9079035680560402,0.0769230769230769,KAYNAK_VERISI,/home/rakeyma/Tüm_çalışmalar/MOF Radyoaktif Gaz Adsorpsiyonu/data/processed/cif/pretrain_000638.cif,TAM
pretrain_000639,EuH6C12(SO2)3,HF_COREMOF_GCMC,/home/rakeyma/Tüm_çalışmalar/MOF Radyoaktif Gaz Adsorpsiyonu/data/processed/cif/pretrain_000639.cif,EuH6C12(SO2)3,False,False,-0.412201563334197,0.2020466797093128,0.2504674305847825,3.336664515864815e+25,4.136300528246477e+25,5.079742204819134,2.793858212650524,1.2396513070402009,56,5,8.464285714285714,0.6553571428571429,0.7233698915492681,0.0357142857142857,KAYNAK_VERISI,/home/rakeyma/Tüm_çalışmalar/MOF Radyoaktif Gaz Adsorpsiyonu/data/processed/cif/pretrain_000639.cif,TAM
pretrain_000640,CuHC4O3,HF_COREMOF_GCMC,/home/rakeyma/Tüm_çalışmalar/MOF Radyoaktif Gaz Adsorpsiyonu/data/processed/cif/pretrain_000640.cif,CuHC4O3,False,False,-0.205978546369902,0.143063613898343,0.189134943314022,2.5852239851953995e+25,3.417753673141659e+25,2.7268008935398664,1.4997404914469266,1.3220338712288924,54,4,8.666666666666666,0.688888888888889,0.577510822409416,0.1111111111111111,KAYNAK_VERISI,/home/rakeyma/Tüm_çalışmalar/MOF Radyoaktif Gaz Adsorpsiyonu/data/processed/cif/pretrain_000640.cif,TAM
pretrain_000641,YH4(CO2)4,HF_COREMOF_GCMC,/home/rakeyma/Tüm_çalışmalar/MOF Radyoaktif Gaz Adsorpsiyonu/data/processed/cif/pretrain_000641.cif,YH4(CO2)4,False,False,-0.2927306989086387,0.0290600682297266,0.05,1.224155585179548e+25,2.1062503630451072e+25,1.5,1.2,1.7205740745251603,34,4,7.705882352941177,0.6117647058823531,0.7949017234853627,0.0588235294117647,KAYNAK_VERISI,/home/rakeyma/Tüm_çalışmalar/MOF Radyoaktif Gaz Adsorpsiyonu/data/processed/cif/pretrain_000641.cif,TAM
pretrain_000642,CoHC4O3,HF_COREMOF_GCMC,/home/rakeyma/Tüm_çalışmalar/MOF Radyoaktif Gaz Adsorpsiyonu/data/processed/cif/pretrain_000642.cif,CoHC4O3,False,False,-0.3016874469803596,0.2027223446159727,0.2408156049896382,3.3889723538711354e+25,4.025789210541387e+25,3.325674945771934,1.829121220174564,1.1879085428191327,54,4,8.444444444444445,0.688888888888889,0.5829397481729994,0.1111111111111111,KAYNAK_VERISI,/home/rakeyma/Tüm_çalışmalar/MOF Radyoaktif Gaz Adsorpsiyonu/data/processed/cif/pretrain_000642.cif,TAM
pretrain_000643,EuH3C9(NO2)3,HF_COREMOF_GCMC,/home/rakeyma/Tüm_çalışmalar/MOF Radyoaktif Gaz Adsorpsiyonu/data/processed/cif/pretrain_000643.cif,EuH3C9(NO2)3,False,False,-0.392826364855677,0.0304497683196859,0.05,8.209112099068205e+24,1.3479761180581744e+25,1.5,1.2,1.642048618401958,44,5,8.590909090909092,0.656818181818182,0.768988946604566,0.0454545454545454,KAYNAK_VERISI,/home/rakeyma/Tüm_çalışmalar/MOF Radyoaktif Gaz Adsorpsiyonu/data/processed/cif/pretrain_000643.cif,TAM
pretrain_000644,MnHC3N3Cl,HF_COREMOF_GCMC,/home/rakeyma/Tüm_çalışmalar/MOF Radyoaktif Gaz Adsorpsiyonu/data/processed/cif/pretrain_000644.cif,MnHC3N3Cl,False,False,-0.3158415251168576,0.242130788486378,0.2829629403243215,3.665584283877443e+25,4.283736543611582e+25,4.435337482107187,2.4394356151589527,1.168636760707698,54,5,9.11111111111111,0.7444444444444445,0.586890108964191,0.1111111111111111,KAYNAK_VERISI,/home/rakeyma/Tüm_çalışmalar/MOF Radyoaktif Gaz Adsorpsiyonu/data/processed/cif/pretrain_000644.cif,TAM
pretrain_000645,NiHC4O3,HF_COREMOF_GCMC,/home/rakeyma/Tüm_çalışmalar/MOF Radyoaktif Gaz Adsorpsiyonu/data/processed/cif/pretrain_000645.cif,NiHC4O3,False,False,-0.2850008840109861,0.2053149565183192,0.2445249196354211,3.446471485280089e+25,4.104660358188226e+25,3.307179953819433,1.818948974600688,1.1909747043372527,54,4,8.555555555555555,0.688888888888889,0.5748260606479145,0.1111111111111111,KAYNAK_VERISI,/home/rakeyma/Tüm_çalışmalar/MOF Radyoaktif Gaz Adsorpsiyonu/data/processed/cif/pretrain_000645.cif,TAM
pretrain_000646,Y(CO2)4,HF_COREMOF_GCMC,/home/rakeyma/Tüm_çalışmalar/MOF Radyoaktif Gaz Adsorpsiyonu/data/processed/cif/pretrain_000646.cif,Y(CO2)4,False,False,-0.2859500433455977,0.172109340022691,0.230834008665388,5.737536558840906e+25,7.695216096737399e+25,4.189059938724335,2.3039829662983844,1.3412055884646046,26,3,9.76923076923077,0.7230769230769233,0.912225605623716,0.0769230769230769,KAYNAK_VERISI,/home/rakeyma/Tüm_çalışmalar/MOF Radyoaktif Gaz Adsorpsiyonu/data/processed/cif/pretrain_000646.cif,TAM
pretrain_000647,CuHC4O3,HF_COREMOF_GCMC,/home/rakeyma/Tüm_çalışmalar/MOF Radyoaktif Gaz Adsorpsiyonu/data/processed/cif/pretrain_000647.cif,CuHC4O3,False,False,-0.205978546369902,0.143063613898343,0.189134943314022,2.5852239851953995e+25,3.417753673141659e+25,2.7268008935398664,1.4997404914469266,1.3220338712288924,54,4,8.666666666666666,0.688888888888889,0.577510822409416,0.1111111111111111,KAYNAK_VERISI,/home/rakeyma/Tüm_çalışmalar/MOF Radyoaktif Gaz Adsorpsiyonu/data/processed/cif/pretrain_000647.cif,TAM
pretrain_000648,GdH3C8NO5,HF_COREMOF_GCMC,/home/rakeyma/Tüm_çalışmalar/MOF Radyoaktif Gaz Adsorpsiyonu/data/processed/cif/pretrain_000648.cif,GdH3C8NO5,False,False,-0.443967584207908,0.0206890121832619,0.05,9.397906813324868e+24,2.2712313981157715e+25,1.5,1.2,2.4167417737059225,36,5,9.0,0.6555555555555557,0.7689889466045661,0.0555555555555555,KAYNAK_VERISI,/home/rakeyma/Tüm_çalışmalar/MOF Radyoaktif Gaz Adsorpsiyonu/data/processed/cif/pretrain_000648.cif,TAM
pretrain_000649,YH4(CO2)4,HF_COREMOF_GCMC,/home/rakeyma/Tüm_çalışmalar/MOF Radyoaktif Gaz Adsorpsiyonu/data/processed/cif/pretrain_000649.cif,YH4(CO2)4,False,False,-0.2927306989086387,0.0290600682297266,0.05,1.224155585179548e+25,2.1062503630451072e+25,1.5,1.2,1.7205740745251603,34,4,7.705882352941177,0.6117647058823531,0.7949017234853627,0.0588235294117647,KAYNAK_VERISI,/home/rakeyma/Tüm_çalışmalar/MOF Radyoaktif Gaz Adsorpsiyonu/data/processed/cif/pretrain_000649.cif,TAM
pretrain_000650,CoHC4O3,HF_COREMOF_GCMC,/home/rakeyma/Tüm_çalışmalar/MOF Radyoaktif Gaz Adsorpsiyonu/data/processed/cif/pretrain_000650.cif,CoHC4O3,False,False,-0.3016874469803596,0.2027223446159727,0.2408156049896382,3.3889723538711354e+25,4.025789210541387e+25,3.325674945771934,1.829121220174564,1.1879085428191327,54,4,8.444444444444445,0.688888888888889,0.5829397481729994,0.1111111111111111,KAYNAK_VERISI,/home/rakeyma/Tüm_çalışmalar/MOF Radyoaktif Gaz Adsorpsiyonu/data/processed/cif/pretrain_000650.cif,TAM
pretrain_000651,CuHC4O3,HF_COREMOF_GCMC,/home/rakeyma/Tüm_çalışmalar/MOF Radyoaktif Gaz Adsorpsiyonu/data/processed/cif/pretrain_000651.cif,CuHC4O3,False,False,-0.205978546369902,0.143063613898343,0.189134943314022,2.5852239851953995e+25,3.417753673141659e+25,2.7268008935398664,1.4997404914469266,1.3220338712288924,54,4,8.666666666666666,0.688888888888889,0.577510822409416,0.1111111111111111,KAYNAK_VERISI,/home/rakeyma/Tüm_çalışmalar/MOF Radyoaktif Gaz Adsorpsiyonu/data/processed/cif/pretrain_000651.cif,TAM
pretrain_000652,Yb(CO2)4,HF_COREMOF_GCMC,/home/rakeyma/Tüm_çalışmalar/MOF Radyoaktif Gaz Adsorpsiyonu/data/processed/cif/pretrain_000652.cif,Yb(CO2)4,False,False,-0.2276657727356584,0.1093310706107314,0.2033019371630615,3.835293045214321e+25,7.1317558798656345e+25,3.805963847844579,2.093280116314519,1.859507421151205,26,3,12.153846153846152,0.7192307692307693,0.964376597715966,0.0769230769230769,KAYNAK_VERISI,/home/rakeyma/Tüm_çalışmalar/MOF Radyoaktif Gaz Adsorpsiyonu/data/processed/cif/pretrain_000652.cif,TAM
pretrain_000653,ZnHC4O3,HF_COREMOF_GCMC,/home/rakeyma/Tüm_çalışmalar/MOF Radyoaktif Gaz Adsorpsiyonu/data/processed/cif/pretrain_000653.cif,ZnHC4O3,False,False,-0.2677312773291185,0.2068786041617683,0.2515640963015523,3.3991159257691533e+25,4.133320260715269e+25,3.442719217267522,1.8934955694971372,1.2159986158106626,54,4,8.777777777777779,0.688888888888889,0.6504229393248673,0.1111111111111111,KAYNAK_VERISI,/home/rakeyma/Tüm_çalışmalar/MOF Radyoaktif Gaz Adsorpsiyonu/data/processed/cif/pretrain_000653.cif,TAM
pretrain_000654,CuHC4O3,HF_COREMOF_GCMC,/home/rakeyma/Tüm_çalışmalar/MOF Radyoaktif Gaz Adsorpsiyonu/data/processed/cif/pretrain_000654.cif,CuHC4O3,False,False,-0.205978546369902,0.143063613898343,0.189134943314022,2.5852239851953995e+25,3.417753673141659e+25,2.7268008935398664,1.4997404914469266,1.3220338712288924,54,4,8.666666666666666,0.688888888888889,0.577510822409416,0.1111111111111111,KAYNAK_VERISI,/home/rakeyma/Tüm_çalışmalar/MOF Radyoaktif Gaz Adsorpsiyonu/data/processed/cif/pretrain_000654.cif,TAM
pretrain_000655,LaC12(ClO)6,HF_COREMOF_GCMC,/home/rakeyma/Tüm_çalışmalar/MOF Radyoaktif Gaz Adsorpsiyonu/data/processed/cif/pretrain_000655.cif,LaC12(ClO)6,False,False,-0.5688211219557444,0.0278556086912823,0.05,5.564325439575443e+24,9.987800843348366e+24,1.9871936116040632,1.2,1.7949706486093728,50,4,11.16,0.7979999999999999,0.90361427058231,0.04,KAYNAK_VERISI,/home/rakeyma/Tüm_çalışmalar/MOF Radyoaktif Gaz Adsorpsiyonu/data/processed/cif/pretrain_000655.cif,TAM
pretrain_000656,Ho(CO2)4,HF_COREMOF_GCMC,/home/rakeyma/Tüm_çalışmalar/MOF Radyoaktif Gaz Adsorpsiyonu/data/processed/cif/pretrain_000656.cif,Ho(CO2)4,False,False,-0.4785943460144064,0.149978361712225,0.2528167403047898,2.441413362038037e+25,4.115461463109865e+25,4.837021143375599,2.66036162885658,1.6856881047273249,52,3,11.923076923076923,0.7192307692307693,0.9079035680560402,0.0769230769230769,KAYNAK_VERISI,/home/rakeyma/Tüm_çalışmalar/MOF Radyoaktif Gaz Adsorpsiyonu/data/processed/cif/pretrain_000656.cif,TAM
pretrain_000657,SrU2P2H4(C3O4)2,HF_COREMOF_GCMC,/home/rakeyma/Tüm_çalışmalar/MOF Radyoaktif Gaz Adsorpsiyonu/data/processed/cif/pretrain_000657.cif,SrU2P2H4(C3O4)2,False,False,-0.5660985795729906,0.0161233082656799,0.05,3.968439746241035e+24,1.2306530647585094e+25,1.5918567931821002,1.2,3.10110054190492,46,6,15.478260869565217,0.7608695652173915,0.8015696406981049,0.1304347826086956,KAYNAK_VERISI,/home/rakeyma/Tüm_çalışmalar/MOF Radyoaktif Gaz Adsorpsiyonu/data/processed/cif/pretrain_000657.cif,TAM
pretrain_000658,FeHC4O3,HF_COREMOF_GCMC,/home/rakeyma/Tüm_çalışmalar/MOF Radyoaktif Gaz Adsorpsiyonu/data/processed/cif/pretrain_000658.cif,FeHC4O3,False,False,-0.2934595702585894,0.2132917425616269,0.2442162494471299,3.5062473095194724e+25,4.014607210204248e+25,3.366864725510025,1.8517755990305145,1.144986892197985,54,4,8.333333333333334,0.6944444444444445,0.5968458762528228,0.1111111111111111,KAYNAK_VERISI,/home/rakeyma/Tüm_çalışmalar/MOF Radyoaktif Gaz Adsorpsiyonu/data/processed/cif/pretrain_000658.cif,TAM
pretrain_000659,MgPHCO6,HF_COREMOF_GCMC,/home/rakeyma/Tüm_çalışmalar/MOF Radyoaktif Gaz Adsorpsiyonu/data/processed/cif/pretrain_000659.cif,MgPHCO6,False,False,-0.3514950327118205,0.0918349361792421,0.1349985755511485,2.705562218012952e+25,3.977212384444526e+25,1.9888527039069892,1.2,1.4700132778190231,40,5,8.2,0.7050000000000001,0.6865974075103983,0.1,KAYNAK_VERISI,/home/rakeyma/Tüm_çalışmalar/MOF Radyoaktif Gaz Adsorpsiyonu/data/processed/cif/pretrain_000659.cif,TAM
pretrain_000660,CoHC4O3,HF_COREMOF_GCMC,/home/rakeyma/Tüm_çalışmalar/MOF Radyoaktif Gaz Adsorpsiyonu/data/processed/cif/pretrain_000660.cif,CoHC4O3,False,False,-0.3016874469803596,0.2027223446159727,0.2408156049896382,3.3889723538711354e+25,4.025789210541387e+25,3.325674945771934,1.829121220174564,1.1879085428191327,54,4,8.444444444444445,0.688888888888889,0.5829397481729994,0.1111111111111111,KAYNAK_VERISI,/home/rakeyma/Tüm_çalışmalar/MOF Radyoaktif Gaz Adsorpsiyonu/data/processed/cif/pretrain_000660.cif,TAM
pretrain_000661,CuH8(C2N)4,HF_COREMOF_GCMC,/home/rakeyma/Tüm_çalışmalar/MOF Radyoaktif Gaz Adsorpsiyonu/data/processed/cif/pretrain_000661.cif,CuH8(C2N)4,False,False,-0.3595788678012127,0.055565211083506,0.0637476421433295,3.752883638938055e+25,4.305526399621553e+25,1.7305181678393635,1.2,1.1472581656807983,21,4,5.380952380952381,0.55,0.4242861652234256,0.0476190476190476,KAYNAK_VERISI,/home/rakeyma/Tüm_çalışmalar/MOF Radyoaktif Gaz Adsorpsiyonu/data/processed/cif/pretrain_000661.cif,TAM
pretrain_000662,CoPC3NO3,HF_COREMOF_GCMC,/home/rakeyma/Tüm_çalışmalar/MOF Radyoaktif Gaz Adsorpsiyonu/data/processed/cif/pretrain_000662.cif,CoPC3NO3,False,False,-0.339007787587708,0.1898965143943221,0.2483097013590397,2.900170840812462e+25,3.792278956089516e+25,3.13185845514548,1.722522150330014,1.3076053668021623,54,5,10.11111111111111,0.7666666666666667,0.5632406235349152,0.1111111111111111,KAYNAK_VERISI,/home/rakeyma/Tüm_çalışmalar/MOF Radyoaktif Gaz Adsorpsiyonu/data/processed/cif/pretrain_000662.cif,TAM
pretrain_000663,CuHC4O3,HF_COREMOF_GCMC,/home/rakeyma/Tüm_çalışmalar/MOF Radyoaktif Gaz Adsorpsiyonu/data/processed/cif/pretrain_000663.cif,CuHC4O3,False,False,-0.205978546369902,0.143063613898343,0.189134943314022,2.5852239851953995e+25,3.417753673141659e+25,2.7268008935398664,1.4997404914469266,1.3220338712288924,54,4,8.666666666666666,0.688888888888889,0.577510822409416,0.1111111111111111,KAYNAK_VERISI,/home/rakeyma/Tüm_çalışmalar/MOF Radyoaktif Gaz Adsorpsiyonu/data/processed/cif/pretrain_000663.cif,TAM
pretrain_000664,CoH4(C3O2)2,HF_COREMOF_GCMC,/home/rakeyma/Tüm_çalışmalar/MOF Radyoaktif Gaz Adsorpsiyonu/data/processed/cif/pretrain_000664.cif,CoH4(C3O2)2,False,False,-0.3284093958708607,0.0913952521971918,0.1125659573715954,3.724561264952296e+25,4.587314926096322e+25,2.360973354343989,1.298535344889194,1.231639003837161,30,4,6.6,0.5966666666666668,0.5829397481729994,0.0666666666666666,KAYNAK_VERISI,/home/rakeyma/Tüm_çalışmalar/MOF Radyoaktif Gaz Adsorpsiyonu/data/processed/cif/pretrain_000664.cif,TAM
pretrain_000665,CoHC4O3,HF_COREMOF_GCMC,/home/rakeyma/Tüm_çalışmalar/MOF Radyoaktif Gaz Adsorpsiyonu/data/processed/cif/pretrain_000665.cif,CoHC4O3,False,False,-0.3016874469803596,0.2027223446159727,0.2408156049896382,3.3889723538711354e+25,4.025789210541387e+25,3.325674945771934,1.829121220174564,1.1879085428191327,54,4,8.444444444444445,0.688888888888889,0.5829397481729994,0.1111111111111111,KAYNAK_VERISI,/home/rakeyma/Tüm_çalışmalar/MOF Radyoaktif Gaz Adsorpsiyonu/data/processed/cif/pretrain_000665.cif,TAM
pretrain_000666,Ho(CO2)4,HF_COREMOF_GCMC,/home/rakeyma/Tüm_çalışmalar/MOF Radyoaktif Gaz Adsorpsiyonu/data/processed/cif/pretrain_000666.cif,Ho(CO2)4,False,False,-0.4785943460144064,0.149978361712225,0.2528167403047898,2.441413362038037e+25,4.115461463109865e+25,4.837021143375599,2.66036162885658,1.6856881047273249,52,3,11.923076923076923,0.7192307692307693,0.9079035680560402,0.0769230769230769,KAYNAK_VERISI,/home/rakeyma/Tüm_çalışmalar/MOF Radyoaktif Gaz Adsorpsiyonu/data/processed/cif/pretrain_000666.cif,TAM
pretrain_000667,CuHC4O3,HF_COREMOF_GCMC,/home/rakeyma/Tüm_çalışmalar/MOF Radyoaktif Gaz Adsorpsiyonu/data/processed/cif/pretrain_000667.cif,CuHC4O3,False,False,-0.205978546369902,0.143063613898343,0.189134943314022,2.5852239851953995e+25,3.417753673141659e+25,2.7268008935398664,1.4997404914469266,1.3220338712288924,54,4,8.666666666666666,0.688888888888889,0.577510822409416,0.1111111111111111,KAYNAK_VERISI,/home/rakeyma/Tüm_çalışmalar/MOF Radyoaktif Gaz Adsorpsiyonu/data/processed/cif/pretrain_000667.cif,TAM
pretrain_000668,EuHC6N2O5,HF_COREMOF_GCMC,/home/rakeyma/Tüm_çalışmalar/MOF Radyoaktif Gaz Adsorpsiyonu/data/processed/cif/pretrain_000668.cif,EuHC6N2O5,False,False,-0.272888177149816,0.0266630693681719,0.05,6.59103069616188e+24,1.235984988290522e+25,2.179271850871295,1.2,1.87525296917562,45,5,10.266666666666667,0.7066666666666668,0.768988946604566,0.0666666666666666,KAYNAK_VERISI,/home/rakeyma/Tüm_çalışmalar/MOF Radyoaktif Gaz Adsorpsiyonu/data/processed/cif/pretrain_000668.cif,TAM
pretrain_000669,YH4(CO2)4,HF_COREMOF_GCMC,/home/rakeyma/Tüm_çalışmalar/MOF Radyoaktif Gaz Adsorpsiyonu/data/processed/cif/pretrain_000669.cif,YH4(CO2)4,False,False,-0.2927306989086387,0.0290600682297266,0.05,1.224155585179548e+25,2.1062503630451072e+25,1.5,1.2,1.7205740745251603,34,4,7.705882352941177,0.6117647058823531,0.7949017234853627,0.0588235294117647,KAYNAK_VERISI,/home/rakeyma/Tüm_çalışmalar/MOF Radyoaktif Gaz Adsorpsiyonu/data/processed/cif/pretrain_000669.cif,TAM
pretrain_000670,Ho(CO2)4,HF_COREMOF_GCMC,/home/rakeyma/Tüm_çalışmalar/MOF Radyoaktif Gaz Adsorpsiyonu/data/processed/cif/pretrain_000670.cif,Ho(CO2)4,False,False,-0.4785943460144064,0.149978361712225,0.2528167403047898,2.441413362038037e+25,4.115461463109865e+25,4.837021143375599,2.66036162885658,1.6856881047273249,52,3,11.923076923076923,0.7192307692307693,0.9079035680560402,0.0769230769230769,KAYNAK_VERISI,/home/rakeyma/Tüm_çalışmalar/MOF Radyoaktif Gaz Adsorpsiyonu/data/processed/cif/pretrain_000670.cif,TAM
pretrain_000671,AlH5C8O5,HF_COREMOF_GCMC,/home/rakeyma/Tüm_çalışmalar/MOF Radyoaktif Gaz Adsorpsiyonu/data/processed/cif/pretrain_000671.cif,AlH5C8O5,False,False,-0.2158044738518941,0.2014257230743021,0.192406380937295,6.088620349570138e+25,5.815987096791099e+25,2.9266162052360323,1.609638912879818,0.955222490954246,38,4,5.578947368421052,0.5842105263157897,0.6629856710367125,0.0526315789473684,KAYNAK_VERISI,/home/rakeyma/Tüm_çalışmalar/MOF Radyoaktif Gaz Adsorpsiyonu/data/processed/cif/pretrain_000671.cif,TAM
pretrain_000672,CuH8(C2N)4,HF_COREMOF_GCMC,/home/rakeyma/Tüm_çalışmalar/MOF Radyoaktif Gaz Adsorpsiyonu/data/processed/cif/pretrain_000672.cif,CuH8(C2N)4,False,False,-0.3595788678012127,0.055565211083506,0.0637476421433295,3.752883638938055e+25,4.305526399621553e+25,1.7305181678393635,1.2,1.1472581656807983,21,4,5.380952380952381,0.55,0.4242861652234256,0.0476190476190476,KAYNAK_VERISI,/home/rakeyma/Tüm_çalışmalar/MOF Radyoaktif Gaz Adsorpsiyonu/data/processed/cif/pretrain_000672.cif,TAM
pretrain_000673,CeH12(C3O2)3,HF_COREMOF_GCMC,/home/rakeyma/Tüm_çalışmalar/MOF Radyoaktif Gaz Adsorpsiyonu/data/processed/cif/pretrain_000673.cif,CeH12(C3O2)3,False,False,-0.5960670225195627,0.0992061236196667,0.1280335695716948,2.366370242548027e+25,3.0539932216603537e+25,3.107289672963663,1.709009320130015,1.2905813159532964,56,4,6.142857142857143,0.5267857142857143,0.8308843180611847,0.0357142857142857,KAYNAK_VERISI,/home/rakeyma/Tüm_çalışmalar/MOF Radyoaktif Gaz Adsorpsiyonu/data/processed/cif/pretrain_000673.cif,TAM
pretrain_000674,Sr(C2O3)2,HF_COREMOF_GCMC,/home/rakeyma/Tüm_çalışmalar/MOF Radyoaktif Gaz Adsorpsiyonu/data/processed/cif/pretrain_000674.cif,Sr(C2O3)2,False,False,-0.5523392056817121,0.0365076519358056,0.0563347440737563,8.007119183943783e+24,1.2355738758239134e+25,2.252920632641311,1.2391063479527211,1.5430941483942675,44,3,10.0,0.7636363636363637,1.0302211197386488,0.0909090909090909,KAYNAK_VERISI,/home/rakeyma/Tüm_çalışmalar/MOF Radyoaktif Gaz Adsorpsiyonu/data/processed/cif/pretrain_000674.cif,TAM
pretrain_000675,PrH12(C3O2)3,HF_COREMOF_GCMC,/home/rakeyma/Tüm_çalışmalar/MOF Radyoaktif Gaz Adsorpsiyonu/data/processed/cif/pretrain_000675.cif,PrH12(C3O2)3,False,False,-0.4651775793221744,0.0517176607699124,0.0714928180264472,1.3184309685870117e+25,1.8225562392887657e+25,2.100013588454107,1.2,1.382367588984985,56,4,6.178571428571429,0.5267857142857143,0.8272544953035915,0.0357142857142857,KAYNAK_VERISI,/home/rakeyma/Tüm_çalışmalar/MOF Radyoaktif Gaz Adsorpsiyonu/data/processed/cif/pretrain_000675.cif,TAM
pretrain_000676,CuH2C8N4(OF)2,HF_COREMOF_GCMC,/home/rakeyma/Tüm_çalışmalar/MOF Radyoaktif Gaz Adsorpsiyonu/data/processed/cif/pretrain_000676.cif,CuH2C8N4(OF)2,False,False,-0.4599689216924911,0.0621677291567671,0.0835469979729396,1.912563937552424e+25,2.57028811541231e+25,2.076788150348894,1.2,1.3438965699110683,38,6,7.421052631578948,0.6447368421052632,0.7160171475289928,0.0526315789473684,KAYNAK_VERISI,/home/rakeyma/Tüm_çalışmalar/MOF Radyoaktif Gaz Adsorpsiyonu/data/processed/cif/pretrain_000676.cif,TAM
pretrain_000677,ZnHC4O3,HF_COREMOF_GCMC,/home/rakeyma/Tüm_çalışmalar/MOF Radyoaktif Gaz Adsorpsiyonu/data/processed/cif/pretrain_000677.cif,ZnHC4O3,False,False,-0.2677312773291185,0.2068786041617683,0.2515640963015523,3.3991159257691533e+25,4.133320260715269e+25,3.442719217267522,1.8934955694971372,1.2159986158106626,54,4,8.777777777777779,0.688888888888889,0.6504229393248673,0.1111111111111111,KAYNAK_VERISI,/home/rakeyma/Tüm_çalışmalar/MOF Radyoaktif Gaz Adsorpsiyonu/data/processed/cif/pretrain_000677.cif,TAM
pretrain_000678,Ho(CO2)4,HF_COREMOF_GCMC,/home/rakeyma/Tüm_çalışmalar/MOF Radyoaktif Gaz Adsorpsiyonu/data/processed/cif/pretrain_000678.cif,Ho(CO2)4,False,False,-0.4785943460144064,0.149978361712225,0.2528167403047898,2.441413362038037e+25,4.115461463109865e+25,4.837021143375599,2.66036162885658,1.6856881047273249,52,3,11.923076923076923,0.7192307692307693,0.9079035680560402,0.0769230769230769,KAYNAK_VERISI,/home/rakeyma/Tüm_çalışmalar/MOF Radyoaktif Gaz Adsorpsiyonu/data/processed/cif/pretrain_000678.cif,TAM
pretrain_000679,Cd(CO2)4,HF_COREMOF_GCMC,/home/rakeyma/Tüm_çalışmalar/MOF Radyoaktif Gaz Adsorpsiyonu/data/processed/cif/pretrain_000679.cif,Cd(CO2)4,False,False,-0.2440178580712028,0.0704500841992481,0.1217583836549003,1.3898865619909783e+25,2.402131142569935e+25,3.029836813613426,1.6664102474873843,1.7282929472524298,52,3,10.461538461538462,0.703846153846154,0.7144695001654492,0.0769230769230769,KAYNAK_VERISI,/home/rakeyma/Tüm_çalışmalar/MOF Radyoaktif Gaz Adsorpsiyonu/data/processed/cif/pretrain_000679.cif,TAM
pretrain_000680,Ho(CO2)4,HF_COREMOF_GCMC,/home/rakeyma/Tüm_çalışmalar/MOF Radyoaktif Gaz Adsorpsiyonu/data/processed/cif/pretrain_000680.cif,Ho(CO2)4,False,False,-0.4785943460144064,0.149978361712225,0.2528167403047898,2.441413362038037e+25,4.115461463109865e+25,4.837021143375599,2.66036162885658,1.6856881047273249,52,3,11.923076923076923,0.7192307692307693,0.9079035680560402,0.0769230769230769,KAYNAK_VERISI,/home/rakeyma/Tüm_çalışmalar/MOF Radyoaktif Gaz Adsorpsiyonu/data/processed/cif/pretrain_000680.cif,TAM
pretrain_000681,LaC12(ClO)6,HF_COREMOF_GCMC,/home/rakeyma/Tüm_çalışmalar/MOF Radyoaktif Gaz Adsorpsiyonu/data/processed/cif/pretrain_000681.cif,LaC12(ClO)6,False,False,-0.5688211219557444,0.0278556086912823,0.05,5.564325439575443e+24,9.987800843348366e+24,1.9871936116040632,1.2,1.7949706486093728,50,4,11.16,0.7979999999999999,0.90361427058231,0.04,KAYNAK_VERISI,/home/rakeyma/Tüm_çalışmalar/MOF Radyoaktif Gaz Adsorpsiyonu/data/processed/cif/pretrain_000681.cif,TAM
pretrain_000682,ZnH3(CO2)3,HF_COREMOF_GCMC,/home/rakeyma/Tüm_çalışmalar/MOF Radyoaktif Gaz Adsorpsiyonu/data/processed/cif/pretrain_000682.cif,ZnH3(CO2)3,False,False,-0.2426909561838627,0.0521053986633498,0.079530739606193,1.3063331714848035e+25,1.993913221383093e+25,2.354517765567317,1.2949847710620246,1.5263435583716922,52,4,7.615384615384615,0.6000000000000001,0.6504229393248673,0.0769230769230769,KAYNAK_VERISI,/home/rakeyma/Tüm_çalışmalar/MOF Radyoaktif Gaz Adsorpsiyonu/data/processed/cif/pretrain_000682.cif,TAM
pretrain_000683,Ho(CO2)4,HF_COREMOF_GCMC,/home/rakeyma/Tüm_çalışmalar/MOF Radyoaktif Gaz Adsorpsiyonu/data/processed/cif/pretrain_000683.cif,Ho(CO2)4,False,False,-0.4785943460144064,0.149978361712225,0.2528167403047898,2.441413362038037e+25,4.115461463109865e+25,4.837021143375599,2.66036162885658,1.6856881047273249,52,3,11.923076923076923,0.7192307692307693,0.9079035680560402,0.0769230769230769,KAYNAK_VERISI,/home/rakeyma/Tüm_çalışmalar/MOF Radyoaktif Gaz Adsorpsiyonu/data/processed/cif/pretrain_000683.cif,TAM
pretrain_000684,LaC12(ClO)6,HF_COREMOF_GCMC,/home/rakeyma/Tüm_çalışmalar/MOF Radyoaktif Gaz Adsorpsiyonu/data/processed/cif/pretrain_000684.cif,LaC12(ClO)6,False,False,-0.5688211219557444,0.0278556086912823,0.05,5.564325439575443e+24,9.987800843348366e+24,1.9871936116040632,1.2,1.7949706486093728,50,4,11.16,0.7979999999999999,0.90361427058231,0.04,KAYNAK_VERISI,/home/rakeyma/Tüm_çalışmalar/MOF Radyoaktif Gaz Adsorpsiyonu/data/processed/cif/pretrain_000684.cif,TAM
pretrain_000685,Dy(CO2)4,HF_COREMOF_GCMC,/home/rakeyma/Tüm_çalışmalar/MOF Radyoaktif Gaz Adsorpsiyonu/data/processed/cif/pretrain_000685.cif,Dy(CO2)4,False,False,-0.4777229356252267,0.1514045235379283,0.2527514137916336,2.458304571951803e+25,4.103840107099593e+25,4.835893428731501,2.659741385802326,1.6693782185993722,52,3,11.846153846153848,0.7192307692307693,0.912225605623716,0.0769230769230769,KAYNAK_VERISI,/home/rakeyma/Tüm_çalışmalar/MOF Radyoaktif Gaz Adsorpsiyonu/data/processed/cif/pretrain_000685.cif,TAM
pretrain_000686,Ho(CO2)4,HF_COREMOF_GCMC,/home/rakeyma/Tüm_çalışmalar/MOF Radyoaktif Gaz Adsorpsiyonu/data/processed/cif/pretrain_000686.cif,Ho(CO2)4,False,False,-0.4785943460144064,0.149978361712225,0.2528167403047898,2.441413362038037e+25,4.115461463109865e+25,4.837021143375599,2.66036162885658,1.6856881047273249,52,3,11.923076923076923,0.7192307692307693,0.9079035680560402,0.0769230769230769,KAYNAK_VERISI,/home/rakeyma/Tüm_çalışmalar/MOF Radyoaktif Gaz Adsorpsiyonu/data/processed/cif/pretrain_000686.cif,TAM
pretrain_000687,CoH8C8N5O2,HF_COREMOF_GCMC,/home/rakeyma/Tüm_çalışmalar/MOF Radyoaktif Gaz Adsorpsiyonu/data/processed/cif/pretrain_000687.cif,CoH8C8N5O2,False,False,-0.1908556008032336,0.0357755324704323,0.05,1.2419835672151677e+25,1.7358002543241494e+25,1.5,1.2,1.3976032373892353,48,5,5.583333333333333,0.5583333333333332,0.5617259118110896,0.0416666666666666,KAYNAK_VERISI,/home/rakeyma/Tüm_çalışmalar/MOF Radyoaktif Gaz Adsorpsiyonu/data/processed/cif/pretrain_000687.cif,TAM
pretrain_000688,ErH4(CO2)4,HF_COREMOF_GCMC,/home/rakeyma/Tüm_çalışmalar/MOF Radyoaktif Gaz Adsorpsiyonu/data/processed/cif/pretrain_000688.cif,ErH4(CO2)4,False,False,-0.2729219457086594,0.0236006670386222,0.05,9.4800095235009e+24,2.008419827284324e+25,1.5,1.2,2.118584187395024,34,4,9.411764705882351,0.6088235294117648,0.7877935960643498,0.0588235294117647,KAYNAK_VERISI,/home/rakeyma/Tüm_çalışmalar/MOF Radyoaktif Gaz Adsorpsiyonu/data/processed/cif/pretrain_000688.cif,TAM
pretrain_000689,NiH9C11(NO)2,HF_COREMOF_GCMC,/home/rakeyma/Tüm_çalışmalar/MOF Radyoaktif Gaz Adsorpsiyonu/data/processed/cif/pretrain_000689.cif,NiH9C11(NO)2,False,False,-0.4316147466124268,0.1105082077847083,0.1143993698258944,2.8987157079593816e+25,3.000783895989144e+25,2.748793250824693,1.5118362879535816,1.035211520657062,50,5,5.32,0.552,0.5538736317970011,0.04,KAYNAK_VERISI,/home/rakeyma/Tüm_çalışmalar/MOF Radyoaktif Gaz Adsorpsiyonu/data/processed/cif/pretrain_000689.cif,TAM
pretrain_000690,CoHC4O3,HF_COREMOF_GCMC,/home/rakeyma/Tüm_çalışmalar/MOF Radyoaktif Gaz Adsorpsiyonu/data/processed/cif/pretrain_000690.cif,CoHC4O3,False,False,-0.3016874469803596,0.2027223446159727,0.2408156049896382,3.3889723538711354e+25,4.025789210541387e+25,3.325674945771934,1.829121220174564,1.1879085428191327,54,4,8.444444444444445,0.688888888888889,0.5829397481729994,0.1111111111111111,KAYNAK_VERISI,/home/rakeyma/Tüm_çalışmalar/MOF Radyoaktif Gaz Adsorpsiyonu/data/processed/cif/pretrain_000690.cif,TAM
pretrain_000691,CoHC4O3,HF_COREMOF_GCMC,/home/rakeyma/Tüm_çalışmalar/MOF Radyoaktif Gaz Adsorpsiyonu/data/processed/cif/pretrain_000691.cif,CoHC4O3,False,False,-0.3016874469803596,0.2027223446159727,0.2408156049896382,3.3889723538711354e+25,4.025789210541387e+25,3.325674945771934,1.829121220174564,1.1879085428191327,54,4,8.444444444444445,0.688888888888889,0.5829397481729994,0.1111111111111111,KAYNAK_VERISI,/home/rakeyma/Tüm_çalışmalar/MOF Radyoaktif Gaz Adsorpsiyonu/data/processed/cif/pretrain_000691.cif,TAM
pretrain_000692,CoHC4O3,HF_COREMOF_GCMC,/home/rakeyma/Tüm_çalışmalar/MOF Radyoaktif Gaz Adsorpsiyonu/data/processed/cif/pretrain_000692.cif,CoHC4O3,False,False,-0.3016874469803596,0.2027223446159727,0.2408156049896382,3.3889723538711354e+25,4.025789210541387e+25,3.325674945771934,1.829121220174564,1.1879085428191327,54,4,8.444444444444445,0.688888888888889,0.5829397481729994,0.1111111111111111,KAYNAK_VERISI,/home/rakeyma/Tüm_çalışmalar/MOF Radyoaktif Gaz Adsorpsiyonu/data/processed/cif/pretrain_000692.cif,TAM
pretrain_000693,MgPHCO6,HF_COREMOF_GCMC,/home/rakeyma/Tüm_çalışmalar/MOF Radyoaktif Gaz Adsorpsiyonu/data/processed/cif/pretrain_000693.cif,MgPHCO6,False,False,-0.3514950327118205,0.0918349361792421,0.1349985755511485,2.705562218012952e+25,3.977212384444526e+25,1.9888527039069892,1.2,1.4700132778190231,40,5,8.2,0.7050000000000001,0.6865974075103983,0.1,KAYNAK_VERISI,/home/rakeyma/Tüm_çalışmalar/MOF Radyoaktif Gaz Adsorpsiyonu/data/processed/cif/pretrain_000693.cif,TAM
pretrain_000694,CuHC4O3,HF_COREMOF_GCMC,/home/rakeyma/Tüm_çalışmalar/MOF Radyoaktif Gaz Adsorpsiyonu/data/processed/cif/pretrain_000694.cif,CuHC4O3,False,False,-0.205978546369902,0.143063613898343,0.189134943314022,2.5852239851953995e+25,3.417753673141659e+25,2.7268008935398664,1.4997404914469266,1.3220338712288924,54,4,8.666666666666666,0.688888888888889,0.577510822409416,0.1111111111111111,KAYNAK_VERISI,/home/rakeyma/Tüm_çalışmalar/MOF Radyoaktif Gaz Adsorpsiyonu/data/processed/cif/pretrain_000694.cif,TAM
pretrain_000695,EuHC6N2O5,HF_COREMOF_GCMC,/home/rakeyma/Tüm_çalışmalar/MOF Radyoaktif Gaz Adsorpsiyonu/data/processed/cif/pretrain_000695.cif,EuHC6N2O5,False,False,-0.272888177149816,0.0266630693681719,0.05,6.59103069616188e+24,1.235984988290522e+25,2.179271850871295,1.2,1.87525296917562,45,5,10.266666666666667,0.7066666666666668,0.768988946604566,0.0666666666666666,KAYNAK_VERISI,/home/rakeyma/Tüm_çalışmalar/MOF Radyoaktif Gaz Adsorpsiyonu/data/processed/cif/pretrain_000695.cif,TAM
pretrain_000696,Ho(CO2)4,HF_COREMOF_GCMC,/home/rakeyma/Tüm_çalışmalar/MOF Radyoaktif Gaz Adsorpsiyonu/data/processed/cif/pretrain_000696.cif,Ho(CO2)4,False,False,-0.4785943460144064,0.149978361712225,0.2528167403047898,2.441413362038037e+25,4.115461463109865e+25,4.837021143375599,2.66036162885658,1.6856881047273249,52,3,11.923076923076923,0.7192307692307693,0.9079035680560402,0.0769230769230769,KAYNAK_VERISI,/home/rakeyma/Tüm_çalışmalar/MOF Radyoaktif Gaz Adsorpsiyonu/data/processed/cif/pretrain_000696.cif,TAM
pretrain_000697,CuHC4O3,HF_COREMOF_GCMC,/home/rakeyma/Tüm_çalışmalar/MOF Radyoaktif Gaz Adsorpsiyonu/data/processed/cif/pretrain_000697.cif,CuHC4O3,False,False,-0.205978546369902,0.143063613898343,0.189134943314022,2.5852239851953995e+25,3.417753673141659e+25,2.7268008935398664,1.4997404914469266,1.3220338712288924,54,4,8.666666666666666,0.688888888888889,0.577510822409416,0.1111111111111111,KAYNAK_VERISI,/home/rakeyma/Tüm_çalışmalar/MOF Radyoaktif Gaz Adsorpsiyonu/data/processed/cif/pretrain_000697.cif,TAM
pretrain_000698,CoHC4O3,HF_COREMOF_GCMC,/home/rakeyma/Tüm_çalışmalar/MOF Radyoaktif Gaz Adsorpsiyonu/data/processed/cif/pretrain_000698.cif,CoHC4O3,False,False,-0.3016874469803596,0.2027223446159727,0.2408156049896382,3.3889723538711354e+25,4.025789210541387e+25,3.325674945771934,1.829121220174564,1.1879085428191327,54,4,8.444444444444445,0.688888888888889,0.5829397481729994,0.1111111111111111,KAYNAK_VERISI,/home/rakeyma/Tüm_çalışmalar/MOF Radyoaktif Gaz Adsorpsiyonu/data/processed/cif/pretrain_000698.cif,TAM
pretrain_000699,CoHC4O3,HF_COREMOF_GCMC,/home/rakeyma/Tüm_çalışmalar/MOF Radyoaktif Gaz Adsorpsiyonu/data/processed/cif/pretrain_000699.cif,CoHC4O3,False,False,-0.3016874469803596,0.2027223446159727,0.2408156049896382,3.3889723538711354e+25,4.025789210541387e+25,3.325674945771934,1.829121220174564,1.1879085428191327,54,4,8.444444444444445,0.688888888888889,0.5829397481729994,0.1111111111111111,KAYNAK_VERISI,/home/rakeyma/Tüm_çalışmalar/MOF Radyoaktif Gaz Adsorpsiyonu/data/processed/cif/pretrain_000699.cif,TAM
pretrain_000700,CuHC4O3,HF_COREMOF_GCMC,/home/rakeyma/Tüm_çalışmalar/MOF Radyoaktif Gaz Adsorpsiyonu/data/processed/cif/pretrain_000700.cif,CuHC4O3,False,False,-0.205978546369902,0.143063613898343,0.189134943314022,2.5852239851953995e+25,3.417753673141659e+25,2.7268008935398664,1.4997404914469266,1.3220338712288924,54,4,8.666666666666666,0.688888888888889,0.577510822409416,0.1111111111111111,KAYNAK_VERISI,/home/rakeyma/Tüm_çalışmalar/MOF Radyoaktif Gaz Adsorpsiyonu/data/processed/cif/pretrain_000700.cif,TAM
pretrain_000701,CuH2C8N4(OF)2,HF_COREMOF_GCMC,/home/rakeyma/Tüm_çalışmalar/MOF Radyoaktif Gaz Adsorpsiyonu/data/processed/cif/pretrain_000701.cif,CuH2C8N4(OF)2,False,False,-0.4599689216924911,0.0621677291567671,0.0835469979729396,1.912563937552424e+25,2.57028811541231e+25,2.076788150348894,1.2,1.3438965699110683,38,6,7.421052631578948,0.6447368421052632,0.7160171475289928,0.0526315789473684,KAYNAK_VERISI,/home/rakeyma/Tüm_çalışmalar/MOF Radyoaktif Gaz Adsorpsiyonu/data/processed/cif/pretrain_000701.cif,TAM
pretrain_000702,TbH8C8(NO3)2,HF_COREMOF_GCMC,/home/rakeyma/Tüm_çalışmalar/MOF Radyoaktif Gaz Adsorpsiyonu/data/processed/cif/pretrain_000702.cif,TbH8C8(NO3)2,False,False,-0.4850084406581334,0.0248116621265863,0.05,8.506364654357456e+24,1.714186782602257e+25,1.6927034589673409,1.2,2.015181399170503,50,5,7.32,0.5700000000000001,0.8027353237524806,0.04,KAYNAK_VERISI,/home/rakeyma/Tüm_çalışmalar/MOF Radyoaktif Gaz Adsorpsiyonu/data/processed/cif/pretrain_000702.cif,TAM
pretrain_000703,CoHC4O3,HF_COREMOF_GCMC,/home/rakeyma/Tüm_çalışmalar/MOF Radyoaktif Gaz Adsorpsiyonu/data/processed/cif/pretrain_000703.cif,CoHC4O3,False,False,-0.3016874469803596,0.2027223446159727,0.2408156049896382,3.3889723538711354e+25,4.025789210541387e+25,3.325674945771934,1.829121220174564,1.1879085428191327,54,4,8.444444444444445,0.688888888888889,0.5829397481729994,0.1111111111111111,KAYNAK_VERISI,/home/rakeyma/Tüm_çalışmalar/MOF Radyoaktif Gaz Adsorpsiyonu/data/processed/cif/pretrain_000703.cif,TAM
pretrain_000704,YH4(CO2)4,HF_COREMOF_GCMC,/home/rakeyma/Tüm_çalışmalar/MOF Radyoaktif Gaz Adsorpsiyonu/data/processed/cif/pretrain_000704.cif,YH4(CO2)4,False,False,-0.2927306989086387,0.0290600682297266,0.05,1.224155585179548e+25,2.1062503630451072e+25,1.5,1.2,1.7205740745251603,34,4,7.705882352941177,0.6117647058823531,0.7949017234853627,0.0588235294117647,KAYNAK_VERISI,/home/rakeyma/Tüm_çalışmalar/MOF Radyoaktif Gaz Adsorpsiyonu/data/processed/cif/pretrain_000704.cif,TAM
pretrain_000705,CuH8(C2N)4,HF_COREMOF_GCMC,/home/rakeyma/Tüm_çalışmalar/MOF Radyoaktif Gaz Adsorpsiyonu/data/processed/cif/pretrain_000705.cif,CuH8(C2N)4,False,False,-0.3610565226138778,0.0464199914450388,0.0538203939291945,3.168457201349375e+25,3.6735813475175e+25,1.593554615268837,1.2,1.159422745540954,21,4,5.380952380952381,0.55,0.4242861652234256,0.0476190476190476,KAYNAK_VERISI,/home/rakeyma/Tüm_çalışmalar/MOF Radyoaktif Gaz Adsorpsiyonu/data/processed/cif/pretrain_000705.cif,TAM
pretrain_000706,ZnHC4O3,HF_COREMOF_GCMC,/home/rakeyma/Tüm_çalışmalar/MOF Radyoaktif Gaz Adsorpsiyonu/data/processed/cif/pretrain_000706.cif,ZnHC4O3,False,False,-0.2677312773291185,0.2068786041617683,0.2515640963015523,3.3991159257691533e+25,4.133320260715269e+25,3.442719217267522,1.8934955694971372,1.2159986158106626,54,4,8.777777777777779,0.688888888888889,0.6504229393248673,0.1111111111111111,KAYNAK_VERISI,/home/rakeyma/Tüm_çalışmalar/MOF Radyoaktif Gaz Adsorpsiyonu/data/processed/cif/pretrain_000706.cif,TAM
pretrain_000707,SmH9(C2O)6,HF_COREMOF_GCMC,/home/rakeyma/Tüm_çalışmalar/MOF Radyoaktif Gaz Adsorpsiyonu/data/processed/cif/pretrain_000707.cif,SmH9(C2O)6,False,False,-0.5533311169052184,0.0331136208540026,0.05,8.2408418593811e+24,1.244328111340469e+25,1.8852289118300725,1.2,1.5099526632997664,56,4,6.821428571428571,0.5750000000000001,0.8128037893612454,0.0357142857142857,KAYNAK_VERISI,/home/rakeyma/Tüm_çalışmalar/MOF Radyoaktif Gaz Adsorpsiyonu/data/processed/cif/pretrain_000707.cif,TAM
pretrain_000708,EuHC6N2O5,HF_COREMOF_GCMC,/home/rakeyma/Tüm_çalışmalar/MOF Radyoaktif Gaz Adsorpsiyonu/data/processed/cif/pretrain_000708.cif,EuHC6N2O5,False,False,-0.272888177149816,0.0266630693681719,0.05,6.59103069616188e+24,1.235984988290522e+25,2.179271850871295,1.2,1.87525296917562,45,5,10.266666666666667,0.7066666666666668,0.768988946604566,0.0666666666666666,KAYNAK_VERISI,/home/rakeyma/Tüm_çalışmalar/MOF Radyoaktif Gaz Adsorpsiyonu/data/processed/cif/pretrain_000708.cif,TAM
pretrain_000709,MgPHCO6,HF_COREMOF_GCMC,/home/rakeyma/Tüm_çalışmalar/MOF Radyoaktif Gaz Adsorpsiyonu/data/processed/cif/pretrain_000709.cif,MgPHCO6,False,False,-0.3514950327118205,0.0918349361792421,0.1349985755511485,2.705562218012952e+25,3.977212384444526e+25,1.9888527039069892,1.2,1.4700132778190231,40,5,8.2,0.7050000000000001,0.6865974075103983,0.1,KAYNAK_VERISI,/home/rakeyma/Tüm_çalışmalar/MOF Radyoaktif Gaz Adsorpsiyonu/data/processed/cif/pretrain_000709.cif,TAM
pretrain_000710,ZnHC4O3,HF_COREMOF_GCMC,/home/rakeyma/Tüm_çalışmalar/MOF Radyoaktif Gaz Adsorpsiyonu/data/processed/cif/pretrain_000710.cif,ZnHC4O3,False,False,-0.2677312773291185,0.2068786041617683,0.2515640963015523,3.3991159257691533e+25,4.133320260715269e+25,3.442719217267522,1.8934955694971372,1.2159986158106626,54,4,8.777777777777779,0.688888888888889,0.6504229393248673,0.1111111111111111,KAYNAK_VERISI,/home/rakeyma/Tüm_çalışmalar/MOF Radyoaktif Gaz Adsorpsiyonu/data/processed/cif/pretrain_000710.cif,TAM
pretrain_000711,ZnHC4O3,HF_COREMOF_GCMC,/home/rakeyma/Tüm_çalışmalar/MOF Radyoaktif Gaz Adsorpsiyonu/data/processed/cif/pretrain_000711.cif,ZnHC4O3,False,False,-0.2677312773291185,0.2068786041617683,0.2515640963015523,3.3991159257691533e+25,4.133320260715269e+25,3.442719217267522,1.8934955694971372,1.2159986158106626,54,4,8.777777777777779,0.688888888888889,0.6504229393248673,0.1111111111111111,KAYNAK_VERISI,/home/rakeyma/Tüm_çalışmalar/MOF Radyoaktif Gaz Adsorpsiyonu/data/processed/cif/pretrain_000711.cif,TAM
pretrain_000712,Cd(CO2)4,HF_COREMOF_GCMC,/home/rakeyma/Tüm_çalışmalar/MOF Radyoaktif Gaz Adsorpsiyonu/data/processed/cif/pretrain_000712.cif,Cd(CO2)4,False,False,-0.2440178580712028,0.0704500841992481,0.1217583836549003,1.3898865619909783e+25,2.402131142569935e+25,3.029836813613426,1.6664102474873843,1.7282929472524298,52,3,10.461538461538462,0.703846153846154,0.7144695001654492,0.0769230769230769,KAYNAK_VERISI,/home/rakeyma/Tüm_çalışmalar/MOF Radyoaktif Gaz Adsorpsiyonu/data/processed/cif/pretrain_000712.cif,TAM
pretrain_000713,CuH8(C2N)4,HF_COREMOF_GCMC,/home/rakeyma/Tüm_çalışmalar/MOF Radyoaktif Gaz Adsorpsiyonu/data/processed/cif/pretrain_000713.cif,CuH8(C2N)4,False,False,-0.3595788678012127,0.055565211083506,0.0637476421433295,3.752883638938055e+25,4.305526399621553e+25,1.7305181678393635,1.2,1.1472581656807983,21,4,5.380952380952381,0.55,0.4242861652234256,0.0476190476190476,KAYNAK_VERISI,/home/rakeyma/Tüm_çalışmalar/MOF Radyoaktif Gaz Adsorpsiyonu/data/processed/cif/pretrain_000713.cif,TAM
pretrain_000714,YH4(CO2)4,HF_COREMOF_GCMC,/home/rakeyma/Tüm_çalışmalar/MOF Radyoaktif Gaz Adsorpsiyonu/data/processed/cif/pretrain_000714.cif,YH4(CO2)4,False,False,-0.2927306989086387,0.0290600682297266,0.05,1.224155585179548e+25,2.1062503630451072e+25,1.5,1.2,1.7205740745251603,34,4,7.705882352941177,0.6117647058823531,0.7949017234853627,0.0588235294117647,KAYNAK_VERISI,/home/rakeyma/Tüm_çalışmalar/MOF Radyoaktif Gaz Adsorpsiyonu/data/processed/cif/pretrain_000714.cif,TAM
pretrain_000715,AgH6(C2N)4,HF_COREMOF_GCMC,/home/rakeyma/Tüm_çalışmalar/MOF Radyoaktif Gaz Adsorpsiyonu/data/processed/cif/pretrain_000715.cif,AgH6(C2N)4,False,False,-0.2932015420241488,0.0346657258475663,0.05,1.2377182033703485e+25,1.7852189347093117e+25,2.0122375729520607,1.2,1.4423468361765224,38,4,6.789473684210527,0.5947368421052629,0.4151505750929414,0.0526315789473684,KAYNAK_VERISI,/home/rakeyma/Tüm_çalışmalar/MOF Radyoaktif Gaz Adsorpsiyonu/data/processed/cif/pretrain_000715.cif,TAM
pretrain_000716,CoHC4O3,HF_COREMOF_GCMC,/home/rakeyma/Tüm_çalışmalar/MOF Radyoaktif Gaz Adsorpsiyonu/data/processed/cif/pretrain_000716.cif,CoHC4O3,False,False,-0.3016874469803596,0.2027223446159727,0.2408156049896382,3.3889723538711354e+25,4.025789210541387e+25,3.325674945771934,1.829121220174564,1.1879085428191327,54,4,8.444444444444445,0.688888888888889,0.5829397481729994,0.1111111111111111,KAYNAK_VERISI,/home/rakeyma/Tüm_çalışmalar/MOF Radyoaktif Gaz Adsorpsiyonu/data/processed/cif/pretrain_000716.cif,TAM
pretrain_000717,CuHC4O3,HF_COREMOF_GCMC,/home/rakeyma/Tüm_çalışmalar/MOF Radyoaktif Gaz Adsorpsiyonu/data/processed/cif/pretrain_000717.cif,CuHC4O3,False,False,-0.205978546369902,0.143063613898343,0.189134943314022,2.5852239851953995e+25,3.417753673141659e+25,2.7268008935398664,1.4997404914469266,1.3220338712288924,54,4,8.666666666666666,0.688888888888889,0.577510822409416,0.1111111111111111,KAYNAK_VERISI,/home/rakeyma/Tüm_çalışmalar/MOF Radyoaktif Gaz Adsorpsiyonu/data/processed/cif/pretrain_000717.cif,TAM
pretrain_000718,SrU2P2H4(C3O4)2,HF_COREMOF_GCMC,/home/rakeyma/Tüm_çalışmalar/MOF Radyoaktif Gaz Adsorpsiyonu/data/processed/cif/pretrain_000718.cif,SrU2P2H4(C3O4)2,False,False,-0.5660985795729906,0.0161233082656799,0.05,3.968439746241035e+24,1.2306530647585094e+25,1.5918567931821002,1.2,3.10110054190492,46,6,15.478260869565217,0.7608695652173915,0.8015696406981049,0.1304347826086956,KAYNAK_VERISI,/home/rakeyma/Tüm_çalışmalar/MOF Radyoaktif Gaz Adsorpsiyonu/data/processed/cif/pretrain_000718.cif,TAM
pretrain_000719,CoHC4O3,HF_COREMOF_GCMC,/home/rakeyma/Tüm_çalışmalar/MOF Radyoaktif Gaz Adsorpsiyonu/data/processed/cif/pretrain_000719.cif,CoHC4O3,False,False,-0.3016874469803596,0.2027223446159727,0.2408156049896382,3.3889723538711354e+25,4.025789210541387e+25,3.325674945771934,1.829121220174564,1.1879085428191327,54,4,8.444444444444445,0.688888888888889,0.5829397481729994,0.1111111111111111,KAYNAK_VERISI,/home/rakeyma/Tüm_çalışmalar/MOF Radyoaktif Gaz Adsorpsiyonu/data/processed/cif/pretrain_000719.cif,TAM
pretrain_000720,AlH5C8O5,HF_COREMOF_GCMC,/home/rakeyma/Tüm_çalışmalar/MOF Radyoaktif Gaz Adsorpsiyonu/data/processed/cif/pretrain_000720.cif,AlH5C8O5,False,False,-0.2158044738518941,0.2014257230743021,0.192406380937295,6.088620349570138e+25,5.815987096791099e+25,2.9266162052360323,1.609638912879818,0.955222490954246,38,4,5.578947368421052,0.5842105263157897,0.6629856710367125,0.0526315789473684,KAYNAK_VERISI,/home/rakeyma/Tüm_çalışmalar/MOF Radyoaktif Gaz Adsorpsiyonu/data/processed/cif/pretrain_000720.cif,TAM
pretrain_000721,SrU2P2H4(C3O4)2,HF_COREMOF_GCMC,/home/rakeyma/Tüm_çalışmalar/MOF Radyoaktif Gaz Adsorpsiyonu/data/processed/cif/pretrain_000721.cif,SrU2P2H4(C3O4)2,False,False,-0.5660985795729906,0.0161233082656799,0.05,3.968439746241035e+24,1.2306530647585094e+25,1.5918567931821002,1.2,3.10110054190492,46,6,15.478260869565217,0.7608695652173915,0.8015696406981049,0.1304347826086956,KAYNAK_VERISI,/home/rakeyma/Tüm_çalışmalar/MOF Radyoaktif Gaz Adsorpsiyonu/data/processed/cif/pretrain_000721.cif,TAM
pretrain_000722,Ho(CO2)4,HF_COREMOF_GCMC,/home/rakeyma/Tüm_çalışmalar/MOF Radyoaktif Gaz Adsorpsiyonu/data/processed/cif/pretrain_000722.cif,Ho(CO2)4,False,False,-0.4785943460144064,0.149978361712225,0.2528167403047898,2.441413362038037e+25,4.115461463109865e+25,4.837021143375599,2.66036162885658,1.6856881047273249,52,3,11.923076923076923,0.7192307692307693,0.9079035680560402,0.0769230769230769,KAYNAK_VERISI,/home/rakeyma/Tüm_çalışmalar/MOF Radyoaktif Gaz Adsorpsiyonu/data/processed/cif/pretrain_000722.cif,TAM
pretrain_000723,SrU2P2H4(C3O4)2,HF_COREMOF_GCMC,/home/rakeyma/Tüm_çalışmalar/MOF Radyoaktif Gaz Adsorpsiyonu/data/processed/cif/pretrain_000723.cif,SrU2P2H4(C3O4)2,False,False,-0.5660985795729906,0.0161233082656799,0.05,3.968439746241035e+24,1.2306530647585094e+25,1.5918567931821002,1.2,3.10110054190492,46,6,15.478260869565217,0.7608695652173915,0.8015696406981049,0.1304347826086956,KAYNAK_VERISI,/home/rakeyma/Tüm_çalışmalar/MOF Radyoaktif Gaz Adsorpsiyonu/data/processed/cif/pretrain_000723.cif,TAM
pretrain_000724,YH4(CO2)4,HF_COREMOF_GCMC,/home/rakeyma/Tüm_çalışmalar/MOF Radyoaktif Gaz Adsorpsiyonu/data/processed/cif/pretrain_000724.cif,YH4(CO2)4,False,False,-0.2927306989086387,0.0290600682297266,0.05,1.224155585179548e+25,2.1062503630451072e+25,1.5,1.2,1.7205740745251603,34,4,7.705882352941177,0.6117647058823531,0.7949017234853627,0.0588235294117647,KAYNAK_VERISI,/home/rakeyma/Tüm_çalışmalar/MOF Radyoaktif Gaz Adsorpsiyonu/data/processed/cif/pretrain_000724.cif,TAM
pretrain_000725,CoHC4O3,HF_COREMOF_GCMC,/home/rakeyma/Tüm_çalışmalar/MOF Radyoaktif Gaz Adsorpsiyonu/data/processed/cif/pretrain_000725.cif,CoHC4O3,False,False,-0.3016874469803596,0.2027223446159727,0.2408156049896382,3.3889723538711354e+25,4.025789210541387e+25,3.325674945771934,1.829121220174564,1.1879085428191327,54,4,8.444444444444445,0.688888888888889,0.5829397481729994,0.1111111111111111,KAYNAK_VERISI,/home/rakeyma/Tüm_çalışmalar/MOF Radyoaktif Gaz Adsorpsiyonu/data/processed/cif/pretrain_000725.cif,TAM
pretrain_000726,ZnH3(CO2)3,HF_COREMOF_GCMC,/home/rakeyma/Tüm_çalışmalar/MOF Radyoaktif Gaz Adsorpsiyonu/data/processed/cif/pretrain_000726.cif,ZnH3(CO2)3,False,False,-0.2426909561838627,0.0521053986633498,0.079530739606193,1.3063331714848035e+25,1.993913221383093e+25,2.354517765567317,1.2949847710620246,1.5263435583716922,52,4,7.615384615384615,0.6000000000000001,0.6504229393248673,0.0769230769230769,KAYNAK_VERISI,/home/rakeyma/Tüm_çalışmalar/MOF Radyoaktif Gaz Adsorpsiyonu/data/processed/cif/pretrain_000726.cif,TAM
pretrain_000727,YH4(CO2)4,HF_COREMOF_GCMC,/home/rakeyma/Tüm_çalışmalar/MOF Radyoaktif Gaz Adsorpsiyonu/data/processed/cif/pretrain_000727.cif,YH4(CO2)4,False,False,-0.2927306989086387,0.0290600682297266,0.05,1.224155585179548e+25,2.1062503630451072e+25,1.5,1.2,1.7205740745251603,34,4,7.705882352941177,0.6117647058823531,0.7949017234853627,0.0588235294117647,KAYNAK_VERISI,/home/rakeyma/Tüm_çalışmalar/MOF Radyoaktif Gaz Adsorpsiyonu/data/processed/cif/pretrain_000727.cif,TAM
pretrain_000728,Co2H4C9N4O5,HF_COREMOF_GCMC,/home/rakeyma/Tüm_çalışmalar/MOF Radyoaktif Gaz Adsorpsiyonu/data/processed/cif/pretrain_000728.cif,Co2H4C9N4O5,False,False,-0.3446819983873141,0.0335440489658345,0.05,8.995944744792802e+24,1.3409151581485269e+25,1.5044265352618584,1.2,1.490577361454671,48,5,7.5,0.65,0.5617259118110896,0.0833333333333333,KAYNAK_VERISI,/home/rakeyma/Tüm_çalışmalar/MOF Radyoaktif Gaz Adsorpsiyonu/data/processed/cif/pretrain_000728.cif,TAM
pretrain_000729,CeH12(C3O2)3,HF_COREMOF_GCMC,/home/rakeyma/Tüm_çalışmalar/MOF Radyoaktif Gaz Adsorpsiyonu/data/processed/cif/pretrain_000729.cif,CeH12(C3O2)3,False,False,-0.5960670225195627,0.0992061236196667,0.1280335695716948,2.366370242548027e+25,3.0539932216603537e+25,3.107289672963663,1.709009320130015,1.2905813159532964,56,4,6.142857142857143,0.5267857142857143,0.8308843180611847,0.0357142857142857,KAYNAK_VERISI,/home/rakeyma/Tüm_çalışmalar/MOF Radyoaktif Gaz Adsorpsiyonu/data/processed/cif/pretrain_000729.cif,TAM
pretrain_000730,CuHC4O3,HF_COREMOF_GCMC,/home/rakeyma/Tüm_çalışmalar/MOF Radyoaktif Gaz Adsorpsiyonu/data/processed/cif/pretrain_000730.cif,CuHC4O3,False,False,-0.205978546369902,0.143063613898343,0.189134943314022,2.5852239851953995e+25,3.417753673141659e+25,2.7268008935398664,1.4997404914469266,1.3220338712288924,54,4,8.666666666666666,0.688888888888889,0.577510822409416,0.1111111111111111,KAYNAK_VERISI,/home/rakeyma/Tüm_çalışmalar/MOF Radyoaktif Gaz Adsorpsiyonu/data/processed/cif/pretrain_000730.cif,TAM
pretrain_000731,GdH6(C2O3)3,HF_COREMOF_GCMC,/home/rakeyma/Tüm_çalışmalar/MOF Radyoaktif Gaz Adsorpsiyonu/data/processed/cif/pretrain_000731.cif,GdH6(C2O3)3,False,False,-0.3993625648712235,0.0225905904224295,0.05,8.679646910925667e+24,1.921075710864971e+25,1.5,1.2,2.2133108991412787,44,4,8.090909090909092,0.5863636363636364,0.8020403668145388,0.0454545454545454,KAYNAK_VERISI,/home/rakeyma/Tüm_çalışmalar/MOF Radyoaktif Gaz Adsorpsiyonu/data/processed/cif/pretrain_000731.cif,TAM
pretrain_000732,EuHC6N2O5,HF_COREMOF_GCMC,/home/rakeyma/Tüm_çalışmalar/MOF Radyoaktif Gaz Adsorpsiyonu/data/processed/cif/pretrain_000732.cif,EuHC6N2O5,False,False,-0.272888177149816,0.0266630693681719,0.05,6.59103069616188e+24,1.235984988290522e+25,2.179271850871295,1.2,1.87525296917562,45,5,10.266666666666667,0.7066666666666668,0.768988946604566,0.0666666666666666,KAYNAK_VERISI,/home/rakeyma/Tüm_çalışmalar/MOF Radyoaktif Gaz Adsorpsiyonu/data/processed/cif/pretrain_000732.cif,TAM
pretrain_000733,PrC15NO6,HF_COREMOF_GCMC,/home/rakeyma/Tüm_çalışmalar/MOF Radyoaktif Gaz Adsorpsiyonu/data/processed/cif/pretrain_000733.cif,PrC15NO6,False,False,-0.4550266369819142,0.0339311027795692,0.05,7.638365937384501e+24,1.125569950821604e+25,2.1533334623322977,1.2,1.4735742697436376,46,4,8.869565217391305,0.7217391304347828,0.872954752550211,0.0434782608695652,KAYNAK_VERISI,/home/rakeyma/Tüm_çalışmalar/MOF Radyoaktif Gaz Adsorpsiyonu/data/processed/cif/pretrain_000733.cif,TAM
pretrain_000734,GdH6(C2O3)3,HF_COREMOF_GCMC,/home/rakeyma/Tüm_çalışmalar/MOF Radyoaktif Gaz Adsorpsiyonu/data/processed/cif/pretrain_000734.cif,GdH6(C2O3)3,False,False,-0.3993625648712235,0.0225905904224295,0.05,8.679646910925667e+24,1.921075710864971e+25,1.5,1.2,2.2133108991412787,44,4,8.090909090909092,0.5863636363636364,0.8020403668145388,0.0454545454545454,KAYNAK_VERISI,/home/rakeyma/Tüm_çalışmalar/MOF Radyoaktif Gaz Adsorpsiyonu/data/processed/cif/pretrain_000734.cif,TAM
pretrain_000735,CrH5C8O5,HF_COREMOF_GCMC,/home/rakeyma/Tüm_çalışmalar/MOF Radyoaktif Gaz Adsorpsiyonu/data/processed/cif/pretrain_000735.cif,CrH5C8O5,False,False,-0.2000699794786754,0.1778915238091704,0.1853408484497416,5.2356922155067925e+25,5.454940272953646e+25,2.9326498508797854,1.612957417983882,1.0418756581598696,38,4,6.157894736842105,0.5921052631578949,0.647316576336494,0.0526315789473684,KAYNAK_VERISI,/home/rakeyma/Tüm_çalışmalar/MOF Radyoaktif Gaz Adsorpsiyonu/data/processed/cif/pretrain_000735.cif,TAM
pretrain_000736,CuP2H10(C4O3)2,HF_COREMOF_GCMC,/home/rakeyma/Tüm_çalışmalar/MOF Radyoaktif Gaz Adsorpsiyonu/data/processed/cif/pretrain_000736.cif,CuP2H10(C4O3)2,False,False,-0.3786471969176556,0.0300134730260974,0.05,1.0049230795584685e+25,1.674119950537985e+25,1.570614147395852,1.2,1.665918501218562,54,5,6.111111111111111,0.5574074074074076,0.5333891637444466,0.037037037037037,KAYNAK_VERISI,/home/rakeyma/Tüm_çalışmalar/MOF Radyoaktif Gaz Adsorpsiyonu/data/processed/cif/pretrain_000736.cif,TAM
pretrain_000737,EuHC6N2O5,HF_COREMOF_GCMC,/home/rakeyma/Tüm_çalışmalar/MOF Radyoaktif Gaz Adsorpsiyonu/data/processed/cif/pretrain_000737.cif,EuHC6N2O5,False,False,-0.272888177149816,0.0266630693681719,0.05,6.59103069616188e+24,1.235984988290522e+25,2.179271850871295,1.2,1.87525296917562,45,5,10.266666666666667,0.7066666666666668,0.768988946604566,0.0666666666666666,KAYNAK_VERISI,/home/rakeyma/Tüm_çalışmalar/MOF Radyoaktif Gaz Adsorpsiyonu/data/processed/cif/pretrain_000737.cif,TAM
pretrain_000738,CoHC4O3,HF_COREMOF_GCMC,/home/rakeyma/Tüm_çalışmalar/MOF Radyoaktif Gaz Adsorpsiyonu/data/processed/cif/pretrain_000738.cif,CoHC4O3,False,False,-0.3016874469803596,0.2027223446159727,0.2408156049896382,3.3889723538711354e+25,4.025789210541387e+25,3.325674945771934,1.829121220174564,1.1879085428191327,54,4,8.444444444444445,0.688888888888889,0.5829397481729994,0.1111111111111111,KAYNAK_VERISI,/home/rakeyma/Tüm_çalışmalar/MOF Radyoaktif Gaz Adsorpsiyonu/data/processed/cif/pretrain_000738.cif,TAM
pretrain_000739,CuHC4O3,HF_COREMOF_GCMC,/home/rakeyma/Tüm_çalışmalar/MOF Radyoaktif Gaz Adsorpsiyonu/data/processed/cif/pretrain_000739.cif,CuHC4O3,False,False,-0.205978546369902,0.143063613898343,0.189134943314022,2.5852239851953995e+25,3.417753673141659e+25,2.7268008935398664,1.4997404914469266,1.3220338712288924,54,4,8.666666666666666,0.688888888888889,0.577510822409416,0.1111111111111111,KAYNAK_VERISI,/home/rakeyma/Tüm_çalışmalar/MOF Radyoaktif Gaz Adsorpsiyonu/data/processed/cif/pretrain_000739.cif,TAM
pretrain_000740,LaC12(ClO)6,HF_COREMOF_GCMC,/home/rakeyma/Tüm_çalışmalar/MOF Radyoaktif Gaz Adsorpsiyonu/data/processed/cif/pretrain_000740.cif,LaC12(ClO)6,False,False,-0.5688211219557444,0.0278556086912823,0.05,5.564325439575443e+24,9.987800843348366e+24,1.9871936116040632,1.2,1.7949706486093728,50,4,11.16,0.7979999999999999,0.90361427058231,0.04,KAYNAK_VERISI,/home/rakeyma/Tüm_çalışmalar/MOF Radyoaktif Gaz Adsorpsiyonu/data/processed/cif/pretrain_000740.cif,TAM
pretrain_000741,PrC15NO6,HF_COREMOF_GCMC,/home/rakeyma/Tüm_çalışmalar/MOF Radyoaktif Gaz Adsorpsiyonu/data/processed/cif/pretrain_000741.cif,PrC15NO6,False,False,-0.4550266369819142,0.0339311027795692,0.05,7.638365937384501e+24,1.125569950821604e+25,2.1533334623322977,1.2,1.4735742697436376,46,4,8.869565217391305,0.7217391304347828,0.872954752550211,0.0434782608695652,KAYNAK_VERISI,/home/rakeyma/Tüm_çalışmalar/MOF Radyoaktif Gaz Adsorpsiyonu/data/processed/cif/pretrain_000741.cif,TAM
pretrain_000742,Yb(CO2)4,HF_COREMOF_GCMC,/home/rakeyma/Tüm_çalışmalar/MOF Radyoaktif Gaz Adsorpsiyonu/data/processed/cif/pretrain_000742.cif,Yb(CO2)4,False,False,-0.2276657727356584,0.1093310706107314,0.2033019371630615,3.835293045214321e+25,7.1317558798656345e+25,3.805963847844579,2.093280116314519,1.859507421151205,26,3,12.153846153846152,0.7192307692307693,0.964376597715966,0.0769230769230769,KAYNAK_VERISI,/home/rakeyma/Tüm_çalışmalar/MOF Radyoaktif Gaz Adsorpsiyonu/data/processed/cif/pretrain_000742.cif,TAM
pretrain_000743,Ho(CO2)4,HF_COREMOF_GCMC,/home/rakeyma/Tüm_çalışmalar/MOF Radyoaktif Gaz Adsorpsiyonu/data/processed/cif/pretrain_000743.cif,Ho(CO2)4,False,False,-0.4785943460144064,0.149978361712225,0.2528167403047898,2.441413362038037e+25,4.115461463109865e+25,4.837021143375599,2.66036162885658,1.6856881047273249,52,3,11.923076923076923,0.7192307692307693,0.9079035680560402,0.0769230769230769,KAYNAK_VERISI,/home/rakeyma/Tüm_çalışmalar/MOF Radyoaktif Gaz Adsorpsiyonu/data/processed/cif/pretrain_000743.cif,TAM
pretrain_000744,MgPHCO6,HF_COREMOF_GCMC,/home/rakeyma/Tüm_çalışmalar/MOF Radyoaktif Gaz Adsorpsiyonu/data/processed/cif/pretrain_000744.cif,MgPHCO6,False,False,-0.3514950327118205,0.0918349361792421,0.1349985755511485,2.705562218012952e+25,3.977212384444526e+25,1.9888527039069892,1.2,1.4700132778190231,40,5,8.2,0.7050000000000001,0.6865974075103983,0.1,KAYNAK_VERISI,/home/rakeyma/Tüm_çalışmalar/MOF Radyoaktif Gaz Adsorpsiyonu/data/processed/cif/pretrain_000744.cif,TAM
pretrain_000745,CoHC4O3,HF_COREMOF_GCMC,/home/rakeyma/Tüm_çalışmalar/MOF Radyoaktif Gaz Adsorpsiyonu/data/processed/cif/pretrain_000745.cif,CoHC4O3,False,False,-0.3016874469803596,0.2027223446159727,0.2408156049896382,3.3889723538711354e+25,4.025789210541387e+25,3.325674945771934,1.829121220174564,1.1879085428191327,54,4,8.444444444444445,0.688888888888889,0.5829397481729994,0.1111111111111111,KAYNAK_VERISI,/home/rakeyma/Tüm_çalışmalar/MOF Radyoaktif Gaz Adsorpsiyonu/data/processed/cif/pretrain_000745.cif,TAM
pretrain_000746,Ho(CO2)4,HF_COREMOF_GCMC,/home/rakeyma/Tüm_çalışmalar/MOF Radyoaktif Gaz Adsorpsiyonu/data/processed/cif/pretrain_000746.cif,Ho(CO2)4,False,False,-0.4785943460144064,0.149978361712225,0.2528167403047898,2.441413362038037e+25,4.115461463109865e+25,4.837021143375599,2.66036162885658,1.6856881047273249,52,3,11.923076923076923,0.7192307692307693,0.9079035680560402,0.0769230769230769,KAYNAK_VERISI,/home/rakeyma/Tüm_çalışmalar/MOF Radyoaktif Gaz Adsorpsiyonu/data/processed/cif/pretrain_000746.cif,TAM
pretrain_000747,CoHC4O3,HF_COREMOF_GCMC,/home/rakeyma/Tüm_çalışmalar/MOF Radyoaktif Gaz Adsorpsiyonu/data/processed/cif/pretrain_000747.cif,CoHC4O3,False,False,-0.3016874469803596,0.2027223446159727,0.2408156049896382,3.3889723538711354e+25,4.025789210541387e+25,3.325674945771934,1.829121220174564,1.1879085428191327,54,4,8.444444444444445,0.688888888888889,0.5829397481729994,0.1111111111111111,KAYNAK_VERISI,/home/rakeyma/Tüm_çalışmalar/MOF Radyoaktif Gaz Adsorpsiyonu/data/processed/cif/pretrain_000747.cif,TAM
pretrain_000748,CoPC3NO3,HF_COREMOF_GCMC,/home/rakeyma/Tüm_çalışmalar/MOF Radyoaktif Gaz Adsorpsiyonu/data/processed/cif/pretrain_000748.cif,CoPC3NO3,False,False,-0.339007787587708,0.1898965143943221,0.2483097013590397,2.900170840812462e+25,3.792278956089516e+25,3.13185845514548,1.722522150330014,1.3076053668021623,54,5,10.11111111111111,0.7666666666666667,0.5632406235349152,0.1111111111111111,KAYNAK_VERISI,/home/rakeyma/Tüm_çalışmalar/MOF Radyoaktif Gaz Adsorpsiyonu/data/processed/cif/pretrain_000748.cif,TAM
pretrain_000749,CuHC4O3,HF_COREMOF_GCMC,/home/rakeyma/Tüm_çalışmalar/MOF Radyoaktif Gaz Adsorpsiyonu/data/processed/cif/pretrain_000749.cif,CuHC4O3,False,False,-0.205978546369902,0.143063613898343,0.189134943314022,2.5852239851953995e+25,3.417753673141659e+25,2.7268008935398664,1.4997404914469266,1.3220338712288924,54,4,8.666666666666666,0.688888888888889,0.577510822409416,0.1111111111111111,KAYNAK_VERISI,/home/rakeyma/Tüm_çalışmalar/MOF Radyoaktif Gaz Adsorpsiyonu/data/processed/cif/pretrain_000749.cif,TAM
pretrain_000750,ZnHC4O3,HF_COREMOF_GCMC,/home/rakeyma/Tüm_çalışmalar/MOF Radyoaktif Gaz Adsorpsiyonu/data/processed/cif/pretrain_000750.cif,ZnHC4O3,False,False,-0.2677312773291185,0.2068786041617683,0.2515640963015523,3.3991159257691533e+25,4.133320260715269e+25,3.442719217267522,1.8934955694971372,1.2159986158106626,54,4,8.777777777777779,0.688888888888889,0.6504229393248673,0.1111111111111111,KAYNAK_VERISI,/home/rakeyma/Tüm_çalışmalar/MOF Radyoaktif Gaz Adsorpsiyonu/data/processed/cif/pretrain_000750.cif,TAM
pretrain_000751,YH4(CO2)4,HF_COREMOF_GCMC,/home/rakeyma/Tüm_çalışmalar/MOF Radyoaktif Gaz Adsorpsiyonu/data/processed/cif/pretrain_000751.cif,YH4(CO2)4,False,False,-0.2927306989086387,0.0290600682297266,0.05,1.224155585179548e+25,2.1062503630451072e+25,1.5,1.2,1.7205740745251603,34,4,7.705882352941177,0.6117647058823531,0.7949017234853627,0.0588235294117647,KAYNAK_VERISI,/home/rakeyma/Tüm_çalışmalar/MOF Radyoaktif Gaz Adsorpsiyonu/data/processed/cif/pretrain_000751.cif,TAM
pretrain_000752,GdH6(C2O3)3,HF_COREMOF_GCMC,/home/rakeyma/Tüm_çalışmalar/MOF Radyoaktif Gaz Adsorpsiyonu/data/processed/cif/pretrain_000752.cif,GdH6(C2O3)3,False,False,-0.3993625648712235,0.0225905904224295,0.05,8.679646910925667e+24,1.921075710864971e+25,1.5,1.2,2.2133108991412787,44,4,8.090909090909092,0.5863636363636364,0.8020403668145388,0.0454545454545454,KAYNAK_VERISI,/home/rakeyma/Tüm_çalışmalar/MOF Radyoaktif Gaz Adsorpsiyonu/data/processed/cif/pretrain_000752.cif,TAM
pretrain_000753,CoHC4O3,HF_COREMOF_GCMC,/home/rakeyma/Tüm_çalışmalar/MOF Radyoaktif Gaz Adsorpsiyonu/data/processed/cif/pretrain_000753.cif,CoHC4O3,False,False,-0.3016874469803596,0.2027223446159727,0.2408156049896382,3.3889723538711354e+25,4.025789210541387e+25,3.325674945771934,1.829121220174564,1.1879085428191327,54,4,8.444444444444445,0.688888888888889,0.5829397481729994,0.1111111111111111,KAYNAK_VERISI,/home/rakeyma/Tüm_çalışmalar/MOF Radyoaktif Gaz Adsorpsiyonu/data/processed/cif/pretrain_000753.cif,TAM
pretrain_000754,Ho(CO2)4,HF_COREMOF_GCMC,/home/rakeyma/Tüm_çalışmalar/MOF Radyoaktif Gaz Adsorpsiyonu/data/processed/cif/pretrain_000754.cif,Ho(CO2)4,False,False,-0.4785943460144064,0.149978361712225,0.2528167403047898,2.441413362038037e+25,4.115461463109865e+25,4.837021143375599,2.66036162885658,1.6856881047273249,52,3,11.923076923076923,0.7192307692307693,0.9079035680560402,0.0769230769230769,KAYNAK_VERISI,/home/rakeyma/Tüm_çalışmalar/MOF Radyoaktif Gaz Adsorpsiyonu/data/processed/cif/pretrain_000754.cif,TAM
pretrain_000755,Ho(CO2)4,HF_COREMOF_GCMC,/home/rakeyma/Tüm_çalışmalar/MOF Radyoaktif Gaz Adsorpsiyonu/data/processed/cif/pretrain_000755.cif,Ho(CO2)4,False,False,-0.4785943460144064,0.149978361712225,0.2528167403047898,2.441413362038037e+25,4.115461463109865e+25,4.837021143375599,2.66036162885658,1.6856881047273249,52,3,11.923076923076923,0.7192307692307693,0.9079035680560402,0.0769230769230769,KAYNAK_VERISI,/home/rakeyma/Tüm_çalışmalar/MOF Radyoaktif Gaz Adsorpsiyonu/data/processed/cif/pretrain_000755.cif,TAM
pretrain_000756,EuH3C9(NO2)3,HF_COREMOF_GCMC,/home/rakeyma/Tüm_çalışmalar/MOF Radyoaktif Gaz Adsorpsiyonu/data/processed/cif/pretrain_000756.cif,EuH3C9(NO2)3,False,False,-0.392826364855677,0.0304497683196859,0.05,8.209112099068205e+24,1.3479761180581744e+25,1.5,1.2,1.642048618401958,44,5,8.590909090909092,0.656818181818182,0.768988946604566,0.0454545454545454,KAYNAK_VERISI,/home/rakeyma/Tüm_çalışmalar/MOF Radyoaktif Gaz Adsorpsiyonu/data/processed/cif/pretrain_000756.cif,TAM
pretrain_000757,ErH4(CO2)4,HF_COREMOF_GCMC,/home/rakeyma/Tüm_çalışmalar/MOF Radyoaktif Gaz Adsorpsiyonu/data/processed/cif/pretrain_000757.cif,ErH4(CO2)4,False,False,-0.2729219457086594,0.0236006670386222,0.05,9.4800095235009e+24,2.008419827284324e+25,1.5,1.2,2.118584187395024,34,4,9.411764705882351,0.6088235294117648,0.7877935960643498,0.0588235294117647,KAYNAK_VERISI,/home/rakeyma/Tüm_çalışmalar/MOF Radyoaktif Gaz Adsorpsiyonu/data/processed/cif/pretrain_000757.cif,TAM
pretrain_000758,CuHC4O3,HF_COREMOF_GCMC,/home/rakeyma/Tüm_çalışmalar/MOF Radyoaktif Gaz Adsorpsiyonu/data/processed/cif/pretrain_000758.cif,CuHC4O3,False,False,-0.205978546369902,0.143063613898343,0.189134943314022,2.5852239851953995e+25,3.417753673141659e+25,2.7268008935398664,1.4997404914469266,1.3220338712288924,54,4,8.666666666666666,0.688888888888889,0.577510822409416,0.1111111111111111,KAYNAK_VERISI,/home/rakeyma/Tüm_çalışmalar/MOF Radyoaktif Gaz Adsorpsiyonu/data/processed/cif/pretrain_000758.cif,TAM
pretrain_000759,Ho(CO2)4,HF_COREMOF_GCMC,/home/rakeyma/Tüm_çalışmalar/MOF Radyoaktif Gaz Adsorpsiyonu/data/processed/cif/pretrain_000759.cif,Ho(CO2)4,False,False,-0.4785943460144064,0.149978361712225,0.2528167403047898,2.441413362038037e+25,4.115461463109865e+25,4.837021143375599,2.66036162885658,1.6856881047273249,52,3,11.923076923076923,0.7192307692307693,0.9079035680560402,0.0769230769230769,KAYNAK_VERISI,/home/rakeyma/Tüm_çalışmalar/MOF Radyoaktif Gaz Adsorpsiyonu/data/processed/cif/pretrain_000759.cif,TAM
pretrain_000760,CoHC4O3,HF_COREMOF_GCMC,/home/rakeyma/Tüm_çalışmalar/MOF Radyoaktif Gaz Adsorpsiyonu/data/processed/cif/pretrain_000760.cif,CoHC4O3,False,False,-0.3016874469803596,0.2027223446159727,0.2408156049896382,3.3889723538711354e+25,4.025789210541387e+25,3.325674945771934,1.829121220174564,1.1879085428191327,54,4,8.444444444444445,0.688888888888889,0.5829397481729994,0.1111111111111111,KAYNAK_VERISI,/home/rakeyma/Tüm_çalışmalar/MOF Radyoaktif Gaz Adsorpsiyonu/data/processed/cif/pretrain_000760.cif,TAM
pretrain_000761,Ho(CO2)4,HF_COREMOF_GCMC,/home/rakeyma/Tüm_çalışmalar/MOF Radyoaktif Gaz Adsorpsiyonu/data/processed/cif/pretrain_000761.cif,Ho(CO2)4,False,False,-0.4785943460144064,0.149978361712225,0.2528167403047898,2.441413362038037e+25,4.115461463109865e+25,4.837021143375599,2.66036162885658,1.6856881047273249,52,3,11.923076923076923,0.7192307692307693,0.9079035680560402,0.0769230769230769,KAYNAK_VERISI,/home/rakeyma/Tüm_çalışmalar/MOF Radyoaktif Gaz Adsorpsiyonu/data/processed/cif/pretrain_000761.cif,TAM
pretrain_000762,LaC12(ClO)6,HF_COREMOF_GCMC,/home/rakeyma/Tüm_çalışmalar/MOF Radyoaktif Gaz Adsorpsiyonu/data/processed/cif/pretrain_000762.cif,LaC12(ClO)6,False,False,-0.5688211219557444,0.0278556086912823,0.05,5.564325439575443e+24,9.987800843348366e+24,1.9871936116040632,1.2,1.7949706486093728,50,4,11.16,0.7979999999999999,0.90361427058231,0.04,KAYNAK_VERISI,/home/rakeyma/Tüm_çalışmalar/MOF Radyoaktif Gaz Adsorpsiyonu/data/processed/cif/pretrain_000762.cif,TAM
pretrain_000763,Fe5H8C4N20OF7,HF_COREMOF_GCMC,/home/rakeyma/Tüm_çalışmalar/MOF Radyoaktif Gaz Adsorpsiyonu/data/processed/cif/pretrain_000763.cif,Fe5H8C4N20OF7,False,False,-0.3714816346717107,0.0272168139672649,0.05,8.614467119214068e+24,1.5825634715318147e+25,1.5,1.2,1.8370996715536807,45,6,8.28888888888889,0.6422222222222221,0.7318242047559417,0.1111111111111111,KAYNAK_VERISI,/home/rakeyma/Tüm_çalışmalar/MOF Radyoaktif Gaz Adsorpsiyonu/data/processed/cif/pretrain_000763.cif,TAM
pretrain_000764,ZnHC4O3,HF_COREMOF_GCMC,/home/rakeyma/Tüm_çalışmalar/MOF Radyoaktif Gaz Adsorpsiyonu/data/processed/cif/pretrain_000764.cif,ZnHC4O3,False,False,-0.2677312773291185,0.2068786041617683,0.2515640963015523,3.3991159257691533e+25,4.133320260715269e+25,3.442719217267522,1.8934955694971372,1.2159986158106626,54,4,8.777777777777779,0.688888888888889,0.6504229393248673,0.1111111111111111,KAYNAK_VERISI,/home/rakeyma/Tüm_çalışmalar/MOF Radyoaktif Gaz Adsorpsiyonu/data/processed/cif/pretrain_000764.cif,TAM
pretrain_000765,SmH9(C2O)6,HF_COREMOF_GCMC,/home/rakeyma/Tüm_çalışmalar/MOF Radyoaktif Gaz Adsorpsiyonu/data/processed/cif/pretrain_000765.cif,SmH9(C2O)6,False,False,-0.5533311169052184,0.0331136208540026,0.05,8.2408418593811e+24,1.244328111340469e+25,1.8852289118300725,1.2,1.5099526632997664,56,4,6.821428571428571,0.5750000000000001,0.8128037893612454,0.0357142857142857,KAYNAK_VERISI,/home/rakeyma/Tüm_çalışmalar/MOF Radyoaktif Gaz Adsorpsiyonu/data/processed/cif/pretrain_000765.cif,TAM
pretrain_000766,EuHC6N2O5,HF_COREMOF_GCMC,/home/rakeyma/Tüm_çalışmalar/MOF Radyoaktif Gaz Adsorpsiyonu/data/processed/cif/pretrain_000766.cif,EuHC6N2O5,False,False,-0.272888177149816,0.0266630693681719,0.05,6.59103069616188e+24,1.235984988290522e+25,2.179271850871295,1.2,1.87525296917562,45,5,10.266666666666667,0.7066666666666668,0.768988946604566,0.0666666666666666,KAYNAK_VERISI,/home/rakeyma/Tüm_çalışmalar/MOF Radyoaktif Gaz Adsorpsiyonu/data/processed/cif/pretrain_000766.cif,TAM
pretrain_000767,CoHC4O3,HF_COREMOF_GCMC,/home/rakeyma/Tüm_çalışmalar/MOF Radyoaktif Gaz Adsorpsiyonu/data/processed/cif/pretrain_000767.cif,CoHC4O3,False,False,-0.3016874469803596,0.2027223446159727,0.2408156049896382,3.3889723538711354e+25,4.025789210541387e+25,3.325674945771934,1.829121220174564,1.1879085428191327,54,4,8.444444444444445,0.688888888888889,0.5829397481729994,0.1111111111111111,KAYNAK_VERISI,/home/rakeyma/Tüm_çalışmalar/MOF Radyoaktif Gaz Adsorpsiyonu/data/processed/cif/pretrain_000767.cif,TAM
pretrain_000768,EuHC6N2O5,HF_COREMOF_GCMC,/home/rakeyma/Tüm_çalışmalar/MOF Radyoaktif Gaz Adsorpsiyonu/data/processed/cif/pretrain_000768.cif,EuHC6N2O5,False,False,-0.272888177149816,0.0266630693681719,0.05,6.59103069616188e+24,1.235984988290522e+25,2.179271850871295,1.2,1.87525296917562,45,5,10.266666666666667,0.7066666666666668,0.768988946604566,0.0666666666666666,KAYNAK_VERISI,/home/rakeyma/Tüm_çalışmalar/MOF Radyoaktif Gaz Adsorpsiyonu/data/processed/cif/pretrain_000768.cif,TAM
pretrain_000769,Fe2C4Cl2O9,HF_COREMOF_GCMC,/home/rakeyma/Tüm_çalışmalar/MOF Radyoaktif Gaz Adsorpsiyonu/data/processed/cif/pretrain_000769.cif,Fe2C4Cl2O9,False,False,-0.1945708216821267,0.1207959175776015,0.1851451817186259,3.2545086912313037e+25,4.988219926023356e+25,3.77704173503509,2.0773729542693,1.5327105868431787,34,4,10.705882352941176,0.7647058823529411,0.6185668920981788,0.1176470588235294,KAYNAK_VERISI,/home/rakeyma/Tüm_çalışmalar/MOF Radyoaktif Gaz Adsorpsiyonu/data/processed/cif/pretrain_000769.cif,TAM
pretrain_000770,CoHC4O3,HF_COREMOF_GCMC,/home/rakeyma/Tüm_çalışmalar/MOF Radyoaktif Gaz Adsorpsiyonu/data/processed/cif/pretrain_000770.cif,CoHC4O3,False,False,-0.3016874469803596,0.2027223446159727,0.2408156049896382,3.3889723538711354e+25,4.025789210541387e+25,3.325674945771934,1.829121220174564,1.1879085428191327,54,4,8.444444444444445,0.688888888888889,0.5829397481729994,0.1111111111111111,KAYNAK_VERISI,/home/rakeyma/Tüm_çalışmalar/MOF Radyoaktif Gaz Adsorpsiyonu/data/processed/cif/pretrain_000770.cif,TAM
pretrain_000771,CoHC4O3,HF_COREMOF_GCMC,/home/rakeyma/Tüm_çalışmalar/MOF Radyoaktif Gaz Adsorpsiyonu/data/processed/cif/pretrain_000771.cif,CoHC4O3,False,False,-0.3016874469803596,0.2027223446159727,0.2408156049896382,3.3889723538711354e+25,4.025789210541387e+25,3.325674945771934,1.829121220174564,1.1879085428191327,54,4,8.444444444444445,0.688888888888889,0.5829397481729994,0.1111111111111111,KAYNAK_VERISI,/home/rakeyma/Tüm_çalışmalar/MOF Radyoaktif Gaz Adsorpsiyonu/data/processed/cif/pretrain_000771.cif,TAM
pretrain_000772,Nd2HC4NO12,HF_COREMOF_GCMC,/home/rakeyma/Tüm_çalışmalar/MOF Radyoaktif Gaz Adsorpsiyonu/data/processed/cif/pretrain_000772.cif,Nd2HC4NO12,False,False,-0.5176845267295435,0.0179656622193346,0.05,6.057907138629867e+24,1.6859682277980164e+25,1.5,1.2,2.783086946062591,40,5,12.4,0.73,0.7891666490672297,0.1,KAYNAK_VERISI,/home/rakeyma/Tüm_çalışmalar/MOF Radyoaktif Gaz Adsorpsiyonu/data/processed/cif/pretrain_000772.cif,TAM
pretrain_000773,CoHC4O3,HF_COREMOF_GCMC,/home/rakeyma/Tüm_çalışmalar/MOF Radyoaktif Gaz Adsorpsiyonu/data/processed/cif/pretrain_000773.cif,CoHC4O3,False,False,-0.3016874469803596,0.2027223446159727,0.2408156049896382,3.3889723538711354e+25,4.025789210541387e+25,3.325674945771934,1.829121220174564,1.1879085428191327,54,4,8.444444444444445,0.688888888888889,0.5829397481729994,0.1111111111111111,KAYNAK_VERISI,/home/rakeyma/Tüm_çalışmalar/MOF Radyoaktif Gaz Adsorpsiyonu/data/processed/cif/pretrain_000773.cif,TAM
pretrain_000774,LiC6N4F3,HF_COREMOF_GCMC,/home/rakeyma/Tüm_çalışmalar/MOF Radyoaktif Gaz Adsorpsiyonu/data/processed/cif/pretrain_000774.cif,LiC6N4F3,False,False,-0.4533451462020003,0.0397452774625822,0.05,8.573472372599009e+24,1.0785523362706943e+25,1.954323412334816,1.2,1.258011094451963,56,4,6.714285714285714,0.6964285714285714,1.0861946188413936,0.0714285714285714,KAYNAK_VERISI,/home/rakeyma/Tüm_çalışmalar/MOF Radyoaktif Gaz Adsorpsiyonu/data/processed/cif/pretrain_000774.cif,TAM
pretrain_000775,TbH8C8(NO3)2,HF_COREMOF_GCMC,/home/rakeyma/Tüm_çalışmalar/MOF Radyoaktif Gaz Adsorpsiyonu/data/processed/cif/pretrain_000775.cif,TbH8C8(NO3)2,False,False,-0.4850084406581334,0.0248116621265863,0.05,8.506364654357456e+24,1.714186782602257e+25,1.6927034589673409,1.2,2.015181399170503,50,5,7.32,0.5700000000000001,0.8027353237524806,0.04,KAYNAK_VERISI,/home/rakeyma/Tüm_çalışmalar/MOF Radyoaktif Gaz Adsorpsiyonu/data/processed/cif/pretrain_000775.cif,TAM
pretrain_000776,Ho(CO2)4,HF_COREMOF_GCMC,/home/rakeyma/Tüm_çalışmalar/MOF Radyoaktif Gaz Adsorpsiyonu/data/processed/cif/pretrain_000776.cif,Ho(CO2)4,False,False,-0.4785943460144064,0.149978361712225,0.2528167403047898,2.441413362038037e+25,4.115461463109865e+25,4.837021143375599,2.66036162885658,1.6856881047273249,52,3,11.923076923076923,0.7192307692307693,0.9079035680560402,0.0769230769230769,KAYNAK_VERISI,/home/rakeyma/Tüm_çalışmalar/MOF Radyoaktif Gaz Adsorpsiyonu/data/processed/cif/pretrain_000776.cif,TAM
pretrain_000777,CuHC4O3,HF_COREMOF_GCMC,/home/rakeyma/Tüm_çalışmalar/MOF Radyoaktif Gaz Adsorpsiyonu/data/processed/cif/pretrain_000777.cif,CuHC4O3,False,False,-0.205978546369902,0.143063613898343,0.189134943314022,2.5852239851953995e+25,3.417753673141659e+25,2.7268008935398664,1.4997404914469266,1.3220338712288924,54,4,8.666666666666666,0.688888888888889,0.577510822409416,0.1111111111111111,KAYNAK_VERISI,/home/rakeyma/Tüm_çalışmalar/MOF Radyoaktif Gaz Adsorpsiyonu/data/processed/cif/pretrain_000777.cif,TAM
pretrain_000778,CoHC4O3,HF_COREMOF_GCMC,/home/rakeyma/Tüm_çalışmalar/MOF Radyoaktif Gaz Adsorpsiyonu/data/processed/cif/pretrain_000778.cif,CoHC4O3,False,False,-0.3016874469803596,0.2027223446159727,0.2408156049896382,3.3889723538711354e+25,4.025789210541387e+25,3.325674945771934,1.829121220174564,1.1879085428191327,54,4,8.444444444444445,0.688888888888889,0.5829397481729994,0.1111111111111111,KAYNAK_VERISI,/home/rakeyma/Tüm_çalışmalar/MOF Radyoaktif Gaz Adsorpsiyonu/data/processed/cif/pretrain_000778.cif,TAM
pretrain_000779,Ho(CO2)4,HF_COREMOF_GCMC,/home/rakeyma/Tüm_çalışmalar/MOF Radyoaktif Gaz Adsorpsiyonu/data/processed/cif/pretrain_000779.cif,Ho(CO2)4,False,False,-0.4785943460144064,0.149978361712225,0.2528167403047898,2.441413362038037e+25,4.115461463109865e+25,4.837021143375599,2.66036162885658,1.6856881047273249,52,3,11.923076923076923,0.7192307692307693,0.9079035680560402,0.0769230769230769,KAYNAK_VERISI,/home/rakeyma/Tüm_çalışmalar/MOF Radyoaktif Gaz Adsorpsiyonu/data/processed/cif/pretrain_000779.cif,TAM
pretrain_000780,Ho(CO2)4,HF_COREMOF_GCMC,/home/rakeyma/Tüm_çalışmalar/MOF Radyoaktif Gaz Adsorpsiyonu/data/processed/cif/pretrain_000780.cif,Ho(CO2)4,False,False,-0.4785943460144064,0.149978361712225,0.2528167403047898,2.441413362038037e+25,4.115461463109865e+25,4.837021143375599,2.66036162885658,1.6856881047273249,52,3,11.923076923076923,0.7192307692307693,0.9079035680560402,0.0769230769230769,KAYNAK_VERISI,/home/rakeyma/Tüm_çalışmalar/MOF Radyoaktif Gaz Adsorpsiyonu/data/processed/cif/pretrain_000780.cif,TAM
pretrain_000781,CoHC4O3,HF_COREMOF_GCMC,/home/rakeyma/Tüm_çalışmalar/MOF Radyoaktif Gaz Adsorpsiyonu/data/processed/cif/pretrain_000781.cif,CoHC4O3,False,False,-0.3016874469803596,0.2027223446159727,0.2408156049896382,3.3889723538711354e+25,4.025789210541387e+25,3.325674945771934,1.829121220174564,1.1879085428191327,54,4,8.444444444444445,0.688888888888889,0.5829397481729994,0.1111111111111111,KAYNAK_VERISI,/home/rakeyma/Tüm_çalışmalar/MOF Radyoaktif Gaz Adsorpsiyonu/data/processed/cif/pretrain_000781.cif,TAM
pretrain_000782,Ho(CO2)4,HF_COREMOF_GCMC,/home/rakeyma/Tüm_çalışmalar/MOF Radyoaktif Gaz Adsorpsiyonu/data/processed/cif/pretrain_000782.cif,Ho(CO2)4,False,False,-0.4785943460144064,0.149978361712225,0.2528167403047898,2.441413362038037e+25,4.115461463109865e+25,4.837021143375599,2.66036162885658,1.6856881047273249,52,3,11.923076923076923,0.7192307692307693,0.9079035680560402,0.0769230769230769,KAYNAK_VERISI,/home/rakeyma/Tüm_çalışmalar/MOF Radyoaktif Gaz Adsorpsiyonu/data/processed/cif/pretrain_000782.cif,TAM
pretrain_000783,CoHC4O3,HF_COREMOF_GCMC,/home/rakeyma/Tüm_çalışmalar/MOF Radyoaktif Gaz Adsorpsiyonu/data/processed/cif/pretrain_000783.cif,CoHC4O3,False,False,-0.3016874469803596,0.2027223446159727,0.2408156049896382,3.3889723538711354e+25,4.025789210541387e+25,3.325674945771934,1.829121220174564,1.1879085428191327,54,4,8.444444444444445,0.688888888888889,0.5829397481729994,0.1111111111111111,KAYNAK_VERISI,/home/rakeyma/Tüm_çalışmalar/MOF Radyoaktif Gaz Adsorpsiyonu/data/processed/cif/pretrain_000783.cif,TAM
pretrain_000784,CoHC4O3,HF_COREMOF_GCMC,/home/rakeyma/Tüm_çalışmalar/MOF Radyoaktif Gaz Adsorpsiyonu/data/processed/cif/pretrain_000784.cif,CoHC4O3,False,False,-0.3016874469803596,0.2027223446159727,0.2408156049896382,3.3889723538711354e+25,4.025789210541387e+25,3.325674945771934,1.829121220174564,1.1879085428191327,54,4,8.444444444444445,0.688888888888889,0.5829397481729994,0.1111111111111111,KAYNAK_VERISI,/home/rakeyma/Tüm_çalışmalar/MOF Radyoaktif Gaz Adsorpsiyonu/data/processed/cif/pretrain_000784.cif,TAM
pretrain_000785,ZnHC4O3,HF_COREMOF_GCMC,/home/rakeyma/Tüm_çalışmalar/MOF Radyoaktif Gaz Adsorpsiyonu/data/processed/cif/pretrain_000785.cif,ZnHC4O3,False,False,-0.2677312773291185,0.2068786041617683,0.2515640963015523,3.3991159257691533e+25,4.133320260715269e+25,3.442719217267522,1.8934955694971372,1.2159986158106626,54,4,8.777777777777779,0.688888888888889,0.6504229393248673,0.1111111111111111,KAYNAK_VERISI,/home/rakeyma/Tüm_çalışmalar/MOF Radyoaktif Gaz Adsorpsiyonu/data/processed/cif/pretrain_000785.cif,TAM
pretrain_000786,CoHC4O3,HF_COREMOF_GCMC,/home/rakeyma/Tüm_çalışmalar/MOF Radyoaktif Gaz Adsorpsiyonu/data/processed/cif/pretrain_000786.cif,CoHC4O3,False,False,-0.3016874469803596,0.2027223446159727,0.2408156049896382,3.3889723538711354e+25,4.025789210541387e+25,3.325674945771934,1.829121220174564,1.1879085428191327,54,4,8.444444444444445,0.688888888888889,0.5829397481729994,0.1111111111111111,KAYNAK_VERISI,/home/rakeyma/Tüm_çalışmalar/MOF Radyoaktif Gaz Adsorpsiyonu/data/processed/cif/pretrain_000786.cif,TAM
pretrain_000787,Ho(CO2)4,HF_COREMOF_GCMC,/home/rakeyma/Tüm_çalışmalar/MOF Radyoaktif Gaz Adsorpsiyonu/data/processed/cif/pretrain_000787.cif,Ho(CO2)4,False,False,-0.4785943460144064,0.149978361712225,0.2528167403047898,2.441413362038037e+25,4.115461463109865e+25,4.837021143375599,2.66036162885658,1.6856881047273249,52,3,11.923076923076923,0.7192307692307693,0.9079035680560402,0.0769230769230769,KAYNAK_VERISI,/home/rakeyma/Tüm_çalışmalar/MOF Radyoaktif Gaz Adsorpsiyonu/data/processed/cif/pretrain_000787.cif,TAM
pretrain_000788,CuHC4O3,HF_COREMOF_GCMC,/home/rakeyma/Tüm_çalışmalar/MOF Radyoaktif Gaz Adsorpsiyonu/data/processed/cif/pretrain_000788.cif,CuHC4O3,False,False,-0.205978546369902,0.143063613898343,0.189134943314022,2.5852239851953995e+25,3.417753673141659e+25,2.7268008935398664,1.4997404914469266,1.3220338712288924,54,4,8.666666666666666,0.688888888888889,0.577510822409416,0.1111111111111111,KAYNAK_VERISI,/home/rakeyma/Tüm_çalışmalar/MOF Radyoaktif Gaz Adsorpsiyonu/data/processed/cif/pretrain_000788.cif,TAM
pretrain_000789,AlH5C8O5,HF_COREMOF_GCMC,/home/rakeyma/Tüm_çalışmalar/MOF Radyoaktif Gaz Adsorpsiyonu/data/processed/cif/pretrain_000789.cif,AlH5C8O5,False,False,-0.2158044738518941,0.2014257230743021,0.192406380937295,6.088620349570138e+25,5.815987096791099e+25,2.9266162052360323,1.609638912879818,0.955222490954246,38,4,5.578947368421052,0.5842105263157897,0.6629856710367125,0.0526315789473684,KAYNAK_VERISI,/home/rakeyma/Tüm_çalışmalar/MOF Radyoaktif Gaz Adsorpsiyonu/data/processed/cif/pretrain_000789.cif,TAM
pretrain_000790,Ho(CO2)4,HF_COREMOF_GCMC,/home/rakeyma/Tüm_çalışmalar/MOF Radyoaktif Gaz Adsorpsiyonu/data/processed/cif/pretrain_000790.cif,Ho(CO2)4,False,False,-0.4785943460144064,0.149978361712225,0.2528167403047898,2.441413362038037e+25,4.115461463109865e+25,4.837021143375599,2.66036162885658,1.6856881047273249,52,3,11.923076923076923,0.7192307692307693,0.9079035680560402,0.0769230769230769,KAYNAK_VERISI,/home/rakeyma/Tüm_çalışmalar/MOF Radyoaktif Gaz Adsorpsiyonu/data/processed/cif/pretrain_000790.cif,TAM
pretrain_000791,Ho(CO2)4,HF_COREMOF_GCMC,/home/rakeyma/Tüm_çalışmalar/MOF Radyoaktif Gaz Adsorpsiyonu/data/processed/cif/pretrain_000791.cif,Ho(CO2)4,False,False,-0.4785943460144064,0.149978361712225,0.2528167403047898,2.441413362038037e+25,4.115461463109865e+25,4.837021143375599,2.66036162885658,1.6856881047273249,52,3,11.923076923076923,0.7192307692307693,0.9079035680560402,0.0769230769230769,KAYNAK_VERISI,/home/rakeyma/Tüm_çalışmalar/MOF Radyoaktif Gaz Adsorpsiyonu/data/processed/cif/pretrain_000791.cif,TAM
pretrain_000792,CoHC4O3,HF_COREMOF_GCMC,/home/rakeyma/Tüm_çalışmalar/MOF Radyoaktif Gaz Adsorpsiyonu/data/processed/cif/pretrain_000792.cif,CoHC4O3,False,False,-0.3016874469803596,0.2027223446159727,0.2408156049896382,3.3889723538711354e+25,4.025789210541387e+25,3.325674945771934,1.829121220174564,1.1879085428191327,54,4,8.444444444444445,0.688888888888889,0.5829397481729994,0.1111111111111111,KAYNAK_VERISI,/home/rakeyma/Tüm_çalışmalar/MOF Radyoaktif Gaz Adsorpsiyonu/data/processed/cif/pretrain_000792.cif,TAM
pretrain_000793,MnHC3N3Cl,HF_COREMOF_GCMC,/home/rakeyma/Tüm_çalışmalar/MOF Radyoaktif Gaz Adsorpsiyonu/data/processed/cif/pretrain_000793.cif,MnHC3N3Cl,False,False,-0.3158415251168576,0.242130788486378,0.2829629403243215,3.665584283877443e+25,4.283736543611582e+25,4.435337482107187,2.4394356151589527,1.168636760707698,54,5,9.11111111111111,0.7444444444444445,0.586890108964191,0.1111111111111111,KAYNAK_VERISI,/home/rakeyma/Tüm_çalışmalar/MOF Radyoaktif Gaz Adsorpsiyonu/data/processed/cif/pretrain_000793.cif,TAM
pretrain_000794,Ho(CO2)4,HF_COREMOF_GCMC,/home/rakeyma/Tüm_çalışmalar/MOF Radyoaktif Gaz Adsorpsiyonu/data/processed/cif/pretrain_000794.cif,Ho(CO2)4,False,False,-0.4785943460144064,0.149978361712225,0.2528167403047898,2.441413362038037e+25,4.115461463109865e+25,4.837021143375599,2.66036162885658,1.6856881047273249,52,3,11.923076923076923,0.7192307692307693,0.9079035680560402,0.0769230769230769,KAYNAK_VERISI,/home/rakeyma/Tüm_çalışmalar/MOF Radyoaktif Gaz Adsorpsiyonu/data/processed/cif/pretrain_000794.cif,TAM
pretrain_000795,GdH2C5O6,HF_COREMOF_GCMC,/home/rakeyma/Tüm_çalışmalar/MOF Radyoaktif Gaz Adsorpsiyonu/data/processed/cif/pretrain_000795.cif,GdH2C5O6,False,False,-0.5189875805866198,0.0242577531597928,0.05,5.22124194448143e+24,1.0762006501772028e+25,2.0361635003113085,1.2,2.061196668571715,56,4,10.285714285714286,0.6714285714285714,0.8020403668145388,0.0714285714285714,KAYNAK_VERISI,/home/rakeyma/Tüm_çalışmalar/MOF Radyoaktif Gaz Adsorpsiyonu/data/processed/cif/pretrain_000795.cif,TAM
pretrain_000796,ZnCrH18C14(N2O)2,HF_COREMOF_GCMC,/home/rakeyma/Tüm_çalışmalar/MOF Radyoaktif Gaz Adsorpsiyonu/data/processed/cif/pretrain_000796.cif,ZnCrH18C14(N2O)2,False,False,-0.4760620884541638,0.0960454740280064,0.1018516660070818,3.424507411877276e+25,3.6315275517469383e+25,2.2145268798608373,1.2179897839234606,1.0604525308228716,40,6,5.0,0.52125,0.6658995586589784,0.05,KAYNAK_VERISI,/home/rakeyma/Tüm_çalışmalar/MOF Radyoaktif Gaz Adsorpsiyonu/data/processed/cif/pretrain_000796.cif,TAM
pretrain_000797,FeHC4O3,HF_COREMOF_GCMC,/home/rakeyma/Tüm_çalışmalar/MOF Radyoaktif Gaz Adsorpsiyonu/data/processed/cif/pretrain_000797.cif,FeHC4O3,False,False,-0.2934595702585894,0.2132917425616269,0.2442162494471299,3.5062473095194724e+25,4.014607210204248e+25,3.366864725510025,1.8517755990305145,1.144986892197985,54,4,8.333333333333334,0.6944444444444445,0.5968458762528228,0.1111111111111111,KAYNAK_VERISI,/home/rakeyma/Tüm_çalışmalar/MOF Radyoaktif Gaz Adsorpsiyonu/data/processed/cif/pretrain_000797.cif,TAM
pretrain_000798,VH8C14O5,HF_COREMOF_GCMC,/home/rakeyma/Tüm_çalışmalar/MOF Radyoaktif Gaz Adsorpsiyonu/data/processed/cif/pretrain_000798.cif,VH8C14O5,False,False,-0.1752052944136394,0.6347620986598989,0.4220073350278177,9.047871452562038e+25,6.015274269574462e+25,4.51941271541323,2.4856769934772767,0.6648275565266953,56,4,5.535714285714286,0.5767857142857142,0.6566772418776213,0.0357142857142857,KAYNAK_VERISI,/home/rakeyma/Tüm_çalışmalar/MOF Radyoaktif Gaz Adsorpsiyonu/data/processed/cif/pretrain_000798.cif,TAM
pretrain_000799,ZnHC4O3,HF_COREMOF_GCMC,/home/rakeyma/Tüm_çalışmalar/MOF Radyoaktif Gaz Adsorpsiyonu/data/processed/cif/pretrain_000799.cif,ZnHC4O3,False,False,-0.2677312773291185,0.2068786041617683,0.2515640963015523,3.3991159257691533e+25,4.133320260715269e+25,3.442719217267522,1.8934955694971372,1.2159986158106626,54,4,8.777777777777779,0.688888888888889,0.6504229393248673,0.1111111111111111,KAYNAK_VERISI,/home/rakeyma/Tüm_çalışmalar/MOF Radyoaktif Gaz Adsorpsiyonu/data/processed/cif/pretrain_000799.cif,TAM
pretrain_000800,Ho(CO2)4,HF_COREMOF_GCMC,/home/rakeyma/Tüm_çalışmalar/MOF Radyoaktif Gaz Adsorpsiyonu/data/processed/cif/pretrain_000800.cif,Ho(CO2)4,False,False,-0.4785943460144064,0.149978361712225,0.2528167403047898,2.441413362038037e+25,4.115461463109865e+25,4.837021143375599,2.66036162885658,1.6856881047273249,52,3,11.923076923076923,0.7192307692307693,0.9079035680560402,0.0769230769230769,KAYNAK_VERISI,/home/rakeyma/Tüm_çalışmalar/MOF Radyoaktif Gaz Adsorpsiyonu/data/processed/cif/pretrain_000800.cif,TAM
pretrain_000801,LiC6N4F3,HF_COREMOF_GCMC,/home/rakeyma/Tüm_çalışmalar/MOF Radyoaktif Gaz Adsorpsiyonu/data/processed/cif/pretrain_000801.cif,LiC6N4F3,False,False,-0.4533451462020003,0.0397452774625822,0.05,8.573472372599009e+24,1.0785523362706943e+25,1.954323412334816,1.2,1.258011094451963,56,4,6.714285714285714,0.6964285714285714,1.0861946188413936,0.0714285714285714,KAYNAK_VERISI,/home/rakeyma/Tüm_çalışmalar/MOF Radyoaktif Gaz Adsorpsiyonu/data/processed/cif/pretrain_000801.cif,TAM
pretrain_000802,CoHC4O3,HF_COREMOF_GCMC,/home/rakeyma/Tüm_çalışmalar/MOF Radyoaktif Gaz Adsorpsiyonu/data/processed/cif/pretrain_000802.cif,CoHC4O3,False,False,-0.3016874469803596,0.2027223446159727,0.2408156049896382,3.3889723538711354e+25,4.025789210541387e+25,3.325674945771934,1.829121220174564,1.1879085428191327,54,4,8.444444444444445,0.688888888888889,0.5829397481729994,0.1111111111111111,KAYNAK_VERISI,/home/rakeyma/Tüm_çalışmalar/MOF Radyoaktif Gaz Adsorpsiyonu/data/processed/cif/pretrain_000802.cif,TAM
pretrain_000803,Ho(CO2)4,HF_COREMOF_GCMC,/home/rakeyma/Tüm_çalışmalar/MOF Radyoaktif Gaz Adsorpsiyonu/data/processed/cif/pretrain_000803.cif,Ho(CO2)4,False,False,-0.4785943460144064,0.149978361712225,0.2528167403047898,2.441413362038037e+25,4.115461463109865e+25,4.837021143375599,2.66036162885658,1.6856881047273249,52,3,11.923076923076923,0.7192307692307693,0.9079035680560402,0.0769230769230769,KAYNAK_VERISI,/home/rakeyma/Tüm_çalışmalar/MOF Radyoaktif Gaz Adsorpsiyonu/data/processed/cif/pretrain_000803.cif,TAM
pretrain_000804,CuHC4O3,HF_COREMOF_GCMC,/home/rakeyma/Tüm_çalışmalar/MOF Radyoaktif Gaz Adsorpsiyonu/data/processed/cif/pretrain_000804.cif,CuHC4O3,False,False,-0.205978546369902,0.143063613898343,0.189134943314022,2.5852239851953995e+25,3.417753673141659e+25,2.7268008935398664,1.4997404914469266,1.3220338712288924,54,4,8.666666666666666,0.688888888888889,0.577510822409416,0.1111111111111111,KAYNAK_VERISI,/home/rakeyma/Tüm_çalışmalar/MOF Radyoaktif Gaz Adsorpsiyonu/data/processed/cif/pretrain_000804.cif,TAM
pretrain_000805,CoPC3NO3,HF_COREMOF_GCMC,/home/rakeyma/Tüm_çalışmalar/MOF Radyoaktif Gaz Adsorpsiyonu/data/processed/cif/pretrain_000805.cif,CoPC3NO3,False,False,-0.339007787587708,0.1898965143943221,0.2483097013590397,2.900170840812462e+25,3.792278956089516e+25,3.13185845514548,1.722522150330014,1.3076053668021623,54,5,10.11111111111111,0.7666666666666667,0.5632406235349152,0.1111111111111111,KAYNAK_VERISI,/home/rakeyma/Tüm_çalışmalar/MOF Radyoaktif Gaz Adsorpsiyonu/data/processed/cif/pretrain_000805.cif,TAM
pretrain_000806,CoPC3NO3,HF_COREMOF_GCMC,/home/rakeyma/Tüm_çalışmalar/MOF Radyoaktif Gaz Adsorpsiyonu/data/processed/cif/pretrain_000806.cif,CoPC3NO3,False,False,-0.339007787587708,0.1898965143943221,0.2483097013590397,2.900170840812462e+25,3.792278956089516e+25,3.13185845514548,1.722522150330014,1.3076053668021623,54,5,10.11111111111111,0.7666666666666667,0.5632406235349152,0.1111111111111111,KAYNAK_VERISI,/home/rakeyma/Tüm_çalışmalar/MOF Radyoaktif Gaz Adsorpsiyonu/data/processed/cif/pretrain_000806.cif,TAM
pretrain_000807,CuHC4O3,HF_COREMOF_GCMC,/home/rakeyma/Tüm_çalışmalar/MOF Radyoaktif Gaz Adsorpsiyonu/data/processed/cif/pretrain_000807.cif,CuHC4O3,False,False,-0.205978546369902,0.143063613898343,0.189134943314022,2.5852239851953995e+25,3.417753673141659e+25,2.7268008935398664,1.4997404914469266,1.3220338712288924,54,4,8.666666666666666,0.688888888888889,0.577510822409416,0.1111111111111111,KAYNAK_VERISI,/home/rakeyma/Tüm_çalışmalar/MOF Radyoaktif Gaz Adsorpsiyonu/data/processed/cif/pretrain_000807.cif,TAM
pretrain_000808,CoHC4O3,HF_COREMOF_GCMC,/home/rakeyma/Tüm_çalışmalar/MOF Radyoaktif Gaz Adsorpsiyonu/data/processed/cif/pretrain_000808.cif,CoHC4O3,False,False,-0.3016874469803596,0.2027223446159727,0.2408156049896382,3.3889723538711354e+25,4.025789210541387e+25,3.325674945771934,1.829121220174564,1.1879085428191327,54,4,8.444444444444445,0.688888888888889,0.5829397481729994,0.1111111111111111,KAYNAK_VERISI,/home/rakeyma/Tüm_çalışmalar/MOF Radyoaktif Gaz Adsorpsiyonu/data/processed/cif/pretrain_000808.cif,TAM
pretrain_000809,SmH9(C2O)6,HF_COREMOF_GCMC,/home/rakeyma/Tüm_çalışmalar/MOF Radyoaktif Gaz Adsorpsiyonu/data/processed/cif/pretrain_000809.cif,SmH9(C2O)6,False,False,-0.5533311169052184,0.0331136208540026,0.05,8.2408418593811e+24,1.244328111340469e+25,1.8852289118300725,1.2,1.5099526632997664,56,4,6.821428571428571,0.5750000000000001,0.8128037893612454,0.0357142857142857,KAYNAK_VERISI,/home/rakeyma/Tüm_çalışmalar/MOF Radyoaktif Gaz Adsorpsiyonu/data/processed/cif/pretrain_000809.cif,TAM
pretrain_000810,FeHC4O3,HF_COREMOF_GCMC,/home/rakeyma/Tüm_çalışmalar/MOF Radyoaktif Gaz Adsorpsiyonu/data/processed/cif/pretrain_000810.cif,FeHC4O3,False,False,-0.2934595702585894,0.2132917425616269,0.2442162494471299,3.5062473095194724e+25,4.014607210204248e+25,3.366864725510025,1.8517755990305145,1.144986892197985,54,4,8.333333333333334,0.6944444444444445,0.5968458762528228,0.1111111111111111,KAYNAK_VERISI,/home/rakeyma/Tüm_çalışmalar/MOF Radyoaktif Gaz Adsorpsiyonu/data/processed/cif/pretrain_000810.cif,TAM
pretrain_000811,ZnH3(CO2)3,HF_COREMOF_GCMC,/home/rakeyma/Tüm_çalışmalar/MOF Radyoaktif Gaz Adsorpsiyonu/data/processed/cif/pretrain_000811.cif,ZnH3(CO2)3,False,False,-0.2426909561838627,0.0521053986633498,0.079530739606193,1.3063331714848035e+25,1.993913221383093e+25,2.354517765567317,1.2949847710620246,1.5263435583716922,52,4,7.615384615384615,0.6000000000000001,0.6504229393248673,0.0769230769230769,KAYNAK_VERISI,/home/rakeyma/Tüm_çalışmalar/MOF Radyoaktif Gaz Adsorpsiyonu/data/processed/cif/pretrain_000811.cif,TAM
pretrain_000812,EuH6C12(SO2)3,HF_COREMOF_GCMC,/home/rakeyma/Tüm_çalışmalar/MOF Radyoaktif Gaz Adsorpsiyonu/data/processed/cif/pretrain_000812.cif,EuH6C12(SO2)3,False,False,-0.412201563334197,0.2020466797093128,0.2504674305847825,3.336664515864815e+25,4.136300528246477e+25,5.079742204819134,2.793858212650524,1.2396513070402009,56,5,8.464285714285714,0.6553571428571429,0.7233698915492681,0.0357142857142857,KAYNAK_VERISI,/home/rakeyma/Tüm_çalışmalar/MOF Radyoaktif Gaz Adsorpsiyonu/data/processed/cif/pretrain_000812.cif,TAM
pretrain_000813,LaC12(ClO)6,HF_COREMOF_GCMC,/home/rakeyma/Tüm_çalışmalar/MOF Radyoaktif Gaz Adsorpsiyonu/data/processed/cif/pretrain_000813.cif,LaC12(ClO)6,False,False,-0.5688211219557444,0.0278556086912823,0.05,5.564325439575443e+24,9.987800843348366e+24,1.9871936116040632,1.2,1.7949706486093728,50,4,11.16,0.7979999999999999,0.90361427058231,0.04,KAYNAK_VERISI,/home/rakeyma/Tüm_çalışmalar/MOF Radyoaktif Gaz Adsorpsiyonu/data/processed/cif/pretrain_000813.cif,TAM
pretrain_000814,Cd(CO2)4,HF_COREMOF_GCMC,/home/rakeyma/Tüm_çalışmalar/MOF Radyoaktif Gaz Adsorpsiyonu/data/processed/cif/pretrain_000814.cif,Cd(CO2)4,False,False,-0.2440178580712028,0.0704500841992481,0.1217583836549003,1.3898865619909783e+25,2.402131142569935e+25,3.029836813613426,1.6664102474873843,1.7282929472524298,52,3,10.461538461538462,0.703846153846154,0.7144695001654492,0.0769230769230769,KAYNAK_VERISI,/home/rakeyma/Tüm_çalışmalar/MOF Radyoaktif Gaz Adsorpsiyonu/data/processed/cif/pretrain_000814.cif,TAM
pretrain_000815,CoHC4O3,HF_COREMOF_GCMC,/home/rakeyma/Tüm_çalışmalar/MOF Radyoaktif Gaz Adsorpsiyonu/data/processed/cif/pretrain_000815.cif,CoHC4O3,False,False,-0.3016874469803596,0.2027223446159727,0.2408156049896382,3.3889723538711354e+25,4.025789210541387e+25,3.325674945771934,1.829121220174564,1.1879085428191327,54,4,8.444444444444445,0.688888888888889,0.5829397481729994,0.1111111111111111,KAYNAK_VERISI,/home/rakeyma/Tüm_çalışmalar/MOF Radyoaktif Gaz Adsorpsiyonu/data/processed/cif/pretrain_000815.cif,TAM
pretrain_000816,ZnCrH18C14(N2O)2,HF_COREMOF_GCMC,/home/rakeyma/Tüm_çalışmalar/MOF Radyoaktif Gaz Adsorpsiyonu/data/processed/cif/pretrain_000816.cif,ZnCrH18C14(N2O)2,False,False,-0.4760620884541638,0.0960454740280064,0.1018516660070818,3.424507411877276e+25,3.6315275517469383e+25,2.2145268798608373,1.2179897839234606,1.0604525308228716,40,6,5.0,0.52125,0.6658995586589784,0.05,KAYNAK_VERISI,/home/rakeyma/Tüm_çalışmalar/MOF Radyoaktif Gaz Adsorpsiyonu/data/processed/cif/pretrain_000816.cif,TAM
pretrain_000817,CoHC4O3,HF_COREMOF_GCMC,/home/rakeyma/Tüm_çalışmalar/MOF Radyoaktif Gaz Adsorpsiyonu/data/processed/cif/pretrain_000817.cif,CoHC4O3,False,False,-0.3016874469803596,0.2027223446159727,0.2408156049896382,3.3889723538711354e+25,4.025789210541387e+25,3.325674945771934,1.829121220174564,1.1879085428191327,54,4,8.444444444444445,0.688888888888889,0.5829397481729994,0.1111111111111111,KAYNAK_VERISI,/home/rakeyma/Tüm_çalışmalar/MOF Radyoaktif Gaz Adsorpsiyonu/data/processed/cif/pretrain_000817.cif,TAM
pretrain_000818,SrH2C6(NO2)2,HF_COREMOF_GCMC,/home/rakeyma/Tüm_çalışmalar/MOF Radyoaktif Gaz Adsorpsiyonu/data/processed/cif/pretrain_000818.cif,SrH2C6(NO2)2,False,False,-0.5033498695413795,0.0340440008052097,0.05,1.2978069198183062e+25,1.9060728603021624e+25,1.5,1.2,1.4686875460403723,30,5,8.133333333333333,0.6933333333333336,0.8543676023820191,0.0666666666666666,KAYNAK_VERISI,/home/rakeyma/Tüm_çalışmalar/MOF Radyoaktif Gaz Adsorpsiyonu/data/processed/cif/pretrain_000818.cif,TAM
pretrain_000819,LaC12(ClO)6,HF_COREMOF_GCMC,/home/rakeyma/Tüm_çalışmalar/MOF Radyoaktif Gaz Adsorpsiyonu/data/processed/cif/pretrain_000819.cif,LaC12(ClO)6,False,False,-0.5688211219557444,0.0278556086912823,0.05,5.564325439575443e+24,9.987800843348366e+24,1.9871936116040632,1.2,1.7949706486093728,50,4,11.16,0.7979999999999999,0.90361427058231,0.04,KAYNAK_VERISI,/home/rakeyma/Tüm_çalışmalar/MOF Radyoaktif Gaz Adsorpsiyonu/data/processed/cif/pretrain_000819.cif,TAM
pretrain_000820,CuHC4O3,HF_COREMOF_GCMC,/home/rakeyma/Tüm_çalışmalar/MOF Radyoaktif Gaz Adsorpsiyonu/data/processed/cif/pretrain_000820.cif,CuHC4O3,False,False,-0.205978546369902,0.143063613898343,0.189134943314022,2.5852239851953995e+25,3.417753673141659e+25,2.7268008935398664,1.4997404914469266,1.3220338712288924,54,4,8.666666666666666,0.688888888888889,0.577510822409416,0.1111111111111111,KAYNAK_VERISI,/home/rakeyma/Tüm_çalışmalar/MOF Radyoaktif Gaz Adsorpsiyonu/data/processed/cif/pretrain_000820.cif,TAM
pretrain_000821,CuHC4O3,HF_COREMOF_GCMC,/home/rakeyma/Tüm_çalışmalar/MOF Radyoaktif Gaz Adsorpsiyonu/data/processed/cif/pretrain_000821.cif,CuHC4O3,False,False,-0.205978546369902,0.143063613898343,0.189134943314022,2.5852239851953995e+25,3.417753673141659e+25,2.7268008935398664,1.4997404914469266,1.3220338712288924,54,4,8.666666666666666,0.688888888888889,0.577510822409416,0.1111111111111111,KAYNAK_VERISI,/home/rakeyma/Tüm_çalışmalar/MOF Radyoaktif Gaz Adsorpsiyonu/data/processed/cif/pretrain_000821.cif,TAM
pretrain_000822,EuH3C9(NO2)3,HF_COREMOF_GCMC,/home/rakeyma/Tüm_çalışmalar/MOF Radyoaktif Gaz Adsorpsiyonu/data/processed/cif/pretrain_000822.cif,EuH3C9(NO2)3,False,False,-0.392826364855677,0.0304497683196859,0.05,8.209112099068205e+24,1.3479761180581744e+25,1.5,1.2,1.642048618401958,44,5,8.590909090909092,0.656818181818182,0.768988946604566,0.0454545454545454,KAYNAK_VERISI,/home/rakeyma/Tüm_çalışmalar/MOF Radyoaktif Gaz Adsorpsiyonu/data/processed/cif/pretrain_000822.cif,TAM
pretrain_000823,FePt(C4N)6,HF_COREMOF_GCMC,/home/rakeyma/Tüm_çalışmalar/MOF Radyoaktif Gaz Adsorpsiyonu/data/processed/cif/pretrain_000823.cif,FePt(C4N)6,False,False,-0.2456167983043996,0.0329745389841571,0.05,1.0566567994871069e+25,1.6022313458192472e+25,1.5976705699235996,1.2,1.516321426783945,32,4,9.0625,0.7328124999999999,0.4384347157787576,0.0625,KAYNAK_VERISI,/home/rakeyma/Tüm_çalışmalar/MOF Radyoaktif Gaz Adsorpsiyonu/data/processed/cif/pretrain_000823.cif,TAM
pretrain_000824,LaC12(ClO)6,HF_COREMOF_GCMC,/home/rakeyma/Tüm_çalışmalar/MOF Radyoaktif Gaz Adsorpsiyonu/data/processed/cif/pretrain_000824.cif,LaC12(ClO)6,False,False,-0.5688211219557444,0.0278556086912823,0.05,5.564325439575443e+24,9.987800843348366e+24,1.9871936116040632,1.2,1.7949706486093728,50,4,11.16,0.7979999999999999,0.90361427058231,0.04,KAYNAK_VERISI,/home/rakeyma/Tüm_çalışmalar/MOF Radyoaktif Gaz Adsorpsiyonu/data/processed/cif/pretrain_000824.cif,TAM
pretrain_000825,Eu(CO2)4,HF_COREMOF_GCMC,/home/rakeyma/Tüm_çalışmalar/MOF Radyoaktif Gaz Adsorpsiyonu/data/processed/cif/pretrain_000825.cif,Eu(CO2)4,False,False,-0.5117091379064104,0.1676946803013224,0.2642091498408622,2.652289226805732e+25,4.17877943705346e+25,4.972559745114409,2.734907859812925,1.5755368588086252,52,3,11.615384615384617,0.726923076923077,0.9208812204742924,0.0769230769230769,KAYNAK_VERISI,/home/rakeyma/Tüm_çalışmalar/MOF Radyoaktif Gaz Adsorpsiyonu/data/processed/cif/pretrain_000825.cif,TAM
pretrain_000826,EuHC6N2O5,HF_COREMOF_GCMC,/home/rakeyma/Tüm_çalışmalar/MOF Radyoaktif Gaz Adsorpsiyonu/data/processed/cif/pretrain_000826.cif,EuHC6N2O5,False,False,-0.272888177149816,0.0266630693681719,0.05,6.59103069616188e+24,1.235984988290522e+25,2.179271850871295,1.2,1.87525296917562,45,5,10.266666666666667,0.7066666666666668,0.768988946604566,0.0666666666666666,KAYNAK_VERISI,/home/rakeyma/Tüm_çalışmalar/MOF Radyoaktif Gaz Adsorpsiyonu/data/processed/cif/pretrain_000826.cif,TAM
pretrain_000827,CoHC4O3,HF_COREMOF_GCMC,/home/rakeyma/Tüm_çalışmalar/MOF Radyoaktif Gaz Adsorpsiyonu/data/processed/cif/pretrain_000827.cif,CoHC4O3,False,False,-0.3016874469803596,0.2027223446159727,0.2408156049896382,3.3889723538711354e+25,4.025789210541387e+25,3.325674945771934,1.829121220174564,1.1879085428191327,54,4,8.444444444444445,0.688888888888889,0.5829397481729994,0.1111111111111111,KAYNAK_VERISI,/home/rakeyma/Tüm_çalışmalar/MOF Radyoaktif Gaz Adsorpsiyonu/data/processed/cif/pretrain_000827.cif,TAM
pretrain_000828,NiPC3NO3,HF_COREMOF_GCMC,/home/rakeyma/Tüm_çalışmalar/MOF Radyoaktif Gaz Adsorpsiyonu/data/processed/cif/pretrain_000828.cif,NiPC3NO3,False,False,-0.3171504197678396,0.1707078254381231,0.2302082222670137,2.692186791180484e+25,3.630551403356974e+25,2.957968170983657,1.6268824940410116,1.348551079460958,54,5,10.22222222222222,0.7666666666666667,0.5554313638965664,0.1111111111111111,KAYNAK_VERISI,/home/rakeyma/Tüm_çalışmalar/MOF Radyoaktif Gaz Adsorpsiyonu/data/processed/cif/pretrain_000828.cif,TAM
pretrain_000829,LaC12(ClO)6,HF_COREMOF_GCMC,/home/rakeyma/Tüm_çalışmalar/MOF Radyoaktif Gaz Adsorpsiyonu/data/processed/cif/pretrain_000829.cif,LaC12(ClO)6,False,False,-0.5688211219557444,0.0278556086912823,0.05,5.564325439575443e+24,9.987800843348366e+24,1.9871936116040632,1.2,1.7949706486093728,50,4,11.16,0.7979999999999999,0.90361427058231,0.04,KAYNAK_VERISI,/home/rakeyma/Tüm_çalışmalar/MOF Radyoaktif Gaz Adsorpsiyonu/data/processed/cif/pretrain_000829.cif,TAM
pretrain_000830,CuH8(C2N)4,HF_COREMOF_GCMC,/home/rakeyma/Tüm_çalışmalar/MOF Radyoaktif Gaz Adsorpsiyonu/data/processed/cif/pretrain_000830.cif,CuH8(C2N)4,False,False,-0.3610565226138778,0.0464199914450388,0.0538203939291945,3.168457201349375e+25,3.6735813475175e+25,1.593554615268837,1.2,1.159422745540954,21,4,5.380952380952381,0.55,0.4242861652234256,0.0476190476190476,KAYNAK_VERISI,/home/rakeyma/Tüm_çalışmalar/MOF Radyoaktif Gaz Adsorpsiyonu/data/processed/cif/pretrain_000830.cif,TAM
pretrain_000831,CuHC4O3,HF_COREMOF_GCMC,/home/rakeyma/Tüm_çalışmalar/MOF Radyoaktif Gaz Adsorpsiyonu/data/processed/cif/pretrain_000831.cif,CuHC4O3,False,False,-0.205978546369902,0.143063613898343,0.189134943314022,2.5852239851953995e+25,3.417753673141659e+25,2.7268008935398664,1.4997404914469266,1.3220338712288924,54,4,8.666666666666666,0.688888888888889,0.577510822409416,0.1111111111111111,KAYNAK_VERISI,/home/rakeyma/Tüm_çalışmalar/MOF Radyoaktif Gaz Adsorpsiyonu/data/processed/cif/pretrain_000831.cif,TAM
pretrain_000832,MgH3(CO2)3,HF_COREMOF_GCMC,/home/rakeyma/Tüm_çalışmalar/MOF Radyoaktif Gaz Adsorpsiyonu/data/processed/cif/pretrain_000832.cif,MgH3(CO2)3,False,False,-0.2555940590495932,0.1172661287800369,0.1414060559937077,2.9217665416605936e+25,3.5232294908070165e+25,3.1553513543091047,1.7354432448700077,1.205855923315687,52,4,6.230769230769231,0.6115384615384617,0.7631677404083587,0.0769230769230769,KAYNAK_VERISI,/home/rakeyma/Tüm_çalışmalar/MOF Radyoaktif Gaz Adsorpsiyonu/data/processed/cif/pretrain_000832.cif,TAM
pretrain_000833,ZnH3(CO2)3,HF_COREMOF_GCMC,/home/rakeyma/Tüm_çalışmalar/MOF Radyoaktif Gaz Adsorpsiyonu/data/processed/cif/pretrain_000833.cif,ZnH3(CO2)3,False,False,-0.2426909561838627,0.0521053986633498,0.079530739606193,1.3063331714848035e+25,1.993913221383093e+25,2.354517765567317,1.2949847710620246,1.5263435583716922,52,4,7.615384615384615,0.6000000000000001,0.6504229393248673,0.0769230769230769,KAYNAK_VERISI,/home/rakeyma/Tüm_çalışmalar/MOF Radyoaktif Gaz Adsorpsiyonu/data/processed/cif/pretrain_000833.cif,TAM
pretrain_000834,EuHC6N2O5,HF_COREMOF_GCMC,/home/rakeyma/Tüm_çalışmalar/MOF Radyoaktif Gaz Adsorpsiyonu/data/processed/cif/pretrain_000834.cif,EuHC6N2O5,False,False,-0.272888177149816,0.0266630693681719,0.05,6.59103069616188e+24,1.235984988290522e+25,2.179271850871295,1.2,1.87525296917562,45,5,10.266666666666667,0.7066666666666668,0.768988946604566,0.0666666666666666,KAYNAK_VERISI,/home/rakeyma/Tüm_çalışmalar/MOF Radyoaktif Gaz Adsorpsiyonu/data/processed/cif/pretrain_000834.cif,TAM
pretrain_000835,YH4(CO2)4,HF_COREMOF_GCMC,/home/rakeyma/Tüm_çalışmalar/MOF Radyoaktif Gaz Adsorpsiyonu/data/processed/cif/pretrain_000835.cif,YH4(CO2)4,False,False,-0.2927306989086387,0.0290600682297266,0.05,1.224155585179548e+25,2.1062503630451072e+25,1.5,1.2,1.7205740745251603,34,4,7.705882352941177,0.6117647058823531,0.7949017234853627,0.0588235294117647,KAYNAK_VERISI,/home/rakeyma/Tüm_çalışmalar/MOF Radyoaktif Gaz Adsorpsiyonu/data/processed/cif/pretrain_000835.cif,TAM
pretrain_000836,MgHC4O3,HF_COREMOF_GCMC,/home/rakeyma/Tüm_çalışmalar/MOF Radyoaktif Gaz Adsorpsiyonu/data/processed/cif/pretrain_000836.cif,MgHC4O3,False,False,-0.3313131240628077,0.3302806347162024,0.3021580445778375,5.465608757842059e+25,5.000225508577311e+25,3.7153482452248734,2.0434415348736805,0.9148524400695502,54,4,6.777777777777778,0.7055555555555557,0.7631677404083587,0.1111111111111111,KAYNAK_VERISI,/home/rakeyma/Tüm_çalışmalar/MOF Radyoaktif Gaz Adsorpsiyonu/data/processed/cif/pretrain_000836.cif,TAM
pretrain_000837,CoHC4O3,HF_COREMOF_GCMC,/home/rakeyma/Tüm_çalışmalar/MOF Radyoaktif Gaz Adsorpsiyonu/data/processed/cif/pretrain_000837.cif,CoHC4O3,False,False,-0.3016874469803596,0.2027223446159727,0.2408156049896382,3.3889723538711354e+25,4.025789210541387e+25,3.325674945771934,1.829121220174564,1.1879085428191327,54,4,8.444444444444445,0.688888888888889,0.5829397481729994,0.1111111111111111,KAYNAK_VERISI,/home/rakeyma/Tüm_çalışmalar/MOF Radyoaktif Gaz Adsorpsiyonu/data/processed/cif/pretrain_000837.cif,TAM
pretrain_000838,CoHC4O3,HF_COREMOF_GCMC,/home/rakeyma/Tüm_çalışmalar/MOF Radyoaktif Gaz Adsorpsiyonu/data/processed/cif/pretrain_000838.cif,CoHC4O3,False,False,-0.3016874469803596,0.2027223446159727,0.2408156049896382,3.3889723538711354e+25,4.025789210541387e+25,3.325674945771934,1.829121220174564,1.1879085428191327,54,4,8.444444444444445,0.688888888888889,0.5829397481729994,0.1111111111111111,KAYNAK_VERISI,/home/rakeyma/Tüm_çalışmalar/MOF Radyoaktif Gaz Adsorpsiyonu/data/processed/cif/pretrain_000838.cif,TAM
pretrain_000839,Ho(CO2)4,HF_COREMOF_GCMC,/home/rakeyma/Tüm_çalışmalar/MOF Radyoaktif Gaz Adsorpsiyonu/data/processed/cif/pretrain_000839.cif,Ho(CO2)4,False,False,-0.4785943460144064,0.149978361712225,0.2528167403047898,2.441413362038037e+25,4.115461463109865e+25,4.837021143375599,2.66036162885658,1.6856881047273249,52,3,11.923076923076923,0.7192307692307693,0.9079035680560402,0.0769230769230769,KAYNAK_VERISI,/home/rakeyma/Tüm_çalışmalar/MOF Radyoaktif Gaz Adsorpsiyonu/data/processed/cif/pretrain_000839.cif,TAM
pretrain_000840,CoHC4O3,HF_COREMOF_GCMC,/home/rakeyma/Tüm_çalışmalar/MOF Radyoaktif Gaz Adsorpsiyonu/data/processed/cif/pretrain_000840.cif,CoHC4O3,False,False,-0.3016874469803596,0.2027223446159727,0.2408156049896382,3.3889723538711354e+25,4.025789210541387e+25,3.325674945771934,1.829121220174564,1.1879085428191327,54,4,8.444444444444445,0.688888888888889,0.5829397481729994,0.1111111111111111,KAYNAK_VERISI,/home/rakeyma/Tüm_çalışmalar/MOF Radyoaktif Gaz Adsorpsiyonu/data/processed/cif/pretrain_000840.cif,TAM
pretrain_000841,Co3H2(C4O5)2,HF_COREMOF_GCMC,/home/rakeyma/Tüm_çalışmalar/MOF Radyoaktif Gaz Adsorpsiyonu/data/processed/cif/pretrain_000841.cif,Co3H2(C4O5)2,False,False,-0.4127841478499249,0.0227706076114413,0.05,1.5142411204807568e+25,3.324990589447229e+25,1.5,1.2,2.195813166394251,23,4,9.173913043478262,0.7021739130434782,0.5829397481729994,0.1304347826086956,KAYNAK_VERISI,/home/rakeyma/Tüm_çalışmalar/MOF Radyoaktif Gaz Adsorpsiyonu/data/processed/cif/pretrain_000841.cif,TAM
pretrain_000842,Ho(CO2)4,HF_COREMOF_GCMC,/home/rakeyma/Tüm_çalışmalar/MOF Radyoaktif Gaz Adsorpsiyonu/data/processed/cif/pretrain_000842.cif,Ho(CO2)4,False,False,-0.4785943460144064,0.149978361712225,0.2528167403047898,2.441413362038037e+25,4.115461463109865e+25,4.837021143375599,2.66036162885658,1.6856881047273249,52,3,11.923076923076923,0.7192307692307693,0.9079035680560402,0.0769230769230769,KAYNAK_VERISI,/home/rakeyma/Tüm_çalışmalar/MOF Radyoaktif Gaz Adsorpsiyonu/data/processed/cif/pretrain_000842.cif,TAM
pretrain_000843,ZnHC4O3,HF_COREMOF_GCMC,/home/rakeyma/Tüm_çalışmalar/MOF Radyoaktif Gaz Adsorpsiyonu/data/processed/cif/pretrain_000843.cif,ZnHC4O3,False,False,-0.2677312773291185,0.2068786041617683,0.2515640963015523,3.3991159257691533e+25,4.133320260715269e+25,3.442719217267522,1.8934955694971372,1.2159986158106626,54,4,8.777777777777779,0.688888888888889,0.6504229393248673,0.1111111111111111,KAYNAK_VERISI,/home/rakeyma/Tüm_çalışmalar/MOF Radyoaktif Gaz Adsorpsiyonu/data/processed/cif/pretrain_000843.cif,TAM
pretrain_000844,CoHC4O3,HF_COREMOF_GCMC,/home/rakeyma/Tüm_çalışmalar/MOF Radyoaktif Gaz Adsorpsiyonu/data/processed/cif/pretrain_000844.cif,CoHC4O3,False,False,-0.3016874469803596,0.2027223446159727,0.2408156049896382,3.3889723538711354e+25,4.025789210541387e+25,3.325674945771934,1.829121220174564,1.1879085428191327,54,4,8.444444444444445,0.688888888888889,0.5829397481729994,0.1111111111111111,KAYNAK_VERISI,/home/rakeyma/Tüm_çalışmalar/MOF Radyoaktif Gaz Adsorpsiyonu/data/processed/cif/pretrain_000844.cif,TAM
pretrain_000845,SrU2P2H4(C3O4)2,HF_COREMOF_GCMC,/home/rakeyma/Tüm_çalışmalar/MOF Radyoaktif Gaz Adsorpsiyonu/data/processed/cif/pretrain_000845.cif,SrU2P2H4(C3O4)2,False,False,-0.5660985795729906,0.0161233082656799,0.05,3.968439746241035e+24,1.2306530647585094e+25,1.5918567931821002,1.2,3.10110054190492,46,6,15.478260869565217,0.7608695652173915,0.8015696406981049,0.1304347826086956,KAYNAK_VERISI,/home/rakeyma/Tüm_çalışmalar/MOF Radyoaktif Gaz Adsorpsiyonu/data/processed/cif/pretrain_000845.cif,TAM
pretrain_000846,EuH6C12(SO2)3,HF_COREMOF_GCMC,/home/rakeyma/Tüm_çalışmalar/MOF Radyoaktif Gaz Adsorpsiyonu/data/processed/cif/pretrain_000846.cif,EuH6C12(SO2)3,False,False,-0.412201563334197,0.2020466797093128,0.2504674305847825,3.336664515864815e+25,4.136300528246477e+25,5.079742204819134,2.793858212650524,1.2396513070402009,56,5,8.464285714285714,0.6553571428571429,0.7233698915492681,0.0357142857142857,KAYNAK_VERISI,/home/rakeyma/Tüm_çalışmalar/MOF Radyoaktif Gaz Adsorpsiyonu/data/processed/cif/pretrain_000846.cif,TAM
pretrain_000847,CuHC4O3,HF_COREMOF_GCMC,/home/rakeyma/Tüm_çalışmalar/MOF Radyoaktif Gaz Adsorpsiyonu/data/processed/cif/pretrain_000847.cif,CuHC4O3,False,False,-0.205978546369902,0.143063613898343,0.189134943314022,2.5852239851953995e+25,3.417753673141659e+25,2.7268008935398664,1.4997404914469266,1.3220338712288924,54,4,8.666666666666666,0.688888888888889,0.577510822409416,0.1111111111111111,KAYNAK_VERISI,/home/rakeyma/Tüm_çalışmalar/MOF Radyoaktif Gaz Adsorpsiyonu/data/processed/cif/pretrain_000847.cif,TAM
pretrain_000848,Ho(CO2)4,HF_COREMOF_GCMC,/home/rakeyma/Tüm_çalışmalar/MOF Radyoaktif Gaz Adsorpsiyonu/data/processed/cif/pretrain_000848.cif,Ho(CO2)4,False,False,-0.4785943460144064,0.149978361712225,0.2528167403047898,2.441413362038037e+25,4.115461463109865e+25,4.837021143375599,2.66036162885658,1.6856881047273249,52,3,11.923076923076923,0.7192307692307693,0.9079035680560402,0.0769230769230769,KAYNAK_VERISI,/home/rakeyma/Tüm_çalışmalar/MOF Radyoaktif Gaz Adsorpsiyonu/data/processed/cif/pretrain_000848.cif,TAM
pretrain_000849,Cd(CO2)4,HF_COREMOF_GCMC,/home/rakeyma/Tüm_çalışmalar/MOF Radyoaktif Gaz Adsorpsiyonu/data/processed/cif/pretrain_000849.cif,Cd(CO2)4,False,False,-0.2440178580712028,0.0704500841992481,0.1217583836549003,1.3898865619909783e+25,2.402131142569935e+25,3.029836813613426,1.6664102474873843,1.7282929472524298,52,3,10.461538461538462,0.703846153846154,0.7144695001654492,0.0769230769230769,KAYNAK_VERISI,/home/rakeyma/Tüm_çalışmalar/MOF Radyoaktif Gaz Adsorpsiyonu/data/processed/cif/pretrain_000849.cif,TAM
pretrain_000850,CoHC4O3,HF_COREMOF_GCMC,/home/rakeyma/Tüm_çalışmalar/MOF Radyoaktif Gaz Adsorpsiyonu/data/processed/cif/pretrain_000850.cif,CoHC4O3,False,False,-0.3016874469803596,0.2027223446159727,0.2408156049896382,3.3889723538711354e+25,4.025789210541387e+25,3.325674945771934,1.829121220174564,1.1879085428191327,54,4,8.444444444444445,0.688888888888889,0.5829397481729994,0.1111111111111111,KAYNAK_VERISI,/home/rakeyma/Tüm_çalışmalar/MOF Radyoaktif Gaz Adsorpsiyonu/data/processed/cif/pretrain_000850.cif,TAM
pretrain_000851,Ho(CO2)4,HF_COREMOF_GCMC,/home/rakeyma/Tüm_çalışmalar/MOF Radyoaktif Gaz Adsorpsiyonu/data/processed/cif/pretrain_000851.cif,Ho(CO2)4,False,False,-0.4785943460144064,0.149978361712225,0.2528167403047898,2.441413362038037e+25,4.115461463109865e+25,4.837021143375599,2.66036162885658,1.6856881047273249,52,3,11.923076923076923,0.7192307692307693,0.9079035680560402,0.0769230769230769,KAYNAK_VERISI,/home/rakeyma/Tüm_çalışmalar/MOF Radyoaktif Gaz Adsorpsiyonu/data/processed/cif/pretrain_000851.cif,TAM
pretrain_000852,TbH8C8(NO3)2,HF_COREMOF_GCMC,/home/rakeyma/Tüm_çalışmalar/MOF Radyoaktif Gaz Adsorpsiyonu/data/processed/cif/pretrain_000852.cif,TbH8C8(NO3)2,False,False,-0.4850084406581334,0.0248116621265863,0.05,8.506364654357456e+24,1.714186782602257e+25,1.6927034589673409,1.2,2.015181399170503,50,5,7.32,0.5700000000000001,0.8027353237524806,0.04,KAYNAK_VERISI,/home/rakeyma/Tüm_çalışmalar/MOF Radyoaktif Gaz Adsorpsiyonu/data/processed/cif/pretrain_000852.cif,TAM
pretrain_000853,CuH8(C2N)4,HF_COREMOF_GCMC,/home/rakeyma/Tüm_çalışmalar/MOF Radyoaktif Gaz Adsorpsiyonu/data/processed/cif/pretrain_000853.cif,CuH8(C2N)4,False,False,-0.3595788678012127,0.055565211083506,0.0637476421433295,3.752883638938055e+25,4.305526399621553e+25,1.7305181678393635,1.2,1.1472581656807983,21,4,5.380952380952381,0.55,0.4242861652234256,0.0476190476190476,KAYNAK_VERISI,/home/rakeyma/Tüm_çalışmalar/MOF Radyoaktif Gaz Adsorpsiyonu/data/processed/cif/pretrain_000853.cif,TAM
pretrain_000854,CoHC4O3,HF_COREMOF_GCMC,/home/rakeyma/Tüm_çalışmalar/MOF Radyoaktif Gaz Adsorpsiyonu/data/processed/cif/pretrain_000854.cif,CoHC4O3,False,False,-0.3016874469803596,0.2027223446159727,0.2408156049896382,3.3889723538711354e+25,4.025789210541387e+25,3.325674945771934,1.829121220174564,1.1879085428191327,54,4,8.444444444444445,0.688888888888889,0.5829397481729994,0.1111111111111111,KAYNAK_VERISI,/home/rakeyma/Tüm_çalışmalar/MOF Radyoaktif Gaz Adsorpsiyonu/data/processed/cif/pretrain_000854.cif,TAM
pretrain_000855,CoH2(C5O4)2,HF_COREMOF_GCMC,/home/rakeyma/Tüm_çalışmalar/MOF Radyoaktif Gaz Adsorpsiyonu/data/processed/cif/pretrain_000855.cif,CoH2(C5O4)2,False,False,-0.3784596331813235,0.1005405761189952,0.1229267183615102,2.6193604358118272e+25,3.202581435372236e+25,2.517022497100686,1.3843623734053774,1.222657787598311,42,4,7.285714285714286,0.6500000000000001,0.5829397481729994,0.0476190476190476,KAYNAK_VERISI,/home/rakeyma/Tüm_çalışmalar/MOF Radyoaktif Gaz Adsorpsiyonu/data/processed/cif/pretrain_000855.cif,TAM
pretrain_000856,CoHC4O3,HF_COREMOF_GCMC,/home/rakeyma/Tüm_çalışmalar/MOF Radyoaktif Gaz Adsorpsiyonu/data/processed/cif/pretrain_000856.cif,CoHC4O3,False,False,-0.3016874469803596,0.2027223446159727,0.2408156049896382,3.3889723538711354e+25,4.025789210541387e+25,3.325674945771934,1.829121220174564,1.1879085428191327,54,4,8.444444444444445,0.688888888888889,0.5829397481729994,0.1111111111111111,KAYNAK_VERISI,/home/rakeyma/Tüm_çalışmalar/MOF Radyoaktif Gaz Adsorpsiyonu/data/processed/cif/pretrain_000856.cif,TAM
pretrain_000857,ZnCrH18C14(N2O)2,HF_COREMOF_GCMC,/home/rakeyma/Tüm_çalışmalar/MOF Radyoaktif Gaz Adsorpsiyonu/data/processed/cif/pretrain_000857.cif,ZnCrH18C14(N2O)2,False,False,-0.4760620884541638,0.0960454740280064,0.1018516660070818,3.424507411877276e+25,3.6315275517469383e+25,2.2145268798608373,1.2179897839234606,1.0604525308228716,40,6,5.0,0.52125,0.6658995586589784,0.05,KAYNAK_VERISI,/home/rakeyma/Tüm_çalışmalar/MOF Radyoaktif Gaz Adsorpsiyonu/data/processed/cif/pretrain_000857.cif,TAM
pretrain_000858,NiPC3NO3,HF_COREMOF_GCMC,/home/rakeyma/Tüm_çalışmalar/MOF Radyoaktif Gaz Adsorpsiyonu/data/processed/cif/pretrain_000858.cif,NiPC3NO3,False,False,-0.3485933667046691,0.1803255305781985,0.2400645595842839,2.80745244448194e+25,3.737517546613345e+25,3.0524746918998127,1.6788610805448971,1.3312843656388382,54,5,10.22222222222222,0.7666666666666667,0.5554313638965664,0.1111111111111111,KAYNAK_VERISI,/home/rakeyma/Tüm_çalışmalar/MOF Radyoaktif Gaz Adsorpsiyonu/data/processed/cif/pretrain_000858.cif,TAM
pretrain_000859,CoHC4O3,HF_COREMOF_GCMC,/home/rakeyma/Tüm_çalışmalar/MOF Radyoaktif Gaz Adsorpsiyonu/data/processed/cif/pretrain_000859.cif,CoHC4O3,False,False,-0.3016874469803596,0.2027223446159727,0.2408156049896382,3.3889723538711354e+25,4.025789210541387e+25,3.325674945771934,1.829121220174564,1.1879085428191327,54,4,8.444444444444445,0.688888888888889,0.5829397481729994,0.1111111111111111,KAYNAK_VERISI,/home/rakeyma/Tüm_çalışmalar/MOF Radyoaktif Gaz Adsorpsiyonu/data/processed/cif/pretrain_000859.cif,TAM
pretrain_000860,KZn2C6O13,HF_COREMOF_GCMC,/home/rakeyma/Tüm_çalışmalar/MOF Radyoaktif Gaz Adsorpsiyonu/data/processed/cif/pretrain_000860.cif,KZn2C6O13,False,False,-0.1773071090542571,0.1125509716386658,0.151814024420302,2.2218014325317653e+25,2.996869880593398e+25,3.093297912431,1.70131385183705,1.348846857650296,44,4,9.954545454545457,0.7681818181818183,0.979553469699332,0.1363636363636363,KAYNAK_VERISI,/home/rakeyma/Tüm_çalışmalar/MOF Radyoaktif Gaz Adsorpsiyonu/data/processed/cif/pretrain_000860.cif,TAM
pretrain_000861,CoHC4O3,HF_COREMOF_GCMC,/home/rakeyma/Tüm_çalışmalar/MOF Radyoaktif Gaz Adsorpsiyonu/data/processed/cif/pretrain_000861.cif,CoHC4O3,False,False,-0.3016874469803596,0.2027223446159727,0.2408156049896382,3.3889723538711354e+25,4.025789210541387e+25,3.325674945771934,1.829121220174564,1.1879085428191327,54,4,8.444444444444445,0.688888888888889,0.5829397481729994,0.1111111111111111,KAYNAK_VERISI,/home/rakeyma/Tüm_çalışmalar/MOF Radyoaktif Gaz Adsorpsiyonu/data/processed/cif/pretrain_000861.cif,TAM
pretrain_000862,ErH4(CO2)4,HF_COREMOF_GCMC,/home/rakeyma/Tüm_çalışmalar/MOF Radyoaktif Gaz Adsorpsiyonu/data/processed/cif/pretrain_000862.cif,ErH4(CO2)4,False,False,-0.2729219457086594,0.0236006670386222,0.05,9.4800095235009e+24,2.008419827284324e+25,1.5,1.2,2.118584187395024,34,4,9.411764705882351,0.6088235294117648,0.7877935960643498,0.0588235294117647,KAYNAK_VERISI,/home/rakeyma/Tüm_çalışmalar/MOF Radyoaktif Gaz Adsorpsiyonu/data/processed/cif/pretrain_000862.cif,TAM
pretrain_000863,PrC15NO6,HF_COREMOF_GCMC,/home/rakeyma/Tüm_çalışmalar/MOF Radyoaktif Gaz Adsorpsiyonu/data/processed/cif/pretrain_000863.cif,PrC15NO6,False,False,-0.4550266369819142,0.0339311027795692,0.05,7.638365937384501e+24,1.125569950821604e+25,2.1533334623322977,1.2,1.4735742697436376,46,4,8.869565217391305,0.7217391304347828,0.872954752550211,0.0434782608695652,KAYNAK_VERISI,/home/rakeyma/Tüm_çalışmalar/MOF Radyoaktif Gaz Adsorpsiyonu/data/processed/cif/pretrain_000863.cif,TAM
pretrain_000864,MgPHCO6,HF_COREMOF_GCMC,/home/rakeyma/Tüm_çalışmalar/MOF Radyoaktif Gaz Adsorpsiyonu/data/processed/cif/pretrain_000864.cif,MgPHCO6,False,False,-0.3514950327118205,0.0918349361792421,0.1349985755511485,2.705562218012952e+25,3.977212384444526e+25,1.9888527039069892,1.2,1.4700132778190231,40,5,8.2,0.7050000000000001,0.6865974075103983,0.1,KAYNAK_VERISI,/home/rakeyma/Tüm_çalışmalar/MOF Radyoaktif Gaz Adsorpsiyonu/data/processed/cif/pretrain_000864.cif,TAM
pretrain_000865,CuH2C8N4(OF)2,HF_COREMOF_GCMC,/home/rakeyma/Tüm_çalışmalar/MOF Radyoaktif Gaz Adsorpsiyonu/data/processed/cif/pretrain_000865.cif,CuH2C8N4(OF)2,False,False,-0.4599689216924911,0.0621677291567671,0.0835469979729396,1.912563937552424e+25,2.57028811541231e+25,2.076788150348894,1.2,1.3438965699110683,38,6,7.421052631578948,0.6447368421052632,0.7160171475289928,0.0526315789473684,KAYNAK_VERISI,/home/rakeyma/Tüm_çalışmalar/MOF Radyoaktif Gaz Adsorpsiyonu/data/processed/cif/pretrain_000865.cif,TAM
pretrain_000866,CoPC3NO3,HF_COREMOF_GCMC,/home/rakeyma/Tüm_çalışmalar/MOF Radyoaktif Gaz Adsorpsiyonu/data/processed/cif/pretrain_000866.cif,CoPC3NO3,False,False,-0.339007787587708,0.1898965143943221,0.2483097013590397,2.900170840812462e+25,3.792278956089516e+25,3.13185845514548,1.722522150330014,1.3076053668021623,54,5,10.11111111111111,0.7666666666666667,0.5632406235349152,0.1111111111111111,KAYNAK_VERISI,/home/rakeyma/Tüm_çalışmalar/MOF Radyoaktif Gaz Adsorpsiyonu/data/processed/cif/pretrain_000866.cif,TAM
pretrain_000867,CuHC4O3,HF_COREMOF_GCMC,/home/rakeyma/Tüm_çalışmalar/MOF Radyoaktif Gaz Adsorpsiyonu/data/processed/cif/pretrain_000867.cif,CuHC4O3,False,False,-0.205978546369902,0.143063613898343,0.189134943314022,2.5852239851953995e+25,3.417753673141659e+25,2.7268008935398664,1.4997404914469266,1.3220338712288924,54,4,8.666666666666666,0.688888888888889,0.577510822409416,0.1111111111111111,KAYNAK_VERISI,/home/rakeyma/Tüm_çalışmalar/MOF Radyoaktif Gaz Adsorpsiyonu/data/processed/cif/pretrain_000867.cif,TAM
pretrain_000868,CoHC4O3,HF_COREMOF_GCMC,/home/rakeyma/Tüm_çalışmalar/MOF Radyoaktif Gaz Adsorpsiyonu/data/processed/cif/pretrain_000868.cif,CoHC4O3,False,False,-0.3016874469803596,0.2027223446159727,0.2408156049896382,3.3889723538711354e+25,4.025789210541387e+25,3.325674945771934,1.829121220174564,1.1879085428191327,54,4,8.444444444444445,0.688888888888889,0.5829397481729994,0.1111111111111111,KAYNAK_VERISI,/home/rakeyma/Tüm_çalışmalar/MOF Radyoaktif Gaz Adsorpsiyonu/data/processed/cif/pretrain_000868.cif,TAM
pretrain_000869,ErH4(CO2)4,HF_COREMOF_GCMC,/home/rakeyma/Tüm_çalışmalar/MOF Radyoaktif Gaz Adsorpsiyonu/data/processed/cif/pretrain_000869.cif,ErH4(CO2)4,False,False,-0.2729219457086594,0.0236006670386222,0.05,9.4800095235009e+24,2.008419827284324e+25,1.5,1.2,2.118584187395024,34,4,9.411764705882351,0.6088235294117648,0.7877935960643498,0.0588235294117647,KAYNAK_VERISI,/home/rakeyma/Tüm_çalışmalar/MOF Radyoaktif Gaz Adsorpsiyonu/data/processed/cif/pretrain_000869.cif,TAM
pretrain_000870,ZnHC4O3,HF_COREMOF_GCMC,/home/rakeyma/Tüm_çalışmalar/MOF Radyoaktif Gaz Adsorpsiyonu/data/processed/cif/pretrain_000870.cif,ZnHC4O3,False,False,-0.2677312773291185,0.2068786041617683,0.2515640963015523,3.3991159257691533e+25,4.133320260715269e+25,3.442719217267522,1.8934955694971372,1.2159986158106626,54,4,8.777777777777779,0.688888888888889,0.6504229393248673,0.1111111111111111,KAYNAK_VERISI,/home/rakeyma/Tüm_çalışmalar/MOF Radyoaktif Gaz Adsorpsiyonu/data/processed/cif/pretrain_000870.cif,TAM
pretrain_000871,Ho(CO2)4,HF_COREMOF_GCMC,/home/rakeyma/Tüm_çalışmalar/MOF Radyoaktif Gaz Adsorpsiyonu/data/processed/cif/pretrain_000871.cif,Ho(CO2)4,False,False,-0.4785943460144064,0.149978361712225,0.2528167403047898,2.441413362038037e+25,4.115461463109865e+25,4.837021143375599,2.66036162885658,1.6856881047273249,52,3,11.923076923076923,0.7192307692307693,0.9079035680560402,0.0769230769230769,KAYNAK_VERISI,/home/rakeyma/Tüm_çalışmalar/MOF Radyoaktif Gaz Adsorpsiyonu/data/processed/cif/pretrain_000871.cif,TAM
pretrain_000872,MnHC4O3,HF_COREMOF_GCMC,/home/rakeyma/Tüm_çalışmalar/MOF Radyoaktif Gaz Adsorpsiyonu/data/processed/cif/pretrain_000872.cif,MnHC4O3,False,False,-0.3566730252319013,0.250478780251175,0.2732752104856126,3.946863419937481e+25,4.306073076369193e+25,3.5594545584836754,1.957700007166021,1.0910114230498005,54,4,8.222222222222221,0.6944444444444445,0.6822206387965699,0.1111111111111111,KAYNAK_VERISI,/home/rakeyma/Tüm_çalışmalar/MOF Radyoaktif Gaz Adsorpsiyonu/data/processed/cif/pretrain_000872.cif,TAM
pretrain_000873,ZnHC4O3,HF_COREMOF_GCMC,/home/rakeyma/Tüm_çalışmalar/MOF Radyoaktif Gaz Adsorpsiyonu/data/processed/cif/pretrain_000873.cif,ZnHC4O3,False,False,-0.2677312773291185,0.2068786041617683,0.2515640963015523,3.3991159257691533e+25,4.133320260715269e+25,3.442719217267522,1.8934955694971372,1.2159986158106626,54,4,8.777777777777779,0.688888888888889,0.6504229393248673,0.1111111111111111,KAYNAK_VERISI,/home/rakeyma/Tüm_çalışmalar/MOF Radyoaktif Gaz Adsorpsiyonu/data/processed/cif/pretrain_000873.cif,TAM
pretrain_000874,LiH4C6NO2,HF_COREMOF_GCMC,/home/rakeyma/Tüm_çalışmalar/MOF Radyoaktif Gaz Adsorpsiyonu/data/processed/cif/pretrain_000874.cif,LiH4C6NO2,False,False,-0.2825271100948334,0.0494461371087052,0.05,1.275812609503011e+25,1.290103417682752e+25,1.5,1.2,1.0112013379341875,56,5,4.714285714285714,0.6071428571428571,0.84395260530435,0.0714285714285714,KAYNAK_VERISI,/home/rakeyma/Tüm_çalışmalar/MOF Radyoaktif Gaz Adsorpsiyonu/data/processed/cif/pretrain_000874.cif,TAM
pretrain_000875,CoHC4O3,HF_COREMOF_GCMC,/home/rakeyma/Tüm_çalışmalar/MOF Radyoaktif Gaz Adsorpsiyonu/data/processed/cif/pretrain_000875.cif,CoHC4O3,False,False,-0.3016874469803596,0.2027223446159727,0.2408156049896382,3.3889723538711354e+25,4.025789210541387e+25,3.325674945771934,1.829121220174564,1.1879085428191327,54,4,8.444444444444445,0.688888888888889,0.5829397481729994,0.1111111111111111,KAYNAK_VERISI,/home/rakeyma/Tüm_çalışmalar/MOF Radyoaktif Gaz Adsorpsiyonu/data/processed/cif/pretrain_000875.cif,TAM
pretrain_000876,CoHC4O3,HF_COREMOF_GCMC,/home/rakeyma/Tüm_çalışmalar/MOF Radyoaktif Gaz Adsorpsiyonu/data/processed/cif/pretrain_000876.cif,CoHC4O3,False,False,-0.3016874469803596,0.2027223446159727,0.2408156049896382,3.3889723538711354e+25,4.025789210541387e+25,3.325674945771934,1.829121220174564,1.1879085428191327,54,4,8.444444444444445,0.688888888888889,0.5829397481729994,0.1111111111111111,KAYNAK_VERISI,/home/rakeyma/Tüm_çalışmalar/MOF Radyoaktif Gaz Adsorpsiyonu/data/processed/cif/pretrain_000876.cif,TAM
pretrain_000877,Cd(CN)2,HF_COREMOF_GCMC,/home/rakeyma/Tüm_çalışmalar/MOF Radyoaktif Gaz Adsorpsiyonu/data/processed/cif/pretrain_000877.cif,Cd(CN)2,False,False,-0.1874904686687049,0.5573601854382192,0.5680063041041364,5.686563507447499e+25,5.7951823709459045e+25,6.681966667690911,3.675081667230001,1.0191009672812326,40,3,14.8,0.85,0.557992433242204,0.2,KAYNAK_VERISI,/home/rakeyma/Tüm_çalışmalar/MOF Radyoaktif Gaz Adsorpsiyonu/data/processed/cif/pretrain_000877.cif,TAM
pretrain_000878,CoHC4O3,HF_COREMOF_GCMC,/home/rakeyma/Tüm_çalışmalar/MOF Radyoaktif Gaz Adsorpsiyonu/data/processed/cif/pretrain_000878.cif,CoHC4O3,False,False,-0.3016874469803596,0.2027223446159727,0.2408156049896382,3.3889723538711354e+25,4.025789210541387e+25,3.325674945771934,1.829121220174564,1.1879085428191327,54,4,8.444444444444445,0.688888888888889,0.5829397481729994,0.1111111111111111,KAYNAK_VERISI,/home/rakeyma/Tüm_çalışmalar/MOF Radyoaktif Gaz Adsorpsiyonu/data/processed/cif/pretrain_000878.cif,TAM
pretrain_000879,Ho(CO2)4,HF_COREMOF_GCMC,/home/rakeyma/Tüm_çalışmalar/MOF Radyoaktif Gaz Adsorpsiyonu/data/processed/cif/pretrain_000879.cif,Ho(CO2)4,False,False,-0.4785943460144064,0.149978361712225,0.2528167403047898,2.441413362038037e+25,4.115461463109865e+25,4.837021143375599,2.66036162885658,1.6856881047273249,52,3,11.923076923076923,0.7192307692307693,0.9079035680560402,0.0769230769230769,KAYNAK_VERISI,/home/rakeyma/Tüm_çalışmalar/MOF Radyoaktif Gaz Adsorpsiyonu/data/processed/cif/pretrain_000879.cif,TAM
pretrain_000880,CoHC4O3,HF_COREMOF_GCMC,/home/rakeyma/Tüm_çalışmalar/MOF Radyoaktif Gaz Adsorpsiyonu/data/processed/cif/pretrain_000880.cif,CoHC4O3,False,False,-0.3016874469803596,0.2027223446159727,0.2408156049896382,3.3889723538711354e+25,4.025789210541387e+25,3.325674945771934,1.829121220174564,1.1879085428191327,54,4,8.444444444444445,0.688888888888889,0.5829397481729994,0.1111111111111111,KAYNAK_VERISI,/home/rakeyma/Tüm_çalışmalar/MOF Radyoaktif Gaz Adsorpsiyonu/data/processed/cif/pretrain_000880.cif,TAM
pretrain_000881,CoHC4O3,HF_COREMOF_GCMC,/home/rakeyma/Tüm_çalışmalar/MOF Radyoaktif Gaz Adsorpsiyonu/data/processed/cif/pretrain_000881.cif,CoHC4O3,False,False,-0.3016874469803596,0.2027223446159727,0.2408156049896382,3.3889723538711354e+25,4.025789210541387e+25,3.325674945771934,1.829121220174564,1.1879085428191327,54,4,8.444444444444445,0.688888888888889,0.5829397481729994,0.1111111111111111,KAYNAK_VERISI,/home/rakeyma/Tüm_çalışmalar/MOF Radyoaktif Gaz Adsorpsiyonu/data/processed/cif/pretrain_000881.cif,TAM
pretrain_000882,LaH12(C3O2)3,HF_COREMOF_GCMC,/home/rakeyma/Tüm_çalışmalar/MOF Radyoaktif Gaz Adsorpsiyonu/data/processed/cif/pretrain_000882.cif,LaH12(C3O2)3,False,False,-0.5404922003596414,0.0336387909860122,0.05,9.272713852045872e+24,1.378276920817647e+25,2.068139272389556,1.2,1.4863792227488537,56,4,6.107142857142857,0.5303571428571429,0.8381639159496189,0.0357142857142857,KAYNAK_VERISI,/home/rakeyma/Tüm_çalışmalar/MOF Radyoaktif Gaz Adsorpsiyonu/data/processed/cif/pretrain_000882.cif,TAM
pretrain_000883,FeC13N8,HF_COREMOF_GCMC,/home/rakeyma/Tüm_çalışmalar/MOF Radyoaktif Gaz Adsorpsiyonu/data/processed/cif/pretrain_000883.cif,FeC13N8,False,False,-0.2734185449116443,0.0535983896031382,0.0631455775754984,1.2832962175530348e+25,1.5118827535276213e+25,1.8426937167658024,1.2,1.1781245302900143,44,3,7.272727272727272,0.7136363636363634,0.4969462300446151,0.0454545454545454,KAYNAK_VERISI,/home/rakeyma/Tüm_çalışmalar/MOF Radyoaktif Gaz Adsorpsiyonu/data/processed/cif/pretrain_000883.cif,TAM
pretrain_000884,EuHC6N2O5,HF_COREMOF_GCMC,/home/rakeyma/Tüm_çalışmalar/MOF Radyoaktif Gaz Adsorpsiyonu/data/processed/cif/pretrain_000884.cif,EuHC6N2O5,False,False,-0.272888177149816,0.0266630693681719,0.05,6.59103069616188e+24,1.235984988290522e+25,2.179271850871295,1.2,1.87525296917562,45,5,10.266666666666667,0.7066666666666668,0.768988946604566,0.0666666666666666,KAYNAK_VERISI,/home/rakeyma/Tüm_çalışmalar/MOF Radyoaktif Gaz Adsorpsiyonu/data/processed/cif/pretrain_000884.cif,TAM
pretrain_000885,CuHC4O3,HF_COREMOF_GCMC,/home/rakeyma/Tüm_çalışmalar/MOF Radyoaktif Gaz Adsorpsiyonu/data/processed/cif/pretrain_000885.cif,CuHC4O3,False,False,-0.205978546369902,0.143063613898343,0.189134943314022,2.5852239851953995e+25,3.417753673141659e+25,2.7268008935398664,1.4997404914469266,1.3220338712288924,54,4,8.666666666666666,0.688888888888889,0.577510822409416,0.1111111111111111,KAYNAK_VERISI,/home/rakeyma/Tüm_çalışmalar/MOF Radyoaktif Gaz Adsorpsiyonu/data/processed/cif/pretrain_000885.cif,TAM
pretrain_000886,NiPC3NO3,HF_COREMOF_GCMC,/home/rakeyma/Tüm_çalışmalar/MOF Radyoaktif Gaz Adsorpsiyonu/data/processed/cif/pretrain_000886.cif,NiPC3NO3,False,False,-0.3171504197678396,0.1707078254381231,0.2302082222670137,2.692186791180484e+25,3.630551403356974e+25,2.957968170983657,1.6268824940410116,1.348551079460958,54,5,10.22222222222222,0.7666666666666667,0.5554313638965664,0.1111111111111111,KAYNAK_VERISI,/home/rakeyma/Tüm_çalışmalar/MOF Radyoaktif Gaz Adsorpsiyonu/data/processed/cif/pretrain_000886.cif,TAM
pretrain_000887,Ho(CO2)4,HF_COREMOF_GCMC,/home/rakeyma/Tüm_çalışmalar/MOF Radyoaktif Gaz Adsorpsiyonu/data/processed/cif/pretrain_000887.cif,Ho(CO2)4,False,False,-0.4785943460144064,0.149978361712225,0.2528167403047898,2.441413362038037e+25,4.115461463109865e+25,4.837021143375599,2.66036162885658,1.6856881047273249,52,3,11.923076923076923,0.7192307692307693,0.9079035680560402,0.0769230769230769,KAYNAK_VERISI,/home/rakeyma/Tüm_çalışmalar/MOF Radyoaktif Gaz Adsorpsiyonu/data/processed/cif/pretrain_000887.cif,TAM
pretrain_000888,CuH8(C2N)4,HF_COREMOF_GCMC,/home/rakeyma/Tüm_çalışmalar/MOF Radyoaktif Gaz Adsorpsiyonu/data/processed/cif/pretrain_000888.cif,CuH8(C2N)4,False,False,-0.3595788678012127,0.055565211083506,0.0637476421433295,3.752883638938055e+25,4.305526399621553e+25,1.7305181678393635,1.2,1.1472581656807983,21,4,5.380952380952381,0.55,0.4242861652234256,0.0476190476190476,KAYNAK_VERISI,/home/rakeyma/Tüm_çalışmalar/MOF Radyoaktif Gaz Adsorpsiyonu/data/processed/cif/pretrain_000888.cif,TAM
pretrain_000889,EuH3C9(NO2)3,HF_COREMOF_GCMC,/home/rakeyma/Tüm_çalışmalar/MOF Radyoaktif Gaz Adsorpsiyonu/data/processed/cif/pretrain_000889.cif,EuH3C9(NO2)3,False,False,-0.392826364855677,0.0304497683196859,0.05,8.209112099068205e+24,1.3479761180581744e+25,1.5,1.2,1.642048618401958,44,5,8.590909090909092,0.656818181818182,0.768988946604566,0.0454545454545454,KAYNAK_VERISI,/home/rakeyma/Tüm_çalışmalar/MOF Radyoaktif Gaz Adsorpsiyonu/data/processed/cif/pretrain_000889.cif,TAM
pretrain_000890,Fe2C4Cl2O9,HF_COREMOF_GCMC,/home/rakeyma/Tüm_çalışmalar/MOF Radyoaktif Gaz Adsorpsiyonu/data/processed/cif/pretrain_000890.cif,Fe2C4Cl2O9,False,False,-0.1945708216821267,0.1207959175776015,0.1851451817186259,3.2545086912313037e+25,4.988219926023356e+25,3.77704173503509,2.0773729542693,1.5327105868431787,34,4,10.705882352941176,0.7647058823529411,0.6185668920981788,0.1176470588235294,KAYNAK_VERISI,/home/rakeyma/Tüm_çalışmalar/MOF Radyoaktif Gaz Adsorpsiyonu/data/processed/cif/pretrain_000890.cif,TAM
pretrain_000891,ZnHC4O3,HF_COREMOF_GCMC,/home/rakeyma/Tüm_çalışmalar/MOF Radyoaktif Gaz Adsorpsiyonu/data/processed/cif/pretrain_000891.cif,ZnHC4O3,False,False,-0.2677312773291185,0.2068786041617683,0.2515640963015523,3.3991159257691533e+25,4.133320260715269e+25,3.442719217267522,1.8934955694971372,1.2159986158106626,54,4,8.777777777777779,0.688888888888889,0.6504229393248673,0.1111111111111111,KAYNAK_VERISI,/home/rakeyma/Tüm_çalışmalar/MOF Radyoaktif Gaz Adsorpsiyonu/data/processed/cif/pretrain_000891.cif,TAM
pretrain_000892,CuP2H10(C4O3)2,HF_COREMOF_GCMC,/home/rakeyma/Tüm_çalışmalar/MOF Radyoaktif Gaz Adsorpsiyonu/data/processed/cif/pretrain_000892.cif,CuP2H10(C4O3)2,False,False,-0.3786471969176556,0.0300134730260974,0.05,1.0049230795584685e+25,1.674119950537985e+25,1.570614147395852,1.2,1.665918501218562,54,5,6.111111111111111,0.5574074074074076,0.5333891637444466,0.037037037037037,KAYNAK_VERISI,/home/rakeyma/Tüm_çalışmalar/MOF Radyoaktif Gaz Adsorpsiyonu/data/processed/cif/pretrain_000892.cif,TAM
pretrain_000893,Ho(CO2)4,HF_COREMOF_GCMC,/home/rakeyma/Tüm_çalışmalar/MOF Radyoaktif Gaz Adsorpsiyonu/data/processed/cif/pretrain_000893.cif,Ho(CO2)4,False,False,-0.4785943460144064,0.149978361712225,0.2528167403047898,2.441413362038037e+25,4.115461463109865e+25,4.837021143375599,2.66036162885658,1.6856881047273249,52,3,11.923076923076923,0.7192307692307693,0.9079035680560402,0.0769230769230769,KAYNAK_VERISI,/home/rakeyma/Tüm_çalışmalar/MOF Radyoaktif Gaz Adsorpsiyonu/data/processed/cif/pretrain_000893.cif,TAM
pretrain_000894,AlH5C8O5,HF_COREMOF_GCMC,/home/rakeyma/Tüm_çalışmalar/MOF Radyoaktif Gaz Adsorpsiyonu/data/processed/cif/pretrain_000894.cif,AlH5C8O5,False,False,-0.2158044738518941,0.2014257230743021,0.192406380937295,6.088620349570138e+25,5.815987096791099e+25,2.9266162052360323,1.609638912879818,0.955222490954246,38,4,5.578947368421052,0.5842105263157897,0.6629856710367125,0.0526315789473684,KAYNAK_VERISI,/home/rakeyma/Tüm_çalışmalar/MOF Radyoaktif Gaz Adsorpsiyonu/data/processed/cif/pretrain_000894.cif,TAM
pretrain_000895,YH4(CO2)4,HF_COREMOF_GCMC,/home/rakeyma/Tüm_çalışmalar/MOF Radyoaktif Gaz Adsorpsiyonu/data/processed/cif/pretrain_000895.cif,YH4(CO2)4,False,False,-0.2927306989086387,0.0290600682297266,0.05,1.224155585179548e+25,2.1062503630451072e+25,1.5,1.2,1.7205740745251603,34,4,7.705882352941177,0.6117647058823531,0.7949017234853627,0.0588235294117647,KAYNAK_VERISI,/home/rakeyma/Tüm_çalışmalar/MOF Radyoaktif Gaz Adsorpsiyonu/data/processed/cif/pretrain_000895.cif,TAM
pretrain_000896,PrH4(C3O4)2,HF_COREMOF_GCMC,/home/rakeyma/Tüm_çalışmalar/MOF Radyoaktif Gaz Adsorpsiyonu/data/processed/cif/pretrain_000896.cif,PrH4(C3O4)2,False,False,-0.2932541461957817,0.0269234116356386,0.05,6.362688521709699e+24,1.1816274638254576e+25,2.2767644146902857,1.2522204280796572,1.8571197690940024,57,4,8.578947368421053,0.6236842105263158,0.8272544953035915,0.0526315789473684,KAYNAK_VERISI,/home/rakeyma/Tüm_çalışmalar/MOF Radyoaktif Gaz Adsorpsiyonu/data/processed/cif/pretrain_000896.cif,TAM
pretrain_000897,MgHC4O3,HF_COREMOF_GCMC,/home/rakeyma/Tüm_çalışmalar/MOF Radyoaktif Gaz Adsorpsiyonu/data/processed/cif/pretrain_000897.cif,MgHC4O3,False,False,-0.3313131240628077,0.3302806347162024,0.3021580445778375,5.465608757842059e+25,5.000225508577311e+25,3.7153482452248734,2.0434415348736805,0.9148524400695502,54,4,6.777777777777778,0.7055555555555557,0.7631677404083587,0.1111111111111111,KAYNAK_VERISI,/home/rakeyma/Tüm_çalışmalar/MOF Radyoaktif Gaz Adsorpsiyonu/data/processed/cif/pretrain_000897.cif,TAM
pretrain_000898,SmH9(C2O)6,HF_COREMOF_GCMC,/home/rakeyma/Tüm_çalışmalar/MOF Radyoaktif Gaz Adsorpsiyonu/data/processed/cif/pretrain_000898.cif,SmH9(C2O)6,False,False,-0.5533311169052184,0.0331136208540026,0.05,8.2408418593811e+24,1.244328111340469e+25,1.8852289118300725,1.2,1.5099526632997664,56,4,6.821428571428571,0.5750000000000001,0.8128037893612454,0.0357142857142857,KAYNAK_VERISI,/home/rakeyma/Tüm_çalışmalar/MOF Radyoaktif Gaz Adsorpsiyonu/data/processed/cif/pretrain_000898.cif,TAM
pretrain_000899,CoHC4O3,HF_COREMOF_GCMC,/home/rakeyma/Tüm_çalışmalar/MOF Radyoaktif Gaz Adsorpsiyonu/data/processed/cif/pretrain_000899.cif,CoHC4O3,False,False,-0.3016874469803596,0.2027223446159727,0.2408156049896382,3.3889723538711354e+25,4.025789210541387e+25,3.325674945771934,1.829121220174564,1.1879085428191327,54,4,8.444444444444445,0.688888888888889,0.5829397481729994,0.1111111111111111,KAYNAK_VERISI,/home/rakeyma/Tüm_çalışmalar/MOF Radyoaktif Gaz Adsorpsiyonu/data/processed/cif/pretrain_000899.cif,TAM
pretrain_000900,Ho(CO2)4,HF_COREMOF_GCMC,/home/rakeyma/Tüm_çalışmalar/MOF Radyoaktif Gaz Adsorpsiyonu/data/processed/cif/pretrain_000900.cif,Ho(CO2)4,False,False,-0.4785943460144064,0.149978361712225,0.2528167403047898,2.441413362038037e+25,4.115461463109865e+25,4.837021143375599,2.66036162885658,1.6856881047273249,52,3,11.923076923076923,0.7192307692307693,0.9079035680560402,0.0769230769230769,KAYNAK_VERISI,/home/rakeyma/Tüm_çalışmalar/MOF Radyoaktif Gaz Adsorpsiyonu/data/processed/cif/pretrain_000900.cif,TAM
pretrain_000901,YH4(CO2)4,HF_COREMOF_GCMC,/home/rakeyma/Tüm_çalışmalar/MOF Radyoaktif Gaz Adsorpsiyonu/data/processed/cif/pretrain_000901.cif,YH4(CO2)4,False,False,-0.2927306989086387,0.0290600682297266,0.05,1.224155585179548e+25,2.1062503630451072e+25,1.5,1.2,1.7205740745251603,34,4,7.705882352941177,0.6117647058823531,0.7949017234853627,0.0588235294117647,KAYNAK_VERISI,/home/rakeyma/Tüm_çalışmalar/MOF Radyoaktif Gaz Adsorpsiyonu/data/processed/cif/pretrain_000901.cif,TAM
pretrain_000902,CuHC4O3,HF_COREMOF_GCMC,/home/rakeyma/Tüm_çalışmalar/MOF Radyoaktif Gaz Adsorpsiyonu/data/processed/cif/pretrain_000902.cif,CuHC4O3,False,False,-0.205978546369902,0.143063613898343,0.189134943314022,2.5852239851953995e+25,3.417753673141659e+25,2.7268008935398664,1.4997404914469266,1.3220338712288924,54,4,8.666666666666666,0.688888888888889,0.577510822409416,0.1111111111111111,KAYNAK_VERISI,/home/rakeyma/Tüm_çalışmalar/MOF Radyoaktif Gaz Adsorpsiyonu/data/processed/cif/pretrain_000902.cif,TAM
pretrain_000903,Ho(CO2)4,HF_COREMOF_GCMC,/home/rakeyma/Tüm_çalışmalar/MOF Radyoaktif Gaz Adsorpsiyonu/data/processed/cif/pretrain_000903.cif,Ho(CO2)4,False,False,-0.4785943460144064,0.149978361712225,0.2528167403047898,2.441413362038037e+25,4.115461463109865e+25,4.837021143375599,2.66036162885658,1.6856881047273249,52,3,11.923076923076923,0.7192307692307693,0.9079035680560402,0.0769230769230769,KAYNAK_VERISI,/home/rakeyma/Tüm_çalışmalar/MOF Radyoaktif Gaz Adsorpsiyonu/data/processed/cif/pretrain_000903.cif,TAM
pretrain_000904,ZnHC4O3,HF_COREMOF_GCMC,/home/rakeyma/Tüm_çalışmalar/MOF Radyoaktif Gaz Adsorpsiyonu/data/processed/cif/pretrain_000904.cif,ZnHC4O3,False,False,-0.2677312773291185,0.2068786041617683,0.2515640963015523,3.3991159257691533e+25,4.133320260715269e+25,3.442719217267522,1.8934955694971372,1.2159986158106626,54,4,8.777777777777779,0.688888888888889,0.6504229393248673,0.1111111111111111,KAYNAK_VERISI,/home/rakeyma/Tüm_çalışmalar/MOF Radyoaktif Gaz Adsorpsiyonu/data/processed/cif/pretrain_000904.cif,TAM
pretrain_000905,CoHC4O3,HF_COREMOF_GCMC,/home/rakeyma/Tüm_çalışmalar/MOF Radyoaktif Gaz Adsorpsiyonu/data/processed/cif/pretrain_000905.cif,CoHC4O3,False,False,-0.3016874469803596,0.2027223446159727,0.2408156049896382,3.3889723538711354e+25,4.025789210541387e+25,3.325674945771934,1.829121220174564,1.1879085428191327,54,4,8.444444444444445,0.688888888888889,0.5829397481729994,0.1111111111111111,KAYNAK_VERISI,/home/rakeyma/Tüm_çalışmalar/MOF Radyoaktif Gaz Adsorpsiyonu/data/processed/cif/pretrain_000905.cif,TAM
pretrain_000906,PrC15NO6,HF_COREMOF_GCMC,/home/rakeyma/Tüm_çalışmalar/MOF Radyoaktif Gaz Adsorpsiyonu/data/processed/cif/pretrain_000906.cif,PrC15NO6,False,False,-0.4550266369819142,0.0339311027795692,0.05,7.638365937384501e+24,1.125569950821604e+25,2.1533334623322977,1.2,1.4735742697436376,46,4,8.869565217391305,0.7217391304347828,0.872954752550211,0.0434782608695652,KAYNAK_VERISI,/home/rakeyma/Tüm_çalışmalar/MOF Radyoaktif Gaz Adsorpsiyonu/data/processed/cif/pretrain_000906.cif,TAM
pretrain_000907,Ho(CO2)4,HF_COREMOF_GCMC,/home/rakeyma/Tüm_çalışmalar/MOF Radyoaktif Gaz Adsorpsiyonu/data/processed/cif/pretrain_000907.cif,Ho(CO2)4,False,False,-0.4785943460144064,0.149978361712225,0.2528167403047898,2.441413362038037e+25,4.115461463109865e+25,4.837021143375599,2.66036162885658,1.6856881047273249,52,3,11.923076923076923,0.7192307692307693,0.9079035680560402,0.0769230769230769,KAYNAK_VERISI,/home/rakeyma/Tüm_çalışmalar/MOF Radyoaktif Gaz Adsorpsiyonu/data/processed/cif/pretrain_000907.cif,TAM
pretrain_000908,CoHC4O3,HF_COREMOF_GCMC,/home/rakeyma/Tüm_çalışmalar/MOF Radyoaktif Gaz Adsorpsiyonu/data/processed/cif/pretrain_000908.cif,CoHC4O3,False,False,-0.3016874469803596,0.2027223446159727,0.2408156049896382,3.3889723538711354e+25,4.025789210541387e+25,3.325674945771934,1.829121220174564,1.1879085428191327,54,4,8.444444444444445,0.688888888888889,0.5829397481729994,0.1111111111111111,KAYNAK_VERISI,/home/rakeyma/Tüm_çalışmalar/MOF Radyoaktif Gaz Adsorpsiyonu/data/processed/cif/pretrain_000908.cif,TAM
pretrain_000909,CuHC4O3,HF_COREMOF_GCMC,/home/rakeyma/Tüm_çalışmalar/MOF Radyoaktif Gaz Adsorpsiyonu/data/processed/cif/pretrain_000909.cif,CuHC4O3,False,False,-0.205978546369902,0.143063613898343,0.189134943314022,2.5852239851953995e+25,3.417753673141659e+25,2.7268008935398664,1.4997404914469266,1.3220338712288924,54,4,8.666666666666666,0.688888888888889,0.577510822409416,0.1111111111111111,KAYNAK_VERISI,/home/rakeyma/Tüm_çalışmalar/MOF Radyoaktif Gaz Adsorpsiyonu/data/processed/cif/pretrain_000909.cif,TAM
pretrain_000910,CuHC4O3,HF_COREMOF_GCMC,/home/rakeyma/Tüm_çalışmalar/MOF Radyoaktif Gaz Adsorpsiyonu/data/processed/cif/pretrain_000910.cif,CuHC4O3,False,False,-0.205978546369902,0.143063613898343,0.189134943314022,2.5852239851953995e+25,3.417753673141659e+25,2.7268008935398664,1.4997404914469266,1.3220338712288924,54,4,8.666666666666666,0.688888888888889,0.577510822409416,0.1111111111111111,KAYNAK_VERISI,/home/rakeyma/Tüm_çalışmalar/MOF Radyoaktif Gaz Adsorpsiyonu/data/processed/cif/pretrain_000910.cif,TAM
pretrain_000911,ZnCrH18C14(N2O)2,HF_COREMOF_GCMC,/home/rakeyma/Tüm_çalışmalar/MOF Radyoaktif Gaz Adsorpsiyonu/data/processed/cif/pretrain_000911.cif,ZnCrH18C14(N2O)2,False,False,-0.4760620884541638,0.0960454740280064,0.1018516660070818,3.424507411877276e+25,3.6315275517469383e+25,2.2145268798608373,1.2179897839234606,1.0604525308228716,40,6,5.0,0.52125,0.6658995586589784,0.05,KAYNAK_VERISI,/home/rakeyma/Tüm_çalışmalar/MOF Radyoaktif Gaz Adsorpsiyonu/data/processed/cif/pretrain_000911.cif,TAM
pretrain_000912,MgPHCO6,HF_COREMOF_GCMC,/home/rakeyma/Tüm_çalışmalar/MOF Radyoaktif Gaz Adsorpsiyonu/data/processed/cif/pretrain_000912.cif,MgPHCO6,False,False,-0.3514950327118205,0.0918349361792421,0.1349985755511485,2.705562218012952e+25,3.977212384444526e+25,1.9888527039069892,1.2,1.4700132778190231,40,5,8.2,0.7050000000000001,0.6865974075103983,0.1,KAYNAK_VERISI,/home/rakeyma/Tüm_çalışmalar/MOF Radyoaktif Gaz Adsorpsiyonu/data/processed/cif/pretrain_000912.cif,TAM
pretrain_000913,ZnH3(CO2)3,HF_COREMOF_GCMC,/home/rakeyma/Tüm_çalışmalar/MOF Radyoaktif Gaz Adsorpsiyonu/data/processed/cif/pretrain_000913.cif,ZnH3(CO2)3,False,False,-0.2426909561838627,0.0521053986633498,0.079530739606193,1.3063331714848035e+25,1.993913221383093e+25,2.354517765567317,1.2949847710620246,1.5263435583716922,52,4,7.615384615384615,0.6000000000000001,0.6504229393248673,0.0769230769230769,KAYNAK_VERISI,/home/rakeyma/Tüm_çalışmalar/MOF Radyoaktif Gaz Adsorpsiyonu/data/processed/cif/pretrain_000913.cif,TAM
pretrain_000914,YH4(CO2)4,HF_COREMOF_GCMC,/home/rakeyma/Tüm_çalışmalar/MOF Radyoaktif Gaz Adsorpsiyonu/data/processed/cif/pretrain_000914.cif,YH4(CO2)4,False,False,-0.2927306989086387,0.0290600682297266,0.05,1.224155585179548e+25,2.1062503630451072e+25,1.5,1.2,1.7205740745251603,34,4,7.705882352941177,0.6117647058823531,0.7949017234853627,0.0588235294117647,KAYNAK_VERISI,/home/rakeyma/Tüm_çalışmalar/MOF Radyoaktif Gaz Adsorpsiyonu/data/processed/cif/pretrain_000914.cif,TAM
pretrain_000915,GdH2C5O6,HF_COREMOF_GCMC,/home/rakeyma/Tüm_çalışmalar/MOF Radyoaktif Gaz Adsorpsiyonu/data/processed/cif/pretrain_000915.cif,GdH2C5O6,False,False,-0.5189875805866198,0.0242577531597928,0.05,5.22124194448143e+24,1.0762006501772028e+25,2.0361635003113085,1.2,2.061196668571715,56,4,10.285714285714286,0.6714285714285714,0.8020403668145388,0.0714285714285714,KAYNAK_VERISI,/home/rakeyma/Tüm_çalışmalar/MOF Radyoaktif Gaz Adsorpsiyonu/data/processed/cif/pretrain_000915.cif,TAM
pretrain_000916,LaC12(ClO)6,HF_COREMOF_GCMC,/home/rakeyma/Tüm_çalışmalar/MOF Radyoaktif Gaz Adsorpsiyonu/data/processed/cif/pretrain_000916.cif,LaC12(ClO)6,False,False,-0.5688211219557444,0.0278556086912823,0.05,5.564325439575443e+24,9.987800843348366e+24,1.9871936116040632,1.2,1.7949706486093728,50,4,11.16,0.7979999999999999,0.90361427058231,0.04,KAYNAK_VERISI,/home/rakeyma/Tüm_çalışmalar/MOF Radyoaktif Gaz Adsorpsiyonu/data/processed/cif/pretrain_000916.cif,TAM
pretrain_000917,MgPHCO6,HF_COREMOF_GCMC,/home/rakeyma/Tüm_çalışmalar/MOF Radyoaktif Gaz Adsorpsiyonu/data/processed/cif/pretrain_000917.cif,MgPHCO6,False,False,-0.3514950327118205,0.0918349361792421,0.1349985755511485,2.705562218012952e+25,3.977212384444526e+25,1.9888527039069892,1.2,1.4700132778190231,40,5,8.2,0.7050000000000001,0.6865974075103983,0.1,KAYNAK_VERISI,/home/rakeyma/Tüm_çalışmalar/MOF Radyoaktif Gaz Adsorpsiyonu/data/processed/cif/pretrain_000917.cif,TAM
pretrain_000918,Ho(CO2)4,HF_COREMOF_GCMC,/home/rakeyma/Tüm_çalışmalar/MOF Radyoaktif Gaz Adsorpsiyonu/data/processed/cif/pretrain_000918.cif,Ho(CO2)4,False,False,-0.4785943460144064,0.149978361712225,0.2528167403047898,2.441413362038037e+25,4.115461463109865e+25,4.837021143375599,2.66036162885658,1.6856881047273249,52,3,11.923076923076923,0.7192307692307693,0.9079035680560402,0.0769230769230769,KAYNAK_VERISI,/home/rakeyma/Tüm_çalışmalar/MOF Radyoaktif Gaz Adsorpsiyonu/data/processed/cif/pretrain_000918.cif,TAM
pretrain_000919,SrU2P2H4(C3O4)2,HF_COREMOF_GCMC,/home/rakeyma/Tüm_çalışmalar/MOF Radyoaktif Gaz Adsorpsiyonu/data/processed/cif/pretrain_000919.cif,SrU2P2H4(C3O4)2,False,False,-0.5660985795729906,0.0161233082656799,0.05,3.968439746241035e+24,1.2306530647585094e+25,1.5918567931821002,1.2,3.10110054190492,46,6,15.478260869565217,0.7608695652173915,0.8015696406981049,0.1304347826086956,KAYNAK_VERISI,/home/rakeyma/Tüm_çalışmalar/MOF Radyoaktif Gaz Adsorpsiyonu/data/processed/cif/pretrain_000919.cif,TAM
pretrain_000920,ZnHC4O3,HF_COREMOF_GCMC,/home/rakeyma/Tüm_çalışmalar/MOF Radyoaktif Gaz Adsorpsiyonu/data/processed/cif/pretrain_000920.cif,ZnHC4O3,False,False,-0.2677312773291185,0.2068786041617683,0.2515640963015523,3.3991159257691533e+25,4.133320260715269e+25,3.442719217267522,1.8934955694971372,1.2159986158106626,54,4,8.777777777777779,0.688888888888889,0.6504229393248673,0.1111111111111111,KAYNAK_VERISI,/home/rakeyma/Tüm_çalışmalar/MOF Radyoaktif Gaz Adsorpsiyonu/data/processed/cif/pretrain_000920.cif,TAM
pretrain_000921,Ho(CO2)4,HF_COREMOF_GCMC,/home/rakeyma/Tüm_çalışmalar/MOF Radyoaktif Gaz Adsorpsiyonu/data/processed/cif/pretrain_000921.cif,Ho(CO2)4,False,False,-0.4785943460144064,0.149978361712225,0.2528167403047898,2.441413362038037e+25,4.115461463109865e+25,4.837021143375599,2.66036162885658,1.6856881047273249,52,3,11.923076923076923,0.7192307692307693,0.9079035680560402,0.0769230769230769,KAYNAK_VERISI,/home/rakeyma/Tüm_çalışmalar/MOF Radyoaktif Gaz Adsorpsiyonu/data/processed/cif/pretrain_000921.cif,TAM
pretrain_000922,CoH10C12N2O3F,HF_COREMOF_GCMC,/home/rakeyma/Tüm_çalışmalar/MOF Radyoaktif Gaz Adsorpsiyonu/data/processed/cif/pretrain_000922.cif,CoH10C12N2O3F,False,False,-0.3653664749017982,0.0359384306768367,0.05,1.0685280826021216e+25,1.4866092682377678e+25,1.636130939136596,1.2,1.3912683180188568,58,6,5.379310344827586,0.5465517241379311,0.7204724530164602,0.0344827586206896,KAYNAK_VERISI,/home/rakeyma/Tüm_çalışmalar/MOF Radyoaktif Gaz Adsorpsiyonu/data/processed/cif/pretrain_000922.cif,TAM
pretrain_000923,Ho(CO2)4,HF_COREMOF_GCMC,/home/rakeyma/Tüm_çalışmalar/MOF Radyoaktif Gaz Adsorpsiyonu/data/processed/cif/pretrain_000923.cif,Ho(CO2)4,False,False,-0.4785943460144064,0.149978361712225,0.2528167403047898,2.441413362038037e+25,4.115461463109865e+25,4.837021143375599,2.66036162885658,1.6856881047273249,52,3,11.923076923076923,0.7192307692307693,0.9079035680560402,0.0769230769230769,KAYNAK_VERISI,/home/rakeyma/Tüm_çalışmalar/MOF Radyoaktif Gaz Adsorpsiyonu/data/processed/cif/pretrain_000923.cif,TAM
pretrain_000924,SrH4(C3O2)3,HF_COREMOF_GCMC,/home/rakeyma/Tüm_çalışmalar/MOF Radyoaktif Gaz Adsorpsiyonu/data/processed/cif/pretrain_000924.cif,SrH4(C3O2)3,False,False,-0.569593283095818,0.0281715592490251,0.05,1.1133530455940776e+25,1.976023115640295e+25,1.6247269924513472,1.2,1.7748396373101063,40,4,7.2,0.6449999999999999,0.8935463054593198,0.05,KAYNAK_VERISI,/home/rakeyma/Tüm_çalışmalar/MOF Radyoaktif Gaz Adsorpsiyonu/data/processed/cif/pretrain_000924.cif,TAM
pretrain_000925,CuHC4O3,HF_COREMOF_GCMC,/home/rakeyma/Tüm_çalışmalar/MOF Radyoaktif Gaz Adsorpsiyonu/data/processed/cif/pretrain_000925.cif,CuHC4O3,False,False,-0.205978546369902,0.143063613898343,0.189134943314022,2.5852239851953995e+25,3.417753673141659e+25,2.7268008935398664,1.4997404914469266,1.3220338712288924,54,4,8.666666666666666,0.688888888888889,0.577510822409416,0.1111111111111111,KAYNAK_VERISI,/home/rakeyma/Tüm_çalışmalar/MOF Radyoaktif Gaz Adsorpsiyonu/data/processed/cif/pretrain_000925.cif,TAM
pretrain_000926,CoHC4O3,HF_COREMOF_GCMC,/home/rakeyma/Tüm_çalışmalar/MOF Radyoaktif Gaz Adsorpsiyonu/data/processed/cif/pretrain_000926.cif,CoHC4O3,False,False,-0.3016874469803596,0.2027223446159727,0.2408156049896382,3.3889723538711354e+25,4.025789210541387e+25,3.325674945771934,1.829121220174564,1.1879085428191327,54,4,8.444444444444445,0.688888888888889,0.5829397481729994,0.1111111111111111,KAYNAK_VERISI,/home/rakeyma/Tüm_çalışmalar/MOF Radyoaktif Gaz Adsorpsiyonu/data/processed/cif/pretrain_000926.cif,TAM
pretrain_000927,ZnHC4O3,HF_COREMOF_GCMC,/home/rakeyma/Tüm_çalışmalar/MOF Radyoaktif Gaz Adsorpsiyonu/data/processed/cif/pretrain_000927.cif,ZnHC4O3,False,False,-0.2677312773291185,0.2068786041617683,0.2515640963015523,3.3991159257691533e+25,4.133320260715269e+25,3.442719217267522,1.8934955694971372,1.2159986158106626,54,4,8.777777777777779,0.688888888888889,0.6504229393248673,0.1111111111111111,KAYNAK_VERISI,/home/rakeyma/Tüm_çalışmalar/MOF Radyoaktif Gaz Adsorpsiyonu/data/processed/cif/pretrain_000927.cif,TAM
pretrain_000928,EuHC6N2O5,HF_COREMOF_GCMC,/home/rakeyma/Tüm_çalışmalar/MOF Radyoaktif Gaz Adsorpsiyonu/data/processed/cif/pretrain_000928.cif,EuHC6N2O5,False,False,-0.272888177149816,0.0266630693681719,0.05,6.59103069616188e+24,1.235984988290522e+25,2.179271850871295,1.2,1.87525296917562,45,5,10.266666666666667,0.7066666666666668,0.768988946604566,0.0666666666666666,KAYNAK_VERISI,/home/rakeyma/Tüm_çalışmalar/MOF Radyoaktif Gaz Adsorpsiyonu/data/processed/cif/pretrain_000928.cif,TAM
pretrain_000929,Ho(CO2)4,HF_COREMOF_GCMC,/home/rakeyma/Tüm_çalışmalar/MOF Radyoaktif Gaz Adsorpsiyonu/data/processed/cif/pretrain_000929.cif,Ho(CO2)4,False,False,-0.4785943460144064,0.149978361712225,0.2528167403047898,2.441413362038037e+25,4.115461463109865e+25,4.837021143375599,2.66036162885658,1.6856881047273249,52,3,11.923076923076923,0.7192307692307693,0.9079035680560402,0.0769230769230769,KAYNAK_VERISI,/home/rakeyma/Tüm_çalışmalar/MOF Radyoaktif Gaz Adsorpsiyonu/data/processed/cif/pretrain_000929.cif,TAM
pretrain_000930,Ho(CO2)4,HF_COREMOF_GCMC,/home/rakeyma/Tüm_çalışmalar/MOF Radyoaktif Gaz Adsorpsiyonu/data/processed/cif/pretrain_000930.cif,Ho(CO2)4,False,False,-0.4785943460144064,0.149978361712225,0.2528167403047898,2.441413362038037e+25,4.115461463109865e+25,4.837021143375599,2.66036162885658,1.6856881047273249,52,3,11.923076923076923,0.7192307692307693,0.9079035680560402,0.0769230769230769,KAYNAK_VERISI,/home/rakeyma/Tüm_çalışmalar/MOF Radyoaktif Gaz Adsorpsiyonu/data/processed/cif/pretrain_000930.cif,TAM
pretrain_000931,CuHC4O3,HF_COREMOF_GCMC,/home/rakeyma/Tüm_çalışmalar/MOF Radyoaktif Gaz Adsorpsiyonu/data/processed/cif/pretrain_000931.cif,CuHC4O3,False,False,-0.205978546369902,0.143063613898343,0.189134943314022,2.5852239851953995e+25,3.417753673141659e+25,2.7268008935398664,1.4997404914469266,1.3220338712288924,54,4,8.666666666666666,0.688888888888889,0.577510822409416,0.1111111111111111,KAYNAK_VERISI,/home/rakeyma/Tüm_çalışmalar/MOF Radyoaktif Gaz Adsorpsiyonu/data/processed/cif/pretrain_000931.cif,TAM
pretrain_000932,Ho(CO2)4,HF_COREMOF_GCMC,/home/rakeyma/Tüm_çalışmalar/MOF Radyoaktif Gaz Adsorpsiyonu/data/processed/cif/pretrain_000932.cif,Ho(CO2)4,False,False,-0.4785943460144064,0.149978361712225,0.2528167403047898,2.441413362038037e+25,4.115461463109865e+25,4.837021143375599,2.66036162885658,1.6856881047273249,52,3,11.923076923076923,0.7192307692307693,0.9079035680560402,0.0769230769230769,KAYNAK_VERISI,/home/rakeyma/Tüm_çalışmalar/MOF Radyoaktif Gaz Adsorpsiyonu/data/processed/cif/pretrain_000932.cif,TAM
pretrain_000933,CoH4(C3O2)2,HF_COREMOF_GCMC,/home/rakeyma/Tüm_çalışmalar/MOF Radyoaktif Gaz Adsorpsiyonu/data/processed/cif/pretrain_000933.cif,CoH4(C3O2)2,False,False,-0.3284093958708607,0.0913952521971918,0.1125659573715954,3.724561264952296e+25,4.587314926096322e+25,2.360973354343989,1.298535344889194,1.231639003837161,30,4,6.6,0.5966666666666668,0.5829397481729994,0.0666666666666666,KAYNAK_VERISI,/home/rakeyma/Tüm_çalışmalar/MOF Radyoaktif Gaz Adsorpsiyonu/data/processed/cif/pretrain_000933.cif,TAM
pretrain_000934,EuH3C9(NO2)3,HF_COREMOF_GCMC,/home/rakeyma/Tüm_çalışmalar/MOF Radyoaktif Gaz Adsorpsiyonu/data/processed/cif/pretrain_000934.cif,EuH3C9(NO2)3,False,False,-0.392826364855677,0.0304497683196859,0.05,8.209112099068205e+24,1.3479761180581744e+25,1.5,1.2,1.642048618401958,44,5,8.590909090909092,0.656818181818182,0.768988946604566,0.0454545454545454,KAYNAK_VERISI,/home/rakeyma/Tüm_çalışmalar/MOF Radyoaktif Gaz Adsorpsiyonu/data/processed/cif/pretrain_000934.cif,TAM
pretrain_000935,ErH4(CO2)4,HF_COREMOF_GCMC,/home/rakeyma/Tüm_çalışmalar/MOF Radyoaktif Gaz Adsorpsiyonu/data/processed/cif/pretrain_000935.cif,ErH4(CO2)4,False,False,-0.2729219457086594,0.0236006670386222,0.05,9.4800095235009e+24,2.008419827284324e+25,1.5,1.2,2.118584187395024,34,4,9.411764705882351,0.6088235294117648,0.7877935960643498,0.0588235294117647,KAYNAK_VERISI,/home/rakeyma/Tüm_çalışmalar/MOF Radyoaktif Gaz Adsorpsiyonu/data/processed/cif/pretrain_000935.cif,TAM
pretrain_000936,MnHC4O3,HF_COREMOF_GCMC,/home/rakeyma/Tüm_çalışmalar/MOF Radyoaktif Gaz Adsorpsiyonu/data/processed/cif/pretrain_000936.cif,MnHC4O3,False,False,-0.3566730252319013,0.250478780251175,0.2732752104856126,3.946863419937481e+25,4.306073076369193e+25,3.5594545584836754,1.957700007166021,1.0910114230498005,54,4,8.222222222222221,0.6944444444444445,0.6822206387965699,0.1111111111111111,KAYNAK_VERISI,/home/rakeyma/Tüm_çalışmalar/MOF Radyoaktif Gaz Adsorpsiyonu/data/processed/cif/pretrain_000936.cif,TAM
pretrain_000937,CoH9C13(N2O)2,HF_COREMOF_GCMC,/home/rakeyma/Tüm_çalışmalar/MOF Radyoaktif Gaz Adsorpsiyonu/data/processed/cif/pretrain_000937.cif,CoH9C13(N2O)2,False,False,-0.4316513174213608,0.0392986463239941,0.05,1.0547736028047207e+25,1.3419973732793931e+25,1.584030555260851,1.2,1.2723084553035109,58,5,5.448275862068965,0.5689655172413793,0.5617259118110896,0.0344827586206896,KAYNAK_VERISI,/home/rakeyma/Tüm_çalışmalar/MOF Radyoaktif Gaz Adsorpsiyonu/data/processed/cif/pretrain_000937.cif,TAM
pretrain_000938,MgH6C8S2(NO)4,HF_COREMOF_GCMC,/home/rakeyma/Tüm_çalışmalar/MOF Radyoaktif Gaz Adsorpsiyonu/data/processed/cif/pretrain_000938.cif,MgH6C8S2(NO)4,False,False,-0.5201537452132456,0.3052292661117404,0.2876388643622771,6.098681039384603e+25,5.747213268973177e+25,4.079784268198212,2.2438813475090167,0.9423698717572396,50,6,6.32,0.6240000000000001,0.6693031201680346,0.04,KAYNAK_VERISI,/home/rakeyma/Tüm_çalışmalar/MOF Radyoaktif Gaz Adsorpsiyonu/data/processed/cif/pretrain_000938.cif,TAM
pretrain_000939,EuH3C9(NO2)3,HF_COREMOF_GCMC,/home/rakeyma/Tüm_çalışmalar/MOF Radyoaktif Gaz Adsorpsiyonu/data/processed/cif/pretrain_000939.cif,EuH3C9(NO2)3,False,False,-0.392826364855677,0.0304497683196859,0.05,8.209112099068205e+24,1.3479761180581744e+25,1.5,1.2,1.642048618401958,44,5,8.590909090909092,0.656818181818182,0.768988946604566,0.0454545454545454,KAYNAK_VERISI,/home/rakeyma/Tüm_çalışmalar/MOF Radyoaktif Gaz Adsorpsiyonu/data/processed/cif/pretrain_000939.cif,TAM
pretrain_000940,CuHC4O3,HF_COREMOF_GCMC,/home/rakeyma/Tüm_çalışmalar/MOF Radyoaktif Gaz Adsorpsiyonu/data/processed/cif/pretrain_000940.cif,CuHC4O3,False,False,-0.205978546369902,0.143063613898343,0.189134943314022,2.5852239851953995e+25,3.417753673141659e+25,2.7268008935398664,1.4997404914469266,1.3220338712288924,54,4,8.666666666666666,0.688888888888889,0.577510822409416,0.1111111111111111,KAYNAK_VERISI,/home/rakeyma/Tüm_çalışmalar/MOF Radyoaktif Gaz Adsorpsiyonu/data/processed/cif/pretrain_000940.cif,TAM
pretrain_000941,CuHC4O3,HF_COREMOF_GCMC,/home/rakeyma/Tüm_çalışmalar/MOF Radyoaktif Gaz Adsorpsiyonu/data/processed/cif/pretrain_000941.cif,CuHC4O3,False,False,-0.205978546369902,0.143063613898343,0.189134943314022,2.5852239851953995e+25,3.417753673141659e+25,2.7268008935398664,1.4997404914469266,1.3220338712288924,54,4,8.666666666666666,0.688888888888889,0.577510822409416,0.1111111111111111,KAYNAK_VERISI,/home/rakeyma/Tüm_çalışmalar/MOF Radyoaktif Gaz Adsorpsiyonu/data/processed/cif/pretrain_000941.cif,TAM
pretrain_000942,MgPHCO6,HF_COREMOF_GCMC,/home/rakeyma/Tüm_çalışmalar/MOF Radyoaktif Gaz Adsorpsiyonu/data/processed/cif/pretrain_000942.cif,MgPHCO6,False,False,-0.3514950327118205,0.0918349361792421,0.1349985755511485,2.705562218012952e+25,3.977212384444526e+25,1.9888527039069892,1.2,1.4700132778190231,40,5,8.2,0.7050000000000001,0.6865974075103983,0.1,KAYNAK_VERISI,/home/rakeyma/Tüm_çalışmalar/MOF Radyoaktif Gaz Adsorpsiyonu/data/processed/cif/pretrain_000942.cif,TAM
pretrain_000943,Ho(CO2)4,HF_COREMOF_GCMC,/home/rakeyma/Tüm_çalışmalar/MOF Radyoaktif Gaz Adsorpsiyonu/data/processed/cif/pretrain_000943.cif,Ho(CO2)4,False,False,-0.4785943460144064,0.149978361712225,0.2528167403047898,2.441413362038037e+25,4.115461463109865e+25,4.837021143375599,2.66036162885658,1.6856881047273249,52,3,11.923076923076923,0.7192307692307693,0.9079035680560402,0.0769230769230769,KAYNAK_VERISI,/home/rakeyma/Tüm_çalışmalar/MOF Radyoaktif Gaz Adsorpsiyonu/data/processed/cif/pretrain_000943.cif,TAM
pretrain_000944,Ho(CO2)4,HF_COREMOF_GCMC,/home/rakeyma/Tüm_çalışmalar/MOF Radyoaktif Gaz Adsorpsiyonu/data/processed/cif/pretrain_000944.cif,Ho(CO2)4,False,False,-0.4785943460144064,0.149978361712225,0.2528167403047898,2.441413362038037e+25,4.115461463109865e+25,4.837021143375599,2.66036162885658,1.6856881047273249,52,3,11.923076923076923,0.7192307692307693,0.9079035680560402,0.0769230769230769,KAYNAK_VERISI,/home/rakeyma/Tüm_çalışmalar/MOF Radyoaktif Gaz Adsorpsiyonu/data/processed/cif/pretrain_000944.cif,TAM
pretrain_000945,Ho(CO2)4,HF_COREMOF_GCMC,/home/rakeyma/Tüm_çalışmalar/MOF Radyoaktif Gaz Adsorpsiyonu/data/processed/cif/pretrain_000945.cif,Ho(CO2)4,False,False,-0.4785943460144064,0.149978361712225,0.2528167403047898,2.441413362038037e+25,4.115461463109865e+25,4.837021143375599,2.66036162885658,1.6856881047273249,52,3,11.923076923076923,0.7192307692307693,0.9079035680560402,0.0769230769230769,KAYNAK_VERISI,/home/rakeyma/Tüm_çalışmalar/MOF Radyoaktif Gaz Adsorpsiyonu/data/processed/cif/pretrain_000945.cif,TAM
pretrain_000946,LaC12(ClO)6,HF_COREMOF_GCMC,/home/rakeyma/Tüm_çalışmalar/MOF Radyoaktif Gaz Adsorpsiyonu/data/processed/cif/pretrain_000946.cif,LaC12(ClO)6,False,False,-0.5688211219557444,0.0278556086912823,0.05,5.564325439575443e+24,9.987800843348366e+24,1.9871936116040632,1.2,1.7949706486093728,50,4,11.16,0.7979999999999999,0.90361427058231,0.04,KAYNAK_VERISI,/home/rakeyma/Tüm_çalışmalar/MOF Radyoaktif Gaz Adsorpsiyonu/data/processed/cif/pretrain_000946.cif,TAM
pretrain_000947,Ho(CO2)4,HF_COREMOF_GCMC,/home/rakeyma/Tüm_çalışmalar/MOF Radyoaktif Gaz Adsorpsiyonu/data/processed/cif/pretrain_000947.cif,Ho(CO2)4,False,False,-0.4785943460144064,0.149978361712225,0.2528167403047898,2.441413362038037e+25,4.115461463109865e+25,4.837021143375599,2.66036162885658,1.6856881047273249,52,3,11.923076923076923,0.7192307692307693,0.9079035680560402,0.0769230769230769,KAYNAK_VERISI,/home/rakeyma/Tüm_çalışmalar/MOF Radyoaktif Gaz Adsorpsiyonu/data/processed/cif/pretrain_000947.cif,TAM
pretrain_000948,Ho(CO2)4,HF_COREMOF_GCMC,/home/rakeyma/Tüm_çalışmalar/MOF Radyoaktif Gaz Adsorpsiyonu/data/processed/cif/pretrain_000948.cif,Ho(CO2)4,False,False,-0.4785943460144064,0.149978361712225,0.2528167403047898,2.441413362038037e+25,4.115461463109865e+25,4.837021143375599,2.66036162885658,1.6856881047273249,52,3,11.923076923076923,0.7192307692307693,0.9079035680560402,0.0769230769230769,KAYNAK_VERISI,/home/rakeyma/Tüm_çalışmalar/MOF Radyoaktif Gaz Adsorpsiyonu/data/processed/cif/pretrain_000948.cif,TAM
pretrain_000949,ErH4(CO2)4,HF_COREMOF_GCMC,/home/rakeyma/Tüm_çalışmalar/MOF Radyoaktif Gaz Adsorpsiyonu/data/processed/cif/pretrain_000949.cif,ErH4(CO2)4,False,False,-0.2729219457086594,0.0236006670386222,0.05,9.4800095235009e+24,2.008419827284324e+25,1.5,1.2,2.118584187395024,34,4,9.411764705882351,0.6088235294117648,0.7877935960643498,0.0588235294117647,KAYNAK_VERISI,/home/rakeyma/Tüm_çalışmalar/MOF Radyoaktif Gaz Adsorpsiyonu/data/processed/cif/pretrain_000949.cif,TAM
pretrain_000950,ZnHC4O3,HF_COREMOF_GCMC,/home/rakeyma/Tüm_çalışmalar/MOF Radyoaktif Gaz Adsorpsiyonu/data/processed/cif/pretrain_000950.cif,ZnHC4O3,False,False,-0.2677312773291185,0.2068786041617683,0.2515640963015523,3.3991159257691533e+25,4.133320260715269e+25,3.442719217267522,1.8934955694971372,1.2159986158106626,54,4,8.777777777777779,0.688888888888889,0.6504229393248673,0.1111111111111111,KAYNAK_VERISI,/home/rakeyma/Tüm_çalışmalar/MOF Radyoaktif Gaz Adsorpsiyonu/data/processed/cif/pretrain_000950.cif,TAM
pretrain_000951,CrH5C8O5,HF_COREMOF_GCMC,/home/rakeyma/Tüm_çalışmalar/MOF Radyoaktif Gaz Adsorpsiyonu/data/processed/cif/pretrain_000951.cif,CrH5C8O5,False,False,-0.2000699794786754,0.1778915238091704,0.1853408484497416,5.2356922155067925e+25,5.454940272953646e+25,2.9326498508797854,1.612957417983882,1.0418756581598696,38,4,6.157894736842105,0.5921052631578949,0.647316576336494,0.0526315789473684,KAYNAK_VERISI,/home/rakeyma/Tüm_çalışmalar/MOF Radyoaktif Gaz Adsorpsiyonu/data/processed/cif/pretrain_000951.cif,TAM
pretrain_000952,YH4(CO2)4,HF_COREMOF_GCMC,/home/rakeyma/Tüm_çalışmalar/MOF Radyoaktif Gaz Adsorpsiyonu/data/processed/cif/pretrain_000952.cif,YH4(CO2)4,False,False,-0.2927306989086387,0.0290600682297266,0.05,1.224155585179548e+25,2.1062503630451072e+25,1.5,1.2,1.7205740745251603,34,4,7.705882352941177,0.6117647058823531,0.7949017234853627,0.0588235294117647,KAYNAK_VERISI,/home/rakeyma/Tüm_çalışmalar/MOF Radyoaktif Gaz Adsorpsiyonu/data/processed/cif/pretrain_000952.cif,TAM
pretrain_000953,Ho(CO2)4,HF_COREMOF_GCMC,/home/rakeyma/Tüm_çalışmalar/MOF Radyoaktif Gaz Adsorpsiyonu/data/processed/cif/pretrain_000953.cif,Ho(CO2)4,False,False,-0.4785943460144064,0.149978361712225,0.2528167403047898,2.441413362038037e+25,4.115461463109865e+25,4.837021143375599,2.66036162885658,1.6856881047273249,52,3,11.923076923076923,0.7192307692307693,0.9079035680560402,0.0769230769230769,KAYNAK_VERISI,/home/rakeyma/Tüm_çalışmalar/MOF Radyoaktif Gaz Adsorpsiyonu/data/processed/cif/pretrain_000953.cif,TAM
pretrain_000954,CuHC4O3,HF_COREMOF_GCMC,/home/rakeyma/Tüm_çalışmalar/MOF Radyoaktif Gaz Adsorpsiyonu/data/processed/cif/pretrain_000954.cif,CuHC4O3,False,False,-0.205978546369902,0.143063613898343,0.189134943314022,2.5852239851953995e+25,3.417753673141659e+25,2.7268008935398664,1.4997404914469266,1.3220338712288924,54,4,8.666666666666666,0.688888888888889,0.577510822409416,0.1111111111111111,KAYNAK_VERISI,/home/rakeyma/Tüm_çalışmalar/MOF Radyoaktif Gaz Adsorpsiyonu/data/processed/cif/pretrain_000954.cif,TAM
pretrain_000955,Ho(CO2)4,HF_COREMOF_GCMC,/home/rakeyma/Tüm_çalışmalar/MOF Radyoaktif Gaz Adsorpsiyonu/data/processed/cif/pretrain_000955.cif,Ho(CO2)4,False,False,-0.4785943460144064,0.149978361712225,0.2528167403047898,2.441413362038037e+25,4.115461463109865e+25,4.837021143375599,2.66036162885658,1.6856881047273249,52,3,11.923076923076923,0.7192307692307693,0.9079035680560402,0.0769230769230769,KAYNAK_VERISI,/home/rakeyma/Tüm_çalışmalar/MOF Radyoaktif Gaz Adsorpsiyonu/data/processed/cif/pretrain_000955.cif,TAM
pretrain_000956,Ho(CO2)4,HF_COREMOF_GCMC,/home/rakeyma/Tüm_çalışmalar/MOF Radyoaktif Gaz Adsorpsiyonu/data/processed/cif/pretrain_000956.cif,Ho(CO2)4,False,False,-0.4785943460144064,0.149978361712225,0.2528167403047898,2.441413362038037e+25,4.115461463109865e+25,4.837021143375599,2.66036162885658,1.6856881047273249,52,3,11.923076923076923,0.7192307692307693,0.9079035680560402,0.0769230769230769,KAYNAK_VERISI,/home/rakeyma/Tüm_çalışmalar/MOF Radyoaktif Gaz Adsorpsiyonu/data/processed/cif/pretrain_000956.cif,TAM
pretrain_000957,Ho(CO2)4,HF_COREMOF_GCMC,/home/rakeyma/Tüm_çalışmalar/MOF Radyoaktif Gaz Adsorpsiyonu/data/processed/cif/pretrain_000957.cif,Ho(CO2)4,False,False,-0.4785943460144064,0.149978361712225,0.2528167403047898,2.441413362038037e+25,4.115461463109865e+25,4.837021143375599,2.66036162885658,1.6856881047273249,52,3,11.923076923076923,0.7192307692307693,0.9079035680560402,0.0769230769230769,KAYNAK_VERISI,/home/rakeyma/Tüm_çalışmalar/MOF Radyoaktif Gaz Adsorpsiyonu/data/processed/cif/pretrain_000957.cif,TAM
pretrain_000958,MgPHCO6,HF_COREMOF_GCMC,/home/rakeyma/Tüm_çalışmalar/MOF Radyoaktif Gaz Adsorpsiyonu/data/processed/cif/pretrain_000958.cif,MgPHCO6,False,False,-0.3514950327118205,0.0918349361792421,0.1349985755511485,2.705562218012952e+25,3.977212384444526e+25,1.9888527039069892,1.2,1.4700132778190231,40,5,8.2,0.7050000000000001,0.6865974075103983,0.1,KAYNAK_VERISI,/home/rakeyma/Tüm_çalışmalar/MOF Radyoaktif Gaz Adsorpsiyonu/data/processed/cif/pretrain_000958.cif,TAM
pretrain_000959,CoPC3NO3,HF_COREMOF_GCMC,/home/rakeyma/Tüm_çalışmalar/MOF Radyoaktif Gaz Adsorpsiyonu/data/processed/cif/pretrain_000959.cif,CoPC3NO3,False,False,-0.339007787587708,0.1898965143943221,0.2483097013590397,2.900170840812462e+25,3.792278956089516e+25,3.13185845514548,1.722522150330014,1.3076053668021623,54,5,10.11111111111111,0.7666666666666667,0.5632406235349152,0.1111111111111111,KAYNAK_VERISI,/home/rakeyma/Tüm_çalışmalar/MOF Radyoaktif Gaz Adsorpsiyonu/data/processed/cif/pretrain_000959.cif,TAM
pretrain_000960,Eu3H3C9O13,HF_COREMOF_GCMC,/home/rakeyma/Tüm_çalışmalar/MOF Radyoaktif Gaz Adsorpsiyonu/data/processed/cif/pretrain_000960.cif,Eu3H3C9O13,False,False,-0.2407258361538063,0.0156526245021028,0.05,4.2485956111647984e+24,1.3571511955052725e+25,1.5,1.2,3.194352486593081,56,4,12.5,0.7285714285714285,0.8020403668145388,0.1071428571428571,KAYNAK_VERISI,/home/rakeyma/Tüm_çalışmalar/MOF Radyoaktif Gaz Adsorpsiyonu/data/processed/cif/pretrain_000960.cif,TAM
pretrain_000961,MnHC4O3,HF_COREMOF_GCMC,/home/rakeyma/Tüm_çalışmalar/MOF Radyoaktif Gaz Adsorpsiyonu/data/processed/cif/pretrain_000961.cif,MnHC4O3,False,False,-0.3566730252319013,0.250478780251175,0.2732752104856126,3.946863419937481e+25,4.306073076369193e+25,3.5594545584836754,1.957700007166021,1.0910114230498005,54,4,8.222222222222221,0.6944444444444445,0.6822206387965699,0.1111111111111111,KAYNAK_VERISI,/home/rakeyma/Tüm_çalışmalar/MOF Radyoaktif Gaz Adsorpsiyonu/data/processed/cif/pretrain_000961.cif,TAM
pretrain_000962,CuHC4O3,HF_COREMOF_GCMC,/home/rakeyma/Tüm_çalışmalar/MOF Radyoaktif Gaz Adsorpsiyonu/data/processed/cif/pretrain_000962.cif,CuHC4O3,False,False,-0.205978546369902,0.143063613898343,0.189134943314022,2.5852239851953995e+25,3.417753673141659e+25,2.7268008935398664,1.4997404914469266,1.3220338712288924,54,4,8.666666666666666,0.688888888888889,0.577510822409416,0.1111111111111111,KAYNAK_VERISI,/home/rakeyma/Tüm_çalışmalar/MOF Radyoaktif Gaz Adsorpsiyonu/data/processed/cif/pretrain_000962.cif,TAM
pretrain_000963,CoHC4O3,HF_COREMOF_GCMC,/home/rakeyma/Tüm_çalışmalar/MOF Radyoaktif Gaz Adsorpsiyonu/data/processed/cif/pretrain_000963.cif,CoHC4O3,False,False,-0.3016874469803596,0.2027223446159727,0.2408156049896382,3.3889723538711354e+25,4.025789210541387e+25,3.325674945771934,1.829121220174564,1.1879085428191327,54,4,8.444444444444445,0.688888888888889,0.5829397481729994,0.1111111111111111,KAYNAK_VERISI,/home/rakeyma/Tüm_çalışmalar/MOF Radyoaktif Gaz Adsorpsiyonu/data/processed/cif/pretrain_000963.cif,TAM
pretrain_000964,MgPHCO6,HF_COREMOF_GCMC,/home/rakeyma/Tüm_çalışmalar/MOF Radyoaktif Gaz Adsorpsiyonu/data/processed/cif/pretrain_000964.cif,MgPHCO6,False,False,-0.3514950327118205,0.0918349361792421,0.1349985755511485,2.705562218012952e+25,3.977212384444526e+25,1.9888527039069892,1.2,1.4700132778190231,40,5,8.2,0.7050000000000001,0.6865974075103983,0.1,KAYNAK_VERISI,/home/rakeyma/Tüm_çalışmalar/MOF Radyoaktif Gaz Adsorpsiyonu/data/processed/cif/pretrain_000964.cif,TAM
pretrain_000965,ZnHC4O3,HF_COREMOF_GCMC,/home/rakeyma/Tüm_çalışmalar/MOF Radyoaktif Gaz Adsorpsiyonu/data/processed/cif/pretrain_000965.cif,ZnHC4O3,False,False,-0.2677312773291185,0.2068786041617683,0.2515640963015523,3.3991159257691533e+25,4.133320260715269e+25,3.442719217267522,1.8934955694971372,1.2159986158106626,54,4,8.777777777777779,0.688888888888889,0.6504229393248673,0.1111111111111111,KAYNAK_VERISI,/home/rakeyma/Tüm_çalışmalar/MOF Radyoaktif Gaz Adsorpsiyonu/data/processed/cif/pretrain_000965.cif,TAM
pretrain_000966,LaC12(ClO)6,HF_COREMOF_GCMC,/home/rakeyma/Tüm_çalışmalar/MOF Radyoaktif Gaz Adsorpsiyonu/data/processed/cif/pretrain_000966.cif,LaC12(ClO)6,False,False,-0.5688211219557444,0.0278556086912823,0.05,5.564325439575443e+24,9.987800843348366e+24,1.9871936116040632,1.2,1.7949706486093728,50,4,11.16,0.7979999999999999,0.90361427058231,0.04,KAYNAK_VERISI,/home/rakeyma/Tüm_çalışmalar/MOF Radyoaktif Gaz Adsorpsiyonu/data/processed/cif/pretrain_000966.cif,TAM
pretrain_000967,Fe2C4Cl2O9,HF_COREMOF_GCMC,/home/rakeyma/Tüm_çalışmalar/MOF Radyoaktif Gaz Adsorpsiyonu/data/processed/cif/pretrain_000967.cif,Fe2C4Cl2O9,False,False,-0.1945708216821267,0.1207959175776015,0.1851451817186259,3.2545086912313037e+25,4.988219926023356e+25,3.77704173503509,2.0773729542693,1.5327105868431787,34,4,10.705882352941176,0.7647058823529411,0.6185668920981788,0.1176470588235294,KAYNAK_VERISI,/home/rakeyma/Tüm_çalışmalar/MOF Radyoaktif Gaz Adsorpsiyonu/data/processed/cif/pretrain_000967.cif,TAM
pretrain_000968,NiHC4O3,HF_COREMOF_GCMC,/home/rakeyma/Tüm_çalışmalar/MOF Radyoaktif Gaz Adsorpsiyonu/data/processed/cif/pretrain_000968.cif,NiHC4O3,False,False,-0.2850008840109861,0.2053149565183192,0.2445249196354211,3.446471485280089e+25,4.104660358188226e+25,3.307179953819433,1.818948974600688,1.1909747043372527,54,4,8.555555555555555,0.688888888888889,0.5748260606479145,0.1111111111111111,KAYNAK_VERISI,/home/rakeyma/Tüm_çalışmalar/MOF Radyoaktif Gaz Adsorpsiyonu/data/processed/cif/pretrain_000968.cif,TAM
pretrain_000969,YH4(CO2)4,HF_COREMOF_GCMC,/home/rakeyma/Tüm_çalışmalar/MOF Radyoaktif Gaz Adsorpsiyonu/data/processed/cif/pretrain_000969.cif,YH4(CO2)4,False,False,-0.2927306989086387,0.0290600682297266,0.05,1.224155585179548e+25,2.1062503630451072e+25,1.5,1.2,1.7205740745251603,34,4,7.705882352941177,0.6117647058823531,0.7949017234853627,0.0588235294117647,KAYNAK_VERISI,/home/rakeyma/Tüm_çalışmalar/MOF Radyoaktif Gaz Adsorpsiyonu/data/processed/cif/pretrain_000969.cif,TAM
pretrain_000970,CoHC4O3,HF_COREMOF_GCMC,/home/rakeyma/Tüm_çalışmalar/MOF Radyoaktif Gaz Adsorpsiyonu/data/processed/cif/pretrain_000970.cif,CoHC4O3,False,False,-0.3016874469803596,0.2027223446159727,0.2408156049896382,3.3889723538711354e+25,4.025789210541387e+25,3.325674945771934,1.829121220174564,1.1879085428191327,54,4,8.444444444444445,0.688888888888889,0.5829397481729994,0.1111111111111111,KAYNAK_VERISI,/home/rakeyma/Tüm_çalışmalar/MOF Radyoaktif Gaz Adsorpsiyonu/data/processed/cif/pretrain_000970.cif,TAM
pretrain_000971,CuHC4O3,HF_COREMOF_GCMC,/home/rakeyma/Tüm_çalışmalar/MOF Radyoaktif Gaz Adsorpsiyonu/data/processed/cif/pretrain_000971.cif,CuHC4O3,False,False,-0.205978546369902,0.143063613898343,0.189134943314022,2.5852239851953995e+25,3.417753673141659e+25,2.7268008935398664,1.4997404914469266,1.3220338712288924,54,4,8.666666666666666,0.688888888888889,0.577510822409416,0.1111111111111111,KAYNAK_VERISI,/home/rakeyma/Tüm_çalışmalar/MOF Radyoaktif Gaz Adsorpsiyonu/data/processed/cif/pretrain_000971.cif,TAM
pretrain_000972,CuH8(C2N)4,HF_COREMOF_GCMC,/home/rakeyma/Tüm_çalışmalar/MOF Radyoaktif Gaz Adsorpsiyonu/data/processed/cif/pretrain_000972.cif,CuH8(C2N)4,False,False,-0.3595788678012127,0.055565211083506,0.0637476421433295,3.752883638938055e+25,4.305526399621553e+25,1.7305181678393635,1.2,1.1472581656807983,21,4,5.380952380952381,0.55,0.4242861652234256,0.0476190476190476,KAYNAK_VERISI,/home/rakeyma/Tüm_çalışmalar/MOF Radyoaktif Gaz Adsorpsiyonu/data/processed/cif/pretrain_000972.cif,TAM
pretrain_000973,CuHC4O3,HF_COREMOF_GCMC,/home/rakeyma/Tüm_çalışmalar/MOF Radyoaktif Gaz Adsorpsiyonu/data/processed/cif/pretrain_000973.cif,CuHC4O3,False,False,-0.205978546369902,0.143063613898343,0.189134943314022,2.5852239851953995e+25,3.417753673141659e+25,2.7268008935398664,1.4997404914469266,1.3220338712288924,54,4,8.666666666666666,0.688888888888889,0.577510822409416,0.1111111111111111,KAYNAK_VERISI,/home/rakeyma/Tüm_çalışmalar/MOF Radyoaktif Gaz Adsorpsiyonu/data/processed/cif/pretrain_000973.cif,TAM
pretrain_000974,SrU2P2H4(C3O4)2,HF_COREMOF_GCMC,/home/rakeyma/Tüm_çalışmalar/MOF Radyoaktif Gaz Adsorpsiyonu/data/processed/cif/pretrain_000974.cif,SrU2P2H4(C3O4)2,False,False,-0.5660985795729906,0.0161233082656799,0.05,3.968439746241035e+24,1.2306530647585094e+25,1.5918567931821002,1.2,3.10110054190492,46,6,15.478260869565217,0.7608695652173915,0.8015696406981049,0.1304347826086956,KAYNAK_VERISI,/home/rakeyma/Tüm_çalışmalar/MOF Radyoaktif Gaz Adsorpsiyonu/data/processed/cif/pretrain_000974.cif,TAM
pretrain_000975,AlPC2O3F,HF_COREMOF_GCMC,/home/rakeyma/Tüm_çalışmalar/MOF Radyoaktif Gaz Adsorpsiyonu/data/processed/cif/pretrain_000975.cif,AlPC2O3F,False,False,-0.4080257540944188,0.0508601283954232,0.0778080310945878,1.7197507043226284e+25,2.630949242529157e+25,1.5,1.2,1.5298433871352473,32,5,9.125,0.7437499999999999,0.853477591972982,0.125,KAYNAK_VERISI,/home/rakeyma/Tüm_çalışmalar/MOF Radyoaktif Gaz Adsorpsiyonu/data/processed/cif/pretrain_000975.cif,TAM
pretrain_000976,Ho(CO2)4,HF_COREMOF_GCMC,/home/rakeyma/Tüm_çalışmalar/MOF Radyoaktif Gaz Adsorpsiyonu/data/processed/cif/pretrain_000976.cif,Ho(CO2)4,False,False,-0.4785943460144064,0.149978361712225,0.2528167403047898,2.441413362038037e+25,4.115461463109865e+25,4.837021143375599,2.66036162885658,1.6856881047273249,52,3,11.923076923076923,0.7192307692307693,0.9079035680560402,0.0769230769230769,KAYNAK_VERISI,/home/rakeyma/Tüm_çalışmalar/MOF Radyoaktif Gaz Adsorpsiyonu/data/processed/cif/pretrain_000976.cif,TAM
pretrain_000977,SmH9(C2O)6,HF_COREMOF_GCMC,/home/rakeyma/Tüm_çalışmalar/MOF Radyoaktif Gaz Adsorpsiyonu/data/processed/cif/pretrain_000977.cif,SmH9(C2O)6,False,False,-0.5533311169052184,0.0331136208540026,0.05,8.2408418593811e+24,1.244328111340469e+25,1.8852289118300725,1.2,1.5099526632997664,56,4,6.821428571428571,0.5750000000000001,0.8128037893612454,0.0357142857142857,KAYNAK_VERISI,/home/rakeyma/Tüm_çalışmalar/MOF Radyoaktif Gaz Adsorpsiyonu/data/processed/cif/pretrain_000977.cif,TAM
pretrain_000978,UH2(C5O4)2,HF_COREMOF_GCMC,/home/rakeyma/Tüm_çalışmalar/MOF Radyoaktif Gaz Adsorpsiyonu/data/processed/cif/pretrain_000978.cif,UH2(C5O4)2,False,False,-0.1949030575478053,0.1474609397668808,0.2330971396495256,3.1446031398414465e+25,4.970794288906241e+25,4.551368288254971,2.5032525585402343,1.5807381942501246,42,4,10.38095238095238,0.6690476190476191,0.7389646473275971,0.0476190476190476,KAYNAK_VERISI,/home/rakeyma/Tüm_çalışmalar/MOF Radyoaktif Gaz Adsorpsiyonu/data/processed/cif/pretrain_000978.cif,TAM
pretrain_000979,FeH3(CO2)3,HF_COREMOF_GCMC,/home/rakeyma/Tüm_çalışmalar/MOF Radyoaktif Gaz Adsorpsiyonu/data/processed/cif/pretrain_000979.cif,FeH3(CO2)3,False,False,-0.245645129301964,0.0418225457772277,0.0615066653301182,1.060893698679908e+25,1.5602119015687923e+25,2.064892740520459,1.2,1.4706580909191904,52,4,7.3076923076923075,0.6038461538461539,0.5968458762528228,0.0769230769230769,KAYNAK_VERISI,/home/rakeyma/Tüm_çalışmalar/MOF Radyoaktif Gaz Adsorpsiyonu/data/processed/cif/pretrain_000979.cif,TAM
pretrain_000980,Fe2C4Cl2O9,HF_COREMOF_GCMC,/home/rakeyma/Tüm_çalışmalar/MOF Radyoaktif Gaz Adsorpsiyonu/data/processed/cif/pretrain_000980.cif,Fe2C4Cl2O9,False,False,-0.1945708216821267,0.1207959175776015,0.1851451817186259,3.2545086912313037e+25,4.988219926023356e+25,3.77704173503509,2.0773729542693,1.5327105868431787,34,4,10.705882352941176,0.7647058823529411,0.6185668920981788,0.1176470588235294,KAYNAK_VERISI,/home/rakeyma/Tüm_çalışmalar/MOF Radyoaktif Gaz Adsorpsiyonu/data/processed/cif/pretrain_000980.cif,TAM
pretrain_000981,TbH8C8(NO3)2,HF_COREMOF_GCMC,/home/rakeyma/Tüm_çalışmalar/MOF Radyoaktif Gaz Adsorpsiyonu/data/processed/cif/pretrain_000981.cif,TbH8C8(NO3)2,False,False,-0.4850084406581334,0.0248116621265863,0.05,8.506364654357456e+24,1.714186782602257e+25,1.6927034589673409,1.2,2.015181399170503,50,5,7.32,0.5700000000000001,0.8027353237524806,0.04,KAYNAK_VERISI,/home/rakeyma/Tüm_çalışmalar/MOF Radyoaktif Gaz Adsorpsiyonu/data/processed/cif/pretrain_000981.cif,TAM
pretrain_000982,ZnCrH18C14(N2O)2,HF_COREMOF_GCMC,/home/rakeyma/Tüm_çalışmalar/MOF Radyoaktif Gaz Adsorpsiyonu/data/processed/cif/pretrain_000982.cif,ZnCrH18C14(N2O)2,False,False,-0.4760620884541638,0.0960454740280064,0.1018516660070818,3.424507411877276e+25,3.6315275517469383e+25,2.2145268798608373,1.2179897839234606,1.0604525308228716,40,6,5.0,0.52125,0.6658995586589784,0.05,KAYNAK_VERISI,/home/rakeyma/Tüm_çalışmalar/MOF Radyoaktif Gaz Adsorpsiyonu/data/processed/cif/pretrain_000982.cif,TAM
pretrain_000983,Zn3P2CO10,HF_COREMOF_GCMC,/home/rakeyma/Tüm_çalışmalar/MOF Radyoaktif Gaz Adsorpsiyonu/data/processed/cif/pretrain_000983.cif,Zn3P2CO10,False,False,-0.2760211874695548,0.0184202431793702,0.05,7.654204965941728e+24,2.077661215274852e+25,1.5,1.2,2.7144049898319245,32,4,12.875,0.7968750000000001,0.6514359139623789,0.1875,KAYNAK_VERISI,/home/rakeyma/Tüm_çalışmalar/MOF Radyoaktif Gaz Adsorpsiyonu/data/processed/cif/pretrain_000983.cif,TAM
pretrain_000984,CoH8C8N5O2,HF_COREMOF_GCMC,/home/rakeyma/Tüm_çalışmalar/MOF Radyoaktif Gaz Adsorpsiyonu/data/processed/cif/pretrain_000984.cif,CoH8C8N5O2,False,False,-0.1908556008032336,0.0357755324704323,0.05,1.2419835672151677e+25,1.7358002543241494e+25,1.5,1.2,1.3976032373892353,48,5,5.583333333333333,0.5583333333333332,0.5617259118110896,0.0416666666666666,KAYNAK_VERISI,/home/rakeyma/Tüm_çalışmalar/MOF Radyoaktif Gaz Adsorpsiyonu/data/processed/cif/pretrain_000984.cif,TAM
pretrain_000985,PrH4(C3O4)2,HF_COREMOF_GCMC,/home/rakeyma/Tüm_çalışmalar/MOF Radyoaktif Gaz Adsorpsiyonu/data/processed/cif/pretrain_000985.cif,PrH4(C3O4)2,False,False,-0.2932541461957817,0.0269234116356386,0.05,6.362688521709699e+24,1.1816274638254576e+25,2.2767644146902857,1.2522204280796572,1.8571197690940024,57,4,8.578947368421053,0.6236842105263158,0.8272544953035915,0.0526315789473684,KAYNAK_VERISI,/home/rakeyma/Tüm_çalışmalar/MOF Radyoaktif Gaz Adsorpsiyonu/data/processed/cif/pretrain_000985.cif,TAM
pretrain_000986,LaC12(ClO)6,HF_COREMOF_GCMC,/home/rakeyma/Tüm_çalışmalar/MOF Radyoaktif Gaz Adsorpsiyonu/data/processed/cif/pretrain_000986.cif,LaC12(ClO)6,False,False,-0.5688211219557444,0.0278556086912823,0.05,5.564325439575443e+24,9.987800843348366e+24,1.9871936116040632,1.2,1.7949706486093728,50,4,11.16,0.7979999999999999,0.90361427058231,0.04,KAYNAK_VERISI,/home/rakeyma/Tüm_çalışmalar/MOF Radyoaktif Gaz Adsorpsiyonu/data/processed/cif/pretrain_000986.cif,TAM
pretrain_000987,LaH3C9(NO2)3,HF_COREMOF_GCMC,/home/rakeyma/Tüm_çalışmalar/MOF Radyoaktif Gaz Adsorpsiyonu/data/processed/cif/pretrain_000987.cif,LaH3C9(NO2)3,False,False,-0.403659923088563,0.0249714498325671,0.05,8.485368050114763e+24,1.6990138952701778e+25,1.5,1.2,2.0022866247353868,44,5,8.318181818181818,0.6613636363636364,0.8027353237524807,0.0454545454545454,KAYNAK_VERISI,/home/rakeyma/Tüm_çalışmalar/MOF Radyoaktif Gaz Adsorpsiyonu/data/processed/cif/pretrain_000987.cif,TAM
pretrain_000988,CuHC4O3,HF_COREMOF_GCMC,/home/rakeyma/Tüm_çalışmalar/MOF Radyoaktif Gaz Adsorpsiyonu/data/processed/cif/pretrain_000988.cif,CuHC4O3,False,False,-0.205978546369902,0.143063613898343,0.189134943314022,2.5852239851953995e+25,3.417753673141659e+25,2.7268008935398664,1.4997404914469266,1.3220338712288924,54,4,8.666666666666666,0.688888888888889,0.577510822409416,0.1111111111111111,KAYNAK_VERISI,/home/rakeyma/Tüm_çalışmalar/MOF Radyoaktif Gaz Adsorpsiyonu/data/processed/cif/pretrain_000988.cif,TAM
pretrain_000989,ZnCrH18C14(N2O)2,HF_COREMOF_GCMC,/home/rakeyma/Tüm_çalışmalar/MOF Radyoaktif Gaz Adsorpsiyonu/data/processed/cif/pretrain_000989.cif,ZnCrH18C14(N2O)2,False,False,-0.4760620884541638,0.0960454740280064,0.1018516660070818,3.424507411877276e+25,3.6315275517469383e+25,2.2145268798608373,1.2179897839234606,1.0604525308228716,40,6,5.0,0.52125,0.6658995586589784,0.05,KAYNAK_VERISI,/home/rakeyma/Tüm_çalışmalar/MOF Radyoaktif Gaz Adsorpsiyonu/data/processed/cif/pretrain_000989.cif,TAM
pretrain_000990,LaC12(ClO)6,HF_COREMOF_GCMC,/home/rakeyma/Tüm_çalışmalar/MOF Radyoaktif Gaz Adsorpsiyonu/data/processed/cif/pretrain_000990.cif,LaC12(ClO)6,False,False,-0.5688211219557444,0.0278556086912823,0.05,5.564325439575443e+24,9.987800843348366e+24,1.9871936116040632,1.2,1.7949706486093728,50,4,11.16,0.7979999999999999,0.90361427058231,0.04,KAYNAK_VERISI,/home/rakeyma/Tüm_çalışmalar/MOF Radyoaktif Gaz Adsorpsiyonu/data/processed/cif/pretrain_000990.cif,TAM
pretrain_000991,LiH4C6NO2,HF_COREMOF_GCMC,/home/rakeyma/Tüm_çalışmalar/MOF Radyoaktif Gaz Adsorpsiyonu/data/processed/cif/pretrain_000991.cif,LiH4C6NO2,False,False,-0.2825271100948334,0.0494461371087052,0.05,1.275812609503011e+25,1.290103417682752e+25,1.5,1.2,1.0112013379341875,56,5,4.714285714285714,0.6071428571428571,0.84395260530435,0.0714285714285714,KAYNAK_VERISI,/home/rakeyma/Tüm_çalışmalar/MOF Radyoaktif Gaz Adsorpsiyonu/data/processed/cif/pretrain_000991.cif,TAM
pretrain_000992,LaC12(ClO)6,HF_COREMOF_GCMC,/home/rakeyma/Tüm_çalışmalar/MOF Radyoaktif Gaz Adsorpsiyonu/data/processed/cif/pretrain_000992.cif,LaC12(ClO)6,False,False,-0.5688211219557444,0.0278556086912823,0.05,5.564325439575443e+24,9.987800843348366e+24,1.9871936116040632,1.2,1.7949706486093728,50,4,11.16,0.7979999999999999,0.90361427058231,0.04,KAYNAK_VERISI,/home/rakeyma/Tüm_çalışmalar/MOF Radyoaktif Gaz Adsorpsiyonu/data/processed/cif/pretrain_000992.cif,TAM
pretrain_000993,CoHC4O3,HF_COREMOF_GCMC,/home/rakeyma/Tüm_çalışmalar/MOF Radyoaktif Gaz Adsorpsiyonu/data/processed/cif/pretrain_000993.cif,CoHC4O3,False,False,-0.3016874469803596,0.2027223446159727,0.2408156049896382,3.3889723538711354e+25,4.025789210541387e+25,3.325674945771934,1.829121220174564,1.1879085428191327,54,4,8.444444444444445,0.688888888888889,0.5829397481729994,0.1111111111111111,KAYNAK_VERISI,/home/rakeyma/Tüm_çalışmalar/MOF Radyoaktif Gaz Adsorpsiyonu/data/processed/cif/pretrain_000993.cif,TAM
pretrain_000994,MgH6C8S2(NO)4,HF_COREMOF_GCMC,/home/rakeyma/Tüm_çalışmalar/MOF Radyoaktif Gaz Adsorpsiyonu/data/processed/cif/pretrain_000994.cif,MgH6C8S2(NO)4,False,False,-0.5201537452132456,0.3052292661117404,0.2876388643622771,6.098681039384603e+25,5.747213268973177e+25,4.079784268198212,2.2438813475090167,0.9423698717572396,50,6,6.32,0.6240000000000001,0.6693031201680346,0.04,KAYNAK_VERISI,/home/rakeyma/Tüm_çalışmalar/MOF Radyoaktif Gaz Adsorpsiyonu/data/processed/cif/pretrain_000994.cif,TAM
pretrain_000995,ZnCrH18C14(N2O)2,HF_COREMOF_GCMC,/home/rakeyma/Tüm_çalışmalar/MOF Radyoaktif Gaz Adsorpsiyonu/data/processed/cif/pretrain_000995.cif,ZnCrH18C14(N2O)2,False,False,-0.4760620884541638,0.0960454740280064,0.1018516660070818,3.424507411877276e+25,3.6315275517469383e+25,2.2145268798608373,1.2179897839234606,1.0604525308228716,40,6,5.0,0.52125,0.6658995586589784,0.05,KAYNAK_VERISI,/home/rakeyma/Tüm_çalışmalar/MOF Radyoaktif Gaz Adsorpsiyonu/data/processed/cif/pretrain_000995.cif,TAM
pretrain_000996,CoHC4O3,HF_COREMOF_GCMC,/home/rakeyma/Tüm_çalışmalar/MOF Radyoaktif Gaz Adsorpsiyonu/data/processed/cif/pretrain_000996.cif,CoHC4O3,False,False,-0.3016874469803596,0.2027223446159727,0.2408156049896382,3.3889723538711354e+25,4.025789210541387e+25,3.325674945771934,1.829121220174564,1.1879085428191327,54,4,8.444444444444445,0.688888888888889,0.5829397481729994,0.1111111111111111,KAYNAK_VERISI,/home/rakeyma/Tüm_çalışmalar/MOF Radyoaktif Gaz Adsorpsiyonu/data/processed/cif/pretrain_000996.cif,TAM
pretrain_000997,ErH4(CO2)4,HF_COREMOF_GCMC,/home/rakeyma/Tüm_çalışmalar/MOF Radyoaktif Gaz Adsorpsiyonu/data/processed/cif/pretrain_000997.cif,ErH4(CO2)4,False,False,-0.2729219457086594,0.0236006670386222,0.05,9.4800095235009e+24,2.008419827284324e+25,1.5,1.2,2.118584187395024,34,4,9.411764705882351,0.6088235294117648,0.7877935960643498,0.0588235294117647,KAYNAK_VERISI,/home/rakeyma/Tüm_çalışmalar/MOF Radyoaktif Gaz Adsorpsiyonu/data/processed/cif/pretrain_000997.cif,TAM
pretrain_000998,YH4(CO2)4,HF_COREMOF_GCMC,/home/rakeyma/Tüm_çalışmalar/MOF Radyoaktif Gaz Adsorpsiyonu/data/processed/cif/pretrain_000998.cif,YH4(CO2)4,False,False,-0.2927306989086387,0.0290600682297266,0.05,1.224155585179548e+25,2.1062503630451072e+25,1.5,1.2,1.7205740745251603,34,4,7.705882352941177,0.6117647058823531,0.7949017234853627,0.0588235294117647,KAYNAK_VERISI,/home/rakeyma/Tüm_çalışmalar/MOF Radyoaktif Gaz Adsorpsiyonu/data/processed/cif/pretrain_000998.cif,TAM
pretrain_000999,NiH9C11(NO)2,HF_COREMOF_GCMC,/home/rakeyma/Tüm_çalışmalar/MOF Radyoaktif Gaz Adsorpsiyonu/data/processed/cif/pretrain_000999.cif,NiH9C11(NO)2,False,False,-0.4316147466124268,0.1105082077847083,0.1143993698258944,2.8987157079593816e+25,3.000783895989144e+25,2.748793250824693,1.5118362879535816,1.035211520657062,50,5,5.32,0.552,0.5538736317970011,0.04,KAYNAK_VERISI,/home/rakeyma/Tüm_çalışmalar/MOF Radyoaktif Gaz Adsorpsiyonu/data/processed/cif/pretrain_000999.cif,TAM
pretrain_001000,CoHC4O3,HF_COREMOF_GCMC,/home/rakeyma/Tüm_çalışmalar/MOF Radyoaktif Gaz Adsorpsiyonu/data/processed/cif/pretrain_001000.cif,CoHC4O3,False,False,-0.3016874469803596,0.2027223446159727,0.2408156049896382,3.3889723538711354e+25,4.025789210541387e+25,3.325674945771934,1.829121220174564,1.1879085428191327,54,4,8.444444444444445,0.688888888888889,0.5829397481729994,0.1111111111111111,KAYNAK_VERISI,/home/rakeyma/Tüm_çalışmalar/MOF Radyoaktif Gaz Adsorpsiyonu/data/processed/cif/pretrain_001000.cif,TAM
pretrain_001001,CoHC4O3,HF_COREMOF_GCMC,/home/rakeyma/Tüm_çalışmalar/MOF Radyoaktif Gaz Adsorpsiyonu/data/processed/cif/pretrain_001001.cif,CoHC4O3,False,False,-0.3016874469803596,0.2027223446159727,0.2408156049896382,3.3889723538711354e+25,4.025789210541387e+25,3.325674945771934,1.829121220174564,1.1879085428191327,54,4,8.444444444444445,0.688888888888889,0.5829397481729994,0.1111111111111111,KAYNAK_VERISI,/home/rakeyma/Tüm_çalışmalar/MOF Radyoaktif Gaz Adsorpsiyonu/data/processed/cif/pretrain_001001.cif,TAM
pretrain_001002,CuHC4O3,HF_COREMOF_GCMC,/home/rakeyma/Tüm_çalışmalar/MOF Radyoaktif Gaz Adsorpsiyonu/data/processed/cif/pretrain_001002.cif,CuHC4O3,False,False,-0.205978546369902,0.143063613898343,0.189134943314022,2.5852239851953995e+25,3.417753673141659e+25,2.7268008935398664,1.4997404914469266,1.3220338712288924,54,4,8.666666666666666,0.688888888888889,0.577510822409416,0.1111111111111111,KAYNAK_VERISI,/home/rakeyma/Tüm_çalışmalar/MOF Radyoaktif Gaz Adsorpsiyonu/data/processed/cif/pretrain_001002.cif,TAM
pretrain_001003,EuHC6N2O5,HF_COREMOF_GCMC,/home/rakeyma/Tüm_çalışmalar/MOF Radyoaktif Gaz Adsorpsiyonu/data/processed/cif/pretrain_001003.cif,EuHC6N2O5,False,False,-0.272888177149816,0.0266630693681719,0.05,6.59103069616188e+24,1.235984988290522e+25,2.179271850871295,1.2,1.87525296917562,45,5,10.266666666666667,0.7066666666666668,0.768988946604566,0.0666666666666666,KAYNAK_VERISI,/home/rakeyma/Tüm_çalışmalar/MOF Radyoaktif Gaz Adsorpsiyonu/data/processed/cif/pretrain_001003.cif,TAM
pretrain_001004,SmH9(C2O)6,HF_COREMOF_GCMC,/home/rakeyma/Tüm_çalışmalar/MOF Radyoaktif Gaz Adsorpsiyonu/data/processed/cif/pretrain_001004.cif,SmH9(C2O)6,False,False,-0.5533311169052184,0.0331136208540026,0.05,8.2408418593811e+24,1.244328111340469e+25,1.8852289118300725,1.2,1.5099526632997664,56,4,6.821428571428571,0.5750000000000001,0.8128037893612454,0.0357142857142857,KAYNAK_VERISI,/home/rakeyma/Tüm_çalışmalar/MOF Radyoaktif Gaz Adsorpsiyonu/data/processed/cif/pretrain_001004.cif,TAM
pretrain_001005,Ho(CO2)4,HF_COREMOF_GCMC,/home/rakeyma/Tüm_çalışmalar/MOF Radyoaktif Gaz Adsorpsiyonu/data/processed/cif/pretrain_001005.cif,Ho(CO2)4,False,False,-0.4785943460144064,0.149978361712225,0.2528167403047898,2.441413362038037e+25,4.115461463109865e+25,4.837021143375599,2.66036162885658,1.6856881047273249,52,3,11.923076923076923,0.7192307692307693,0.9079035680560402,0.0769230769230769,KAYNAK_VERISI,/home/rakeyma/Tüm_çalışmalar/MOF Radyoaktif Gaz Adsorpsiyonu/data/processed/cif/pretrain_001005.cif,TAM
pretrain_001006,SmH9(C2O)6,HF_COREMOF_GCMC,/home/rakeyma/Tüm_çalışmalar/MOF Radyoaktif Gaz Adsorpsiyonu/data/processed/cif/pretrain_001006.cif,SmH9(C2O)6,False,False,-0.5533311169052184,0.0331136208540026,0.05,8.2408418593811e+24,1.244328111340469e+25,1.8852289118300725,1.2,1.5099526632997664,56,4,6.821428571428571,0.5750000000000001,0.8128037893612454,0.0357142857142857,KAYNAK_VERISI,/home/rakeyma/Tüm_çalışmalar/MOF Radyoaktif Gaz Adsorpsiyonu/data/processed/cif/pretrain_001006.cif,TAM
pretrain_001007,SmH9(C2O)6,HF_COREMOF_GCMC,/home/rakeyma/Tüm_çalışmalar/MOF Radyoaktif Gaz Adsorpsiyonu/data/processed/cif/pretrain_001007.cif,SmH9(C2O)6,False,False,-0.5533311169052184,0.0331136208540026,0.05,8.2408418593811e+24,1.244328111340469e+25,1.8852289118300725,1.2,1.5099526632997664,56,4,6.821428571428571,0.5750000000000001,0.8128037893612454,0.0357142857142857,KAYNAK_VERISI,/home/rakeyma/Tüm_çalışmalar/MOF Radyoaktif Gaz Adsorpsiyonu/data/processed/cif/pretrain_001007.cif,TAM
pretrain_001008,ZnH3(CO2)3,HF_COREMOF_GCMC,/home/rakeyma/Tüm_çalışmalar/MOF Radyoaktif Gaz Adsorpsiyonu/data/processed/cif/pretrain_001008.cif,ZnH3(CO2)3,False,False,-0.2426909561838627,0.0521053986633498,0.079530739606193,1.3063331714848035e+25,1.993913221383093e+25,2.354517765567317,1.2949847710620246,1.5263435583716922,52,4,7.615384615384615,0.6000000000000001,0.6504229393248673,0.0769230769230769,KAYNAK_VERISI,/home/rakeyma/Tüm_çalışmalar/MOF Radyoaktif Gaz Adsorpsiyonu/data/processed/cif/pretrain_001008.cif,TAM
pretrain_001009,Ho(CO2)4,HF_COREMOF_GCMC,/home/rakeyma/Tüm_çalışmalar/MOF Radyoaktif Gaz Adsorpsiyonu/data/processed/cif/pretrain_001009.cif,Ho(CO2)4,False,False,-0.4785943460144064,0.149978361712225,0.2528167403047898,2.441413362038037e+25,4.115461463109865e+25,4.837021143375599,2.66036162885658,1.6856881047273249,52,3,11.923076923076923,0.7192307692307693,0.9079035680560402,0.0769230769230769,KAYNAK_VERISI,/home/rakeyma/Tüm_çalışmalar/MOF Radyoaktif Gaz Adsorpsiyonu/data/processed/cif/pretrain_001009.cif,TAM
pretrain_001010,AlPC2O3F,HF_COREMOF_GCMC,/home/rakeyma/Tüm_çalışmalar/MOF Radyoaktif Gaz Adsorpsiyonu/data/processed/cif/pretrain_001010.cif,AlPC2O3F,False,False,-0.4080257540944188,0.0508601283954232,0.0778080310945878,1.7197507043226284e+25,2.630949242529157e+25,1.5,1.2,1.5298433871352473,32,5,9.125,0.7437499999999999,0.853477591972982,0.125,KAYNAK_VERISI,/home/rakeyma/Tüm_çalışmalar/MOF Radyoaktif Gaz Adsorpsiyonu/data/processed/cif/pretrain_001010.cif,TAM
pretrain_001011,Ho(CO2)4,HF_COREMOF_GCMC,/home/rakeyma/Tüm_çalışmalar/MOF Radyoaktif Gaz Adsorpsiyonu/data/processed/cif/pretrain_001011.cif,Ho(CO2)4,False,False,-0.4785943460144064,0.149978361712225,0.2528167403047898,2.441413362038037e+25,4.115461463109865e+25,4.837021143375599,2.66036162885658,1.6856881047273249,52,3,11.923076923076923,0.7192307692307693,0.9079035680560402,0.0769230769230769,KAYNAK_VERISI,/home/rakeyma/Tüm_çalışmalar/MOF Radyoaktif Gaz Adsorpsiyonu/data/processed/cif/pretrain_001011.cif,TAM
pretrain_001012,ZnH3(CO2)3,HF_COREMOF_GCMC,/home/rakeyma/Tüm_çalışmalar/MOF Radyoaktif Gaz Adsorpsiyonu/data/processed/cif/pretrain_001012.cif,ZnH3(CO2)3,False,False,-0.2426909561838627,0.0521053986633498,0.079530739606193,1.3063331714848035e+25,1.993913221383093e+25,2.354517765567317,1.2949847710620246,1.5263435583716922,52,4,7.615384615384615,0.6000000000000001,0.6504229393248673,0.0769230769230769,KAYNAK_VERISI,/home/rakeyma/Tüm_çalışmalar/MOF Radyoaktif Gaz Adsorpsiyonu/data/processed/cif/pretrain_001012.cif,TAM
pretrain_001013,CoHC4O3,HF_COREMOF_GCMC,/home/rakeyma/Tüm_çalışmalar/MOF Radyoaktif Gaz Adsorpsiyonu/data/processed/cif/pretrain_001013.cif,CoHC4O3,False,False,-0.3016874469803596,0.2027223446159727,0.2408156049896382,3.3889723538711354e+25,4.025789210541387e+25,3.325674945771934,1.829121220174564,1.1879085428191327,54,4,8.444444444444445,0.688888888888889,0.5829397481729994,0.1111111111111111,KAYNAK_VERISI,/home/rakeyma/Tüm_çalışmalar/MOF Radyoaktif Gaz Adsorpsiyonu/data/processed/cif/pretrain_001013.cif,TAM
pretrain_001014,Ho(CO2)4,HF_COREMOF_GCMC,/home/rakeyma/Tüm_çalışmalar/MOF Radyoaktif Gaz Adsorpsiyonu/data/processed/cif/pretrain_001014.cif,Ho(CO2)4,False,False,-0.4785943460144064,0.149978361712225,0.2528167403047898,2.441413362038037e+25,4.115461463109865e+25,4.837021143375599,2.66036162885658,1.6856881047273249,52,3,11.923076923076923,0.7192307692307693,0.9079035680560402,0.0769230769230769,KAYNAK_VERISI,/home/rakeyma/Tüm_çalışmalar/MOF Radyoaktif Gaz Adsorpsiyonu/data/processed/cif/pretrain_001014.cif,TAM
pretrain_001015,MgPHCO6,HF_COREMOF_GCMC,/home/rakeyma/Tüm_çalışmalar/MOF Radyoaktif Gaz Adsorpsiyonu/data/processed/cif/pretrain_001015.cif,MgPHCO6,False,False,-0.3514950327118205,0.0918349361792421,0.1349985755511485,2.705562218012952e+25,3.977212384444526e+25,1.9888527039069892,1.2,1.4700132778190231,40,5,8.2,0.7050000000000001,0.6865974075103983,0.1,KAYNAK_VERISI,/home/rakeyma/Tüm_çalışmalar/MOF Radyoaktif Gaz Adsorpsiyonu/data/processed/cif/pretrain_001015.cif,TAM
pretrain_001016,CoHC4O3,HF_COREMOF_GCMC,/home/rakeyma/Tüm_çalışmalar/MOF Radyoaktif Gaz Adsorpsiyonu/data/processed/cif/pretrain_001016.cif,CoHC4O3,False,False,-0.3016874469803596,0.2027223446159727,0.2408156049896382,3.3889723538711354e+25,4.025789210541387e+25,3.325674945771934,1.829121220174564,1.1879085428191327,54,4,8.444444444444445,0.688888888888889,0.5829397481729994,0.1111111111111111,KAYNAK_VERISI,/home/rakeyma/Tüm_çalışmalar/MOF Radyoaktif Gaz Adsorpsiyonu/data/processed/cif/pretrain_001016.cif,TAM
pretrain_001017,CuHC4O3,HF_COREMOF_GCMC,/home/rakeyma/Tüm_çalışmalar/MOF Radyoaktif Gaz Adsorpsiyonu/data/processed/cif/pretrain_001017.cif,CuHC4O3,False,False,-0.205978546369902,0.143063613898343,0.189134943314022,2.5852239851953995e+25,3.417753673141659e+25,2.7268008935398664,1.4997404914469266,1.3220338712288924,54,4,8.666666666666666,0.688888888888889,0.577510822409416,0.1111111111111111,KAYNAK_VERISI,/home/rakeyma/Tüm_çalışmalar/MOF Radyoaktif Gaz Adsorpsiyonu/data/processed/cif/pretrain_001017.cif,TAM
pretrain_001018,ZnHC4O3,HF_COREMOF_GCMC,/home/rakeyma/Tüm_çalışmalar/MOF Radyoaktif Gaz Adsorpsiyonu/data/processed/cif/pretrain_001018.cif,ZnHC4O3,False,False,-0.2677312773291185,0.2068786041617683,0.2515640963015523,3.3991159257691533e+25,4.133320260715269e+25,3.442719217267522,1.8934955694971372,1.2159986158106626,54,4,8.777777777777779,0.688888888888889,0.6504229393248673,0.1111111111111111,KAYNAK_VERISI,/home/rakeyma/Tüm_çalışmalar/MOF Radyoaktif Gaz Adsorpsiyonu/data/processed/cif/pretrain_001018.cif,TAM
pretrain_001019,LaC12(ClO)6,HF_COREMOF_GCMC,/home/rakeyma/Tüm_çalışmalar/MOF Radyoaktif Gaz Adsorpsiyonu/data/processed/cif/pretrain_001019.cif,LaC12(ClO)6,False,False,-0.5688211219557444,0.0278556086912823,0.05,5.564325439575443e+24,9.987800843348366e+24,1.9871936116040632,1.2,1.7949706486093728,50,4,11.16,0.7979999999999999,0.90361427058231,0.04,KAYNAK_VERISI,/home/rakeyma/Tüm_çalışmalar/MOF Radyoaktif Gaz Adsorpsiyonu/data/processed/cif/pretrain_001019.cif,TAM
pretrain_001020,CdH6(C3O)4,HF_COREMOF_GCMC,/home/rakeyma/Tüm_çalışmalar/MOF Radyoaktif Gaz Adsorpsiyonu/data/processed/cif/pretrain_001020.cif,CdH6(C3O)4,False,False,-0.4047000489112297,0.0345838504232425,0.05,1.0082164159911988e+25,1.4576404935432129e+25,1.6944923133493406,1.2,1.4457615155077352,46,4,6.869565217391305,0.6021739130434784,0.6380830666927308,0.0434782608695652,KAYNAK_VERISI,/home/rakeyma/Tüm_çalışmalar/MOF Radyoaktif Gaz Adsorpsiyonu/data/processed/cif/pretrain_001020.cif,TAM
pretrain_001021,Cu2H8C13N6,HF_COREMOF_GCMC,/home/rakeyma/Tüm_çalışmalar/MOF Radyoaktif Gaz Adsorpsiyonu/data/processed/cif/pretrain_001021.cif,Cu2H8C13N6,False,False,-0.3256008637156035,0.0271403381865427,0.05,8.772647186279595e+24,1.6161639412860022e+25,1.5,1.2,1.842276233123429,58,4,6.413793103448276,0.6103448275862069,0.4242861652234256,0.0689655172413793,KAYNAK_VERISI,/home/rakeyma/Tüm_çalışmalar/MOF Radyoaktif Gaz Adsorpsiyonu/data/processed/cif/pretrain_001021.cif,TAM
pretrain_001022,TbH8C8(NO3)2,HF_COREMOF_GCMC,/home/rakeyma/Tüm_çalışmalar/MOF Radyoaktif Gaz Adsorpsiyonu/data/processed/cif/pretrain_001022.cif,TbH8C8(NO3)2,False,False,-0.4850084406581334,0.0248116621265863,0.05,8.506364654357456e+24,1.714186782602257e+25,1.6927034589673409,1.2,2.015181399170503,50,5,7.32,0.5700000000000001,0.8027353237524806,0.04,KAYNAK_VERISI,/home/rakeyma/Tüm_çalışmalar/MOF Radyoaktif Gaz Adsorpsiyonu/data/processed/cif/pretrain_001022.cif,TAM
pretrain_001023,CoHC4O3,HF_COREMOF_GCMC,/home/rakeyma/Tüm_çalışmalar/MOF Radyoaktif Gaz Adsorpsiyonu/data/processed/cif/pretrain_001023.cif,CoHC4O3,False,False,-0.3016874469803596,0.2027223446159727,0.2408156049896382,3.3889723538711354e+25,4.025789210541387e+25,3.325674945771934,1.829121220174564,1.1879085428191327,54,4,8.444444444444445,0.688888888888889,0.5829397481729994,0.1111111111111111,KAYNAK_VERISI,/home/rakeyma/Tüm_çalışmalar/MOF Radyoaktif Gaz Adsorpsiyonu/data/processed/cif/pretrain_001023.cif,TAM
pretrain_001024,Ho(CO2)4,HF_COREMOF_GCMC,/home/rakeyma/Tüm_çalışmalar/MOF Radyoaktif Gaz Adsorpsiyonu/data/processed/cif/pretrain_001024.cif,Ho(CO2)4,False,False,-0.4785943460144064,0.149978361712225,0.2528167403047898,2.441413362038037e+25,4.115461463109865e+25,4.837021143375599,2.66036162885658,1.6856881047273249,52,3,11.923076923076923,0.7192307692307693,0.9079035680560402,0.0769230769230769,KAYNAK_VERISI,/home/rakeyma/Tüm_çalışmalar/MOF Radyoaktif Gaz Adsorpsiyonu/data/processed/cif/pretrain_001024.cif,TAM
pretrain_001025,CoHC4O3,HF_COREMOF_GCMC,/home/rakeyma/Tüm_çalışmalar/MOF Radyoaktif Gaz Adsorpsiyonu/data/processed/cif/pretrain_001025.cif,CoHC4O3,False,False,-0.3016874469803596,0.2027223446159727,0.2408156049896382,3.3889723538711354e+25,4.025789210541387e+25,3.325674945771934,1.829121220174564,1.1879085428191327,54,4,8.444444444444445,0.688888888888889,0.5829397481729994,0.1111111111111111,KAYNAK_VERISI,/home/rakeyma/Tüm_çalışmalar/MOF Radyoaktif Gaz Adsorpsiyonu/data/processed/cif/pretrain_001025.cif,TAM
pretrain_001026,Ag(C3N2)2,HF_COREMOF_GCMC,/home/rakeyma/Tüm_çalışmalar/MOF Radyoaktif Gaz Adsorpsiyonu/data/processed/cif/pretrain_001026.cif,Ag(C3N2)2,False,False,-0.2373147657065865,0.175065851426671,0.2334607825666004,3.2578159210237525e+25,4.344492362056756e+25,3.59194373561157,1.975569054586364,1.3335598042910666,44,3,10.090909090909092,0.7636363636363636,0.4541903663541191,0.0909090909090909,KAYNAK_VERISI,/home/rakeyma/Tüm_çalışmalar/MOF Radyoaktif Gaz Adsorpsiyonu/data/processed/cif/pretrain_001026.cif,TAM
pretrain_001027,YH4(CO2)4,HF_COREMOF_GCMC,/home/rakeyma/Tüm_çalışmalar/MOF Radyoaktif Gaz Adsorpsiyonu/data/processed/cif/pretrain_001027.cif,YH4(CO2)4,False,False,-0.2927306989086387,0.0290600682297266,0.05,1.224155585179548e+25,2.1062503630451072e+25,1.5,1.2,1.7205740745251603,34,4,7.705882352941177,0.6117647058823531,0.7949017234853627,0.0588235294117647,KAYNAK_VERISI,/home/rakeyma/Tüm_çalışmalar/MOF Radyoaktif Gaz Adsorpsiyonu/data/processed/cif/pretrain_001027.cif,TAM
pretrain_001028,CuHC4O3,HF_COREMOF_GCMC,/home/rakeyma/Tüm_çalışmalar/MOF Radyoaktif Gaz Adsorpsiyonu/data/processed/cif/pretrain_001028.cif,CuHC4O3,False,False,-0.205978546369902,0.143063613898343,0.189134943314022,2.5852239851953995e+25,3.417753673141659e+25,2.7268008935398664,1.4997404914469266,1.3220338712288924,54,4,8.666666666666666,0.688888888888889,0.577510822409416,0.1111111111111111,KAYNAK_VERISI,/home/rakeyma/Tüm_çalışmalar/MOF Radyoaktif Gaz Adsorpsiyonu/data/processed/cif/pretrain_001028.cif,TAM
pretrain_001029,LiH4C6NO2,HF_COREMOF_GCMC,/home/rakeyma/Tüm_çalışmalar/MOF Radyoaktif Gaz Adsorpsiyonu/data/processed/cif/pretrain_001029.cif,LiH4C6NO2,False,False,-0.2825271100948334,0.0494461371087052,0.05,1.275812609503011e+25,1.290103417682752e+25,1.5,1.2,1.0112013379341875,56,5,4.714285714285714,0.6071428571428571,0.84395260530435,0.0714285714285714,KAYNAK_VERISI,/home/rakeyma/Tüm_çalışmalar/MOF Radyoaktif Gaz Adsorpsiyonu/data/processed/cif/pretrain_001029.cif,TAM
pretrain_001030,CuHC4O3,HF_COREMOF_GCMC,/home/rakeyma/Tüm_çalışmalar/MOF Radyoaktif Gaz Adsorpsiyonu/data/processed/cif/pretrain_001030.cif,CuHC4O3,False,False,-0.205978546369902,0.143063613898343,0.189134943314022,2.5852239851953995e+25,3.417753673141659e+25,2.7268008935398664,1.4997404914469266,1.3220338712288924,54,4,8.666666666666666,0.688888888888889,0.577510822409416,0.1111111111111111,KAYNAK_VERISI,/home/rakeyma/Tüm_çalışmalar/MOF Radyoaktif Gaz Adsorpsiyonu/data/processed/cif/pretrain_001030.cif,TAM
pretrain_001031,LiC6N4F3,HF_COREMOF_GCMC,/home/rakeyma/Tüm_çalışmalar/MOF Radyoaktif Gaz Adsorpsiyonu/data/processed/cif/pretrain_001031.cif,LiC6N4F3,False,False,-0.4533451462020003,0.0397452774625822,0.05,8.573472372599009e+24,1.0785523362706943e+25,1.954323412334816,1.2,1.258011094451963,56,4,6.714285714285714,0.6964285714285714,1.0861946188413936,0.0714285714285714,KAYNAK_VERISI,/home/rakeyma/Tüm_çalışmalar/MOF Radyoaktif Gaz Adsorpsiyonu/data/processed/cif/pretrain_001031.cif,TAM
pretrain_001032,Ho(CO2)4,HF_COREMOF_GCMC,/home/rakeyma/Tüm_çalışmalar/MOF Radyoaktif Gaz Adsorpsiyonu/data/processed/cif/pretrain_001032.cif,Ho(CO2)4,False,False,-0.4785943460144064,0.149978361712225,0.2528167403047898,2.441413362038037e+25,4.115461463109865e+25,4.837021143375599,2.66036162885658,1.6856881047273249,52,3,11.923076923076923,0.7192307692307693,0.9079035680560402,0.0769230769230769,KAYNAK_VERISI,/home/rakeyma/Tüm_çalışmalar/MOF Radyoaktif Gaz Adsorpsiyonu/data/processed/cif/pretrain_001032.cif,TAM
pretrain_001033,ZnCrH18C14(N2O)2,HF_COREMOF_GCMC,/home/rakeyma/Tüm_çalışmalar/MOF Radyoaktif Gaz Adsorpsiyonu/data/processed/cif/pretrain_001033.cif,ZnCrH18C14(N2O)2,False,False,-0.4760620884541638,0.0960454740280064,0.1018516660070818,3.424507411877276e+25,3.6315275517469383e+25,2.2145268798608373,1.2179897839234606,1.0604525308228716,40,6,5.0,0.52125,0.6658995586589784,0.05,KAYNAK_VERISI,/home/rakeyma/Tüm_çalışmalar/MOF Radyoaktif Gaz Adsorpsiyonu/data/processed/cif/pretrain_001033.cif,TAM
pretrain_001034,NiPC3NO3,HF_COREMOF_GCMC,/home/rakeyma/Tüm_çalışmalar/MOF Radyoaktif Gaz Adsorpsiyonu/data/processed/cif/pretrain_001034.cif,NiPC3NO3,False,False,-0.3171504197678396,0.1707078254381231,0.2302082222670137,2.692186791180484e+25,3.630551403356974e+25,2.957968170983657,1.6268824940410116,1.348551079460958,54,5,10.22222222222222,0.7666666666666667,0.5554313638965664,0.1111111111111111,KAYNAK_VERISI,/home/rakeyma/Tüm_çalışmalar/MOF Radyoaktif Gaz Adsorpsiyonu/data/processed/cif/pretrain_001034.cif,TAM
pretrain_001035,Ho(CO2)4,HF_COREMOF_GCMC,/home/rakeyma/Tüm_çalışmalar/MOF Radyoaktif Gaz Adsorpsiyonu/data/processed/cif/pretrain_001035.cif,Ho(CO2)4,False,False,-0.4785943460144064,0.149978361712225,0.2528167403047898,2.441413362038037e+25,4.115461463109865e+25,4.837021143375599,2.66036162885658,1.6856881047273249,52,3,11.923076923076923,0.7192307692307693,0.9079035680560402,0.0769230769230769,KAYNAK_VERISI,/home/rakeyma/Tüm_çalışmalar/MOF Radyoaktif Gaz Adsorpsiyonu/data/processed/cif/pretrain_001035.cif,TAM
pretrain_001036,MgPHCO6,HF_COREMOF_GCMC,/home/rakeyma/Tüm_çalışmalar/MOF Radyoaktif Gaz Adsorpsiyonu/data/processed/cif/pretrain_001036.cif,MgPHCO6,False,False,-0.3514950327118205,0.0918349361792421,0.1349985755511485,2.705562218012952e+25,3.977212384444526e+25,1.9888527039069892,1.2,1.4700132778190231,40,5,8.2,0.7050000000000001,0.6865974075103983,0.1,KAYNAK_VERISI,/home/rakeyma/Tüm_çalışmalar/MOF Radyoaktif Gaz Adsorpsiyonu/data/processed/cif/pretrain_001036.cif,TAM
pretrain_001037,CoHC4O3,HF_COREMOF_GCMC,/home/rakeyma/Tüm_çalışmalar/MOF Radyoaktif Gaz Adsorpsiyonu/data/processed/cif/pretrain_001037.cif,CoHC4O3,False,False,-0.3016874469803596,0.2027223446159727,0.2408156049896382,3.3889723538711354e+25,4.025789210541387e+25,3.325674945771934,1.829121220174564,1.1879085428191327,54,4,8.444444444444445,0.688888888888889,0.5829397481729994,0.1111111111111111,KAYNAK_VERISI,/home/rakeyma/Tüm_çalışmalar/MOF Radyoaktif Gaz Adsorpsiyonu/data/processed/cif/pretrain_001037.cif,TAM
pretrain_001038,CoHC4O3,HF_COREMOF_GCMC,/home/rakeyma/Tüm_çalışmalar/MOF Radyoaktif Gaz Adsorpsiyonu/data/processed/cif/pretrain_001038.cif,CoHC4O3,False,False,-0.3016874469803596,0.2027223446159727,0.2408156049896382,3.3889723538711354e+25,4.025789210541387e+25,3.325674945771934,1.829121220174564,1.1879085428191327,54,4,8.444444444444445,0.688888888888889,0.5829397481729994,0.1111111111111111,KAYNAK_VERISI,/home/rakeyma/Tüm_çalışmalar/MOF Radyoaktif Gaz Adsorpsiyonu/data/processed/cif/pretrain_001038.cif,TAM
pretrain_001039,CoHC4O3,HF_COREMOF_GCMC,/home/rakeyma/Tüm_çalışmalar/MOF Radyoaktif Gaz Adsorpsiyonu/data/processed/cif/pretrain_001039.cif,CoHC4O3,False,False,-0.3016874469803596,0.2027223446159727,0.2408156049896382,3.3889723538711354e+25,4.025789210541387e+25,3.325674945771934,1.829121220174564,1.1879085428191327,54,4,8.444444444444445,0.688888888888889,0.5829397481729994,0.1111111111111111,KAYNAK_VERISI,/home/rakeyma/Tüm_çalışmalar/MOF Radyoaktif Gaz Adsorpsiyonu/data/processed/cif/pretrain_001039.cif,TAM
pretrain_001040,Ho(CO2)4,HF_COREMOF_GCMC,/home/rakeyma/Tüm_çalışmalar/MOF Radyoaktif Gaz Adsorpsiyonu/data/processed/cif/pretrain_001040.cif,Ho(CO2)4,False,False,-0.4785943460144064,0.149978361712225,0.2528167403047898,2.441413362038037e+25,4.115461463109865e+25,4.837021143375599,2.66036162885658,1.6856881047273249,52,3,11.923076923076923,0.7192307692307693,0.9079035680560402,0.0769230769230769,KAYNAK_VERISI,/home/rakeyma/Tüm_çalışmalar/MOF Radyoaktif Gaz Adsorpsiyonu/data/processed/cif/pretrain_001040.cif,TAM
pretrain_001041,YH4(CO2)4,HF_COREMOF_GCMC,/home/rakeyma/Tüm_çalışmalar/MOF Radyoaktif Gaz Adsorpsiyonu/data/processed/cif/pretrain_001041.cif,YH4(CO2)4,False,False,-0.2927306989086387,0.0290600682297266,0.05,1.224155585179548e+25,2.1062503630451072e+25,1.5,1.2,1.7205740745251603,34,4,7.705882352941177,0.6117647058823531,0.7949017234853627,0.0588235294117647,KAYNAK_VERISI,/home/rakeyma/Tüm_çalışmalar/MOF Radyoaktif Gaz Adsorpsiyonu/data/processed/cif/pretrain_001041.cif,TAM
pretrain_001042,LaC12(ClO)6,HF_COREMOF_GCMC,/home/rakeyma/Tüm_çalışmalar/MOF Radyoaktif Gaz Adsorpsiyonu/data/processed/cif/pretrain_001042.cif,LaC12(ClO)6,False,False,-0.5688211219557444,0.0278556086912823,0.05,5.564325439575443e+24,9.987800843348366e+24,1.9871936116040632,1.2,1.7949706486093728,50,4,11.16,0.7979999999999999,0.90361427058231,0.04,KAYNAK_VERISI,/home/rakeyma/Tüm_çalışmalar/MOF Radyoaktif Gaz Adsorpsiyonu/data/processed/cif/pretrain_001042.cif,TAM
pretrain_001043,Cd3H8(C6O5)4,HF_COREMOF_GCMC,/home/rakeyma/Tüm_çalışmalar/MOF Radyoaktif Gaz Adsorpsiyonu/data/processed/cif/pretrain_001043.cif,Cd3H8(C6O5)4,False,False,-0.271541932323159,0.0293790473874834,0.05,6.906213466629339e+24,1.1753637508293807e+25,2.1092829231755514,1.2,1.7018931669412054,55,4,8.290909090909091,0.6445454545454548,0.6380830666927308,0.0545454545454545,KAYNAK_VERISI,/home/rakeyma/Tüm_çalışmalar/MOF Radyoaktif Gaz Adsorpsiyonu/data/processed/cif/pretrain_001043.cif,TAM
pretrain_001044,SmH9(C2O)6,HF_COREMOF_GCMC,/home/rakeyma/Tüm_çalışmalar/MOF Radyoaktif Gaz Adsorpsiyonu/data/processed/cif/pretrain_001044.cif,SmH9(C2O)6,False,False,-0.5533311169052184,0.0331136208540026,0.05,8.2408418593811e+24,1.244328111340469e+25,1.8852289118300725,1.2,1.5099526632997664,56,4,6.821428571428571,0.5750000000000001,0.8128037893612454,0.0357142857142857,KAYNAK_VERISI,/home/rakeyma/Tüm_çalışmalar/MOF Radyoaktif Gaz Adsorpsiyonu/data/processed/cif/pretrain_001044.cif,TAM
pretrain_001045,ZnHC4O3,HF_COREMOF_GCMC,/home/rakeyma/Tüm_çalışmalar/MOF Radyoaktif Gaz Adsorpsiyonu/data/processed/cif/pretrain_001045.cif,ZnHC4O3,False,False,-0.2677312773291185,0.2068786041617683,0.2515640963015523,3.3991159257691533e+25,4.133320260715269e+25,3.442719217267522,1.8934955694971372,1.2159986158106626,54,4,8.777777777777779,0.688888888888889,0.6504229393248673,0.1111111111111111,KAYNAK_VERISI,/home/rakeyma/Tüm_çalışmalar/MOF Radyoaktif Gaz Adsorpsiyonu/data/processed/cif/pretrain_001045.cif,TAM
pretrain_001046,Yb(CO2)4,HF_COREMOF_GCMC,/home/rakeyma/Tüm_çalışmalar/MOF Radyoaktif Gaz Adsorpsiyonu/data/processed/cif/pretrain_001046.cif,Yb(CO2)4,False,False,-0.2276657727356584,0.1093310706107314,0.2033019371630615,3.835293045214321e+25,7.1317558798656345e+25,3.805963847844579,2.093280116314519,1.859507421151205,26,3,12.153846153846152,0.7192307692307693,0.964376597715966,0.0769230769230769,KAYNAK_VERISI,/home/rakeyma/Tüm_çalışmalar/MOF Radyoaktif Gaz Adsorpsiyonu/data/processed/cif/pretrain_001046.cif,TAM
pretrain_001047,CuHC4O3,HF_COREMOF_GCMC,/home/rakeyma/Tüm_çalışmalar/MOF Radyoaktif Gaz Adsorpsiyonu/data/processed/cif/pretrain_001047.cif,CuHC4O3,False,False,-0.205978546369902,0.143063613898343,0.189134943314022,2.5852239851953995e+25,3.417753673141659e+25,2.7268008935398664,1.4997404914469266,1.3220338712288924,54,4,8.666666666666666,0.688888888888889,0.577510822409416,0.1111111111111111,KAYNAK_VERISI,/home/rakeyma/Tüm_çalışmalar/MOF Radyoaktif Gaz Adsorpsiyonu/data/processed/cif/pretrain_001047.cif,TAM
pretrain_001048,CoHC4O3,HF_COREMOF_GCMC,/home/rakeyma/Tüm_çalışmalar/MOF Radyoaktif Gaz Adsorpsiyonu/data/processed/cif/pretrain_001048.cif,CoHC4O3,False,False,-0.3016874469803596,0.2027223446159727,0.2408156049896382,3.3889723538711354e+25,4.025789210541387e+25,3.325674945771934,1.829121220174564,1.1879085428191327,54,4,8.444444444444445,0.688888888888889,0.5829397481729994,0.1111111111111111,KAYNAK_VERISI,/home/rakeyma/Tüm_çalışmalar/MOF Radyoaktif Gaz Adsorpsiyonu/data/processed/cif/pretrain_001048.cif,TAM
pretrain_001049,LaC12(ClO)6,HF_COREMOF_GCMC,/home/rakeyma/Tüm_çalışmalar/MOF Radyoaktif Gaz Adsorpsiyonu/data/processed/cif/pretrain_001049.cif,LaC12(ClO)6,False,False,-0.5688211219557444,0.0278556086912823,0.05,5.564325439575443e+24,9.987800843348366e+24,1.9871936116040632,1.2,1.7949706486093728,50,4,11.16,0.7979999999999999,0.90361427058231,0.04,KAYNAK_VERISI,/home/rakeyma/Tüm_çalışmalar/MOF Radyoaktif Gaz Adsorpsiyonu/data/processed/cif/pretrain_001049.cif,TAM
pretrain_001050,ErH4(CO2)4,HF_COREMOF_GCMC,/home/rakeyma/Tüm_çalışmalar/MOF Radyoaktif Gaz Adsorpsiyonu/data/processed/cif/pretrain_001050.cif,ErH4(CO2)4,False,False,-0.2729219457086594,0.0236006670386222,0.05,9.4800095235009e+24,2.008419827284324e+25,1.5,1.2,2.118584187395024,34,4,9.411764705882351,0.6088235294117648,0.7877935960643498,0.0588235294117647,KAYNAK_VERISI,/home/rakeyma/Tüm_çalışmalar/MOF Radyoaktif Gaz Adsorpsiyonu/data/processed/cif/pretrain_001050.cif,TAM
pretrain_001051,ZnHC4O3,HF_COREMOF_GCMC,/home/rakeyma/Tüm_çalışmalar/MOF Radyoaktif Gaz Adsorpsiyonu/data/processed/cif/pretrain_001051.cif,ZnHC4O3,False,False,-0.2677312773291185,0.2068786041617683,0.2515640963015523,3.3991159257691533e+25,4.133320260715269e+25,3.442719217267522,1.8934955694971372,1.2159986158106626,54,4,8.777777777777779,0.688888888888889,0.6504229393248673,0.1111111111111111,KAYNAK_VERISI,/home/rakeyma/Tüm_çalışmalar/MOF Radyoaktif Gaz Adsorpsiyonu/data/processed/cif/pretrain_001051.cif,TAM
pretrain_001052,CuHC4O3,HF_COREMOF_GCMC,/home/rakeyma/Tüm_çalışmalar/MOF Radyoaktif Gaz Adsorpsiyonu/data/processed/cif/pretrain_001052.cif,CuHC4O3,False,False,-0.205978546369902,0.143063613898343,0.189134943314022,2.5852239851953995e+25,3.417753673141659e+25,2.7268008935398664,1.4997404914469266,1.3220338712288924,54,4,8.666666666666666,0.688888888888889,0.577510822409416,0.1111111111111111,KAYNAK_VERISI,/home/rakeyma/Tüm_çalışmalar/MOF Radyoaktif Gaz Adsorpsiyonu/data/processed/cif/pretrain_001052.cif,TAM
pretrain_001053,Ho(CO2)4,HF_COREMOF_GCMC,/home/rakeyma/Tüm_çalışmalar/MOF Radyoaktif Gaz Adsorpsiyonu/data/processed/cif/pretrain_001053.cif,Ho(CO2)4,False,False,-0.4785943460144064,0.149978361712225,0.2528167403047898,2.441413362038037e+25,4.115461463109865e+25,4.837021143375599,2.66036162885658,1.6856881047273249,52,3,11.923076923076923,0.7192307692307693,0.9079035680560402,0.0769230769230769,KAYNAK_VERISI,/home/rakeyma/Tüm_çalışmalar/MOF Radyoaktif Gaz Adsorpsiyonu/data/processed/cif/pretrain_001053.cif,TAM
pretrain_001054,CuH8(C2N)4,HF_COREMOF_GCMC,/home/rakeyma/Tüm_çalışmalar/MOF Radyoaktif Gaz Adsorpsiyonu/data/processed/cif/pretrain_001054.cif,CuH8(C2N)4,False,False,-0.3610565226138778,0.0464199914450388,0.0538203939291945,3.168457201349375e+25,3.6735813475175e+25,1.593554615268837,1.2,1.159422745540954,21,4,5.380952380952381,0.55,0.4242861652234256,0.0476190476190476,KAYNAK_VERISI,/home/rakeyma/Tüm_çalışmalar/MOF Radyoaktif Gaz Adsorpsiyonu/data/processed/cif/pretrain_001054.cif,TAM
pretrain_001055,CaH2C6SO4,HF_COREMOF_GCMC,/home/rakeyma/Tüm_çalışmalar/MOF Radyoaktif Gaz Adsorpsiyonu/data/processed/cif/pretrain_001055.cif,CaH2C6SO4,False,False,-0.3754845406747163,0.132965125171724,0.1469094674768295,2.301038405955142e+25,2.542353315773737e+25,2.512834216837471,1.3820588192606091,1.1048721782279105,56,5,7.571428571428571,0.7071428571428571,0.7906857782962837,0.0714285714285714,KAYNAK_VERISI,/home/rakeyma/Tüm_çalışmalar/MOF Radyoaktif Gaz Adsorpsiyonu/data/processed/cif/pretrain_001055.cif,TAM
pretrain_001056,CoHC4O3,HF_COREMOF_GCMC,/home/rakeyma/Tüm_çalışmalar/MOF Radyoaktif Gaz Adsorpsiyonu/data/processed/cif/pretrain_001056.cif,CoHC4O3,False,False,-0.3016874469803596,0.2027223446159727,0.2408156049896382,3.3889723538711354e+25,4.025789210541387e+25,3.325674945771934,1.829121220174564,1.1879085428191327,54,4,8.444444444444445,0.688888888888889,0.5829397481729994,0.1111111111111111,KAYNAK_VERISI,/home/rakeyma/Tüm_çalışmalar/MOF Radyoaktif Gaz Adsorpsiyonu/data/processed/cif/pretrain_001056.cif,TAM
pretrain_001057,GdH2C5O6,HF_COREMOF_GCMC,/home/rakeyma/Tüm_çalışmalar/MOF Radyoaktif Gaz Adsorpsiyonu/data/processed/cif/pretrain_001057.cif,GdH2C5O6,False,False,-0.5189875805866198,0.0242577531597928,0.05,5.22124194448143e+24,1.0762006501772028e+25,2.0361635003113085,1.2,2.061196668571715,56,4,10.285714285714286,0.6714285714285714,0.8020403668145388,0.0714285714285714,KAYNAK_VERISI,/home/rakeyma/Tüm_çalışmalar/MOF Radyoaktif Gaz Adsorpsiyonu/data/processed/cif/pretrain_001057.cif,TAM
pretrain_001058,Fe5H8C4N20OF7,HF_COREMOF_GCMC,/home/rakeyma/Tüm_çalışmalar/MOF Radyoaktif Gaz Adsorpsiyonu/data/processed/cif/pretrain_001058.cif,Fe5H8C4N20OF7,False,False,-0.3714816346717107,0.0272168139672649,0.05,8.614467119214068e+24,1.5825634715318147e+25,1.5,1.2,1.8370996715536807,45,6,8.28888888888889,0.6422222222222221,0.7318242047559417,0.1111111111111111,KAYNAK_VERISI,/home/rakeyma/Tüm_çalışmalar/MOF Radyoaktif Gaz Adsorpsiyonu/data/processed/cif/pretrain_001058.cif,TAM
pretrain_001059,UH2(C5O4)2,HF_COREMOF_GCMC,/home/rakeyma/Tüm_çalışmalar/MOF Radyoaktif Gaz Adsorpsiyonu/data/processed/cif/pretrain_001059.cif,UH2(C5O4)2,False,False,-0.1949030575478053,0.1474609397668808,0.2330971396495256,3.1446031398414465e+25,4.970794288906241e+25,4.551368288254971,2.5032525585402343,1.5807381942501246,42,4,10.38095238095238,0.6690476190476191,0.7389646473275971,0.0476190476190476,KAYNAK_VERISI,/home/rakeyma/Tüm_çalışmalar/MOF Radyoaktif Gaz Adsorpsiyonu/data/processed/cif/pretrain_001059.cif,TAM
pretrain_001060,Ho(CO2)4,HF_COREMOF_GCMC,/home/rakeyma/Tüm_çalışmalar/MOF Radyoaktif Gaz Adsorpsiyonu/data/processed/cif/pretrain_001060.cif,Ho(CO2)4,False,False,-0.4785943460144064,0.149978361712225,0.2528167403047898,2.441413362038037e+25,4.115461463109865e+25,4.837021143375599,2.66036162885658,1.6856881047273249,52,3,11.923076923076923,0.7192307692307693,0.9079035680560402,0.0769230769230769,KAYNAK_VERISI,/home/rakeyma/Tüm_çalışmalar/MOF Radyoaktif Gaz Adsorpsiyonu/data/processed/cif/pretrain_001060.cif,TAM
pretrain_001061,SmH9(C2O)6,HF_COREMOF_GCMC,/home/rakeyma/Tüm_çalışmalar/MOF Radyoaktif Gaz Adsorpsiyonu/data/processed/cif/pretrain_001061.cif,SmH9(C2O)6,False,False,-0.5533311169052184,0.0331136208540026,0.05,8.2408418593811e+24,1.244328111340469e+25,1.8852289118300725,1.2,1.5099526632997664,56,4,6.821428571428571,0.5750000000000001,0.8128037893612454,0.0357142857142857,KAYNAK_VERISI,/home/rakeyma/Tüm_çalışmalar/MOF Radyoaktif Gaz Adsorpsiyonu/data/processed/cif/pretrain_001061.cif,TAM
pretrain_001062,CuH2C8N4(OF)2,HF_COREMOF_GCMC,/home/rakeyma/Tüm_çalışmalar/MOF Radyoaktif Gaz Adsorpsiyonu/data/processed/cif/pretrain_001062.cif,CuH2C8N4(OF)2,False,False,-0.4599689216924911,0.0621677291567671,0.0835469979729396,1.912563937552424e+25,2.57028811541231e+25,2.076788150348894,1.2,1.3438965699110683,38,6,7.421052631578948,0.6447368421052632,0.7160171475289928,0.0526315789473684,KAYNAK_VERISI,/home/rakeyma/Tüm_çalışmalar/MOF Radyoaktif Gaz Adsorpsiyonu/data/processed/cif/pretrain_001062.cif,TAM
pretrain_001063,PrH4(C3O4)2,HF_COREMOF_GCMC,/home/rakeyma/Tüm_çalışmalar/MOF Radyoaktif Gaz Adsorpsiyonu/data/processed/cif/pretrain_001063.cif,PrH4(C3O4)2,False,False,-0.2932541461957817,0.0269234116356386,0.05,6.362688521709699e+24,1.1816274638254576e+25,2.2767644146902857,1.2522204280796572,1.8571197690940024,57,4,8.578947368421053,0.6236842105263158,0.8272544953035915,0.0526315789473684,KAYNAK_VERISI,/home/rakeyma/Tüm_çalışmalar/MOF Radyoaktif Gaz Adsorpsiyonu/data/processed/cif/pretrain_001063.cif,TAM
pretrain_001064,CoHC4O3,HF_COREMOF_GCMC,/home/rakeyma/Tüm_çalışmalar/MOF Radyoaktif Gaz Adsorpsiyonu/data/processed/cif/pretrain_001064.cif,CoHC4O3,False,False,-0.3016874469803596,0.2027223446159727,0.2408156049896382,3.3889723538711354e+25,4.025789210541387e+25,3.325674945771934,1.829121220174564,1.1879085428191327,54,4,8.444444444444445,0.688888888888889,0.5829397481729994,0.1111111111111111,KAYNAK_VERISI,/home/rakeyma/Tüm_çalışmalar/MOF Radyoaktif Gaz Adsorpsiyonu/data/processed/cif/pretrain_001064.cif,TAM
pretrain_001065,SrU2P2H4(C3O4)2,HF_COREMOF_GCMC,/home/rakeyma/Tüm_çalışmalar/MOF Radyoaktif Gaz Adsorpsiyonu/data/processed/cif/pretrain_001065.cif,SrU2P2H4(C3O4)2,False,False,-0.5660985795729906,0.0161233082656799,0.05,3.968439746241035e+24,1.2306530647585094e+25,1.5918567931821002,1.2,3.10110054190492,46,6,15.478260869565217,0.7608695652173915,0.8015696406981049,0.1304347826086956,KAYNAK_VERISI,/home/rakeyma/Tüm_çalışmalar/MOF Radyoaktif Gaz Adsorpsiyonu/data/processed/cif/pretrain_001065.cif,TAM
pretrain_001066,CoHC4O3,HF_COREMOF_GCMC,/home/rakeyma/Tüm_çalışmalar/MOF Radyoaktif Gaz Adsorpsiyonu/data/processed/cif/pretrain_001066.cif,CoHC4O3,False,False,-0.3016874469803596,0.2027223446159727,0.2408156049896382,3.3889723538711354e+25,4.025789210541387e+25,3.325674945771934,1.829121220174564,1.1879085428191327,54,4,8.444444444444445,0.688888888888889,0.5829397481729994,0.1111111111111111,KAYNAK_VERISI,/home/rakeyma/Tüm_çalışmalar/MOF Radyoaktif Gaz Adsorpsiyonu/data/processed/cif/pretrain_001066.cif,TAM
pretrain_001067,CuHC4O3,HF_COREMOF_GCMC,/home/rakeyma/Tüm_çalışmalar/MOF Radyoaktif Gaz Adsorpsiyonu/data/processed/cif/pretrain_001067.cif,CuHC4O3,False,False,-0.205978546369902,0.143063613898343,0.189134943314022,2.5852239851953995e+25,3.417753673141659e+25,2.7268008935398664,1.4997404914469266,1.3220338712288924,54,4,8.666666666666666,0.688888888888889,0.577510822409416,0.1111111111111111,KAYNAK_VERISI,/home/rakeyma/Tüm_çalışmalar/MOF Radyoaktif Gaz Adsorpsiyonu/data/processed/cif/pretrain_001067.cif,TAM
pretrain_001068,ErH4(CO2)4,HF_COREMOF_GCMC,/home/rakeyma/Tüm_çalışmalar/MOF Radyoaktif Gaz Adsorpsiyonu/data/processed/cif/pretrain_001068.cif,ErH4(CO2)4,False,False,-0.2729219457086594,0.0236006670386222,0.05,9.4800095235009e+24,2.008419827284324e+25,1.5,1.2,2.118584187395024,34,4,9.411764705882351,0.6088235294117648,0.7877935960643498,0.0588235294117647,KAYNAK_VERISI,/home/rakeyma/Tüm_çalışmalar/MOF Radyoaktif Gaz Adsorpsiyonu/data/processed/cif/pretrain_001068.cif,TAM
pretrain_001069,CuH8(C2N)4,HF_COREMOF_GCMC,/home/rakeyma/Tüm_çalışmalar/MOF Radyoaktif Gaz Adsorpsiyonu/data/processed/cif/pretrain_001069.cif,CuH8(C2N)4,False,False,-0.3595788678012127,0.055565211083506,0.0637476421433295,3.752883638938055e+25,4.305526399621553e+25,1.7305181678393635,1.2,1.1472581656807983,21,4,5.380952380952381,0.55,0.4242861652234256,0.0476190476190476,KAYNAK_VERISI,/home/rakeyma/Tüm_çalışmalar/MOF Radyoaktif Gaz Adsorpsiyonu/data/processed/cif/pretrain_001069.cif,TAM
pretrain_001070,MnHC4O3,HF_COREMOF_GCMC,/home/rakeyma/Tüm_çalışmalar/MOF Radyoaktif Gaz Adsorpsiyonu/data/processed/cif/pretrain_001070.cif,MnHC4O3,False,False,-0.3566730252319013,0.250478780251175,0.2732752104856126,3.946863419937481e+25,4.306073076369193e+25,3.5594545584836754,1.957700007166021,1.0910114230498005,54,4,8.222222222222221,0.6944444444444445,0.6822206387965699,0.1111111111111111,KAYNAK_VERISI,/home/rakeyma/Tüm_çalışmalar/MOF Radyoaktif Gaz Adsorpsiyonu/data/processed/cif/pretrain_001070.cif,TAM
pretrain_001071,CuHC4O3,HF_COREMOF_GCMC,/home/rakeyma/Tüm_çalışmalar/MOF Radyoaktif Gaz Adsorpsiyonu/data/processed/cif/pretrain_001071.cif,CuHC4O3,False,False,-0.205978546369902,0.143063613898343,0.189134943314022,2.5852239851953995e+25,3.417753673141659e+25,2.7268008935398664,1.4997404914469266,1.3220338712288924,54,4,8.666666666666666,0.688888888888889,0.577510822409416,0.1111111111111111,KAYNAK_VERISI,/home/rakeyma/Tüm_çalışmalar/MOF Radyoaktif Gaz Adsorpsiyonu/data/processed/cif/pretrain_001071.cif,TAM
pretrain_001072,CoHC4O3,HF_COREMOF_GCMC,/home/rakeyma/Tüm_çalışmalar/MOF Radyoaktif Gaz Adsorpsiyonu/data/processed/cif/pretrain_001072.cif,CoHC4O3,False,False,-0.3016874469803596,0.2027223446159727,0.2408156049896382,3.3889723538711354e+25,4.025789210541387e+25,3.325674945771934,1.829121220174564,1.1879085428191327,54,4,8.444444444444445,0.688888888888889,0.5829397481729994,0.1111111111111111,KAYNAK_VERISI,/home/rakeyma/Tüm_çalışmalar/MOF Radyoaktif Gaz Adsorpsiyonu/data/processed/cif/pretrain_001072.cif,TAM
pretrain_001073,Ho(CO2)4,HF_COREMOF_GCMC,/home/rakeyma/Tüm_çalışmalar/MOF Radyoaktif Gaz Adsorpsiyonu/data/processed/cif/pretrain_001073.cif,Ho(CO2)4,False,False,-0.4785943460144064,0.149978361712225,0.2528167403047898,2.441413362038037e+25,4.115461463109865e+25,4.837021143375599,2.66036162885658,1.6856881047273249,52,3,11.923076923076923,0.7192307692307693,0.9079035680560402,0.0769230769230769,KAYNAK_VERISI,/home/rakeyma/Tüm_çalışmalar/MOF Radyoaktif Gaz Adsorpsiyonu/data/processed/cif/pretrain_001073.cif,TAM
pretrain_001074,Ho(CO2)4,HF_COREMOF_GCMC,/home/rakeyma/Tüm_çalışmalar/MOF Radyoaktif Gaz Adsorpsiyonu/data/processed/cif/pretrain_001074.cif,Ho(CO2)4,False,False,-0.4785943460144064,0.149978361712225,0.2528167403047898,2.441413362038037e+25,4.115461463109865e+25,4.837021143375599,2.66036162885658,1.6856881047273249,52,3,11.923076923076923,0.7192307692307693,0.9079035680560402,0.0769230769230769,KAYNAK_VERISI,/home/rakeyma/Tüm_çalışmalar/MOF Radyoaktif Gaz Adsorpsiyonu/data/processed/cif/pretrain_001074.cif,TAM
pretrain_001075,Y(CO2)4,HF_COREMOF_GCMC,/home/rakeyma/Tüm_çalışmalar/MOF Radyoaktif Gaz Adsorpsiyonu/data/processed/cif/pretrain_001075.cif,Y(CO2)4,False,False,-0.2859500433455977,0.172109340022691,0.230834008665388,5.737536558840906e+25,7.695216096737399e+25,4.189059938724335,2.3039829662983844,1.3412055884646046,26,3,9.76923076923077,0.7230769230769233,0.912225605623716,0.0769230769230769,KAYNAK_VERISI,/home/rakeyma/Tüm_çalışmalar/MOF Radyoaktif Gaz Adsorpsiyonu/data/processed/cif/pretrain_001075.cif,TAM
pretrain_001076,ErH4(CO2)4,HF_COREMOF_GCMC,/home/rakeyma/Tüm_çalışmalar/MOF Radyoaktif Gaz Adsorpsiyonu/data/processed/cif/pretrain_001076.cif,ErH4(CO2)4,False,False,-0.2729219457086594,0.0236006670386222,0.05,9.4800095235009e+24,2.008419827284324e+25,1.5,1.2,2.118584187395024,34,4,9.411764705882351,0.6088235294117648,0.7877935960643498,0.0588235294117647,KAYNAK_VERISI,/home/rakeyma/Tüm_çalışmalar/MOF Radyoaktif Gaz Adsorpsiyonu/data/processed/cif/pretrain_001076.cif,TAM
pretrain_001077,CoHC4O3,HF_COREMOF_GCMC,/home/rakeyma/Tüm_çalışmalar/MOF Radyoaktif Gaz Adsorpsiyonu/data/processed/cif/pretrain_001077.cif,CoHC4O3,False,False,-0.3016874469803596,0.2027223446159727,0.2408156049896382,3.3889723538711354e+25,4.025789210541387e+25,3.325674945771934,1.829121220174564,1.1879085428191327,54,4,8.444444444444445,0.688888888888889,0.5829397481729994,0.1111111111111111,KAYNAK_VERISI,/home/rakeyma/Tüm_çalışmalar/MOF Radyoaktif Gaz Adsorpsiyonu/data/processed/cif/pretrain_001077.cif,TAM
pretrain_001078,CoHC4O3,HF_COREMOF_GCMC,/home/rakeyma/Tüm_çalışmalar/MOF Radyoaktif Gaz Adsorpsiyonu/data/processed/cif/pretrain_001078.cif,CoHC4O3,False,False,-0.3016874469803596,0.2027223446159727,0.2408156049896382,3.3889723538711354e+25,4.025789210541387e+25,3.325674945771934,1.829121220174564,1.1879085428191327,54,4,8.444444444444445,0.688888888888889,0.5829397481729994,0.1111111111111111,KAYNAK_VERISI,/home/rakeyma/Tüm_çalışmalar/MOF Radyoaktif Gaz Adsorpsiyonu/data/processed/cif/pretrain_001078.cif,TAM
pretrain_001079,NiH9C11(NO)2,HF_COREMOF_GCMC,/home/rakeyma/Tüm_çalışmalar/MOF Radyoaktif Gaz Adsorpsiyonu/data/processed/cif/pretrain_001079.cif,NiH9C11(NO)2,False,False,-0.4316147466124268,0.1105082077847083,0.1143993698258944,2.8987157079593816e+25,3.000783895989144e+25,2.748793250824693,1.5118362879535816,1.035211520657062,50,5,5.32,0.552,0.5538736317970011,0.04,KAYNAK_VERISI,/home/rakeyma/Tüm_çalışmalar/MOF Radyoaktif Gaz Adsorpsiyonu/data/processed/cif/pretrain_001079.cif,TAM
pretrain_001080,ZnHC4O3,HF_COREMOF_GCMC,/home/rakeyma/Tüm_çalışmalar/MOF Radyoaktif Gaz Adsorpsiyonu/data/processed/cif/pretrain_001080.cif,ZnHC4O3,False,False,-0.2677312773291185,0.2068786041617683,0.2515640963015523,3.3991159257691533e+25,4.133320260715269e+25,3.442719217267522,1.8934955694971372,1.2159986158106626,54,4,8.777777777777779,0.688888888888889,0.6504229393248673,0.1111111111111111,KAYNAK_VERISI,/home/rakeyma/Tüm_çalışmalar/MOF Radyoaktif Gaz Adsorpsiyonu/data/processed/cif/pretrain_001080.cif,TAM
pretrain_001081,NiPC3NO3,HF_COREMOF_GCMC,/home/rakeyma/Tüm_çalışmalar/MOF Radyoaktif Gaz Adsorpsiyonu/data/processed/cif/pretrain_001081.cif,NiPC3NO3,False,False,-0.3171504197678396,0.1707078254381231,0.2302082222670137,2.692186791180484e+25,3.630551403356974e+25,2.957968170983657,1.6268824940410116,1.348551079460958,54,5,10.22222222222222,0.7666666666666667,0.5554313638965664,0.1111111111111111,KAYNAK_VERISI,/home/rakeyma/Tüm_çalışmalar/MOF Radyoaktif Gaz Adsorpsiyonu/data/processed/cif/pretrain_001081.cif,TAM
pretrain_001082,CoHC4O3,HF_COREMOF_GCMC,/home/rakeyma/Tüm_çalışmalar/MOF Radyoaktif Gaz Adsorpsiyonu/data/processed/cif/pretrain_001082.cif,CoHC4O3,False,False,-0.3016874469803596,0.2027223446159727,0.2408156049896382,3.3889723538711354e+25,4.025789210541387e+25,3.325674945771934,1.829121220174564,1.1879085428191327,54,4,8.444444444444445,0.688888888888889,0.5829397481729994,0.1111111111111111,KAYNAK_VERISI,/home/rakeyma/Tüm_çalışmalar/MOF Radyoaktif Gaz Adsorpsiyonu/data/processed/cif/pretrain_001082.cif,TAM
pretrain_001083,CoHC4O3,HF_COREMOF_GCMC,/home/rakeyma/Tüm_çalışmalar/MOF Radyoaktif Gaz Adsorpsiyonu/data/processed/cif/pretrain_001083.cif,CoHC4O3,False,False,-0.3016874469803596,0.2027223446159727,0.2408156049896382,3.3889723538711354e+25,4.025789210541387e+25,3.325674945771934,1.829121220174564,1.1879085428191327,54,4,8.444444444444445,0.688888888888889,0.5829397481729994,0.1111111111111111,KAYNAK_VERISI,/home/rakeyma/Tüm_çalışmalar/MOF Radyoaktif Gaz Adsorpsiyonu/data/processed/cif/pretrain_001083.cif,TAM
pretrain_001084,MgPHCO6,HF_COREMOF_GCMC,/home/rakeyma/Tüm_çalışmalar/MOF Radyoaktif Gaz Adsorpsiyonu/data/processed/cif/pretrain_001084.cif,MgPHCO6,False,False,-0.3514950327118205,0.0918349361792421,0.1349985755511485,2.705562218012952e+25,3.977212384444526e+25,1.9888527039069892,1.2,1.4700132778190231,40,5,8.2,0.7050000000000001,0.6865974075103983,0.1,KAYNAK_VERISI,/home/rakeyma/Tüm_çalışmalar/MOF Radyoaktif Gaz Adsorpsiyonu/data/processed/cif/pretrain_001084.cif,TAM
pretrain_001085,CoHC4O3,HF_COREMOF_GCMC,/home/rakeyma/Tüm_çalışmalar/MOF Radyoaktif Gaz Adsorpsiyonu/data/processed/cif/pretrain_001085.cif,CoHC4O3,False,False,-0.3016874469803596,0.2027223446159727,0.2408156049896382,3.3889723538711354e+25,4.025789210541387e+25,3.325674945771934,1.829121220174564,1.1879085428191327,54,4,8.444444444444445,0.688888888888889,0.5829397481729994,0.1111111111111111,KAYNAK_VERISI,/home/rakeyma/Tüm_çalışmalar/MOF Radyoaktif Gaz Adsorpsiyonu/data/processed/cif/pretrain_001085.cif,TAM
pretrain_001086,AlH5C8O5,HF_COREMOF_GCMC,/home/rakeyma/Tüm_çalışmalar/MOF Radyoaktif Gaz Adsorpsiyonu/data/processed/cif/pretrain_001086.cif,AlH5C8O5,False,False,-0.2158044738518941,0.2014257230743021,0.192406380937295,6.088620349570138e+25,5.815987096791099e+25,2.9266162052360323,1.609638912879818,0.955222490954246,38,4,5.578947368421052,0.5842105263157897,0.6629856710367125,0.0526315789473684,KAYNAK_VERISI,/home/rakeyma/Tüm_çalışmalar/MOF Radyoaktif Gaz Adsorpsiyonu/data/processed/cif/pretrain_001086.cif,TAM
pretrain_001087,ErH4(CO2)4,HF_COREMOF_GCMC,/home/rakeyma/Tüm_çalışmalar/MOF Radyoaktif Gaz Adsorpsiyonu/data/processed/cif/pretrain_001087.cif,ErH4(CO2)4,False,False,-0.2729219457086594,0.0236006670386222,0.05,9.4800095235009e+24,2.008419827284324e+25,1.5,1.2,2.118584187395024,34,4,9.411764705882351,0.6088235294117648,0.7877935960643498,0.0588235294117647,KAYNAK_VERISI,/home/rakeyma/Tüm_çalışmalar/MOF Radyoaktif Gaz Adsorpsiyonu/data/processed/cif/pretrain_001087.cif,TAM
pretrain_001088,ZnHC4O3,HF_COREMOF_GCMC,/home/rakeyma/Tüm_çalışmalar/MOF Radyoaktif Gaz Adsorpsiyonu/data/processed/cif/pretrain_001088.cif,ZnHC4O3,False,False,-0.2677312773291185,0.2068786041617683,0.2515640963015523,3.3991159257691533e+25,4.133320260715269e+25,3.442719217267522,1.8934955694971372,1.2159986158106626,54,4,8.777777777777779,0.688888888888889,0.6504229393248673,0.1111111111111111,KAYNAK_VERISI,/home/rakeyma/Tüm_çalışmalar/MOF Radyoaktif Gaz Adsorpsiyonu/data/processed/cif/pretrain_001088.cif,TAM
pretrain_001089,LaC12(ClO)6,HF_COREMOF_GCMC,/home/rakeyma/Tüm_çalışmalar/MOF Radyoaktif Gaz Adsorpsiyonu/data/processed/cif/pretrain_001089.cif,LaC12(ClO)6,False,False,-0.5688211219557444,0.0278556086912823,0.05,5.564325439575443e+24,9.987800843348366e+24,1.9871936116040632,1.2,1.7949706486093728,50,4,11.16,0.7979999999999999,0.90361427058231,0.04,KAYNAK_VERISI,/home/rakeyma/Tüm_çalışmalar/MOF Radyoaktif Gaz Adsorpsiyonu/data/processed/cif/pretrain_001089.cif,TAM
pretrain_001090,LaC12(ClO)6,HF_COREMOF_GCMC,/home/rakeyma/Tüm_çalışmalar/MOF Radyoaktif Gaz Adsorpsiyonu/data/processed/cif/pretrain_001090.cif,LaC12(ClO)6,False,False,-0.5688211219557444,0.0278556086912823,0.05,5.564325439575443e+24,9.987800843348366e+24,1.9871936116040632,1.2,1.7949706486093728,50,4,11.16,0.7979999999999999,0.90361427058231,0.04,KAYNAK_VERISI,/home/rakeyma/Tüm_çalışmalar/MOF Radyoaktif Gaz Adsorpsiyonu/data/processed/cif/pretrain_001090.cif,TAM
pretrain_001091,ZnH3(CO2)3,HF_COREMOF_GCMC,/home/rakeyma/Tüm_çalışmalar/MOF Radyoaktif Gaz Adsorpsiyonu/data/processed/cif/pretrain_001091.cif,ZnH3(CO2)3,False,False,-0.2426909561838627,0.0521053986633498,0.079530739606193,1.3063331714848035e+25,1.993913221383093e+25,2.354517765567317,1.2949847710620246,1.5263435583716922,52,4,7.615384615384615,0.6000000000000001,0.6504229393248673,0.0769230769230769,KAYNAK_VERISI,/home/rakeyma/Tüm_çalışmalar/MOF Radyoaktif Gaz Adsorpsiyonu/data/processed/cif/pretrain_001091.cif,TAM
pretrain_001092,ZnHC4O3,HF_COREMOF_GCMC,/home/rakeyma/Tüm_çalışmalar/MOF Radyoaktif Gaz Adsorpsiyonu/data/processed/cif/pretrain_001092.cif,ZnHC4O3,False,False,-0.2677312773291185,0.2068786041617683,0.2515640963015523,3.3991159257691533e+25,4.133320260715269e+25,3.442719217267522,1.8934955694971372,1.2159986158106626,54,4,8.777777777777779,0.688888888888889,0.6504229393248673,0.1111111111111111,KAYNAK_VERISI,/home/rakeyma/Tüm_çalışmalar/MOF Radyoaktif Gaz Adsorpsiyonu/data/processed/cif/pretrain_001092.cif,TAM
pretrain_001093,CoHC4O3,HF_COREMOF_GCMC,/home/rakeyma/Tüm_çalışmalar/MOF Radyoaktif Gaz Adsorpsiyonu/data/processed/cif/pretrain_001093.cif,CoHC4O3,False,False,-0.3016874469803596,0.2027223446159727,0.2408156049896382,3.3889723538711354e+25,4.025789210541387e+25,3.325674945771934,1.829121220174564,1.1879085428191327,54,4,8.444444444444445,0.688888888888889,0.5829397481729994,0.1111111111111111,KAYNAK_VERISI,/home/rakeyma/Tüm_çalışmalar/MOF Radyoaktif Gaz Adsorpsiyonu/data/processed/cif/pretrain_001093.cif,TAM
pretrain_001094,LaC12(ClO)6,HF_COREMOF_GCMC,/home/rakeyma/Tüm_çalışmalar/MOF Radyoaktif Gaz Adsorpsiyonu/data/processed/cif/pretrain_001094.cif,LaC12(ClO)6,False,False,-0.5688211219557444,0.0278556086912823,0.05,5.564325439575443e+24,9.987800843348366e+24,1.9871936116040632,1.2,1.7949706486093728,50,4,11.16,0.7979999999999999,0.90361427058231,0.04,KAYNAK_VERISI,/home/rakeyma/Tüm_çalışmalar/MOF Radyoaktif Gaz Adsorpsiyonu/data/processed/cif/pretrain_001094.cif,TAM
pretrain_001095,LaC12(ClO)6,HF_COREMOF_GCMC,/home/rakeyma/Tüm_çalışmalar/MOF Radyoaktif Gaz Adsorpsiyonu/data/processed/cif/pretrain_001095.cif,LaC12(ClO)6,False,False,-0.5688211219557444,0.0278556086912823,0.05,5.564325439575443e+24,9.987800843348366e+24,1.9871936116040632,1.2,1.7949706486093728,50,4,11.16,0.7979999999999999,0.90361427058231,0.04,KAYNAK_VERISI,/home/rakeyma/Tüm_çalışmalar/MOF Radyoaktif Gaz Adsorpsiyonu/data/processed/cif/pretrain_001095.cif,TAM
pretrain_001096,MgPHCO6,HF_COREMOF_GCMC,/home/rakeyma/Tüm_çalışmalar/MOF Radyoaktif Gaz Adsorpsiyonu/data/processed/cif/pretrain_001096.cif,MgPHCO6,False,False,-0.3514950327118205,0.0918349361792421,0.1349985755511485,2.705562218012952e+25,3.977212384444526e+25,1.9888527039069892,1.2,1.4700132778190231,40,5,8.2,0.7050000000000001,0.6865974075103983,0.1,KAYNAK_VERISI,/home/rakeyma/Tüm_çalışmalar/MOF Radyoaktif Gaz Adsorpsiyonu/data/processed/cif/pretrain_001096.cif,TAM
pretrain_001097,ZnH3(CO2)3,HF_COREMOF_GCMC,/home/rakeyma/Tüm_çalışmalar/MOF Radyoaktif Gaz Adsorpsiyonu/data/processed/cif/pretrain_001097.cif,ZnH3(CO2)3,False,False,-0.2426909561838627,0.0521053986633498,0.079530739606193,1.3063331714848035e+25,1.993913221383093e+25,2.354517765567317,1.2949847710620246,1.5263435583716922,52,4,7.615384615384615,0.6000000000000001,0.6504229393248673,0.0769230769230769,KAYNAK_VERISI,/home/rakeyma/Tüm_çalışmalar/MOF Radyoaktif Gaz Adsorpsiyonu/data/processed/cif/pretrain_001097.cif,TAM
pretrain_001098,NiPC3NO3,HF_COREMOF_GCMC,/home/rakeyma/Tüm_çalışmalar/MOF Radyoaktif Gaz Adsorpsiyonu/data/processed/cif/pretrain_001098.cif,NiPC3NO3,False,False,-0.3485933667046691,0.1803255305781985,0.2400645595842839,2.80745244448194e+25,3.737517546613345e+25,3.0524746918998127,1.6788610805448971,1.3312843656388382,54,5,10.22222222222222,0.7666666666666667,0.5554313638965664,0.1111111111111111,KAYNAK_VERISI,/home/rakeyma/Tüm_çalışmalar/MOF Radyoaktif Gaz Adsorpsiyonu/data/processed/cif/pretrain_001098.cif,TAM
pretrain_001099,MgPHCO6,HF_COREMOF_GCMC,/home/rakeyma/Tüm_çalışmalar/MOF Radyoaktif Gaz Adsorpsiyonu/data/processed/cif/pretrain_001099.cif,MgPHCO6,False,False,-0.3514950327118205,0.0918349361792421,0.1349985755511485,2.705562218012952e+25,3.977212384444526e+25,1.9888527039069892,1.2,1.4700132778190231,40,5,8.2,0.7050000000000001,0.6865974075103983,0.1,KAYNAK_VERISI,/home/rakeyma/Tüm_çalışmalar/MOF Radyoaktif Gaz Adsorpsiyonu/data/processed/cif/pretrain_001099.cif,TAM
pretrain_001100,NiPC3NO3,HF_COREMOF_GCMC,/home/rakeyma/Tüm_çalışmalar/MOF Radyoaktif Gaz Adsorpsiyonu/data/processed/cif/pretrain_001100.cif,NiPC3NO3,False,False,-0.3171504197678396,0.1707078254381231,0.2302082222670137,2.692186791180484e+25,3.630551403356974e+25,2.957968170983657,1.6268824940410116,1.348551079460958,54,5,10.22222222222222,0.7666666666666667,0.5554313638965664,0.1111111111111111,KAYNAK_VERISI,/home/rakeyma/Tüm_çalışmalar/MOF Radyoaktif Gaz Adsorpsiyonu/data/processed/cif/pretrain_001100.cif,TAM
pretrain_001101,Ho(CO2)4,HF_COREMOF_GCMC,/home/rakeyma/Tüm_çalışmalar/MOF Radyoaktif Gaz Adsorpsiyonu/data/processed/cif/pretrain_001101.cif,Ho(CO2)4,False,False,-0.4785943460144064,0.149978361712225,0.2528167403047898,2.441413362038037e+25,4.115461463109865e+25,4.837021143375599,2.66036162885658,1.6856881047273249,52,3,11.923076923076923,0.7192307692307693,0.9079035680560402,0.0769230769230769,KAYNAK_VERISI,/home/rakeyma/Tüm_çalışmalar/MOF Radyoaktif Gaz Adsorpsiyonu/data/processed/cif/pretrain_001101.cif,TAM
pretrain_001102,Ho(CO2)4,HF_COREMOF_GCMC,/home/rakeyma/Tüm_çalışmalar/MOF Radyoaktif Gaz Adsorpsiyonu/data/processed/cif/pretrain_001102.cif,Ho(CO2)4,False,False,-0.4785943460144064,0.149978361712225,0.2528167403047898,2.441413362038037e+25,4.115461463109865e+25,4.837021143375599,2.66036162885658,1.6856881047273249,52,3,11.923076923076923,0.7192307692307693,0.9079035680560402,0.0769230769230769,KAYNAK_VERISI,/home/rakeyma/Tüm_çalışmalar/MOF Radyoaktif Gaz Adsorpsiyonu/data/processed/cif/pretrain_001102.cif,TAM
pretrain_001103,PrH4(C3O4)2,HF_COREMOF_GCMC,/home/rakeyma/Tüm_çalışmalar/MOF Radyoaktif Gaz Adsorpsiyonu/data/processed/cif/pretrain_001103.cif,PrH4(C3O4)2,False,False,-0.2932541461957817,0.0269234116356386,0.05,6.362688521709699e+24,1.1816274638254576e+25,2.2767644146902857,1.2522204280796572,1.8571197690940024,57,4,8.578947368421053,0.6236842105263158,0.8272544953035915,0.0526315789473684,KAYNAK_VERISI,/home/rakeyma/Tüm_çalışmalar/MOF Radyoaktif Gaz Adsorpsiyonu/data/processed/cif/pretrain_001103.cif,TAM
pretrain_001104,Ho(CO2)4,HF_COREMOF_GCMC,/home/rakeyma/Tüm_çalışmalar/MOF Radyoaktif Gaz Adsorpsiyonu/data/processed/cif/pretrain_001104.cif,Ho(CO2)4,False,False,-0.4785943460144064,0.149978361712225,0.2528167403047898,2.441413362038037e+25,4.115461463109865e+25,4.837021143375599,2.66036162885658,1.6856881047273249,52,3,11.923076923076923,0.7192307692307693,0.9079035680560402,0.0769230769230769,KAYNAK_VERISI,/home/rakeyma/Tüm_çalışmalar/MOF Radyoaktif Gaz Adsorpsiyonu/data/processed/cif/pretrain_001104.cif,TAM
pretrain_001105,CoHC4O3,HF_COREMOF_GCMC,/home/rakeyma/Tüm_çalışmalar/MOF Radyoaktif Gaz Adsorpsiyonu/data/processed/cif/pretrain_001105.cif,CoHC4O3,False,False,-0.3016874469803596,0.2027223446159727,0.2408156049896382,3.3889723538711354e+25,4.025789210541387e+25,3.325674945771934,1.829121220174564,1.1879085428191327,54,4,8.444444444444445,0.688888888888889,0.5829397481729994,0.1111111111111111,KAYNAK_VERISI,/home/rakeyma/Tüm_çalışmalar/MOF Radyoaktif Gaz Adsorpsiyonu/data/processed/cif/pretrain_001105.cif,TAM
pretrain_001106,AlH5C8O5,HF_COREMOF_GCMC,/home/rakeyma/Tüm_çalışmalar/MOF Radyoaktif Gaz Adsorpsiyonu/data/processed/cif/pretrain_001106.cif,AlH5C8O5,False,False,-0.2158044738518941,0.2014257230743021,0.192406380937295,6.088620349570138e+25,5.815987096791099e+25,2.9266162052360323,1.609638912879818,0.955222490954246,38,4,5.578947368421052,0.5842105263157897,0.6629856710367125,0.0526315789473684,KAYNAK_VERISI,/home/rakeyma/Tüm_çalışmalar/MOF Radyoaktif Gaz Adsorpsiyonu/data/processed/cif/pretrain_001106.cif,TAM
pretrain_001107,ZnHC4O3,HF_COREMOF_GCMC,/home/rakeyma/Tüm_çalışmalar/MOF Radyoaktif Gaz Adsorpsiyonu/data/processed/cif/pretrain_001107.cif,ZnHC4O3,False,False,-0.2677312773291185,0.2068786041617683,0.2515640963015523,3.3991159257691533e+25,4.133320260715269e+25,3.442719217267522,1.8934955694971372,1.2159986158106626,54,4,8.777777777777779,0.688888888888889,0.6504229393248673,0.1111111111111111,KAYNAK_VERISI,/home/rakeyma/Tüm_çalışmalar/MOF Radyoaktif Gaz Adsorpsiyonu/data/processed/cif/pretrain_001107.cif,TAM
pretrain_001108,CuHC4O3,HF_COREMOF_GCMC,/home/rakeyma/Tüm_çalışmalar/MOF Radyoaktif Gaz Adsorpsiyonu/data/processed/cif/pretrain_001108.cif,CuHC4O3,False,False,-0.205978546369902,0.143063613898343,0.189134943314022,2.5852239851953995e+25,3.417753673141659e+25,2.7268008935398664,1.4997404914469266,1.3220338712288924,54,4,8.666666666666666,0.688888888888889,0.577510822409416,0.1111111111111111,KAYNAK_VERISI,/home/rakeyma/Tüm_çalışmalar/MOF Radyoaktif Gaz Adsorpsiyonu/data/processed/cif/pretrain_001108.cif,TAM
pretrain_001109,MgPHCO6,HF_COREMOF_GCMC,/home/rakeyma/Tüm_çalışmalar/MOF Radyoaktif Gaz Adsorpsiyonu/data/processed/cif/pretrain_001109.cif,MgPHCO6,False,False,-0.3514950327118205,0.0918349361792421,0.1349985755511485,2.705562218012952e+25,3.977212384444526e+25,1.9888527039069892,1.2,1.4700132778190231,40,5,8.2,0.7050000000000001,0.6865974075103983,0.1,KAYNAK_VERISI,/home/rakeyma/Tüm_çalışmalar/MOF Radyoaktif Gaz Adsorpsiyonu/data/processed/cif/pretrain_001109.cif,TAM
pretrain_001110,LiC6N4F3,HF_COREMOF_GCMC,/home/rakeyma/Tüm_çalışmalar/MOF Radyoaktif Gaz Adsorpsiyonu/data/processed/cif/pretrain_001110.cif,LiC6N4F3,False,False,-0.4533451462020003,0.0397452774625822,0.05,8.573472372599009e+24,1.0785523362706943e+25,1.954323412334816,1.2,1.258011094451963,56,4,6.714285714285714,0.6964285714285714,1.0861946188413936,0.0714285714285714,KAYNAK_VERISI,/home/rakeyma/Tüm_çalışmalar/MOF Radyoaktif Gaz Adsorpsiyonu/data/processed/cif/pretrain_001110.cif,TAM
pretrain_001111,UH2(C5O4)2,HF_COREMOF_GCMC,/home/rakeyma/Tüm_çalışmalar/MOF Radyoaktif Gaz Adsorpsiyonu/data/processed/cif/pretrain_001111.cif,UH2(C5O4)2,False,False,-0.1949030575478053,0.1474609397668808,0.2330971396495256,3.1446031398414465e+25,4.970794288906241e+25,4.551368288254971,2.5032525585402343,1.5807381942501246,42,4,10.38095238095238,0.6690476190476191,0.7389646473275971,0.0476190476190476,KAYNAK_VERISI,/home/rakeyma/Tüm_çalışmalar/MOF Radyoaktif Gaz Adsorpsiyonu/data/processed/cif/pretrain_001111.cif,TAM
pretrain_001112,Ho(CO2)4,HF_COREMOF_GCMC,/home/rakeyma/Tüm_çalışmalar/MOF Radyoaktif Gaz Adsorpsiyonu/data/processed/cif/pretrain_001112.cif,Ho(CO2)4,False,False,-0.4785943460144064,0.149978361712225,0.2528167403047898,2.441413362038037e+25,4.115461463109865e+25,4.837021143375599,2.66036162885658,1.6856881047273249,52,3,11.923076923076923,0.7192307692307693,0.9079035680560402,0.0769230769230769,KAYNAK_VERISI,/home/rakeyma/Tüm_çalışmalar/MOF Radyoaktif Gaz Adsorpsiyonu/data/processed/cif/pretrain_001112.cif,TAM
pretrain_001113,TbH8C8(NO3)2,HF_COREMOF_GCMC,/home/rakeyma/Tüm_çalışmalar/MOF Radyoaktif Gaz Adsorpsiyonu/data/processed/cif/pretrain_001113.cif,TbH8C8(NO3)2,False,False,-0.4850084406581334,0.0248116621265863,0.05,8.506364654357456e+24,1.714186782602257e+25,1.6927034589673409,1.2,2.015181399170503,50,5,7.32,0.5700000000000001,0.8027353237524806,0.04,KAYNAK_VERISI,/home/rakeyma/Tüm_çalışmalar/MOF Radyoaktif Gaz Adsorpsiyonu/data/processed/cif/pretrain_001113.cif,TAM
pretrain_001114,Ho(CO2)4,HF_COREMOF_GCMC,/home/rakeyma/Tüm_çalışmalar/MOF Radyoaktif Gaz Adsorpsiyonu/data/processed/cif/pretrain_001114.cif,Ho(CO2)4,False,False,-0.4785943460144064,0.149978361712225,0.2528167403047898,2.441413362038037e+25,4.115461463109865e+25,4.837021143375599,2.66036162885658,1.6856881047273249,52,3,11.923076923076923,0.7192307692307693,0.9079035680560402,0.0769230769230769,KAYNAK_VERISI,/home/rakeyma/Tüm_çalışmalar/MOF Radyoaktif Gaz Adsorpsiyonu/data/processed/cif/pretrain_001114.cif,TAM
pretrain_001115,LiC6N4F3,HF_COREMOF_GCMC,/home/rakeyma/Tüm_çalışmalar/MOF Radyoaktif Gaz Adsorpsiyonu/data/processed/cif/pretrain_001115.cif,LiC6N4F3,False,False,-0.4533451462020003,0.0397452774625822,0.05,8.573472372599009e+24,1.0785523362706943e+25,1.954323412334816,1.2,1.258011094451963,56,4,6.714285714285714,0.6964285714285714,1.0861946188413936,0.0714285714285714,KAYNAK_VERISI,/home/rakeyma/Tüm_çalışmalar/MOF Radyoaktif Gaz Adsorpsiyonu/data/processed/cif/pretrain_001115.cif,TAM
pretrain_001116,FeHC4O3,HF_COREMOF_GCMC,/home/rakeyma/Tüm_çalışmalar/MOF Radyoaktif Gaz Adsorpsiyonu/data/processed/cif/pretrain_001116.cif,FeHC4O3,False,False,-0.2934595702585894,0.2132917425616269,0.2442162494471299,3.5062473095194724e+25,4.014607210204248e+25,3.366864725510025,1.8517755990305145,1.144986892197985,54,4,8.333333333333334,0.6944444444444445,0.5968458762528228,0.1111111111111111,KAYNAK_VERISI,/home/rakeyma/Tüm_çalışmalar/MOF Radyoaktif Gaz Adsorpsiyonu/data/processed/cif/pretrain_001116.cif,TAM
pretrain_001117,Sr(C2O3)2,HF_COREMOF_GCMC,/home/rakeyma/Tüm_çalışmalar/MOF Radyoaktif Gaz Adsorpsiyonu/data/processed/cif/pretrain_001117.cif,Sr(C2O3)2,False,False,-0.5523392056817121,0.0365076519358056,0.0563347440737563,8.007119183943783e+24,1.2355738758239134e+25,2.252920632641311,1.2391063479527211,1.5430941483942675,44,3,10.0,0.7636363636363637,1.0302211197386488,0.0909090909090909,KAYNAK_VERISI,/home/rakeyma/Tüm_çalışmalar/MOF Radyoaktif Gaz Adsorpsiyonu/data/processed/cif/pretrain_001117.cif,TAM
pretrain_001118,CuHC4O3,HF_COREMOF_GCMC,/home/rakeyma/Tüm_çalışmalar/MOF Radyoaktif Gaz Adsorpsiyonu/data/processed/cif/pretrain_001118.cif,CuHC4O3,False,False,-0.205978546369902,0.143063613898343,0.189134943314022,2.5852239851953995e+25,3.417753673141659e+25,2.7268008935398664,1.4997404914469266,1.3220338712288924,54,4,8.666666666666666,0.688888888888889,0.577510822409416,0.1111111111111111,KAYNAK_VERISI,/home/rakeyma/Tüm_çalışmalar/MOF Radyoaktif Gaz Adsorpsiyonu/data/processed/cif/pretrain_001118.cif,TAM
pretrain_001119,CuHC4O3,HF_COREMOF_GCMC,/home/rakeyma/Tüm_çalışmalar/MOF Radyoaktif Gaz Adsorpsiyonu/data/processed/cif/pretrain_001119.cif,CuHC4O3,False,False,-0.205978546369902,0.143063613898343,0.189134943314022,2.5852239851953995e+25,3.417753673141659e+25,2.7268008935398664,1.4997404914469266,1.3220338712288924,54,4,8.666666666666666,0.688888888888889,0.577510822409416,0.1111111111111111,KAYNAK_VERISI,/home/rakeyma/Tüm_çalışmalar/MOF Radyoaktif Gaz Adsorpsiyonu/data/processed/cif/pretrain_001119.cif,TAM
pretrain_001120,Ho(CO2)4,HF_COREMOF_GCMC,/home/rakeyma/Tüm_çalışmalar/MOF Radyoaktif Gaz Adsorpsiyonu/data/processed/cif/pretrain_001120.cif,Ho(CO2)4,False,False,-0.4785943460144064,0.149978361712225,0.2528167403047898,2.441413362038037e+25,4.115461463109865e+25,4.837021143375599,2.66036162885658,1.6856881047273249,52,3,11.923076923076923,0.7192307692307693,0.9079035680560402,0.0769230769230769,KAYNAK_VERISI,/home/rakeyma/Tüm_çalışmalar/MOF Radyoaktif Gaz Adsorpsiyonu/data/processed/cif/pretrain_001120.cif,TAM
pretrain_001121,CoHC4O3,HF_COREMOF_GCMC,/home/rakeyma/Tüm_çalışmalar/MOF Radyoaktif Gaz Adsorpsiyonu/data/processed/cif/pretrain_001121.cif,CoHC4O3,False,False,-0.3016874469803596,0.2027223446159727,0.2408156049896382,3.3889723538711354e+25,4.025789210541387e+25,3.325674945771934,1.829121220174564,1.1879085428191327,54,4,8.444444444444445,0.688888888888889,0.5829397481729994,0.1111111111111111,KAYNAK_VERISI,/home/rakeyma/Tüm_çalışmalar/MOF Radyoaktif Gaz Adsorpsiyonu/data/processed/cif/pretrain_001121.cif,TAM
pretrain_001122,CoHC4O3,HF_COREMOF_GCMC,/home/rakeyma/Tüm_çalışmalar/MOF Radyoaktif Gaz Adsorpsiyonu/data/processed/cif/pretrain_001122.cif,CoHC4O3,False,False,-0.3016874469803596,0.2027223446159727,0.2408156049896382,3.3889723538711354e+25,4.025789210541387e+25,3.325674945771934,1.829121220174564,1.1879085428191327,54,4,8.444444444444445,0.688888888888889,0.5829397481729994,0.1111111111111111,KAYNAK_VERISI,/home/rakeyma/Tüm_çalışmalar/MOF Radyoaktif Gaz Adsorpsiyonu/data/processed/cif/pretrain_001122.cif,TAM
pretrain_001123,CoHC4O3,HF_COREMOF_GCMC,/home/rakeyma/Tüm_çalışmalar/MOF Radyoaktif Gaz Adsorpsiyonu/data/processed/cif/pretrain_001123.cif,CoHC4O3,False,False,-0.3016874469803596,0.2027223446159727,0.2408156049896382,3.3889723538711354e+25,4.025789210541387e+25,3.325674945771934,1.829121220174564,1.1879085428191327,54,4,8.444444444444445,0.688888888888889,0.5829397481729994,0.1111111111111111,KAYNAK_VERISI,/home/rakeyma/Tüm_çalışmalar/MOF Radyoaktif Gaz Adsorpsiyonu/data/processed/cif/pretrain_001123.cif,TAM
pretrain_001124,CuHC4O3,HF_COREMOF_GCMC,/home/rakeyma/Tüm_çalışmalar/MOF Radyoaktif Gaz Adsorpsiyonu/data/processed/cif/pretrain_001124.cif,CuHC4O3,False,False,-0.205978546369902,0.143063613898343,0.189134943314022,2.5852239851953995e+25,3.417753673141659e+25,2.7268008935398664,1.4997404914469266,1.3220338712288924,54,4,8.666666666666666,0.688888888888889,0.577510822409416,0.1111111111111111,KAYNAK_VERISI,/home/rakeyma/Tüm_çalışmalar/MOF Radyoaktif Gaz Adsorpsiyonu/data/processed/cif/pretrain_001124.cif,TAM
pretrain_001125,MgH6C8S2(NO)4,HF_COREMOF_GCMC,/home/rakeyma/Tüm_çalışmalar/MOF Radyoaktif Gaz Adsorpsiyonu/data/processed/cif/pretrain_001125.cif,MgH6C8S2(NO)4,False,False,-0.5201537452132456,0.3052292661117404,0.2876388643622771,6.098681039384603e+25,5.747213268973177e+25,4.079784268198212,2.2438813475090167,0.9423698717572396,50,6,6.32,0.6240000000000001,0.6693031201680346,0.04,KAYNAK_VERISI,/home/rakeyma/Tüm_çalışmalar/MOF Radyoaktif Gaz Adsorpsiyonu/data/processed/cif/pretrain_001125.cif,TAM
pretrain_001126,Ho(CO2)4,HF_COREMOF_GCMC,/home/rakeyma/Tüm_çalışmalar/MOF Radyoaktif Gaz Adsorpsiyonu/data/processed/cif/pretrain_001126.cif,Ho(CO2)4,False,False,-0.4785943460144064,0.149978361712225,0.2528167403047898,2.441413362038037e+25,4.115461463109865e+25,4.837021143375599,2.66036162885658,1.6856881047273249,52,3,11.923076923076923,0.7192307692307693,0.9079035680560402,0.0769230769230769,KAYNAK_VERISI,/home/rakeyma/Tüm_çalışmalar/MOF Radyoaktif Gaz Adsorpsiyonu/data/processed/cif/pretrain_001126.cif,TAM
pretrain_001127,CuH16(C6N)4,HF_COREMOF_GCMC,/home/rakeyma/Tüm_çalışmalar/MOF Radyoaktif Gaz Adsorpsiyonu/data/processed/cif/pretrain_001127.cif,CuH16(C6N)4,False,False,-0.3168048898657822,0.1089447125082447,0.1017543701199216,3.1611211427834428e+25,2.952487397975864e+25,2.581263909304936,1.419695150117715,0.9340000792807732,45,4,4.822222222222222,0.5499999999999997,0.4242861652234256,0.0222222222222222,KAYNAK_VERISI,/home/rakeyma/Tüm_çalışmalar/MOF Radyoaktif Gaz Adsorpsiyonu/data/processed/cif/pretrain_001127.cif,TAM
pretrain_001128,GdH2C5O6,HF_COREMOF_GCMC,/home/rakeyma/Tüm_çalışmalar/MOF Radyoaktif Gaz Adsorpsiyonu/data/processed/cif/pretrain_001128.cif,GdH2C5O6,False,False,-0.5147063400062186,0.0243838752873942,0.05,5.22124194448143e+24,1.070634155347052e+25,2.0386231750865584,1.2,2.050535421900252,56,4,10.285714285714286,0.6714285714285714,0.8020403668145388,0.0714285714285714,KAYNAK_VERISI,/home/rakeyma/Tüm_çalışmalar/MOF Radyoaktif Gaz Adsorpsiyonu/data/processed/cif/pretrain_001128.cif,TAM
pretrain_001129,CoHC4O3,HF_COREMOF_GCMC,/home/rakeyma/Tüm_çalışmalar/MOF Radyoaktif Gaz Adsorpsiyonu/data/processed/cif/pretrain_001129.cif,CoHC4O3,False,False,-0.3016874469803596,0.2027223446159727,0.2408156049896382,3.3889723538711354e+25,4.025789210541387e+25,3.325674945771934,1.829121220174564,1.1879085428191327,54,4,8.444444444444445,0.688888888888889,0.5829397481729994,0.1111111111111111,KAYNAK_VERISI,/home/rakeyma/Tüm_çalışmalar/MOF Radyoaktif Gaz Adsorpsiyonu/data/processed/cif/pretrain_001129.cif,TAM
pretrain_001130,CoHC4O3,HF_COREMOF_GCMC,/home/rakeyma/Tüm_çalışmalar/MOF Radyoaktif Gaz Adsorpsiyonu/data/processed/cif/pretrain_001130.cif,CoHC4O3,False,False,-0.3016874469803596,0.2027223446159727,0.2408156049896382,3.3889723538711354e+25,4.025789210541387e+25,3.325674945771934,1.829121220174564,1.1879085428191327,54,4,8.444444444444445,0.688888888888889,0.5829397481729994,0.1111111111111111,KAYNAK_VERISI,/home/rakeyma/Tüm_çalışmalar/MOF Radyoaktif Gaz Adsorpsiyonu/data/processed/cif/pretrain_001130.cif,TAM
pretrain_001131,LaC12(ClO)6,HF_COREMOF_GCMC,/home/rakeyma/Tüm_çalışmalar/MOF Radyoaktif Gaz Adsorpsiyonu/data/processed/cif/pretrain_001131.cif,LaC12(ClO)6,False,False,-0.5688211219557444,0.0278556086912823,0.05,5.564325439575443e+24,9.987800843348366e+24,1.9871936116040632,1.2,1.7949706486093728,50,4,11.16,0.7979999999999999,0.90361427058231,0.04,KAYNAK_VERISI,/home/rakeyma/Tüm_çalışmalar/MOF Radyoaktif Gaz Adsorpsiyonu/data/processed/cif/pretrain_001131.cif,TAM
pretrain_001132,AlH5C8O5,HF_COREMOF_GCMC,/home/rakeyma/Tüm_çalışmalar/MOF Radyoaktif Gaz Adsorpsiyonu/data/processed/cif/pretrain_001132.cif,AlH5C8O5,False,False,-0.2158044738518941,0.2014257230743021,0.192406380937295,6.088620349570138e+25,5.815987096791099e+25,2.9266162052360323,1.609638912879818,0.955222490954246,38,4,5.578947368421052,0.5842105263157897,0.6629856710367125,0.0526315789473684,KAYNAK_VERISI,/home/rakeyma/Tüm_çalışmalar/MOF Radyoaktif Gaz Adsorpsiyonu/data/processed/cif/pretrain_001132.cif,TAM
pretrain_001133,Ho(CO2)4,HF_COREMOF_GCMC,/home/rakeyma/Tüm_çalışmalar/MOF Radyoaktif Gaz Adsorpsiyonu/data/processed/cif/pretrain_001133.cif,Ho(CO2)4,False,False,-0.4785943460144064,0.149978361712225,0.2528167403047898,2.441413362038037e+25,4.115461463109865e+25,4.837021143375599,2.66036162885658,1.6856881047273249,52,3,11.923076923076923,0.7192307692307693,0.9079035680560402,0.0769230769230769,KAYNAK_VERISI,/home/rakeyma/Tüm_çalışmalar/MOF Radyoaktif Gaz Adsorpsiyonu/data/processed/cif/pretrain_001133.cif,TAM
pretrain_001134,Ho(CO2)4,HF_COREMOF_GCMC,/home/rakeyma/Tüm_çalışmalar/MOF Radyoaktif Gaz Adsorpsiyonu/data/processed/cif/pretrain_001134.cif,Ho(CO2)4,False,False,-0.4785943460144064,0.149978361712225,0.2528167403047898,2.441413362038037e+25,4.115461463109865e+25,4.837021143375599,2.66036162885658,1.6856881047273249,52,3,11.923076923076923,0.7192307692307693,0.9079035680560402,0.0769230769230769,KAYNAK_VERISI,/home/rakeyma/Tüm_çalışmalar/MOF Radyoaktif Gaz Adsorpsiyonu/data/processed/cif/pretrain_001134.cif,TAM
pretrain_001135,Ho(CO2)4,HF_COREMOF_GCMC,/home/rakeyma/Tüm_çalışmalar/MOF Radyoaktif Gaz Adsorpsiyonu/data/processed/cif/pretrain_001135.cif,Ho(CO2)4,False,False,-0.4785943460144064,0.149978361712225,0.2528167403047898,2.441413362038037e+25,4.115461463109865e+25,4.837021143375599,2.66036162885658,1.6856881047273249,52,3,11.923076923076923,0.7192307692307693,0.9079035680560402,0.0769230769230769,KAYNAK_VERISI,/home/rakeyma/Tüm_çalışmalar/MOF Radyoaktif Gaz Adsorpsiyonu/data/processed/cif/pretrain_001135.cif,TAM
pretrain_001136,Ho(CO2)4,HF_COREMOF_GCMC,/home/rakeyma/Tüm_çalışmalar/MOF Radyoaktif Gaz Adsorpsiyonu/data/processed/cif/pretrain_001136.cif,Ho(CO2)4,False,False,-0.4785943460144064,0.149978361712225,0.2528167403047898,2.441413362038037e+25,4.115461463109865e+25,4.837021143375599,2.66036162885658,1.6856881047273249,52,3,11.923076923076923,0.7192307692307693,0.9079035680560402,0.0769230769230769,KAYNAK_VERISI,/home/rakeyma/Tüm_çalışmalar/MOF Radyoaktif Gaz Adsorpsiyonu/data/processed/cif/pretrain_001136.cif,TAM
pretrain_001137,MnHC3N3Cl,HF_COREMOF_GCMC,/home/rakeyma/Tüm_çalışmalar/MOF Radyoaktif Gaz Adsorpsiyonu/data/processed/cif/pretrain_001137.cif,MnHC3N3Cl,False,False,-0.3158415251168576,0.242130788486378,0.2829629403243215,3.665584283877443e+25,4.283736543611582e+25,4.435337482107187,2.4394356151589527,1.168636760707698,54,5,9.11111111111111,0.7444444444444445,0.586890108964191,0.1111111111111111,KAYNAK_VERISI,/home/rakeyma/Tüm_çalışmalar/MOF Radyoaktif Gaz Adsorpsiyonu/data/processed/cif/pretrain_001137.cif,TAM
pretrain_001138,Cd(CO2)4,HF_COREMOF_GCMC,/home/rakeyma/Tüm_çalışmalar/MOF Radyoaktif Gaz Adsorpsiyonu/data/processed/cif/pretrain_001138.cif,Cd(CO2)4,False,False,-0.2440178580712028,0.0704500841992481,0.1217583836549003,1.3898865619909783e+25,2.402131142569935e+25,3.029836813613426,1.6664102474873843,1.7282929472524298,52,3,10.461538461538462,0.703846153846154,0.7144695001654492,0.0769230769230769,KAYNAK_VERISI,/home/rakeyma/Tüm_çalışmalar/MOF Radyoaktif Gaz Adsorpsiyonu/data/processed/cif/pretrain_001138.cif,TAM
pretrain_001139,FePt(C4N)6,HF_COREMOF_GCMC,/home/rakeyma/Tüm_çalışmalar/MOF Radyoaktif Gaz Adsorpsiyonu/data/processed/cif/pretrain_001139.cif,FePt(C4N)6,False,False,-0.2456167983043996,0.0329745389841571,0.05,1.0566567994871069e+25,1.6022313458192472e+25,1.5976705699235996,1.2,1.516321426783945,32,4,9.0625,0.7328124999999999,0.4384347157787576,0.0625,KAYNAK_VERISI,/home/rakeyma/Tüm_çalışmalar/MOF Radyoaktif Gaz Adsorpsiyonu/data/processed/cif/pretrain_001139.cif,TAM
pretrain_001140,CoHC4O3,HF_COREMOF_GCMC,/home/rakeyma/Tüm_çalışmalar/MOF Radyoaktif Gaz Adsorpsiyonu/data/processed/cif/pretrain_001140.cif,CoHC4O3,False,False,-0.3016874469803596,0.2027223446159727,0.2408156049896382,3.3889723538711354e+25,4.025789210541387e+25,3.325674945771934,1.829121220174564,1.1879085428191327,54,4,8.444444444444445,0.688888888888889,0.5829397481729994,0.1111111111111111,KAYNAK_VERISI,/home/rakeyma/Tüm_çalışmalar/MOF Radyoaktif Gaz Adsorpsiyonu/data/processed/cif/pretrain_001140.cif,TAM
pretrain_001141,MgPHCO6,HF_COREMOF_GCMC,/home/rakeyma/Tüm_çalışmalar/MOF Radyoaktif Gaz Adsorpsiyonu/data/processed/cif/pretrain_001141.cif,MgPHCO6,False,False,-0.3514950327118205,0.0918349361792421,0.1349985755511485,2.705562218012952e+25,3.977212384444526e+25,1.9888527039069892,1.2,1.4700132778190231,40,5,8.2,0.7050000000000001,0.6865974075103983,0.1,KAYNAK_VERISI,/home/rakeyma/Tüm_çalışmalar/MOF Radyoaktif Gaz Adsorpsiyonu/data/processed/cif/pretrain_001141.cif,TAM
pretrain_001142,CuHC4O3,HF_COREMOF_GCMC,/home/rakeyma/Tüm_çalışmalar/MOF Radyoaktif Gaz Adsorpsiyonu/data/processed/cif/pretrain_001142.cif,CuHC4O3,False,False,-0.205978546369902,0.143063613898343,0.189134943314022,2.5852239851953995e+25,3.417753673141659e+25,2.7268008935398664,1.4997404914469266,1.3220338712288924,54,4,8.666666666666666,0.688888888888889,0.577510822409416,0.1111111111111111,KAYNAK_VERISI,/home/rakeyma/Tüm_çalışmalar/MOF Radyoaktif Gaz Adsorpsiyonu/data/processed/cif/pretrain_001142.cif,TAM
pretrain_001143,SmH9(C2O)6,HF_COREMOF_GCMC,/home/rakeyma/Tüm_çalışmalar/MOF Radyoaktif Gaz Adsorpsiyonu/data/processed/cif/pretrain_001143.cif,SmH9(C2O)6,False,False,-0.5533311169052184,0.0331136208540026,0.05,8.2408418593811e+24,1.244328111340469e+25,1.8852289118300725,1.2,1.5099526632997664,56,4,6.821428571428571,0.5750000000000001,0.8128037893612454,0.0357142857142857,KAYNAK_VERISI,/home/rakeyma/Tüm_çalışmalar/MOF Radyoaktif Gaz Adsorpsiyonu/data/processed/cif/pretrain_001143.cif,TAM
pretrain_001144,ErH4(CO2)4,HF_COREMOF_GCMC,/home/rakeyma/Tüm_çalışmalar/MOF Radyoaktif Gaz Adsorpsiyonu/data/processed/cif/pretrain_001144.cif,ErH4(CO2)4,False,False,-0.2729219457086594,0.0236006670386222,0.05,9.4800095235009e+24,2.008419827284324e+25,1.5,1.2,2.118584187395024,34,4,9.411764705882351,0.6088235294117648,0.7877935960643498,0.0588235294117647,KAYNAK_VERISI,/home/rakeyma/Tüm_çalışmalar/MOF Radyoaktif Gaz Adsorpsiyonu/data/processed/cif/pretrain_001144.cif,TAM
pretrain_001145,Ho(CO2)4,HF_COREMOF_GCMC,/home/rakeyma/Tüm_çalışmalar/MOF Radyoaktif Gaz Adsorpsiyonu/data/processed/cif/pretrain_001145.cif,Ho(CO2)4,False,False,-0.4785943460144064,0.149978361712225,0.2528167403047898,2.441413362038037e+25,4.115461463109865e+25,4.837021143375599,2.66036162885658,1.6856881047273249,52,3,11.923076923076923,0.7192307692307693,0.9079035680560402,0.0769230769230769,KAYNAK_VERISI,/home/rakeyma/Tüm_çalışmalar/MOF Radyoaktif Gaz Adsorpsiyonu/data/processed/cif/pretrain_001145.cif,TAM
pretrain_001146,TbH8C8(NO3)2,HF_COREMOF_GCMC,/home/rakeyma/Tüm_çalışmalar/MOF Radyoaktif Gaz Adsorpsiyonu/data/processed/cif/pretrain_001146.cif,TbH8C8(NO3)2,False,False,-0.4850084406581334,0.0248116621265863,0.05,8.506364654357456e+24,1.714186782602257e+25,1.6927034589673409,1.2,2.015181399170503,50,5,7.32,0.5700000000000001,0.8027353237524806,0.04,KAYNAK_VERISI,/home/rakeyma/Tüm_çalışmalar/MOF Radyoaktif Gaz Adsorpsiyonu/data/processed/cif/pretrain_001146.cif,TAM
pretrain_001147,Ho(CO2)4,HF_COREMOF_GCMC,/home/rakeyma/Tüm_çalışmalar/MOF Radyoaktif Gaz Adsorpsiyonu/data/processed/cif/pretrain_001147.cif,Ho(CO2)4,False,False,-0.4785943460144064,0.149978361712225,0.2528167403047898,2.441413362038037e+25,4.115461463109865e+25,4.837021143375599,2.66036162885658,1.6856881047273249,52,3,11.923076923076923,0.7192307692307693,0.9079035680560402,0.0769230769230769,KAYNAK_VERISI,/home/rakeyma/Tüm_çalışmalar/MOF Radyoaktif Gaz Adsorpsiyonu/data/processed/cif/pretrain_001147.cif,TAM
pretrain_001148,SmH9(C2O)6,HF_COREMOF_GCMC,/home/rakeyma/Tüm_çalışmalar/MOF Radyoaktif Gaz Adsorpsiyonu/data/processed/cif/pretrain_001148.cif,SmH9(C2O)6,False,False,-0.5533311169052184,0.0331136208540026,0.05,8.2408418593811e+24,1.244328111340469e+25,1.8852289118300725,1.2,1.5099526632997664,56,4,6.821428571428571,0.5750000000000001,0.8128037893612454,0.0357142857142857,KAYNAK_VERISI,/home/rakeyma/Tüm_çalışmalar/MOF Radyoaktif Gaz Adsorpsiyonu/data/processed/cif/pretrain_001148.cif,TAM
pretrain_001149,CuHC4O3,HF_COREMOF_GCMC,/home/rakeyma/Tüm_çalışmalar/MOF Radyoaktif Gaz Adsorpsiyonu/data/processed/cif/pretrain_001149.cif,CuHC4O3,False,False,-0.205978546369902,0.143063613898343,0.189134943314022,2.5852239851953995e+25,3.417753673141659e+25,2.7268008935398664,1.4997404914469266,1.3220338712288924,54,4,8.666666666666666,0.688888888888889,0.577510822409416,0.1111111111111111,KAYNAK_VERISI,/home/rakeyma/Tüm_çalışmalar/MOF Radyoaktif Gaz Adsorpsiyonu/data/processed/cif/pretrain_001149.cif,TAM
pretrain_001150,Fe3H6C18O13,HF_COREMOF_GCMC,/home/rakeyma/Tüm_çalışmalar/MOF Radyoaktif Gaz Adsorpsiyonu/data/processed/cif/pretrain_001150.cif,Fe3H6C18O13,False,False,-0.5029828186764782,0.0292369746444702,0.05,1.1016591845771186e+25,1.8840170673840232e+25,1.588949904811351,1.2,1.7101632644284803,40,4,7.4,0.6525000000000001,0.5968458762528228,0.075,KAYNAK_VERISI,/home/rakeyma/Tüm_çalışmalar/MOF Radyoaktif Gaz Adsorpsiyonu/data/processed/cif/pretrain_001150.cif,TAM
pretrain_001151,LaC12(ClO)6,HF_COREMOF_GCMC,/home/rakeyma/Tüm_çalışmalar/MOF Radyoaktif Gaz Adsorpsiyonu/data/processed/cif/pretrain_001151.cif,LaC12(ClO)6,False,False,-0.5688211219557444,0.0278556086912823,0.05,5.564325439575443e+24,9.987800843348366e+24,1.9871936116040632,1.2,1.7949706486093728,50,4,11.16,0.7979999999999999,0.90361427058231,0.04,KAYNAK_VERISI,/home/rakeyma/Tüm_çalışmalar/MOF Radyoaktif Gaz Adsorpsiyonu/data/processed/cif/pretrain_001151.cif,TAM
pretrain_001152,MgPHCO6,HF_COREMOF_GCMC,/home/rakeyma/Tüm_çalışmalar/MOF Radyoaktif Gaz Adsorpsiyonu/data/processed/cif/pretrain_001152.cif,MgPHCO6,False,False,-0.3514950327118205,0.0918349361792421,0.1349985755511485,2.705562218012952e+25,3.977212384444526e+25,1.9888527039069892,1.2,1.4700132778190231,40,5,8.2,0.7050000000000001,0.6865974075103983,0.1,KAYNAK_VERISI,/home/rakeyma/Tüm_çalışmalar/MOF Radyoaktif Gaz Adsorpsiyonu/data/processed/cif/pretrain_001152.cif,TAM
pretrain_001153,CoHC4O3,HF_COREMOF_GCMC,/home/rakeyma/Tüm_çalışmalar/MOF Radyoaktif Gaz Adsorpsiyonu/data/processed/cif/pretrain_001153.cif,CoHC4O3,False,False,-0.3016874469803596,0.2027223446159727,0.2408156049896382,3.3889723538711354e+25,4.025789210541387e+25,3.325674945771934,1.829121220174564,1.1879085428191327,54,4,8.444444444444445,0.688888888888889,0.5829397481729994,0.1111111111111111,KAYNAK_VERISI,/home/rakeyma/Tüm_çalışmalar/MOF Radyoaktif Gaz Adsorpsiyonu/data/processed/cif/pretrain_001153.cif,TAM
pretrain_001154,MnFe(CN)6,HF_COREMOF_GCMC,/home/rakeyma/Tüm_çalışmalar/MOF Radyoaktif Gaz Adsorpsiyonu/data/processed/cif/pretrain_001154.cif,MnFe(CN)6,False,False,-0.4083720476177644,0.2259680990923231,0.2575315525938454,3.1772531689680625e+25,3.621055117402893e+25,4.329274915149687,2.3811012033323284,1.1396810152774108,56,4,9.214285714285714,0.7785714285714287,0.5874255271947245,0.1428571428571428,KAYNAK_VERISI,/home/rakeyma/Tüm_çalışmalar/MOF Radyoaktif Gaz Adsorpsiyonu/data/processed/cif/pretrain_001154.cif,TAM
pretrain_001155,CoHC4O3,HF_COREMOF_GCMC,/home/rakeyma/Tüm_çalışmalar/MOF Radyoaktif Gaz Adsorpsiyonu/data/processed/cif/pretrain_001155.cif,CoHC4O3,False,False,-0.3016874469803596,0.2027223446159727,0.2408156049896382,3.3889723538711354e+25,4.025789210541387e+25,3.325674945771934,1.829121220174564,1.1879085428191327,54,4,8.444444444444445,0.688888888888889,0.5829397481729994,0.1111111111111111,KAYNAK_VERISI,/home/rakeyma/Tüm_çalışmalar/MOF Radyoaktif Gaz Adsorpsiyonu/data/processed/cif/pretrain_001155.cif,TAM
pretrain_001156,Co3H2(C4O5)2,HF_COREMOF_GCMC,/home/rakeyma/Tüm_çalışmalar/MOF Radyoaktif Gaz Adsorpsiyonu/data/processed/cif/pretrain_001156.cif,Co3H2(C4O5)2,False,False,-0.4163903372120018,0.022878077140541,0.05,1.5142411204807568e+25,3.3093714807820253e+25,1.5,1.2,2.185498356913813,23,4,9.173913043478262,0.7021739130434782,0.5829397481729994,0.1304347826086956,KAYNAK_VERISI,/home/rakeyma/Tüm_çalışmalar/MOF Radyoaktif Gaz Adsorpsiyonu/data/processed/cif/pretrain_001156.cif,TAM
pretrain_001157,Ho(CO2)4,HF_COREMOF_GCMC,/home/rakeyma/Tüm_çalışmalar/MOF Radyoaktif Gaz Adsorpsiyonu/data/processed/cif/pretrain_001157.cif,Ho(CO2)4,False,False,-0.4785943460144064,0.149978361712225,0.2528167403047898,2.441413362038037e+25,4.115461463109865e+25,4.837021143375599,2.66036162885658,1.6856881047273249,52,3,11.923076923076923,0.7192307692307693,0.9079035680560402,0.0769230769230769,KAYNAK_VERISI,/home/rakeyma/Tüm_çalışmalar/MOF Radyoaktif Gaz Adsorpsiyonu/data/processed/cif/pretrain_001157.cif,TAM
pretrain_001158,ZnH3(CO2)3,HF_COREMOF_GCMC,/home/rakeyma/Tüm_çalışmalar/MOF Radyoaktif Gaz Adsorpsiyonu/data/processed/cif/pretrain_001158.cif,ZnH3(CO2)3,False,False,-0.2426909561838627,0.0521053986633498,0.079530739606193,1.3063331714848035e+25,1.993913221383093e+25,2.354517765567317,1.2949847710620246,1.5263435583716922,52,4,7.615384615384615,0.6000000000000001,0.6504229393248673,0.0769230769230769,KAYNAK_VERISI,/home/rakeyma/Tüm_çalışmalar/MOF Radyoaktif Gaz Adsorpsiyonu/data/processed/cif/pretrain_001158.cif,TAM
pretrain_001159,ZnH3(CO2)3,HF_COREMOF_GCMC,/home/rakeyma/Tüm_çalışmalar/MOF Radyoaktif Gaz Adsorpsiyonu/data/processed/cif/pretrain_001159.cif,ZnH3(CO2)3,False,False,-0.2426909561838627,0.0521053986633498,0.079530739606193,1.3063331714848035e+25,1.993913221383093e+25,2.354517765567317,1.2949847710620246,1.5263435583716922,52,4,7.615384615384615,0.6000000000000001,0.6504229393248673,0.0769230769230769,KAYNAK_VERISI,/home/rakeyma/Tüm_çalışmalar/MOF Radyoaktif Gaz Adsorpsiyonu/data/processed/cif/pretrain_001159.cif,TAM
pretrain_001160,Ho(CO2)4,HF_COREMOF_GCMC,/home/rakeyma/Tüm_çalışmalar/MOF Radyoaktif Gaz Adsorpsiyonu/data/processed/cif/pretrain_001160.cif,Ho(CO2)4,False,False,-0.4785943460144064,0.149978361712225,0.2528167403047898,2.441413362038037e+25,4.115461463109865e+25,4.837021143375599,2.66036162885658,1.6856881047273249,52,3,11.923076923076923,0.7192307692307693,0.9079035680560402,0.0769230769230769,KAYNAK_VERISI,/home/rakeyma/Tüm_çalışmalar/MOF Radyoaktif Gaz Adsorpsiyonu/data/processed/cif/pretrain_001160.cif,TAM
pretrain_001161,ErC2O5,HF_COREMOF_GCMC,/home/rakeyma/Tüm_çalışmalar/MOF Radyoaktif Gaz Adsorpsiyonu/data/processed/cif/pretrain_001161.cif,ErC2O5,False,False,-0.4941126355360937,0.0152253469122696,0.05,1.213768619348961e+25,3.986013016133067e+25,1.5,1.2,3.283997421412228,16,3,15.0,0.76875,0.9035854506723018,0.125,KAYNAK_VERISI,/home/rakeyma/Tüm_çalışmalar/MOF Radyoaktif Gaz Adsorpsiyonu/data/processed/cif/pretrain_001161.cif,TAM
pretrain_001162,ZnHC4O3,HF_COREMOF_GCMC,/home/rakeyma/Tüm_çalışmalar/MOF Radyoaktif Gaz Adsorpsiyonu/data/processed/cif/pretrain_001162.cif,ZnHC4O3,False,False,-0.2677312773291185,0.2068786041617683,0.2515640963015523,3.3991159257691533e+25,4.133320260715269e+25,3.442719217267522,1.8934955694971372,1.2159986158106626,54,4,8.777777777777779,0.688888888888889,0.6504229393248673,0.1111111111111111,KAYNAK_VERISI,/home/rakeyma/Tüm_çalışmalar/MOF Radyoaktif Gaz Adsorpsiyonu/data/processed/cif/pretrain_001162.cif,TAM
pretrain_001163,LaC12(ClO)6,HF_COREMOF_GCMC,/home/rakeyma/Tüm_çalışmalar/MOF Radyoaktif Gaz Adsorpsiyonu/data/processed/cif/pretrain_001163.cif,LaC12(ClO)6,False,False,-0.5688211219557444,0.0278556086912823,0.05,5.564325439575443e+24,9.987800843348366e+24,1.9871936116040632,1.2,1.7949706486093728,50,4,11.16,0.7979999999999999,0.90361427058231,0.04,KAYNAK_VERISI,/home/rakeyma/Tüm_çalışmalar/MOF Radyoaktif Gaz Adsorpsiyonu/data/processed/cif/pretrain_001163.cif,TAM
pretrain_001164,HKUST-1-var00000,PROCEDURAL_FALLBACK,/home/rakeyma/Tüm_çalışmalar/MOF Radyoaktif Gaz Adsorpsiyonu/data/processed/cif/pretrain_001164.cif,Cu8C3O4,True,False,-0.6919015877314013,17.426971730731083,0.95,2.0565797372057588e+26,1.1211074307879816e+25,25.79329332878897,14.186311330833933,0.0545132002667308,15,3,18.8,1.0199999999999998,0.6312421616675067,0.5333333333333333,TURETILMIS_PROXY,/home/rakeyma/Tüm_çalışmalar/MOF Radyoaktif Gaz Adsorpsiyonu/data/processed/cif/pretrain_001164.cif,TAM
pretrain_001165,MOF-5-var00001,PROCEDURAL_FALLBACK,/home/rakeyma/Tüm_çalışmalar/MOF Radyoaktif Gaz Adsorpsiyonu/data/processed/cif/pretrain_001165.cif,Zn8C21O26,False,False,-0.5630799028768901,7.645516963910599,0.9329715905565724,1.0313136658425128e+26,1.258497438074705e+25,24.447011342135674,13.445856238174622,0.1220285815806191,55,3,10.436363636363636,0.7472727272727274,0.7307682411149394,0.1454545454545454,TURETILMIS_PROXY,/home/rakeyma/Tüm_çalışmalar/MOF Radyoaktif Gaz Adsorpsiyonu/data/processed/cif/pretrain_001165.cif,TAM
pretrain_001166,IRMOF-3-var00002,PROCEDURAL_FALLBACK,/home/rakeyma/Tüm_çalışmalar/MOF Radyoaktif Gaz Adsorpsiyonu/data/processed/cif/pretrain_001166.cif,Zn4C6(N3O2)3,False,True,-0.6012121482990016,8.66013333398118,0.9424324001083132,1.1167214551916218e+26,1.21526360008694e+25,24.94237934545686,13.718308640001274,0.108824236736672,50,4,10.68,0.762,0.6679446084818711,0.16,TURETILMIS_PROXY,/home/rakeyma/Tüm_çalışmalar/MOF Radyoaktif Gaz Adsorpsiyonu/data/processed/cif/pretrain_001166.cif,TAM
pretrain_001167,ZIF-8-var00003,PROCEDURAL_FALLBACK,/home/rakeyma/Tüm_çalışmalar/MOF Radyoaktif Gaz Adsorpsiyonu/data/processed/cif/pretrain_001167.cif,Zn4C7N8,False,False,-0.7886575810875432,2.7402168679191026,0.8372458576424444,1.204454539766516e+26,3.680090382422693e+25,15.621073684726191,8.591590526599408,0.3055399984740046,38,3,11.473684210526317,0.8157894736842103,0.5756349151637308,0.2105263157894736,TURETILMIS_PROXY,/home/rakeyma/Tüm_çalışmalar/MOF Radyoaktif Gaz Adsorpsiyonu/data/processed/cif/pretrain_001167.cif,TAM
pretrain_001168,UiO-66-var00004,PROCEDURAL_FALLBACK,/home/rakeyma/Tüm_çalışmalar/MOF Radyoaktif Gaz Adsorpsiyonu/data/processed/cif/pretrain_001168.cif,Zr8C13O18,False,False,-0.7188294578367805,4.024032642908232,0.896671452865413,1.006014502656063e+26,2.2416927638249764e+25,19.51140869495908,10.731274782227493,0.2228290703470472,39,3,13.897435897435898,0.8282051282051283,0.8649084729996964,0.2051282051282051,TURETILMIS_PROXY,/home/rakeyma/Tüm_çalışmalar/MOF Radyoaktif Gaz Adsorpsiyonu/data/processed/cif/pretrain_001168.cif,TAM
pretrain_001169,UiO-66-NH2-var00005,PROCEDURAL_FALLBACK,/home/rakeyma/Tüm_çalışmalar/MOF Radyoaktif Gaz Adsorpsiyonu/data/processed/cif/pretrain_001169.cif,Zr8C7(NO)12,False,True,-0.7546064555372798,4.18303409907636,0.9026556727699796,1.0127113769493085e+26,2.185326840830287e+25,19.78711599207246,10.882913795639857,0.2157896998662506,39,4,13.897435897435898,0.8282051282051283,0.7928114529949727,0.2051282051282051,TURETILMIS_PROXY,/home/rakeyma/Tüm_çalışmalar/MOF Radyoaktif Gaz Adsorpsiyonu/data/processed/cif/pretrain_001169.cif,TAM
pretrain_001170,Mg-MOF-74-var00006,PROCEDURAL_FALLBACK,/home/rakeyma/Tüm_çalışmalar/MOF Radyoaktif Gaz Adsorpsiyonu/data/processed/cif/pretrain_001170.cif,Mg6C5O7,True,False,-0.580351527349582,6.743917707567494,0.9137530425910748,3.785960677469559e+26,5.129708335981134e+25,6.595925013360034,3.627758757348019,0.1354929111257886,18,3,8.777777777777779,0.927777777777778,0.8734732712313271,0.3333333333333333,TURETILMIS_PROXY,/home/rakeyma/Tüm_çalışmalar/MOF Radyoaktif Gaz Adsorpsiyonu/data/processed/cif/pretrain_001170.cif,TAM
pretrain_001171,Ni-MOF-74-var00007,PROCEDURAL_FALLBACK,/home/rakeyma/Tüm_çalışmalar/MOF Radyoaktif Gaz Adsorpsiyonu/data/processed/cif/pretrain_001171.cif,Ni3(CO)2,True,False,-0.5805352981583386,4.875758323348849,0.9185395684977488,2.6061625252255572e+26,4.909725303430327e+25,6.537933487270241,3.5958634179986326,0.1883890684448162,14,3,16.0,0.9499999999999998,0.6273931958686053,0.4285714285714285,TURETILMIS_PROXY,/home/rakeyma/Tüm_çalışmalar/MOF Radyoaktif Gaz Adsorpsiyonu/data/processed/cif/pretrain_001171.cif,TAM
pretrain_001172,NU-1000-var00008,PROCEDURAL_FALLBACK,/home/rakeyma/Tüm_çalışmalar/MOF Radyoaktif Gaz Adsorpsiyonu/data/processed/cif/pretrain_001172.cif,Zr8C91O101,False,False,-0.7018117516595996,3.5412642707526945,0.8442623081870889,3.233642311335632e+25,7.709230695283254e+24,15.555426486418712,8.555484567530293,0.2384070330926308,200,3,8.37,0.6835,0.8649084729996964,0.04,TURETILMIS_PROXY,/home/rakeyma/Tüm_çalışmalar/MOF Radyoaktif Gaz Adsorpsiyonu/data/processed/cif/pretrain_001172.cif,TAM
pretrain_001173,MIL-53-var00009,PROCEDURAL_FALLBACK,/home/rakeyma/Tüm_çalışmalar/MOF Radyoaktif Gaz Adsorpsiyonu/data/processed/cif/pretrain_001173.cif,Al4C14O17,True,False,-1.067760487472618,0.8300884753479784,0.5403741109036713,1.298587979697256e+26,8.453596764669365e+25,4.853177230113086,2.6692474765621976,0.6509837528790446,35,3,7.771428571428571,0.7142857142857144,0.7471873184743494,0.1142857142857142,TURETILMIS_PROXY,/home/rakeyma/Tüm_çalışmalar/MOF Radyoaktif Gaz Adsorpsiyonu/data/processed/cif/pretrain_001173.cif,TAM
pretrain_001174,MIL-101-var00010,PROCEDURAL_FALLBACK,/home/rakeyma/Tüm_çalışmalar/MOF Radyoaktif Gaz Adsorpsiyonu/data/processed/cif/pretrain_001174.cif,Cr,True,False,-0.7308126359851842,946.1184332954698,0.95,3.0079620923073755e+26,3.020302625051592e+23,40.0,22.0,0.0010041026224285,8,1,24.0,1.4,0.0,1.0,TURETILMIS_PROXY,/home/rakeyma/Tüm_çalışmalar/MOF Radyoaktif Gaz Adsorpsiyonu/data/processed/cif/pretrain_001174.cif,TAM
pretrain_001175,ZIF-67-var00011,PROCEDURAL_FALLBACK,/home/rakeyma/Tüm_çalışmalar/MOF Radyoaktif Gaz Adsorpsiyonu/data/processed/cif/pretrain_001175.cif,Co2(CN)3,False,False,-0.6670045249039375,3.2431940986416388,0.8573495953693815,1.4408932940106778e+26,3.809051339566499e+25,15.751148173123234,8.66313149521778,0.2643534642988124,32,3,11.625,0.84375,0.4754646849837186,0.25,TURETILMIS_PROXY,/home/rakeyma/Tüm_çalışmalar/MOF Radyoaktif Gaz Adsorpsiyonu/data/processed/cif/pretrain_001175.cif,TAM
pretrain_001176,HKUST-1-var00012,PROCEDURAL_FALLBACK,/home/rakeyma/Tüm_çalışmalar/MOF Radyoaktif Gaz Adsorpsiyonu/data/processed/cif/pretrain_001176.cif,Cu4C3O4,True,False,-0.6279304964438046,14.539721731036506,0.95,1.7661914008162132e+26,1.1539985852643892e+25,25.545874954230914,14.050231224827003,0.0653382518299596,22,3,15.090909090909092,0.9000000000000002,0.6312421616675067,0.3636363636363636,TURETILMIS_PROXY,/home/rakeyma/Tüm_çalışmalar/MOF Radyoaktif Gaz Adsorpsiyonu/data/processed/cif/pretrain_001176.cif,TAM
pretrain_001177,MOF-5-var00013,PROCEDURAL_FALLBACK,/home/rakeyma/Tüm_çalışmalar/MOF Radyoaktif Gaz Adsorpsiyonu/data/processed/cif/pretrain_001177.cif,Zn8(C3O4)7,False,False,-0.6584621301123347,7.821180206430032,0.9343653927992156,1.0058411902835166e+26,1.2016385942370065e+25,24.857581234197884,13.671669678808838,0.1194660355774752,57,3,10.350877192982455,0.7421052631578947,0.7307682411149394,0.1403508771929824,TURETILMIS_PROXY,/home/rakeyma/Tüm_çalışmalar/MOF Radyoaktif Gaz Adsorpsiyonu/data/processed/cif/pretrain_001177.cif,TAM
pretrain_001178,IRMOF-3-var00014,PROCEDURAL_FALLBACK,/home/rakeyma/Tüm_çalışmalar/MOF Radyoaktif Gaz Adsorpsiyonu/data/processed/cif/pretrain_001178.cif,Zn4C7N10O7,False,True,-0.5823171633972616,8.066837843531461,0.9369239139045954,1.032160025913434e+26,1.198803583277844e+25,24.93391428751742,13.713652858134584,0.1161451280015359,56,4,10.285714285714286,0.75,0.6679446084818711,0.1428571428571428,TURETILMIS_PROXY,/home/rakeyma/Tüm_çalışmalar/MOF Radyoaktif Gaz Adsorpsiyonu/data/processed/cif/pretrain_001178.cif,TAM
pretrain_001179,ZIF-8-var00015,PROCEDURAL_FALLBACK,/home/rakeyma/Tüm_çalışmalar/MOF Radyoaktif Gaz Adsorpsiyonu/data/processed/cif/pretrain_001179.cif,Zn2(CN)3,False,False,-0.6552040460314257,2.9776583286751914,0.8539972486765928,1.3462617550425148e+26,3.861100596173338e+25,15.628941193300644,8.595917656315354,0.2868016254425503,32,3,12.375,0.84375,0.5756349151637308,0.25,TURETILMIS_PROXY,/home/rakeyma/Tüm_çalışmalar/MOF Radyoaktif Gaz Adsorpsiyonu/data/processed/cif/pretrain_001179.cif,TAM
pretrain_001180,UiO-66-var00016,PROCEDURAL_FALLBACK,/home/rakeyma/Tüm_çalışmalar/MOF Radyoaktif Gaz Adsorpsiyonu/data/processed/cif/pretrain_001180.cif,Zr8C13O18,False,False,-0.7841464634924559,4.246106921913697,0.9015435322932408,1.011480699384892e+26,2.147599905842474e+25,19.88187455916816,10.93503100754249,0.2123223811535391,39,3,13.897435897435898,0.8282051282051283,0.8649084729996964,0.2051282051282051,TURETILMIS_PROXY,/home/rakeyma/Tüm_çalışmalar/MOF Radyoaktif Gaz Adsorpsiyonu/data/processed/cif/pretrain_001180.cif,TAM
pretrain_001181,UiO-66-NH2-var00017,PROCEDURAL_FALLBACK,/home/rakeyma/Tüm_çalışmalar/MOF Radyoaktif Gaz Adsorpsiyonu/data/processed/cif/pretrain_001181.cif,Zr8C9(NO)12,False,True,-0.7129301450929042,4.02861042191745,0.8969683688496513,9.861518141325226e+25,2.195662750977956e+25,19.652234230935093,10.808728827014304,0.2226495676945431,41,4,13.51219512195122,0.8219512195121952,0.7928114529949727,0.1951219512195122,TURETILMIS_PROXY,/home/rakeyma/Tüm_çalışmalar/MOF Radyoaktif Gaz Adsorpsiyonu/data/processed/cif/pretrain_001181.cif,TAM
pretrain_001182,Mg-MOF-74-var00018,PROCEDURAL_FALLBACK,/home/rakeyma/Tüm_çalışmalar/MOF Radyoaktif Gaz Adsorpsiyonu/data/processed/cif/pretrain_001182.cif,Mg3C3O4,True,False,-0.7465712893186446,6.0713311647032455,0.9037721082211856,3.4413686021555614e+26,5.122785880661721e+25,6.530245555829409,3.591635055706176,0.1488589707435865,20,3,8.6,0.9000000000000001,0.8734732712313271,0.3,TURETILMIS_PROXY,/home/rakeyma/Tüm_çalışmalar/MOF Radyoaktif Gaz Adsorpsiyonu/data/processed/cif/pretrain_001182.cif,TAM
pretrain_001183,Ni-MOF-74-var00019,PROCEDURAL_FALLBACK,/home/rakeyma/Tüm_çalışmalar/MOF Radyoaktif Gaz Adsorpsiyonu/data/processed/cif/pretrain_001183.cif,Ni6C6O7,True,False,-0.7845454022320574,4.002943099349563,0.8949006457045646,2.1980673735407827e+26,4.914014171731315e+25,6.371270707606245,3.504198889183435,0.2235606711097084,19,3,13.68421052631579,0.868421052631579,0.6273931958686053,0.3157894736842105,TURETILMIS_PROXY,/home/rakeyma/Tüm_çalışmalar/MOF Radyoaktif Gaz Adsorpsiyonu/data/processed/cif/pretrain_001183.cif,TAM
pretrain_001184,NU-1000-var00020,PROCEDURAL_FALLBACK,/home/rakeyma/Tüm_çalışmalar/MOF Radyoaktif Gaz Adsorpsiyonu/data/processed/cif/pretrain_001184.cif,Zr8C90O101,False,False,-0.8094776925232287,3.5447364215622086,0.8446581280968253,3.2464977153177477e+25,7.735922666663029e+24,15.546530862912611,8.550591974601938,0.2382851720536598,199,3,8.381909547738694,0.6834170854271356,0.8649084729996964,0.0402010050251256,TURETILMIS_PROXY,/home/rakeyma/Tüm_çalışmalar/MOF Radyoaktif Gaz Adsorpsiyonu/data/processed/cif/pretrain_001184.cif,TAM
pretrain_001185,MIL-53-var00021,PROCEDURAL_FALLBACK,/home/rakeyma/Tüm_çalışmalar/MOF Radyoaktif Gaz Adsorpsiyonu/data/processed/cif/pretrain_001185.cif,Al4C9O11,True,False,-0.8771667675082152,1.4561679980998343,0.6774087691481328,2.2759184342620303e+26,1.0587563435309662e+26,5.382320626972419,2.960276344834831,0.4651995992441043,24,3,8.083333333333334,0.7458333333333332,0.7471873184743494,0.1666666666666666,TURETILMIS_PROXY,/home/rakeyma/Tüm_çalışmalar/MOF Radyoaktif Gaz Adsorpsiyonu/data/processed/cif/pretrain_001185.cif,TAM
pretrain_001186,MIL-101-var00022,PROCEDURAL_FALLBACK,/home/rakeyma/Tüm_çalışmalar/MOF Radyoaktif Gaz Adsorpsiyonu/data/processed/cif/pretrain_001186.cif,Cr,True,False,-0.8713957185154962,989.1531856821418,0.95,3.0079620923073755e+26,2.8888993424424623e+23,40.0,22.0,0.0009604174699643,8,1,24.0,1.4,0.0,1.0,TURETILMIS_PROXY,/home/rakeyma/Tüm_çalışmalar/MOF Radyoaktif Gaz Adsorpsiyonu/data/processed/cif/pretrain_001186.cif,TAM
pretrain_001187,ZIF-67-var00023,PROCEDURAL_FALLBACK,/home/rakeyma/Tüm_çalışmalar/MOF Radyoaktif Gaz Adsorpsiyonu/data/processed/cif/pretrain_001187.cif,Co2(CN)3,False,False,-0.6710709363954223,3.30571944672145,0.8596690957490347,1.4447915317430435e+26,3.7572536013945135e+25,15.858865970100943,8.722376283555521,0.2600550680734985,32,3,11.625,0.84375,0.4754646849837186,0.25,TURETILMIS_PROXY,/home/rakeyma/Tüm_çalışmalar/MOF Radyoaktif Gaz Adsorpsiyonu/data/processed/cif/pretrain_001187.cif,TAM
pretrain_001188,HKUST-1-var00024,PROCEDURAL_FALLBACK,/home/rakeyma/Tüm_çalışmalar/MOF Radyoaktif Gaz Adsorpsiyonu/data/processed/cif/pretrain_001188.cif,Cu4C3O4,True,False,-0.6238235494336984,15.199113997926007,0.95,1.7661914008162132e+26,1.1039339733910523e+25,25.92635765426848,14.259496709847667,0.0625036433130004,22,3,15.090909090909092,0.9000000000000002,0.6312421616675067,0.3636363636363636,TURETILMIS_PROXY,/home/rakeyma/Tüm_çalışmalar/MOF Radyoaktif Gaz Adsorpsiyonu/data/processed/cif/pretrain_001188.cif,TAM
pretrain_001189,MOF-5-var00025,PROCEDURAL_FALLBACK,/home/rakeyma/Tüm_çalışmalar/MOF Radyoaktif Gaz Adsorpsiyonu/data/processed/cif/pretrain_001189.cif,Zn8C18O23,False,False,-0.599957182592689,8.33854872408957,0.9398786965290418,1.1177813919764593e+26,1.2599061928608665e+25,24.588571826973865,13.523714504835626,0.1127149013129572,49,3,10.857142857142858,0.7591836734693876,0.7307682411149394,0.1632653061224489,TURETILMIS_PROXY,/home/rakeyma/Tüm_çalışmalar/MOF Radyoaktif Gaz Adsorpsiyonu/data/processed/cif/pretrain_001189.cif,TAM
pretrain_001190,IRMOF-3-var00026,PROCEDURAL_FALLBACK,/home/rakeyma/Tüm_çalışmalar/MOF Radyoaktif Gaz Adsorpsiyonu/data/processed/cif/pretrain_001190.cif,Zn4C6(N3O2)3,False,True,-0.7775160822265512,9.092715365299574,0.9450205788659082,1.1197882796642791e+26,1.163814026659276e+25,25.362539060002664,13.949396483001468,0.1039316134839521,50,4,10.68,0.762,0.6679446084818711,0.16,TURETILMIS_PROXY,/home/rakeyma/Tüm_çalışmalar/MOF Radyoaktif Gaz Adsorpsiyonu/data/processed/cif/pretrain_001190.cif,TAM
pretrain_001191,ZIF-8-var00027,PROCEDURAL_FALLBACK,/home/rakeyma/Tüm_çalışmalar/MOF Radyoaktif Gaz Adsorpsiyonu/data/processed/cif/pretrain_001191.cif,Zn4(CN)7,False,False,-0.7567863011065293,2.8465031918084645,0.8434520532454457,1.25168173570744e+26,3.708878785136812e+25,15.67673641496822,8.622205028232521,0.2963116485070852,36,3,11.72222222222222,0.8249999999999998,0.5756349151637308,0.2222222222222222,TURETILMIS_PROXY,/home/rakeyma/Tüm_çalışmalar/MOF Radyoaktif Gaz Adsorpsiyonu/data/processed/cif/pretrain_001191.cif,TAM
pretrain_001192,UiO-66-var00028,PROCEDURAL_FALLBACK,/home/rakeyma/Tüm_çalışmalar/MOF Radyoaktif Gaz Adsorpsiyonu/data/processed/cif/pretrain_001192.cif,Zr8(C2O3)7,False,False,-0.6880060781229503,3.742177254156364,0.8878407343583881,9.476638974459418e+25,2.248355846048817e+25,19.33201288809913,10.632607088454522,0.2372524533337592,43,3,13.30232558139535,0.8093023255813955,0.8649084729996964,0.1860465116279069,TURETILMIS_PROXY,/home/rakeyma/Tüm_çalışmalar/MOF Radyoaktif Gaz Adsorpsiyonu/data/processed/cif/pretrain_001192.cif,TAM
pretrain_001193,UiO-66-NH2-var00029,PROCEDURAL_FALLBACK,/home/rakeyma/Tüm_çalışmalar/MOF Radyoaktif Gaz Adsorpsiyonu/data/processed/cif/pretrain_001193.cif,Zr2C2(NO)3,False,True,-0.6701689519735762,3.975003263936538,0.8968886076217993,9.960504729264832e+25,2.2474102848895945e+25,19.498782938343485,10.724330616088915,0.2256321688484828,40,4,13.7,0.825,0.7928114529949727,0.2,TURETILMIS_PROXY,/home/rakeyma/Tüm_çalışmalar/MOF Radyoaktif Gaz Adsorpsiyonu/data/processed/cif/pretrain_001193.cif,TAM
pretrain_001194,Mg-MOF-74-var00030,PROCEDURAL_FALLBACK,/home/rakeyma/Tüm_çalışmalar/MOF Radyoaktif Gaz Adsorpsiyonu/data/processed/cif/pretrain_001194.cif,Mg2C2O3,True,False,-0.7211592990944116,5.771565000683063,0.8998524922645404,3.2749576793355125e+26,5.106030737697977e+25,6.385459872563107,3.512002929909709,0.155911350241753,21,3,8.571428571428571,0.8857142857142858,0.8734732712313271,0.2857142857142857,TURETILMIS_PROXY,/home/rakeyma/Tüm_çalışmalar/MOF Radyoaktif Gaz Adsorpsiyonu/data/processed/cif/pretrain_001194.cif,TAM
pretrain_001195,Ni-MOF-74-var00031,PROCEDURAL_FALLBACK,/home/rakeyma/Tüm_çalışmalar/MOF Radyoaktif Gaz Adsorpsiyonu/data/processed/cif/pretrain_001195.cif,NiCO,True,False,-0.7165544090443037,4.273726102620217,0.9013882108653424,2.2820938727298254e+26,4.813253033940384e+25,6.566429426165941,3.611536184391268,0.2109138932213513,18,3,14.0,0.8833333333333333,0.6273931958686053,0.3333333333333333,TURETILMIS_PROXY,/home/rakeyma/Tüm_çalışmalar/MOF Radyoaktif Gaz Adsorpsiyonu/data/processed/cif/pretrain_001195.cif,TAM
pretrain_001196,NU-1000-var00032,PROCEDURAL_FALLBACK,/home/rakeyma/Tüm_çalışmalar/MOF Radyoaktif Gaz Adsorpsiyonu/data/processed/cif/pretrain_001196.cif,Zr8(C8O9)11,False,False,-0.7372692131725593,3.616951104669744,0.847638466021515,3.31209961984411e+25,7.761960169852634e+24,15.381824903689338,8.460003697029137,0.2343516518448791,195,3,8.41025641025641,0.684102564102564,0.8649084729996964,0.041025641025641,TURETILMIS_PROXY,/home/rakeyma/Tüm_çalışmalar/MOF Radyoaktif Gaz Adsorpsiyonu/data/processed/cif/pretrain_001196.cif,TAM
pretrain_001197,MIL-53-var00033,PROCEDURAL_FALLBACK,/home/rakeyma/Tüm_çalışmalar/MOF Radyoaktif Gaz Adsorpsiyonu/data/processed/cif/pretrain_001197.cif,Al4C7O8,True,False,-0.8610126876990418,1.8821622804343128,0.7320259446335577,3.0129442073464064e+26,1.17181889810374e+26,5.604921093528314,3.082706601440573,0.3889281770457333,19,3,8.31578947368421,0.7736842105263156,0.7471873184743494,0.2105263157894736,TURETILMIS_PROXY,/home/rakeyma/Tüm_çalışmalar/MOF Radyoaktif Gaz Adsorpsiyonu/data/processed/cif/pretrain_001197.cif,TAM
pretrain_001198,MIL-101-var00034,PROCEDURAL_FALLBACK,/home/rakeyma/Tüm_çalışmalar/MOF Radyoaktif Gaz Adsorpsiyonu/data/processed/cif/pretrain_001198.cif,Cr,True,False,-0.6851281101291137,958.3121576826871,0.95,3.0079620923073755e+26,2.981871788626721e+23,40.0,22.0,0.0009913262524991,8,1,24.0,1.4,0.0,1.0,TURETILMIS_PROXY,/home/rakeyma/Tüm_çalışmalar/MOF Radyoaktif Gaz Adsorpsiyonu/data/processed/cif/pretrain_001198.cif,TAM
pretrain_001199,ZIF-67-var00035,PROCEDURAL_FALLBACK,/home/rakeyma/Tüm_çalışmalar/MOF Radyoaktif Gaz Adsorpsiyonu/data/processed/cif/pretrain_001199.cif,Co4(CN)7,False,False,-0.776357868328152,2.8605155003750222,0.8367318658597775,1.3186837585488066e+26,3.857293280266687e+25,15.37023733327722,8.453630533302471,0.2925108658736788,36,3,11.055555555555555,0.8249999999999998,0.4754646849837186,0.2222222222222222,TURETILMIS_PROXY,/home/rakeyma/Tüm_çalışmalar/MOF Radyoaktif Gaz Adsorpsiyonu/data/processed/cif/pretrain_001199.cif,TAM
pretrain_001200,HKUST-1-var00036,PROCEDURAL_FALLBACK,/home/rakeyma/Tüm_çalışmalar/MOF Radyoaktif Gaz Adsorpsiyonu/data/processed/cif/pretrain_001200.cif,Cu2C3O4,True,False,-0.5926017363956417,11.108082448899909,0.95,1.3772554339618232e+26,1.1778744605855073e+25,25.372087806634763,13.954648293649122,0.0855233119100663,36,3,12.0,0.8,0.6312421616675067,0.2222222222222222,TURETILMIS_PROXY,/home/rakeyma/Tüm_çalışmalar/MOF Radyoaktif Gaz Adsorpsiyonu/data/processed/cif/pretrain_001200.cif,TAM
pretrain_001201,MOF-5-var00037,PROCEDURAL_FALLBACK,/home/rakeyma/Tüm_çalışmalar/MOF Radyoaktif Gaz Adsorpsiyonu/data/processed/cif/pretrain_001201.cif,Zn8(C3O4)7,False,False,-0.5155328110297865,7.587761657880272,0.9324826312285804,1.0038144038102353e+26,1.2336174207027087e+25,24.5995217856875,13.529736982128126,0.1228929786243549,57,3,10.350877192982455,0.7421052631578947,0.7307682411149394,0.1403508771929824,TURETILMIS_PROXY,/home/rakeyma/Tüm_çalışmalar/MOF Radyoaktif Gaz Adsorpsiyonu/data/processed/cif/pretrain_001201.cif,TAM
pretrain_001202,IRMOF-3-var00038,PROCEDURAL_FALLBACK,/home/rakeyma/Tüm_çalışmalar/MOF Radyoaktif Gaz Adsorpsiyonu/data/processed/cif/pretrain_001202.cif,Zn8C12N17O12,False,True,-0.6250963872426407,8.903472324294205,0.9440984816575568,1.1329727684934305e+26,1.2013715902450435e+25,25.075032225164577,13.791267723840518,0.1060371108338788,49,4,10.755102040816327,0.7642857142857143,0.6679446084818711,0.1632653061224489,TURETILMIS_PROXY,/home/rakeyma/Tüm_çalışmalar/MOF Radyoaktif Gaz Adsorpsiyonu/data/processed/cif/pretrain_001202.cif,TAM
pretrain_001203,ZIF-8-var00039,PROCEDURAL_FALLBACK,/home/rakeyma/Tüm_çalışmalar/MOF Radyoaktif Gaz Adsorpsiyonu/data/processed/cif/pretrain_001203.cif,Zn4(CN)7,False,False,-0.7272750423353859,2.7650185586205445,0.8395787058039001,1.2459336932076002e+26,3.7831912353694473e+25,15.513791509610629,8.532585330285846,0.3036430635108512,36,3,11.72222222222222,0.8249999999999998,0.5756349151637308,0.2222222222222222,TURETILMIS_PROXY,/home/rakeyma/Tüm_çalışmalar/MOF Radyoaktif Gaz Adsorpsiyonu/data/processed/cif/pretrain_001203.cif,TAM
pretrain_001204,UiO-66-var00040,PROCEDURAL_FALLBACK,/home/rakeyma/Tüm_çalışmalar/MOF Radyoaktif Gaz Adsorpsiyonu/data/processed/cif/pretrain_001204.cif,Zr8C13O18,False,False,-0.666366375477712,4.302821997854687,0.90271502626989,1.0127950491687698e+26,2.124803930704634e+25,19.97432639937586,10.985879519656724,0.2097960423926363,39,3,13.897435897435898,0.8282051282051283,0.8649084729996964,0.2051282051282051,TURETILMIS_PROXY,/home/rakeyma/Tüm_çalışmalar/MOF Radyoaktif Gaz Adsorpsiyonu/data/processed/cif/pretrain_001204.cif,TAM
pretrain_001205,UiO-66-NH2-var00041,PROCEDURAL_FALLBACK,/home/rakeyma/Tüm_çalışmalar/MOF Radyoaktif Gaz Adsorpsiyonu/data/processed/cif/pretrain_001205.cif,Zr2C2(NO)3,False,True,-0.6730246799635925,4.014992533679672,0.8978106484133355,9.970744564609627e+25,2.229603309999608e+25,19.56730267555313,10.76201647155422,0.2236145250288939,40,4,13.7,0.825,0.7928114529949727,0.2,TURETILMIS_PROXY,/home/rakeyma/Tüm_çalışmalar/MOF Radyoaktif Gaz Adsorpsiyonu/data/processed/cif/pretrain_001205.cif,TAM
pretrain_001206,Mg-MOF-74-var00042,PROCEDURAL_FALLBACK,/home/rakeyma/Tüm_çalışmalar/MOF Radyoaktif Gaz Adsorpsiyonu/data/processed/cif/pretrain_001206.cif,Mg6C6O7,True,False,-0.6816808370154824,6.845241724339804,0.9131644277570494,3.645770656509846e+26,4.863506957610533e+25,6.6578799494023135,3.661833972171273,0.1334013413302976,19,3,8.631578947368421,0.9157894736842106,0.8734732712313271,0.3157894736842105,TURETILMIS_PROXY,/home/rakeyma/Tüm_çalışmalar/MOF Radyoaktif Gaz Adsorpsiyonu/data/processed/cif/pretrain_001206.cif,TAM
pretrain_001207,Ni-MOF-74-var00043,PROCEDURAL_FALLBACK,/home/rakeyma/Tüm_çalışmalar/MOF Radyoaktif Gaz Adsorpsiyonu/data/processed/cif/pretrain_001207.cif,Ni3C2O3,True,False,-0.6732823743933781,4.6211302209705885,0.9130220059803844,2.423451575020412e+26,4.788146000258625e+25,6.66928343982438,3.668105891903409,0.1975754766306108,16,3,15.0,0.90625,0.6273931958686053,0.375,TURETILMIS_PROXY,/home/rakeyma/Tüm_çalışmalar/MOF Radyoaktif Gaz Adsorpsiyonu/data/processed/cif/pretrain_001207.cif,TAM
pretrain_001208,NU-1000-var00044,PROCEDURAL_FALLBACK,/home/rakeyma/Tüm_çalışmalar/MOF Radyoaktif Gaz Adsorpsiyonu/data/processed/cif/pretrain_001208.cif,Zr8C91O97,False,False,-0.5567187427802776,3.4877408951471978,0.8418655406554348,3.285610724471878e+25,7.93075670497614e+24,15.411888252570233,8.476538538913628,0.2413784641590769,196,3,8.377551020408163,0.6852040816326531,0.8649084729996964,0.0408163265306122,TURETILMIS_PROXY,/home/rakeyma/Tüm_çalışmalar/MOF Radyoaktif Gaz Adsorpsiyonu/data/processed/cif/pretrain_001208.cif,TAM
pretrain_001209,MIL-53-var00045,PROCEDURAL_FALLBACK,/home/rakeyma/Tüm_çalışmalar/MOF Radyoaktif Gaz Adsorpsiyonu/data/processed/cif/pretrain_001209.cif,Al4C10O11,True,False,-1.0112843593114895,1.3184869398846328,0.6520726791156575,2.1256688351502184e+26,1.051273645812786e+26,5.331613811442455,2.9323875962933506,0.4945613486112449,25,3,8.0,0.7439999999999999,0.7471873184743494,0.16,TURETILMIS_PROXY,/home/rakeyma/Tüm_çalışmalar/MOF Radyoaktif Gaz Adsorpsiyonu/data/processed/cif/pretrain_001209.cif,TAM
pretrain_001210,MIL-101-var00046,PROCEDURAL_FALLBACK,/home/rakeyma/Tüm_çalışmalar/MOF Radyoaktif Gaz Adsorpsiyonu/data/processed/cif/pretrain_001210.cif,Cr,True,False,-0.7012493849582722,925.0403410698884,0.95,3.0079620923073755e+26,3.089123642312711e+23,40.0,22.0,0.001026982238311,8,1,24.0,1.4,0.0,1.0,TURETILMIS_PROXY,/home/rakeyma/Tüm_çalışmalar/MOF Radyoaktif Gaz Adsorpsiyonu/data/processed/cif/pretrain_001210.cif,TAM
pretrain_001211,ZIF-67-var00047,PROCEDURAL_FALLBACK,/home/rakeyma/Tüm_çalışmalar/MOF Radyoaktif Gaz Adsorpsiyonu/data/processed/cif/pretrain_001211.cif,Co2(CN)3,False,False,-0.6849114430928934,3.2675637507712065,0.8582626957094834,1.4424278840587955e+26,3.788700507669181e+25,15.793303258336993,8.686316792085346,0.2626613468541868,32,3,11.625,0.84375,0.4754646849837186,0.25,TURETILMIS_PROXY,/home/rakeyma/Tüm_çalışmalar/MOF Radyoaktif Gaz Adsorpsiyonu/data/processed/cif/pretrain_001211.cif,TAM
pretrain_001212,HKUST-1-var00048,PROCEDURAL_FALLBACK,/home/rakeyma/Tüm_çalışmalar/MOF Radyoaktif Gaz Adsorpsiyonu/data/processed/cif/pretrain_001212.cif,Cu8C3O4,True,False,-0.7433176315285777,17.853795075460567,0.95,2.0565797372057588e+26,1.0943055759785406e+25,26.00217459421369,14.301196026817532,0.0532099755813677,15,3,18.8,1.0199999999999998,0.6312421616675067,0.5333333333333333,TURETILMIS_PROXY,/home/rakeyma/Tüm_çalışmalar/MOF Radyoaktif Gaz Adsorpsiyonu/data/processed/cif/pretrain_001212.cif,TAM
pretrain_001213,MOF-5-var00049,PROCEDURAL_FALLBACK,/home/rakeyma/Tüm_çalışmalar/MOF Radyoaktif Gaz Adsorpsiyonu/data/processed/cif/pretrain_001213.cif,Zn8(C3O4)7,False,False,-0.4270205649020971,7.511167349612997,0.9318410577377048,1.0031237521137042e+26,1.2444828542658037e+25,24.51365664716073,13.4825111559384,0.1240607503953053,57,3,10.350877192982455,0.7421052631578947,0.7307682411149394,0.1403508771929824,TURETILMIS_PROXY,/home/rakeyma/Tüm_çalışmalar/MOF Radyoaktif Gaz Adsorpsiyonu/data/processed/cif/pretrain_001213.cif,TAM
pretrain_001214,IRMOF-3-var00050,PROCEDURAL_FALLBACK,/home/rakeyma/Tüm_çalışmalar/MOF Radyoaktif Gaz Adsorpsiyonu/data/processed/cif/pretrain_001214.cif,Zn4C6(N3O2)3,False,True,-0.5167835430423857,8.866426689524978,0.9436963999923644,1.1182192133223032e+26,1.1901744445270852e+25,25.144494632624887,13.829472047943687,0.1064348054788826,50,4,10.68,0.762,0.6679446084818711,0.16,TURETILMIS_PROXY,/home/rakeyma/Tüm_çalışmalar/MOF Radyoaktif Gaz Adsorpsiyonu/data/processed/cif/pretrain_001214.cif,TAM
pretrain_001215,ZIF-8-var00051,PROCEDURAL_FALLBACK,/home/rakeyma/Tüm_çalışmalar/MOF Radyoaktif Gaz Adsorpsiyonu/data/processed/cif/pretrain_001215.cif,Zn4(CN)7,False,False,-0.8054330609199367,2.923698193496735,0.8469528204848453,1.2568768696781955e+26,3.640989388521507e+25,15.828110766701773,8.705460921685976,0.2896854478238371,36,3,11.72222222222222,0.8249999999999998,0.5756349151637308,0.2222222222222222,TURETILMIS_PROXY,/home/rakeyma/Tüm_çalışmalar/MOF Radyoaktif Gaz Adsorpsiyonu/data/processed/cif/pretrain_001215.cif,TAM
pretrain_001216,UiO-66-var00052,PROCEDURAL_FALLBACK,/home/rakeyma/Tüm_çalışmalar/MOF Radyoaktif Gaz Adsorpsiyonu/data/processed/cif/pretrain_001216.cif,Zr4C7O9,False,False,-0.6683978930600765,4.270254061946927,0.900950673865172,1.0005783547624544e+26,2.111049436171329e+25,19.98500435382688,10.991752394604784,0.210982920640184,40,3,13.7,0.825,0.8649084729996964,0.2,TURETILMIS_PROXY,/home/rakeyma/Tüm_çalışmalar/MOF Radyoaktif Gaz Adsorpsiyonu/data/processed/cif/pretrain_001216.cif,TAM
pretrain_001217,UiO-66-NH2-var00053,PROCEDURAL_FALLBACK,/home/rakeyma/Tüm_çalışmalar/MOF Radyoaktif Gaz Adsorpsiyonu/data/processed/cif/pretrain_001217.cif,Zr2C2(NO)3,False,True,-0.6257491594945918,4.254871171376694,0.903013061509828,1.0028520591432633e+26,2.1283570564026813e+25,19.968697313327667,10.982783522330218,0.212230411953378,40,4,13.7,0.825,0.7928114529949727,0.2,TURETILMIS_PROXY,/home/rakeyma/Tüm_çalışmalar/MOF Radyoaktif Gaz Adsorpsiyonu/data/processed/cif/pretrain_001217.cif,TAM
pretrain_001218,Mg-MOF-74-var00054,PROCEDURAL_FALLBACK,/home/rakeyma/Tüm_çalışmalar/MOF Radyoaktif Gaz Adsorpsiyonu/data/processed/cif/pretrain_001218.cif,Mg6C6O7,True,False,-0.6027620643105974,6.5692517783113775,0.909845158273324,3.632518612390543e+26,5.031059218544407e+25,6.588175063963022,3.6234962851796624,0.1385005764700952,19,3,8.631578947368421,0.9157894736842106,0.8734732712313271,0.3157894736842105,TURETILMIS_PROXY,/home/rakeyma/Tüm_çalışmalar/MOF Radyoaktif Gaz Adsorpsiyonu/data/processed/cif/pretrain_001218.cif,TAM
pretrain_001219,Ni-MOF-74-var00055,PROCEDURAL_FALLBACK,/home/rakeyma/Tüm_çalışmalar/MOF Radyoaktif Gaz Adsorpsiyonu/data/processed/cif/pretrain_001219.cif,Ni3C2O3,True,False,-0.6254911244269812,4.585003302486637,0.9123967118311684,2.421791844936315e+26,4.8192657022974365e+25,6.647012602279676,3.655856931253822,0.1989958679716409,16,3,15.0,0.90625,0.6273931958686053,0.375,TURETILMIS_PROXY,/home/rakeyma/Tüm_çalışmalar/MOF Radyoaktif Gaz Adsorpsiyonu/data/processed/cif/pretrain_001219.cif,TAM
pretrain_001220,NU-1000-var00056,PROCEDURAL_FALLBACK,/home/rakeyma/Tüm_çalışmalar/MOF Radyoaktif Gaz Adsorpsiyonu/data/processed/cif/pretrain_001220.cif,Zr8C89O96,False,False,-0.6610733029019495,3.707303447918779,0.8502585490631723,3.3581916754158187e+25,7.70190846669974e+24,15.536781314765534,8.545229723121045,0.2293468989004647,193,3,8.404145077720207,0.6854922279792746,0.8649084729996964,0.0414507772020725,TURETILMIS_PROXY,/home/rakeyma/Tüm_çalışmalar/MOF Radyoaktif Gaz Adsorpsiyonu/data/processed/cif/pretrain_001220.cif,TAM
pretrain_001221,MIL-53-var00057,PROCEDURAL_FALLBACK,/home/rakeyma/Tüm_çalışmalar/MOF Radyoaktif Gaz Adsorpsiyonu/data/processed/cif/pretrain_001221.cif,Al4C14O17,True,False,-0.9575329486158646,0.850434439191262,0.5463822292406815,1.3130262551357162e+26,8.435855596521186e+25,4.892045309025704,2.690624919964137,0.6424742508784979,35,3,7.771428571428571,0.7142857142857144,0.7471873184743494,0.1142857142857142,TURETILMIS_PROXY,/home/rakeyma/Tüm_çalışmalar/MOF Radyoaktif Gaz Adsorpsiyonu/data/processed/cif/pretrain_001221.cif,TAM
pretrain_001222,MIL-101-var00058,PROCEDURAL_FALLBACK,/home/rakeyma/Tüm_çalışmalar/MOF Radyoaktif Gaz Adsorpsiyonu/data/processed/cif/pretrain_001222.cif,Cr,True,False,-0.6549181926675078,941.1609313122282,0.95,3.0079620923073755e+26,3.036211866240351e+23,40.0,22.0,0.0010093916655416,8,1,24.0,1.4,0.0,1.0,TURETILMIS_PROXY,/home/rakeyma/Tüm_çalışmalar/MOF Radyoaktif Gaz Adsorpsiyonu/data/processed/cif/pretrain_001222.cif,TAM
pretrain_001223,ZIF-67-var00059,PROCEDURAL_FALLBACK,/home/rakeyma/Tüm_çalışmalar/MOF Radyoaktif Gaz Adsorpsiyonu/data/processed/cif/pretrain_001223.cif,Co4(CN)7,False,False,-0.7541425405762096,3.076956952436876,0.8464531440313133,1.3340044271646329e+26,3.6697693824767913e+25,15.778863315744994,8.678374823659748,0.2750942431485571,36,3,11.055555555555555,0.8249999999999998,0.4754646849837186,0.2222222222222222,TURETILMIS_PROXY,/home/rakeyma/Tüm_çalışmalar/MOF Radyoaktif Gaz Adsorpsiyonu/data/processed/cif/pretrain_001223.cif,TAM
pretrain_001224,HKUST-1-var00060,PROCEDURAL_FALLBACK,/home/rakeyma/Tüm_çalışmalar/MOF Radyoaktif Gaz Adsorpsiyonu/data/processed/cif/pretrain_001224.cif,Cu4C3O4,True,False,-0.6201125475324677,15.285394151216105,0.95,1.7661914008162132e+26,1.0977026919792647e+25,25.97532346131108,14.286427903721094,0.0621508343587213,22,3,15.090909090909092,0.9000000000000002,0.6312421616675067,0.3636363636363636,TURETILMIS_PROXY,/home/rakeyma/Tüm_çalışmalar/MOF Radyoaktif Gaz Adsorpsiyonu/data/processed/cif/pretrain_001224.cif,TAM
pretrain_001225,MOF-5-var00061,PROCEDURAL_FALLBACK,/home/rakeyma/Tüm_çalışmalar/MOF Radyoaktif Gaz Adsorpsiyonu/data/processed/cif/pretrain_001225.cif,Zn4C11O14,False,False,-0.6212552230473978,7.75178787770255,0.9332894284251316,9.949159923792708e+25,1.1978457002539542e+25,24.859908874884077,13.67294988118624,0.1203966676009892,58,3,10.275862068965518,0.7413793103448276,0.7307682411149394,0.1379310344827586,TURETILMIS_PROXY,/home/rakeyma/Tüm_çalışmalar/MOF Radyoaktif Gaz Adsorpsiyonu/data/processed/cif/pretrain_001225.cif,TAM
pretrain_001226,IRMOF-3-var00062,PROCEDURAL_FALLBACK,/home/rakeyma/Tüm_çalışmalar/MOF Radyoaktif Gaz Adsorpsiyonu/data/processed/cif/pretrain_001226.cif,Zn2C3N4O3,False,True,-0.570664042383886,8.69839292093388,0.9430454039317062,1.1463389200055917e+26,1.2428153794451088e+25,24.77010413799369,13.623557275896534,0.1084160502409746,48,4,10.833333333333334,0.7666666666666666,0.6679446084818711,0.1666666666666666,TURETILMIS_PROXY,/home/rakeyma/Tüm_çalışmalar/MOF Radyoaktif Gaz Adsorpsiyonu/data/processed/cif/pretrain_001226.cif,TAM
pretrain_001227,ZIF-8-var00063,PROCEDURAL_FALLBACK,/home/rakeyma/Tüm_çalışmalar/MOF Radyoaktif Gaz Adsorpsiyonu/data/processed/cif/pretrain_001227.cif,Zn2(CN)3,False,False,-0.8008473015821763,3.079170975647794,0.8581277172048624,1.352773124743803e+26,3.770015119697174e+25,15.81727919457709,8.6995035570174,0.2786879078789478,32,3,12.375,0.84375,0.5756349151637308,0.25,TURETILMIS_PROXY,/home/rakeyma/Tüm_çalışmalar/MOF Radyoaktif Gaz Adsorpsiyonu/data/processed/cif/pretrain_001227.cif,TAM
pretrain_001228,UiO-66-var00064,PROCEDURAL_FALLBACK,/home/rakeyma/Tüm_çalışmalar/MOF Radyoaktif Gaz Adsorpsiyonu/data/processed/cif/pretrain_001228.cif,Zr8C16O21,False,False,-0.727228833813809,3.7752142128249706,0.8864849671442263,9.281481417742284e+25,2.1794508300232667e+25,19.50877458388065,10.72982602113436,0.2348171301466029,45,3,12.977777777777778,0.8044444444444446,0.8649084729996964,0.1777777777777777,TURETILMIS_PROXY,/home/rakeyma/Tüm_çalışmalar/MOF Radyoaktif Gaz Adsorpsiyonu/data/processed/cif/pretrain_001228.cif,TAM
pretrain_001229,UiO-66-NH2-var00065,PROCEDURAL_FALLBACK,/home/rakeyma/Tüm_çalışmalar/MOF Radyoaktif Gaz Adsorpsiyonu/data/processed/cif/pretrain_001229.cif,Zr8C7(NO)12,False,True,-0.6918670457345363,4.147734229187529,0.9019084754594684,1.011873078094044e+26,2.200278163437306e+25,19.72857559455012,10.850716577002569,0.2174460622652133,39,4,13.897435897435898,0.8282051282051283,0.7928114529949727,0.2051282051282051,TURETILMIS_PROXY,/home/rakeyma/Tüm_çalışmalar/MOF Radyoaktif Gaz Adsorpsiyonu/data/processed/cif/pretrain_001229.cif,TAM
pretrain_001230,Mg-MOF-74-var00066,PROCEDURAL_FALLBACK,/home/rakeyma/Tüm_çalışmalar/MOF Radyoaktif Gaz Adsorpsiyonu/data/processed/cif/pretrain_001230.cif,MgCO,True,False,-0.5144140542437091,6.747283543260023,0.9114040299902152,3.824213631443123e+26,5.165639909593554e+25,6.546489865683132,3.600569426125723,0.1350771794525564,18,3,8.666666666666666,0.9333333333333332,0.8734732712313271,0.3333333333333333,TURETILMIS_PROXY,/home/rakeyma/Tüm_çalışmalar/MOF Radyoaktif Gaz Adsorpsiyonu/data/processed/cif/pretrain_001230.cif,TAM
pretrain_001231,Ni-MOF-74-var00067,PROCEDURAL_FALLBACK,/home/rakeyma/Tüm_çalışmalar/MOF Radyoaktif Gaz Adsorpsiyonu/data/processed/cif/pretrain_001231.cif,Ni3C2O3,True,False,-0.5876213143826843,4.627661771825085,0.9131341041841544,2.4237491194023697e+26,4.7825621016372535e+25,6.690496608904884,3.679773134897687,0.1973208391641005,16,3,15.0,0.90625,0.6273931958686053,0.375,TURETILMIS_PROXY,/home/rakeyma/Tüm_çalışmalar/MOF Radyoaktif Gaz Adsorpsiyonu/data/processed/cif/pretrain_001231.cif,TAM
pretrain_001232,NU-1000-var00068,PROCEDURAL_FALLBACK,/home/rakeyma/Tüm_çalışmalar/MOF Radyoaktif Gaz Adsorpsiyonu/data/processed/cif/pretrain_001232.cif,Zr8(C31O34)3,False,False,-0.7719453682853599,3.4646501199885518,0.8409243907554034,3.183803452960417e+25,7.727585430688555e+24,15.212920098943432,8.367106054418889,0.2427155301783206,203,3,8.344827586206897,0.6832512315270935,0.8649084729996964,0.0394088669950738,TURETILMIS_PROXY,/home/rakeyma/Tüm_çalışmalar/MOF Radyoaktif Gaz Adsorpsiyonu/data/processed/cif/pretrain_001232.cif,TAM
pretrain_001233,MIL-53-var00069,PROCEDURAL_FALLBACK,/home/rakeyma/Tüm_çalışmalar/MOF Radyoaktif Gaz Adsorpsiyonu/data/processed/cif/pretrain_001233.cif,Al4C9O10,True,False,-0.9087944430834624,1.5451378028074798,0.6884010783513237,2.4112608940400896e+26,1.0742825634241476e+26,5.557022002479302,3.056362101363616,0.4455273031962035,23,3,8.08695652173913,0.7521739130434781,0.7471873184743494,0.1739130434782608,TURETILMIS_PROXY,/home/rakeyma/Tüm_çalışmalar/MOF Radyoaktif Gaz Adsorpsiyonu/data/processed/cif/pretrain_001233.cif,TAM
pretrain_001234,MIL-101-var00070,PROCEDURAL_FALLBACK,/home/rakeyma/Tüm_çalışmalar/MOF Radyoaktif Gaz Adsorpsiyonu/data/processed/cif/pretrain_001234.cif,Cr,True,False,-0.7182477261941262,937.9841773333352,0.95,3.0079620923073755e+26,3.046494873523333e+23,40.0,22.0,0.0010128102615769,8,1,24.0,1.4,0.0,1.0,TURETILMIS_PROXY,/home/rakeyma/Tüm_çalışmalar/MOF Radyoaktif Gaz Adsorpsiyonu/data/processed/cif/pretrain_001234.cif,TAM
pretrain_001235,ZIF-67-var00071,PROCEDURAL_FALLBACK,/home/rakeyma/Tüm_çalışmalar/MOF Radyoaktif Gaz Adsorpsiyonu/data/processed/cif/pretrain_001235.cif,Co2(CN)3,False,False,-0.8558023200138737,3.224432124036336,0.8566385522667382,1.439698288794737e+26,3.824862829707145e+25,15.718542044819424,8.645198124650683,0.2656711381458389,32,3,11.625,0.84375,0.4754646849837186,0.25,TURETILMIS_PROXY,/home/rakeyma/Tüm_çalışmalar/MOF Radyoaktif Gaz Adsorpsiyonu/data/processed/cif/pretrain_001235.cif,TAM
pretrain_001236,HKUST-1-var00072,PROCEDURAL_FALLBACK,/home/rakeyma/Tüm_çalışmalar/MOF Radyoaktif Gaz Adsorpsiyonu/data/processed/cif/pretrain_001236.cif,Cu8(C3O4)3,True,False,-0.6446397960927411,12.720534572774534,0.95,1.5476620614533388e+26,1.1558311091166528e+25,25.532367159740048,14.042801937857028,0.0746823959767589,29,3,13.172413793103448,0.8379310344827587,0.6312421616675067,0.2758620689655172,TURETILMIS_PROXY,/home/rakeyma/Tüm_çalışmalar/MOF Radyoaktif Gaz Adsorpsiyonu/data/processed/cif/pretrain_001236.cif,TAM
pretrain_001237,MOF-5-var00073,PROCEDURAL_FALLBACK,/home/rakeyma/Tüm_çalışmalar/MOF Radyoaktif Gaz Adsorpsiyonu/data/processed/cif/pretrain_001237.cif,Zn8C18O23,False,False,-0.5923727765327971,8.389614535279621,0.9402227669816274,1.1181905889833172e+26,1.253154415099322e+25,24.64016676755542,13.552091722155485,0.1120698409954171,49,3,10.857142857142858,0.7591836734693876,0.7307682411149394,0.1632653061224489,TURETILMIS_PROXY,/home/rakeyma/Tüm_çalışmalar/MOF Radyoaktif Gaz Adsorpsiyonu/data/processed/cif/pretrain_001237.cif,TAM
pretrain_001238,IRMOF-3-var00074,PROCEDURAL_FALLBACK,/home/rakeyma/Tüm_çalışmalar/MOF Radyoaktif Gaz Adsorpsiyonu/data/processed/cif/pretrain_001238.cif,Zn4C6(N3O2)3,False,True,-0.4776182266096537,8.809055139736797,0.9433504793395006,1.1178093197163504e+26,1.1970477433021116e+25,25.088610415848976,13.798735728716938,0.1070887245425604,50,4,10.68,0.762,0.6679446084818711,0.16,TURETILMIS_PROXY,/home/rakeyma/Tüm_çalışmalar/MOF Radyoaktif Gaz Adsorpsiyonu/data/processed/cif/pretrain_001238.cif,TAM
pretrain_001239,ZIF-8-var00075,PROCEDURAL_FALLBACK,/home/rakeyma/Tüm_çalışmalar/MOF Radyoaktif Gaz Adsorpsiyonu/data/processed/cif/pretrain_001239.cif,Zn4(CN)7,False,False,-0.6662601754611045,2.713262454214137,0.8370173715221403,1.2421326765082109e+26,3.8318689972577537e+25,15.408536030464678,8.474694816755573,0.3084911193246774,36,3,11.72222222222222,0.8249999999999998,0.5756349151637308,0.2222222222222222,TURETILMIS_PROXY,/home/rakeyma/Tüm_çalışmalar/MOF Radyoaktif Gaz Adsorpsiyonu/data/processed/cif/pretrain_001239.cif,TAM
pretrain_001240,UiO-66-var00076,PROCEDURAL_FALLBACK,/home/rakeyma/Tüm_çalışmalar/MOF Radyoaktif Gaz Adsorpsiyonu/data/processed/cif/pretrain_001240.cif,Zr4C7O9,False,False,-0.7022508536798219,4.202854079917499,0.899521849948295,9.989915306160665e+25,2.1381058980760105e+25,19.87404322803437,10.930723775418906,0.2140264289085079,40,3,13.7,0.825,0.8649084729996964,0.2,TURETILMIS_PROXY,/home/rakeyma/Tüm_çalışmalar/MOF Radyoaktif Gaz Adsorpsiyonu/data/processed/cif/pretrain_001240.cif,TAM
pretrain_001241,UiO-66-NH2-var00077,PROCEDURAL_FALLBACK,/home/rakeyma/Tüm_çalışmalar/MOF Radyoaktif Gaz Adsorpsiyonu/data/processed/cif/pretrain_001241.cif,Zr4C5(NO)7,False,True,-0.7002999652729675,3.963570170699176,0.8929811755023794,9.260904983126247e+25,2.086455761319124e+25,19.91521790312433,10.95336984671838,0.2252971783125658,46,4,12.826086956521738,0.8021739130434784,0.7928114529949727,0.1739130434782608,TURETILMIS_PROXY,/home/rakeyma/Tüm_çalışmalar/MOF Radyoaktif Gaz Adsorpsiyonu/data/processed/cif/pretrain_001241.cif,TAM
pretrain_001242,Mg-MOF-74-var00078,PROCEDURAL_FALLBACK,/home/rakeyma/Tüm_çalışmalar/MOF Radyoaktif Gaz Adsorpsiyonu/data/processed/cif/pretrain_001242.cif,Mg6C3O4,True,False,-0.5877524768841119,8.96022596606119,0.9358603216054606,5.01340971191417e+26,5.236309042989925e+25,6.55609510755796,3.6058523091568784,0.1044460625379578,13,3,9.384615384615383,1.0384615384615383,0.8734732712313271,0.4615384615384615,TURETILMIS_PROXY,/home/rakeyma/Tüm_çalışmalar/MOF Radyoaktif Gaz Adsorpsiyonu/data/processed/cif/pretrain_001242.cif,TAM
pretrain_001243,Ni-MOF-74-var00079,PROCEDURAL_FALLBACK,/home/rakeyma/Tüm_çalışmalar/MOF Radyoaktif Gaz Adsorpsiyonu/data/processed/cif/pretrain_001243.cif,Ni6C4O5,True,False,-0.566008321138939,4.50955624882166,0.9117577723538068,2.5007291031062704e+26,5.056061107795877e+25,6.6406364789353765,3.6523500634144574,0.2021834792707259,15,3,15.466666666666669,0.9266666666666664,0.6273931958686053,0.4,TURETILMIS_PROXY,/home/rakeyma/Tüm_çalışmalar/MOF Radyoaktif Gaz Adsorpsiyonu/data/processed/cif/pretrain_001243.cif,TAM
pretrain_001244,NU-1000-var00080,PROCEDURAL_FALLBACK,/home/rakeyma/Tüm_çalışmalar/MOF Radyoaktif Gaz Adsorpsiyonu/data/processed/cif/pretrain_001244.cif,ZrC11O12,False,False,-0.6965213516056254,3.551247503649688,0.8449755365001699,3.349389479394928e+25,7.969459096813585e+24,15.525582472195696,8.539070359707633,0.2379376643367638,192,3,8.416666666666666,0.6854166666666665,0.8649084729996964,0.0416666666666666,TURETILMIS_PROXY,/home/rakeyma/Tüm_çalışmalar/MOF Radyoaktif Gaz Adsorpsiyonu/data/processed/cif/pretrain_001244.cif,TAM
pretrain_001245,MIL-53-var00081,PROCEDURAL_FALLBACK,/home/rakeyma/Tüm_çalışmalar/MOF Radyoaktif Gaz Adsorpsiyonu/data/processed/cif/pretrain_001245.cif,Al2C3O4,True,False,-0.7956492541296072,2.075623192905929,0.7544265363385316,3.226235901537588e+26,1.172639612491714e+26,5.718958298171678,3.1454270639944237,0.3634698913160216,18,3,8.444444444444445,0.7777777777777777,0.7471873184743494,0.2222222222222222,TURETILMIS_PROXY,/home/rakeyma/Tüm_çalışmalar/MOF Radyoaktif Gaz Adsorpsiyonu/data/processed/cif/pretrain_001245.cif,TAM
pretrain_001246,MIL-101-var00082,PROCEDURAL_FALLBACK,/home/rakeyma/Tüm_çalışmalar/MOF Radyoaktif Gaz Adsorpsiyonu/data/processed/cif/pretrain_001246.cif,Cr,True,False,-0.7417928746171788,979.0657359224052,0.95,3.0079620923073755e+26,2.9186640721318017e+23,40.0,22.0,0.0009703127840593,8,1,24.0,1.4,0.0,1.0,TURETILMIS_PROXY,/home/rakeyma/Tüm_çalışmalar/MOF Radyoaktif Gaz Adsorpsiyonu/data/processed/cif/pretrain_001246.cif,TAM
pretrain_001247,ZIF-67-var00083,PROCEDURAL_FALLBACK,/home/rakeyma/Tüm_çalışmalar/MOF Radyoaktif Gaz Adsorpsiyonu/data/processed/cif/pretrain_001247.cif,Co4(CN)7,False,False,-0.718999966656496,2.90321275182553,0.8387458352364615,1.3218577606582147e+26,3.818881998330726e+25,15.452524373488531,8.498888405418693,0.2889026423258374,36,3,11.055555555555555,0.8249999999999998,0.4754646849837186,0.2222222222222222,TURETILMIS_PROXY,/home/rakeyma/Tüm_çalışmalar/MOF Radyoaktif Gaz Adsorpsiyonu/data/processed/cif/pretrain_001247.cif,TAM
pretrain_001248,HKUST-1-var00084,PROCEDURAL_FALLBACK,/home/rakeyma/Tüm_çalışmalar/MOF Radyoaktif Gaz Adsorpsiyonu/data/processed/cif/pretrain_001248.cif,Cu4C3O4,True,False,-0.6521463746008943,14.32236946897576,0.95,1.7661914008162132e+26,1.171511344131938e+25,25.41794143250824,13.979867787879533,0.0663298068142866,22,3,15.090909090909092,0.9000000000000002,0.6312421616675067,0.3636363636363636,TURETILMIS_PROXY,/home/rakeyma/Tüm_çalışmalar/MOF Radyoaktif Gaz Adsorpsiyonu/data/processed/cif/pretrain_001248.cif,TAM
pretrain_001249,MOF-5-var00085,PROCEDURAL_FALLBACK,/home/rakeyma/Tüm_çalışmalar/MOF Radyoaktif Gaz Adsorpsiyonu/data/processed/cif/pretrain_001249.cif,Zn4(C3O4)3,False,False,-0.6717830540816069,8.529990663760243,0.9411185978087314,1.1033163161163456e+26,1.2172950068683634e+25,24.899534003316475,13.694743701824065,0.1103305542650924,50,3,10.8,0.7560000000000001,0.7307682411149394,0.16,TURETILMIS_PROXY,/home/rakeyma/Tüm_çalışmalar/MOF Radyoaktif Gaz Adsorpsiyonu/data/processed/cif/pretrain_001249.cif,TAM
pretrain_001250,IRMOF-3-var00086,PROCEDURAL_FALLBACK,/home/rakeyma/Tüm_çalışmalar/MOF Radyoaktif Gaz Adsorpsiyonu/data/processed/cif/pretrain_001250.cif,Zn8C14(N4O3)5,False,True,-0.5824682546423884,7.828788099111347,0.9351147277725094,1.0165627997215562e+26,1.2142401016489218e+25,24.78784432501582,13.6333143787587,0.1194456556920547,57,4,10.24561403508772,0.7473684210526316,0.6679446084818711,0.1403508771929824,TURETILMIS_PROXY,/home/rakeyma/Tüm_çalışmalar/MOF Radyoaktif Gaz Adsorpsiyonu/data/processed/cif/pretrain_001250.cif,TAM
pretrain_001251,ZIF-8-var00087,PROCEDURAL_FALLBACK,/home/rakeyma/Tüm_çalışmalar/MOF Radyoaktif Gaz Adsorpsiyonu/data/processed/cif/pretrain_001251.cif,Zn2(CN)3,False,False,-0.7384812157416827,3.140851504745333,0.8605252350802257,1.3565526294525528e+26,3.716660175097986e+25,15.92960207641242,8.761281142026832,0.2739783252344491,32,3,12.375,0.84375,0.5756349151637308,0.25,TURETILMIS_PROXY,/home/rakeyma/Tüm_çalışmalar/MOF Radyoaktif Gaz Adsorpsiyonu/data/processed/cif/pretrain_001251.cif,TAM
pretrain_001252,UiO-66-var00088,PROCEDURAL_FALLBACK,/home/rakeyma/Tüm_çalışmalar/MOF Radyoaktif Gaz Adsorpsiyonu/data/processed/cif/pretrain_001252.cif,Zr8C16O21,False,False,-0.5880021653527241,3.7625067570477566,0.8861452326822705,9.277924404129555e+25,2.1851358710534125e+25,19.48561610508825,10.717088857798538,0.2355199046546251,45,3,12.977777777777778,0.8044444444444446,0.8649084729996964,0.1777777777777777,TURETILMIS_PROXY,/home/rakeyma/Tüm_çalışmalar/MOF Radyoaktif Gaz Adsorpsiyonu/data/processed/cif/pretrain_001252.cif,TAM
pretrain_001253,UiO-66-NH2-var00089,PROCEDURAL_FALLBACK,/home/rakeyma/Tüm_çalışmalar/MOF Radyoaktif Gaz Adsorpsiyonu/data/processed/cif/pretrain_001253.cif,Zr8C9(NO)14,False,True,-0.6181822009233447,4.012036885417584,0.8951978212726907,9.372532731655793e+25,2.091274612075747e+25,19.9410655808515,10.967586069468323,0.2231280137344789,45,4,12.977777777777778,0.8044444444444446,0.7928114529949727,0.1777777777777777,TURETILMIS_PROXY,/home/rakeyma/Tüm_çalışmalar/MOF Radyoaktif Gaz Adsorpsiyonu/data/processed/cif/pretrain_001253.cif,TAM
pretrain_001254,Mg-MOF-74-var00090,PROCEDURAL_FALLBACK,/home/rakeyma/Tüm_çalışmalar/MOF Radyoaktif Gaz Adsorpsiyonu/data/processed/cif/pretrain_001254.cif,Mg2C2O3,True,False,-0.5998230141075106,5.817627266266968,0.900566586253927,3.277556580393645e+26,5.073645673338587e+25,6.5214505875257744,3.586797823139176,0.154799636524634,21,3,8.571428571428571,0.8857142857142858,0.8734732712313271,0.2857142857142857,TURETILMIS_PROXY,/home/rakeyma/Tüm_çalışmalar/MOF Radyoaktif Gaz Adsorpsiyonu/data/processed/cif/pretrain_001254.cif,TAM
pretrain_001255,Ni-MOF-74-var00091,PROCEDURAL_FALLBACK,/home/rakeyma/Tüm_çalışmalar/MOF Radyoaktif Gaz Adsorpsiyonu/data/processed/cif/pretrain_001255.cif,Ni6C3O4,True,False,-0.6414167668413735,4.937414989236867,0.9222093440297504,2.6860740375996928e+26,5.017043496708432e+25,6.4800164762608485,3.564009061943467,0.1867797918627634,13,3,16.76923076923077,0.9692307692307692,0.6273931958686053,0.4615384615384615,TURETILMIS_PROXY,/home/rakeyma/Tüm_çalışmalar/MOF Radyoaktif Gaz Adsorpsiyonu/data/processed/cif/pretrain_001255.cif,TAM
pretrain_001256,NU-1000-var00092,PROCEDURAL_FALLBACK,/home/rakeyma/Tüm_çalışmalar/MOF Radyoaktif Gaz Adsorpsiyonu/data/processed/cif/pretrain_001256.cif,Zr8C89O97,False,False,-0.6890090072731873,3.5615872599553384,0.8451762372490969,3.322179123603331e+25,7.883639080598505e+24,15.574813844630729,8.566147614546901,0.237303251488971,194,3,8.402061855670103,0.6850515463917525,0.8649084729996964,0.0412371134020618,TURETILMIS_PROXY,/home/rakeyma/Tüm_çalışmalar/MOF Radyoaktif Gaz Adsorpsiyonu/data/processed/cif/pretrain_001256.cif,TAM
pretrain_001257,MIL-53-var00093,PROCEDURAL_FALLBACK,/home/rakeyma/Tüm_çalışmalar/MOF Radyoaktif Gaz Adsorpsiyonu/data/processed/cif/pretrain_001257.cif,Al4C12O13,True,False,-0.839497461941416,1.1598783523210905,0.6202195532226558,1.7756321239665152e+26,9.494804006044924e+25,5.185952475069767,2.852273861288372,0.5347281048753979,29,3,7.862068965517241,0.7310344827586207,0.7471873184743494,0.1379310344827586,TURETILMIS_PROXY,/home/rakeyma/Tüm_çalışmalar/MOF Radyoaktif Gaz Adsorpsiyonu/data/processed/cif/pretrain_001257.cif,TAM
pretrain_001258,MIL-101-var00094,PROCEDURAL_FALLBACK,/home/rakeyma/Tüm_çalışmalar/MOF Radyoaktif Gaz Adsorpsiyonu/data/processed/cif/pretrain_001258.cif,Cr,True,False,-0.7704319648537301,991.7047889110816,0.95,3.0079620923073755e+26,2.881466359388753e+23,40.0,22.0,0.0009579463673288,8,1,24.0,1.4,0.0,1.0,TURETILMIS_PROXY,/home/rakeyma/Tüm_çalışmalar/MOF Radyoaktif Gaz Adsorpsiyonu/data/processed/cif/pretrain_001258.cif,TAM
pretrain_001259,ZIF-67-var00095,PROCEDURAL_FALLBACK,/home/rakeyma/Tüm_çalışmalar/MOF Radyoaktif Gaz Adsorpsiyonu/data/processed/cif/pretrain_001259.cif,Co4(CN)7,False,False,-0.6625516169222234,2.905291231100473,0.8388426067305641,1.3220102718780814e+26,3.817030563805947e+25,15.456508303550056,8.501079566952532,0.2887292667085995,36,3,11.055555555555555,0.8249999999999998,0.4754646849837186,0.2222222222222222,TURETILMIS_PROXY,/home/rakeyma/Tüm_çalışmalar/MOF Radyoaktif Gaz Adsorpsiyonu/data/processed/cif/pretrain_001259.cif,TAM
pretrain_001260,HKUST-1-var00096,PROCEDURAL_FALLBACK,/home/rakeyma/Tüm_çalışmalar/MOF Radyoaktif Gaz Adsorpsiyonu/data/processed/cif/pretrain_001260.cif,Cu,True,False,-0.948271459625879,21.450216566462394,0.95,2.4612453615935463e+26,1.0900510427338245e+25,26.035960015002694,14.319778008251484,0.0442885971363726,8,1,29.0,1.35,0.0,1.0,TURETILMIS_PROXY,/home/rakeyma/Tüm_çalışmalar/MOF Radyoaktif Gaz Adsorpsiyonu/data/processed/cif/pretrain_001260.cif,TAM
pretrain_001261,MOF-5-var00097,PROCEDURAL_FALLBACK,/home/rakeyma/Tüm_çalışmalar/MOF Radyoaktif Gaz Adsorpsiyonu/data/processed/cif/pretrain_001261.cif,Zn8(C3O4)7,False,False,-0.5557199501867804,7.882235843092073,0.9348406698314016,1.0063528244038004e+26,1.1935440237770396e+25,24.924209160502308,13.70831503827627,0.1186009513595927,57,3,10.350877192982455,0.7421052631578947,0.7307682411149394,0.1403508771929824,TURETILMIS_PROXY,/home/rakeyma/Tüm_çalışmalar/MOF Radyoaktif Gaz Adsorpsiyonu/data/processed/cif/pretrain_001261.cif,TAM
pretrain_001262,IRMOF-3-var00098,PROCEDURAL_FALLBACK,/home/rakeyma/Tüm_çalışmalar/MOF Radyoaktif Gaz Adsorpsiyonu/data/processed/cif/pretrain_001262.cif,Zn4C6(N3O2)3,False,True,-0.714102676048758,8.691469222246086,0.9426280444504712,1.1169532810864546e+26,1.2113849340893996e+25,24.973290978271077,13.735310038049091,0.1084543959538837,50,4,10.68,0.762,0.6679446084818711,0.16,TURETILMIS_PROXY,/home/rakeyma/Tüm_çalışmalar/MOF Radyoaktif Gaz Adsorpsiyonu/data/processed/cif/pretrain_001262.cif,TAM
pretrain_001263,ZIF-8-var00099,PROCEDURAL_FALLBACK,/home/rakeyma/Tüm_çalışmalar/MOF Radyoaktif Gaz Adsorpsiyonu/data/processed/cif/pretrain_001263.cif,Zn2(CN)3,False,False,-0.8747755900798581,2.955491610577154,0.8530631045961138,1.3447891478986428e+26,3.881553922968346e+25,15.587218650763916,8.572970257920156,0.288636618538574,32,3,12.375,0.84375,0.5756349151637308,0.25,TURETILMIS_PROXY,/home/rakeyma/Tüm_çalışmalar/MOF Radyoaktif Gaz Adsorpsiyonu/data/processed/cif/pretrain_001263.cif,TAM
pretrain_001264,UiO-66-var00100,PROCEDURAL_FALLBACK,/home/rakeyma/Tüm_çalışmalar/MOF Radyoaktif Gaz Adsorpsiyonu/data/processed/cif/pretrain_001264.cif,Zr4C7O9,False,False,-0.7023448021566278,4.129886538484737,0.8979277900502394,9.972211985918428e+25,2.1681773063222216e+25,19.75251721112435,10.863884466118392,0.2174219029222266,40,3,13.7,0.825,0.8649084729996964,0.2,TURETILMIS_PROXY,/home/rakeyma/Tüm_çalışmalar/MOF Radyoaktif Gaz Adsorpsiyonu/data/processed/cif/pretrain_001264.cif,TAM
pretrain_001265,UiO-66-NH2-var00101,PROCEDURAL_FALLBACK,/home/rakeyma/Tüm_çalışmalar/MOF Radyoaktif Gaz Adsorpsiyonu/data/processed/cif/pretrain_001265.cif,Zr8C7(NO)12,False,True,-0.751006987852061,4.039338823207866,0.8995406326811376,1.0092165376293016e+26,2.247474951978327e+25,19.54663053622449,10.75064679492347,0.222695018182892,39,4,13.897435897435898,0.8282051282051283,0.7928114529949727,0.2051282051282051,TURETILMIS_PROXY,/home/rakeyma/Tüm_çalışmalar/MOF Radyoaktif Gaz Adsorpsiyonu/data/processed/cif/pretrain_001265.cif,TAM
pretrain_001266,Mg-MOF-74-var00102,PROCEDURAL_FALLBACK,/home/rakeyma/Tüm_çalışmalar/MOF Radyoaktif Gaz Adsorpsiyonu/data/processed/cif/pretrain_001266.cif,Mg6C6O7,True,False,-0.5765398485288972,6.437902513726924,0.9081746766872094,3.625849284760408e+26,5.11487164473629e+25,6.586751596716727,3.6227133781942,0.1410668575286431,19,3,8.631578947368421,0.9157894736842106,0.8734732712313271,0.3157894736842105,TURETILMIS_PROXY,/home/rakeyma/Tüm_çalışmalar/MOF Radyoaktif Gaz Adsorpsiyonu/data/processed/cif/pretrain_001266.cif,TAM
pretrain_001267,Ni-MOF-74-var00103,PROCEDURAL_FALLBACK,/home/rakeyma/Tüm_çalışmalar/MOF Radyoaktif Gaz Adsorpsiyonu/data/processed/cif/pretrain_001267.cif,Ni3(CO)2,True,False,-0.5077890233405272,4.89663587001054,0.9188587054504906,2.607068009099281e+26,4.892189657257886e+25,6.585551416011565,3.622053278806361,0.1876510179321365,14,3,16.0,0.9499999999999998,0.6273931958686053,0.4285714285714285,TURETILMIS_PROXY,/home/rakeyma/Tüm_çalışmalar/MOF Radyoaktif Gaz Adsorpsiyonu/data/processed/cif/pretrain_001267.cif,TAM
pretrain_001268,NU-1000-var00104,PROCEDURAL_FALLBACK,/home/rakeyma/Tüm_çalışmalar/MOF Radyoaktif Gaz Adsorpsiyonu/data/processed/cif/pretrain_001268.cif,Zr8C89O97,False,False,-0.7309318842331575,3.5039891835819827,0.8430307484290505,3.3137457367500965e+25,7.972597522975908e+24,15.246157846725067,8.385386815698789,0.2405917096945074,194,3,8.402061855670103,0.6850515463917525,0.8649084729996964,0.0412371134020618,TURETILMIS_PROXY,/home/rakeyma/Tüm_çalışmalar/MOF Radyoaktif Gaz Adsorpsiyonu/data/processed/cif/pretrain_001268.cif,TAM
pretrain_001269,MIL-53-var00105,PROCEDURAL_FALLBACK,/home/rakeyma/Tüm_çalışmalar/MOF Radyoaktif Gaz Adsorpsiyonu/data/processed/cif/pretrain_001269.cif,Al4C10O11,True,False,-0.9366284812030504,1.3223677212357956,0.6527391714270516,2.1278415100384213e+26,1.050332280413325e+26,5.351592589406272,2.9433759241734494,0.4936139630034568,25,3,8.0,0.7439999999999999,0.7471873184743494,0.16,TURETILMIS_PROXY,/home/rakeyma/Tüm_çalışmalar/MOF Radyoaktif Gaz Adsorpsiyonu/data/processed/cif/pretrain_001269.cif,TAM
pretrain_001270,MIL-101-var00106,PROCEDURAL_FALLBACK,/home/rakeyma/Tüm_çalışmalar/MOF Radyoaktif Gaz Adsorpsiyonu/data/processed/cif/pretrain_001270.cif,Cr,True,False,-0.7535676843148241,960.5533290090998,0.95,3.0079620923073755e+26,2.974914459606162e+23,40.0,22.0,0.0009890132815218,8,1,24.0,1.4,0.0,1.0,TURETILMIS_PROXY,/home/rakeyma/Tüm_çalışmalar/MOF Radyoaktif Gaz Adsorpsiyonu/data/processed/cif/pretrain_001270.cif,TAM
pretrain_001271,ZIF-67-var00107,PROCEDURAL_FALLBACK,/home/rakeyma/Tüm_çalışmalar/MOF Radyoaktif Gaz Adsorpsiyonu/data/processed/cif/pretrain_001271.cif,Co4(CN)7,False,False,-0.6669997926074831,2.955830004239626,0.8411603978440515,1.325663094988773e+26,3.772528510734792e+25,15.552768499199424,8.554022674559684,0.2845767167386326,36,3,11.055555555555555,0.8249999999999998,0.4754646849837186,0.2222222222222222,TURETILMIS_PROXY,/home/rakeyma/Tüm_çalışmalar/MOF Radyoaktif Gaz Adsorpsiyonu/data/processed/cif/pretrain_001271.cif,TAM
pretrain_001272,HKUST-1-var00108,PROCEDURAL_FALLBACK,/home/rakeyma/Tüm_çalışmalar/MOF Radyoaktif Gaz Adsorpsiyonu/data/processed/cif/pretrain_001272.cif,Cu2C3O4,True,False,-0.6041124852724608,11.17944198314591,0.95,1.3772554339618232e+26,1.1703559660994355e+25,25.426302897873708,13.98446659383054,0.0849774077661673,36,3,12.0,0.8,0.6312421616675067,0.2222222222222222,TURETILMIS_PROXY,/home/rakeyma/Tüm_çalışmalar/MOF Radyoaktif Gaz Adsorpsiyonu/data/processed/cif/pretrain_001272.cif,TAM
pretrain_001273,MOF-5-var00109,PROCEDURAL_FALLBACK,/home/rakeyma/Tüm_çalışmalar/MOF Radyoaktif Gaz Adsorpsiyonu/data/processed/cif/pretrain_001273.cif,Zn4C9O11,False,False,-0.5992604932654353,8.733281218852106,0.942469944295685,1.1372936592493325e+26,1.2273337647329751e+25,24.861170200201684,13.673643610110927,0.1079170498095516,48,3,10.916666666666666,0.7624999999999998,0.7307682411149394,0.1666666666666666,TURETILMIS_PROXY,/home/rakeyma/Tüm_çalışmalar/MOF Radyoaktif Gaz Adsorpsiyonu/data/processed/cif/pretrain_001273.cif,TAM
pretrain_001274,IRMOF-3-var00110,PROCEDURAL_FALLBACK,/home/rakeyma/Tüm_çalışmalar/MOF Radyoaktif Gaz Adsorpsiyonu/data/processed/cif/pretrain_001274.cif,Zn4C7N10O7,False,True,-0.5254991976219108,7.875619490657736,0.9354912335451332,1.030581716965394e+26,1.224157874585813e+25,24.729015566223374,13.60095856142286,0.1187831934560623,56,4,10.285714285714286,0.75,0.6679446084818711,0.1428571428571428,TURETILMIS_PROXY,/home/rakeyma/Tüm_çalışmalar/MOF Radyoaktif Gaz Adsorpsiyonu/data/processed/cif/pretrain_001274.cif,TAM
pretrain_001275,ZIF-8-var00111,PROCEDURAL_FALLBACK,/home/rakeyma/Tüm_çalışmalar/MOF Radyoaktif Gaz Adsorpsiyonu/data/processed/cif/pretrain_001275.cif,Zn4(CN)7,False,False,-0.6692870068231863,2.89777405506796,0.8457947629561959,1.2551583138315045e+26,3.663523478177869e+25,15.777591341457985,8.67767523780189,0.2918774020621011,36,3,11.72222222222222,0.8249999999999998,0.5756349151637308,0.2222222222222222,TURETILMIS_PROXY,/home/rakeyma/Tüm_çalışmalar/MOF Radyoaktif Gaz Adsorpsiyonu/data/processed/cif/pretrain_001275.cif,TAM
pretrain_001276,UiO-66-var00112,PROCEDURAL_FALLBACK,/home/rakeyma/Tüm_çalışmalar/MOF Radyoaktif Gaz Adsorpsiyonu/data/processed/cif/pretrain_001276.cif,Zr8(C5O7)3,False,False,-0.7631984172642954,3.821007711272333,0.8887842532058785,9.395259250321468e+25,2.185381215494081e+25,19.533231359394613,10.743277247667038,0.2326046740455093,44,3,13.136363636363637,0.806818181818182,0.8649084729996964,0.1818181818181818,TURETILMIS_PROXY,/home/rakeyma/Tüm_çalışmalar/MOF Radyoaktif Gaz Adsorpsiyonu/data/processed/cif/pretrain_001276.cif,TAM
pretrain_001277,UiO-66-NH2-var00113,PROCEDURAL_FALLBACK,/home/rakeyma/Tüm_çalışmalar/MOF Radyoaktif Gaz Adsorpsiyonu/data/processed/cif/pretrain_001277.cif,Zr4C5(NO)7,False,True,-0.6812201557288348,3.827165670129142,0.8895880450902155,9.225715598171151e+25,2.1444293273195165e+25,19.67160243329333,10.819381338311333,0.2324404328857281,46,4,12.826086956521738,0.8021739130434784,0.7928114529949727,0.1739130434782608,TURETILMIS_PROXY,/home/rakeyma/Tüm_çalışmalar/MOF Radyoaktif Gaz Adsorpsiyonu/data/processed/cif/pretrain_001277.cif,TAM
pretrain_001278,Mg-MOF-74-var00114,PROCEDURAL_FALLBACK,/home/rakeyma/Tüm_çalışmalar/MOF Radyoaktif Gaz Adsorpsiyonu/data/processed/cif/pretrain_001278.cif,Mg2C2O3,True,False,-0.5931725352125351,5.921936063056914,0.9021466212216462,3.283307020266438e+26,5.001783712669259e+25,6.548073931366646,3.6014406622516555,0.152339811104944,21,3,8.571428571428571,0.8857142857142858,0.8734732712313271,0.2857142857142857,TURETILMIS_PROXY,/home/rakeyma/Tüm_çalışmalar/MOF Radyoaktif Gaz Adsorpsiyonu/data/processed/cif/pretrain_001278.cif,TAM
pretrain_001279,Ni-MOF-74-var00115,PROCEDURAL_FALLBACK,/home/rakeyma/Tüm_çalışmalar/MOF Radyoaktif Gaz Adsorpsiyonu/data/processed/cif/pretrain_001279.cif,Ni3C2O3,True,False,-0.7685519517020883,4.397731102630506,0.9090056817182004,2.4127909695856825e+26,4.987209651904051e+25,6.431912763411206,3.537552019876164,0.206698786375201,16,3,15.0,0.90625,0.6273931958686053,0.375,TURETILMIS_PROXY,/home/rakeyma/Tüm_çalışmalar/MOF Radyoaktif Gaz Adsorpsiyonu/data/processed/cif/pretrain_001279.cif,TAM
pretrain_001280,NU-1000-var00116,PROCEDURAL_FALLBACK,/home/rakeyma/Tüm_çalışmalar/MOF Radyoaktif Gaz Adsorpsiyonu/data/processed/cif/pretrain_001280.cif,Zr8C89O96,False,False,-0.6439485741375501,3.4996899875649707,0.8427720616452532,3.3286229521696225e+25,8.015768361790138e+24,15.237837475358315,8.380810611447075,0.2408133476507274,193,3,8.404145077720207,0.6854922279792746,0.8649084729996964,0.0414507772020725,TURETILMIS_PROXY,/home/rakeyma/Tüm_çalışmalar/MOF Radyoaktif Gaz Adsorpsiyonu/data/processed/cif/pretrain_001280.cif,TAM
pretrain_001281,MIL-53-var00117,PROCEDURAL_FALLBACK,/home/rakeyma/Tüm_çalışmalar/MOF Radyoaktif Gaz Adsorpsiyonu/data/processed/cif/pretrain_001281.cif,Al2C6O7,True,False,-1.0222764739040455,1.0369868209018451,0.5953000368917314,1.6470104666363554e+26,9.454945538237416e+25,5.047383571202952,2.776060964161624,0.5740671191693756,30,3,7.866666666666666,0.7266666666666667,0.7471873184743494,0.1333333333333333,TURETILMIS_PROXY,/home/rakeyma/Tüm_çalışmalar/MOF Radyoaktif Gaz Adsorpsiyonu/data/processed/cif/pretrain_001281.cif,TAM
pretrain_001282,MIL-101-var00118,PROCEDURAL_FALLBACK,/home/rakeyma/Tüm_çalışmalar/MOF Radyoaktif Gaz Adsorpsiyonu/data/processed/cif/pretrain_001282.cif,Cr,True,False,-0.6922346633666366,976.0102815898005,0.95,3.0079620923073755e+26,2.9278011119282344e+23,40.0,22.0,0.0009733504020598,8,1,24.0,1.4,0.0,1.0,TURETILMIS_PROXY,/home/rakeyma/Tüm_çalışmalar/MOF Radyoaktif Gaz Adsorpsiyonu/data/processed/cif/pretrain_001282.cif,TAM
pretrain_001283,ZIF-67-var00119,PROCEDURAL_FALLBACK,/home/rakeyma/Tüm_çalışmalar/MOF Radyoaktif Gaz Adsorpsiyonu/data/processed/cif/pretrain_001283.cif,Co8C14N15,False,False,-0.6846854152980413,3.0546207987610217,0.8450700840689518,1.30987096055559e+26,3.623797635389544e+25,15.823728777274942,8.703050827501219,0.2766530249554114,37,3,10.945945945945946,0.8202702702702701,0.4754646849837186,0.2162162162162162,TURETILMIS_PROXY,/home/rakeyma/Tüm_çalışmalar/MOF Radyoaktif Gaz Adsorpsiyonu/data/processed/cif/pretrain_001283.cif,TAM
pretrain_001284,HKUST-1-var00120,PROCEDURAL_FALLBACK,/home/rakeyma/Tüm_çalışmalar/MOF Radyoaktif Gaz Adsorpsiyonu/data/processed/cif/pretrain_001284.cif,Cu4C3O4,True,False,-0.6292191175021125,15.237502321864552,0.95,1.7661914008162132e+26,1.101152797442256e+25,25.948166659592925,14.27149166277611,0.0623461758976619,22,3,15.090909090909092,0.9000000000000002,0.6312421616675067,0.3636363636363636,TURETILMIS_PROXY,/home/rakeyma/Tüm_çalışmalar/MOF Radyoaktif Gaz Adsorpsiyonu/data/processed/cif/pretrain_001284.cif,TAM
pretrain_001285,MOF-5-var00121,PROCEDURAL_FALLBACK,/home/rakeyma/Tüm_çalışmalar/MOF Radyoaktif Gaz Adsorpsiyonu/data/processed/cif/pretrain_001285.cif,Zn8(C7O9)3,False,False,-0.6325811298509477,7.752440604191271,0.9338283296003428,1.018583014808668e+26,1.226944808533991e+25,24.67366883593013,13.570517859761573,0.1204560443965838,56,3,10.392857142857142,0.744642857142857,0.7307682411149394,0.1428571428571428,TURETILMIS_PROXY,/home/rakeyma/Tüm_çalışmalar/MOF Radyoaktif Gaz Adsorpsiyonu/data/processed/cif/pretrain_001285.cif,TAM
pretrain_001286,IRMOF-3-var00122,PROCEDURAL_FALLBACK,/home/rakeyma/Tüm_çalışmalar/MOF Radyoaktif Gaz Adsorpsiyonu/data/processed/cif/pretrain_001286.cif,Zn4C6(N3O2)3,False,True,-0.5854826794224088,9.11924506853926,0.9451717554065056,1.1199674140896104e+26,1.1607995605087124e+25,25.38785859115294,13.96332222513412,0.1036458334327783,50,4,10.68,0.762,0.6679446084818711,0.16,TURETILMIS_PROXY,/home/rakeyma/Tüm_çalışmalar/MOF Radyoaktif Gaz Adsorpsiyonu/data/processed/cif/pretrain_001286.cif,TAM
pretrain_001287,ZIF-8-var00123,PROCEDURAL_FALLBACK,/home/rakeyma/Tüm_çalışmalar/MOF Radyoaktif Gaz Adsorpsiyonu/data/processed/cif/pretrain_001287.cif,Zn4(CN)7,False,False,-0.8803826559199737,2.7274043165467465,0.8377253173716033,1.243183267216044e+26,3.8184514512987033e+25,15.437435138509963,8.490589326180482,0.3071511298450513,36,3,11.72222222222222,0.8249999999999998,0.5756349151637308,0.2222222222222222,TURETILMIS_PROXY,/home/rakeyma/Tüm_çalışmalar/MOF Radyoaktif Gaz Adsorpsiyonu/data/processed/cif/pretrain_001287.cif,TAM
pretrain_001288,UiO-66-var00124,PROCEDURAL_FALLBACK,/home/rakeyma/Tüm_çalışmalar/MOF Radyoaktif Gaz Adsorpsiyonu/data/processed/cif/pretrain_001288.cif,Zr8(C5O6)3,False,False,-0.7685476545065304,4.073087506899305,0.8955398916371521,9.845975803111194e+25,2.1648108686210475e+25,19.71894443873174,10.845419441302456,0.2198675795990679,41,3,13.51219512195122,0.8219512195121952,0.8649084729996964,0.1951219512195122,TURETILMIS_PROXY,/home/rakeyma/Tüm_çalışmalar/MOF Radyoaktif Gaz Adsorpsiyonu/data/processed/cif/pretrain_001288.cif,TAM
pretrain_001289,UiO-66-NH2-var00125,PROCEDURAL_FALLBACK,/home/rakeyma/Tüm_çalışmalar/MOF Radyoaktif Gaz Adsorpsiyonu/data/processed/cif/pretrain_001289.cif,Zr4C3(NO)6,False,True,-0.6500326777867643,4.101380201925671,0.9020992380387968,1.022548900590082e+26,2.249097958893497e+25,19.588236667155243,10.773530166935384,0.2199501615615263,38,4,14.105263157894736,0.8315789473684211,0.7928114529949727,0.2105263157894736,TURETILMIS_PROXY,/home/rakeyma/Tüm_çalışmalar/MOF Radyoaktif Gaz Adsorpsiyonu/data/processed/cif/pretrain_001289.cif,TAM
pretrain_001290,Mg-MOF-74-var00126,PROCEDURAL_FALLBACK,/home/rakeyma/Tüm_çalışmalar/MOF Radyoaktif Gaz Adsorpsiyonu/data/processed/cif/pretrain_001290.cif,Mg3C3O4,True,False,-0.7629150590281768,6.180334788851797,0.905308586931329,3.4472191805733595e+26,5.049559986356716e+25,6.508549841337921,3.5797024127358568,0.1464821272407995,20,3,8.6,0.9000000000000001,0.8734732712313271,0.3,TURETILMIS_PROXY,/home/rakeyma/Tüm_çalışmalar/MOF Radyoaktif Gaz Adsorpsiyonu/data/processed/cif/pretrain_001290.cif,TAM
pretrain_001291,Ni-MOF-74-var00127,PROCEDURAL_FALLBACK,/home/rakeyma/Tüm_çalışmalar/MOF Radyoaktif Gaz Adsorpsiyonu/data/processed/cif/pretrain_001291.cif,Ni6C6O7,True,False,-0.6125761510415203,4.041489813296298,0.8957986042789361,2.200272951841113e+26,4.876917993972094e+25,6.581467339729238,3.619807036851081,0.2216505906638199,19,3,13.68421052631579,0.868421052631579,0.6273931958686053,0.3157894736842105,TURETILMIS_PROXY,/home/rakeyma/Tüm_çalışmalar/MOF Radyoaktif Gaz Adsorpsiyonu/data/processed/cif/pretrain_001291.cif,TAM
pretrain_001292,NU-1000-var00128,PROCEDURAL_FALLBACK,/home/rakeyma/Tüm_çalışmalar/MOF Radyoaktif Gaz Adsorpsiyonu/data/processed/cif/pretrain_001292.cif,Zr4C45O49,False,False,-0.8052249722219027,3.478934380443888,0.8418992269488518,3.28186323075976e+25,7.942081726117421e+24,15.402718981617422,8.471495439889583,0.2419991683894398,196,3,8.387755102040817,0.6846938775510204,0.8649084729996964,0.0408163265306122,TURETILMIS_PROXY,/home/rakeyma/Tüm_çalışmalar/MOF Radyoaktif Gaz Adsorpsiyonu/data/processed/cif/pretrain_001292.cif,TAM
pretrain_001293,MIL-53-var00129,PROCEDURAL_FALLBACK,/home/rakeyma/Tüm_çalışmalar/MOF Radyoaktif Gaz Adsorpsiyonu/data/processed/cif/pretrain_001293.cif,Al4C7O8,True,False,-0.7319746862440286,1.9128433101014568,0.7351858963734109,3.025950246763289e+26,1.1629995686526038e+26,5.677287280283953,3.1225080041561744,0.3843419335452086,19,3,8.31578947368421,0.7736842105263156,0.7471873184743494,0.2105263157894736,TURETILMIS_PROXY,/home/rakeyma/Tüm_çalışmalar/MOF Radyoaktif Gaz Adsorpsiyonu/data/processed/cif/pretrain_001293.cif,TAM
pretrain_001294,MIL-101-var00130,PROCEDURAL_FALLBACK,/home/rakeyma/Tüm_çalışmalar/MOF Radyoaktif Gaz Adsorpsiyonu/data/processed/cif/pretrain_001294.cif,Cr,True,False,-0.837639762630346,979.0234661890096,0.95,3.0079620923073755e+26,2.918790086631414e+23,40.0,22.0,0.0009703546777055,8,1,24.0,1.4,0.0,1.0,TURETILMIS_PROXY,/home/rakeyma/Tüm_çalışmalar/MOF Radyoaktif Gaz Adsorpsiyonu/data/processed/cif/pretrain_001294.cif,TAM
pretrain_001295,ZIF-67-var00131,PROCEDURAL_FALLBACK,/home/rakeyma/Tüm_çalışmalar/MOF Radyoaktif Gaz Adsorpsiyonu/data/processed/cif/pretrain_001295.cif,Co2(CN)3,False,False,-0.6417985498499431,3.0629934160125742,0.85021430283555,1.4289014586866376e+26,3.9662914427661065e+25,15.432335901237526,8.48778474568064,0.27757627502261,32,3,11.625,0.84375,0.4754646849837186,0.25,TURETILMIS_PROXY,/home/rakeyma/Tüm_çalışmalar/MOF Radyoaktif Gaz Adsorpsiyonu/data/processed/cif/pretrain_001295.cif,TAM
pretrain_001296,HKUST-1-var00132,PROCEDURAL_FALLBACK,/home/rakeyma/Tüm_çalışmalar/MOF Radyoaktif Gaz Adsorpsiyonu/data/processed/cif/pretrain_001296.cif,Cu8(CO)3,True,False,-0.6930953319646447,17.997812077778544,0.95,2.1121235188936028e+26,1.1148673706990864e+25,25.84132664810367,14.21272965645702,0.0527841937616929,14,3,19.571428571428573,1.0499999999999998,0.6312421616675067,0.5714285714285714,TURETILMIS_PROXY,/home/rakeyma/Tüm_çalışmalar/MOF Radyoaktif Gaz Adsorpsiyonu/data/processed/cif/pretrain_001296.cif,TAM
pretrain_001297,MOF-5-var00133,PROCEDURAL_FALLBACK,/home/rakeyma/Tüm_çalışmalar/MOF Radyoaktif Gaz Adsorpsiyonu/data/processed/cif/pretrain_001297.cif,Zn8(C3O4)7,False,False,-0.7074987919643242,7.765511687543267,0.9339259676281098,1.005368150570625e+26,1.2091146863513398e+25,24.796520662065287,13.638086364135908,0.1202658633720466,57,3,10.350877192982455,0.7421052631578947,0.7307682411149394,0.1403508771929824,TURETILMIS_PROXY,/home/rakeyma/Tüm_çalışmalar/MOF Radyoaktif Gaz Adsorpsiyonu/data/processed/cif/pretrain_001297.cif,TAM
pretrain_001298,IRMOF-3-var00134,PROCEDURAL_FALLBACK,/home/rakeyma/Tüm_çalışmalar/MOF Radyoaktif Gaz Adsorpsiyonu/data/processed/cif/pretrain_001298.cif,Zn4C6(N3O2)3,False,True,-0.4780317065945349,8.838795612982999,0.943530327867324,1.1180224285925756e+26,1.1934748972625706e+25,25.11761081600195,13.814685948801074,0.1067487437407654,50,4,10.68,0.762,0.6679446084818711,0.16,TURETILMIS_PROXY,/home/rakeyma/Tüm_çalışmalar/MOF Radyoaktif Gaz Adsorpsiyonu/data/processed/cif/pretrain_001298.cif,TAM
pretrain_001299,ZIF-8-var00135,PROCEDURAL_FALLBACK,/home/rakeyma/Tüm_çalışmalar/MOF Radyoaktif Gaz Adsorpsiyonu/data/processed/cif/pretrain_001299.cif,Zn4(CN)7,False,False,-0.6093443677055757,2.659980620641456,0.8342936609882905,1.2380906936646626e+26,3.883228356768748e+25,15.298693577672909,8.4142814677201,0.3136465185175296,36,3,11.72222222222222,0.8249999999999998,0.5756349151637308,0.2222222222222222,TURETILMIS_PROXY,/home/rakeyma/Tüm_çalışmalar/MOF Radyoaktif Gaz Adsorpsiyonu/data/processed/cif/pretrain_001299.cif,TAM
pretrain_001300,UiO-66-var00136,PROCEDURAL_FALLBACK,/home/rakeyma/Tüm_çalışmalar/MOF Radyoaktif Gaz Adsorpsiyonu/data/processed/cif/pretrain_001300.cif,Zr8(C5O7)3,False,False,-0.6890414095150672,3.718107914933885,0.8860570312586699,9.36643002980505e+25,2.232100674745664e+25,19.3463782083307,10.640508014581886,0.2383085837018869,44,3,13.136363636363637,0.806818181818182,0.8649084729996964,0.1818181818181818,TURETILMIS_PROXY,/home/rakeyma/Tüm_çalışmalar/MOF Radyoaktif Gaz Adsorpsiyonu/data/processed/cif/pretrain_001300.cif,TAM
pretrain_001301,UiO-66-NH2-var00137,PROCEDURAL_FALLBACK,/home/rakeyma/Tüm_çalışmalar/MOF Radyoaktif Gaz Adsorpsiyonu/data/processed/cif/pretrain_001301.cif,Zr4C6(NO)7,False,True,-0.6930506274295044,3.8933323878382105,0.8891563952869009,9.050059705990798e+25,2.0668459981599706e+25,19.9066704731446,10.948668760229529,0.2283792665800643,48,4,12.541666666666666,0.7979166666666666,0.7928114529949727,0.1666666666666666,TURETILMIS_PROXY,/home/rakeyma/Tüm_çalışmalar/MOF Radyoaktif Gaz Adsorpsiyonu/data/processed/cif/pretrain_001301.cif,TAM
pretrain_001302,Mg-MOF-74-var00138,PROCEDURAL_FALLBACK,/home/rakeyma/Tüm_çalışmalar/MOF Radyoaktif Gaz Adsorpsiyonu/data/processed/cif/pretrain_001302.cif,MgCO,True,False,-0.5984130343298663,6.795749939476584,0.911980269123154,3.826631507022605e+26,5.135286705205643e+25,6.605360621883671,3.6329483420360194,0.1341986207917173,18,3,8.666666666666666,0.9333333333333332,0.8734732712313271,0.3333333333333333,TURETILMIS_PROXY,/home/rakeyma/Tüm_çalışmalar/MOF Radyoaktif Gaz Adsorpsiyonu/data/processed/cif/pretrain_001302.cif,TAM
pretrain_001303,Ni-MOF-74-var00139,PROCEDURAL_FALLBACK,/home/rakeyma/Tüm_çalışmalar/MOF Radyoaktif Gaz Adsorpsiyonu/data/processed/cif/pretrain_001303.cif,Ni3C2O3,True,False,-0.7615290261738518,4.427884137171792,0.90956929970704,2.414286991471043e+26,4.959392025841832e+25,6.602573711436101,3.631415541289856,0.205418495951885,16,3,15.0,0.90625,0.6273931958686053,0.375,TURETILMIS_PROXY,/home/rakeyma/Tüm_çalışmalar/MOF Radyoaktif Gaz Adsorpsiyonu/data/processed/cif/pretrain_001303.cif,TAM
pretrain_001304,NU-1000-var00140,PROCEDURAL_FALLBACK,/home/rakeyma/Tüm_çalışmalar/MOF Radyoaktif Gaz Adsorpsiyonu/data/processed/cif/pretrain_001304.cif,Zr4C46O51,False,False,-0.5729863469432623,3.5766378764945133,0.8453943724413747,3.211816306302327e+25,7.591630812020216e+24,15.563011427828062,8.559656285305435,0.2363656600510956,202,3,8.356435643564357,0.683168316831683,0.8649084729996964,0.0396039603960396,TURETILMIS_PROXY,/home/rakeyma/Tüm_çalışmalar/MOF Radyoaktif Gaz Adsorpsiyonu/data/processed/cif/pretrain_001304.cif,TAM
pretrain_001305,MIL-53-var00141,PROCEDURAL_FALLBACK,/home/rakeyma/Tüm_çalışmalar/MOF Radyoaktif Gaz Adsorpsiyonu/data/processed/cif/pretrain_001305.cif,Al4C9O10,True,False,-0.8890566649904058,1.542725761413014,0.6880658644784134,2.410086741168592e+26,1.07491458203904e+26,5.520096921376444,3.0360533067570445,0.446006595396579,23,3,8.08695652173913,0.7521739130434781,0.7471873184743494,0.1739130434782608,TURETILMIS_PROXY,/home/rakeyma/Tüm_çalışmalar/MOF Radyoaktif Gaz Adsorpsiyonu/data/processed/cif/pretrain_001305.cif,TAM
pretrain_001306,MIL-101-var00142,PROCEDURAL_FALLBACK,/home/rakeyma/Tüm_çalışmalar/MOF Radyoaktif Gaz Adsorpsiyonu/data/processed/cif/pretrain_001306.cif,Cr,True,False,-0.7740952330153341,925.5249430573195,0.95,3.0079620923073755e+26,3.087506186761983e+23,40.0,22.0,0.0010264445135987,8,1,24.0,1.4,0.0,1.0,TURETILMIS_PROXY,/home/rakeyma/Tüm_çalışmalar/MOF Radyoaktif Gaz Adsorpsiyonu/data/processed/cif/pretrain_001306.cif,TAM
pretrain_001307,ZIF-67-var00143,PROCEDURAL_FALLBACK,/home/rakeyma/Tüm_çalışmalar/MOF Radyoaktif Gaz Adsorpsiyonu/data/processed/cif/pretrain_001307.cif,Co4(CN)7,False,False,-0.768875183361288,2.9749105213390665,0.8420182185235741,1.3270150145749492e+26,3.7559812656936064e+25,15.588810253095977,8.573845639202787,0.2830398469075852,36,3,11.055555555555555,0.8249999999999998,0.4754646849837186,0.2222222222222222,TURETILMIS_PROXY,/home/rakeyma/Tüm_çalışmalar/MOF Radyoaktif Gaz Adsorpsiyonu/data/processed/cif/pretrain_001307.cif,TAM
pretrain_001308,HKUST-1-var00144,PROCEDURAL_FALLBACK,/home/rakeyma/Tüm_çalışmalar/MOF Radyoaktif Gaz Adsorpsiyonu/data/processed/cif/pretrain_001308.cif,Cu8(C3O4)3,True,False,-0.6576720548741675,12.728208710619937,0.95,1.5476620614533388e+26,1.155134231224482e+25,25.5375005791126,14.045625318511927,0.0746373681952084,29,3,13.172413793103448,0.8379310344827587,0.6312421616675067,0.2758620689655172,TURETILMIS_PROXY,/home/rakeyma/Tüm_çalışmalar/MOF Radyoaktif Gaz Adsorpsiyonu/data/processed/cif/pretrain_001308.cif,TAM
pretrain_001309,MOF-5-var00145,PROCEDURAL_FALLBACK,/home/rakeyma/Tüm_çalışmalar/MOF Radyoaktif Gaz Adsorpsiyonu/data/processed/cif/pretrain_001309.cif,Zn4(C3O4)3,False,False,-0.6829172844606732,8.788368792065283,0.9427506063928504,1.1052295943185752e+26,1.185607812894592e+25,25.155707476748823,13.835639112211854,0.107272535859445,50,3,10.8,0.7560000000000001,0.7307682411149394,0.16,TURETILMIS_PROXY,/home/rakeyma/Tüm_çalışmalar/MOF Radyoaktif Gaz Adsorpsiyonu/data/processed/cif/pretrain_001309.cif,TAM
pretrain_001310,IRMOF-3-var00146,PROCEDURAL_FALLBACK,/home/rakeyma/Tüm_çalışmalar/MOF Radyoaktif Gaz Adsorpsiyonu/data/processed/cif/pretrain_001310.cif,Zn8C14(N3O2)7,False,True,-0.480734911889299,7.846219314406219,0.9351004963709404,1.0182220565590532e+26,1.2135015761744171e+25,24.792557420146974,13.635906581080835,0.1191784806032669,57,4,10.228070175438596,0.7482456140350877,0.6679446084818711,0.1403508771929824,TURETILMIS_PROXY,/home/rakeyma/Tüm_çalışmalar/MOF Radyoaktif Gaz Adsorpsiyonu/data/processed/cif/pretrain_001310.cif,TAM
pretrain_001311,ZIF-8-var00147,PROCEDURAL_FALLBACK,/home/rakeyma/Tüm_çalışmalar/MOF Radyoaktif Gaz Adsorpsiyonu/data/processed/cif/pretrain_001311.cif,Zn2(CN)3,False,False,-0.7156255947111743,3.134236832675722,0.8602720092877557,1.3561534382369826e+26,3.7223123378926025e+25,15.917630759445666,8.754696917695117,0.274475751263932,32,3,12.375,0.84375,0.5756349151637308,0.25,TURETILMIS_PROXY,/home/rakeyma/Tüm_çalışmalar/MOF Radyoaktif Gaz Adsorpsiyonu/data/processed/cif/pretrain_001311.cif,TAM
pretrain_001312,UiO-66-var00148,PROCEDURAL_FALLBACK,/home/rakeyma/Tüm_çalışmalar/MOF Radyoaktif Gaz Adsorpsiyonu/data/processed/cif/pretrain_001312.cif,Zr4C7O9,False,False,-0.6045221584219344,3.991164527848634,0.8947534267331341,9.9369581222233e+25,2.227702533715279e+25,19.51730933359872,10.734520133479297,0.2241835485583038,40,3,13.7,0.825,0.8649084729996964,0.2,TURETILMIS_PROXY,/home/rakeyma/Tüm_çalışmalar/MOF Radyoaktif Gaz Adsorpsiyonu/data/processed/cif/pretrain_001312.cif,TAM
pretrain_001313,UiO-66-NH2-var00149,PROCEDURAL_FALLBACK,/home/rakeyma/Tüm_çalışmalar/MOF Radyoaktif Gaz Adsorpsiyonu/data/processed/cif/pretrain_001313.cif,Zr8C9(NO)14,False,True,-0.6764204104270753,3.773909437594987,0.8893169070721088,9.310960798025916e+25,2.194115941490885e+25,19.517018308408005,10.734360069624405,0.2356487143578217,45,4,12.977777777777778,0.8044444444444446,0.7928114529949727,0.1777777777777777,TURETILMIS_PROXY,/home/rakeyma/Tüm_çalışmalar/MOF Radyoaktif Gaz Adsorpsiyonu/data/processed/cif/pretrain_001313.cif,TAM
pretrain_001314,Mg-MOF-74-var00150,PROCEDURAL_FALLBACK,/home/rakeyma/Tüm_çalışmalar/MOF Radyoaktif Gaz Adsorpsiyonu/data/processed/cif/pretrain_001314.cif,Mg3C2O3,True,False,-0.6333878354673053,7.450648096330608,0.9226370389574384,4.192164578628214e+26,5.191288413624957e+25,6.535304221822755,3.5944173220025157,0.1238331252568257,16,3,9.0,0.9625,0.8734732712313271,0.375,TURETILMIS_PROXY,/home/rakeyma/Tüm_çalışmalar/MOF Radyoaktif Gaz Adsorpsiyonu/data/processed/cif/pretrain_001314.cif,TAM
pretrain_001315,Ni-MOF-74-var00151,PROCEDURAL_FALLBACK,/home/rakeyma/Tüm_çalışmalar/MOF Radyoaktif Gaz Adsorpsiyonu/data/processed/cif/pretrain_001315.cif,Ni2C2O3,True,False,-0.7116444232779977,3.643121189187705,0.884694378887533,2.050627958737254e+26,4.979738345429476e+25,6.423828535899062,3.5331056947444845,0.2428396786560895,21,3,13.142857142857142,0.8428571428571429,0.6273931958686053,0.2857142857142857,TURETILMIS_PROXY,/home/rakeyma/Tüm_çalışmalar/MOF Radyoaktif Gaz Adsorpsiyonu/data/processed/cif/pretrain_001315.cif,TAM
pretrain_001316,NU-1000-var00152,PROCEDURAL_FALLBACK,/home/rakeyma/Tüm_çalışmalar/MOF Radyoaktif Gaz Adsorpsiyonu/data/processed/cif/pretrain_001316.cif,Zr8C93O100,False,False,-0.7132328217932316,3.4205262930803837,0.8390079523700127,3.2060381743930558e+25,7.863969732842507e+24,15.174128343533862,8.345770588943624,0.2452862163542783,201,3,8.348258706467663,0.6840796019900496,0.8649084729996964,0.0398009950248756,TURETILMIS_PROXY,/home/rakeyma/Tüm_çalışmalar/MOF Radyoaktif Gaz Adsorpsiyonu/data/processed/cif/pretrain_001316.cif,TAM
pretrain_001317,MIL-53-var00153,PROCEDURAL_FALLBACK,/home/rakeyma/Tüm_çalışmalar/MOF Radyoaktif Gaz Adsorpsiyonu/data/processed/cif/pretrain_001317.cif,Al4C12O13,True,False,-0.9472645958760848,1.0654563263206238,0.6000247588932339,1.717816266078937e+26,9.674092362249627e+25,5.104661322384062,2.8075637273112344,0.5631622283057999,29,3,7.862068965517241,0.7310344827586207,0.7471873184743494,0.1379310344827586,TURETILMIS_PROXY,/home/rakeyma/Tüm_çalışmalar/MOF Radyoaktif Gaz Adsorpsiyonu/data/processed/cif/pretrain_001317.cif,TAM
pretrain_001318,MIL-101-var00154,PROCEDURAL_FALLBACK,/home/rakeyma/Tüm_çalışmalar/MOF Radyoaktif Gaz Adsorpsiyonu/data/processed/cif/pretrain_001318.cif,Cr,True,False,-0.8000213471741565,926.8628527184426,0.95,3.0079620923073755e+26,3.083049427766917e+23,40.0,22.0,0.0010249628596223,8,1,24.0,1.4,0.0,1.0,TURETILMIS_PROXY,/home/rakeyma/Tüm_çalışmalar/MOF Radyoaktif Gaz Adsorpsiyonu/data/processed/cif/pretrain_001318.cif,TAM
pretrain_001319,ZIF-67-var00155,PROCEDURAL_FALLBACK,/home/rakeyma/Tüm_çalışmalar/MOF Radyoaktif Gaz Adsorpsiyonu/data/processed/cif/pretrain_001319.cif,Co2(CN)3,False,False,-0.7158581669492965,3.326558034473717,0.8604254752717061,1.4460627310155812e+26,3.740290112821157e+25,15.89444948043104,8.741947214237072,0.2586533787641648,32,3,11.625,0.84375,0.4754646849837186,0.25,TURETILMIS_PROXY,/home/rakeyma/Tüm_çalışmalar/MOF Radyoaktif Gaz Adsorpsiyonu/data/processed/cif/pretrain_001319.cif,TAM
pretrain_001320,HKUST-1-var00156,PROCEDURAL_FALLBACK,/home/rakeyma/Tüm_çalışmalar/MOF Radyoaktif Gaz Adsorpsiyonu/data/processed/cif/pretrain_001320.cif,Cu8C9O11,True,False,-0.7206431175880159,12.794917392859354,0.95,1.5789087316365124e+26,1.1723118242965702e+25,25.41215480637252,13.976685143504888,0.0742482323903224,28,3,13.357142857142858,0.8464285714285715,0.6312421616675067,0.2857142857142857,TURETILMIS_PROXY,/home/rakeyma/Tüm_çalışmalar/MOF Radyoaktif Gaz Adsorpsiyonu/data/processed/cif/pretrain_001320.cif,TAM
pretrain_001321,MOF-5-var00157,PROCEDURAL_FALLBACK,/home/rakeyma/Tüm_çalışmalar/MOF Radyoaktif Gaz Adsorpsiyonu/data/processed/cif/pretrain_001321.cif,Zn4(C3O4)3,False,False,-0.6501144675474372,8.17157859698724,0.9386943388852104,1.1004742466566203e+26,1.264148576881331e+25,24.535241021311823,13.494382561721505,0.1148730722887858,50,3,10.8,0.7560000000000001,0.7307682411149394,0.16,TURETILMIS_PROXY,/home/rakeyma/Tüm_çalışmalar/MOF Radyoaktif Gaz Adsorpsiyonu/data/processed/cif/pretrain_001321.cif,TAM
pretrain_001322,IRMOF-3-var00158,PROCEDURAL_FALLBACK,/home/rakeyma/Tüm_çalışmalar/MOF Radyoaktif Gaz Adsorpsiyonu/data/processed/cif/pretrain_001322.cif,Zn4C7N10O7,False,True,-0.4498564010598646,7.823226839910009,0.9350872577681794,1.030136678000948e+26,1.2312920244677563e+25,24.67228066180954,13.56975436399525,0.1195270541048168,56,4,10.285714285714286,0.75,0.6679446084818711,0.1428571428571428,TURETILMIS_PROXY,/home/rakeyma/Tüm_çalışmalar/MOF Radyoaktif Gaz Adsorpsiyonu/data/processed/cif/pretrain_001322.cif,TAM
pretrain_001323,ZIF-8-var00159,PROCEDURAL_FALLBACK,/home/rakeyma/Tüm_çalışmalar/MOF Radyoaktif Gaz Adsorpsiyonu/data/processed/cif/pretrain_001323.cif,Zn8C14N15,False,False,-0.7694463597560685,2.78825950059126,0.8401426803858231,1.2273999039260873e+26,3.698332400449446e+25,15.640300595461452,8.6021653275038,0.3013143791701124,37,3,11.594594594594597,0.8202702702702701,0.5756349151637308,0.2162162162162162,TURETILMIS_PROXY,/home/rakeyma/Tüm_çalışmalar/MOF Radyoaktif Gaz Adsorpsiyonu/data/processed/cif/pretrain_001323.cif,TAM
pretrain_001324,UiO-66-var00160,PROCEDURAL_FALLBACK,/home/rakeyma/Tüm_çalışmalar/MOF Radyoaktif Gaz Adsorpsiyonu/data/processed/cif/pretrain_001324.cif,Zr8(C5O7)3,False,False,-0.7619036654659225,3.9174500784890447,0.8912244100745096,9.421053931437324e+25,2.143300632835071e+25,19.705209954193936,10.837865474806666,0.2275011531016762,44,3,13.136363636363637,0.806818181818182,0.8649084729996964,0.1818181818181818,TURETILMIS_PROXY,/home/rakeyma/Tüm_çalışmalar/MOF Radyoaktif Gaz Adsorpsiyonu/data/processed/cif/pretrain_001324.cif,TAM
pretrain_001325,UiO-66-NH2-var00161,PROCEDURAL_FALLBACK,/home/rakeyma/Tüm_çalışmalar/MOF Radyoaktif Gaz Adsorpsiyonu/data/processed/cif/pretrain_001325.cif,Zr8C9(NO)14,False,True,-0.6429294577741452,4.030419010728853,0.8956259185720992,9.377014820257548e+25,2.083728140796612e+25,19.973065598481572,10.985186079164867,0.2222165775290286,45,4,12.977777777777778,0.8044444444444446,0.7928114529949727,0.1777777777777777,TURETILMIS_PROXY,/home/rakeyma/Tüm_çalışmalar/MOF Radyoaktif Gaz Adsorpsiyonu/data/processed/cif/pretrain_001325.cif,TAM
pretrain_001326,Mg-MOF-74-var00162,PROCEDURAL_FALLBACK,/home/rakeyma/Tüm_çalışmalar/MOF Radyoaktif Gaz Adsorpsiyonu/data/processed/cif/pretrain_001326.cif,Mg6C5O6,True,False,-0.4688853726177033,7.119003488365518,0.9174048271618706,4.0025460228405977e+26,5.157962133734775e+25,6.494896047102108,3.57219282590616,0.128867028743724,17,3,8.823529411764707,0.9470588235294118,0.8734732712313271,0.3529411764705882,TURETILMIS_PROXY,/home/rakeyma/Tüm_çalışmalar/MOF Radyoaktif Gaz Adsorpsiyonu/data/processed/cif/pretrain_001326.cif,TAM
pretrain_001327,Ni-MOF-74-var00163,PROCEDURAL_FALLBACK,/home/rakeyma/Tüm_çalışmalar/MOF Radyoaktif Gaz Adsorpsiyonu/data/processed/cif/pretrain_001327.cif,Ni2C2O3,True,False,-0.7930327137252098,3.92276677063355,0.89202673968012,2.067623595200702e+26,4.701721112557229e+25,6.613154982606764,3.637235240433721,0.227397342701578,21,3,13.142857142857142,0.8428571428571429,0.6273931958686053,0.2857142857142857,TURETILMIS_PROXY,/home/rakeyma/Tüm_çalışmalar/MOF Radyoaktif Gaz Adsorpsiyonu/data/processed/cif/pretrain_001327.cif,TAM
pretrain_001328,NU-1000-var00164,PROCEDURAL_FALLBACK,/home/rakeyma/Tüm_çalışmalar/MOF Radyoaktif Gaz Adsorpsiyonu/data/processed/cif/pretrain_001328.cif,Zr8C93O101,False,False,-0.683551702048695,3.4503301442525496,0.8402733880111557,3.196037965338177e+25,7.783445459039586e+24,15.011206298978651,8.25616346443826,0.2435341990130586,202,3,8.346534653465346,0.6836633663366335,0.8649084729996964,0.0396039603960396,TURETILMIS_PROXY,/home/rakeyma/Tüm_çalışmalar/MOF Radyoaktif Gaz Adsorpsiyonu/data/processed/cif/pretrain_001328.cif,TAM
pretrain_001329,MIL-53-var00165,PROCEDURAL_FALLBACK,/home/rakeyma/Tüm_çalışmalar/MOF Radyoaktif Gaz Adsorpsiyonu/data/processed/cif/pretrain_001329.cif,Al2C6O7,True,False,-1.0027077055525493,1.0423710897273215,0.5965470823018695,1.6504606542990205e+26,9.445556361637725e+25,5.174737208579314,2.8461054647186232,0.5722981845725621,30,3,7.866666666666666,0.7266666666666667,0.7471873184743494,0.1333333333333333,TURETILMIS_PROXY,/home/rakeyma/Tüm_çalışmalar/MOF Radyoaktif Gaz Adsorpsiyonu/data/processed/cif/pretrain_001329.cif,TAM
pretrain_001330,MIL-101-var00166,PROCEDURAL_FALLBACK,/home/rakeyma/Tüm_çalışmalar/MOF Radyoaktif Gaz Adsorpsiyonu/data/processed/cif/pretrain_001330.cif,Cr,True,False,-0.9108815579461922,1007.9631024632822,0.95,3.0079620923073755e+26,2.8349886823323487e+23,40.0,22.0,0.0009424948171995,8,1,24.0,1.4,0.0,1.0,TURETILMIS_PROXY,/home/rakeyma/Tüm_çalışmalar/MOF Radyoaktif Gaz Adsorpsiyonu/data/processed/cif/pretrain_001330.cif,TAM
pretrain_001331,ZIF-67-var00167,PROCEDURAL_FALLBACK,/home/rakeyma/Tüm_çalışmalar/MOF Radyoaktif Gaz Adsorpsiyonu/data/processed/cif/pretrain_001331.cif,Co2(CN)3,False,False,-0.6350379746102942,3.2816652145134677,0.8587857405408621,1.4433069324587375e+26,3.777019689082153e+25,15.817595821727735,8.699677701950256,0.2616920631461134,32,3,11.625,0.84375,0.4754646849837186,0.25,TURETILMIS_PROXY,/home/rakeyma/Tüm_çalışmalar/MOF Radyoaktif Gaz Adsorpsiyonu/data/processed/cif/pretrain_001331.cif,TAM
pretrain_001332,HKUST-1-var00168,PROCEDURAL_FALLBACK,/home/rakeyma/Tüm_çalışmalar/MOF Radyoaktif Gaz Adsorpsiyonu/data/processed/cif/pretrain_001332.cif,Cu4C3O4,True,False,-0.638239149848024,14.48440892795648,0.95,1.7661914008162132e+26,1.1584054545276672e+25,25.51343945110313,14.032391698106723,0.0655877643834259,22,3,15.090909090909092,0.9000000000000002,0.6312421616675067,0.3636363636363636,TURETILMIS_PROXY,/home/rakeyma/Tüm_çalışmalar/MOF Radyoaktif Gaz Adsorpsiyonu/data/processed/cif/pretrain_001332.cif,TAM
pretrain_001333,MOF-5-var00169,PROCEDURAL_FALLBACK,/home/rakeyma/Tüm_çalışmalar/MOF Radyoaktif Gaz Adsorpsiyonu/data/processed/cif/pretrain_001333.cif,Zn8(C3O4)7,False,False,-0.5768310493864621,7.981294371713941,0.9355973008040552,1.0071673350909515e+26,1.180639375373337e+25,25.03155995489765,13.76735797519371,0.1172237556003263,57,3,10.350877192982455,0.7421052631578947,0.7307682411149394,0.1403508771929824,TURETILMIS_PROXY,/home/rakeyma/Tüm_çalışmalar/MOF Radyoaktif Gaz Adsorpsiyonu/data/processed/cif/pretrain_001333.cif,TAM
pretrain_001334,IRMOF-3-var00170,PROCEDURAL_FALLBACK,/home/rakeyma/Tüm_çalışmalar/MOF Radyoaktif Gaz Adsorpsiyonu/data/processed/cif/pretrain_001334.cif,Zn8C14(N3O2)7,False,True,-0.6373279951292179,8.319397361685978,0.9385649794150068,1.0219944992684022e+26,1.1529780397142956e+25,25.29683253285128,13.913257893068206,0.1128164623723178,57,4,10.228070175438596,0.7482456140350877,0.6679446084818711,0.1403508771929824,TURETILMIS_PROXY,/home/rakeyma/Tüm_çalışmalar/MOF Radyoaktif Gaz Adsorpsiyonu/data/processed/cif/pretrain_001334.cif,TAM
pretrain_001335,ZIF-8-var00171,PROCEDURAL_FALLBACK,/home/rakeyma/Tüm_çalışmalar/MOF Radyoaktif Gaz Adsorpsiyonu/data/processed/cif/pretrain_001335.cif,Zn4(CN)7,False,False,-0.6768692830062079,2.854405570805649,0.8438177644061433,1.252224450588064e+26,3.701818855866704e+25,15.69236382828792,8.630800105558357,0.2956194358070769,36,3,11.72222222222222,0.8249999999999998,0.5756349151637308,0.2222222222222222,TURETILMIS_PROXY,/home/rakeyma/Tüm_çalışmalar/MOF Radyoaktif Gaz Adsorpsiyonu/data/processed/cif/pretrain_001335.cif,TAM
pretrain_001336,UiO-66-var00172,PROCEDURAL_FALLBACK,/home/rakeyma/Tüm_çalışmalar/MOF Radyoaktif Gaz Adsorpsiyonu/data/processed/cif/pretrain_001336.cif,Zr4(C2O3)3,False,False,-0.7251787940486559,4.103219036806053,0.8996199510656255,1.0197559527247097e+26,2.235788029008518e+25,19.58206823144484,10.770137527294663,0.2192473623747588,38,3,14.105263157894736,0.8315789473684212,0.8649084729996964,0.2105263157894736,TURETILMIS_PROXY,/home/rakeyma/Tüm_çalışmalar/MOF Radyoaktif Gaz Adsorpsiyonu/data/processed/cif/pretrain_001336.cif,TAM
pretrain_001337,UiO-66-NH2-var00173,PROCEDURAL_FALLBACK,/home/rakeyma/Tüm_çalışmalar/MOF Radyoaktif Gaz Adsorpsiyonu/data/processed/cif/pretrain_001337.cif,Zr8C7(NO)12,False,True,-0.6838197897123567,4.300475992486501,0.9050616711907687,1.0154107251583308e+26,2.1369944384353267e+25,19.97945098427185,10.988698041349515,0.2104561617765175,39,4,13.897435897435898,0.8282051282051283,0.7928114529949727,0.2051282051282051,TURETILMIS_PROXY,/home/rakeyma/Tüm_çalışmalar/MOF Radyoaktif Gaz Adsorpsiyonu/data/processed/cif/pretrain_001337.cif,TAM
pretrain_001338,Mg-MOF-74-var00174,PROCEDURAL_FALLBACK,/home/rakeyma/Tüm_çalışmalar/MOF Radyoaktif Gaz Adsorpsiyonu/data/processed/cif/pretrain_001338.cif,Mg2C2O3,True,False,-0.6870240553716581,5.792191868521975,0.9001735304785762,3.2761260781269305e+26,5.0914783988206935e+25,6.491237004466414,3.570180352456528,0.155411552467836,21,3,8.571428571428571,0.8857142857142858,0.8734732712313271,0.2857142857142857,TURETILMIS_PROXY,/home/rakeyma/Tüm_çalışmalar/MOF Radyoaktif Gaz Adsorpsiyonu/data/processed/cif/pretrain_001338.cif,TAM
pretrain_001339,Ni-MOF-74-var00175,PROCEDURAL_FALLBACK,/home/rakeyma/Tüm_çalışmalar/MOF Radyoaktif Gaz Adsorpsiyonu/data/processed/cif/pretrain_001339.cif,Ni3(CO)2,True,False,-0.7918652664056427,4.529356204872075,0.9128524620091776,2.590026558615299e+26,5.21997390745714e+25,6.453127517161449,3.549220134438797,0.2015413274467689,14,3,16.0,0.9499999999999998,0.6273931958686053,0.4285714285714285,TURETILMIS_PROXY,/home/rakeyma/Tüm_çalışmalar/MOF Radyoaktif Gaz Adsorpsiyonu/data/processed/cif/pretrain_001339.cif,TAM
pretrain_001340,NU-1000-var00176,PROCEDURAL_FALLBACK,/home/rakeyma/Tüm_çalışmalar/MOF Radyoaktif Gaz Adsorpsiyonu/data/processed/cif/pretrain_001340.cif,Zr8C93O101,False,False,-0.5582686705196063,3.488356557220738,0.84173900071531,3.20161252465636e+25,7.725477837417451e+24,15.093612594551182,8.30148692700315,0.2412995881894438,202,3,8.346534653465346,0.6836633663366335,0.8649084729996964,0.0396039603960396,TURETILMIS_PROXY,/home/rakeyma/Tüm_çalışmalar/MOF Radyoaktif Gaz Adsorpsiyonu/data/processed/cif/pretrain_001340.cif,TAM
pretrain_001341,MIL-53-var00177,PROCEDURAL_FALLBACK,/home/rakeyma/Tüm_çalışmalar/MOF Radyoaktif Gaz Adsorpsiyonu/data/processed/cif/pretrain_001341.cif,Al4C12O13,True,False,-0.9552498969500074,1.1974941943170645,0.6277079282465243,1.7970706600133083e+26,9.419966345247218e+25,5.310642546472263,2.9208534005597446,0.5241845273450437,29,3,7.862068965517241,0.7310344827586207,0.7471873184743494,0.1379310344827586,TURETILMIS_PROXY,/home/rakeyma/Tüm_çalışmalar/MOF Radyoaktif Gaz Adsorpsiyonu/data/processed/cif/pretrain_001341.cif,TAM
pretrain_001342,MIL-101-var00178,PROCEDURAL_FALLBACK,/home/rakeyma/Tüm_çalışmalar/MOF Radyoaktif Gaz Adsorpsiyonu/data/processed/cif/pretrain_001342.cif,Cr,True,False,-0.7466655714915359,941.332241135622,0.95,3.0079620923073755e+26,3.035659316464764e+23,40.0,22.0,0.0010092079698172,8,1,24.0,1.4,0.0,1.0,TURETILMIS_PROXY,/home/rakeyma/Tüm_çalışmalar/MOF Radyoaktif Gaz Adsorpsiyonu/data/processed/cif/pretrain_001342.cif,TAM
pretrain_001343,ZIF-67-var00179,PROCEDURAL_FALLBACK,/home/rakeyma/Tüm_çalışmalar/MOF Radyoaktif Gaz Adsorpsiyonu/data/processed/cif/pretrain_001343.cif,Co8C14N15,False,False,-0.7051356155778236,3.0099322483613724,0.8431306736606295,1.306864846125141e+26,3.6607396684651097e+25,15.740154678746649,8.657085073310657,0.2801161634517307,37,3,10.945945945945946,0.8202702702702701,0.4754646849837186,0.2162162162162162,TURETILMIS_PROXY,/home/rakeyma/Tüm_çalışmalar/MOF Radyoaktif Gaz Adsorpsiyonu/data/processed/cif/pretrain_001343.cif,TAM
pretrain_001344,HKUST-1-var00180,PROCEDURAL_FALLBACK,/home/rakeyma/Tüm_çalışmalar/MOF Radyoaktif Gaz Adsorpsiyonu/data/processed/cif/pretrain_001344.cif,Cu8C3O4,True,False,-0.7272916162209747,17.880991241497625,0.95,2.0565797372057588e+26,1.0926411874814129e+25,26.015370681152465,14.308453874633855,0.0531290456535357,15,3,18.8,1.0199999999999998,0.6312421616675067,0.5333333333333333,TURETILMIS_PROXY,/home/rakeyma/Tüm_çalışmalar/MOF Radyoaktif Gaz Adsorpsiyonu/data/processed/cif/pretrain_001344.cif,TAM
pretrain_001345,MOF-5-var00181,PROCEDURAL_FALLBACK,/home/rakeyma/Tüm_çalışmalar/MOF Radyoaktif Gaz Adsorpsiyonu/data/processed/cif/pretrain_001345.cif,Zn8(C3O4)7,False,False,-0.6247005869571557,7.81703501436482,0.9343328738037988,1.0058061836947572e+26,1.2021921104027638e+25,24.853044823322577,13.66917465282742,0.1195252256241452,57,3,10.350877192982455,0.7421052631578947,0.7307682411149394,0.1403508771929824,TURETILMIS_PROXY,/home/rakeyma/Tüm_çalışmalar/MOF Radyoaktif Gaz Adsorpsiyonu/data/processed/cif/pretrain_001345.cif,TAM
pretrain_001346,IRMOF-3-var00182,PROCEDURAL_FALLBACK,/home/rakeyma/Tüm_çalışmalar/MOF Radyoaktif Gaz Adsorpsiyonu/data/processed/cif/pretrain_001346.cif,Zn8C14N19O14,False,True,-0.5318603809557261,7.889121256994622,0.9357623582587044,1.0431010823149154e+26,1.2372667333814787e+25,24.647321713958537,13.556026942677196,0.1186142699263295,55,4,10.345454545454546,0.7518181818181818,0.6679446084818711,0.1454545454545454,TURETILMIS_PROXY,/home/rakeyma/Tüm_çalışmalar/MOF Radyoaktif Gaz Adsorpsiyonu/data/processed/cif/pretrain_001346.cif,TAM
pretrain_001347,ZIF-8-var00183,PROCEDURAL_FALLBACK,/home/rakeyma/Tüm_çalışmalar/MOF Radyoaktif Gaz Adsorpsiyonu/data/processed/cif/pretrain_001347.cif,Zn2(CN)3,False,False,-0.7338022791226471,3.001208640497206,0.8549767743667214,1.3478059028448004e+26,3.8395955807183312e+25,15.673030292647995,8.620166660956398,0.2848774866332114,32,3,12.375,0.84375,0.5756349151637308,0.25,TURETILMIS_PROXY,/home/rakeyma/Tüm_çalışmalar/MOF Radyoaktif Gaz Adsorpsiyonu/data/processed/cif/pretrain_001347.cif,TAM
pretrain_001348,UiO-66-var00184,PROCEDURAL_FALLBACK,/home/rakeyma/Tüm_çalışmalar/MOF Radyoaktif Gaz Adsorpsiyonu/data/processed/cif/pretrain_001348.cif,Zr4C7O9,False,False,-0.6881103200133776,4.205915527211848,0.8995876432002714,9.99064599326404e+25,2.1368621468930283e+25,19.879109938038813,10.933510465921348,0.2138862840634887,40,3,13.7,0.825,0.8649084729996964,0.2,TURETILMIS_PROXY,/home/rakeyma/Tüm_çalışmalar/MOF Radyoaktif Gaz Adsorpsiyonu/data/processed/cif/pretrain_001348.cif,TAM
pretrain_001349,UiO-66-NH2-var00185,PROCEDURAL_FALLBACK,/home/rakeyma/Tüm_çalışmalar/MOF Radyoaktif Gaz Adsorpsiyonu/data/processed/cif/pretrain_001349.cif,Zr8C7(NO)12,False,True,-0.6731514154641854,4.196784859126792,0.9029436653514956,1.0130344828384936e+26,2.179556731559422e+25,19.80982733034459,10.895405031689524,0.2151512873927417,39,4,13.897435897435898,0.8282051282051283,0.7928114529949727,0.2051282051282051,TURETILMIS_PROXY,/home/rakeyma/Tüm_çalışmalar/MOF Radyoaktif Gaz Adsorpsiyonu/data/processed/cif/pretrain_001349.cif,TAM
pretrain_001350,Mg-MOF-74-var00186,PROCEDURAL_FALLBACK,/home/rakeyma/Tüm_çalışmalar/MOF Radyoaktif Gaz Adsorpsiyonu/data/processed/cif/pretrain_001350.cif,Mg3C2O3,True,False,-0.4846440283806341,7.370626845943038,0.921862754999338,4.188646482512522e+26,5.238845035565272e+25,6.462979443173843,3.554638693745614,0.1250725039087757,16,3,9.0,0.9625,0.8734732712313271,0.375,TURETILMIS_PROXY,/home/rakeyma/Tüm_çalışmalar/MOF Radyoaktif Gaz Adsorpsiyonu/data/processed/cif/pretrain_001350.cif,TAM
pretrain_001351,Ni-MOF-74-var00187,PROCEDURAL_FALLBACK,/home/rakeyma/Tüm_çalışmalar/MOF Radyoaktif Gaz Adsorpsiyonu/data/processed/cif/pretrain_001351.cif,Ni3C2O3,True,False,-0.6327770596493107,4.267327349278398,0.9064850519833652,2.4061004144173315e+26,5.111147752958565e+25,6.460576553134199,3.5533171042238094,0.2124245406522776,16,3,15.0,0.90625,0.6273931958686053,0.375,TURETILMIS_PROXY,/home/rakeyma/Tüm_çalışmalar/MOF Radyoaktif Gaz Adsorpsiyonu/data/processed/cif/pretrain_001351.cif,TAM
pretrain_001352,NU-1000-var00188,PROCEDURAL_FALLBACK,/home/rakeyma/Tüm_çalışmalar/MOF Radyoaktif Gaz Adsorpsiyonu/data/processed/cif/pretrain_001352.cif,Zr8C94O101,False,False,-0.632052090893511,3.545675472759515,0.8436370985251012,3.197740492801834e+25,7.60851502600712e+24,15.48815942854914,8.518487685702027,0.2379340988780675,203,3,8.334975369458128,0.6837438423645319,0.8649084729996964,0.0394088669950738,TURETILMIS_PROXY,/home/rakeyma/Tüm_çalışmalar/MOF Radyoaktif Gaz Adsorpsiyonu/data/processed/cif/pretrain_001352.cif,TAM
pretrain_001353,MIL-53-var00189,PROCEDURAL_FALLBACK,/home/rakeyma/Tüm_çalışmalar/MOF Radyoaktif Gaz Adsorpsiyonu/data/processed/cif/pretrain_001353.cif,Al4C10O11,True,False,-0.9154313524518752,1.4051916670207345,0.6663786325136534,2.1723043104111564e+26,1.0301635070498473e+26,5.382401870299836,2.9603210286649104,0.474226148754852,25,3,8.0,0.7439999999999999,0.7471873184743494,0.16,TURETILMIS_PROXY,/home/rakeyma/Tüm_çalışmalar/MOF Radyoaktif Gaz Adsorpsiyonu/data/processed/cif/pretrain_001353.cif,TAM
pretrain_001354,MIL-101-var00190,PROCEDURAL_FALLBACK,/home/rakeyma/Tüm_çalışmalar/MOF Radyoaktif Gaz Adsorpsiyonu/data/processed/cif/pretrain_001354.cif,Cr,True,False,-0.8805574976005173,992.113213235716,0.95,3.0079620923073755e+26,2.8802801430012598e+23,40.0,22.0,0.0009575520085068,8,1,24.0,1.4,0.0,1.0,TURETILMIS_PROXY,/home/rakeyma/Tüm_çalışmalar/MOF Radyoaktif Gaz Adsorpsiyonu/data/processed/cif/pretrain_001354.cif,TAM
pretrain_001355,ZIF-67-var00191,PROCEDURAL_FALLBACK,/home/rakeyma/Tüm_çalışmalar/MOF Radyoaktif Gaz Adsorpsiyonu/data/processed/cif/pretrain_001355.cif,Co8C14N15,False,False,-0.6256998384250017,3.0245977558998134,0.8437724635211362,1.307859629773154e+26,3.6485378579712495e+25,15.767676732176454,8.67222220269705,0.2789701413602071,37,3,10.945945945945946,0.8202702702702701,0.4754646849837186,0.2162162162162162,TURETILMIS_PROXY,/home/rakeyma/Tüm_çalışmalar/MOF Radyoaktif Gaz Adsorpsiyonu/data/processed/cif/pretrain_001355.cif,TAM
pretrain_001356,HKUST-1-var00192,PROCEDURAL_FALLBACK,/home/rakeyma/Tüm_çalışmalar/MOF Radyoaktif Gaz Adsorpsiyonu/data/processed/cif/pretrain_001356.cif,Cu2C3O4,True,False,-0.5126842292623299,11.049273413849305,0.95,1.3772554339618232e+26,1.1841436203612952e+25,25.32723311093412,13.929978211013765,0.0859785041439247,36,3,12.0,0.8,0.6312421616675067,0.2222222222222222,TURETILMIS_PROXY,/home/rakeyma/Tüm_çalışmalar/MOF Radyoaktif Gaz Adsorpsiyonu/data/processed/cif/pretrain_001356.cif,TAM
pretrain_001357,MOF-5-var00193,PROCEDURAL_FALLBACK,/home/rakeyma/Tüm_çalışmalar/MOF Radyoaktif Gaz Adsorpsiyonu/data/processed/cif/pretrain_001357.cif,Zn8(C3O4)7,False,False,-0.5975721198285279,7.584604520612737,0.9324564249967302,1.0037861928901388e+26,1.2340615550088058e+25,24.59599429119849,13.527796860159173,0.122940678378495,57,3,10.350877192982455,0.7421052631578947,0.7307682411149394,0.1403508771929824,TURETILMIS_PROXY,/home/rakeyma/Tüm_çalışmalar/MOF Radyoaktif Gaz Adsorpsiyonu/data/processed/cif/pretrain_001357.cif,TAM
pretrain_001358,IRMOF-3-var00194,PROCEDURAL_FALLBACK,/home/rakeyma/Tüm_çalışmalar/MOF Radyoaktif Gaz Adsorpsiyonu/data/processed/cif/pretrain_001358.cif,Zn4C6(N3O2)3,False,True,-0.5343987003696833,8.868500837525241,0.9437088269183628,1.11823393842607e+26,1.1899274269526318e+25,25.14651037633587,13.830580706984728,0.1064113139534533,50,4,10.68,0.762,0.6679446084818711,0.16,TURETILMIS_PROXY,/home/rakeyma/Tüm_çalışmalar/MOF Radyoaktif Gaz Adsorpsiyonu/data/processed/cif/pretrain_001358.cif,TAM
pretrain_001359,ZIF-8-var00195,PROCEDURAL_FALLBACK,/home/rakeyma/Tüm_çalışmalar/MOF Radyoaktif Gaz Adsorpsiyonu/data/processed/cif/pretrain_001359.cif,Zn2(CN)3,False,False,-0.6473714426225257,2.996494686584631,0.8547817608888683,1.3474984789188352e+26,3.843881745434165e+25,15.66422463357031,8.615323548463671,0.2852605628555738,32,3,12.375,0.84375,0.5756349151637308,0.25,TURETILMIS_PROXY,/home/rakeyma/Tüm_çalışmalar/MOF Radyoaktif Gaz Adsorpsiyonu/data/processed/cif/pretrain_001359.cif,TAM
pretrain_001360,UiO-66-var00196,PROCEDURAL_FALLBACK,/home/rakeyma/Tüm_çalışmalar/MOF Radyoaktif Gaz Adsorpsiyonu/data/processed/cif/pretrain_001360.cif,Zr8C13O18,False,False,-0.6160777723601941,4.019811659881788,0.8965741749067881,1.0059053623049871e+26,2.2435597648607976e+25,19.504231501877623,10.727327326032697,0.2230388512612936,39,3,13.897435897435898,0.8282051282051283,0.8649084729996964,0.2051282051282051,TURETILMIS_PROXY,/home/rakeyma/Tüm_çalışmalar/MOF Radyoaktif Gaz Adsorpsiyonu/data/processed/cif/pretrain_001360.cif,TAM
pretrain_001361,UiO-66-NH2-var00197,PROCEDURAL_FALLBACK,/home/rakeyma/Tüm_çalışmalar/MOF Radyoaktif Gaz Adsorpsiyonu/data/processed/cif/pretrain_001361.cif,Zr4C5(NO)7,False,True,-0.5986260329136379,3.9115548787752688,0.8917121613120587,9.24774432514016e+25,2.1081964423349803e+25,19.823016953717897,10.902659324544844,0.2279687206104747,46,4,12.826086956521738,0.8021739130434784,0.7928114529949727,0.1739130434782608,TURETILMIS_PROXY,/home/rakeyma/Tüm_çalışmalar/MOF Radyoaktif Gaz Adsorpsiyonu/data/processed/cif/pretrain_001361.cif,TAM
pretrain_001362,Mg-MOF-74-var00198,PROCEDURAL_FALLBACK,/home/rakeyma/Tüm_çalışmalar/MOF Radyoaktif Gaz Adsorpsiyonu/data/processed/cif/pretrain_001362.cif,Mg3C2O3,True,False,-0.6109581563754494,7.750789258682111,0.9254093797312012,4.204761199293678e+26,5.020295770521056e+25,6.610681431236767,3.635874787180222,0.1193955026831101,16,3,9.0,0.9625,0.8734732712313271,0.375,TURETILMIS_PROXY,/home/rakeyma/Tüm_çalışmalar/MOF Radyoaktif Gaz Adsorpsiyonu/data/processed/cif/pretrain_001362.cif,TAM
pretrain_001363,Ni-MOF-74-var00199,PROCEDURAL_FALLBACK,/home/rakeyma/Tüm_çalışmalar/MOF Radyoaktif Gaz Adsorpsiyonu/data/processed/cif/pretrain_001363.cif,Ni3(CO)2,True,False,-0.5689519429695693,4.748697952475073,0.9165418486810444,2.600494416087145e+26,5.019190488548464e+25,6.449458587692665,3.547202223230966,0.1930090854069446,14,3,16.0,0.9499999999999998,0.6273931958686053,0.4285714285714285,TURETILMIS_PROXY,/home/rakeyma/Tüm_çalışmalar/MOF Radyoaktif Gaz Adsorpsiyonu/data/processed/cif/pretrain_001363.cif,TAM
pretrain_001364,NU-1000-var00200,PROCEDURAL_FALLBACK,/home/rakeyma/Tüm_çalışmalar/MOF Radyoaktif Gaz Adsorpsiyonu/data/processed/cif/pretrain_001364.cif,Zr4C46O49,False,False,-0.7681528925632429,3.4232855667595268,0.839190914628466,3.248212077298752e+25,7.96273057241868e+24,15.06642813518447,8.286535474351458,0.2451419544945652,198,3,8.363636363636363,0.6848484848484847,0.8649084729996964,0.0404040404040404,TURETILMIS_PROXY,/home/rakeyma/Tüm_çalışmalar/MOF Radyoaktif Gaz Adsorpsiyonu/data/processed/cif/pretrain_001364.cif,TAM
pretrain_001365,MIL-53-var00201,PROCEDURAL_FALLBACK,/home/rakeyma/Tüm_çalışmalar/MOF Radyoaktif Gaz Adsorpsiyonu/data/processed/cif/pretrain_001365.cif,Al4C7O8,True,False,-0.7321022653144335,1.8448566500282428,0.728080608859448,2.9967056072615546e+26,1.1826627521840858e+26,5.5803393645698405,3.0691866505134127,0.3946542994808306,19,3,8.31578947368421,0.7736842105263156,0.7471873184743494,0.2105263157894736,TURETILMIS_PROXY,/home/rakeyma/Tüm_çalışmalar/MOF Radyoaktif Gaz Adsorpsiyonu/data/processed/cif/pretrain_001365.cif,TAM
pretrain_001366,MIL-101-var00202,PROCEDURAL_FALLBACK,/home/rakeyma/Tüm_çalışmalar/MOF Radyoaktif Gaz Adsorpsiyonu/data/processed/cif/pretrain_001366.cif,Cr,True,False,-0.7304854336775394,981.4074553862416,0.95,3.0079620923073755e+26,2.911699897946452e+23,40.0,22.0,0.0009679975374001,8,1,24.0,1.4,0.0,1.0,TURETILMIS_PROXY,/home/rakeyma/Tüm_çalışmalar/MOF Radyoaktif Gaz Adsorpsiyonu/data/processed/cif/pretrain_001366.cif,TAM
pretrain_001367,ZIF-67-var00203,PROCEDURAL_FALLBACK,/home/rakeyma/Tüm_çalışmalar/MOF Radyoaktif Gaz Adsorpsiyonu/data/processed/cif/pretrain_001367.cif,Co2(CN)3,False,False,-0.6237244757337738,3.286589890532817,0.8589674959868884,1.4436123973528064e+26,3.7729566737294967e+25,15.82606233997019,8.704334286983604,0.2613552419366913,32,3,11.625,0.84375,0.4754646849837186,0.25,TURETILMIS_PROXY,/home/rakeyma/Tüm_çalışmalar/MOF Radyoaktif Gaz Adsorpsiyonu/data/processed/cif/pretrain_001367.cif,TAM
pretrain_001368,HKUST-1-var00204,PROCEDURAL_FALLBACK,/home/rakeyma/Tüm_çalışmalar/MOF Radyoaktif Gaz Adsorpsiyonu/data/processed/cif/pretrain_001368.cif,Cu8(C3O4)3,True,False,-0.4572655423288128,12.609999794426864,0.95,1.5476620614533388e+26,1.1659627139966162e+25,25.45819761540463,14.002008688472548,0.0753370353280944,29,3,13.172413793103448,0.8379310344827587,0.6312421616675067,0.2758620689655172,TURETILMIS_PROXY,/home/rakeyma/Tüm_çalışmalar/MOF Radyoaktif Gaz Adsorpsiyonu/data/processed/cif/pretrain_001368.cif,TAM
pretrain_001369,MOF-5-var00205,PROCEDURAL_FALLBACK,/home/rakeyma/Tüm_çalışmalar/MOF Radyoaktif Gaz Adsorpsiyonu/data/processed/cif/pretrain_001369.cif,Zn8(C3O4)7,False,False,-0.4629559817116468,8.074445104085289,0.9362929485939984,1.0079161975878366e+26,1.1687550245374716e+25,25.13167876772849,13.822423322250671,0.1159575595009344,57,3,10.350877192982455,0.7421052631578947,0.7307682411149394,0.1403508771929824,TURETILMIS_PROXY,/home/rakeyma/Tüm_çalışmalar/MOF Radyoaktif Gaz Adsorpsiyonu/data/processed/cif/pretrain_001369.cif,TAM
pretrain_001370,IRMOF-3-var00206,PROCEDURAL_FALLBACK,/home/rakeyma/Tüm_çalışmalar/MOF Radyoaktif Gaz Adsorpsiyonu/data/processed/cif/pretrain_001370.cif,Zn4C6(N3O2)3,False,True,-0.6676920410234259,9.106943468992592,0.9451017596264334,1.1198844736162454e+26,1.1621954063915102e+25,25.37612440032397,13.956868420178187,0.1037781515658162,50,4,10.68,0.762,0.6679446084818711,0.16,TURETILMIS_PROXY,/home/rakeyma/Tüm_çalışmalar/MOF Radyoaktif Gaz Adsorpsiyonu/data/processed/cif/pretrain_001370.cif,TAM
pretrain_001371,ZIF-8-var00207,PROCEDURAL_FALLBACK,/home/rakeyma/Tüm_çalışmalar/MOF Radyoaktif Gaz Adsorpsiyonu/data/processed/cif/pretrain_001371.cif,Zn2(CN)3,False,False,-0.8513628993021307,2.872640535648434,0.8494631892660816,1.3391141549900311e+26,3.959869558243959e+25,15.429305550107394,8.486118052559068,0.2957081398540991,32,3,12.375,0.84375,0.5756349151637308,0.25,TURETILMIS_PROXY,/home/rakeyma/Tüm_çalışmalar/MOF Radyoaktif Gaz Adsorpsiyonu/data/processed/cif/pretrain_001371.cif,TAM
pretrain_001372,UiO-66-var00208,PROCEDURAL_FALLBACK,/home/rakeyma/Tüm_çalışmalar/MOF Radyoaktif Gaz Adsorpsiyonu/data/processed/cif/pretrain_001372.cif,Zr8C13O18,False,False,-0.615650906882572,4.07727315983885,0.8978829223788857,1.0073737027244767e+26,2.2184033511398133e+25,19.60149179087707,10.780820484982389,0.2202165239314928,39,3,13.897435897435898,0.8282051282051283,0.8649084729996964,0.2051282051282051,TURETILMIS_PROXY,/home/rakeyma/Tüm_çalışmalar/MOF Radyoaktif Gaz Adsorpsiyonu/data/processed/cif/pretrain_001372.cif,TAM
pretrain_001373,UiO-66-NH2-var00209,PROCEDURAL_FALLBACK,/home/rakeyma/Tüm_çalışmalar/MOF Radyoaktif Gaz Adsorpsiyonu/data/processed/cif/pretrain_001373.cif,Zr4C4(NO)7,False,True,-0.7593466643829141,3.7853850611375206,0.8907498195271786,9.415862504830474e+25,2.215673621417552e+25,19.47963102940737,10.713797066174054,0.235312869137679,44,4,13.136363636363637,0.8068181818181818,0.7928114529949727,0.1818181818181818,TURETILMIS_PROXY,/home/rakeyma/Tüm_çalışmalar/MOF Radyoaktif Gaz Adsorpsiyonu/data/processed/cif/pretrain_001373.cif,TAM
pretrain_001374,Mg-MOF-74-var00210,PROCEDURAL_FALLBACK,/home/rakeyma/Tüm_çalışmalar/MOF Radyoaktif Gaz Adsorpsiyonu/data/processed/cif/pretrain_001374.cif,MgCO,True,False,-0.5835183419107047,7.020897348181221,0.9145617409842468,3.8374632562310045e+26,4.998787053183271e+25,6.561418561302065,3.608780208716136,0.1302627991308214,18,3,8.666666666666666,0.9333333333333332,0.8734732712313271,0.3333333333333333,TURETILMIS_PROXY,/home/rakeyma/Tüm_çalışmalar/MOF Radyoaktif Gaz Adsorpsiyonu/data/processed/cif/pretrain_001374.cif,TAM
pretrain_001375,Ni-MOF-74-var00211,PROCEDURAL_FALLBACK,/home/rakeyma/Tüm_çalışmalar/MOF Radyoaktif Gaz Adsorpsiyonu/data/processed/cif/pretrain_001375.cif,Ni3(CO)2,True,False,-0.622297244865953,4.7838203664183645,0.9171037974780264,2.6020888274179337e+26,4.988451409572498e+25,6.47173532690276,3.559454429796518,0.1917094972704127,14,3,16.0,0.9499999999999998,0.6273931958686053,0.4285714285714285,TURETILMIS_PROXY,/home/rakeyma/Tüm_çalışmalar/MOF Radyoaktif Gaz Adsorpsiyonu/data/processed/cif/pretrain_001375.cif,TAM
pretrain_001376,NU-1000-var00212,PROCEDURAL_FALLBACK,/home/rakeyma/Tüm_çalışmalar/MOF Radyoaktif Gaz Adsorpsiyonu/data/processed/cif/pretrain_001376.cif,Zr8C91O99,False,False,-0.795667993952519,3.509065898777908,0.8428682122903237,3.2586258055531778e+25,7.827131739550032e+24,15.16195414998058,8.33907478248932,0.2401973164949301,198,3,8.373737373737374,0.6843434343434343,0.8649084729996964,0.0404040404040404,TURETILMIS_PROXY,/home/rakeyma/Tüm_çalışmalar/MOF Radyoaktif Gaz Adsorpsiyonu/data/processed/cif/pretrain_001376.cif,TAM
pretrain_001377,MIL-53-var00213,PROCEDURAL_FALLBACK,/home/rakeyma/Tüm_çalışmalar/MOF Radyoaktif Gaz Adsorpsiyonu/data/processed/cif/pretrain_001377.cif,Al4C9O10,True,False,-1.0051250238903329,1.5998424077970246,0.6958148002337603,2.4372289208439143e+26,1.0600168781724837e+26,5.46668147863943,3.0066748132516867,0.4349270883448413,23,3,8.08695652173913,0.7521739130434781,0.7471873184743494,0.1739130434782608,TURETILMIS_PROXY,/home/rakeyma/Tüm_çalışmalar/MOF Radyoaktif Gaz Adsorpsiyonu/data/processed/cif/pretrain_001377.cif,TAM
pretrain_001378,MIL-101-var00214,PROCEDURAL_FALLBACK,/home/rakeyma/Tüm_çalışmalar/MOF Radyoaktif Gaz Adsorpsiyonu/data/processed/cif/pretrain_001378.cif,Cr,True,False,-0.7492560783730219,953.7403743703286,0.95,3.0079620923073755e+26,2.996165481175741e+23,40.0,22.0,0.0009960782048544,8,1,24.0,1.4,0.0,1.0,TURETILMIS_PROXY,/home/rakeyma/Tüm_çalışmalar/MOF Radyoaktif Gaz Adsorpsiyonu/data/processed/cif/pretrain_001378.cif,TAM
pretrain_001379,ZIF-67-var00215,PROCEDURAL_FALLBACK,/home/rakeyma/Tüm_çalışmalar/MOF Radyoaktif Gaz Adsorpsiyonu/data/processed/cif/pretrain_001379.cif,Co8C12N13,False,False,-0.6909994066254023,3.232830952986645,0.8564353745652177,1.4140827606041783e+26,3.746160923216264e+25,15.82472691985139,8.703599805918264,0.2649180817122533,33,3,11.484848484848484,0.8378787878787879,0.4754646849837186,0.2424242424242424,TURETILMIS_PROXY,/home/rakeyma/Tüm_çalışmalar/MOF Radyoaktif Gaz Adsorpsiyonu/data/processed/cif/pretrain_001379.cif,TAM
pretrain_001380,HKUST-1-var00216,PROCEDURAL_FALLBACK,/home/rakeyma/Tüm_çalışmalar/MOF Radyoaktif Gaz Adsorpsiyonu/data/processed/cif/pretrain_001380.cif,Cu,True,False,-0.8646642457105538,21.46411757280207,0.95,2.4612453615935463e+26,1.0893450828263548e+25,26.04158308006744,14.322870694037093,0.0442599140997894,8,1,29.0,1.35,0.0,1.0,TURETILMIS_PROXY,/home/rakeyma/Tüm_çalışmalar/MOF Radyoaktif Gaz Adsorpsiyonu/data/processed/cif/pretrain_001380.cif,TAM
pretrain_001381,MOF-5-var00217,PROCEDURAL_FALLBACK,/home/rakeyma/Tüm_çalışmalar/MOF Radyoaktif Gaz Adsorpsiyonu/data/processed/cif/pretrain_001381.cif,Zn8(C7O9)3,False,False,-0.5816123702313681,7.816041190469543,0.9343314215082263,1.019131767567622e+26,1.2182725370699388e+25,24.74317994960043,13.60874897228024,0.1195402376650086,56,3,10.392857142857142,0.744642857142857,0.7307682411149394,0.1428571428571428,TURETILMIS_PROXY,/home/rakeyma/Tüm_çalışmalar/MOF Radyoaktif Gaz Adsorpsiyonu/data/processed/cif/pretrain_001381.cif,TAM
pretrain_001382,IRMOF-3-var00218,PROCEDURAL_FALLBACK,/home/rakeyma/Tüm_çalışmalar/MOF Radyoaktif Gaz Adsorpsiyonu/data/processed/cif/pretrain_001382.cif,Zn8C12N17O12,False,True,-0.6474164095522061,8.880079835508864,0.9439594747078508,1.132805952115999e+26,1.2041816417341578e+25,25.05243788527099,13.778840836899043,0.1063007869516252,49,4,10.755102040816327,0.7642857142857143,0.6679446084818711,0.1632653061224489,TURETILMIS_PROXY,/home/rakeyma/Tüm_çalışmalar/MOF Radyoaktif Gaz Adsorpsiyonu/data/processed/cif/pretrain_001382.cif,TAM
pretrain_001383,ZIF-8-var00219,PROCEDURAL_FALLBACK,/home/rakeyma/Tüm_çalışmalar/MOF Radyoaktif Gaz Adsorpsiyonu/data/processed/cif/pretrain_001383.cif,Zn8C14N15,False,False,-0.8313074666452354,2.8865855857298803,0.84474250404621,1.2341199804686134e+26,3.611580435197504e+25,15.8364339846481,8.710038691556456,0.2926441911933177,37,3,11.594594594594597,0.8202702702702701,0.5756349151637308,0.2162162162162162,TURETILMIS_PROXY,/home/rakeyma/Tüm_çalışmalar/MOF Radyoaktif Gaz Adsorpsiyonu/data/processed/cif/pretrain_001383.cif,TAM
pretrain_001384,UiO-66-var00220,PROCEDURAL_FALLBACK,/home/rakeyma/Tüm_çalışmalar/MOF Radyoaktif Gaz Adsorpsiyonu/data/processed/cif/pretrain_001384.cif,Zr8C16O21,False,False,-0.6944834382882468,3.7669036510549696,0.8862630137073713,9.27915756931154e+25,2.1831655157254785e+25,19.49363529240568,10.721499410823126,0.2352762628954318,45,3,12.977777777777778,0.8044444444444446,0.8649084729996964,0.1777777777777777,TURETILMIS_PROXY,/home/rakeyma/Tüm_çalışmalar/MOF Radyoaktif Gaz Adsorpsiyonu/data/processed/cif/pretrain_001384.cif,TAM
pretrain_001385,UiO-66-NH2-var00221,PROCEDURAL_FALLBACK,/home/rakeyma/Tüm_çalışmalar/MOF Radyoaktif Gaz Adsorpsiyonu/data/processed/cif/pretrain_001385.cif,Zr4C5(NO)7,False,True,-0.7483479921417349,3.970583452160545,0.893150006241702,9.262655888383817e+25,2.08355806248654e+25,19.927585075323915,10.960171791428154,0.224941754027536,46,4,12.826086956521738,0.8021739130434784,0.7928114529949727,0.1739130434782608,TURETILMIS_PROXY,/home/rakeyma/Tüm_çalışmalar/MOF Radyoaktif Gaz Adsorpsiyonu/data/processed/cif/pretrain_001385.cif,TAM
pretrain_001386,Mg-MOF-74-var00222,PROCEDURAL_FALLBACK,/home/rakeyma/Tüm_çalışmalar/MOF Radyoaktif Gaz Adsorpsiyonu/data/processed/cif/pretrain_001386.cif,Mg2C2O3,True,False,-0.7264505366700721,5.979652423319537,0.9029994980785376,3.286411013016377e+26,4.962876242873864e+25,6.450668853577876,3.547867869467832,0.1510120378497262,21,3,8.571428571428571,0.8857142857142858,0.8734732712313271,0.2857142857142857,TURETILMIS_PROXY,/home/rakeyma/Tüm_çalışmalar/MOF Radyoaktif Gaz Adsorpsiyonu/data/processed/cif/pretrain_001386.cif,TAM
pretrain_001387,Ni-MOF-74-var00223,PROCEDURAL_FALLBACK,/home/rakeyma/Tüm_çalışmalar/MOF Radyoaktif Gaz Adsorpsiyonu/data/processed/cif/pretrain_001387.cif,Ni3C3O4,True,False,-0.6420455680947347,3.839585682532306,0.8904166218281693,2.123688400990148e+26,4.924925781518625e+25,6.415716604110738,3.528644132260906,0.231904349961248,20,3,13.4,0.8550000000000001,0.6273931958686053,0.3,TURETILMIS_PROXY,/home/rakeyma/Tüm_çalışmalar/MOF Radyoaktif Gaz Adsorpsiyonu/data/processed/cif/pretrain_001387.cif,TAM
pretrain_001388,NU-1000-var00224,PROCEDURAL_FALLBACK,/home/rakeyma/Tüm_çalışmalar/MOF Radyoaktif Gaz Adsorpsiyonu/data/processed/cif/pretrain_001388.cif,Zr8C91O96,False,False,-0.6761556761882237,3.367555744201913,0.8370404348148817,3.282340920568391e+25,8.158594185392977e+24,15.003333524537132,8.251833438495424,0.248560231335756,195,3,8.37948717948718,0.6856410256410256,0.8649084729996964,0.041025641025641,TURETILMIS_PROXY,/home/rakeyma/Tüm_çalışmalar/MOF Radyoaktif Gaz Adsorpsiyonu/data/processed/cif/pretrain_001388.cif,TAM
pretrain_001389,MIL-53-var00225,PROCEDURAL_FALLBACK,/home/rakeyma/Tüm_çalışmalar/MOF Radyoaktif Gaz Adsorpsiyonu/data/processed/cif/pretrain_001389.cif,Al4C9O10,True,False,-0.8155776861556525,1.5280003251368544,0.6860036489498411,2.4028634235191808e+26,1.0787779618532671e+26,5.480609871890053,3.0143354295395293,0.4489551721060004,23,3,8.08695652173913,0.7521739130434781,0.7471873184743494,0.1739130434782608,TURETILMIS_PROXY,/home/rakeyma/Tüm_çalışmalar/MOF Radyoaktif Gaz Adsorpsiyonu/data/processed/cif/pretrain_001389.cif,TAM
pretrain_001390,MIL-101-var00226,PROCEDURAL_FALLBACK,/home/rakeyma/Tüm_çalışmalar/MOF Radyoaktif Gaz Adsorpsiyonu/data/processed/cif/pretrain_001390.cif,Cr,True,False,-0.849143595314075,975.6169827445838,0.95,3.0079620923073755e+26,2.9289813915017875e+23,40.0,22.0,0.0009737427871822,8,1,24.0,1.4,0.0,1.0,TURETILMIS_PROXY,/home/rakeyma/Tüm_çalışmalar/MOF Radyoaktif Gaz Adsorpsiyonu/data/processed/cif/pretrain_001390.cif,TAM
pretrain_001391,ZIF-67-var00227,PROCEDURAL_FALLBACK,/home/rakeyma/Tüm_çalışmalar/MOF Radyoaktif Gaz Adsorpsiyonu/data/processed/cif/pretrain_001391.cif,Co4(CN)7,False,False,-0.765186819677711,2.846837546534686,0.8360760141687958,1.3176501407218751e+26,3.869752522635825e+25,15.343694490714334,8.439031969892884,0.2936858884647316,36,3,11.055555555555555,0.8249999999999998,0.4754646849837186,0.2222222222222222,TURETILMIS_PROXY,/home/rakeyma/Tüm_çalışmalar/MOF Radyoaktif Gaz Adsorpsiyonu/data/processed/cif/pretrain_001391.cif,TAM
pretrain_001392,HKUST-1-var00228,PROCEDURAL_FALLBACK,/home/rakeyma/Tüm_çalışmalar/MOF Radyoaktif Gaz Adsorpsiyonu/data/processed/cif/pretrain_001392.cif,Cu8C3O4,True,False,-0.7719234421776132,16.537227104474717,0.95,2.0565797372057588e+26,1.181425844854496e+25,25.346639327948083,13.940651630371448,0.0574461482567984,15,3,18.8,1.0199999999999998,0.6312421616675067,0.5333333333333333,TURETILMIS_PROXY,/home/rakeyma/Tüm_çalışmalar/MOF Radyoaktif Gaz Adsorpsiyonu/data/processed/cif/pretrain_001392.cif,TAM
pretrain_001393,MOF-5-var00229,PROCEDURAL_FALLBACK,/home/rakeyma/Tüm_çalışmalar/MOF Radyoaktif Gaz Adsorpsiyonu/data/processed/cif/pretrain_001393.cif,Zn8(C3O4)7,False,False,-0.6568704786785694,7.622546139566071,0.9327700238173428,1.0041237809616012e+26,1.228745022901799e+25,24.6383202845794,13.55107615651867,0.1223698757263859,57,3,10.350877192982455,0.7421052631578947,0.7307682411149394,0.1403508771929824,TURETILMIS_PROXY,/home/rakeyma/Tüm_çalışmalar/MOF Radyoaktif Gaz Adsorpsiyonu/data/processed/cif/pretrain_001393.cif,TAM
pretrain_001394,IRMOF-3-var00230,PROCEDURAL_FALLBACK,/home/rakeyma/Tüm_çalışmalar/MOF Radyoaktif Gaz Adsorpsiyonu/data/processed/cif/pretrain_001394.cif,Zn8C14(N3O2)7,False,True,-0.564294411982112,7.996847903028813,0.9362450060245956,1.0194683022597233e+26,1.1935604107582583e+25,24.955292415674,13.7254108286207,0.1170767554138415,57,4,10.228070175438596,0.7482456140350877,0.6679446084818711,0.1403508771929824,TURETILMIS_PROXY,/home/rakeyma/Tüm_çalışmalar/MOF Radyoaktif Gaz Adsorpsiyonu/data/processed/cif/pretrain_001394.cif,TAM
pretrain_001395,ZIF-8-var00231,PROCEDURAL_FALLBACK,/home/rakeyma/Tüm_çalışmalar/MOF Radyoaktif Gaz Adsorpsiyonu/data/processed/cif/pretrain_001395.cif,Zn2(CN)3,False,False,-0.7700558005508366,3.046877697030294,0.8568393072966326,1.3507420444482215e+26,3.798540646477233e+25,15.757842725592264,8.666813499075745,0.2812188057734545,32,3,12.375,0.84375,0.5756349151637308,0.25,TURETILMIS_PROXY,/home/rakeyma/Tüm_çalışmalar/MOF Radyoaktif Gaz Adsorpsiyonu/data/processed/cif/pretrain_001395.cif,TAM
pretrain_001396,UiO-66-var00232,PROCEDURAL_FALLBACK,/home/rakeyma/Tüm_çalışmalar/MOF Radyoaktif Gaz Adsorpsiyonu/data/processed/cif/pretrain_001396.cif,Zr8(C5O6)3,False,False,-0.6511383254992996,4.016170147686074,0.8942160818536222,9.831421231932095e+25,2.1890046113051325e+25,19.6218239262235,10.792003159422926,0.2226539337156387,41,3,13.51219512195122,0.8219512195121952,0.8649084729996964,0.1951219512195122,TURETILMIS_PROXY,/home/rakeyma/Tüm_çalışmalar/MOF Radyoaktif Gaz Adsorpsiyonu/data/processed/cif/pretrain_001396.cif,TAM
pretrain_001397,UiO-66-NH2-var00233,PROCEDURAL_FALLBACK,/home/rakeyma/Tüm_çalışmalar/MOF Radyoaktif Gaz Adsorpsiyonu/data/processed/cif/pretrain_001397.cif,Zr4C3(NO)6,False,True,-0.6492142645011237,4.206913954162419,0.9043201740282,1.0250663793313149e+26,2.203487441501312e+25,19.76292364271665,10.86960800349416,0.2149604636276063,38,4,14.105263157894736,0.8315789473684211,0.7928114529949727,0.2105263157894736,TURETILMIS_PROXY,/home/rakeyma/Tüm_çalışmalar/MOF Radyoaktif Gaz Adsorpsiyonu/data/processed/cif/pretrain_001397.cif,TAM
pretrain_001398,Mg-MOF-74-var00234,PROCEDURAL_FALLBACK,/home/rakeyma/Tüm_çalışmalar/MOF Radyoaktif Gaz Adsorpsiyonu/data/processed/cif/pretrain_001398.cif,Mg3(CO)2,True,False,-0.4069656299885103,8.656554406759515,0.9318036235032822,4.759183079339117e+26,5.122851229099767e+25,6.513579765456063,3.582468871000835,0.1076413986118632,14,3,9.142857142857142,1.014285714285714,0.8734732712313271,0.4285714285714285,TURETILMIS_PROXY,/home/rakeyma/Tüm_çalışmalar/MOF Radyoaktif Gaz Adsorpsiyonu/data/processed/cif/pretrain_001398.cif,TAM
pretrain_001399,Ni-MOF-74-var00235,PROCEDURAL_FALLBACK,/home/rakeyma/Tüm_çalışmalar/MOF Radyoaktif Gaz Adsorpsiyonu/data/processed/cif/pretrain_001399.cif,Ni6C6O7,True,False,-0.7927079303012656,4.006406512538737,0.8949819593856799,2.1982670973317308e+26,4.910658436346082e+25,6.378327415748744,3.508080078661809,0.2233877058118491,19,3,13.68421052631579,0.868421052631579,0.6273931958686053,0.3157894736842105,TURETILMIS_PROXY,/home/rakeyma/Tüm_çalışmalar/MOF Radyoaktif Gaz Adsorpsiyonu/data/processed/cif/pretrain_001399.cif,TAM
pretrain_001400,NU-1000-var00236,PROCEDURAL_FALLBACK,/home/rakeyma/Tüm_çalışmalar/MOF Radyoaktif Gaz Adsorpsiyonu/data/processed/cif/pretrain_001400.cif,Zr4C47O50,False,False,-0.5916852466507694,3.547530838763137,0.843610056727435,3.21242959970676e+25,7.639222997667804e+24,15.355441957934472,8.44549307686396,0.2378020361400335,202,3,8.336633663366337,0.6841584158415841,0.8649084729996964,0.0396039603960396,TURETILMIS_PROXY,/home/rakeyma/Tüm_çalışmalar/MOF Radyoaktif Gaz Adsorpsiyonu/data/processed/cif/pretrain_001400.cif,TAM
pretrain_001401,MIL-53-var00237,PROCEDURAL_FALLBACK,/home/rakeyma/Tüm_çalışmalar/MOF Radyoaktif Gaz Adsorpsiyonu/data/processed/cif/pretrain_001401.cif,Al2C7O8,True,False,-1.0126127694188476,0.8715266353526113,0.5508473798062665,1.363562352269262e+26,8.618379731401996e+25,4.908983805534603,2.6999410930440315,0.6320488180873542,34,3,7.764705882352941,0.7176470588235295,0.7471873184743494,0.1176470588235294,TURETILMIS_PROXY,/home/rakeyma/Tüm_çalışmalar/MOF Radyoaktif Gaz Adsorpsiyonu/data/processed/cif/pretrain_001401.cif,TAM
pretrain_001402,MIL-101-var00238,PROCEDURAL_FALLBACK,/home/rakeyma/Tüm_çalışmalar/MOF Radyoaktif Gaz Adsorpsiyonu/data/processed/cif/pretrain_001402.cif,Cr,True,False,-0.7711223784104798,951.0520939835236,0.95,3.0079620923073755e+26,3.0046345576328773e+23,40.0,22.0,0.000998893757776,8,1,24.0,1.4,0.0,1.0,TURETILMIS_PROXY,/home/rakeyma/Tüm_çalışmalar/MOF Radyoaktif Gaz Adsorpsiyonu/data/processed/cif/pretrain_001402.cif,TAM
pretrain_001403,ZIF-67-var00239,PROCEDURAL_FALLBACK,/home/rakeyma/Tüm_çalışmalar/MOF Radyoaktif Gaz Adsorpsiyonu/data/processed/cif/pretrain_001403.cif,Co4(CN)7,False,False,-0.827146652019713,2.8709741288516963,0.8372298225551243,1.3194685349310707e+26,3.84781735323145e+25,15.390472793963516,8.464760036679934,0.291618727644192,36,3,11.055555555555555,0.8249999999999998,0.4754646849837186,0.2222222222222222,TURETILMIS_PROXY,/home/rakeyma/Tüm_çalışmalar/MOF Radyoaktif Gaz Adsorpsiyonu/data/processed/cif/pretrain_001403.cif,TAM
pretrain_001404,HKUST-1-var00240,PROCEDURAL_FALLBACK,/home/rakeyma/Tüm_çalışmalar/MOF Radyoaktif Gaz Adsorpsiyonu/data/processed/cif/pretrain_001404.cif,Cu4C3O4,True,False,-0.6731791413816088,14.700401312183535,0.95,1.7661914008162132e+26,1.1413850514303932e+25,25.6396335617045,14.101798458937475,0.0646240860929864,22,3,15.090909090909092,0.9000000000000002,0.6312421616675067,0.3636363636363636,TURETILMIS_PROXY,/home/rakeyma/Tüm_çalışmalar/MOF Radyoaktif Gaz Adsorpsiyonu/data/processed/cif/pretrain_001404.cif,TAM
pretrain_001405,MOF-5-var00241,PROCEDURAL_FALLBACK,/home/rakeyma/Tüm_çalışmalar/MOF Radyoaktif Gaz Adsorpsiyonu/data/processed/cif/pretrain_001405.cif,Zn8(C3O4)7,False,False,-0.5222926738977373,8.070291852269776,0.9362622524345694,1.0078831532758628e+26,1.1692798334319413e+25,25.127231734282955,13.819977453855628,0.116013431679208,57,3,10.350877192982455,0.7421052631578947,0.7307682411149394,0.1403508771929824,TURETILMIS_PROXY,/home/rakeyma/Tüm_çalışmalar/MOF Radyoaktif Gaz Adsorpsiyonu/data/processed/cif/pretrain_001405.cif,TAM
pretrain_001406,IRMOF-3-var00242,PROCEDURAL_FALLBACK,/home/rakeyma/Tüm_çalışmalar/MOF Radyoaktif Gaz Adsorpsiyonu/data/processed/cif/pretrain_001406.cif,Zn8C12N18O13,False,True,-0.5834057729342484,8.895816735591893,0.9438368846108486,1.1025157979415722e+26,1.1697577714253352e+25,25.293077676601825,13.911192722131004,0.1060989578207682,51,4,10.627450980392156,0.7588235294117648,0.6679446084818711,0.1568627450980392,TURETILMIS_PROXY,/home/rakeyma/Tüm_çalışmalar/MOF Radyoaktif Gaz Adsorpsiyonu/data/processed/cif/pretrain_001406.cif,TAM
pretrain_001407,ZIF-8-var00243,PROCEDURAL_FALLBACK,/home/rakeyma/Tüm_çalışmalar/MOF Radyoaktif Gaz Adsorpsiyonu/data/processed/cif/pretrain_001407.cif,Zn8C12N13,False,False,-0.6995100069337434,3.041731306056645,0.855989551345978,1.3271529647415786e+26,3.734810726360301e+25,15.833869338746569,8.708628136310612,0.2814152419188196,33,3,12.212121212121213,0.8378787878787879,0.5756349151637308,0.2424242424242424,TURETILMIS_PROXY,/home/rakeyma/Tüm_çalışmalar/MOF Radyoaktif Gaz Adsorpsiyonu/data/processed/cif/pretrain_001407.cif,TAM
pretrain_001408,UiO-66-var00244,PROCEDURAL_FALLBACK,/home/rakeyma/Tüm_çalışmalar/MOF Radyoaktif Gaz Adsorpsiyonu/data/processed/cif/pretrain_001408.cif,Zr8(C6O7)3,False,False,-0.7075912599271146,3.616973961596176,0.8798990337319795,9.03990386270174e+25,2.1991318594704644e+25,19.329909182255214,10.631450050240373,0.2432693857004375,47,3,12.680851063829786,0.8000000000000004,0.8649084729996964,0.1702127659574468,TURETILMIS_PROXY,/home/rakeyma/Tüm_çalışmalar/MOF Radyoaktif Gaz Adsorpsiyonu/data/processed/cif/pretrain_001408.cif,TAM
pretrain_001409,UiO-66-NH2-var00245,PROCEDURAL_FALLBACK,/home/rakeyma/Tüm_çalışmalar/MOF Radyoaktif Gaz Adsorpsiyonu/data/processed/cif/pretrain_001409.cif,Zr8C9(NO)12,False,True,-0.5793866063912927,4.200944414063375,0.9007756172325604,9.903376082252106e+25,2.123503389693326e+25,19.94262862315893,10.968445742737416,0.2144221699808884,41,4,13.51219512195122,0.8219512195121952,0.7928114529949727,0.1951219512195122,TURETILMIS_PROXY,/home/rakeyma/Tüm_çalışmalar/MOF Radyoaktif Gaz Adsorpsiyonu/data/processed/cif/pretrain_001409.cif,TAM
pretrain_001410,Mg-MOF-74-var00246,PROCEDURAL_FALLBACK,/home/rakeyma/Tüm_çalışmalar/MOF Radyoaktif Gaz Adsorpsiyonu/data/processed/cif/pretrain_001410.cif,Mg3C2O3,True,False,-0.5752481350104071,7.843353428097138,0.9262247252942272,4.208465866074151e+26,4.96979407653742e+25,6.623768942586547,3.643072918422601,0.1180903976577448,16,3,9.0,0.9625,0.8734732712313271,0.375,TURETILMIS_PROXY,/home/rakeyma/Tüm_çalışmalar/MOF Radyoaktif Gaz Adsorpsiyonu/data/processed/cif/pretrain_001410.cif,TAM
pretrain_001411,Ni-MOF-74-var00247,PROCEDURAL_FALLBACK,/home/rakeyma/Tüm_çalışmalar/MOF Radyoaktif Gaz Adsorpsiyonu/data/processed/cif/pretrain_001411.cif,NiCO,True,False,-0.8563612347608928,4.195163261659453,0.8997266825313934,2.2778872904996992e+26,4.885330670661482e+25,6.416731636637208,3.529202400150465,0.2144676205463084,18,3,14.0,0.8833333333333333,0.6273931958686053,0.3333333333333333,TURETILMIS_PROXY,/home/rakeyma/Tüm_çalışmalar/MOF Radyoaktif Gaz Adsorpsiyonu/data/processed/cif/pretrain_001411.cif,TAM
pretrain_001412,NU-1000-var00248,PROCEDURAL_FALLBACK,/home/rakeyma/Tüm_çalışmalar/MOF Radyoaktif Gaz Adsorpsiyonu/data/processed/cif/pretrain_001412.cif,Zr8C89O96,False,False,-0.7210767296601324,3.478336265354427,0.8419593754530249,3.3254131567391928e+25,8.049431023846423e+24,15.274679385928328,8.40107366226058,0.2420580735218919,193,3,8.404145077720207,0.6854922279792746,0.8649084729996964,0.0414507772020725,TURETILMIS_PROXY,/home/rakeyma/Tüm_çalışmalar/MOF Radyoaktif Gaz Adsorpsiyonu/data/processed/cif/pretrain_001412.cif,TAM
pretrain_001413,MIL-53-var00249,PROCEDURAL_FALLBACK,/home/rakeyma/Tüm_çalışmalar/MOF Radyoaktif Gaz Adsorpsiyonu/data/processed/cif/pretrain_001413.cif,Al4(C4O5)3,True,False,-1.1154734336846637,1.0146910172518209,0.5917456758423232,1.583942061016071e+26,9.2372047200101e+25,5.038894701389199,2.77139208576406,0.5831781949198696,31,3,7.870967741935484,0.7225806451612904,0.7471873184743494,0.1290322580645161,TURETILMIS_PROXY,/home/rakeyma/Tüm_çalışmalar/MOF Radyoaktif Gaz Adsorpsiyonu/data/processed/cif/pretrain_001413.cif,TAM
pretrain_001414,MIL-101-var00250,PROCEDURAL_FALLBACK,/home/rakeyma/Tüm_çalışmalar/MOF Radyoaktif Gaz Adsorpsiyonu/data/processed/cif/pretrain_001414.cif,Cr,True,False,-1.030115073239723,982.0905463949744,0.95,3.0079620923073755e+26,2.9096746712219746e+23,40.0,22.0,0.000967324248754,8,1,24.0,1.4,0.0,1.0,TURETILMIS_PROXY,/home/rakeyma/Tüm_çalışmalar/MOF Radyoaktif Gaz Adsorpsiyonu/data/processed/cif/pretrain_001414.cif,TAM
pretrain_001415,ZIF-67-var00251,PROCEDURAL_FALLBACK,/home/rakeyma/Tüm_çalışmalar/MOF Radyoaktif Gaz Adsorpsiyonu/data/processed/cif/pretrain_001415.cif,Co2(CN)3,False,False,-0.7384117611734553,3.233340795708185,0.856977055673608,1.4402671900826048e+26,3.817339445253104e+25,15.734040792093683,8.653722435651526,0.2650438385001442,32,3,11.625,0.84375,0.4754646849837186,0.25,TURETILMIS_PROXY,/home/rakeyma/Tüm_çalışmalar/MOF Radyoaktif Gaz Adsorpsiyonu/data/processed/cif/pretrain_001415.cif,TAM
pretrain_001416,HKUST-1-var00252,PROCEDURAL_FALLBACK,/home/rakeyma/Tüm_çalışmalar/MOF Radyoaktif Gaz Adsorpsiyonu/data/processed/cif/pretrain_001416.cif,Cu,True,False,-0.7383152119917821,21.289141045891217,0.95,2.4612453615935463e+26,1.098298465153499e+25,25.970625831155317,14.283844207135424,0.04462368857213,8,1,29.0,1.35,0.0,1.0,TURETILMIS_PROXY,/home/rakeyma/Tüm_çalışmalar/MOF Radyoaktif Gaz Adsorpsiyonu/data/processed/cif/pretrain_001416.cif,TAM
pretrain_001417,MOF-5-var00253,PROCEDURAL_FALLBACK,/home/rakeyma/Tüm_çalışmalar/MOF Radyoaktif Gaz Adsorpsiyonu/data/processed/cif/pretrain_001417.cif,Zn8C18O23,False,False,-0.5816079762872757,8.292689209515508,0.93956631173285,1.1174098781698276e+26,1.2660316230363302e+25,24.542052591023435,13.49812892506289,0.11330055763512,49,3,10.857142857142858,0.7591836734693876,0.7307682411149394,0.1632653061224489,TURETILMIS_PROXY,/home/rakeyma/Tüm_çalışmalar/MOF Radyoaktif Gaz Adsorpsiyonu/data/processed/cif/pretrain_001417.cif,TAM
pretrain_001418,IRMOF-3-var00254,PROCEDURAL_FALLBACK,/home/rakeyma/Tüm_çalışmalar/MOF Radyoaktif Gaz Adsorpsiyonu/data/processed/cif/pretrain_001418.cif,Zn8C14(N3O2)7,False,True,-0.6719216861442863,8.203704162959069,0.9377525192330758,1.021109819086402e+26,1.1672145731258514e+25,25.17538778829306,13.846463283561183,0.1143084270965262,57,4,10.228070175438596,0.7482456140350877,0.6679446084818711,0.1403508771929824,TURETILMIS_PROXY,/home/rakeyma/Tüm_çalışmalar/MOF Radyoaktif Gaz Adsorpsiyonu/data/processed/cif/pretrain_001418.cif,TAM
pretrain_001419,ZIF-8-var00255,PROCEDURAL_FALLBACK,/home/rakeyma/Tüm_çalışmalar/MOF Radyoaktif Gaz Adsorpsiyonu/data/processed/cif/pretrain_001419.cif,Zn2(CN)3,False,False,-0.7912544069386888,2.877716765877328,0.8496888187645876,1.3394698427456049e+26,3.954984597333432e+25,15.439071921230848,8.491489556676967,0.2952649228165245,32,3,12.375,0.84375,0.5756349151637308,0.25,TURETILMIS_PROXY,/home/rakeyma/Tüm_çalışmalar/MOF Radyoaktif Gaz Adsorpsiyonu/data/processed/cif/pretrain_001419.cif,TAM
pretrain_001420,UiO-66-var00256,PROCEDURAL_FALLBACK,/home/rakeyma/Tüm_çalışmalar/MOF Radyoaktif Gaz Adsorpsiyonu/data/processed/cif/pretrain_001420.cif,Zr8(C5O7)3,False,False,-0.5898735091684036,3.826871516212605,0.8889357391308751,9.396860594554312e+25,2.182776501050908e+25,19.54377342266276,10.749075382464516,0.2322878454018861,44,3,13.136363636363637,0.806818181818182,0.8649084729996964,0.1818181818181818,TURETILMIS_PROXY,/home/rakeyma/Tüm_çalışmalar/MOF Radyoaktif Gaz Adsorpsiyonu/data/processed/cif/pretrain_001420.cif,TAM
pretrain_001421,UiO-66-NH2-var00257,PROCEDURAL_FALLBACK,/home/rakeyma/Tüm_çalışmalar/MOF Radyoaktif Gaz Adsorpsiyonu/data/processed/cif/pretrain_001421.cif,Zr4C4(NO)7,False,True,-0.6639437914776914,3.837616375275179,0.8920762776632383,9.429884115785366e+25,2.192031484700527e+25,19.573670176008925,10.76551859680491,0.2324558242482669,44,4,13.136363636363637,0.8068181818181818,0.7928114529949727,0.1818181818181818,TURETILMIS_PROXY,/home/rakeyma/Tüm_çalışmalar/MOF Radyoaktif Gaz Adsorpsiyonu/data/processed/cif/pretrain_001421.cif,TAM
pretrain_001422,Mg-MOF-74-var00258,PROCEDURAL_FALLBACK,/home/rakeyma/Tüm_çalışmalar/MOF Radyoaktif Gaz Adsorpsiyonu/data/processed/cif/pretrain_001422.cif,Mg3C2O3,True,False,-0.5697184454351181,7.840670755006836,0.9262013460332644,4.208359638266743e+26,4.9712435113611925e+25,6.704134435527978,3.687273939540388,0.118127820306932,16,3,9.0,0.9625,0.8734732712313271,0.375,TURETILMIS_PROXY,/home/rakeyma/Tüm_çalışmalar/MOF Radyoaktif Gaz Adsorpsiyonu/data/processed/cif/pretrain_001422.cif,TAM
pretrain_001423,Ni-MOF-74-var00259,PROCEDURAL_FALLBACK,/home/rakeyma/Tüm_çalışmalar/MOF Radyoaktif Gaz Adsorpsiyonu/data/processed/cif/pretrain_001423.cif,Ni3C2O3,True,False,-0.6842914251914909,4.590241440564004,0.9124879315962948,2.4220339712837848e+26,4.814728805291662e+25,6.602677337490225,3.631472535619624,0.1987886570698941,16,3,15.0,0.90625,0.6273931958686053,0.375,TURETILMIS_PROXY,/home/rakeyma/Tüm_çalışmalar/MOF Radyoaktif Gaz Adsorpsiyonu/data/processed/cif/pretrain_001423.cif,TAM
pretrain_001424,NU-1000-var00260,PROCEDURAL_FALLBACK,/home/rakeyma/Tüm_çalışmalar/MOF Radyoaktif Gaz Adsorpsiyonu/data/processed/cif/pretrain_001424.cif,Zr4C45O49,False,False,-0.6626992052215785,3.4738445955494583,0.841704250320505,3.2811031794294507e+25,7.950034654411677e+24,15.497813717175353,8.523797544446444,0.242297612103564,196,3,8.387755102040817,0.6846938775510204,0.8649084729996964,0.0408163265306122,TURETILMIS_PROXY,/home/rakeyma/Tüm_çalışmalar/MOF Radyoaktif Gaz Adsorpsiyonu/data/processed/cif/pretrain_001424.cif,TAM
pretrain_001425,MIL-53-var00261,PROCEDURAL_FALLBACK,/home/rakeyma/Tüm_çalışmalar/MOF Radyoaktif Gaz Adsorpsiyonu/data/processed/cif/pretrain_001425.cif,Al2C6O7,True,False,-0.8711208820735289,1.1043718824324174,0.6103722218091394,1.6887105250533925e+26,9.33328719759754e+25,5.238590087671519,2.881224548219336,0.5526872166147272,30,3,7.866666666666666,0.7266666666666667,0.7471873184743494,0.1333333333333333,TURETILMIS_PROXY,/home/rakeyma/Tüm_çalışmalar/MOF Radyoaktif Gaz Adsorpsiyonu/data/processed/cif/pretrain_001425.cif,TAM
pretrain_001426,MIL-101-var00262,PROCEDURAL_FALLBACK,/home/rakeyma/Tüm_çalışmalar/MOF Radyoaktif Gaz Adsorpsiyonu/data/processed/cif/pretrain_001426.cif,Cr,True,False,-0.725794616211514,991.6555320180714,0.95,3.0079620923073755e+26,2.8816094857825404e+23,40.0,22.0,0.0009579939498413,8,1,24.0,1.4,0.0,1.0,TURETILMIS_PROXY,/home/rakeyma/Tüm_çalışmalar/MOF Radyoaktif Gaz Adsorpsiyonu/data/processed/cif/pretrain_001426.cif,TAM
pretrain_001427,ZIF-67-var00263,PROCEDURAL_FALLBACK,/home/rakeyma/Tüm_çalışmalar/MOF Radyoaktif Gaz Adsorpsiyonu/data/processed/cif/pretrain_001427.cif,Co2(CN)3,False,False,-0.6822756957699915,3.157312974516522,0.8540357735233741,1.4353239630151917e+26,3.882472282298916e+25,15.600797532789317,8.580438643034125,0.2704944933924874,32,3,11.625,0.84375,0.4754646849837186,0.25,TURETILMIS_PROXY,/home/rakeyma/Tüm_çalışmalar/MOF Radyoaktif Gaz Adsorpsiyonu/data/processed/cif/pretrain_001427.cif,TAM
pretrain_001428,HKUST-1-var00264,PROCEDURAL_FALLBACK,/home/rakeyma/Tüm_çalışmalar/MOF Radyoaktif Gaz Adsorpsiyonu/data/processed/cif/pretrain_001428.cif,Cu8C3O4,True,False,-0.7754294686072007,17.221606408507643,0.95,2.0565797372057588e+26,1.1344764849464324e+25,25.691573749479684,14.130365562213829,0.055163262791251,15,3,18.8,1.0199999999999998,0.6312421616675067,0.5333333333333333,TURETILMIS_PROXY,/home/rakeyma/Tüm_çalışmalar/MOF Radyoaktif Gaz Adsorpsiyonu/data/processed/cif/pretrain_001428.cif,TAM
pretrain_001429,MOF-5-var00265,PROCEDURAL_FALLBACK,/home/rakeyma/Tüm_çalışmalar/MOF Radyoaktif Gaz Adsorpsiyonu/data/processed/cif/pretrain_001429.cif,Zn8C21O26,False,False,-0.5426852694232948,8.007824516886853,0.9358095699411512,1.03445078915079e+26,1.208878823554474e+25,24.839804962970884,13.661892729633989,0.1168618977560911,55,3,10.436363636363636,0.7472727272727274,0.7307682411149394,0.1454545454545454,TURETILMIS_PROXY,/home/rakeyma/Tüm_çalışmalar/MOF Radyoaktif Gaz Adsorpsiyonu/data/processed/cif/pretrain_001429.cif,TAM
pretrain_001430,IRMOF-3-var00266,PROCEDURAL_FALLBACK,/home/rakeyma/Tüm_çalışmalar/MOF Radyoaktif Gaz Adsorpsiyonu/data/processed/cif/pretrain_001430.cif,Zn8C14(N3O2)7,False,True,-0.6336701214592444,8.109590761850395,0.937075581176445,1.0203727076605598e+26,1.1790562262964669e+25,25.07572789388166,13.791650341634911,0.1155515251872745,57,4,10.228070175438596,0.7482456140350877,0.6679446084818711,0.1403508771929824,TURETILMIS_PROXY,/home/rakeyma/Tüm_çalışmalar/MOF Radyoaktif Gaz Adsorpsiyonu/data/processed/cif/pretrain_001430.cif,TAM
pretrain_001431,ZIF-8-var00267,PROCEDURAL_FALLBACK,/home/rakeyma/Tüm_çalışmalar/MOF Radyoaktif Gaz Adsorpsiyonu/data/processed/cif/pretrain_001431.cif,Zn4(CN)7,False,False,-0.6295322518613942,2.7873921874337007,0.8406611894999173,1.2475400975862395e+26,3.7625080069958265e+25,15.558864206593622,8.557375313626492,0.3015941543101971,36,3,11.72222222222222,0.8249999999999998,0.5756349151637308,0.2222222222222222,TURETILMIS_PROXY,/home/rakeyma/Tüm_çalışmalar/MOF Radyoaktif Gaz Adsorpsiyonu/data/processed/cif/pretrain_001431.cif,TAM
pretrain_001432,UiO-66-var00268,PROCEDURAL_FALLBACK,/home/rakeyma/Tüm_çalışmalar/MOF Radyoaktif Gaz Adsorpsiyonu/data/processed/cif/pretrain_001432.cif,Zr8(C5O7)3,False,False,-0.7799787625214282,3.893386117541027,0.8906256314682971,9.414724296074616e+25,2.153650965547476e+25,19.66257630552498,10.81441696803874,0.2287534820797059,44,3,13.136363636363637,0.806818181818182,0.8649084729996964,0.1818181818181818,TURETILMIS_PROXY,/home/rakeyma/Tüm_çalışmalar/MOF Radyoaktif Gaz Adsorpsiyonu/data/processed/cif/pretrain_001432.cif,TAM
pretrain_001433,UiO-66-NH2-var00269,PROCEDURAL_FALLBACK,/home/rakeyma/Tüm_çalışmalar/MOF Radyoaktif Gaz Adsorpsiyonu/data/processed/cif/pretrain_001433.cif,Zr2C2(NO)3,False,True,-0.6817725208347077,4.30071658841136,0.903947631056116,1.0038899566376144e+26,2.110029641545867e+25,20.04361613478808,11.023988874133446,0.2101853522484784,40,4,13.7,0.825,0.7928114529949727,0.2,TURETILMIS_PROXY,/home/rakeyma/Tüm_çalışmalar/MOF Radyoaktif Gaz Adsorpsiyonu/data/processed/cif/pretrain_001433.cif,TAM
pretrain_001434,Mg-MOF-74-var00270,PROCEDURAL_FALLBACK,/home/rakeyma/Tüm_çalışmalar/MOF Radyoaktif Gaz Adsorpsiyonu/data/processed/cif/pretrain_001434.cif,Mg6C6O7,True,False,-0.5867914682479032,6.667796259628264,0.911059065721604,3.637365086935689e+26,4.969939555376816e+25,6.486134586281412,3.5673740224547767,0.1366357084480557,19,3,8.631578947368421,0.9157894736842106,0.8734732712313271,0.3157894736842105,TURETILMIS_PROXY,/home/rakeyma/Tüm_çalışmalar/MOF Radyoaktif Gaz Adsorpsiyonu/data/processed/cif/pretrain_001434.cif,TAM
pretrain_001435,Ni-MOF-74-var00271,PROCEDURAL_FALLBACK,/home/rakeyma/Tüm_çalışmalar/MOF Radyoaktif Gaz Adsorpsiyonu/data/processed/cif/pretrain_001435.cif,Ni6C5O8,True,False,-0.7854365413277229,4.042501439796385,0.8978143399891382,2.188941488343124e+26,4.861502430857788e+25,6.413033874178197,3.527168630798009,0.2220937588668761,19,3,13.789473684210526,0.863157894736842,0.6273931958686053,0.3157894736842105,TURETILMIS_PROXY,/home/rakeyma/Tüm_çalışmalar/MOF Radyoaktif Gaz Adsorpsiyonu/data/processed/cif/pretrain_001435.cif,TAM
pretrain_001436,NU-1000-var00272,PROCEDURAL_FALLBACK,/home/rakeyma/Tüm_çalışmalar/MOF Radyoaktif Gaz Adsorpsiyonu/data/processed/cif/pretrain_001436.cif,Zr8C95O102,False,False,-0.5304335478437183,3.4254336000824086,0.8388649907837052,3.154225756542064e+25,7.724480661740833e+24,15.02433774773011,8.26338576125156,0.2448930817878133,205,3,8.321951219512195,0.6834146341463413,0.8649084729996964,0.0390243902439024,TURETILMIS_PROXY,/home/rakeyma/Tüm_çalışmalar/MOF Radyoaktif Gaz Adsorpsiyonu/data/processed/cif/pretrain_001436.cif,TAM
pretrain_001437,MIL-53-var00273,PROCEDURAL_FALLBACK,/home/rakeyma/Tüm_çalışmalar/MOF Radyoaktif Gaz Adsorpsiyonu/data/processed/cif/pretrain_001437.cif,Al2C6O7,True,False,-0.8229661034683278,1.0880911700432438,0.6068344626257567,1.6789226432419054e+26,9.36344442498716e+25,5.072992796954846,2.7901460383251657,0.5577055299526412,30,3,7.866666666666666,0.7266666666666667,0.7471873184743494,0.1333333333333333,TURETILMIS_PROXY,/home/rakeyma/Tüm_çalışmalar/MOF Radyoaktif Gaz Adsorpsiyonu/data/processed/cif/pretrain_001437.cif,TAM
pretrain_001438,MIL-101-var00274,PROCEDURAL_FALLBACK,/home/rakeyma/Tüm_çalışmalar/MOF Radyoaktif Gaz Adsorpsiyonu/data/processed/cif/pretrain_001438.cif,Cr,True,False,-0.8070867009287267,932.8579990634054,0.95,3.0079620923073755e+26,3.063235766387828e+23,40.0,22.0,0.0010183757881197,8,1,24.0,1.4,0.0,1.0,TURETILMIS_PROXY,/home/rakeyma/Tüm_çalışmalar/MOF Radyoaktif Gaz Adsorpsiyonu/data/processed/cif/pretrain_001438.cif,TAM
pretrain_001439,ZIF-67-var00275,PROCEDURAL_FALLBACK,/home/rakeyma/Tüm_çalışmalar/MOF Radyoaktif Gaz Adsorpsiyonu/data/processed/cif/pretrain_001439.cif,Co4(CN)7,False,False,-0.6467639067459474,2.9182450085993783,0.8394431111185201,1.322956662729972e+26,3.805529876910621e+25,15.481292479728571,8.514710863850716,0.2876534042360664,36,3,11.055555555555555,0.8249999999999998,0.4754646849837186,0.2222222222222222,TURETILMIS_PROXY,/home/rakeyma/Tüm_çalışmalar/MOF Radyoaktif Gaz Adsorpsiyonu/data/processed/cif/pretrain_001439.cif,TAM
pretrain_001440,HKUST-1-var00276,PROCEDURAL_FALLBACK,/home/rakeyma/Tüm_çalışmalar/MOF Radyoaktif Gaz Adsorpsiyonu/data/processed/cif/pretrain_001440.cif,Cu8(C3O4)3,True,False,-0.5772921213229348,12.602210039875713,0.95,1.5476620614533388e+26,1.1666834259454798e+25,25.452954317398135,13.999124874568976,0.0753836031135828,29,3,13.172413793103448,0.8379310344827587,0.6312421616675067,0.2758620689655172,TURETILMIS_PROXY,/home/rakeyma/Tüm_çalışmalar/MOF Radyoaktif Gaz Adsorpsiyonu/data/processed/cif/pretrain_001440.cif,TAM
pretrain_001441,MOF-5-var00277,PROCEDURAL_FALLBACK,/home/rakeyma/Tüm_çalışmalar/MOF Radyoaktif Gaz Adsorpsiyonu/data/processed/cif/pretrain_001441.cif,Zn4(C3O4)3,False,False,-0.7936160765539386,8.29585690203982,0.9395572337614015,1.1014858577311563e+26,1.2475010330309852e+25,24.662774510706857,13.564525980888773,0.113256200637981,50,3,10.8,0.7560000000000001,0.7307682411149394,0.16,TURETILMIS_PROXY,/home/rakeyma/Tüm_çalışmalar/MOF Radyoaktif Gaz Adsorpsiyonu/data/processed/cif/pretrain_001441.cif,TAM
pretrain_001442,IRMOF-3-var00278,PROCEDURAL_FALLBACK,/home/rakeyma/Tüm_çalışmalar/MOF Radyoaktif Gaz Adsorpsiyonu/data/processed/cif/pretrain_001442.cif,Zn4C6(N3O2)3,False,True,-0.5555139440016805,9.18540780659313,0.9455451789134268,1.1204098967992496e+26,1.153349093074564e+25,25.450784915688693,13.997931703628783,0.102939923716259,50,4,10.68,0.762,0.6679446084818711,0.16,TURETILMIS_PROXY,/home/rakeyma/Tüm_çalışmalar/MOF Radyoaktif Gaz Adsorpsiyonu/data/processed/cif/pretrain_001442.cif,TAM
pretrain_001443,ZIF-8-var00279,PROCEDURAL_FALLBACK,/home/rakeyma/Tüm_çalışmalar/MOF Radyoaktif Gaz Adsorpsiyonu/data/processed/cif/pretrain_001443.cif,Zn4(CN)7,False,False,-0.7264210371485488,2.7115889305482788,0.8369331854762037,1.242007744526962e+26,3.8334626841941143e+25,15.4051091627906,8.472810039534831,0.3086504654328181,36,3,11.72222222222222,0.8249999999999998,0.5756349151637308,0.2222222222222222,TURETILMIS_PROXY,/home/rakeyma/Tüm_çalışmalar/MOF Radyoaktif Gaz Adsorpsiyonu/data/processed/cif/pretrain_001443.cif,TAM
pretrain_001444,UiO-66-var00280,PROCEDURAL_FALLBACK,/home/rakeyma/Tüm_çalışmalar/MOF Radyoaktif Gaz Adsorpsiyonu/data/processed/cif/pretrain_001444.cif,Zr8C17O21,False,False,-0.6690013252290721,3.911021002097327,0.8889438257006596,9.219202235089996e+25,2.095451008924301e+25,19.81172528821253,10.896448908516891,0.2272920102510198,46,3,12.826086956521738,0.8021739130434785,0.8649084729996964,0.1739130434782608,TURETILMIS_PROXY,/home/rakeyma/Tüm_çalışmalar/MOF Radyoaktif Gaz Adsorpsiyonu/data/processed/cif/pretrain_001444.cif,TAM
pretrain_001445,UiO-66-NH2-var00281,PROCEDURAL_FALLBACK,/home/rakeyma/Tüm_çalışmalar/MOF Radyoaktif Gaz Adsorpsiyonu/data/processed/cif/pretrain_001445.cif,Zr4C5(NO)7,False,True,-0.7640204552024793,3.7323821728011866,0.8871007022762675,9.199919930700925e+25,2.186607655261927e+25,19.498746098975975,10.724310354436788,0.2376768136823701,46,4,12.826086956521738,0.8021739130434784,0.7928114529949727,0.1739130434782608,TURETILMIS_PROXY,/home/rakeyma/Tüm_çalışmalar/MOF Radyoaktif Gaz Adsorpsiyonu/data/processed/cif/pretrain_001445.cif,TAM
pretrain_001446,Mg-MOF-74-var00282,PROCEDURAL_FALLBACK,/home/rakeyma/Tüm_çalışmalar/MOF Radyoaktif Gaz Adsorpsiyonu/data/processed/cif/pretrain_001446.cif,Mg3(CO)2,True,False,-0.5890545119107368,8.826690682207088,0.933030090774794,4.7654472557586045e+26,5.037341678445627e+25,6.64774557147292,3.656260064310106,0.1057055383911439,14,3,9.142857142857142,1.014285714285714,0.8734732712313271,0.4285714285714285,TURETILMIS_PROXY,/home/rakeyma/Tüm_çalışmalar/MOF Radyoaktif Gaz Adsorpsiyonu/data/processed/cif/pretrain_001446.cif,TAM
pretrain_001447,Ni-MOF-74-var00283,PROCEDURAL_FALLBACK,/home/rakeyma/Tüm_çalışmalar/MOF Radyoaktif Gaz Adsorpsiyonu/data/processed/cif/pretrain_001447.cif,Ni2C2O3,True,False,-0.6952852712617543,3.781072129036349,0.8884319057930722,2.059291150628073e+26,4.838680403596498e+25,6.598814754069453,3.6293481147382,0.2349682511926847,21,3,13.142857142857142,0.8428571428571429,0.6273931958686053,0.2857142857142857,TURETILMIS_PROXY,/home/rakeyma/Tüm_çalışmalar/MOF Radyoaktif Gaz Adsorpsiyonu/data/processed/cif/pretrain_001447.cif,TAM
pretrain_001448,NU-1000-var00284,PROCEDURAL_FALLBACK,/home/rakeyma/Tüm_çalışmalar/MOF Radyoaktif Gaz Adsorpsiyonu/data/processed/cif/pretrain_001448.cif,Zr8C91O99,False,False,-0.5659406414361017,3.580391953198061,0.8455149014941445,3.2688582115368057e+25,7.71945743609757e+24,15.53778021611519,8.545779118863354,0.2361514919445949,198,3,8.373737373737374,0.6843434343434343,0.8649084729996964,0.0404040404040404,TURETILMIS_PROXY,/home/rakeyma/Tüm_çalışmalar/MOF Radyoaktif Gaz Adsorpsiyonu/data/processed/cif/pretrain_001448.cif,TAM
pretrain_001449,MIL-53-var00285,PROCEDURAL_FALLBACK,/home/rakeyma/Tüm_çalışmalar/MOF Radyoaktif Gaz Adsorpsiyonu/data/processed/cif/pretrain_001449.cif,Al4C11O13,True,False,-0.8906989954942607,1.1755029241441608,0.6262295092525246,1.840899481712252e+26,9.807083890116389e+25,5.257517093654704,2.891634401510088,0.5327332636866545,28,3,7.928571428571429,0.7321428571428571,0.7471873184743494,0.1428571428571428,TURETILMIS_PROXY,/home/rakeyma/Tüm_çalışmalar/MOF Radyoaktif Gaz Adsorpsiyonu/data/processed/cif/pretrain_001449.cif,TAM
pretrain_001450,MIL-101-var00286,PROCEDURAL_FALLBACK,/home/rakeyma/Tüm_çalışmalar/MOF Radyoaktif Gaz Adsorpsiyonu/data/processed/cif/pretrain_001450.cif,Cr,True,False,-0.7704444024162131,993.5891961052866,0.95,3.0079620923073755e+26,2.876001469111387e+23,40.0,22.0,0.0009561295591013,8,1,24.0,1.4,0.0,1.0,TURETILMIS_PROXY,/home/rakeyma/Tüm_çalışmalar/MOF Radyoaktif Gaz Adsorpsiyonu/data/processed/cif/pretrain_001450.cif,TAM
pretrain_001451,ZIF-67-var00287,PROCEDURAL_FALLBACK,/home/rakeyma/Tüm_çalışmalar/MOF Radyoaktif Gaz Adsorpsiyonu/data/processed/cif/pretrain_001451.cif,Co4(CN)7,False,False,-0.5896278534902981,2.8571971134309693,0.8365732333418,1.318433754773918e+26,3.860309056009532e+25,15.363806022907127,8.45009331259892,0.2927950715788135,36,3,11.055555555555555,0.8249999999999998,0.4754646849837186,0.2222222222222222,TURETILMIS_PROXY,/home/rakeyma/Tüm_çalışmalar/MOF Radyoaktif Gaz Adsorpsiyonu/data/processed/cif/pretrain_001451.cif,TAM
pretrain_001452,HKUST-1-var00288,PROCEDURAL_FALLBACK,/home/rakeyma/Tüm_çalışmalar/MOF Radyoaktif Gaz Adsorpsiyonu/data/processed/cif/pretrain_001452.cif,Cu8(C3O4)3,True,False,-0.6520060412776435,12.89200405881048,0.95,1.5476620614533388e+26,1.1404580324933062e+25,25.64657872117634,14.105618296646988,0.0736890863256255,29,3,13.172413793103448,0.8379310344827587,0.6312421616675067,0.2758620689655172,TURETILMIS_PROXY,/home/rakeyma/Tüm_çalışmalar/MOF Radyoaktif Gaz Adsorpsiyonu/data/processed/cif/pretrain_001452.cif,TAM
pretrain_001453,MOF-5-var00289,PROCEDURAL_FALLBACK,/home/rakeyma/Tüm_çalışmalar/MOF Radyoaktif Gaz Adsorpsiyonu/data/processed/cif/pretrain_001453.cif,Zn8(C7O9)3,False,False,-0.6149844854941129,7.908895586739657,0.9350523300323126,1.0199181060782336e+26,1.2058280338528744e+25,24.843970690877267,13.6641838799825,0.118227926994011,56,3,10.392857142857142,0.744642857142857,0.7307682411149394,0.1428571428571428,TURETILMIS_PROXY,/home/rakeyma/Tüm_çalışmalar/MOF Radyoaktif Gaz Adsorpsiyonu/data/processed/cif/pretrain_001453.cif,TAM
pretrain_001454,IRMOF-3-var00290,PROCEDURAL_FALLBACK,/home/rakeyma/Tüm_çalışmalar/MOF Radyoaktif Gaz Adsorpsiyonu/data/processed/cif/pretrain_001454.cif,Zn8C12N17O13,False,True,-0.7238701080271144,8.77840722883147,0.9433085774000086,1.115759357276208e+26,1.198970775217808e+25,25.074261846133265,13.790844015373295,0.1074578283748151,50,4,10.7,0.7610000000000001,0.6679446084818711,0.16,TURETILMIS_PROXY,/home/rakeyma/Tüm_çalışmalar/MOF Radyoaktif Gaz Adsorpsiyonu/data/processed/cif/pretrain_001454.cif,TAM
pretrain_001455,ZIF-8-var00291,PROCEDURAL_FALLBACK,/home/rakeyma/Tüm_çalışmalar/MOF Radyoaktif Gaz Adsorpsiyonu/data/processed/cif/pretrain_001455.cif,Zn8C14N15,False,False,-0.5875530393353056,2.835036986108335,0.8423645099007703,1.230645868447178e+26,3.6565745311807423e+25,15.734204022654,8.653812212459702,0.297126462204321,37,3,11.594594594594597,0.8202702702702701,0.5756349151637308,0.2162162162162162,TURETILMIS_PROXY,/home/rakeyma/Tüm_çalışmalar/MOF Radyoaktif Gaz Adsorpsiyonu/data/processed/cif/pretrain_001455.cif,TAM
pretrain_001456,UiO-66-var00292,PROCEDURAL_FALLBACK,/home/rakeyma/Tüm_çalışmalar/MOF Radyoaktif Gaz Adsorpsiyonu/data/processed/cif/pretrain_001456.cif,Zr8(C5O7)3,False,False,-0.6075983913105832,3.68861029651335,0.8852503948160975,9.357903147750842e+25,2.2458559702085494e+25,19.29215208931285,10.610683649122068,0.2399956416249443,44,3,13.136363636363637,0.806818181818182,0.8649084729996964,0.1818181818181818,TURETILMIS_PROXY,/home/rakeyma/Tüm_çalışmalar/MOF Radyoaktif Gaz Adsorpsiyonu/data/processed/cif/pretrain_001456.cif,TAM
pretrain_001457,UiO-66-NH2-var00293,PROCEDURAL_FALLBACK,/home/rakeyma/Tüm_çalışmalar/MOF Radyoaktif Gaz Adsorpsiyonu/data/processed/cif/pretrain_001457.cif,Zr8C7(NO)12,False,True,-0.6068112936256479,3.997040053718989,0.8985853343957949,1.008144765223576e+26,2.266437385672209e+25,19.47471301473629,10.711092158104965,0.2248126919718303,39,4,13.897435897435898,0.8282051282051283,0.7928114529949727,0.2051282051282051,TURETILMIS_PROXY,/home/rakeyma/Tüm_çalışmalar/MOF Radyoaktif Gaz Adsorpsiyonu/data/processed/cif/pretrain_001457.cif,TAM
pretrain_001458,Mg-MOF-74-var00294,PROCEDURAL_FALLBACK,/home/rakeyma/Tüm_çalışmalar/MOF Radyoaktif Gaz Adsorpsiyonu/data/processed/cif/pretrain_001458.cif,Mg3C2O3,True,False,-0.5229124816524041,7.575297025178026,0.923813035526534,4.197507927045183e+26,5.118891743573804e+25,6.593881643866724,3.6266349041266985,0.1219507344010479,16,3,9.0,0.9625,0.8734732712313271,0.375,TURETILMIS_PROXY,/home/rakeyma/Tüm_çalışmalar/MOF Radyoaktif Gaz Adsorpsiyonu/data/processed/cif/pretrain_001458.cif,TAM
pretrain_001459,Ni-MOF-74-var00295,PROCEDURAL_FALLBACK,/home/rakeyma/Tüm_çalışmalar/MOF Radyoaktif Gaz Adsorpsiyonu/data/processed/cif/pretrain_001459.cif,Ni3C2O3,True,False,-0.6749744835264366,4.415822857672695,0.9093446912170592,2.413690808908913e+26,4.9704822726460365e+25,6.568259714378121,3.612542842907967,0.2059287069536838,16,3,15.0,0.90625,0.6273931958686053,0.375,TURETILMIS_PROXY,/home/rakeyma/Tüm_çalışmalar/MOF Radyoaktif Gaz Adsorpsiyonu/data/processed/cif/pretrain_001459.cif,TAM
pretrain_001460,NU-1000-var00296,PROCEDURAL_FALLBACK,/home/rakeyma/Tüm_çalışmalar/MOF Radyoaktif Gaz Adsorpsiyonu/data/processed/cif/pretrain_001460.cif,Zr8(C10O11)9,False,False,-0.6420205573279101,3.6170541243991545,0.8471059413066337,3.2865965957673974e+25,7.697135312884481e+24,15.467680572219088,8.5072243147205,0.2341977510351328,197,3,8.385786802030458,0.6842639593908628,0.8649084729996964,0.0406091370558375,TURETILMIS_PROXY,/home/rakeyma/Tüm_çalışmalar/MOF Radyoaktif Gaz Adsorpsiyonu/data/processed/cif/pretrain_001460.cif,TAM
pretrain_001461,MIL-53-var00297,PROCEDURAL_FALLBACK,/home/rakeyma/Tüm_çalışmalar/MOF Radyoaktif Gaz Adsorpsiyonu/data/processed/cif/pretrain_001461.cif,Al4C9O11,True,False,-0.8790606772526136,1.453169833988026,0.6769582083073091,2.2744046662535705e+26,1.0595299130366391e+26,5.488207873090717,3.0185143301998947,0.4658493401624571,24,3,8.083333333333334,0.7458333333333332,0.7471873184743494,0.1666666666666666,TURETILMIS_PROXY,/home/rakeyma/Tüm_çalışmalar/MOF Radyoaktif Gaz Adsorpsiyonu/data/processed/cif/pretrain_001461.cif,TAM
pretrain_001462,MIL-101-var00298,PROCEDURAL_FALLBACK,/home/rakeyma/Tüm_çalışmalar/MOF Radyoaktif Gaz Adsorpsiyonu/data/processed/cif/pretrain_001462.cif,Cr,True,False,-0.7862880340578358,952.3992513970544,0.95,3.0079620923073755e+26,3.000384537787389e+23,40.0,22.0,0.0009974808344362,8,1,24.0,1.4,0.0,1.0,TURETILMIS_PROXY,/home/rakeyma/Tüm_çalışmalar/MOF Radyoaktif Gaz Adsorpsiyonu/data/processed/cif/pretrain_001462.cif,TAM
pretrain_001463,ZIF-67-var00299,PROCEDURAL_FALLBACK,/home/rakeyma/Tüm_çalışmalar/MOF Radyoaktif Gaz Adsorpsiyonu/data/processed/cif/pretrain_001463.cif,Co2(CN)3,False,False,-0.700138802861938,3.0556873962747804,0.8499099235008055,1.4283899075706894e+26,3.972928508828261e+25,15.419135906312892,8.48052474847209,0.2781403374366564,32,3,11.625,0.84375,0.4754646849837186,0.25,TURETILMIS_PROXY,/home/rakeyma/Tüm_çalışmalar/MOF Radyoaktif Gaz Adsorpsiyonu/data/processed/cif/pretrain_001463.cif,TAM
pretrain_001464,HKUST-1-var00300,PROCEDURAL_FALLBACK,/home/rakeyma/Tüm_çalışmalar/MOF Radyoaktif Gaz Adsorpsiyonu/data/processed/cif/pretrain_001464.cif,Cu4C3O4,True,False,-0.5154172754385343,14.253178183353413,0.95,1.7661914008162132e+26,1.1771983828385982e+25,25.37694403178816,13.957319217483487,0.0666518012880471,22,3,15.090909090909092,0.9000000000000002,0.6312421616675067,0.3636363636363636,TURETILMIS_PROXY,/home/rakeyma/Tüm_çalışmalar/MOF Radyoaktif Gaz Adsorpsiyonu/data/processed/cif/pretrain_001464.cif,TAM
pretrain_001465,MOF-5-var00301,PROCEDURAL_FALLBACK,/home/rakeyma/Tüm_çalışmalar/MOF Radyoaktif Gaz Adsorpsiyonu/data/processed/cif/pretrain_001465.cif,Zn8C21O25,False,False,-0.5407216595678521,7.905318996949155,0.9350379420914364,1.0476660544631249e+26,1.2391751831169724e+25,24.61876875717381,13.540322816445595,0.1182795966174533,54,3,10.48148148148148,0.7500000000000001,0.7307682411149394,0.1481481481481481,TURETILMIS_PROXY,/home/rakeyma/Tüm_çalışmalar/MOF Radyoaktif Gaz Adsorpsiyonu/data/processed/cif/pretrain_001465.cif,TAM
pretrain_001466,IRMOF-3-var00302,PROCEDURAL_FALLBACK,/home/rakeyma/Tüm_çalışmalar/MOF Radyoaktif Gaz Adsorpsiyonu/data/processed/cif/pretrain_001466.cif,Zn8C14(N3O2)7,False,True,-0.5867673540775038,7.761949750590791,0.93444209051232,1.0175051246677577e+26,1.2249494603197724e+25,24.700579352970617,13.58531864413384,0.1203875470130679,57,4,10.228070175438596,0.7482456140350877,0.6679446084818711,0.1403508771929824,TURETILMIS_PROXY,/home/rakeyma/Tüm_çalışmalar/MOF Radyoaktif Gaz Adsorpsiyonu/data/processed/cif/pretrain_001466.cif,TAM
pretrain_001467,ZIF-8-var00303,PROCEDURAL_FALLBACK,/home/rakeyma/Tüm_çalışmalar/MOF Radyoaktif Gaz Adsorpsiyonu/data/processed/cif/pretrain_001467.cif,Zn4(CN)7,False,False,-0.7587619378731024,2.869661288513811,0.8445189662464188,1.2532650331951492e+26,3.688261379498542e+25,15.722447222897198,8.64734597259346,0.2942922112887381,36,3,11.72222222222222,0.8249999999999998,0.5756349151637308,0.2222222222222222,TURETILMIS_PROXY,/home/rakeyma/Tüm_çalışmalar/MOF Radyoaktif Gaz Adsorpsiyonu/data/processed/cif/pretrain_001467.cif,TAM
pretrain_001468,UiO-66-var00304,PROCEDURAL_FALLBACK,/home/rakeyma/Tüm_çalışmalar/MOF Radyoaktif Gaz Adsorpsiyonu/data/processed/cif/pretrain_001468.cif,Zr4C7O9,False,False,-0.7267765660237581,4.206619536446898,0.8996027608076456,9.990813886481204e+25,2.1365763357304538e+25,19.880274715277192,10.934151093402456,0.2138540823607477,40,3,13.7,0.825,0.8649084729996964,0.2,TURETILMIS_PROXY,/home/rakeyma/Tüm_çalışmalar/MOF Radyoaktif Gaz Adsorpsiyonu/data/processed/cif/pretrain_001468.cif,TAM
pretrain_001469,UiO-66-NH2-var00305,PROCEDURAL_FALLBACK,/home/rakeyma/Tüm_çalışmalar/MOF Radyoaktif Gaz Adsorpsiyonu/data/processed/cif/pretrain_001469.cif,Zr4C5(NO)7,False,True,-0.5450692573216903,3.879753497485091,0.8909213717769471,9.239543226452725e+25,2.1217086423762656e+25,19.76622655538445,10.871424605461447,0.2296334992299006,46,4,12.826086956521738,0.8021739130434784,0.7928114529949727,0.1739130434782608,TURETILMIS_PROXY,/home/rakeyma/Tüm_çalışmalar/MOF Radyoaktif Gaz Adsorpsiyonu/data/processed/cif/pretrain_001469.cif,TAM
pretrain_001470,Mg-MOF-74-var00306,PROCEDURAL_FALLBACK,/home/rakeyma/Tüm_çalışmalar/MOF Radyoaktif Gaz Adsorpsiyonu/data/processed/cif/pretrain_001470.cif,Mg6C6O7,True,False,-0.5442202333846463,6.768426485091228,0.9122653887397596,3.6421812809618485e+26,4.909022694500837e+25,6.5635107519260885,3.609930913559349,0.1347824920236928,19,3,8.631578947368421,0.9157894736842106,0.8734732712313271,0.3157894736842105,TURETILMIS_PROXY,/home/rakeyma/Tüm_çalışmalar/MOF Radyoaktif Gaz Adsorpsiyonu/data/processed/cif/pretrain_001470.cif,TAM
pretrain_001471,Ni-MOF-74-var00307,PROCEDURAL_FALLBACK,/home/rakeyma/Tüm_çalışmalar/MOF Radyoaktif Gaz Adsorpsiyonu/data/processed/cif/pretrain_001471.cif,Ni2C2O3,True,False,-0.675784014774997,3.775881395454237,0.8882956647525064,2.058975358312016e+26,4.843846225738711e+25,6.58230288149116,3.6202665848201385,0.2352551819614675,21,3,13.142857142857142,0.8428571428571429,0.6273931958686053,0.2857142857142857,TURETILMIS_PROXY,/home/rakeyma/Tüm_çalışmalar/MOF Radyoaktif Gaz Adsorpsiyonu/data/processed/cif/pretrain_001471.cif,TAM
pretrain_001472,NU-1000-var00308,PROCEDURAL_FALLBACK,/home/rakeyma/Tüm_çalışmalar/MOF Radyoaktif Gaz Adsorpsiyonu/data/processed/cif/pretrain_001472.cif,Zr4(C15O16)3,False,False,-0.6912519976729602,3.528982335297553,0.8435990319658762,3.3199316084863754e+25,7.936257042431114e+24,15.421903190326471,8.48204675467956,0.2390488111907044,194,3,8.391752577319588,0.6855670103092782,0.8649084729996964,0.0412371134020618,TURETILMIS_PROXY,/home/rakeyma/Tüm_çalışmalar/MOF Radyoaktif Gaz Adsorpsiyonu/data/processed/cif/pretrain_001472.cif,TAM
pretrain_001473,MIL-53-var00309,PROCEDURAL_FALLBACK,/home/rakeyma/Tüm_çalışmalar/MOF Radyoaktif Gaz Adsorpsiyonu/data/processed/cif/pretrain_001473.cif,Al4C4O5,True,False,-0.7945786138947384,2.92584387321308,0.8149931774062147,4.548981150374991e+26,1.2671177145326424e+26,6.004932387767648,3.302712813272207,0.2785497834890322,13,3,8.923076923076923,0.8307692307692306,0.7471873184743494,0.3076923076923077,TURETILMIS_PROXY,/home/rakeyma/Tüm_çalışmalar/MOF Radyoaktif Gaz Adsorpsiyonu/data/processed/cif/pretrain_001473.cif,TAM
pretrain_001474,MIL-101-var00310,PROCEDURAL_FALLBACK,/home/rakeyma/Tüm_çalışmalar/MOF Radyoaktif Gaz Adsorpsiyonu/data/processed/cif/pretrain_001474.cif,Cr,True,False,-0.7753489245975917,953.858896014801,0.95,3.0079620923073755e+26,2.9957931929249057e+23,40.0,22.0,0.0009959544372538,8,1,24.0,1.4,0.0,1.0,TURETILMIS_PROXY,/home/rakeyma/Tüm_çalışmalar/MOF Radyoaktif Gaz Adsorpsiyonu/data/processed/cif/pretrain_001474.cif,TAM
pretrain_001475,ZIF-67-var00311,PROCEDURAL_FALLBACK,/home/rakeyma/Tüm_çalışmalar/MOF Radyoaktif Gaz Adsorpsiyonu/data/processed/cif/pretrain_001475.cif,Co4(CN)7,False,False,-0.6375372024257049,2.9376913687252277,0.8403362401250103,1.3243642280005228e+26,3.788387261378496e+25,15.51835412728141,8.535094770004777,0.2860532760763303,36,3,11.055555555555555,0.8249999999999998,0.4754646849837186,0.2222222222222222,TURETILMIS_PROXY,/home/rakeyma/Tüm_çalışmalar/MOF Radyoaktif Gaz Adsorpsiyonu/data/processed/cif/pretrain_001475.cif,TAM
pretrain_001476,HKUST-1-var00312,PROCEDURAL_FALLBACK,/home/rakeyma/Tüm_çalışmalar/MOF Radyoaktif Gaz Adsorpsiyonu/data/processed/cif/pretrain_001476.cif,Cu,True,False,-0.8764029797469992,21.287838025810057,0.95,2.4612453615935463e+26,1.0983656915648177e+25,25.97009596889148,14.283552782890316,0.0446264199703224,8,1,29.0,1.35,0.0,1.0,TURETILMIS_PROXY,/home/rakeyma/Tüm_çalışmalar/MOF Radyoaktif Gaz Adsorpsiyonu/data/processed/cif/pretrain_001476.cif,TAM
pretrain_001477,MOF-5-var00313,PROCEDURAL_FALLBACK,/home/rakeyma/Tüm_çalışmalar/MOF Radyoaktif Gaz Adsorpsiyonu/data/processed/cif/pretrain_001477.cif,Zn8(C3O4)7,False,False,-0.599636047558668,8.10330448076848,0.936505430813428,1.0081449339795654e+26,1.165121226728692e+25,25.162536336596556,13.839394985128106,0.1155708060873227,57,3,10.350877192982455,0.7421052631578947,0.7307682411149394,0.1403508771929824,TURETILMIS_PROXY,/home/rakeyma/Tüm_çalışmalar/MOF Radyoaktif Gaz Adsorpsiyonu/data/processed/cif/pretrain_001477.cif,TAM
pretrain_001478,IRMOF-3-var00314,PROCEDURAL_FALLBACK,/home/rakeyma/Tüm_çalışmalar/MOF Radyoaktif Gaz Adsorpsiyonu/data/processed/cif/pretrain_001478.cif,Zn8C14(N3O2)7,False,True,-0.5994032038826208,7.801211105137142,0.9347504973867304,1.0178409459865758e+26,1.2195892633837476e+25,24.74351681845493,13.608934250150211,0.1198212027323798,57,4,10.228070175438596,0.7482456140350877,0.6679446084818711,0.1403508771929824,TURETILMIS_PROXY,/home/rakeyma/Tüm_çalışmalar/MOF Radyoaktif Gaz Adsorpsiyonu/data/processed/cif/pretrain_001478.cif,TAM
pretrain_001479,ZIF-8-var00315,PROCEDURAL_FALLBACK,/home/rakeyma/Tüm_çalışmalar/MOF Radyoaktif Gaz Adsorpsiyonu/data/processed/cif/pretrain_001479.cif,Zn2(CN)3,False,False,-0.7075758330480847,2.871251880134731,0.8494013479267182,1.3390166668187348e+26,3.961207895278086e+25,15.426631750525384,8.484647462788962,0.2958296183638409,32,3,12.375,0.84375,0.5756349151637308,0.25,TURETILMIS_PROXY,/home/rakeyma/Tüm_çalışmalar/MOF Radyoaktif Gaz Adsorpsiyonu/data/processed/cif/pretrain_001479.cif,TAM
pretrain_001480,UiO-66-var00316,PROCEDURAL_FALLBACK,/home/rakeyma/Tüm_çalışmalar/MOF Radyoaktif Gaz Adsorpsiyonu/data/processed/cif/pretrain_001480.cif,Zr8(C5O7)3,False,False,-0.802768980551029,3.9944791827965274,0.8930977869117286,9.44085723127723e+25,2.1108155316259107e+25,19.840469897440528,10.912258443592291,0.2235830369971969,44,3,13.136363636363637,0.806818181818182,0.8649084729996964,0.1818181818181818,TURETILMIS_PROXY,/home/rakeyma/Tüm_çalışmalar/MOF Radyoaktif Gaz Adsorpsiyonu/data/processed/cif/pretrain_001480.cif,TAM
pretrain_001481,UiO-66-NH2-var00317,PROCEDURAL_FALLBACK,/home/rakeyma/Tüm_çalışmalar/MOF Radyoaktif Gaz Adsorpsiyonu/data/processed/cif/pretrain_001481.cif,Zr8C7(NO)12,False,True,-0.6964139353276448,4.093271891472977,0.900732892742584,1.0105541632211334e+26,2.223745206389601e+25,19.637576060349023,10.800666833191965,0.2200520553298628,39,4,13.897435897435898,0.8282051282051283,0.7928114529949727,0.2051282051282051,TURETILMIS_PROXY,/home/rakeyma/Tüm_çalışmalar/MOF Radyoaktif Gaz Adsorpsiyonu/data/processed/cif/pretrain_001481.cif,TAM
pretrain_001482,Mg-MOF-74-var00318,PROCEDURAL_FALLBACK,/home/rakeyma/Tüm_çalışmalar/MOF Radyoaktif Gaz Adsorpsiyonu/data/processed/cif/pretrain_001482.cif,Mg3C2O3,True,False,-0.6425044369158096,7.784229135692179,0.92570600378043,4.206108963126953e+26,5.001934362220026e+25,6.655052690831346,3.6602789799572406,0.118920703340539,16,3,9.0,0.9625,0.8734732712313271,0.375,TURETILMIS_PROXY,/home/rakeyma/Tüm_çalışmalar/MOF Radyoaktif Gaz Adsorpsiyonu/data/processed/cif/pretrain_001482.cif,TAM
pretrain_001483,Ni-MOF-74-var00319,PROCEDURAL_FALLBACK,/home/rakeyma/Tüm_çalışmalar/MOF Radyoaktif Gaz Adsorpsiyonu/data/processed/cif/pretrain_001483.cif,Ni6C5O6,True,False,-0.6124450562307344,4.238311985683507,0.9032058039113908,2.340737795828333e+26,4.988231092397879e+25,6.425510648313229,3.534030856572276,0.2131050774370334,17,3,14.470588235294118,0.8941176470588235,0.6273931958686053,0.3529411764705882,TURETILMIS_PROXY,/home/rakeyma/Tüm_çalışmalar/MOF Radyoaktif Gaz Adsorpsiyonu/data/processed/cif/pretrain_001483.cif,TAM
pretrain_001484,NU-1000-var00320,PROCEDURAL_FALLBACK,/home/rakeyma/Tüm_çalışmalar/MOF Radyoaktif Gaz Adsorpsiyonu/data/processed/cif/pretrain_001484.cif,Zr2C23O25,False,False,-0.7318710242730977,3.3795861057666423,0.8376473915434092,3.212032030907397e+25,7.961182724868383e+24,15.326634916090017,8.42964920384951,0.2478550228722144,200,3,8.36,0.6839999999999999,0.8649084729996964,0.04,TURETILMIS_PROXY,/home/rakeyma/Tüm_çalışmalar/MOF Radyoaktif Gaz Adsorpsiyonu/data/processed/cif/pretrain_001484.cif,TAM
pretrain_001485,MIL-53-var00321,PROCEDURAL_FALLBACK,/home/rakeyma/Tüm_çalışmalar/MOF Radyoaktif Gaz Adsorpsiyonu/data/processed/cif/pretrain_001485.cif,Al4C4O5,True,False,-0.6617425845955144,2.892965799854537,0.8132831912221532,4.539436659532191e+26,1.2761462762542174e+26,5.938198055799765,3.2660089306898707,0.2811243711429448,13,3,8.923076923076923,0.8307692307692306,0.7471873184743494,0.3076923076923077,TURETILMIS_PROXY,/home/rakeyma/Tüm_çalışmalar/MOF Radyoaktif Gaz Adsorpsiyonu/data/processed/cif/pretrain_001485.cif,TAM
pretrain_001486,MIL-101-var00322,PROCEDURAL_FALLBACK,/home/rakeyma/Tüm_çalışmalar/MOF Radyoaktif Gaz Adsorpsiyonu/data/processed/cif/pretrain_001486.cif,Cr,True,False,-0.6480450037818593,972.9525056861204,0.95,3.0079620923073755e+26,2.937002547392453e+23,40.0,22.0,0.0009764094284644,8,1,24.0,1.4,0.0,1.0,TURETILMIS_PROXY,/home/rakeyma/Tüm_çalışmalar/MOF Radyoaktif Gaz Adsorpsiyonu/data/processed/cif/pretrain_001486.cif,TAM
pretrain_001487,ZIF-67-var00323,PROCEDURAL_FALLBACK,/home/rakeyma/Tüm_çalışmalar/MOF Radyoaktif Gaz Adsorpsiyonu/data/processed/cif/pretrain_001487.cif,Co2(CN)3,False,False,-0.7225208662306362,3.2021505950614944,0.8557848622265782,1.4382635458839408e+26,3.843804761581367e+25,15.679646346816618,8.62380549074914,0.267253159032061,32,3,11.625,0.84375,0.4754646849837186,0.25,TURETILMIS_PROXY,/home/rakeyma/Tüm_çalışmalar/MOF Radyoaktif Gaz Adsorpsiyonu/data/processed/cif/pretrain_001487.cif,TAM
pretrain_001488,HKUST-1-var00324,PROCEDURAL_FALLBACK,/home/rakeyma/Tüm_çalışmalar/MOF Radyoaktif Gaz Adsorpsiyonu/data/processed/cif/pretrain_001488.cif,Cu2C3O4,True,False,-0.6381261001698774,11.355610801174926,0.95,1.3772554339618232e+26,1.152199282955662e+25,25.559165723933397,14.057541148163368,0.0836590841860929,36,3,12.0,0.8,0.6312421616675067,0.2222222222222222,TURETILMIS_PROXY,/home/rakeyma/Tüm_çalışmalar/MOF Radyoaktif Gaz Adsorpsiyonu/data/processed/cif/pretrain_001488.cif,TAM
pretrain_001489,MOF-5-var00325,PROCEDURAL_FALLBACK,/home/rakeyma/Tüm_çalışmalar/MOF Radyoaktif Gaz Adsorpsiyonu/data/processed/cif/pretrain_001489.cif,Zn4(C3O4)3,False,False,-0.5643332257706728,8.933263624386461,0.9436268279160333,1.10625682883005e+26,1.1685467552974458e+25,25.29711945258464,13.913415698921554,0.1056306930582541,50,3,10.8,0.7560000000000001,0.7307682411149394,0.16,TURETILMIS_PROXY,/home/rakeyma/Tüm_çalışmalar/MOF Radyoaktif Gaz Adsorpsiyonu/data/processed/cif/pretrain_001489.cif,TAM
pretrain_001490,IRMOF-3-var00326,PROCEDURAL_FALLBACK,/home/rakeyma/Tüm_çalışmalar/MOF Radyoaktif Gaz Adsorpsiyonu/data/processed/cif/pretrain_001490.cif,Zn8C12N17O13,False,True,-0.5773050618946044,8.972083030254446,0.9444643835950982,1.1171264619631211e+26,1.175965661193675e+25,25.262479676629336,13.894363822146136,0.1052670132911502,50,4,10.7,0.7610000000000001,0.6679446084818711,0.16,TURETILMIS_PROXY,/home/rakeyma/Tüm_çalışmalar/MOF Radyoaktif Gaz Adsorpsiyonu/data/processed/cif/pretrain_001490.cif,TAM
pretrain_001491,ZIF-8-var00327,PROCEDURAL_FALLBACK,/home/rakeyma/Tüm_çalışmalar/MOF Radyoaktif Gaz Adsorpsiyonu/data/processed/cif/pretrain_001491.cif,Zn8C12N13,False,False,-0.7903625192958929,2.94416409358374,0.8519238388942518,1.3208493570332713e+26,3.822012017934365e+25,15.65030585713009,8.60766822142155,0.2893601755251557,33,3,12.212121212121213,0.8378787878787879,0.5756349151637308,0.2424242424242424,TURETILMIS_PROXY,/home/rakeyma/Tüm_çalışmalar/MOF Radyoaktif Gaz Adsorpsiyonu/data/processed/cif/pretrain_001491.cif,TAM
pretrain_001492,UiO-66-var00328,PROCEDURAL_FALLBACK,/home/rakeyma/Tüm_çalışmalar/MOF Radyoaktif Gaz Adsorpsiyonu/data/processed/cif/pretrain_001492.cif,Zr8(C2O3)7,False,False,-0.6442769012841107,3.837467614550172,0.8903203576497909,9.503105990238172e+25,2.204789609671924e+25,19.503792674845855,10.727085971165224,0.2320072628819186,43,3,13.30232558139535,0.8093023255813955,0.8649084729996964,0.1860465116279069,TURETILMIS_PROXY,/home/rakeyma/Tüm_çalışmalar/MOF Radyoaktif Gaz Adsorpsiyonu/data/processed/cif/pretrain_001492.cif,TAM
pretrain_001493,UiO-66-NH2-var00329,PROCEDURAL_FALLBACK,/home/rakeyma/Tüm_çalışmalar/MOF Radyoaktif Gaz Adsorpsiyonu/data/processed/cif/pretrain_001493.cif,Zr8C11(NO)14,False,True,-0.5112064304260733,3.8777302833203695,0.889804209377784,9.141502902607506e+25,2.0976569200203358e+25,19.82075058580532,10.901412822192926,0.2294652140209902,47,4,12.680851063829786,0.8000000000000002,0.7928114529949727,0.1702127659574468,TURETILMIS_PROXY,/home/rakeyma/Tüm_çalışmalar/MOF Radyoaktif Gaz Adsorpsiyonu/data/processed/cif/pretrain_001493.cif,TAM
pretrain_001494,Mg-MOF-74-var00330,PROCEDURAL_FALLBACK,/home/rakeyma/Tüm_çalışmalar/MOF Radyoaktif Gaz Adsorpsiyonu/data/processed/cif/pretrain_001494.cif,Mg3C2O3,True,False,-0.5957162496835221,7.698849051300145,0.9249439249481132,4.202646323159051e+26,5.049082219185783e+25,6.495212125987682,3.572366669293225,0.1201405455263359,16,3,9.0,0.9625,0.8734732712313271,0.375,TURETILMIS_PROXY,/home/rakeyma/Tüm_çalışmalar/MOF Radyoaktif Gaz Adsorpsiyonu/data/processed/cif/pretrain_001494.cif,TAM
pretrain_001495,Ni-MOF-74-var00331,PROCEDURAL_FALLBACK,/home/rakeyma/Tüm_çalışmalar/MOF Radyoaktif Gaz Adsorpsiyonu/data/processed/cif/pretrain_001495.cif,Ni3C2O3,True,False,-0.7003115022877839,4.402688541026049,0.9090988278311576,2.4130382090746256e+26,4.982615024750983e+25,6.43760497277514,3.5406827350263272,0.2064871996644331,16,3,15.0,0.90625,0.6273931958686053,0.375,TURETILMIS_PROXY,/home/rakeyma/Tüm_çalışmalar/MOF Radyoaktif Gaz Adsorpsiyonu/data/processed/cif/pretrain_001495.cif,TAM
pretrain_001496,NU-1000-var00332,PROCEDURAL_FALLBACK,/home/rakeyma/Tüm_çalışmalar/MOF Radyoaktif Gaz Adsorpsiyonu/data/processed/cif/pretrain_001496.cif,Zr8(C18O19)5,False,False,-0.7443870996229793,3.594883002117583,0.8459284983448689,3.3450907981703827e+25,7.871487428260274e+24,15.269569756474478,8.398263366060963,0.2353146118654127,193,3,8.393782383419689,0.6860103626943004,0.8649084729996964,0.0414507772020725,TURETILMIS_PROXY,/home/rakeyma/Tüm_çalışmalar/MOF Radyoaktif Gaz Adsorpsiyonu/data/processed/cif/pretrain_001496.cif,TAM
pretrain_001497,MIL-53-var00333,PROCEDURAL_FALLBACK,/home/rakeyma/Tüm_çalışmalar/MOF Radyoaktif Gaz Adsorpsiyonu/data/processed/cif/pretrain_001497.cif,Al4C10O11,True,False,-0.8565738529845872,1.3450404819893629,0.6565825590670742,2.1403704344811348e+26,1.0448234949364469e+26,5.275053484044456,2.901279416224451,0.4881507789980903,25,3,8.0,0.7439999999999999,0.7471873184743494,0.16,TURETILMIS_PROXY,/home/rakeyma/Tüm_çalışmalar/MOF Radyoaktif Gaz Adsorpsiyonu/data/processed/cif/pretrain_001497.cif,TAM
pretrain_001498,MIL-101-var00334,PROCEDURAL_FALLBACK,/home/rakeyma/Tüm_çalışmalar/MOF Radyoaktif Gaz Adsorpsiyonu/data/processed/cif/pretrain_001498.cif,Cr,True,False,-0.8697580979766103,990.3507078288488,0.95,3.0079620923073755e+26,2.885406114321521e+23,40.0,22.0,0.0009592561427887,8,1,24.0,1.4,0.0,1.0,TURETILMIS_PROXY,/home/rakeyma/Tüm_çalışmalar/MOF Radyoaktif Gaz Adsorpsiyonu/data/processed/cif/pretrain_001498.cif,TAM
pretrain_001499,ZIF-67-var00335,PROCEDURAL_FALLBACK,/home/rakeyma/Tüm_çalışmalar/MOF Radyoaktif Gaz Adsorpsiyonu/data/processed/cif/pretrain_001499.cif,Co8C14N15,False,False,-0.7939107467286632,2.9553302081619024,0.8406941036738705,1.3030881270941589e+26,3.706856519755344e+25,15.63685031415467,8.600267672785069,0.2844670627167408,37,3,10.945945945945946,0.8202702702702701,0.4754646849837186,0.2162162162162162,TURETILMIS_PROXY,/home/rakeyma/Tüm_çalışmalar/MOF Radyoaktif Gaz Adsorpsiyonu/data/processed/cif/pretrain_001499.cif,TAM
