fold,sample_id,base_mof_id,mof_name,atom_idx,element,x,y,z,subgraphx_onem,in_cekirdek_alt_graf
1,finetune_000005_v00,finetune_000005,CuHC4O3,0,Cu,-2.7883360385894775,-3.0769548416137695,3.314936876296997,0.960023678301516,True
1,finetune_000005_v00,finetune_000005,CuHC4O3,1,Cu,-4.573533535003662,-2.417556047439575,5.63763427734375,0.9600184705576906,True
1,finetune_000005_v00,finetune_000005,CuHC4O3,2,Cu,-5.554505348205566,0.9699435234069824,-2.6067137718200684,0.9599610026107925,True
1,finetune_000005_v00,finetune_000005,CuHC4O3,3,H,-5.355808258056641,0.8147908449172974,0.9080972671508789,0.9598895298848759,False
1,finetune_000005_v00,finetune_000005,CuHC4O3,4,H,-7.06347131729126,-0.8143119812011719,0.8305251002311707,0.9598966518055868,True
1,finetune_000005_v00,finetune_000005,CuHC4O3,5,C,-4.635576248168945,-0.9953234195709229,2.6162619590759277,0.9599468895841137,True
1,finetune_000005_v00,finetune_000005,CuHC4O3,6,C,-4.393350124359131,0.5562031269073486,0.6527774333953857,0.9599705333472435,True
1,finetune_000005_v00,finetune_000005,CuHC4O3,7,C,-3.865579605102539,-0.37471282482147217,1.5135425329208374,0.9599791821986302,True
1,finetune_000005_v00,finetune_000005,CuHC4O3,8,C,-7.783703327178955,0.9958022832870483,-0.877639651298523,0.9599487510781238,True
1,finetune_000005_v00,finetune_000005,CuHC4O3,9,C,-3.694772243499756,0.9052965641021729,-0.5077864527702332,0.9206485339540903,True
1,finetune_000005_v00,finetune_000005,CuHC4O3,10,C,-4.154262542724609,1.189743161201477,-5.086567401885986,0.9198921995949892,True
1,finetune_000005_v00,finetune_000005,CuHC4O3,11,C,-5.2036824226379395,0.6467088460922241,-5.994935512542725,0.9599742140902465,True
1,finetune_000005_v00,finetune_000005,CuHC4O3,12,C,-5.942476272583008,4.266937255859375,-2.816178798675537,0.9199571348140096,True
1,finetune_000005_v00,finetune_000005,CuHC4O3,13,O,-5.601121425628662,-0.2583483159542084,2.9850826263427734,0.9599254039274384,True
1,finetune_000005_v00,finetune_000005,CuHC4O3,14,O,-4.3655009269714355,-1.9908863306045532,3.2643587589263916,0.9600348714553684,True
1,finetune_000005_v00,finetune_000005,CuHC4O3,15,O,-2.9869906902313232,-1.7581573724746704,6.614034652709961,0.9600257880436992,True
1,finetune_000005_v00,finetune_000005,CuHC4O3,16,O,-3.620435953140259,-3.9302945137023926,4.953970909118652,0.9599697865403871,True
1,finetune_000005_v00,finetune_000005,CuHC4O3,17,O,-6.818158149719238,0.25882717967033386,-1.2464603185653687,0.9599812851951259,True
1,finetune_000005_v00,finetune_000005,CuHC4O3,18,O,-4.306370258331299,1.8491419553756714,-1.2739055156707764,0.9200234102626731,True
1,finetune_000005_v00,finetune_000005,CuHC4O3,19,O,-4.163573265075684,1.2802488803863525,-3.8868002891540527,0.9599649711805921,True
1,finetune_000005_v00,finetune_000005,CuHC4O3,20,O,-6.802618503570557,0.685496985912323,-4.029967308044434,0.9599793936065066,True
1,finetune_000005_v00,finetune_000005,CuHC4O3,21,O,-4.84028959274292,4.435019493103027,-2.2091636657714844,0.9199544358540651,True
1,finetune_000005_v00,finetune_000005,CuHC4O3,22,O,-6.187789440155029,3.193798303604126,-3.3170182704925537,0.9600389141336024,True
1,finetune_000005_v00,finetune_000005,CuHC4O3,23,H,-0.829383134841919,-6.735971927642822,3.093454599380493,0.959918524823186,True
1,finetune_000005_v00,finetune_000005,CuHC4O3,24,C,0.19517990946769714,-6.710113048553467,3.2364704608917236,0.9599714653450423,True
1,finetune_000005_v00,finetune_000005,CuHC4O3,25,Cu,3.421131134033203,-3.0769548416137695,2.445789337158203,1.0,True
1,finetune_000005_v00,finetune_000005,CuHC4O3,26,Cu,-0.6553068161010742,-0.9694646596908569,3.4761886596679688,1.0,True
1,finetune_000005_v00,finetune_000005,CuHC4O3,27,Cu,1.635933518409729,-2.417556047439575,4.768486976623535,1.0,True
1,finetune_000005_v00,finetune_000005,CuHC4O3,28,Cu,-3.421476125717163,3.0774338245391846,-2.4454619884490967,1.0,True
1,finetune_000005_v00,finetune_000005,CuHC4O3,29,Cu,0.6549618244171143,0.9699435234069824,-3.4758613109588623,1.0,True
1,finetune_000005_v00,finetune_000005,CuHC4O3,30,Cu,-1.636278510093689,2.4180350303649902,-4.76815938949585,1.0,True
1,finetune_000005_v00,finetune_000005,CuHC4O3,31,H,0.8536590933799744,0.8147908449172974,0.038949836045503616,1.0,True
1,finetune_000005_v00,finetune_000005,CuHC4O3,32,H,-2.185924768447876,-0.5427948832511902,-6.598250389099121,1.0,True
1,finetune_000005_v00,finetune_000005,CuHC4O3,33,H,-0.8540040254592896,-0.8143119812011719,-0.038622379302978516,1.0,True
1,finetune_000005_v00,finetune_000005,CuHC4O3,34,H,2.185579776763916,0.5432737469673157,6.598577976226807,1.0,True
1,finetune_000005_v00,finetune_000005,CuHC4O3,35,C,1.5738909244537354,-0.9953234195709229,1.7471145391464233,1.0,True
1,finetune_000005_v00,finetune_000005,CuHC4O3,36,C,1.8161170482635498,0.5562031269073486,-0.21637004613876343,1.0,True
1,finetune_000005_v00,finetune_000005,CuHC4O3,37,C,2.3438875675201416,-0.37471282482147217,0.644395112991333,1.0,True
1,finetune_000005_v00,finetune_000005,CuHC4O3,38,C,-2.5150399208068848,-0.9048177003860474,1.3772614002227783,0.9599752536554349,True
1,finetune_000005_v00,finetune_000005,CuHC4O3,39,C,-2.0555496215820312,-1.1892642974853516,5.956042289733887,1.0,True
1,finetune_000005_v00,finetune_000005,CuHC4O3,40,C,-1.2296583652496338,-0.3100658655166626,-6.912997722625732,1.0,True
1,finetune_000005_v00,finetune_000005,CuHC4O3,41,C,-1.0061298608779907,-0.6462299823760986,6.864410400390625,1.0,True
1,finetune_000005_v00,finetune_000005,CuHC4O3,42,C,0.26992371678352356,-0.4264303743839264,6.195865154266357,1.0,True
1,finetune_000005_v00,finetune_000005,CuHC4O3,43,C,-0.2673358619213104,-4.266458511352539,3.6856536865234375,1.0,True
1,finetune_000005_v00,finetune_000005,CuHC4O3,44,C,-2.9090800285339355,6.219274997711182,-3.866354465484619,0.9598895298848759,False
1,finetune_000005_v00,finetune_000005,CuHC4O3,45,C,0.6360985040664673,-5.443032741546631,3.521496057510376,0.9599610026107925,True
1,finetune_000005_v00,finetune_000005,CuHC4O3,46,C,2.039449453353882,-5.13272762298584,3.7622461318969727,0.9599649711805921,True
1,finetune_000005_v00,finetune_000005,CuHC4O3,47,C,-1.5742359161376953,0.9958022832870483,-1.7467870712280273,1.0,True
1,finetune_000005_v00,finetune_000005,CuHC4O3,48,C,-1.8164620399475098,-0.5557242631912231,0.21669749915599823,1.0,True
1,finetune_000005_v00,finetune_000005,CuHC4O3,49,C,-2.3442325592041016,0.37519168853759766,-0.644067645072937,1.0,True
1,finetune_000005_v00,finetune_000005,CuHC4O3,50,C,2.514694929122925,0.9052965641021729,-1.3769339323043823,1.0,True
1,finetune_000005_v00,finetune_000005,CuHC4O3,51,C,2.0552046298980713,1.189743161201477,-5.955714702606201,0.9599793936065066,True
1,finetune_000005_v00,finetune_000005,CuHC4O3,52,C,1.2293133735656738,0.3105447292327881,6.898250102996826,0.9599697865403871,True
1,finetune_000005_v00,finetune_000005,CuHC4O3,53,C,1.0057848691940308,0.6467088460922241,-6.864083290100098,1.0,True
1,finetune_000005_v00,finetune_000005,CuHC4O3,54,C,-0.27026867866516113,0.4269092381000519,-6.195537567138672,0.9599434485168654,True
1,finetune_000005_v00,finetune_000005,CuHC4O3,55,C,0.26699092984199524,4.266937255859375,-3.685326099395752,1.0,True
1,finetune_000005_v00,finetune_000005,CuHC4O3,56,C,2.911839246749878,-6.231725692749023,3.8737847805023193,1.0,True
1,finetune_000005_v00,finetune_000005,CuHC4O3,57,C,-0.6364434361457825,5.443511962890625,-3.5211684703826904,1.0,True
1,finetune_000005_v00,finetune_000005,CuHC4O3,58,C,-2.0335848331451416,5.133206367492676,-3.7627878189086914,1.0,True
1,finetune_000005_v00,finetune_000005,CuHC4O3,59,O,0.6083458065986633,-0.2583483159542084,2.1159353256225586,1.0,True
1,finetune_000005_v00,finetune_000005,CuHC4O3,60,O,1.8439663648605347,-1.9908863306045532,2.3952112197875977,1.0,True
1,finetune_000005_v00,finetune_000005,CuHC4O3,61,O,-1.9034419059753418,-1.848663091659546,2.1433804035186768,1.0,True
1,finetune_000005_v00,finetune_000005,CuHC4O3,62,O,3.2224764823913574,-1.7581573724746704,5.744887351989746,1.0,True
1,finetune_000005_v00,finetune_000005,CuHC4O3,63,O,-2.046238899230957,-1.279770016670227,4.756275177001953,1.0,True
1,finetune_000005_v00,finetune_000005,CuHC4O3,64,O,0.5928065180778503,-0.6850181221961975,4.899442195892334,1.0,True
1,finetune_000005_v00,finetune_000005,CuHC4O3,65,O,-1.3695224523544312,-4.434540748596191,3.0786385536193848,1.0,True
1,finetune_000005_v00,finetune_000005,CuHC4O3,66,O,-0.022022604942321777,-3.193319320678711,4.186493396759033,1.0,True
1,finetune_000005_v00,finetune_000005,CuHC4O3,67,O,2.589031457901001,-3.9302945137023926,4.0848236083984375,0.9600184705576906,True
1,finetune_000005_v00,finetune_000005,CuHC4O3,68,O,-0.6086907982826233,0.25882717967033386,-2.115607738494873,1.0,True
1,finetune_000005_v00,finetune_000005,CuHC4O3,69,O,-1.844311237335205,1.9913651943206787,-2.394883871078491,1.0,True
1,finetune_000005_v00,finetune_000005,CuHC4O3,70,O,1.9030969142913818,1.8491419553756714,-2.1430530548095703,1.0,True
1,finetune_000005_v00,finetune_000005,CuHC4O3,71,O,-3.2228214740753174,1.758636236190796,-5.7445597648620605,0.9599705333472435,True
1,finetune_000005_v00,finetune_000005,CuHC4O3,72,O,2.045893907546997,1.2802488803863525,-4.755948066711426,1.0,True
1,finetune_000005_v00,finetune_000005,CuHC4O3,73,O,-0.5931515097618103,0.685496985912323,-4.899114608764648,0.9600348714553684,True
1,finetune_000005_v00,finetune_000005,CuHC4O3,74,O,1.3691774606704712,4.435019493103027,-3.078310966491699,1.0,True
1,finetune_000005_v00,finetune_000005,CuHC4O3,75,O,0.02167765237390995,3.193798303604126,-4.186165809631348,0.9599758496188837,True
1,finetune_000005_v00,finetune_000005,CuHC4O3,76,O,-2.589376211166382,3.9307732582092285,-4.084496021270752,1.0,True
1,finetune_000005_v00,finetune_000005,CuHC4O3,77,H,0.829038143157959,6.736450672149658,-3.0931272506713867,0.9599254039274384,True
1,finetune_000005_v00,finetune_000005,CuHC4O3,78,C,-0.1924206018447876,6.697662353515625,-3.2290401458740234,1.0,True
1,finetune_000005_v00,finetune_000005,CuHC4O3,79,Cu,5.5541605949401855,-0.9694646596908569,2.607041120529175,0.9199951436465583,True
1,finetune_000005_v00,finetune_000005,CuHC4O3,80,Cu,2.7879910469055176,3.0774338245391846,-3.3146092891693115,0.9600257880436992,True
1,finetune_000005_v00,finetune_000005,CuHC4O3,81,Cu,4.573188781738281,2.4180350303649902,-5.6373066902160645,1.0,True
1,finetune_000005_v00,finetune_000005,CuHC4O3,82,H,7.063126087188721,0.8147908449172974,-0.8301976323127747,1.0,True
1,finetune_000005_v00,finetune_000005,CuHC4O3,83,H,5.355463027954102,-0.8143119812011719,-0.9077698588371277,1.0,True
1,finetune_000005_v00,finetune_000005,CuHC4O3,84,C,7.783358097076416,-0.9953234195709229,0.8779670596122742,1.0,True
1,finetune_000005_v00,finetune_000005,CuHC4O3,85,C,3.694427251815796,-0.9048177003860474,0.5081139206886292,0.9599844961290703,True
1,finetune_000005_v00,finetune_000005,CuHC4O3,86,C,4.15391731262207,-1.1892642974853516,5.086894989013672,1.0,True
1,finetune_000005_v00,finetune_000005,CuHC4O3,87,C,5.2033371925354,-0.6462299823760986,5.99526309967041,0.9598966518055868,True
1,finetune_000005_v00,finetune_000005,CuHC4O3,88,C,5.942131519317627,-4.266458511352539,2.8165061473846436,1.0,True
1,finetune_000005_v00,finetune_000005,CuHC4O3,89,C,4.635231018066406,0.9958022832870483,-2.6159346103668213,1.0,True
1,finetune_000005_v00,finetune_000005,CuHC4O3,90,C,4.39300537109375,-0.5557242631912231,-0.6524499654769897,1.0,True
1,finetune_000005_v00,finetune_000005,CuHC4O3,91,C,3.865234613418579,0.37519168853759766,-1.513215184211731,1.0,True
1,finetune_000005_v00,finetune_000005,CuHC4O3,92,O,6.817812919616699,-0.2583483159542084,1.2467877864837646,1.0,True
1,finetune_000005_v00,finetune_000005,CuHC4O3,93,O,4.306025505065918,-1.848663091659546,1.2742329835891724,1.0,True
1,finetune_000005_v00,finetune_000005,CuHC4O3,94,O,4.163228511810303,-1.279770016670227,3.8871278762817383,0.959918524823186,True
1,finetune_000005_v00,finetune_000005,CuHC4O3,95,O,6.802273750305176,-0.6850181221961975,4.030294895172119,1.0,True
1,finetune_000005_v00,finetune_000005,CuHC4O3,96,O,4.839944839477539,-4.434540748596191,2.209491014480591,1.0,True
1,finetune_000005_v00,finetune_000005,CuHC4O3,97,O,6.187444686889648,-3.193319320678711,3.3173458576202393,1.0,True
1,finetune_000005_v00,finetune_000005,CuHC4O3,98,O,5.600776195526123,0.25882717967033386,-2.984755277633667,1.0,True
1,finetune_000005_v00,finetune_000005,CuHC4O3,99,O,4.3651556968688965,1.9913651943206787,-3.264031410217285,0.9599742140902465,True
1,finetune_000005_v00,finetune_000005,CuHC4O3,100,O,2.9866456985473633,1.758636236190796,-6.613707542419434,1.0,True
1,finetune_000005_v00,finetune_000005,CuHC4O3,101,O,3.620090961456299,3.9307732582092285,-4.953643321990967,1.0,True
1,finetune_000025_v00,finetune_000025,Ho(CO2)4,0,C,-4.788256645202637,-6.322839260101318,0.7747468948364258,0.9598943615430451,True
1,finetune_000025_v00,finetune_000025,Ho(CO2)4,1,C,-5.348786354064941,0.22238461673259735,-5.849793434143066,0.9599774149094928,True
1,finetune_000025_v00,finetune_000025,Ho(CO2)4,2,Ho,-6.792863845825195,0.36115261912345886,-2.9908056259155273,0.9599034559982179,True
1,finetune_000025_v00,finetune_000025,Ho(CO2)4,3,C,-6.621854782104492,3.529688596725464,-2.5166242122650146,0.9599520749270117,True
1,finetune_000025_v00,finetune_000025,Ho(CO2)4,4,C,-6.659856796264648,-2.749563455581665,-2.400517225265503,0.9599570808386855,True
1,finetune_000025_v00,finetune_000025,Ho(CO2)4,5,C,-4.788256645202637,5.2411603927612305,0.7747468948364258,0.9198571137699529,True
1,finetune_000025_v00,finetune_000025,Ho(CO2)4,6,O,-6.061324596405029,2.662388563156128,-3.241712808609009,0.9200854721353513,True
1,finetune_000025_v00,finetune_000025,Ho(CO2)4,7,O,-6.042323589324951,-1.882263422012329,-3.061300754547119,0.960047942672665,True
1,finetune_000025_v00,finetune_000025,Ho(CO2)4,8,O,-5.728806972503662,4.709216594696045,0.14173263311386108,0.9598832774367452,False
1,finetune_000025_v00,finetune_000025,Ho(CO2)4,9,O,-7.799917697906494,-1.0149633884429932,-1.2652713060379028,0.9200050591953548,True
1,finetune_000025_v00,finetune_000025,Ho(CO2)4,10,O,-5.0637712478637695,0.11830861866474152,5.172105312347412,0.9599743663817325,True
1,finetune_000025_v00,finetune_000025,Ho(CO2)4,11,O,-5.586299419403076,-4.195063591003418,0.07014364749193192,0.9599069311195002,True
1,finetune_000025_v00,finetune_000025,Ho(CO2)4,12,Ho,-2.042609453201294,-5.698383331298828,2.3679280281066895,0.9598931958671572,True
1,finetune_000025_v00,finetune_000025,Ho(CO2)4,13,C,4.712252616882324,-6.322839260101318,-0.7367855906486511,0.9599845061695459,True
1,finetune_000025_v00,finetune_000025,Ho(CO2)4,14,O,3.7717020511627197,-6.854783535003662,-1.3697998523712158,0.9600776235302119,True
1,finetune_000025_v00,finetune_000025,Ho(CO2)4,15,O,-1.7290925979614258,-5.686819553375244,0.006766439415514469,0.9600619058288573,True
1,finetune_000025_v00,finetune_000025,Ho(CO2)4,16,O,0.3135167956352234,-5.663691520690918,1.699571967124939,0.9201525137458243,True
1,finetune_000025_v00,finetune_000025,Ho(CO2)4,17,C,0.03800203651189804,-0.5408393740653992,-6.1320695877075195,0.9598978571722984,True
1,finetune_000025_v00,finetune_000025,Ho(CO2)4,18,O,-0.8360447883605957,-1.142167329788208,-6.8001227378845215,0.9600453731369263,True
1,finetune_000025_v00,finetune_000025,Ho(CO2)4,19,O,-0.9785524010658264,1.5175526142120361,-6.728533744812012,0.9600517163042775,True
1,finetune_000025_v00,finetune_000025,Ho(CO2)4,20,O,3.0211617946624756,0.3495886027812958,-6.863499641418457,0.9600688678749639,True
1,finetune_000025_v00,finetune_000025,Ho(CO2)4,21,Ho,2.7076449394226074,0.36115261912345886,-4.502338409423828,0.9197868025705387,True
1,finetune_000025_v00,finetune_000025,Ho(CO2)4,22,Ho,2.042609453201294,-5.420847415924072,-2.3665170669555664,0.9599046599125504,True
1,finetune_000025_v00,finetune_000025,Ho(CO2)4,23,Ho,-2.7076449394226074,0.08361661434173584,4.503749370574951,0.959918816487491,True
1,finetune_000025_v00,finetune_000025,Ho(CO2)4,24,Ho,-2.042609453201294,5.865616798400879,2.3679280281066895,1.0,True
1,finetune_000025_v00,finetune_000025,Ho(CO2)4,25,C,1.9096022844314575,3.0324366092681885,-2.956805467605591,1.0,True
1,finetune_000025_v00,finetune_000025,Ho(CO2)4,26,C,0.03800203651189804,-0.5408393740653992,6.096930503845215,0.9598931958671572,True
1,finetune_000025_v00,finetune_000025,Ho(CO2)4,27,C,2.8786542415618896,3.529688596725464,-4.028156757354736,1.0,True
1,finetune_000025_v00,finetune_000025,Ho(CO2)4,28,C,-4.151722431182861,0.22238461673259735,-4.866262912750244,1.0,True
1,finetune_000025_v00,finetune_000025,Ho(CO2)4,29,C,2.8406522274017334,-2.749563455581665,-3.9120497703552246,1.0,True
1,finetune_000025_v00,finetune_000025,Ho(CO2)4,30,C,4.712252616882324,5.2411603927612305,-0.7367855906486511,1.0,True
1,finetune_000025_v00,finetune_000025,Ho(CO2)4,31,C,1.8716002702713013,-2.2523114681243896,-2.840698480606079,1.0,True
1,finetune_000025_v00,finetune_000025,Ho(CO2)4,32,C,-0.5985320806503296,-5.559615612030029,-0.49105992913246155,1.0,True
1,finetune_000025_v00,finetune_000025,Ho(CO2)4,33,C,-1.9096022844314575,-2.587667465209961,2.958216667175293,0.9598978571722984,True
1,finetune_000025_v00,finetune_000025,Ho(CO2)4,34,C,-0.03800203651189804,0.9856086373329163,-6.095519542694092,1.0,True
1,finetune_000025_v00,finetune_000025,Ho(CO2)4,35,C,-2.8786542415618896,-3.0849194526672363,4.029567718505859,1.0,True
1,finetune_000025_v00,finetune_000025,Ho(CO2)4,36,C,4.151722431182861,0.22238461673259735,4.867673873901367,1.0,True
1,finetune_000025_v00,finetune_000025,Ho(CO2)4,37,C,-2.8406522274017334,3.1943325996398926,3.9134607315063477,1.0,True
1,finetune_000025_v00,finetune_000025,Ho(CO2)4,38,C,-4.712252616882324,-4.796391487121582,0.7381966710090637,0.9598943615430451,True
1,finetune_000025_v00,finetune_000025,Ho(CO2)4,39,C,-1.8716002702713013,2.697080612182617,2.842109441757202,1.0,True
1,finetune_000025_v00,finetune_000025,Ho(CO2)4,40,C,0.5985320806503296,-5.559615612030029,0.49247097969055176,1.0,True
1,finetune_000025_v00,finetune_000025,Ho(CO2)4,41,O,1.7955962419509888,1.7835246324539185,-2.828606128692627,0.9599520749270117,True
1,finetune_000025_v00,finetune_000025,Ho(CO2)4,42,O,1.2920691967010498,3.8997366428375244,-2.2960219383239746,0.9200259487136494,True
1,finetune_000025_v00,finetune_000025,Ho(CO2)4,43,O,0.9785524010658264,-1.072783350944519,-5.4990553855896,1.0,True
1,finetune_000025_v00,finetune_000025,Ho(CO2)4,44,O,-0.8360447883605957,-1.142167329788208,5.428877353668213,1.0,True
1,finetune_000025_v00,finetune_000025,Ho(CO2)4,45,O,3.0496633052825928,4.767036437988281,-4.104280471801758,1.0,True
1,finetune_000025_v00,finetune_000025,Ho(CO2)4,46,O,3.4391841888427734,2.662388563156128,-4.7532453536987305,1.0,True
1,finetune_000025_v00,finetune_000025,Ho(CO2)4,47,O,-3.0211617946624756,0.09518061578273773,-5.364089012145996,1.0,True
1,finetune_000025_v00,finetune_000025,Ho(CO2)4,48,O,-4.436737537384033,0.3264606297016144,-3.6591618061065674,1.0,True
1,finetune_000025_v00,finetune_000025,Ho(CO2)4,49,O,2.954658269882202,-3.9984753131866455,-4.052478313446045,1.0,True
1,finetune_000025_v00,finetune_000025,Ho(CO2)4,50,O,3.4581851959228516,-1.882263422012329,-4.57283353805542,1.0,True
1,finetune_000025_v00,finetune_000025,Ho(CO2)4,51,O,3.7717020511627197,4.709216594696045,-1.3697998523712158,0.9599034559982179,True
1,finetune_000025_v00,finetune_000025,Ho(CO2)4,52,O,-3.9142096042633057,4.639832496643066,1.4427999258041382,0.960047942672665,True
1,finetune_000025_v00,finetune_000025,Ho(CO2)4,53,O,1.7005910873413086,-1.0149633884429932,-2.776803731918335,1.0,True
1,finetune_000025_v00,finetune_000025,Ho(CO2)4,54,O,1.311070203781128,-3.1196115016937256,-2.115609884262085,1.0,True
1,finetune_000025_v00,finetune_000025,Ho(CO2)4,55,O,-1.7290925979614258,5.877180576324463,0.006766439415514469,1.0,True
1,finetune_000025_v00,finetune_000025,Ho(CO2)4,56,O,-0.3135167956352234,-5.455539226531982,-1.7103898525238037,1.0,True
1,finetune_000025_v00,finetune_000025,Ho(CO2)4,57,O,-1.7955962419509888,-1.3387553691864014,2.83001708984375,1.0,True
1,finetune_000025_v00,finetune_000025,Ho(CO2)4,58,O,-1.2920691967010498,-3.454967498779297,2.2974328994750977,1.0,True
1,finetune_000025_v00,finetune_000025,Ho(CO2)4,59,O,-0.9785524010658264,1.5175526142120361,5.500466346740723,0.9207163260766659,True
1,finetune_000025_v00,finetune_000025,Ho(CO2)4,60,O,0.8360447883605957,1.586936593055725,-5.42746639251709,1.0,True
1,finetune_000025_v00,finetune_000025,Ho(CO2)4,61,O,-3.0496633052825928,-4.322267532348633,4.0934624671936035,1.0,True
1,finetune_000025_v00,finetune_000025,Ho(CO2)4,62,O,-3.4391841888427734,-2.2176194190979004,4.7546563148498535,1.0,True
1,finetune_000025_v00,finetune_000025,Ho(CO2)4,63,O,3.0211617946624756,0.3495886027812958,5.365499973297119,0.9599046599125504,True
1,finetune_000025_v00,finetune_000025,Ho(CO2)4,64,O,4.436737537384033,0.11830861866474152,3.6605727672576904,1.0,True
1,finetune_000025_v00,finetune_000025,Ho(CO2)4,65,O,-2.954658269882202,4.443244457244873,4.041660308837891,0.9600748902156124,True
1,finetune_000025_v00,finetune_000025,Ho(CO2)4,66,O,-3.4581851959228516,2.3270325660705566,4.574244499206543,1.0,True
1,finetune_000025_v00,finetune_000025,Ho(CO2)4,67,O,-3.7717020511627197,-4.264447212219238,1.3712109327316284,1.0,True
1,finetune_000025_v00,finetune_000025,Ho(CO2)4,68,O,3.9142096042633057,-4.195063591003418,-1.4413888454437256,1.0,True
1,finetune_000025_v00,finetune_000025,Ho(CO2)4,69,O,-1.7005910873413086,1.4597326517105103,2.778214931488037,1.0,True
1,finetune_000025_v00,finetune_000025,Ho(CO2)4,70,O,-1.311070203781128,3.564380645751953,2.117021083831787,0.9600619058288573,True
1,finetune_000025_v00,finetune_000025,Ho(CO2)4,71,O,1.7290925979614258,-5.432411193847656,-0.005355400964617729,1.0,True
1,finetune_000025_v00,finetune_000025,Ho(CO2)4,72,O,0.3135167956352234,5.900308609008789,1.699571967124939,0.959918816487491,True
1,finetune_000025_v00,finetune_000025,Ho(CO2)4,73,C,-0.03800203651189804,0.9856086373329163,6.133480548858643,1.0,True
1,finetune_000025_v00,finetune_000025,Ho(CO2)4,74,O,0.9785524010658264,-1.072783350944519,6.729944705963135,1.0,True
1,finetune_000025_v00,finetune_000025,Ho(CO2)4,75,O,-3.0211617946624756,0.09518061578273773,6.864911079406738,1.0,True
1,finetune_000025_v00,finetune_000025,Ho(CO2)4,76,O,0.8360447883605957,1.586936593055725,6.8015336990356445,0.9599774149094928,True
1,finetune_000025_v00,finetune_000025,Ho(CO2)4,77,Ho,2.042609453201294,6.143152713775635,-2.3665170669555664,0.9599069311195002,True
1,finetune_000025_v00,finetune_000025,Ho(CO2)4,78,C,-0.5985320806503296,6.004384517669678,-0.49105992913246155,1.0,True
1,finetune_000025_v00,finetune_000025,Ho(CO2)4,79,C,0.5985320806503296,6.004384517669678,0.49247097969055176,0.9599743663817325,True
1,finetune_000025_v00,finetune_000025,Ho(CO2)4,80,O,-0.3135167956352234,6.108460426330566,-1.7103898525238037,1.0,True
1,finetune_000025_v00,finetune_000025,Ho(CO2)4,81,O,1.7290925979614258,6.131588459014893,-0.005355400964617729,1.0,True
1,finetune_000025_v00,finetune_000025,Ho(CO2)4,82,Ho,6.792863845825195,0.08361661434173584,2.9922168254852295,0.9598832774367452,False
1,finetune_000025_v00,finetune_000025,Ho(CO2)4,83,C,6.621854782104492,-3.0849194526672363,2.518035411834717,0.9598946489975153,True
1,finetune_000025_v00,finetune_000025,Ho(CO2)4,84,C,6.659856796264648,3.1943325996398926,2.401928186416626,1.0,True
1,finetune_000025_v00,finetune_000025,Ho(CO2)4,85,C,4.788256645202637,-4.796391487121582,-0.773335874080658,1.0,True
1,finetune_000025_v00,finetune_000025,Ho(CO2)4,86,O,5.0637712478637695,0.3264606297016144,-5.170694351196289,1.0,True
1,finetune_000025_v00,finetune_000025,Ho(CO2)4,87,O,5.586299419403076,4.639832496643066,-0.0687326043844223,1.0,True
1,finetune_000025_v00,finetune_000025,Ho(CO2)4,88,O,7.7049126625061035,-1.3387553691864014,1.3184846639633179,1.0,True
1,finetune_000025_v00,finetune_000025,Ho(CO2)4,89,O,6.061324596405029,-2.2176194190979004,3.243123769760132,1.0,True
1,finetune_000025_v00,finetune_000025,Ho(CO2)4,90,O,6.042323589324951,2.3270325660705566,3.062711715698242,0.9600517163042775,True
1,finetune_000025_v00,finetune_000025,Ho(CO2)4,91,O,5.728806972503662,-4.264447212219238,-0.14032159745693207,1.0,True
1,finetune_000025_v00,finetune_000025,Ho(CO2)4,92,C,5.348786354064941,0.22238461673259735,5.851204872131348,1.0,True
1,finetune_000192_v00,finetune_000192,ZnCrH18C14(N2O)2,0,H,-5.11100959777832,2.349010705947876,-4.720822334289551,0.959943053678576,True
1,finetune_000192_v00,finetune_000192,ZnCrH18C14(N2O)2,1,H,-6.677418231964111,-0.3918928802013397,-4.0394368171691895,0.9599715751014872,True
1,finetune_000192_v00,finetune_000192,ZnCrH18C14(N2O)2,2,Zn,-6.812864303588867,2.2269840240478516,-2.1815648078918457,0.9599446879437858,True
1,finetune_000192_v00,finetune_000192,ZnCrH18C14(N2O)2,3,H,-6.761984348297119,0.34026625752449036,1.17988920211792,0.9599539556759715,True
1,finetune_000192_v00,finetune_000192,ZnCrH18C14(N2O)2,4,H,-5.11100959777832,2.349010705947876,4.698177337646484,0.9599579374743862,True
1,finetune_000192_v00,finetune_000192,ZnCrH18C14(N2O)2,5,H,-5.234613418579102,2.8277299404144287,2.4364066123962402,0.9599574810167649,True
1,finetune_000192_v00,finetune_000192,ZnCrH18C14(N2O)2,6,H,-5.768799781799316,2.020477533340454,0.19472827017307281,0.9599362479004264,True
1,finetune_000192_v00,finetune_000192,ZnCrH18C14(N2O)2,7,H,-5.630615711212158,-0.43882614374160767,-0.7176901698112488,0.9199105510763383,True
1,finetune_000192_v00,finetune_000192,ZnCrH18C14(N2O)2,8,H,-6.9561944007873535,-1.2742384672164917,-0.5745294094085693,0.9599576236230382,True
1,finetune_000192_v00,finetune_000192,ZnCrH18C14(N2O)2,9,H,-5.381338119506836,-0.46698611974716187,-3.1642720699310303,0.959957122410461,True
1,finetune_000192_v00,finetune_000192,ZnCrH18C14(N2O)2,10,H,-4.530988693237305,-2.663463592529297,-3.0437421798706055,0.9199132035977902,True
1,finetune_000192_v00,finetune_000192,ZnCrH18C14(N2O)2,11,H,-4.798913478851318,-4.935034275054932,-2.808816432952881,0.9599693740666322,True
1,finetune_000192_v00,finetune_000192,ZnCrH18C14(N2O)2,12,C,-7.104364395141602,0.603092610836029,0.30941516160964966,0.9599940115918157,True
1,finetune_000192_v00,finetune_000192,ZnCrH18C14(N2O)2,13,C,-7.340644359588623,3.0060765743255615,0.8010116815567017,0.9599570341009284,True
1,finetune_000192_v00,finetune_000192,ZnCrH18C14(N2O)2,14,C,-5.955649375915527,2.452263832092285,4.304643154144287,0.9600179297485184,True
1,finetune_000192_v00,finetune_000192,ZnCrH18C14(N2O)2,15,C,-6.020517826080322,2.715090274810791,2.921287775039673,0.9599580424887365,True
1,finetune_000192_v00,finetune_000192,ZnCrH18C14(N2O)2,16,C,-6.5941643714904785,-0.3918928802013397,-0.7600757479667664,0.959957874226974,True
1,finetune_000192_v00,finetune_000192,ZnCrH18C14(N2O)2,17,C,-6.321806907653809,-0.6922658681869507,-3.1905951499938965,0.9199501956803623,True
1,finetune_000192_v00,finetune_000192,ZnCrH18C14(N2O)2,18,C,-6.465358257293701,-2.184744119644165,-3.097484827041626,0.9599576916442615,True
1,finetune_000192_v00,finetune_000192,ZnCrH18C14(N2O)2,19,C,-5.390458583831787,-3.0201563835144043,-3.0132663249969482,0.9600191397579131,True
1,finetune_000192_v00,finetune_000192,ZnCrH18C14(N2O)2,20,C,-5.559828758239746,-4.399994850158691,-2.8926773071289062,0.9600072829471427,True
1,finetune_000192_v00,finetune_000192,ZnCrH18C14(N2O)2,21,N,-6.650705814361572,1.9735443592071533,-0.01386214978992939,0.9599316149402883,False
1,finetune_000192_v00,finetune_000192,ZnCrH18C14(N2O)2,22,N,-7.016737937927246,0.049279943108558655,-2.1073880195617676,0.9199299661924115,True
1,finetune_000192_v00,finetune_000192,ZnCrH18C14(N2O)2,23,O,-4.666012287139893,2.001704216003418,-2.357658863067627,0.9600592096305184,True
1,finetune_000192_v00,finetune_000192,ZnCrH18C14(N2O)2,24,H,-6.965060710906982,3.8696489334106445,0.5765213370323181,1.0,True
1,finetune_000192_v00,finetune_000192,ZnCrH18C14(N2O)2,25,H,-4.637850284576416,4.4516215324401855,-2.0457212924957275,1.0,True
1,finetune_000192_v00,finetune_000192,ZnCrH18C14(N2O)2,26,C,-5.3987650871276855,4.986660957336426,-2.129582405090332,1.0,True
1,finetune_000192_v00,finetune_000192,ZnCrH18C14(N2O)2,27,Zn,-0.036128707230091095,-7.159671783447266,-2.815565824508667,0.9199503366257187,True
1,finetune_000192_v00,finetune_000192,ZnCrH18C14(N2O)2,28,H,-1.5003505945205688,-6.371192455291748,-0.07570978254079819,1.0,True
1,finetune_000192_v00,finetune_000192,ZnCrH18C14(N2O)2,29,H,-2.3932206630706787,-6.652792453765869,2.0889194011688232,1.0,True
1,finetune_000192_v00,finetune_000192,ZnCrH18C14(N2O)2,30,H,1.5421218872070312,-6.558925628662109,1.802405595779419,1.0,True
1,finetune_000192_v00,finetune_000192,ZnCrH18C14(N2O)2,31,H,1.0079355239868164,-7.366178035736084,-0.43927258253097534,1.0,True
1,finetune_000192_v00,finetune_000192,ZnCrH18C14(N2O)2,32,C,-0.5639087557792664,-6.380578994750977,0.1670108288526535,1.0,True
1,finetune_000192_v00,finetune_000192,ZnCrH18C14(N2O)2,33,C,-0.4496706426143646,-6.596472263336182,1.6492751836776733,1.0,True
1,finetune_000192_v00,finetune_000192,ZnCrH18C14(N2O)2,34,C,-1.541159987449646,-6.727885723114014,2.4566152095794678,1.0,True
1,finetune_000192_v00,finetune_000192,ZnCrH18C14(N2O)2,35,C,0.8210861086845398,-6.934391975402832,3.670642137527466,1.0,True
1,finetune_000192_v00,finetune_000192,ZnCrH18C14(N2O)2,36,C,0.756217896938324,-6.671565532684326,2.2872867584228516,1.0,True
1,finetune_000192_v00,finetune_000192,ZnCrH18C14(N2O)2,37,N,0.12602975964546204,-7.413111209869385,-0.6478630304336548,1.0,True
1,finetune_000192_v00,finetune_000192,ZnCrH18C14(N2O)2,38,O,-2.1834640502929688,-6.962552070617676,-2.613503932952881,1.0,True
1,finetune_000192_v00,finetune_000192,ZnCrH18C14(N2O)2,39,H,-2.2321572303771973,2.733863592147827,-6.566985607147217,1.0,True
1,finetune_000192_v00,finetune_000192,ZnCrH18C14(N2O)2,40,H,-2.010457754135132,2.3114640712738037,-4.317667007446289,1.0,True
1,finetune_000192_v00,finetune_000192,ZnCrH18C14(N2O)2,41,H,1.826789379119873,2.349010705947876,-4.591728687286377,1.0,True
1,finetune_000192_v00,finetune_000192,ZnCrH18C14(N2O)2,42,H,1.7031854391098022,2.8277299404144287,-6.853499412536621,1.0,True
1,finetune_000192_v00,finetune_000192,ZnCrH18C14(N2O)2,43,H,0.2603808641433716,-0.3918928802013397,-3.9103426933288574,1.0,True
1,finetune_000192_v00,finetune_000192,ZnCrH18C14(N2O)2,44,C,-0.288607120513916,2.7901833057403564,-7.006629943847656,1.0,True
1,finetune_000192_v00,finetune_000192,ZnCrH18C14(N2O)2,45,C,-1.380096435546875,2.6587703227996826,-6.199289798736572,0.9600179297485184,True
1,finetune_000192_v00,finetune_000192,ZnCrH18C14(N2O)2,46,C,-1.238268256187439,2.433490514755249,-4.830300331115723,1.0,True
1,finetune_000192_v00,finetune_000192,ZnCrH18C14(N2O)2,47,C,0.982149600982666,2.452263832092285,-4.985262870788574,1.0,True
1,finetune_000192_v00,finetune_000192,ZnCrH18C14(N2O)2,48,C,0.9172813892364502,2.715090274810791,-6.368618011474609,1.0,True
1,finetune_000192_v00,finetune_000192,ZnCrH18C14(N2O)2,49,N,-0.0669076144695282,2.367784023284912,-4.2110090255737305,1.0,True
1,finetune_000192_v00,finetune_000192,ZnCrH18C14(N2O)2,50,Zn,0.12493480741977692,2.2269840240478516,-2.0524706840515137,1.0,True
1,finetune_000192_v00,finetune_000192,ZnCrH18C14(N2O)2,51,Cr,-3.3560445308685303,1.5229848623275757,-1.467824935913086,0.9199409491681193,True
1,finetune_000192_v00,finetune_000192,ZnCrH18C14(N2O)2,52,H,-1.131402850151062,0.5749326348304749,0.46537089347839355,0.959957874226974,True
1,finetune_000192_v00,finetune_000192,ZnCrH18C14(N2O)2,53,H,0.17581462860107422,0.34026625752449036,1.308983325958252,1.0,True
1,finetune_000192_v00,finetune_000192,ZnCrH18C14(N2O)2,54,H,-1.3392870426177979,3.01546311378479,0.6873852014541626,1.0,True
1,finetune_000192_v00,finetune_000192,ZnCrH18C14(N2O)2,55,H,-0.18832536041736603,-5.517006874084473,-0.05747954174876213,1.0,True
1,finetune_000192_v00,finetune_000192,ZnCrH18C14(N2O)2,56,H,-2.2321572303771973,2.733863592147827,2.8520143032073975,1.0,True
1,finetune_000192_v00,finetune_000192,ZnCrH18C14(N2O)2,57,H,-2.010457754135132,2.3114640712738037,5.101333141326904,0.9599570341009284,True
1,finetune_000192_v00,finetune_000192,ZnCrH18C14(N2O)2,58,H,1.826789379119873,2.349010705947876,4.827271461486816,1.0,True
1,finetune_000192_v00,finetune_000192,ZnCrH18C14(N2O)2,59,H,1.7031854391098022,2.8277299404144287,2.565500497817993,1.0,True
1,finetune_000192_v00,finetune_000192,ZnCrH18C14(N2O)2,60,H,1.1689990758895874,2.020477533340454,0.32382237911224365,1.0,True
1,finetune_000192_v00,finetune_000192,ZnCrH18C14(N2O)2,61,H,1.3071831464767456,-0.43882614374160767,-0.5885960459709167,1.0,True
1,finetune_000192_v00,finetune_000192,ZnCrH18C14(N2O)2,62,H,-0.018395472317934036,-1.2742384672164917,-0.4454352855682373,1.0,True
1,finetune_000192_v00,finetune_000192,ZnCrH18C14(N2O)2,63,H,1.5564607381820679,-0.46698611974716187,-3.0351779460906982,1.0,True
1,finetune_000192_v00,finetune_000192,ZnCrH18C14(N2O)2,64,H,0.2603808641433716,-0.3918928802013397,5.508656978607178,0.9599316149402883,False
1,finetune_000192_v00,finetune_000192,ZnCrH18C14(N2O)2,65,H,2.4068102836608887,-2.663463592529297,-2.9146480560302734,0.9199023795880472,True
1,finetune_000192_v00,finetune_000192,ZnCrH18C14(N2O)2,66,H,2.138885498046875,-4.935034275054932,-2.679722309112549,1.0,True
1,finetune_000192_v00,finetune_000192,ZnCrH18C14(N2O)2,67,H,-1.6915969848632812,-4.578341484069824,-2.7597897052764893,1.0,True
1,finetune_000192_v00,finetune_000192,ZnCrH18C14(N2O)2,68,H,-1.5206403732299805,-2.297384023666382,-3.052273750305176,1.0,True
1,finetune_000192_v00,finetune_000192,ZnCrH18C14(N2O)2,69,H,-0.9632608294487,-0.1384531706571579,-2.0570459365844727,0.9599539556759715,True
1,finetune_000192_v00,finetune_000192,ZnCrH18C14(N2O)2,70,C,-0.16656555235385895,0.603092610836029,0.4385092556476593,1.0,True
1,finetune_000192_v00,finetune_000192,ZnCrH18C14(N2O)2,71,C,-0.40284523367881775,3.0060765743255615,0.9301058053970337,1.0,True
1,finetune_000192_v00,finetune_000192,ZnCrH18C14(N2O)2,72,C,-0.288607120513916,2.7901833057403564,2.412370204925537,1.0,True
1,finetune_000192_v00,finetune_000192,ZnCrH18C14(N2O)2,73,C,-1.380096435546875,2.6587703227996826,3.219710111618042,1.0,True
1,finetune_000192_v00,finetune_000192,ZnCrH18C14(N2O)2,74,C,-1.238268256187439,2.433490514755249,4.588699817657471,1.0,True
1,finetune_000192_v00,finetune_000192,ZnCrH18C14(N2O)2,75,C,0.982149600982666,2.452263832092285,4.433737277984619,1.0,True
1,finetune_000192_v00,finetune_000192,ZnCrH18C14(N2O)2,76,C,0.9172813892364502,2.715090274810791,3.050381898880005,0.9599574810167649,True
1,finetune_000192_v00,finetune_000192,ZnCrH18C14(N2O)2,77,C,0.3436344563961029,-0.3918928802013397,-0.6309816837310791,1.0,True
1,finetune_000192_v00,finetune_000192,ZnCrH18C14(N2O)2,78,C,0.6159923672676086,-0.6922658681869507,-3.0615010261535645,1.0,True
1,finetune_000192_v00,finetune_000192,ZnCrH18C14(N2O)2,79,C,0.4724406898021698,-2.184744119644165,-2.968390703201294,1.0,True
1,finetune_000192_v00,finetune_000192,ZnCrH18C14(N2O)2,80,C,1.5473405122756958,-3.0201563835144043,-2.884172201156616,1.0,True
1,finetune_000192_v00,finetune_000192,ZnCrH18C14(N2O)2,81,C,1.3779703378677368,-4.399994850158691,-2.763583183288574,1.0,True
1,finetune_000192_v00,finetune_000192,ZnCrH18C14(N2O)2,82,C,-0.8387429714202881,-4.202875137329102,-2.8171253204345703,1.0,True
1,finetune_000192_v00,finetune_000192,ZnCrH18C14(N2O)2,83,C,-0.7453665137290955,-2.8042633533477783,-2.96586537361145,1.0,True
1,finetune_000192_v00,finetune_000192,ZnCrH18C14(N2O)2,84,N,0.28709328174591064,1.9735443592071533,0.115231953561306,1.0,True
1,finetune_000192_v00,finetune_000192,ZnCrH18C14(N2O)2,85,N,-0.0669076144695282,2.367784023284912,5.207991123199463,1.0,True
1,finetune_000192_v00,finetune_000192,ZnCrH18C14(N2O)2,86,N,-0.07893910259008408,0.049279943108558655,-1.978294014930725,1.0,True
1,finetune_000192_v00,finetune_000192,ZnCrH18C14(N2O)2,87,N,0.19517427682876587,-5.000741004943848,-2.777724266052246,1.0,True
1,finetune_000192_v00,finetune_000192,ZnCrH18C14(N2O)2,88,O,-2.0224006175994873,2.4241037368774414,-1.850408911705017,1.0,True
1,finetune_000192_v00,finetune_000192,ZnCrH18C14(N2O)2,89,O,2.27178692817688,2.001704216003418,-2.228564739227295,1.0,True
1,finetune_000192_v00,finetune_000192,ZnCrH18C14(N2O)2,90,Zn,0.12493480741977692,2.2269840240478516,7.36652946472168,1.0,True
1,finetune_000192_v00,finetune_000192,ZnCrH18C14(N2O)2,91,H,1.5564607381820679,-0.46698611974716187,6.383821964263916,1.0,True
1,finetune_000192_v00,finetune_000192,ZnCrH18C14(N2O)2,92,H,2.4068102836608887,-2.663463592529297,6.50435209274292,1.0,True
1,finetune_000192_v00,finetune_000192,ZnCrH18C14(N2O)2,93,H,-1.5206403732299805,-2.297384023666382,6.366726398468018,1.0,True
1,finetune_000192_v00,finetune_000192,ZnCrH18C14(N2O)2,94,H,-0.9632608294487,-0.1384531706571579,7.361954212188721,1.0,True
1,finetune_000192_v00,finetune_000192,ZnCrH18C14(N2O)2,95,C,0.6159923672676086,-0.6922658681869507,6.357499122619629,0.9200168332535564,True
1,finetune_000192_v00,finetune_000192,ZnCrH18C14(N2O)2,96,C,0.4724406898021698,-2.184744119644165,6.45060920715332,1.0,True
1,finetune_000192_v00,finetune_000192,ZnCrH18C14(N2O)2,97,C,1.5473405122756958,-3.0201563835144043,6.534827709197998,1.0,True
1,finetune_000192_v00,finetune_000192,ZnCrH18C14(N2O)2,98,C,-0.8387429714202881,-4.202875137329102,6.601874828338623,1.0,True
1,finetune_000192_v00,finetune_000192,ZnCrH18C14(N2O)2,99,C,-0.7453665137290955,-2.8042633533477783,6.453134536743164,1.0,True
1,finetune_000192_v00,finetune_000192,ZnCrH18C14(N2O)2,100,N,-0.07893910259008408,0.049279943108558655,7.4407057762146,1.0,True
1,finetune_000192_v00,finetune_000192,ZnCrH18C14(N2O)2,101,O,2.27178692817688,2.001704216003418,7.19043493270874,1.0,True
1,finetune_000192_v00,finetune_000192,ZnCrH18C14(N2O)2,102,H,-0.027261853218078613,3.8696489334106445,0.7056154608726501,1.0,True
1,finetune_000192_v00,finetune_000192,ZnCrH18C14(N2O)2,103,H,2.56787371635437,6.72319221496582,-2.151553153991699,0.9199093398113651,True
1,finetune_000192_v00,finetune_000192,ZnCrH18C14(N2O)2,104,H,2.2999489307403564,4.4516215324401855,-1.916627287864685,1.0,True
1,finetune_000192_v00,finetune_000192,ZnCrH18C14(N2O)2,105,H,-1.5305335521697998,4.808314323425293,-1.9966946840286255,0.9607315745396469,True
1,finetune_000192_v00,finetune_000192,ZnCrH18C14(N2O)2,106,H,-1.3595768213272095,7.089271545410156,-2.2891788482666016,1.0,True
1,finetune_000192_v00,finetune_000192,ZnCrH18C14(N2O)2,107,C,0.6335042119026184,7.201911449432373,-2.2052955627441406,1.0,True
1,finetune_000192_v00,finetune_000192,ZnCrH18C14(N2O)2,108,C,1.7084040641784668,6.366499423980713,-2.121077299118042,1.0,True
1,finetune_000192_v00,finetune_000192,ZnCrH18C14(N2O)2,109,C,1.5390338897705078,4.986660957336426,-2.00048828125,1.0,True
1,finetune_000192_v00,finetune_000192,ZnCrH18C14(N2O)2,110,C,-0.6776794791221619,5.183780670166016,-2.054030418395996,0.9600191397579131,True
1,finetune_000192_v00,finetune_000192,ZnCrH18C14(N2O)2,111,C,-0.5843030214309692,6.58239221572876,-2.202770233154297,1.0,True
1,finetune_000192_v00,finetune_000192,ZnCrH18C14(N2O)2,112,N,0.3562377989292145,4.3859148025512695,-2.014629364013672,1.0,True
1,finetune_000192_v00,finetune_000192,ZnCrH18C14(N2O)2,113,H,4.927341461181641,2.3114640712738037,-4.188572883605957,1.0,True
1,finetune_000192_v00,finetune_000192,ZnCrH18C14(N2O)2,114,C,5.699531078338623,2.433490514755249,-4.701206207275391,1.0,True
1,finetune_000192_v00,finetune_000192,ZnCrH18C14(N2O)2,115,Zn,7.0627336502075195,2.2269840240478516,-1.9233766794204712,1.0,True
1,finetune_000192_v00,finetune_000192,ZnCrH18C14(N2O)2,116,Cr,3.581754684448242,1.5229848623275757,-1.338730812072754,1.0,True
1,finetune_000192_v00,finetune_000192,ZnCrH18C14(N2O)2,117,H,5.806396484375,0.5749326348304749,0.5944650173187256,1.0,True
1,finetune_000192_v00,finetune_000192,ZnCrH18C14(N2O)2,118,H,7.113613605499268,0.34026625752449036,1.438077449798584,1.0,True
1,finetune_000192_v00,finetune_000192,ZnCrH18C14(N2O)2,119,H,5.598512172698975,3.01546311378479,0.8164793252944946,1.0,True
1,finetune_000192_v00,finetune_000192,ZnCrH18C14(N2O)2,120,H,4.705641746520996,2.733863592147827,2.9811084270477295,1.0,True
1,finetune_000192_v00,finetune_000192,ZnCrH18C14(N2O)2,121,H,4.927341461181641,2.3114640712738037,5.230427265167236,1.0,True
1,finetune_000192_v00,finetune_000192,ZnCrH18C14(N2O)2,122,H,6.919403553009033,-1.2742384672164917,-0.31634119153022766,1.0,True
1,finetune_000192_v00,finetune_000192,ZnCrH18C14(N2O)2,123,H,5.246201992034912,-4.578341484069824,-2.6306955814361572,1.0,True
1,finetune_000192_v00,finetune_000192,ZnCrH18C14(N2O)2,124,H,5.417158603668213,-2.297384023666382,-2.9231796264648438,1.0,True
1,finetune_000192_v00,finetune_000192,ZnCrH18C14(N2O)2,125,H,5.974538326263428,-0.1384531706571579,-1.9279518127441406,0.9599580424887365,True
1,finetune_000192_v00,finetune_000192,ZnCrH18C14(N2O)2,126,C,6.771233558654785,0.603092610836029,0.567603349685669,1.0,True
1,finetune_000192_v00,finetune_000192,ZnCrH18C14(N2O)2,127,C,6.534953594207764,3.0060765743255615,1.0591999292373657,1.0,True
1,finetune_000192_v00,finetune_000192,ZnCrH18C14(N2O)2,128,C,6.649191856384277,2.7901833057403564,2.541464328765869,0.959957122410461,True
1,finetune_000192_v00,finetune_000192,ZnCrH18C14(N2O)2,129,C,5.557702541351318,2.6587703227996826,3.348804235458374,1.0,True
1,finetune_000192_v00,finetune_000192,ZnCrH18C14(N2O)2,130,C,5.699531078338623,2.433490514755249,4.717793941497803,1.0,True
1,finetune_000192_v00,finetune_000192,ZnCrH18C14(N2O)2,131,C,7.281433582305908,-0.3918928802013397,-0.5018875598907471,1.0,True
1,finetune_000192_v00,finetune_000192,ZnCrH18C14(N2O)2,132,C,6.099056243896484,-4.202875137329102,-2.6880311965942383,1.0,True
1,finetune_000192_v00,finetune_000192,ZnCrH18C14(N2O)2,133,C,6.192432403564453,-2.8042633533477783,-2.836771249771118,1.0,True
1,finetune_000192_v00,finetune_000192,ZnCrH18C14(N2O)2,134,N,7.2248921394348145,1.9735443592071533,0.24432605504989624,0.9599940115918157,True
1,finetune_000192_v00,finetune_000192,ZnCrH18C14(N2O)2,135,N,6.858860015869141,0.049279943108558655,-1.849199891090393,1.0,True
1,finetune_000192_v00,finetune_000192,ZnCrH18C14(N2O)2,136,O,4.915398597717285,2.4241037368774414,-1.721314787864685,1.0,True
1,finetune_000192_v00,finetune_000192,ZnCrH18C14(N2O)2,137,H,6.910537242889404,3.8696489334106445,0.8347095251083374,1.0,True
1,finetune_000192_v00,finetune_000192,ZnCrH18C14(N2O)2,138,H,5.407265663146973,4.808314323425293,-1.8676005601882935,1.0,True
1,finetune_000231_v00,finetune_000231,NiPC3NO3,0,Ni,-4.109006404876709,-3.535433530807495,5.287862300872803,0.9599778295347628,True
1,finetune_000231_v00,finetune_000231,NiPC3NO3,1,Ni,-3.630213499069214,2.3196914196014404,-2.2005999088287354,0.9599614813719637,True
1,finetune_000231_v00,finetune_000231,NiPC3NO3,2,Ni,-5.956602096557617,1.1318976879119873,-4.008006572723389,0.9600716953775541,True
1,finetune_000231_v00,finetune_000231,NiPC3NO3,3,P,-5.388085842132568,-2.138028860092163,2.4915201663970947,0.9599106819957041,True
1,finetune_000231_v00,finetune_000231,NiPC3NO3,4,P,-2.8763325214385986,-0.4751175343990326,5.7230072021484375,0.959908716650591,False
1,finetune_000231_v00,finetune_000231,NiPC3NO3,5,P,-6.741353511810303,2.138028860092163,-0.9297842979431152,0.9599385222822185,True
1,finetune_000231_v00,finetune_000231,NiPC3NO3,6,C,-3.1049437522888184,-1.3974045515060425,0.07455623894929886,0.9599786045934742,True
1,finetune_000231_v00,finetune_000231,NiPC3NO3,7,C,-4.461254119873047,-0.48909157514572144,1.9980329275131226,0.9599854439458624,True
1,finetune_000231_v00,finetune_000231,NiPC3NO3,8,C,-3.6703405380249023,-0.29345494508743286,-0.9020317792892456,0.9599900626333252,True
1,finetune_000231_v00,finetune_000231,NiPC3NO3,9,C,-7.66200590133667,0.48909157514572144,-0.43709230422973633,0.9199442745052939,True
1,finetune_000231_v00,finetune_000231,NiPC3NO3,10,C,-4.254276752471924,0.9781831502914429,-6.447824001312256,0.9599634084095451,True
1,finetune_000231_v00,finetune_000231,NiPC3NO3,11,N,-3.0029969215393066,-0.8803648352622986,1.6151210069656372,0.9600214777936751,True
1,finetune_000231_v00,finetune_000231,NiPC3NO3,12,O,-5.888576030731201,-2.9205753803253174,1.2381528615951538,0.9199349918609433,True
1,finetune_000231_v00,finetune_000231,NiPC3NO3,13,O,-6.500313758850098,-1.970340371131897,3.7734997272491455,0.9600066263317933,True
1,finetune_000231_v00,finetune_000231,NiPC3NO3,14,O,-4.297475814819336,-2.9066014289855957,3.3354318141937256,0.9599645134312806,True
1,finetune_000231_v00,finetune_000231,NiPC3NO3,15,O,-3.21311092376709,1.0480533838272095,5.75820779800415,0.9199174692322447,True
1,finetune_000231_v00,finetune_000231,NiPC3NO3,16,O,-4.186272621154785,-1.5371450185775757,5.484886646270752,0.9599874771522284,True
1,finetune_000231_v00,finetune_000231,NiPC3NO3,17,O,-6.240862846374512,2.9205753803253174,0.32358312606811523,0.9599390649174897,True
1,finetune_000231_v00,finetune_000231,NiPC3NO3,18,O,-5.629125118255615,1.970340371131897,-2.211763620376587,0.9600221255664253,True
1,finetune_000231_v00,finetune_000231,NiPC3NO3,19,O,-3.8928029537200928,0.9362610578536987,-3.704213857650757,0.9599179600797731,True
1,finetune_000231_v00,finetune_000231,NiPC3NO3,20,C,1.569577693939209,-7.420217990875244,2.4908573627471924,0.959937525715488,True
1,finetune_000231_v00,finetune_000231,NiPC3NO3,21,Ni,2.0700249671936035,-3.535433530807495,4.492583274841309,0.9599783406264285,True
1,finetune_000231_v00,finetune_000231,NiPC3NO3,22,Ni,-2.3201940059661865,-2.3196914196014404,2.9670565128326416,0.9199223586611949,True
1,finetune_000231_v00,finetune_000231,NiPC3NO3,23,Ni,0.006194843910634518,-1.1318976879119873,4.774463176727295,0.9199056481897113,True
1,finetune_000231_v00,finetune_000231,NiPC3NO3,24,Ni,-1.8414007425308228,3.535433530807495,-4.5214056968688965,1.0,True
1,finetune_000231_v00,finetune_000231,NiPC3NO3,25,Ni,2.5488181114196777,2.3196914196014404,-2.9958791732788086,1.0,True
1,finetune_000231_v00,finetune_000231,NiPC3NO3,26,Ni,0.2224293202161789,1.1318976879119873,-4.803286075592041,1.0,True
1,finetune_000231_v00,finetune_000231,NiPC3NO3,27,P,-0.8619139790534973,-4.359902381896973,5.138385772705078,0.9599179600797731,True
1,finetune_000231_v00,finetune_000231,NiPC3NO3,28,P,0.7909458875656128,-2.138028860092163,1.6962409019470215,1.0,True
1,finetune_000231_v00,finetune_000231,NiPC3NO3,29,P,3.302699089050293,-0.4751175343990326,4.927727699279785,1.0,True
1,finetune_000231_v00,finetune_000231,NiPC3NO3,30,P,1.0905381441116333,4.359902381896973,-5.167208671569824,0.9600214777936751,True
1,finetune_000231_v00,finetune_000231,NiPC3NO3,31,P,-0.5623217225074768,2.138028860092163,-1.725063681602478,0.9599778295347628,True
1,finetune_000231_v00,finetune_000231,NiPC3NO3,32,P,-3.0740747451782227,0.4751175343990326,-4.956550598144531,1.0,True
1,finetune_000231_v00,finetune_000231,NiPC3NO3,33,C,2.0577003955841064,-5.938969135284424,2.8510167598724365,1.0,True
1,finetune_000231_v00,finetune_000231,NiPC3NO3,34,C,-0.043176110833883286,-5.519747734069824,3.7884387969970703,1.0,True
1,finetune_000231_v00,finetune_000231,NiPC3NO3,35,C,3.074087619781494,-1.3974045515060425,-0.7207231521606445,1.0,True
1,finetune_000231_v00,finetune_000231,NiPC3NO3,36,C,-2.280066728591919,0.29345494508743286,1.6684883832931519,1.0,True
1,finetune_000231_v00,finetune_000231,NiPC3NO3,37,C,1.7177776098251343,-0.48909157514572144,1.2027535438537598,0.9599390649174897,True
1,finetune_000231_v00,finetune_000231,NiPC3NO3,38,C,-0.10814671963453293,0.9781831502914429,7.074959754943848,1.0,True
1,finetune_000231_v00,finetune_000231,NiPC3NO3,39,C,0.5746684670448303,-1.3275343179702759,7.613449573516846,1.0,True
1,finetune_000231_v00,finetune_000231,NiPC3NO3,40,C,-1.6961305141448975,-0.9781831502914429,7.214280605316162,1.0,True
1,finetune_000231_v00,finetune_000231,NiPC3NO3,41,C,-1.8290762901306152,5.938969135284424,-2.8798396587371826,0.9199030357134992,True
1,finetune_000231_v00,finetune_000231,NiPC3NO3,42,C,0.27180027961730957,5.519747734069824,-3.8172614574432373,1.0,True
1,finetune_000231_v00,finetune_000231,NiPC3NO3,43,C,-2.845463514328003,1.3974045515060425,0.6919003129005432,1.0,True
1,finetune_000231_v00,finetune_000231,NiPC3NO3,44,C,2.50869083404541,-0.29345494508743286,-1.6973111629486084,0.9607228417057234,True
1,finetune_000231_v00,finetune_000231,NiPC3NO3,45,C,-1.4829744100570679,0.48909157514572144,-1.2323716878890991,1.0,True
1,finetune_000231_v00,finetune_000231,NiPC3NO3,46,C,0.3367708921432495,-0.9781831502914429,-7.103782653808594,1.0,True
1,finetune_000231_v00,finetune_000231,NiPC3NO3,47,C,-0.34604430198669434,1.3275343179702759,-7.642272472381592,1.0,True
1,finetune_000231_v00,finetune_000231,NiPC3NO3,48,C,1.9247546195983887,0.9781831502914429,-7.24310302734375,1.0,True
1,finetune_000231_v00,finetune_000231,NiPC3NO3,49,N,1.4954023361206055,-5.491799831390381,4.029676914215088,1.0,True
1,finetune_000231_v00,finetune_000231,NiPC3NO3,50,N,3.176034450531006,-0.8803648352622986,0.8198416233062744,1.0,True
1,finetune_000231_v00,finetune_000231,NiPC3NO3,51,N,-0.24406315386295319,-0.6148579716682434,6.783352851867676,1.0,True
1,finetune_000231_v00,finetune_000231,NiPC3NO3,52,N,-1.2667782306671143,5.491799831390381,-4.058499813079834,1.0,True
1,finetune_000231_v00,finetune_000231,NiPC3NO3,53,N,-2.9474103450775146,0.8803648352622986,-0.848664402961731,0.9600716953775541,True
1,finetune_000231_v00,finetune_000231,NiPC3NO3,54,N,0.47268733382225037,0.6148579716682434,-6.812175750732422,1.0,True
1,finetune_000231_v00,finetune_000231,NiPC3NO3,55,O,-2.2058656215667725,-3.47953724861145,4.6036529541015625,1.0,True
1,finetune_000231_v00,finetune_000231,NiPC3NO3,56,O,0.1298035830259323,-3.144160270690918,5.197830677032471,1.0,True
1,finetune_000231_v00,finetune_000231,NiPC3NO3,57,O,0.29045528173446655,-2.9205753803253174,0.44287344813346863,1.0,True
1,finetune_000231_v00,finetune_000231,NiPC3NO3,58,O,-0.32128211855888367,-1.970340371131897,2.978220224380493,1.0,True
1,finetune_000231_v00,finetune_000231,NiPC3NO3,59,O,1.8815556764602661,-2.9066014289855957,2.5401525497436523,0.9599900626333252,True
1,finetune_000231_v00,finetune_000231,NiPC3NO3,60,O,2.9659204483032227,1.0480533838272095,4.962928295135498,0.9599608772892313,True
1,finetune_000231_v00,finetune_000231,NiPC3NO3,61,O,1.992759108543396,-1.5371450185775757,4.689607620239258,1.0,True
1,finetune_000231_v00,finetune_000231,NiPC3NO3,62,O,-2.0576043128967285,-0.9362610578536987,4.470670700073242,1.0,True
1,finetune_000231_v00,finetune_000231,NiPC3NO3,63,O,-3.744541645050049,3.47953724861145,-3.8371965885162354,0.9599106819957041,True
1,finetune_000231_v00,finetune_000231,NiPC3NO3,64,O,0.09882058203220367,3.144160270690918,-5.226653575897217,0.9599783406264285,True
1,finetune_000231_v00,finetune_000231,NiPC3NO3,65,O,-0.061831116676330566,2.9205753803253174,-0.47169622778892517,1.0,True
1,finetune_000231_v00,finetune_000231,NiPC3NO3,66,O,0.5499062538146973,1.970340371131897,-3.0070431232452393,0.959980866095749,True
1,finetune_000231_v00,finetune_000231,NiPC3NO3,67,O,-1.652931571006775,2.9066014289855957,-2.5689752101898193,1.0,True
1,finetune_000231_v00,finetune_000231,NiPC3NO3,68,O,-2.7372963428497314,-1.0480533838272095,-5.008019924163818,1.0,True
1,finetune_000231_v00,finetune_000231,NiPC3NO3,69,O,-1.7641350030899048,1.5371450185775757,-4.718430042266846,1.0,True
1,finetune_000231_v00,finetune_000231,NiPC3NO3,70,O,2.286228656768799,0.9362610578536987,-4.49949312210083,1.0,True
1,finetune_000231_v00,finetune_000231,NiPC3NO3,71,C,-1.3409534692764282,7.420217990875244,-2.5196802616119385,1.0,True
1,finetune_000231_v00,finetune_000231,NiPC3NO3,72,Ni,3.858837604522705,-2.3196914196014404,2.1717770099639893,0.9599668693867198,True
1,finetune_000231_v00,finetune_000231,NiPC3NO3,73,Ni,6.1852264404296875,-1.1318976879119873,3.9791839122772217,1.0,True
1,finetune_000231_v00,finetune_000231,NiPC3NO3,74,Ni,4.337630748748779,3.535433530807495,-5.316685199737549,1.0,True
1,finetune_000231_v00,finetune_000231,NiPC3NO3,75,P,6.969977378845215,-2.138028860092163,0.9009615182876587,0.9599388646387705,True
1,finetune_000231_v00,finetune_000231,NiPC3NO3,76,P,5.6167097091674805,2.138028860092163,-2.520343065261841,1.0,True
1,finetune_000231_v00,finetune_000231,NiPC3NO3,77,P,3.10495662689209,0.4751175343990326,-5.751830101013184,1.0,True
1,finetune_000231_v00,finetune_000231,NiPC3NO3,78,C,3.8989648818969727,0.29345494508743286,0.8732089996337891,0.9199920702776558,True
1,finetune_000231_v00,finetune_000231,NiPC3NO3,79,C,7.896809101104736,-0.48909157514572144,0.40747421979904175,0.9599874771522284,True
1,finetune_000231_v00,finetune_000231,NiPC3NO3,80,C,4.482901096343994,-0.9781831502914429,6.41900110244751,1.0,True
1,finetune_000231_v00,finetune_000231,NiPC3NO3,81,C,3.3335680961608887,1.3974045515060425,-0.1033790186047554,1.0,True
1,finetune_000231_v00,finetune_000231,NiPC3NO3,82,C,4.696057319641113,0.48909157514572144,-2.027651071548462,1.0,True
1,finetune_000231_v00,finetune_000231,NiPC3NO3,83,N,3.231621265411377,0.8803648352622986,-1.6439437866210938,1.0,True
1,finetune_000231_v00,finetune_000231,NiPC3NO3,84,O,3.973165988922119,-3.47953724861145,3.8083736896514893,0.9600221255664253,True
1,finetune_000231_v00,finetune_000231,NiPC3NO3,85,O,6.469486713409424,-2.9205753803253174,-0.3524059057235718,1.0,True
1,finetune_000231_v00,finetune_000231,NiPC3NO3,86,O,5.8577494621276855,-1.970340371131897,2.18294095993042,1.0,True
1,finetune_000231_v00,finetune_000231,NiPC3NO3,87,O,4.121427059173584,-0.9362610578536987,3.67539119720459,1.0,True
1,finetune_000231_v00,finetune_000231,NiPC3NO3,88,O,2.4344897270202637,3.47953724861145,-4.632475852966309,0.959908716650591,False
1,finetune_000231_v00,finetune_000231,NiPC3NO3,89,O,6.1172003746032715,2.9205753803253174,-1.2669756412506104,1.0,True
1,finetune_000231_v00,finetune_000231,NiPC3NO3,90,O,6.72893762588501,1.970340371131897,-3.8023223876953125,1.0,True
1,finetune_000231_v00,finetune_000231,NiPC3NO3,91,O,4.526100158691406,2.9066014289855957,-3.3642544746398926,1.0,True
1,finetune_000231_v00,finetune_000231,NiPC3NO3,92,O,3.44173526763916,-1.0480533838272095,-5.803299427032471,1.0,True
1,finetune_000231_v00,finetune_000231,NiPC3NO3,93,O,4.414896488189697,1.5371450185775757,-5.513709545135498,1.0,True
1,finetune_000073_v00,finetune_000073,CoHC4O3,0,C,-1.741438388824463,-7.201661109924316,-2.9885916709899902,0.919943352657463,True
1,finetune_000073_v00,finetune_000073,CoHC4O3,1,Co,-4.314479351043701,-0.5298824906349182,-3.4533653259277344,0.9599840405208299,True
1,finetune_000073_v00,finetune_000073,CoHC4O3,2,Co,-5.252559185028076,3.0904624462127686,2.746713161468506,0.959994407964626,True
1,finetune_000073_v00,finetune_000073,CoHC4O3,3,Co,-6.666455268859863,-2.3659145832061768,-3.008894205093384,0.9198787510990629,False
1,finetune_000073_v00,finetune_000073,CoHC4O3,4,H,-5.125264644622803,0.22004608809947968,0.21407151222229004,0.9599844461411435,True
1,finetune_000073_v00,finetune_000073,CoHC4O3,5,C,-3.527139902114868,-0.3100758194923401,-6.286299228668213,0.9599902738891096,True
1,finetune_000073_v00,finetune_000073,CoHC4O3,6,C,-4.552348613739014,0.5432911515235901,6.333197593688965,0.9599455084278016,True
1,finetune_000073_v00,finetune_000073,CoHC4O3,7,C,-4.033069133758545,-3.5554563999176025,-2.7765908241271973,0.9600081480352303,True
1,finetune_000073_v00,finetune_000073,CoHC4O3,8,C,-3.8387644290924072,-5.986259460449219,-2.656594753265381,0.9599446807258143,True
1,finetune_000073_v00,finetune_000073,CoHC4O3,9,C,-3.1720314025878906,-4.783787727355957,-2.7897751331329346,0.959988057039105,True
1,finetune_000073_v00,finetune_000073,CoHC4O3,10,C,-5.2224202156066895,1.0346237421035767,5.084222793579102,0.9600029470593046,True
1,finetune_000073_v00,finetune_000073,CoHC4O3,11,C,-6.877503395080566,1.2673600912094116,0.7568265199661255,0.9199549474188948,True
1,finetune_000073_v00,finetune_000073,CoHC4O3,12,C,-6.562576770782471,0.05195865407586098,-1.324628472328186,0.9599845630115038,True
1,finetune_000073_v00,finetune_000073,CoHC4O3,13,C,-6.147127628326416,0.4398527443408966,-0.06887540966272354,0.9199419995433293,True
1,finetune_000073_v00,finetune_000073,CoHC4O3,14,O,-5.289460182189941,-3.6718246936798096,-2.4004194736480713,0.9599530830387655,True
1,finetune_000073_v00,finetune_000073,CoHC4O3,15,O,-5.530672550201416,-1.5513368844985962,-4.596212387084961,0.9598984010026248,False
1,finetune_000073_v00,finetune_000073,CoHC4O3,16,O,-4.428356647491455,4.590319633483887,3.837806224822998,0.959950173500075,True
1,finetune_000073_v00,finetune_000073,CoHC4O3,17,O,-4.609294891357422,1.9784992933273315,4.429532051086426,0.9599191042612806,True
1,finetune_000073_v00,finetune_000073,CoHC4O3,18,O,-3.4634976387023926,-2.443493366241455,-3.143420696258545,0.9599611106997045,True
1,finetune_000073_v00,finetune_000073,CoHC4O3,19,O,-6.368251800537109,0.49157196283340454,4.729671001434326,0.9599475045710976,True
1,finetune_000073_v00,finetune_000073,CoHC4O3,20,O,-5.822149753570557,-0.7884785532951355,-2.050659656524658,0.9199050974223196,True
1,finetune_000073_v00,finetune_000073,CoHC4O3,21,O,-3.0815422534942627,-0.6074613332748413,-5.063735008239746,0.9599676553005253,True
1,finetune_000073_v00,finetune_000073,CoHC4O3,22,O,-6.431901454925537,1.5647456645965576,1.97939133644104,0.9599767355209945,True
1,finetune_000073_v00,finetune_000073,CoHC4O3,23,Co,-0.964090883731842,1.4871667623519897,4.618612766265869,0.9599910523584282,True
1,finetune_000073_v00,finetune_000073,CoHC4O3,24,Co,2.3862695693969727,-0.5298824906349182,-2.4396133422851562,1.0,True
1,finetune_000073_v00,finetune_000073,CoHC4O3,25,Co,-1.9022209644317627,-2.1331779956817627,-4.296416282653809,0.9599191042612806,True
1,finetune_000073_v00,finetune_000073,CoHC4O3,26,Co,-3.3193912506103516,3.3361287117004395,5.055030822753906,1.0,True
1,finetune_000073_v00,finetune_000073,CoHC4O3,27,Co,1.4481898546218872,3.0904624462127686,3.760465145111084,1.0,True
1,finetune_000073_v00,finetune_000073,CoHC4O3,28,Co,0.034293800592422485,-2.3659145832061768,-1.9951422214508057,0.959988057039105,True
1,finetune_000073_v00,finetune_000073,CoHC4O3,29,H,1.930580496788025,-5.986259460449219,-1.5572543144226074,1.0,True
1,finetune_000073_v00,finetune_000073,CoHC4O3,30,H,0.4966588318347931,-0.4523036777973175,-7.179991245269775,1.0,True
1,finetune_000073_v00,finetune_000073,CoHC4O3,31,H,-1.7748867273330688,0.7372382283210754,-6.829051971435547,1.0,True
1,finetune_000073_v00,finetune_000073,CoHC4O3,32,H,-2.8537025451660156,1.4095879793167114,-0.13686534762382507,1.0,True
1,finetune_000073_v00,finetune_000073,CoHC4O3,33,H,1.5754841566085815,0.22004608809947968,1.2278233766555786,1.0,True
1,finetune_000073_v00,finetune_000073,CoHC4O3,34,H,-0.03273896500468254,-5.986259460449219,-3.243483543395996,1.0,True
1,finetune_000073_v00,finetune_000073,CoHC4O3,35,C,0.8484415411949158,-1.3961793184280396,-4.839120388031006,1.0,True
1,finetune_000073_v00,finetune_000073,CoHC4O3,36,C,-1.5068506002426147,1.6164648532867432,1.3503990173339844,1.0,True
1,finetune_000073_v00,finetune_000073,CoHC4O3,37,C,3.1736090183258057,-0.3100758194923401,-5.272547245025635,1.0,True
1,finetune_000073_v00,finetune_000073,CoHC4O3,38,C,2.14840030670166,0.5432911515235901,7.346949577331543,1.0,True
1,finetune_000073_v00,finetune_000073,CoHC4O3,39,C,-1.1952742338180542,0.41399314999580383,-0.7089127898216248,1.0,True
1,finetune_000073_v00,finetune_000073,CoHC4O3,40,C,2.667679786682129,-3.5554563999176025,-1.7628389596939087,1.0,True
1,finetune_000073_v00,finetune_000073,CoHC4O3,41,C,2.8619844913482666,-5.986259460449219,-1.6428427696228027,1.0,True
1,finetune_000073_v00,finetune_000073,CoHC4O3,42,C,3.528717517852783,-4.783787727355957,-1.7760231494903564,1.0,True
1,finetune_000073_v00,finetune_000073,CoHC4O3,43,C,1.4783289432525635,1.0346237421035767,6.09797477722168,1.0,True
1,finetune_000073_v00,finetune_000073,CoHC4O3,44,C,-1.9725555181503296,1.215640902519226,0.10969281941652298,0.9599475045710976,True
1,finetune_000073_v00,finetune_000073,CoHC4O3,45,C,1.609026312828064,5.728142261505127,5.068297863006592,1.0,True
1,finetune_000073_v00,finetune_000073,CoHC4O3,46,C,-0.176754429936409,1.2673600912094116,1.770578384399414,0.9599845630115038,True
1,finetune_000073_v00,finetune_000073,CoHC4O3,47,C,1.377808690071106,-0.25835663080215454,-6.933432579040527,0.9199848835562247,True
1,finetune_000073_v00,finetune_000073,CoHC4O3,48,C,-2.501906633377075,2.353463649749756,2.204007625579834,1.0,True
1,finetune_000073_v00,finetune_000073,CoHC4O3,49,C,1.836807131767273,-0.6591805219650269,-5.693741321563721,1.0,True
1,finetune_000073_v00,finetune_000073,CoHC4O3,50,C,-0.6826382875442505,4.512740612030029,5.2802934646606445,1.0,True
1,finetune_000073_v00,finetune_000073,CoHC4O3,51,C,-3.212196111679077,0.9053256511688232,6.732248306274414,0.9599918260432544,True
1,finetune_000073_v00,finetune_000073,CoHC4O3,52,C,-2.796752452850342,0.5174315571784973,-7.11199951171875,1.0,True
1,finetune_000073_v00,finetune_000073,CoHC4O3,53,C,0.17841649055480957,5.741072177886963,5.267111778259277,1.0,True
1,finetune_000073_v00,finetune_000073,CoHC4O3,54,C,-1.7414214611053467,-4.770857810974121,-2.98858904838562,1.0,True
1,finetune_000073_v00,finetune_000073,CoHC4O3,55,C,0.13817228376865387,0.05195865407586098,-0.3108765482902527,1.0,True
1,finetune_000073_v00,finetune_000073,CoHC4O3,56,C,-1.8720532655715942,-0.07733938097953796,-1.9589022397994995,0.9599938367191903,True
1,finetune_000073_v00,finetune_000073,CoHC4O3,57,C,-1.111559510231018,-5.986259460449219,-3.1499977111816406,0.9599530830387655,True
1,finetune_000073_v00,finetune_000073,CoHC4O3,58,C,0.5536214113235474,0.4398527443408966,0.9448764324188232,1.0,True
1,finetune_000073_v00,finetune_000073,CoHC4O3,59,O,1.4112886190414429,-3.6718246936798096,-1.3866676092147827,1.0,True
1,finetune_000073_v00,finetune_000073,CoHC4O3,60,O,-2.471757650375366,1.745762825012207,6.006218910217285,1.0,True
1,finetune_000073_v00,finetune_000073,CoHC4O3,61,O,1.1700763702392578,-1.5513368844985962,-3.582460403442383,1.0,True
1,finetune_000073_v00,finetune_000073,CoHC4O3,62,O,-1.0780394077301025,-3.633035182952881,-3.2053263187408447,1.0,True
1,finetune_000073_v00,finetune_000073,CoHC4O3,63,O,-0.1130824163556099,3.400777578353882,4.8983612060546875,1.0,True
1,finetune_000073_v00,finetune_000073,CoHC4O3,64,O,2.272392511367798,4.590319633483887,4.851558208465576,1.0,True
1,finetune_000073_v00,finetune_000073,CoHC4O3,65,O,-1.258941411972046,-1.0212149620056152,-2.5984950065612793,0.9599676553005253,True
1,finetune_000073_v00,finetune_000073,CoHC4O3,66,O,2.091454029083252,1.9784992933273315,5.443284034729004,0.9599455084278016,True
1,finetune_000073_v00,finetune_000073,CoHC4O3,67,O,-3.6175785064697266,2.780147075653076,1.6501684188842773,0.9599561527294825,True
1,finetune_000073_v00,finetune_000073,CoHC4O3,68,O,3.2372512817382812,-2.443493366241455,-2.129668951034546,1.0,True
1,finetune_000073_v00,finetune_000073,CoHC4O3,69,O,0.3324970602989197,0.49157196283340454,5.743422508239746,1.0,True
1,finetune_000073_v00,finetune_000073,CoHC4O3,70,O,-0.2672361135482788,-1.8228627443313599,-5.392960548400879,0.9599446807258143,True
1,finetune_000073_v00,finetune_000073,CoHC4O3,71,O,0.8785991668701172,-0.7884785532951355,-1.0369079113006592,1.0,True
1,finetune_000073_v00,finetune_000073,CoHC4O3,72,O,-1.9390279054641724,4.629108905792236,5.65646505355835,1.0,True
1,finetune_000073_v00,finetune_000073,CoHC4O3,73,O,-2.1735689640045166,2.5086212158203125,3.4465816020965576,1.0,True
1,finetune_000073_v00,finetune_000073,CoHC4O3,74,O,-3.0178775787353516,0.4657123386859894,-2.313453197479248,1.0,True
1,finetune_000073_v00,finetune_000073,CoHC4O3,75,O,3.619206666946411,-0.6074613332748413,-4.049983024597168,1.0,True
1,finetune_000073_v00,finetune_000073,CoHC4O3,76,O,0.2688474655151367,1.5647456645965576,2.993143081665039,1.0,True
1,finetune_000073_v00,finetune_000073,CoHC4O3,77,H,0.4966588318347931,-0.4523036777973175,7.920008659362793,1.0,True
1,finetune_000073_v00,finetune_000073,CoHC4O3,78,Co,4.798527717590332,-2.1331779956817627,-3.2826645374298096,0.8799776670895577,True
1,finetune_000073_v00,finetune_000073,CoHC4O3,79,Co,3.3813576698303223,3.3361287117004395,6.068782806396484,0.9599803500964381,True
1,finetune_000073_v00,finetune_000073,CoHC4O3,80,Co,6.735042572021484,-2.3659145832061768,-0.9813903570175171,0.9599840405208299,True
1,finetune_000073_v00,finetune_000073,CoHC4O3,81,H,4.9258623123168945,0.7372382283210754,-5.815299987792969,1.0,True
1,finetune_000073_v00,finetune_000073,CoHC4O3,82,H,3.847046375274658,1.4095879793167114,0.8768865466117859,1.0,True
1,finetune_000073_v00,finetune_000073,CoHC4O3,83,C,5.1938982009887695,1.6164648532867432,2.3641507625579834,0.9607369966508329,True
1,finetune_000073_v00,finetune_000073,CoHC4O3,84,C,5.50547456741333,0.41399314999580383,0.3048390746116638,1.0,True
1,finetune_000073_v00,finetune_000073,CoHC4O3,85,C,4.728193283081055,1.215640902519226,1.123444676399231,0.9599910523584282,True
1,finetune_000073_v00,finetune_000073,CoHC4O3,86,C,6.523994445800781,1.2673600912094116,2.784330368041992,1.0,True
1,finetune_000073_v00,finetune_000073,CoHC4O3,87,C,4.1988420486450195,2.353463649749756,3.217759609222412,1.0,True
1,finetune_000073_v00,finetune_000073,CoHC4O3,88,C,3.903996467590332,0.5174315571784973,-6.098247528076172,1.0,True
1,finetune_000073_v00,finetune_000073,CoHC4O3,89,C,4.959327697753906,-4.770857810974121,-1.9748371839523315,1.0,True
1,finetune_000073_v00,finetune_000073,CoHC4O3,90,C,6.838921070098877,0.05195865407586098,0.7028753161430359,1.0,True
1,finetune_000073_v00,finetune_000073,CoHC4O3,91,C,4.828695774078369,-0.07733938097953796,-0.9451503753662109,1.0,True
1,finetune_000073_v00,finetune_000073,CoHC4O3,92,C,7.254370212554932,0.4398527443408966,1.9586282968521118,1.0,True
1,finetune_000073_v00,finetune_000073,CoHC4O3,93,O,5.62270975112915,-3.633035182952881,-2.1915745735168457,1.0,True
1,finetune_000073_v00,finetune_000073,CoHC4O3,94,O,5.441807746887207,-1.0212149620056152,-1.5847430229187012,1.0,True
1,finetune_000073_v00,finetune_000073,CoHC4O3,95,O,3.0831704139709473,2.780147075653076,2.6639201641082764,1.0,True
1,finetune_000073_v00,finetune_000073,CoHC4O3,96,O,6.4335126876831055,-1.8228627443313599,-4.379208564758301,1.0,True
1,finetune_000073_v00,finetune_000073,CoHC4O3,97,O,7.579348087310791,-0.7884785532951355,-0.02315598726272583,1.0,True
1,finetune_000073_v00,finetune_000073,CoHC4O3,98,O,4.527180194854736,2.5086212158203125,4.460333347320557,1.0,True
1,finetune_000073_v00,finetune_000073,CoHC4O3,99,O,3.6828713417053223,0.4657123386859894,-1.2997013330459595,1.0,True
1,finetune_000278_v00,finetune_000278,UH2(C5O4)2,0,H,-4.861563682556152,0.06861229240894318,-1.7816872596740723,0.9600323220518795,True
1,finetune_000278_v00,finetune_000278,UH2(C5O4)2,1,C,-5.835355758666992,0.06861229240894318,1.3459738492965698,0.9599067275445413,True
1,finetune_000278_v00,finetune_000278,UH2(C5O4)2,2,C,-6.996415615081787,0.06861229240894318,2.286118268966675,0.8797226042742589,False
1,finetune_000278_v00,finetune_000278,UH2(C5O4)2,3,C,-7.253043174743652,0.12007151544094086,-0.7453776001930237,0.9599314796034946,True
1,finetune_000278_v00,finetune_000278,UH2(C5O4)2,4,C,-5.936503887176514,0.08576536923646927,-0.050089575350284576,0.9200168049465831,True
1,finetune_000278_v00,finetune_000278,UH2(C5O4)2,5,C,-4.790355205535889,0.03430614620447159,-0.8260488510131836,0.9600401062936194,True
1,finetune_000278_v00,finetune_000278,UH2(C5O4)2,6,O,-7.191575050354004,-1.0034548044204712,2.909080743789673,0.9200114906626321,True
1,finetune_000278_v00,finetune_000278,UH2(C5O4)2,7,O,-7.287151336669922,0.41167378425598145,-1.9939576387405396,0.9198810581228501,True
1,finetune_000278_v00,finetune_000278,UH2(C5O4)2,8,H,2.0135841369628906,-4.425493240356445,4.6038126945495605,0.9599526437859488,True
1,finetune_000278_v00,finetune_000278,UH2(C5O4)2,9,C,1.9535878896713257,-4.3740339279174805,5.559451103210449,0.9600588775754153,True
1,finetune_000278_v00,finetune_000278,UH2(C5O4)2,10,C,2.404325246810913,-5.317452907562256,-5.039525985717773,0.95992385507276,True
1,finetune_000278_v00,finetune_000278,UH2(C5O4)2,11,O,1.5853161811828613,-7.573081970214844,-0.7224439382553101,0.9598897569118947,False
1,finetune_000278_v00,finetune_000278,UH2(C5O4)2,12,C,1.3528008460998535,-3.2590839862823486,-6.638155460357666,0.9600281239183923,True
1,finetune_000278_v00,finetune_000278,UH2(C5O4)2,13,C,0.886917233467102,-2.1955933570861816,-7.5782999992370605,0.9600656333636645,True
1,finetune_000278_v00,finetune_000278,UH2(C5O4)2,14,O,-0.5574329495429993,0.9091129302978516,-7.5938825607299805,0.9599885386653709,True
1,finetune_000278_v00,finetune_000278,UH2(C5O4)2,15,U,0.36737433075904846,-0.2401430308818817,3.1927499771118164,0.959919550957493,True
1,finetune_000278_v00,finetune_000278,UH2(C5O4)2,16,U,-0.36737433075904846,0.2401430308818817,-3.1927499771118164,0.8798649315968426,True
1,finetune_000278_v00,finetune_000278,UH2(C5O4)2,17,H,-1.743541955947876,4.151043891906738,3.5104942321777344,0.9599577798511728,True
1,finetune_000278_v00,finetune_000278,UH2(C5O4)2,18,H,-4.501821517944336,-0.06861229240894318,2.8750057220458984,0.9600258903278099,True
1,finetune_000278_v00,finetune_000278,UH2(C5O4)2,19,H,1.743541955947876,-4.151043891906738,-3.5104942321777344,0.9599488980961693,True
1,finetune_000278_v00,finetune_000278,UH2(C5O4)2,20,H,4.501821517944336,0.06861229240894318,-2.8750057220458984,0.9199132045698079,True
1,finetune_000278_v00,finetune_000278,UH2(C5O4)2,21,C,-0.7368087768554688,1.9811800718307495,4.546803951263428,0.95995765812917,True
1,finetune_000278_v00,finetune_000278,UH2(C5O4)2,22,C,1.3528008460998535,-3.2590839862823486,6.1328444480896,0.9199963821816359,True
1,finetune_000278_v00,finetune_000278,UH2(C5O4)2,23,C,-1.2965028285980225,3.17331862449646,5.242092132568359,0.9600716621419225,True
1,finetune_000278_v00,finetune_000278,UH2(C5O4)2,24,C,-1.8035383224487305,4.202503204345703,4.466132640838623,1.0,True
1,finetune_000278_v00,finetune_000278,UH2(C5O4)2,25,C,0.886917233467102,-2.1955933570861816,5.192699909210205,0.9600281239183923,True
1,finetune_000278_v00,finetune_000278,UH2(C5O4)2,26,C,-2.110342264175415,-0.12007151544094086,1.838696002960205,1.0,True
1,finetune_000278_v00,finetune_000278,UH2(C5O4)2,27,C,3.528029441833496,0.06861229240894318,0.2526554465293884,1.0,True
1,finetune_000278_v00,finetune_000278,UH2(C5O4)2,28,C,-3.4268813133239746,-0.08576536923646927,1.1434080600738525,1.0,True
1,finetune_000278_v00,finetune_000278,UH2(C5O4)2,29,C,-4.573030471801758,-0.03430614620447159,1.9193673133850098,1.0,True
1,finetune_000278_v00,finetune_000278,UH2(C5O4)2,30,C,2.366969585418701,0.06861229240894318,1.1927999258041382,0.9599577798511728,True
1,finetune_000278_v00,finetune_000278,UH2(C5O4)2,31,C,0.7368087768554688,-1.9811800718307495,-4.546803951263428,1.0,True
1,finetune_000278_v00,finetune_000278,UH2(C5O4)2,32,C,-1.3528008460998535,3.2590839862823486,-6.1328444480896,0.9600656333636645,True
1,finetune_000278_v00,finetune_000278,UH2(C5O4)2,33,C,1.2965028285980225,-3.17331862449646,-5.242092132568359,1.0,True
1,finetune_000278_v00,finetune_000278,UH2(C5O4)2,34,C,1.8035383224487305,-4.202503204345703,-4.466132640838623,1.0,True
1,finetune_000278_v00,finetune_000278,UH2(C5O4)2,35,C,-0.886917233467102,2.1955933570861816,-5.192699909210205,1.0,True
1,finetune_000278_v00,finetune_000278,UH2(C5O4)2,36,C,2.110342264175415,0.12007151544094086,-1.838696002960205,1.0,True
1,finetune_000278_v00,finetune_000278,UH2(C5O4)2,37,C,-3.528029441833496,-0.06861229240894318,-0.2526554465293884,1.0,True
1,finetune_000278_v00,finetune_000278,UH2(C5O4)2,38,C,3.4268813133239746,0.08576536923646927,-1.1434080600738525,1.0,True
1,finetune_000278_v00,finetune_000278,UH2(C5O4)2,39,C,4.573030471801758,0.03430614620447159,-1.9193673133850098,1.0,True
1,finetune_000278_v00,finetune_000278,UH2(C5O4)2,40,C,-2.366969585418701,-0.06861229240894318,-1.1927999258041382,0.8806582161087224,True
1,finetune_000278_v00,finetune_000278,UH2(C5O4)2,41,O,-0.4560249149799347,2.0669453144073486,3.2982239723205566,0.9198525081073964,True
1,finetune_000278_v00,finetune_000278,UH2(C5O4)2,42,O,1.7905844449996948,-1.58665931224823,4.569737434387207,1.0,True
1,finetune_000278_v00,finetune_000278,UH2(C5O4)2,43,O,-0.5574329495429993,0.9091129302978516,5.177117824554443,0.95992385507276,True
1,finetune_000278_v00,finetune_000278,UH2(C5O4)2,44,O,-0.30443498492240906,-1.955450415611267,4.982408046722412,1.0,True
1,finetune_000278_v00,finetune_000278,UH2(C5O4)2,45,O,-2.0762338638305664,-0.41167378425598145,3.087275981903076,1.0,True
1,finetune_000278_v00,finetune_000278,UH2(C5O4)2,46,O,2.1718101501464844,-1.0034548044204712,1.8157624006271362,0.9599314796034946,True
1,finetune_000278_v00,finetune_000278,UH2(C5O4)2,47,O,-1.0563899278640747,0.1458011269569397,1.2083823680877686,1.0,True
1,finetune_000278_v00,finetune_000278,UH2(C5O4)2,48,O,1.6689682006835938,1.063490629196167,1.4030919075012207,1.0,True
1,finetune_000278_v00,finetune_000278,UH2(C5O4)2,49,O,0.4560249149799347,-2.0669453144073486,-3.2982239723205566,1.0,True
1,finetune_000278_v00,finetune_000278,UH2(C5O4)2,50,O,-1.7905844449996948,1.58665931224823,-4.569737434387207,1.0,True
1,finetune_000278_v00,finetune_000278,UH2(C5O4)2,51,O,0.5574329495429993,-0.9091129302978516,-5.177117824554443,1.0,True
1,finetune_000278_v00,finetune_000278,UH2(C5O4)2,52,O,0.30443498492240906,1.955450415611267,-4.982408046722412,1.0,True
1,finetune_000278_v00,finetune_000278,UH2(C5O4)2,53,O,2.0762338638305664,0.41167378425598145,-3.087275981903076,1.0,True
1,finetune_000278_v00,finetune_000278,UH2(C5O4)2,54,O,-2.1718101501464844,1.0034548044204712,-1.8157624006271362,1.0,True
1,finetune_000278_v00,finetune_000278,UH2(C5O4)2,55,O,1.0563899278640747,-0.1458011269569397,-1.2083823680877686,0.9599067275445413,True
1,finetune_000278_v00,finetune_000278,UH2(C5O4)2,56,O,-1.6689682006835938,-1.063490629196167,-1.4030919075012207,1.0,True
1,finetune_000278_v00,finetune_000278,UH2(C5O4)2,57,C,-1.3528008460998535,3.2590839862823486,6.638155460357666,0.9599526437859488,True
1,finetune_000278_v00,finetune_000278,UH2(C5O4)2,58,C,-0.886917233467102,2.1955933570861816,7.5782999992370605,1.0,True
1,finetune_000278_v00,finetune_000278,UH2(C5O4)2,59,O,0.5574329495429993,-0.9091129302978516,7.5938825607299805,0.9599375046062206,True
1,finetune_000278_v00,finetune_000278,UH2(C5O4)2,60,H,-2.0135841369628906,4.425493240356445,-4.6038126945495605,1.0,True
1,finetune_000278_v00,finetune_000278,UH2(C5O4)2,61,C,-2.404325246810913,5.317452907562256,5.039525985717773,0.9599488980961693,True
1,finetune_000278_v00,finetune_000278,UH2(C5O4)2,62,C,-1.9535878896713257,4.3740339279174805,-5.559451103210449,1.0,True
1,finetune_000278_v00,finetune_000278,UH2(C5O4)2,63,O,-1.5853161811828613,7.573081970214844,0.7224439382553101,1.0,True
1,finetune_000278_v00,finetune_000278,UH2(C5O4)2,64,H,4.861563682556152,-0.06861229240894318,1.7816872596740723,1.0,True
1,finetune_000278_v00,finetune_000278,UH2(C5O4)2,65,C,7.253043174743652,-0.12007151544094086,0.7453776001930237,1.0,True
1,finetune_000278_v00,finetune_000278,UH2(C5O4)2,66,C,5.936503887176514,-0.08576536923646927,0.050089575350284576,1.0,True
1,finetune_000278_v00,finetune_000278,UH2(C5O4)2,67,C,4.790355205535889,-0.03430614620447159,0.8260488510131836,1.0,True
1,finetune_000278_v00,finetune_000278,UH2(C5O4)2,68,C,5.835355758666992,-0.06861229240894318,-1.3459738492965698,1.0,True
1,finetune_000278_v00,finetune_000278,UH2(C5O4)2,69,C,6.996415615081787,-0.06861229240894318,-2.286118268966675,1.0,True
1,finetune_000278_v00,finetune_000278,UH2(C5O4)2,70,O,7.287151336669922,-0.41167378425598145,1.9939576387405396,0.9599885386653709,True
1,finetune_000278_v00,finetune_000278,UH2(C5O4)2,71,O,7.191575050354004,1.0034548044204712,-2.909080743789673,0.9600258903278099,True
1,finetune_000175_v00,finetune_000175,CoHC4O3,0,C,-1.741438388824463,-7.201661109924316,-2.9885916709899902,0.9599776895643846,True
1,finetune_000175_v00,finetune_000175,CoHC4O3,1,Co,-4.314479351043701,-0.5298824906349182,-3.4533653259277344,0.959994572172928,True
1,finetune_000175_v00,finetune_000175,CoHC4O3,2,Co,-5.252559185028076,3.0904624462127686,2.746713161468506,0.9198679592969532,True
1,finetune_000175_v00,finetune_000175,CoHC4O3,3,Co,-6.666455268859863,-2.3659145832061768,-3.008894205093384,0.95997600132921,True
1,finetune_000175_v00,finetune_000175,CoHC4O3,4,H,-5.125264644622803,0.22004608809947968,0.21407151222229004,0.959966573903893,True
1,finetune_000175_v00,finetune_000175,CoHC4O3,5,C,-3.527139902114868,-0.3100758194923401,-6.286299228668213,0.9599870493820428,True
1,finetune_000175_v00,finetune_000175,CoHC4O3,6,C,-4.552348613739014,0.5432911515235901,6.333197593688965,0.959987391771069,True
1,finetune_000175_v00,finetune_000175,CoHC4O3,7,C,-4.033069133758545,-3.5554563999176025,-2.7765908241271973,0.9600075705545988,True
1,finetune_000175_v00,finetune_000175,CoHC4O3,8,C,-3.8387644290924072,-5.986259460449219,-2.656594753265381,0.9199219679783445,True
1,finetune_000175_v00,finetune_000175,CoHC4O3,9,C,-3.1720314025878906,-4.783787727355957,-2.7897751331329346,0.9599567587976031,True
1,finetune_000175_v00,finetune_000175,CoHC4O3,10,C,-5.2224202156066895,1.0346237421035767,5.084222793579102,0.9199241174018821,True
1,finetune_000175_v00,finetune_000175,CoHC4O3,11,C,-6.877503395080566,1.2673600912094116,0.7568265199661255,0.9599877696327882,True
1,finetune_000175_v00,finetune_000175,CoHC4O3,12,C,-6.562576770782471,0.05195865407586098,-1.324628472328186,0.9599838859087155,True
1,finetune_000175_v00,finetune_000175,CoHC4O3,13,C,-6.147127628326416,0.4398527443408966,-0.06887540966272354,0.9199706149345181,True
1,finetune_000175_v00,finetune_000175,CoHC4O3,14,O,-5.289460182189941,-3.6718246936798096,-2.4004194736480713,0.9599684968190199,True
1,finetune_000175_v00,finetune_000175,CoHC4O3,15,O,-5.530672550201416,-1.5513368844985962,-4.596212387084961,0.9599697705092931,True
1,finetune_000175_v00,finetune_000175,CoHC4O3,16,O,-4.428356647491455,4.590319633483887,3.837806224822998,0.9599743423969496,True
1,finetune_000175_v00,finetune_000175,CoHC4O3,17,O,-4.609294891357422,1.9784992933273315,4.429532051086426,0.919927345148216,True
1,finetune_000175_v00,finetune_000175,CoHC4O3,18,O,-3.4634976387023926,-2.443493366241455,-3.143420696258545,0.9599196001014322,True
1,finetune_000175_v00,finetune_000175,CoHC4O3,19,O,-6.368251800537109,0.49157196283340454,4.729671001434326,0.959961771581504,True
1,finetune_000175_v00,finetune_000175,CoHC4O3,20,O,-5.822149753570557,-0.7884785532951355,-2.050659656524658,0.9599358606656861,True
1,finetune_000175_v00,finetune_000175,CoHC4O3,21,O,-3.0815422534942627,-0.6074613332748413,-5.063735008239746,0.9600016253767417,True
1,finetune_000175_v00,finetune_000175,CoHC4O3,22,O,-6.431901454925537,1.5647456645965576,1.97939133644104,0.9599727512424567,True
1,finetune_000175_v00,finetune_000175,CoHC4O3,23,Co,-0.964090883731842,1.4871667623519897,4.618612766265869,0.9599079298876533,False
1,finetune_000175_v00,finetune_000175,CoHC4O3,24,Co,2.3862695693969727,-0.5298824906349182,-2.4396133422851562,1.0,True
1,finetune_000175_v00,finetune_000175,CoHC4O3,25,Co,-1.9022209644317627,-2.1331779956817627,-4.296416282653809,1.0,True
1,finetune_000175_v00,finetune_000175,CoHC4O3,26,Co,-3.3193912506103516,3.3361287117004395,5.055030822753906,1.0,True
1,finetune_000175_v00,finetune_000175,CoHC4O3,27,Co,1.4481898546218872,3.0904624462127686,3.760465145111084,1.0,True
1,finetune_000175_v00,finetune_000175,CoHC4O3,28,Co,0.034293800592422485,-2.3659145832061768,-1.9951422214508057,0.9599776895643846,True
1,finetune_000175_v00,finetune_000175,CoHC4O3,29,H,1.930580496788025,-5.986259460449219,-1.5572543144226074,1.0,True
1,finetune_000175_v00,finetune_000175,CoHC4O3,30,H,0.4966588318347931,-0.4523036777973175,-7.179991245269775,0.959948359195521,True
1,finetune_000175_v00,finetune_000175,CoHC4O3,31,H,-1.7748867273330688,0.7372382283210754,-6.829051971435547,1.0,True
1,finetune_000175_v00,finetune_000175,CoHC4O3,32,H,-2.8537025451660156,1.4095879793167114,-0.13686534762382507,0.9599697705092931,True
1,finetune_000175_v00,finetune_000175,CoHC4O3,33,H,1.5754841566085815,0.22004608809947968,1.2278233766555786,1.0,True
1,finetune_000175_v00,finetune_000175,CoHC4O3,34,H,-0.03273896500468254,-5.986259460449219,-3.243483543395996,0.9599530027512664,True
1,finetune_000175_v00,finetune_000175,CoHC4O3,35,C,0.8484415411949158,-1.3961793184280396,-4.839120388031006,1.0,True
1,finetune_000175_v00,finetune_000175,CoHC4O3,36,C,-1.5068506002426147,1.6164648532867432,1.3503990173339844,1.0,True
1,finetune_000175_v00,finetune_000175,CoHC4O3,37,C,3.1736090183258057,-0.3100758194923401,-5.272547245025635,1.0,True
1,finetune_000175_v00,finetune_000175,CoHC4O3,38,C,2.14840030670166,0.5432911515235901,7.346949577331543,1.0,True
1,finetune_000175_v00,finetune_000175,CoHC4O3,39,C,-1.1952742338180542,0.41399314999580383,-0.7089127898216248,1.0,True
1,finetune_000175_v00,finetune_000175,CoHC4O3,40,C,2.667679786682129,-3.5554563999176025,-1.7628389596939087,1.0,True
1,finetune_000175_v00,finetune_000175,CoHC4O3,41,C,2.8619844913482666,-5.986259460449219,-1.6428427696228027,0.9199716555415036,True
1,finetune_000175_v00,finetune_000175,CoHC4O3,42,C,3.528717517852783,-4.783787727355957,-1.7760231494903564,0.9599835655524753,True
1,finetune_000175_v00,finetune_000175,CoHC4O3,43,C,1.4783289432525635,1.0346237421035767,6.09797477722168,0.95997600132921,True
1,finetune_000175_v00,finetune_000175,CoHC4O3,44,C,-1.9725555181503296,1.215640902519226,0.10969281941652298,1.0,True
1,finetune_000175_v00,finetune_000175,CoHC4O3,45,C,1.609026312828064,5.728142261505127,5.068297863006592,1.0,True
1,finetune_000175_v00,finetune_000175,CoHC4O3,46,C,-0.176754429936409,1.2673600912094116,1.770578384399414,1.0,True
1,finetune_000175_v00,finetune_000175,CoHC4O3,47,C,1.377808690071106,-0.25835663080215454,-6.933432579040527,1.0,True
1,finetune_000175_v00,finetune_000175,CoHC4O3,48,C,-2.501906633377075,2.353463649749756,2.204007625579834,1.0,True
1,finetune_000175_v00,finetune_000175,CoHC4O3,49,C,1.836807131767273,-0.6591805219650269,-5.693741321563721,1.0,True
1,finetune_000175_v00,finetune_000175,CoHC4O3,50,C,-0.6826382875442505,4.512740612030029,5.2802934646606445,0.9600075705545988,True
1,finetune_000175_v00,finetune_000175,CoHC4O3,51,C,-3.212196111679077,0.9053256511688232,6.732248306274414,1.0,True
1,finetune_000175_v00,finetune_000175,CoHC4O3,52,C,-2.796752452850342,0.5174315571784973,-7.11199951171875,1.0,True
1,finetune_000175_v00,finetune_000175,CoHC4O3,53,C,0.17841649055480957,5.741072177886963,5.267111778259277,1.0,True
1,finetune_000175_v00,finetune_000175,CoHC4O3,54,C,-1.7414214611053467,-4.770857810974121,-2.98858904838562,1.0,True
1,finetune_000175_v00,finetune_000175,CoHC4O3,55,C,0.13817228376865387,0.05195865407586098,-0.3108765482902527,1.0,True
1,finetune_000175_v00,finetune_000175,CoHC4O3,56,C,-1.8720532655715942,-0.07733938097953796,-1.9589022397994995,0.959987391771069,True
1,finetune_000175_v00,finetune_000175,CoHC4O3,57,C,-1.111559510231018,-5.986259460449219,-3.1499977111816406,1.0,True
1,finetune_000175_v00,finetune_000175,CoHC4O3,58,C,0.5536214113235474,0.4398527443408966,0.9448764324188232,1.0,True
1,finetune_000175_v00,finetune_000175,CoHC4O3,59,O,1.4112886190414429,-3.6718246936798096,-1.3866676092147827,1.0,True
1,finetune_000175_v00,finetune_000175,CoHC4O3,60,O,-2.471757650375366,1.745762825012207,6.006218910217285,1.0,True
1,finetune_000175_v00,finetune_000175,CoHC4O3,61,O,1.1700763702392578,-1.5513368844985962,-3.582460403442383,1.0,True
1,finetune_000175_v00,finetune_000175,CoHC4O3,62,O,-1.0780394077301025,-3.633035182952881,-3.2053263187408447,1.0,True
1,finetune_000175_v00,finetune_000175,CoHC4O3,63,O,-0.1130824163556099,3.400777578353882,4.8983612060546875,1.0,True
1,finetune_000175_v00,finetune_000175,CoHC4O3,64,O,2.272392511367798,4.590319633483887,4.851558208465576,1.0,True
1,finetune_000175_v00,finetune_000175,CoHC4O3,65,O,-1.258941411972046,-1.0212149620056152,-2.5984950065612793,1.0,True
1,finetune_000175_v00,finetune_000175,CoHC4O3,66,O,2.091454029083252,1.9784992933273315,5.443284034729004,0.9199289197242709,True
1,finetune_000175_v00,finetune_000175,CoHC4O3,67,O,-3.6175785064697266,2.780147075653076,1.6501684188842773,1.0,True
1,finetune_000175_v00,finetune_000175,CoHC4O3,68,O,3.2372512817382812,-2.443493366241455,-2.129668951034546,1.0,True
1,finetune_000175_v00,finetune_000175,CoHC4O3,69,O,0.3324970602989197,0.49157196283340454,5.743422508239746,0.9599079298876533,False
1,finetune_000175_v00,finetune_000175,CoHC4O3,70,O,-0.2672361135482788,-1.8228627443313599,-5.392960548400879,1.0,True
1,finetune_000175_v00,finetune_000175,CoHC4O3,71,O,0.8785991668701172,-0.7884785532951355,-1.0369079113006592,1.0,True
1,finetune_000175_v00,finetune_000175,CoHC4O3,72,O,-1.9390279054641724,4.629108905792236,5.65646505355835,0.9599727512424567,True
1,finetune_000175_v00,finetune_000175,CoHC4O3,73,O,-2.1735689640045166,2.5086212158203125,3.4465816020965576,1.0,True
1,finetune_000175_v00,finetune_000175,CoHC4O3,74,O,-3.0178775787353516,0.4657123386859894,-2.313453197479248,1.0,True
1,finetune_000175_v00,finetune_000175,CoHC4O3,75,O,3.619206666946411,-0.6074613332748413,-4.049983024597168,1.0,True
1,finetune_000175_v00,finetune_000175,CoHC4O3,76,O,0.2688474655151367,1.5647456645965576,2.993143081665039,1.0,True
1,finetune_000175_v00,finetune_000175,CoHC4O3,77,H,0.4966588318347931,-0.4523036777973175,7.920008659362793,0.9600016253767417,True
1,finetune_000175_v00,finetune_000175,CoHC4O3,78,Co,4.798527717590332,-2.1331779956817627,-3.2826645374298096,0.9599861073126583,True
1,finetune_000175_v00,finetune_000175,CoHC4O3,79,Co,3.3813576698303223,3.3361287117004395,6.068782806396484,1.0,True
1,finetune_000175_v00,finetune_000175,CoHC4O3,80,Co,6.735042572021484,-2.3659145832061768,-0.9813903570175171,1.0,True
1,finetune_000175_v00,finetune_000175,CoHC4O3,81,H,4.9258623123168945,0.7372382283210754,-5.815299987792969,0.9599684968190199,True
1,finetune_000175_v00,finetune_000175,CoHC4O3,82,H,3.847046375274658,1.4095879793167114,0.8768865466117859,1.0,True
1,finetune_000175_v00,finetune_000175,CoHC4O3,83,C,5.1938982009887695,1.6164648532867432,2.3641507625579834,1.0,True
1,finetune_000175_v00,finetune_000175,CoHC4O3,84,C,5.50547456741333,0.41399314999580383,0.3048390746116638,1.0,True
1,finetune_000175_v00,finetune_000175,CoHC4O3,85,C,4.728193283081055,1.215640902519226,1.123444676399231,0.9607292077697327,True
1,finetune_000175_v00,finetune_000175,CoHC4O3,86,C,6.523994445800781,1.2673600912094116,2.784330368041992,1.0,True
1,finetune_000175_v00,finetune_000175,CoHC4O3,87,C,4.1988420486450195,2.353463649749756,3.217759609222412,1.0,True
1,finetune_000175_v00,finetune_000175,CoHC4O3,88,C,3.903996467590332,0.5174315571784973,-6.098247528076172,1.0,True
1,finetune_000175_v00,finetune_000175,CoHC4O3,89,C,4.959327697753906,-4.770857810974121,-1.9748371839523315,1.0,True
1,finetune_000175_v00,finetune_000175,CoHC4O3,90,C,6.838921070098877,0.05195865407586098,0.7028753161430359,1.0,True
1,finetune_000175_v00,finetune_000175,CoHC4O3,91,C,4.828695774078369,-0.07733938097953796,-0.9451503753662109,0.959994572172928,True
1,finetune_000175_v00,finetune_000175,CoHC4O3,92,C,7.254370212554932,0.4398527443408966,1.9586282968521118,1.0,True
1,finetune_000175_v00,finetune_000175,CoHC4O3,93,O,5.62270975112915,-3.633035182952881,-2.1915745735168457,1.0,True
1,finetune_000175_v00,finetune_000175,CoHC4O3,94,O,5.441807746887207,-1.0212149620056152,-1.5847430229187012,1.0,True
1,finetune_000175_v00,finetune_000175,CoHC4O3,95,O,3.0831704139709473,2.780147075653076,2.6639201641082764,1.0,True
1,finetune_000175_v00,finetune_000175,CoHC4O3,96,O,6.4335126876831055,-1.8228627443313599,-4.379208564758301,1.0,True
1,finetune_000175_v00,finetune_000175,CoHC4O3,97,O,7.579348087310791,-0.7884785532951355,-0.02315598726272583,1.0,True
1,finetune_000175_v00,finetune_000175,CoHC4O3,98,O,4.527180194854736,2.5086212158203125,4.460333347320557,1.0,True
1,finetune_000175_v00,finetune_000175,CoHC4O3,99,O,3.6828713417053223,0.4657123386859894,-1.2997013330459595,0.9599567587976031,True
1,finetune_000237_v00,finetune_000237,CuH8(C2N)4,0,H,-4.57161808013916,-8.881784197001252e-16,-4.956067085266113,0.9599953188881364,True
1,finetune_000237_v00,finetune_000237,CuH8(C2N)4,1,C,-4.119254112243652,-8.881784197001252e-16,-5.7694411277771,0.9600008796696633,True
1,finetune_000237_v00,finetune_000237,CuH8(C2N)4,2,Cu,-6.854000091552734,-8.881784197001252e-16,-4.440892098500626e-16,0.959943929306111,True
1,finetune_000237_v00,finetune_000237,CuH8(C2N)4,3,H,-4.57161808013916,-8.881784197001252e-16,-1.9369330406188965,0.9599414467970891,True
1,finetune_000237_v00,finetune_000237,CuH8(C2N)4,4,H,-6.854000091552734,2.282382011413574,-1.9369330406188965,0.959941266527158,True
1,finetune_000237_v00,finetune_000237,CuH8(C2N)4,5,H,-6.854000091552734,-2.282382011413574,-1.9369330406188965,0.9599952998124133,True
1,finetune_000237_v00,finetune_000237,CuH8(C2N)4,6,H,-4.57161808013916,-8.881784197001252e-16,1.9369330406188965,0.959941123265707,True
1,finetune_000237_v00,finetune_000237,CuH8(C2N)4,7,H,-6.854000091552734,2.282382011413574,1.9369330406188965,0.9599392244061615,True
1,finetune_000237_v00,finetune_000237,CuH8(C2N)4,8,H,-6.854000091552734,-2.282382011413574,1.9369330406188965,0.9599382304686271,True
1,finetune_000237_v00,finetune_000237,CuH8(C2N)4,9,C,-4.119254112243652,-8.881784197001252e-16,-1.1235589981079102,0.9599448377501621,True
1,finetune_000237_v00,finetune_000237,CuH8(C2N)4,10,C,-6.854000091552734,2.734745979309082,-1.1235589981079102,0.9600027905069065,True
1,finetune_000237_v00,finetune_000237,CuH8(C2N)4,11,C,-6.854000091552734,-2.734745979309082,-1.1235589981079102,0.920012702584086,True
1,finetune_000237_v00,finetune_000237,CuH8(C2N)4,12,C,-4.119254112243652,-8.881784197001252e-16,1.1235589981079102,0.9600133956033037,True
1,finetune_000237_v00,finetune_000237,CuH8(C2N)4,13,C,-6.854000091552734,2.734745979309082,1.1235589981079102,0.9599378573625863,True
1,finetune_000237_v00,finetune_000237,CuH8(C2N)4,14,C,-6.854000091552734,-2.734745979309082,1.1235589981079102,0.9199407386092018,True
1,finetune_000237_v00,finetune_000237,CuH8(C2N)4,15,N,-4.8115081787109375,-8.881784197001252e-16,-4.440892098500626e-16,0.9600124827555288,True
1,finetune_000237_v00,finetune_000237,CuH8(C2N)4,16,N,-6.854000091552734,2.042491912841797,-4.440892098500626e-16,0.9599382334534614,True
1,finetune_000237_v00,finetune_000237,CuH8(C2N)4,17,N,-6.854000091552734,-2.042491912841797,-4.440892098500626e-16,0.9600076923465332,True
1,finetune_000237_v00,finetune_000237,CuH8(C2N)4,18,H,-4.57161808013916,-8.881784197001252e-16,4.956067085266113,0.9599379421325839,True
1,finetune_000237_v00,finetune_000237,CuH8(C2N)4,19,C,-4.119254112243652,-8.881784197001252e-16,5.7694411277771,0.9600025002514837,True
1,finetune_000237_v00,finetune_000237,CuH8(C2N)4,20,H,-4.440892098500626e-16,-4.57161808013916,-4.956067085266113,0.9199863091444176,True
1,finetune_000237_v00,finetune_000237,CuH8(C2N)4,21,C,-4.440892098500626e-16,-4.119254112243652,-5.7694411277771,0.8800064606834763,True
1,finetune_000237_v00,finetune_000237,CuH8(C2N)4,22,Cu,-8.881784197001252e-16,-6.854000091552734,-4.440892098500626e-16,0.9599434153874414,True
1,finetune_000237_v00,finetune_000237,CuH8(C2N)4,23,H,2.282382011413574,-6.854000091552734,-1.9369330406188965,0.959936838317662,False
1,finetune_000237_v00,finetune_000237,CuH8(C2N)4,24,H,-2.282382011413574,-6.854000091552734,-1.9369330406188965,1.0,True
1,finetune_000237_v00,finetune_000237,CuH8(C2N)4,25,H,-4.440892098500626e-16,-4.57161808013916,-1.9369330406188965,1.0,True
1,finetune_000237_v00,finetune_000237,CuH8(C2N)4,26,H,-2.282382011413574,-6.854000091552734,1.9369330406188965,1.0,True
1,finetune_000237_v00,finetune_000237,CuH8(C2N)4,27,H,2.282382011413574,-6.854000091552734,1.9369330406188965,1.0,True
1,finetune_000237_v00,finetune_000237,CuH8(C2N)4,28,H,-4.440892098500626e-16,-4.57161808013916,1.9369330406188965,1.0,True
1,finetune_000237_v00,finetune_000237,CuH8(C2N)4,29,C,2.734745979309082,-6.854000091552734,-1.1235589981079102,1.0,True
1,finetune_000237_v00,finetune_000237,CuH8(C2N)4,30,C,-2.734745979309082,-6.854000091552734,-1.1235589981079102,1.0,True
1,finetune_000237_v00,finetune_000237,CuH8(C2N)4,31,C,-4.440892098500626e-16,-4.119254112243652,-1.1235589981079102,0.9600133956033037,True
1,finetune_000237_v00,finetune_000237,CuH8(C2N)4,32,C,-2.734745979309082,-6.854000091552734,1.1235589981079102,1.0,True
1,finetune_000237_v00,finetune_000237,CuH8(C2N)4,33,C,2.734745979309082,-6.854000091552734,1.1235589981079102,1.0,True
1,finetune_000237_v00,finetune_000237,CuH8(C2N)4,34,C,-4.440892098500626e-16,-4.119254112243652,1.1235589981079102,1.0,True
1,finetune_000237_v00,finetune_000237,CuH8(C2N)4,35,N,2.042491912841797,-6.854000091552734,-4.440892098500626e-16,1.0,True
1,finetune_000237_v00,finetune_000237,CuH8(C2N)4,36,N,-2.042491912841797,-6.854000091552734,-4.440892098500626e-16,1.0,True
1,finetune_000237_v00,finetune_000237,CuH8(C2N)4,37,N,-4.440892098500626e-16,-4.8115081787109375,-4.440892098500626e-16,1.0,True
1,finetune_000237_v00,finetune_000237,CuH8(C2N)4,38,H,-4.440892098500626e-16,-4.57161808013916,4.956067085266113,0.9599378573625863,True
1,finetune_000237_v00,finetune_000237,CuH8(C2N)4,39,C,-4.440892098500626e-16,-4.119254112243652,5.7694411277771,1.0,True
1,finetune_000237_v00,finetune_000237,CuH8(C2N)4,40,Cu,0.0,-8.881784197001252e-16,-6.89300012588501,1.0,True
1,finetune_000237_v00,finetune_000237,CuH8(C2N)4,41,H,-2.282382011413574,-8.881784197001252e-16,-4.956067085266113,1.0,True
1,finetune_000237_v00,finetune_000237,CuH8(C2N)4,42,H,2.282382011413574,-8.881784197001252e-16,-4.956067085266113,1.0,True
1,finetune_000237_v00,finetune_000237,CuH8(C2N)4,43,H,4.440892098500626e-16,2.282382011413574,-4.956067085266113,0.9599434153874414,True
1,finetune_000237_v00,finetune_000237,CuH8(C2N)4,44,H,-4.440892098500626e-16,-2.282382011413574,-4.956067085266113,0.9599910093320043,True
1,finetune_000237_v00,finetune_000237,CuH8(C2N)4,45,C,-2.734745979309082,-8.881784197001252e-16,-5.7694411277771,1.0,True
1,finetune_000237_v00,finetune_000237,CuH8(C2N)4,46,C,2.734745979309082,-8.881784197001252e-16,-5.7694411277771,0.9600076923465332,True
1,finetune_000237_v00,finetune_000237,CuH8(C2N)4,47,C,4.440892098500626e-16,2.734745979309082,-5.7694411277771,1.0,True
1,finetune_000237_v00,finetune_000237,CuH8(C2N)4,48,C,-4.440892098500626e-16,-2.734745979309082,-5.7694411277771,1.0,True
1,finetune_000237_v00,finetune_000237,CuH8(C2N)4,49,N,2.042491912841797,-8.881784197001252e-16,-6.89300012588501,0.9600102023326023,True
1,finetune_000237_v00,finetune_000237,CuH8(C2N)4,50,N,-2.042491912841797,-8.881784197001252e-16,-6.89300012588501,1.0,True
1,finetune_000237_v00,finetune_000237,CuH8(C2N)4,51,N,4.440892098500626e-16,2.042491912841797,-6.89300012588501,1.0,True
1,finetune_000237_v00,finetune_000237,CuH8(C2N)4,52,N,0.0,-2.042491912841797,-6.89300012588501,1.0,True
1,finetune_000237_v00,finetune_000237,CuH8(C2N)4,53,Cu,0.0,-8.881784197001252e-16,0.0,1.0,True
1,finetune_000237_v00,finetune_000237,CuH8(C2N)4,54,H,2.282382011413574,-8.881784197001252e-16,-1.9369330406188965,1.0,True
1,finetune_000237_v00,finetune_000237,CuH8(C2N)4,55,H,-2.282382011413574,-8.881784197001252e-16,-1.9369330406188965,1.0,True
1,finetune_000237_v00,finetune_000237,CuH8(C2N)4,56,H,4.440892098500626e-16,2.282382011413574,-1.9369330406188965,1.0,True
1,finetune_000237_v00,finetune_000237,CuH8(C2N)4,57,H,-4.440892098500626e-16,-2.282382011413574,-1.9369330406188965,0.9599448377501621,True
1,finetune_000237_v00,finetune_000237,CuH8(C2N)4,58,H,-2.282382011413574,-8.881784197001252e-16,1.9369330406188965,0.9607433447174724,True
1,finetune_000237_v00,finetune_000237,CuH8(C2N)4,59,H,2.282382011413574,-8.881784197001252e-16,1.9369330406188965,1.0,True
1,finetune_000237_v00,finetune_000237,CuH8(C2N)4,60,H,4.440892098500626e-16,2.282382011413574,1.9369330406188965,1.0,True
1,finetune_000237_v00,finetune_000237,CuH8(C2N)4,61,H,-4.440892098500626e-16,-2.282382011413574,1.9369330406188965,1.0,True
1,finetune_000237_v00,finetune_000237,CuH8(C2N)4,62,C,2.734745979309082,-8.881784197001252e-16,-1.1235589981079102,1.0,True
1,finetune_000237_v00,finetune_000237,CuH8(C2N)4,63,C,-2.734745979309082,-8.881784197001252e-16,-1.1235589981079102,0.9198793537343342,True
1,finetune_000237_v00,finetune_000237,CuH8(C2N)4,64,C,4.440892098500626e-16,2.734745979309082,-1.1235589981079102,0.9599414467970891,True
1,finetune_000237_v00,finetune_000237,CuH8(C2N)4,65,C,-4.440892098500626e-16,-2.734745979309082,-1.1235589981079102,1.0,True
1,finetune_000237_v00,finetune_000237,CuH8(C2N)4,66,C,-2.734745979309082,-8.881784197001252e-16,1.1235589981079102,1.0,True
1,finetune_000237_v00,finetune_000237,CuH8(C2N)4,67,C,2.734745979309082,-8.881784197001252e-16,1.1235589981079102,1.0,True
1,finetune_000237_v00,finetune_000237,CuH8(C2N)4,68,C,4.440892098500626e-16,2.734745979309082,1.1235589981079102,1.0,True
1,finetune_000237_v00,finetune_000237,CuH8(C2N)4,69,C,-4.440892098500626e-16,-2.734745979309082,1.1235589981079102,1.0,True
1,finetune_000237_v00,finetune_000237,CuH8(C2N)4,70,N,2.042491912841797,-8.881784197001252e-16,0.0,1.0,True
1,finetune_000237_v00,finetune_000237,CuH8(C2N)4,71,N,-2.042491912841797,-8.881784197001252e-16,0.0,1.0,True
1,finetune_000237_v00,finetune_000237,CuH8(C2N)4,72,N,4.440892098500626e-16,2.042491912841797,0.0,1.0,True
1,finetune_000237_v00,finetune_000237,CuH8(C2N)4,73,N,0.0,-2.042491912841797,0.0,1.0,True
1,finetune_000237_v00,finetune_000237,CuH8(C2N)4,74,Cu,0.0,-8.881784197001252e-16,6.89300012588501,1.0,True
1,finetune_000237_v00,finetune_000237,CuH8(C2N)4,75,H,2.282382011413574,-8.881784197001252e-16,4.956067085266113,1.0,True
1,finetune_000237_v00,finetune_000237,CuH8(C2N)4,76,H,-2.282382011413574,-8.881784197001252e-16,4.956067085266113,1.0,True
1,finetune_000237_v00,finetune_000237,CuH8(C2N)4,77,H,4.440892098500626e-16,2.282382011413574,4.956067085266113,0.9599382334534614,True
1,finetune_000237_v00,finetune_000237,CuH8(C2N)4,78,H,-4.440892098500626e-16,-2.282382011413574,4.956067085266113,1.0,True
1,finetune_000237_v00,finetune_000237,CuH8(C2N)4,79,C,2.734745979309082,-8.881784197001252e-16,5.7694411277771,1.0,True
1,finetune_000237_v00,finetune_000237,CuH8(C2N)4,80,C,-2.734745979309082,-8.881784197001252e-16,5.7694411277771,0.9600124827555288,True
1,finetune_000237_v00,finetune_000237,CuH8(C2N)4,81,C,4.440892098500626e-16,2.734745979309082,5.7694411277771,1.0,True
1,finetune_000237_v00,finetune_000237,CuH8(C2N)4,82,C,-4.440892098500626e-16,-2.734745979309082,5.7694411277771,1.0,True
1,finetune_000237_v00,finetune_000237,CuH8(C2N)4,83,N,2.042491912841797,-8.881784197001252e-16,6.89300012588501,1.0,True
1,finetune_000237_v00,finetune_000237,CuH8(C2N)4,84,N,-2.042491912841797,-8.881784197001252e-16,6.89300012588501,1.0,True
1,finetune_000237_v00,finetune_000237,CuH8(C2N)4,85,N,4.440892098500626e-16,2.042491912841797,6.89300012588501,1.0,True
1,finetune_000237_v00,finetune_000237,CuH8(C2N)4,86,N,0.0,-2.042491912841797,6.89300012588501,1.0,True
1,finetune_000237_v00,finetune_000237,CuH8(C2N)4,87,H,4.440892098500626e-16,4.57161808013916,-4.956067085266113,0.9599379481022952,True
1,finetune_000237_v00,finetune_000237,CuH8(C2N)4,88,C,4.440892098500626e-16,4.119254112243652,-5.7694411277771,0.9599392244061615,True
1,finetune_000237_v00,finetune_000237,CuH8(C2N)4,89,Cu,8.881784197001252e-16,6.854000091552734,4.440892098500626e-16,1.0,True
1,finetune_000237_v00,finetune_000237,CuH8(C2N)4,90,H,2.282382011413574,6.854000091552734,-1.9369330406188965,1.0,True
1,finetune_000237_v00,finetune_000237,CuH8(C2N)4,91,H,-2.282382011413574,6.854000091552734,-1.9369330406188965,0.9599953188881364,True
1,finetune_000237_v00,finetune_000237,CuH8(C2N)4,92,H,4.440892098500626e-16,4.57161808013916,-1.9369330406188965,1.0,True
1,finetune_000237_v00,finetune_000237,CuH8(C2N)4,93,H,-2.282382011413574,6.854000091552734,1.9369330406188965,1.0,True
1,finetune_000237_v00,finetune_000237,CuH8(C2N)4,94,H,2.282382011413574,6.854000091552734,1.9369330406188965,1.0,True
1,finetune_000237_v00,finetune_000237,CuH8(C2N)4,95,H,4.440892098500626e-16,4.57161808013916,1.9369330406188965,1.0,True
1,finetune_000237_v00,finetune_000237,CuH8(C2N)4,96,C,2.734745979309082,6.854000091552734,-1.1235589981079102,1.0,True
1,finetune_000237_v00,finetune_000237,CuH8(C2N)4,97,C,-2.734745979309082,6.854000091552734,-1.1235589981079102,1.0,True
1,finetune_000237_v00,finetune_000237,CuH8(C2N)4,98,C,4.440892098500626e-16,4.119254112243652,-1.1235589981079102,1.0,True
1,finetune_000237_v00,finetune_000237,CuH8(C2N)4,99,C,-2.734745979309082,6.854000091552734,1.1235589981079102,1.0,True
1,finetune_000237_v00,finetune_000237,CuH8(C2N)4,100,C,2.734745979309082,6.854000091552734,1.1235589981079102,1.0,True
1,finetune_000237_v00,finetune_000237,CuH8(C2N)4,101,C,4.440892098500626e-16,4.119254112243652,1.1235589981079102,1.0,True
1,finetune_000237_v00,finetune_000237,CuH8(C2N)4,102,N,2.042491912841797,6.854000091552734,4.440892098500626e-16,1.0,True
1,finetune_000237_v00,finetune_000237,CuH8(C2N)4,103,N,-2.042491912841797,6.854000091552734,4.440892098500626e-16,1.0,True
1,finetune_000237_v00,finetune_000237,CuH8(C2N)4,104,N,8.881784197001252e-16,4.8115081787109375,4.440892098500626e-16,1.0,True
1,finetune_000237_v00,finetune_000237,CuH8(C2N)4,105,H,4.440892098500626e-16,4.57161808013916,4.956067085266113,1.0,True
1,finetune_000237_v00,finetune_000237,CuH8(C2N)4,106,C,4.440892098500626e-16,4.119254112243652,5.7694411277771,1.0,True
1,finetune_000237_v00,finetune_000237,CuH8(C2N)4,107,H,4.57161808013916,-8.881784197001252e-16,-4.956067085266113,1.0,True
1,finetune_000237_v00,finetune_000237,CuH8(C2N)4,108,C,4.119254112243652,-8.881784197001252e-16,-5.7694411277771,1.0,True
1,finetune_000237_v00,finetune_000237,CuH8(C2N)4,109,Cu,6.854000091552734,-8.881784197001252e-16,4.440892098500626e-16,1.0,True
1,finetune_000237_v00,finetune_000237,CuH8(C2N)4,110,H,4.57161808013916,-8.881784197001252e-16,-1.9369330406188965,1.0,True
1,finetune_000237_v00,finetune_000237,CuH8(C2N)4,111,H,6.854000091552734,2.282382011413574,-1.9369330406188965,1.0,True
1,finetune_000237_v00,finetune_000237,CuH8(C2N)4,112,H,6.854000091552734,-2.282382011413574,-1.9369330406188965,1.0,True
1,finetune_000237_v00,finetune_000237,CuH8(C2N)4,113,H,4.57161808013916,-8.881784197001252e-16,1.9369330406188965,1.0,True
1,finetune_000237_v00,finetune_000237,CuH8(C2N)4,114,H,6.854000091552734,2.282382011413574,1.9369330406188965,0.959943929306111,True
1,finetune_000237_v00,finetune_000237,CuH8(C2N)4,115,H,6.854000091552734,-2.282382011413574,1.9369330406188965,1.0,True
1,finetune_000237_v00,finetune_000237,CuH8(C2N)4,116,C,4.119254112243652,-8.881784197001252e-16,-1.1235589981079102,1.0,True
1,finetune_000237_v00,finetune_000237,CuH8(C2N)4,117,C,6.854000091552734,2.734745979309082,-1.1235589981079102,1.0,True
1,finetune_000237_v00,finetune_000237,CuH8(C2N)4,118,C,6.854000091552734,-2.734745979309082,-1.1235589981079102,1.0,True
1,finetune_000237_v00,finetune_000237,CuH8(C2N)4,119,C,4.119254112243652,-8.881784197001252e-16,1.1235589981079102,0.959941266527158,True
1,finetune_000237_v00,finetune_000237,CuH8(C2N)4,120,C,6.854000091552734,2.734745979309082,1.1235589981079102,1.0,True
1,finetune_000237_v00,finetune_000237,CuH8(C2N)4,121,C,6.854000091552734,-2.734745979309082,1.1235589981079102,0.9599379421325839,True
1,finetune_000237_v00,finetune_000237,CuH8(C2N)4,122,N,4.8115081787109375,-8.881784197001252e-16,4.440892098500626e-16,0.959936838317662,False
1,finetune_000237_v00,finetune_000237,CuH8(C2N)4,123,N,6.854000091552734,2.042491912841797,4.440892098500626e-16,1.0,True
1,finetune_000237_v00,finetune_000237,CuH8(C2N)4,124,N,6.854000091552734,-2.042491912841797,4.440892098500626e-16,1.0,True
1,finetune_000237_v00,finetune_000237,CuH8(C2N)4,125,H,4.57161808013916,-8.881784197001252e-16,4.956067085266113,1.0,True
1,finetune_000237_v00,finetune_000237,CuH8(C2N)4,126,C,4.119254112243652,-8.881784197001252e-16,5.7694411277771,1.0,True
1,finetune_000063_v00,finetune_000063,EuHC6N2O5,0,Eu,-4.170385837554932,0.6314200758934021,-4.774925231933594,0.9600041141115923,True
1,finetune_000063_v00,finetune_000063,EuHC6N2O5,1,C,-4.33774995803833,-0.9408159255981445,-1.9254392385482788,0.9599755556362418,True
1,finetune_000063_v00,finetune_000063,EuHC6N2O5,2,N,-3.941462993621826,1.4270093441009521,-2.238905906677246,0.9599658747200295,True
1,finetune_000063_v00,finetune_000063,EuHC6N2O5,3,O,-5.841111660003662,2.2794265747070312,-4.66666316986084,0.9599249199747552,False
1,finetune_000063_v00,finetune_000063,EuHC6N2O5,4,O,-4.096230983734131,1.2944111824035645,2.6918604373931885,0.9599876663084858,True
1,finetune_000063_v00,finetune_000063,EuHC6N2O5,5,O,-5.585179805755615,5.225001335144043,1.1277210712432861,0.9600067387440394,True
1,finetune_000063_v00,finetune_000063,EuHC6N2O5,6,O,-4.5795440673828125,-1.0165863037109375,-3.151461601257324,0.9599323456334734,True
1,finetune_000063_v00,finetune_000063,EuHC6N2O5,7,Eu,-4.170385837554932,0.6314200758934021,4.97107458114624,0.9599830601648226,True
1,finetune_000063_v00,finetune_000063,EuHC6N2O5,8,N,-6.6229634284973145,-0.16416922211647034,4.2864861488342285,0.9200313353195464,True
1,finetune_000063_v00,finetune_000063,EuHC6N2O5,9,O,-6.2591753005981445,-2.389925003051758,3.9924628734588623,0.919965844798762,True
1,finetune_000063_v00,finetune_000063,EuHC6N2O5,10,Eu,-4.693059921264648,-4.217885971069336,-0.880537211894989,0.9599599839030539,True
1,finetune_000063_v00,finetune_000063,EuHC6N2O5,11,C,-1.6046042442321777,-4.142115592956543,-1.9174590110778809,0.9599292276931676,True
1,finetune_000063_v00,finetune_000063,EuHC6N2O5,12,N,-2.347801923751831,-4.113701820373535,0.38661375641822815,0.9199959236957101,True
1,finetune_000063_v00,finetune_000063,EuHC6N2O5,13,O,0.3288438618183136,-6.320515155792236,4.439547061920166,0.9599897876394234,True
1,finetune_000063_v00,finetune_000063,EuHC6N2O5,14,O,-4.835200786590576,-6.121617794036865,0.4886128604412079,0.9599861941889576,True
1,finetune_000063_v00,finetune_000063,EuHC6N2O5,15,O,2.529407501220703,-4.246300220489502,1.1277210712432861,0.959991688275491,True
1,finetune_000063_v00,finetune_000063,EuHC6N2O5,16,O,-2.790053606033325,-4.369426727294922,-2.249687433242798,0.959977875010238,True
1,finetune_000063_v00,finetune_000063,EuHC6N2O5,17,Eu,0.019565874710679054,-3.990574836730957,-4.966452598571777,0.9599601551391524,True
1,finetune_000063_v00,finetune_000063,EuHC6N2O5,18,C,-1.0995851755142212,-0.9502872228622437,-4.614801406860352,0.9599292276931676,True
1,finetune_000063_v00,finetune_000063,EuHC6N2O5,19,N,1.1819242238998413,-1.6890486478805542,-4.281863689422607,0.9600300221307165,True
1,finetune_000063_v00,finetune_000063,EuHC6N2O5,20,O,1.7989752292633057,3.1507861614227295,-3.5407562255859375,0.9199045833952044,True
1,finetune_000063_v00,finetune_000063,EuHC6N2O5,21,O,5.488487720489502,1.2944111824035645,-5.288442611694336,0.9599314715360392,True
1,finetune_000063_v00,finetune_000063,EuHC6N2O5,22,O,1.7108290195465088,-3.839034080505371,-6.589916229248047,0.9599738719334308,True
1,finetune_000063_v00,finetune_000063,EuHC6N2O5,23,O,-1.3526787757873535,-2.086843252182007,-5.074714660644531,0.9599333080738912,True
1,finetune_000063_v00,finetune_000063,EuHC6N2O5,24,Eu,0.019565874710679054,-3.990574836730957,4.779547691345215,1.0,True
1,finetune_000063_v00,finetune_000063,EuHC6N2O5,25,Eu,5.414332866668701,0.6314200758934021,-3.009228467941284,1.0,True
1,finetune_000063_v00,finetune_000063,EuHC6N2O5,26,Eu,-3.222928524017334,5.253415107727051,0.8851595520973206,1.0,True
1,finetune_000063_v00,finetune_000063,EuHC6N2O5,27,H,0.1283959597349167,1.34176766872406,-3.987840414047241,0.8799586962618324,True
1,finetune_000063_v00,finetune_000063,EuHC6N2O5,28,H,-4.1656293869018555,-0.07892750948667526,0.6008338928222656,0.9599861941889576,True
1,finetune_000063_v00,finetune_000063,EuHC6N2O5,29,H,0.7207781672477722,-4.1042304039001465,-0.5962115526199341,1.0,True
1,finetune_000063_v00,finetune_000063,EuHC6N2O5,30,C,2.5816798210144043,2.203655958175659,-3.360879421234131,1.0,True
1,finetune_000063_v00,finetune_000063,EuHC6N2O5,31,C,2.0699143409729004,0.8208460807800293,-3.7123916149139404,1.0,True
1,finetune_000063_v00,finetune_000063,EuHC6N2O5,32,C,-3.7715184688568115,2.213127374649048,1.9220813512802124,1.0,True
1,finetune_000063_v00,finetune_000063,EuHC6N2O5,33,C,-3.855431318283081,1.9195170402526855,0.43736594915390015,1.0,True
1,finetune_000063_v00,finetune_000063,EuHC6N2O5,34,C,1.5988681316375732,-4.06634521484375,1.9300615787506104,1.0,True
1,finetune_000063_v00,finetune_000063,EuHC6N2O5,35,C,0.19361867010593414,-4.1042304039001465,1.3630810976028442,1.0,True
1,finetune_000063_v00,finetune_000063,EuHC6N2O5,36,C,-1.0995851755142212,-0.9502872228622437,5.131198406219482,1.0,True
1,finetune_000063_v00,finetune_000063,EuHC6N2O5,37,C,0.345357745885849,-0.6566768884658813,-4.263288974761963,0.9607026816304837,True
1,finetune_000063_v00,finetune_000063,EuHC6N2O5,38,C,-0.1344728320837021,5.329185485839844,-0.15176217257976532,1.0,True
1,finetune_000063_v00,finetune_000063,EuHC6N2O5,39,C,-1.3015974760055542,-4.1042304039001465,-0.4327435791492462,1.0,True
1,finetune_000063_v00,finetune_000063,EuHC6N2O5,40,C,5.246968746185303,-0.9408159255981445,-0.15974247455596924,1.0,True
1,finetune_000063_v00,finetune_000063,EuHC6N2O5,41,C,-4.084772109985352,0.4419940412044525,-1.3584587574005127,1.0,True
1,finetune_000063_v00,finetune_000063,EuHC6N2O5,42,C,0.7288753986358643,0.6408913731575012,-3.987840414047241,1.0,True
1,finetune_000063_v00,finetune_000063,EuHC6N2O5,43,C,2.505970001220703,-1.433323621749878,-3.987840414047241,1.0,True
1,finetune_000063_v00,finetune_000063,EuHC6N2O5,44,C,-4.056839466094971,0.621948778629303,0.010291474871337414,1.0,True
1,finetune_000063_v00,finetune_000063,EuHC6N2O5,45,C,-3.7348806858062744,2.6961636543273926,-1.73739492893219,1.0,True
1,finetune_000063_v00,finetune_000063,EuHC6N2O5,46,C,0.011509016156196594,-4.1042304039001465,-0.00566913140937686,0.9199260567041461,True
1,finetune_000063_v00,finetune_000063,EuHC6N2O5,47,C,-2.0875444412231445,-4.1042304039001465,1.7420172691345215,0.9198556314365288,False
1,finetune_000063_v00,finetune_000063,EuHC6N2O5,48,N,2.9617550373077393,-0.16416922211647034,-3.693817138671875,1.0,True
1,finetune_000063_v00,finetune_000063,EuHC6N2O5,49,N,-3.6856024265289307,2.9518887996673584,-0.3819914162158966,1.0,True
1,finetune_000063_v00,finetune_000063,EuHC6N2O5,50,N,-0.8017219305038452,-4.094758987426758,2.243528366088867,1.0,True
1,finetune_000063_v00,finetune_000063,EuHC6N2O5,51,N,1.1819242238998413,-1.6890486478805542,5.464136600494385,0.9599755556362418,True
1,finetune_000063_v00,finetune_000063,EuHC6N2O5,52,N,-0.8776704668998718,5.357599258422852,2.152310609817505,1.0,True
1,finetune_000063_v00,finetune_000063,EuHC6N2O5,53,N,5.643255710601807,1.4270093441009521,-0.4732092022895813,1.0,True
1,finetune_000063_v00,finetune_000063,EuHC6N2O5,54,O,1.7989752292633057,3.1507861614227295,6.2052435874938965,1.0,True
1,finetune_000063_v00,finetune_000063,EuHC6N2O5,55,O,3.7436070442199707,2.2794265747070312,-2.900966167449951,1.0,True
1,finetune_000063_v00,finetune_000063,EuHC6N2O5,56,O,5.488487720489502,1.2944111824035645,4.457557201385498,1.0,True
1,finetune_000063_v00,finetune_000063,EuHC6N2O5,57,O,-3.3650693893432617,3.3496835231781006,2.25430965423584,1.0,True
1,finetune_000063_v00,finetune_000063,EuHC6N2O5,58,O,3.9995388984680176,5.225001335144043,2.8934178352355957,1.0,True
1,finetune_000063_v00,finetune_000063,EuHC6N2O5,59,O,1.7108290195465088,-3.839034080505371,3.156083822250366,1.0,True
1,finetune_000063_v00,finetune_000063,EuHC6N2O5,60,O,-1.915454387664795,-0.031571004539728165,-4.434924602508545,1.0,True
1,finetune_000063_v00,finetune_000063,EuHC6N2O5,61,O,-1.3526787757873535,-2.086843252182007,4.671285152435303,1.0,True
1,finetune_000063_v00,finetune_000063,EuHC6N2O5,62,O,-0.6469540596008301,-3.962161064147949,-2.6872382164001465,1.0,True
1,finetune_000063_v00,finetune_000063,EuHC6N2O5,63,O,-1.3199222087860107,5.101874351501465,-0.48399052023887634,1.0,True
1,finetune_000063_v00,finetune_000063,EuHC6N2O5,64,O,-4.3026533126831055,-1.8879460096359253,-1.1230987310409546,1.0,True
1,finetune_000063_v00,finetune_000063,EuHC6N2O5,65,O,5.005174160003662,-1.0165863037109375,-1.3857648372650146,1.0,True
1,finetune_000063_v00,finetune_000063,EuHC6N2O5,66,O,3.3255434036254883,-2.389925003051758,-3.987840414047241,1.0,True
1,finetune_000063_v00,finetune_000063,EuHC6N2O5,67,O,-3.586397409439087,3.6527650356292725,-2.543405532836914,1.0,True
1,finetune_000063_v00,finetune_000063,EuHC6N2O5,68,O,-3.055600881576538,-4.1042304039001465,2.548027992248535,1.0,True
1,finetune_000063_v00,finetune_000063,EuHC6N2O5,69,H,0.1283959597349167,1.34176766872406,5.758159637451172,1.0,True
1,finetune_000063_v00,finetune_000063,EuHC6N2O5,70,C,2.5816798210144043,2.203655958175659,6.385120391845703,1.0,True
1,finetune_000063_v00,finetune_000063,EuHC6N2O5,71,C,2.0699143409729004,0.8208460807800293,6.033608436584473,0.9599658747200295,True
1,finetune_000063_v00,finetune_000063,EuHC6N2O5,72,C,0.345357745885849,-0.6566768884658813,5.482710838317871,0.9599314715360392,True
1,finetune_000063_v00,finetune_000063,EuHC6N2O5,73,C,0.7288753986358643,0.6408913731575012,5.758159637451172,0.9198932919769451,True
1,finetune_000063_v00,finetune_000063,EuHC6N2O5,74,C,2.505970001220703,-1.433323621749878,5.758159637451172,1.0,True
1,finetune_000063_v00,finetune_000063,EuHC6N2O5,75,N,2.9617550373077393,-0.16416922211647034,6.052182674407959,0.9599897876394234,True
1,finetune_000063_v00,finetune_000063,EuHC6N2O5,76,O,-1.915454387664795,-0.031571004539728165,5.311075210571289,1.0,True
1,finetune_000063_v00,finetune_000063,EuHC6N2O5,77,O,3.3255434036254883,-2.389925003051758,5.758159637451172,1.0,True
1,finetune_000063_v00,finetune_000063,EuHC6N2O5,78,Eu,1.4896973371505737,5.48072624206543,-3.2007555961608887,0.9600067387440394,True
1,finetune_000063_v00,finetune_000063,EuHC6N2O5,79,N,0.6684094667434692,5.376542091369629,-5.736774921417236,0.9600396470440554,True
1,finetune_000063_v00,finetune_000063,EuHC6N2O5,80,O,-1.5854694843292236,5.36707067489624,-5.432275295257568,0.9599292276931676,True
1,finetune_000063_v00,finetune_000063,EuHC6N2O5,81,H,2.1909096240997314,5.36707067489624,1.1694852113723755,1.0,True
1,finetune_000063_v00,finetune_000063,EuHC6N2O5,82,C,3.0689995288848877,5.404955863952637,3.69575834274292,1.0,True
1,finetune_000063_v00,finetune_000063,EuHC6N2O5,83,C,1.6637500524520874,5.36707067489624,3.1287779808044434,1.0,True
1,finetune_000063_v00,finetune_000063,EuHC6N2O5,84,C,0.16853396594524384,5.36707067489624,1.3329532146453857,1.0,True
1,finetune_000063_v00,finetune_000063,EuHC6N2O5,85,C,1.4816404581069946,5.36707067489624,1.7600276470184326,1.0,True
1,finetune_000063_v00,finetune_000063,EuHC6N2O5,86,C,-0.6174129247665405,5.36707067489624,3.507714033126831,1.0,True
1,finetune_000063_v00,finetune_000063,EuHC6N2O5,87,N,0.6684094667434692,5.376542091369629,4.009225368499756,1.0,True
1,finetune_000063_v00,finetune_000063,EuHC6N2O5,88,O,0.8231773972511292,5.5091400146484375,-0.9215413331985474,1.0,True
1,finetune_000063_v00,finetune_000063,EuHC6N2O5,89,O,-1.5854694843292236,5.36707067489624,4.313724517822266,1.0,True
1,finetune_000063_v00,finetune_000063,EuHC6N2O5,90,Eu,4.891658782958984,-4.217885971069336,0.8851595520973206,1.0,True
1,finetune_000063_v00,finetune_000063,EuHC6N2O5,91,N,4.428984642028809,-6.519412040710449,-0.3819914162158966,1.0,True
1,finetune_000063_v00,finetune_000063,EuHC6N2O5,92,O,4.528189659118652,-5.818535804748535,-2.543405532836914,0.9199333418047599,True
1,finetune_000063_v00,finetune_000063,EuHC6N2O5,93,H,5.419089317321777,-0.07892750948667526,2.366530656814575,1.0,True
1,finetune_000063_v00,finetune_000063,EuHC6N2O5,94,C,5.813199996948242,2.213127374649048,3.6877782344818115,1.0,True
1,finetune_000063_v00,finetune_000063,EuHC6N2O5,95,C,5.729287147521973,1.9195170402526855,2.2030627727508545,1.0,True
1,finetune_000063_v00,finetune_000063,EuHC6N2O5,96,C,5.499946594238281,0.4419940412044525,0.40723803639411926,1.0,True
1,finetune_000063_v00,finetune_000063,EuHC6N2O5,97,C,5.527879238128662,0.621948778629303,1.775988221168518,1.0,True
1,finetune_000063_v00,finetune_000063,EuHC6N2O5,98,C,5.849837779998779,2.6961636543273926,0.02830187790095806,0.9599323456334734,True
1,finetune_000063_v00,finetune_000063,EuHC6N2O5,99,N,5.899116039276123,2.9518887996673584,1.3837053775787354,1.0,True
1,finetune_000063_v00,finetune_000063,EuHC6N2O5,100,O,5.282064914703369,-1.8879460096359253,0.6425980925559998,1.0,True
1,finetune_000063_v00,finetune_000063,EuHC6N2O5,101,O,5.998321056365967,3.6527650356292725,-0.7777087688446045,1.0,True
1,finetune_000289_v00,finetune_000289,TbH8C8(NO3)2,0,C,-4.680484771728516,-2.5603127479553223,-5.765065670013428,0.9599800178862375,True
1,finetune_000289_v00,finetune_000289,TbH8C8(NO3)2,1,C,-4.739814281463623,-0.1024262085556984,-6.02424955368042,0.9599716383730227,True
1,finetune_000289_v00,finetune_000289,TbH8C8(NO3)2,2,C,-4.242695331573486,1.225003719329834,-5.523271083831787,0.9599783922189187,True
1,finetune_000289_v00,finetune_000289,TbH8C8(NO3)2,3,N,-4.127104759216309,-1.2842670679092407,-5.355174541473389,0.9199343291995544,True
1,finetune_000289_v00,finetune_000289,TbH8C8(NO3)2,4,O,-4.619924068450928,2.235563278198242,-6.121984004974365,0.9599706995196982,True
1,finetune_000289_v00,finetune_000289,TbH8C8(NO3)2,5,H,-5.031259059906006,-2.500364303588867,3.152524948120117,0.9599707209930823,True
1,finetune_000289_v00,finetune_000289,TbH8C8(NO3)2,6,H,-4.563149452209473,-0.16237466037273407,2.8486366271972656,0.9599665167619709,True
1,finetune_000289_v00,finetune_000289,TbH8C8(NO3)2,7,H,-5.719925403594971,-0.14524653553962708,3.949970006942749,0.9199243646367501,True
1,finetune_000289_v00,finetune_000289,TbH8C8(NO3)2,8,H,-3.595987558364868,3.2546870708465576,-4.100866794586182,0.9599532014446954,False
1,finetune_000289_v00,finetune_000289,TbH8C8(NO3)2,9,H,-5.666475772857666,1.0365943908691406,0.034625254571437836,0.9599677659085223,True
1,finetune_000289_v00,finetune_000289,TbH8C8(NO3)2,10,H,-6.883973598480225,2.047153949737549,-0.18150116503238678,0.9599687221295191,True
1,finetune_000289_v00,finetune_000289,TbH8C8(NO3)2,11,H,-5.345575332641602,0.8910052180290222,-2.25519061088562,0.9599722360305679,True
1,finetune_000289_v00,finetune_000289,TbH8C8(NO3)2,12,H,-6.32521390914917,-0.051041822880506516,-3.101377248764038,0.9599558962490261,True
1,finetune_000289_v00,finetune_000289,TbH8C8(NO3)2,13,C,-4.680484771728516,-2.5603127479553223,4.074934005737305,0.9599702318742482,True
1,finetune_000289_v00,finetune_000289,TbH8C8(NO3)2,14,C,-7.251280784606934,0.642647385597229,1.232592225074768,0.9199446519745657,True
1,finetune_000289_v00,finetune_000289,TbH8C8(NO3)2,15,C,-4.739814281463623,-0.1024262085556984,3.8157503604888916,0.9599708116583561,True
1,finetune_000289_v00,finetune_000289,TbH8C8(NO3)2,16,C,-4.242695331573486,1.225003719329834,4.3167290687561035,0.9599762374817826,True
1,finetune_000289_v00,finetune_000289,TbH8C8(NO3)2,17,C,-6.646275997161865,1.087978720664978,-0.05269669368863106,0.9199329339024017,True
1,finetune_000289_v00,finetune_000289,TbH8C8(NO3)2,18,C,-6.297867298126221,0.7282879948616028,-2.4910929203033447,0.9599702426110672,True
1,finetune_000289_v00,finetune_000289,TbH8C8(NO3)2,19,C,-6.847150802612305,1.9443851709365845,-3.2075419425964355,0.9599752754761557,True
1,finetune_000289_v00,finetune_000289,TbH8C8(NO3)2,20,N,-4.127104759216309,-1.2842670679092407,4.484825134277344,0.959977896633686,True
1,finetune_000289_v00,finetune_000289,TbH8C8(NO3)2,21,N,-7.0319671630859375,0.3685973286628723,-1.241000771522522,0.959965360043755,True
1,finetune_000289_v00,finetune_000289,TbH8C8(NO3)2,22,O,-6.1142683029174805,-2.2348783016204834,-3.871122360229492,0.95996214145903,True
1,finetune_000289_v00,finetune_000289,TbH8C8(NO3)2,23,O,-6.9361796379089355,1.2421318292617798,2.2671167850494385,0.9599630053418357,True
1,finetune_000289_v00,finetune_000289,TbH8C8(NO3)2,24,O,-4.619924068450928,2.235563278198242,3.718015670776367,0.95996937649841,True
1,finetune_000289_v00,finetune_000289,TbH8C8(NO3)2,25,H,-3.595987558364868,3.2546870708465576,5.739133358001709,1.0,True
1,finetune_000289_v00,finetune_000289,TbH8C8(NO3)2,26,O,-1.8172706365585327,-4.530047416687012,-5.231208801269531,1.0,True
1,finetune_000289_v00,finetune_000289,TbH8C8(NO3)2,27,Tb,0.051462993025779724,-5.266556739807129,3.009485960006714,1.0,True
1,finetune_000289_v00,finetune_000289,TbH8C8(NO3)2,28,H,3.2575576305389404,-5.309377193450928,-4.525649070739746,1.0,True
1,finetune_000289_v00,finetune_000289,TbH8C8(NO3)2,29,H,-3.2558398246765137,-6.0715789794921875,-3.599241018295288,1.0,True
1,finetune_000289_v00,finetune_000289,TbH8C8(NO3)2,30,H,1.1870695352554321,-7.527470111846924,-0.3901572823524475,1.0,True
1,finetune_000289_v00,finetune_000289,TbH8C8(NO3)2,31,H,-0.030428355559706688,-6.516910552978516,-0.6062837243080139,0.9599678124375836,True
1,finetune_000289_v00,finetune_000289,TbH8C8(NO3)2,32,C,-0.39773550629615784,-7.921416759490967,0.8078097105026245,1.0,True
1,finetune_000289_v00,finetune_000289,TbH8C8(NO3)2,33,C,-2.466289520263672,-5.591991424560547,4.3670654296875,1.0,True
1,finetune_000289_v00,finetune_000289,TbH8C8(NO3)2,34,C,0.20726922154426575,-7.476085662841797,-0.4774792194366455,1.0,True
1,finetune_000289_v00,finetune_000289,TbH8C8(NO3)2,35,C,0.0063942307606339455,-6.619678974151611,-3.632324457168579,1.0,True
1,finetune_000289_v00,finetune_000289,TbH8C8(NO3)2,36,O,-0.08263443410396576,-7.321932315826416,1.842334270477295,1.0,True
1,finetune_000289_v00,finetune_000289,TbH8C8(NO3)2,37,O,2.23362135887146,-6.328500747680664,3.2932331562042236,1.0,True
1,finetune_000289_v00,finetune_000289,TbH8C8(NO3)2,38,O,-2.172114372253418,-6.328500747680664,3.4248416423797607,1.0,True
1,finetune_000289_v00,finetune_000289,TbH8C8(NO3)2,39,O,-1.8172706365585327,-4.530047416687012,4.608790874481201,1.0,True
1,finetune_000289_v00,finetune_000289,TbH8C8(NO3)2,40,O,-0.48111310601234436,-5.66050386428833,-2.96443772315979,1.0,True
1,finetune_000289_v00,finetune_000289,TbH8C8(NO3)2,41,Tb,0.7679104208946228,3.2975072860717773,-6.3951616287231445,1.0,True
1,finetune_000289_v00,finetune_000289,TbH8C8(NO3)2,42,H,-3.973947763442993,-3.2540018558502197,-5.750061988830566,1.0,True
1,finetune_000289_v00,finetune_000289,TbH8C8(NO3)2,43,H,2.5387332439422607,-2.500364303588867,-6.676905632019043,1.0,True
1,finetune_000289_v00,finetune_000289,TbH8C8(NO3)2,44,H,-2.2243597507476807,-0.8903201222419739,-7.595737934112549,1.0,True
1,finetune_000289_v00,finetune_000289,TbH8C8(NO3)2,45,H,-1.2454378604888916,0.04316288232803345,-6.74998664855957,1.0,True
1,finetune_000289_v00,finetune_000289,TbH8C8(NO3)2,46,H,3.006843328475952,-0.16237466037273407,-6.9807939529418945,1.0,True
1,finetune_000289_v00,finetune_000289,TbH8C8(NO3)2,47,H,1.8500672578811646,-0.14524653553962708,-5.879460334777832,1.0,True
1,finetune_000289_v00,finetune_000289,TbH8C8(NO3)2,48,C,2.88950777053833,-2.5603127479553223,-5.754496097564697,1.0,True
1,finetune_000289_v00,finetune_000289,TbH8C8(NO3)2,49,C,-1.2720681428909302,-0.7276028990745544,-7.359835624694824,1.0,True
1,finetune_000289_v00,finetune_000289,TbH8C8(NO3)2,50,C,-0.7227843403816223,-1.9437000751495361,-6.643386363983154,1.0,True
1,finetune_000289_v00,finetune_000289,TbH8C8(NO3)2,51,C,2.8301784992218018,-0.1024262085556984,-6.0136799812316895,1.0,True
1,finetune_000289_v00,finetune_000289,TbH8C8(NO3)2,52,C,3.3272974491119385,1.225003719329834,-5.512701511383057,0.9607577452532958,True
1,finetune_000289_v00,finetune_000289,TbH8C8(NO3)2,53,C,-1.7498421669006348,2.9720728397369385,-5.0375823974609375,0.9599558962490261,True
1,finetune_000289_v00,finetune_000289,TbH8C8(NO3)2,54,N,3.442888021469116,-1.2842670679092407,-5.344604969024658,1.0,True
1,finetune_000289_v00,finetune_000289,TbH8C8(NO3)2,55,O,0.6338130235671997,1.2421318292617798,-7.562313556671143,1.0,True
1,finetune_000289_v00,finetune_000289,TbH8C8(NO3)2,56,O,-0.2421305775642395,-2.8943111896514893,-7.310848236083984,1.0,True
1,finetune_000289_v00,finetune_000289,TbH8C8(NO3)2,57,O,-0.8320356011390686,-1.8923156261444092,-5.3912529945373535,1.0,True
1,finetune_000289_v00,finetune_000289,TbH8C8(NO3)2,58,O,2.950068712234497,2.235563278198242,-6.111414432525635,1.0,True
1,finetune_000289_v00,finetune_000289,TbH8C8(NO3)2,59,O,-1.4556668996810913,2.235563278198242,-5.979805946350098,1.0,True
1,finetune_000289_v00,finetune_000289,TbH8C8(NO3)2,60,O,-1.100823163986206,4.0340166091918945,-4.795856952667236,1.0,True
1,finetune_000289_v00,finetune_000289,TbH8C8(NO3)2,61,Tb,-0.7678531408309937,-3.2968220710754395,-3.445197105407715,1.0,True
1,finetune_000289_v00,finetune_000289,TbH8C8(NO3)2,62,Tb,0.7679104208946228,3.2975072860717773,3.444838285446167,1.0,True
1,finetune_000289_v00,finetune_000289,TbH8C8(NO3)2,63,H,-3.0067858695983887,0.1630597859621048,-2.859565019607544,1.0,True
1,finetune_000289_v00,finetune_000289,TbH8C8(NO3)2,64,H,-1.8500099182128906,0.1459316611289978,-3.9608986377716064,1.0,True
1,finetune_000289_v00,finetune_000289,TbH8C8(NO3)2,65,H,-3.973947763442993,-3.2540018558502197,4.089938163757324,1.0,True
1,finetune_000289_v00,finetune_000289,TbH8C8(NO3)2,66,H,2.5387332439422607,-2.500364303588867,3.1630945205688477,1.0,True
1,finetune_000289_v00,finetune_000289,TbH8C8(NO3)2,67,H,-1.9034596681594849,-1.0359091758728027,-0.04555374011397362,1.0,True
1,finetune_000289_v00,finetune_000289,TbH8C8(NO3)2,68,H,-0.6859617829322815,-2.046468734741211,0.1705726832151413,1.0,True
1,finetune_000289_v00,finetune_000289,TbH8C8(NO3)2,69,H,-2.2243597507476807,-0.8903201222419739,2.244262218475342,1.0,True
1,finetune_000289_v00,finetune_000289,TbH8C8(NO3)2,70,H,-1.2454378604888916,0.04316288232803345,3.090013265609741,1.0,True
1,finetune_000289_v00,finetune_000289,TbH8C8(NO3)2,71,H,3.006843328475952,-0.16237466037273407,2.859206199645996,1.0,True
1,finetune_000289_v00,finetune_000289,TbH8C8(NO3)2,72,H,1.8500672578811646,-0.14524653553962708,3.9605398178100586,0.959965360043755,True
1,finetune_000289_v00,finetune_000289,TbH8C8(NO3)2,73,H,3.9740049839019775,3.2546870708465576,-4.090296745300293,1.0,True
1,finetune_000289_v00,finetune_000289,TbH8C8(NO3)2,74,H,-2.5393924713134766,2.492485284805298,-3.163888692855835,0.9599722360305679,True
1,finetune_000289_v00,finetune_000289,TbH8C8(NO3)2,75,H,1.9035170078277588,1.0365943908691406,0.045194968581199646,1.0,True
1,finetune_000289_v00,finetune_000289,TbH8C8(NO3)2,76,H,0.6860191226005554,2.047153949737549,-0.17093145847320557,1.0,True
1,finetune_000289_v00,finetune_000289,TbH8C8(NO3)2,77,H,2.224417209625244,0.8910052180290222,-2.2446210384368896,1.0,True
1,finetune_000289_v00,finetune_000289,TbH8C8(NO3)2,78,H,1.2447787523269653,-0.051041822880506516,-3.0908074378967285,1.0,True
1,finetune_000289_v00,finetune_000289,TbH8C8(NO3)2,79,C,-2.8301212787628174,0.10311133414506912,-3.82667875289917,1.0,True
1,finetune_000289_v00,finetune_000289,TbH8C8(NO3)2,80,C,-3.327240228652954,-1.2243186235427856,-4.327657222747803,0.9599706995196982,True
1,finetune_000289_v00,finetune_000289,TbH8C8(NO3)2,81,C,2.88950777053833,-2.5603127479553223,4.085504055023193,1.0,True
1,finetune_000289_v00,finetune_000289,TbH8C8(NO3)2,82,C,1.7498993873596191,-2.9713876247406006,-4.802776336669922,1.0,True
1,finetune_000289_v00,finetune_000289,TbH8C8(NO3)2,83,C,0.3187119662761688,0.642647385597229,1.243161916732788,1.0,True
1,finetune_000289_v00,finetune_000289,TbH8C8(NO3)2,84,C,-0.9168058037757874,-1.0958576202392578,0.04134342819452286,1.0,True
1,finetune_000289_v00,finetune_000289,TbH8C8(NO3)2,85,C,-1.2720681428909302,-0.7276028990745544,2.4801645278930664,0.9599532014446954,False
1,finetune_000289_v00,finetune_000289,TbH8C8(NO3)2,86,C,-0.7227843403816223,-1.9437000751495361,3.1966135501861572,1.0,True
1,finetune_000289_v00,finetune_000289,TbH8C8(NO3)2,87,C,2.8301784992218018,-0.1024262085556984,3.826319932937622,1.0,True
1,finetune_000289_v00,finetune_000289,TbH8C8(NO3)2,88,C,3.3272974491119385,1.225003719329834,4.327298641204834,1.0,True
1,finetune_000289_v00,finetune_000289,TbH8C8(NO3)2,89,C,-2.8894505500793457,2.560997724533081,-4.085862636566162,1.0,True
1,finetune_000289_v00,finetune_000289,TbH8C8(NO3)2,90,C,-1.7498421669006348,2.9720728397369385,4.802417278289795,1.0,True
1,finetune_000289_v00,finetune_000289,TbH8C8(NO3)2,91,C,-0.3186546564102173,-0.6419622302055359,-1.243520736694336,1.0,True
1,finetune_000289_v00,finetune_000289,TbH8C8(NO3)2,92,C,0.92371666431427,1.087978720664978,-0.042126983404159546,1.0,True
1,finetune_000289_v00,finetune_000289,TbH8C8(NO3)2,93,C,1.272125482559204,0.7282879948616028,-2.4805233478546143,1.0,True
1,finetune_000289_v00,finetune_000289,TbH8C8(NO3)2,94,C,0.7228416800498962,1.9443851709365845,-3.196972370147705,0.9599783922189187,True
1,finetune_000289_v00,finetune_000289,TbH8C8(NO3)2,95,N,-0.537968099117279,-0.3679122030735016,1.230072259902954,1.0,True
1,finetune_000289_v00,finetune_000289,TbH8C8(NO3)2,96,N,3.442888021469116,-1.2842670679092407,4.495395183563232,1.0,True
1,finetune_000289_v00,finetune_000289,TbH8C8(NO3)2,97,N,0.5380253791809082,0.3685973286628723,-1.230431079864502,1.0,True
1,finetune_000289_v00,finetune_000289,TbH8C8(NO3)2,98,N,-3.442830801010132,1.284952163696289,-4.495753765106201,1.0,True
1,finetune_000289_v00,finetune_000289,TbH8C8(NO3)2,99,O,-2.9500114917755127,-2.2348783016204834,-3.7289443016052246,1.0,True
1,finetune_000289_v00,finetune_000289,TbH8C8(NO3)2,100,O,1.4557242393493652,-2.2348783016204834,-3.8605527877807617,0.9199424500313788,True
1,finetune_000289_v00,finetune_000289,TbH8C8(NO3)2,101,O,1.10088050365448,-4.033331871032715,-5.044502258300781,1.0,True
1,finetune_000289_v00,finetune_000289,TbH8C8(NO3)2,102,O,0.6338130235671997,1.2421318292617798,2.277686595916748,1.0,True
1,finetune_000289_v00,finetune_000289,TbH8C8(NO3)2,103,O,-0.2421305775642395,-2.8943111896514893,2.529151439666748,1.0,True
1,finetune_000289_v00,finetune_000289,TbH8C8(NO3)2,104,O,-0.8320356011390686,-1.8923156261444092,4.448747158050537,1.0,True
1,finetune_000289_v00,finetune_000289,TbH8C8(NO3)2,105,O,2.950068712234497,2.235563278198242,3.7285854816436768,1.0,True
1,finetune_000289_v00,finetune_000289,TbH8C8(NO3)2,106,O,-1.4556668996810913,2.235563278198242,3.860193967819214,1.0,True
1,finetune_000289_v00,finetune_000289,TbH8C8(NO3)2,107,O,-1.100823163986206,4.0340166091918945,5.044143199920654,1.0,True
1,finetune_000289_v00,finetune_000289,TbH8C8(NO3)2,108,O,-0.6337556838989258,-1.2414467334747314,-2.268205404281616,0.9199404744853155,True
1,finetune_000289_v00,finetune_000289,TbH8C8(NO3)2,109,O,0.2353343516588211,2.9035604000091553,-2.529085636138916,1.0,True
1,finetune_000289_v00,finetune_000289,TbH8C8(NO3)2,110,O,0.8320928812026978,1.8930007219314575,-4.449105739593506,1.0,True
1,finetune_000289_v00,finetune_000289,TbH8C8(NO3)2,111,Tb,-0.7678531408309937,-3.2968220710754395,6.394803047180176,1.0,True
1,finetune_000289_v00,finetune_000289,TbH8C8(NO3)2,112,H,-3.0067858695983887,0.1630597859621048,6.980434894561768,0.9599566964206191,True
1,finetune_000289_v00,finetune_000289,TbH8C8(NO3)2,113,H,-1.8500099182128906,0.1459316611289978,5.879101276397705,1.0,True
1,finetune_000289_v00,finetune_000289,TbH8C8(NO3)2,114,H,3.9740049839019775,3.2546870708465576,5.7497029304504395,0.9599687221295191,True
1,finetune_000289_v00,finetune_000289,TbH8C8(NO3)2,115,H,-2.5393924713134766,2.492485284805298,6.676111221313477,1.0,True
1,finetune_000289_v00,finetune_000289,TbH8C8(NO3)2,116,H,2.224417209625244,0.8910052180290222,7.595378875732422,1.0,True
1,finetune_000289_v00,finetune_000289,TbH8C8(NO3)2,117,H,1.2447787523269653,-0.051041822880506516,6.749192714691162,1.0,True
1,finetune_000289_v00,finetune_000289,TbH8C8(NO3)2,118,C,-2.8301212787628174,0.10311133414506912,6.013321399688721,1.0,True
1,finetune_000289_v00,finetune_000289,TbH8C8(NO3)2,119,C,-3.327240228652954,-1.2243186235427856,5.51234245300293,1.0,True
1,finetune_000289_v00,finetune_000289,TbH8C8(NO3)2,120,C,1.7498993873596191,-2.9713876247406006,5.037223815917969,1.0,True
1,finetune_000289_v00,finetune_000289,TbH8C8(NO3)2,121,C,-2.8894505500793457,2.560997724533081,5.7541375160217285,1.0,True
1,finetune_000289_v00,finetune_000289,TbH8C8(NO3)2,122,C,1.272125482559204,0.7282879948616028,7.359476566314697,1.0,True
1,finetune_000289_v00,finetune_000289,TbH8C8(NO3)2,123,C,0.7228416800498962,1.9443851709365845,6.6430277824401855,1.0,True
1,finetune_000289_v00,finetune_000289,TbH8C8(NO3)2,124,N,-3.442830801010132,1.284952163696289,5.3442463874816895,0.9599677659085223,True
1,finetune_000289_v00,finetune_000289,TbH8C8(NO3)2,125,O,-2.9500114917755127,-2.2348783016204834,6.111055850982666,1.0,True
1,finetune_000289_v00,finetune_000289,TbH8C8(NO3)2,126,O,1.4557242393493652,-2.2348783016204834,5.979447364807129,1.0,True
1,finetune_000289_v00,finetune_000289,TbH8C8(NO3)2,127,O,1.10088050365448,-4.033331871032715,4.795497894287109,1.0,True
1,finetune_000289_v00,finetune_000289,TbH8C8(NO3)2,128,O,-0.6337556838989258,-1.2414467334747314,7.571794509887695,1.0,True
1,finetune_000289_v00,finetune_000289,TbH8C8(NO3)2,129,O,0.2353343516588211,2.9035604000091553,7.310914516448975,1.0,True
1,finetune_000289_v00,finetune_000289,TbH8C8(NO3)2,130,O,0.8320928812026978,1.8930007219314575,5.390893936157227,0.9199392559286005,True
1,finetune_000289_v00,finetune_000289,TbH8C8(NO3)2,131,Tb,-0.05140567943453789,5.267241954803467,-3.0098447799682617,1.0,True
1,finetune_000289_v00,finetune_000289,TbH8C8(NO3)2,132,H,-3.257500410079956,5.310062408447266,4.525290489196777,1.0,True
1,finetune_000289_v00,finetune_000289,TbH8C8(NO3)2,133,H,3.255180835723877,6.063700199127197,3.598446846008301,1.0,True
1,finetune_000289_v00,finetune_000289,TbH8C8(NO3)2,134,H,-1.1870123147964478,7.5281548500061035,0.38979852199554443,1.0,True
1,finetune_000289_v00,finetune_000289,TbH8C8(NO3)2,135,H,0.030485671013593674,6.517595291137695,0.6059249639511108,0.95996214145903,True
1,finetune_000289_v00,finetune_000289,TbH8C8(NO3)2,136,C,2.4663469791412354,5.592676639556885,-4.367424011230469,1.0,True
1,finetune_000289_v00,finetune_000289,TbH8C8(NO3)2,137,C,-0.20035836100578308,7.468206405639648,0.4766956865787506,1.0,True
1,finetune_000289_v00,finetune_000289,TbH8C8(NO3)2,138,C,-0.006336914841085672,6.620364189147949,3.6319656372070312,1.0,True
1,finetune_000289_v00,finetune_000289,TbH8C8(NO3)2,139,C,0.3977928161621094,7.922101974487305,-0.8081684708595276,0.9599800178862375,True
1,finetune_000289_v00,finetune_000289,TbH8C8(NO3)2,140,O,-2.2335638999938965,6.329185962677002,-3.2935919761657715,1.0,True
1,finetune_000289_v00,finetune_000289,TbH8C8(NO3)2,141,O,2.1721718311309814,6.329185962677002,-3.4252004623413086,1.0,True
1,finetune_000289_v00,finetune_000289,TbH8C8(NO3)2,142,O,1.8173279762268066,4.53073263168335,-4.609149932861328,1.0,True
1,finetune_000289_v00,finetune_000289,TbH8C8(NO3)2,143,O,0.47431686520576477,5.669753074645996,2.964503765106201,1.0,True
1,finetune_000289_v00,finetune_000289,TbH8C8(NO3)2,144,O,0.0826917439699173,7.322617530822754,-1.832853078842163,1.0,True
1,finetune_000289_v00,finetune_000289,TbH8C8(NO3)2,145,O,1.8173279762268066,4.53073263168335,5.2308502197265625,1.0,True
1,finetune_000289_v00,finetune_000289,TbH8C8(NO3)2,146,H,3.5960447788238525,-3.2540018558502197,-5.739491939544678,1.0,True
1,finetune_000289_v00,finetune_000289,TbH8C8(NO3)2,147,H,4.563206672668457,0.1630597859621048,-2.8489952087402344,0.9599707209930823,True
1,finetune_000289_v00,finetune_000289,TbH8C8(NO3)2,148,H,5.719982624053955,0.1459316611289978,-3.950328826904297,1.0,True
1,finetune_000289_v00,finetune_000289,TbH8C8(NO3)2,149,H,3.5960447788238525,-3.2540018558502197,4.100507736206055,1.0,True
1,finetune_000289_v00,finetune_000289,TbH8C8(NO3)2,150,H,5.66653299331665,-1.0359091758728027,-0.034984029829502106,1.0,True
1,finetune_000289_v00,finetune_000289,TbH8C8(NO3)2,151,H,6.884030818939209,-2.046468734741211,0.1811423897743225,1.0,True
1,finetune_000289_v00,finetune_000289,TbH8C8(NO3)2,152,H,5.345633029937744,-0.8903201222419739,2.2548317909240723,1.0,True
1,finetune_000289_v00,finetune_000289,TbH8C8(NO3)2,153,H,6.324554920196533,0.04316288232803345,3.100583076477051,1.0,True
1,finetune_000289_v00,finetune_000289,TbH8C8(NO3)2,154,H,5.030600070953369,2.492485284805298,-3.1533188819885254,1.0,True
1,finetune_000289_v00,finetune_000289,TbH8C8(NO3)2,155,C,4.739871501922607,0.10311133414506912,-3.8161091804504395,1.0,True
1,finetune_000289_v00,finetune_000289,TbH8C8(NO3)2,156,C,4.242752552032471,-1.2243186235427856,-4.317087650299072,1.0,True
1,finetune_000289_v00,finetune_000289,TbH8C8(NO3)2,157,C,6.653186798095703,-1.0958576202392578,0.05191313847899437,1.0,True
1,finetune_000289_v00,finetune_000289,TbH8C8(NO3)2,158,C,6.297924518585205,-0.7276028990745544,2.490734338760376,1.0,True
1,finetune_000289_v00,finetune_000289,TbH8C8(NO3)2,159,C,6.847208023071289,-1.9437000751495361,3.2071831226348877,1.0,True
1,finetune_000289_v00,finetune_000289,TbH8C8(NO3)2,160,C,4.6805419921875,2.560997724533081,-4.075293064117432,1.0,True
1,finetune_000289_v00,finetune_000289,TbH8C8(NO3)2,161,C,7.251338005065918,-0.6419622302055359,-1.232951045036316,1.0,True
1,finetune_000289_v00,finetune_000289,TbH8C8(NO3)2,162,N,7.032024383544922,-0.3679122030735016,1.2406419515609741,1.0,True
1,finetune_000289_v00,finetune_000289,TbH8C8(NO3)2,163,N,4.127161979675293,1.284952163696289,-4.485184192657471,1.0,True
1,finetune_000289_v00,finetune_000289,TbH8C8(NO3)2,164,O,4.619981288909912,-2.2348783016204834,-3.718374490737915,1.0,True
1,finetune_000289_v00,finetune_000289,TbH8C8(NO3)2,165,O,6.114325523376465,2.235563278198242,3.8707635402679443,1.0,True
1,finetune_000289_v00,finetune_000289,TbH8C8(NO3)2,166,O,6.93623685836792,-1.2414467334747314,-2.2576355934143066,1.0,True
1,finetune_000289_v00,finetune_000289,TbH8C8(NO3)2,167,C,4.739871501922607,0.10311133414506912,6.023890972137451,1.0,True
1,finetune_000289_v00,finetune_000289,TbH8C8(NO3)2,168,C,4.242752552032471,-1.2243186235427856,5.52291202545166,1.0,True
1,finetune_000289_v00,finetune_000289,TbH8C8(NO3)2,169,C,4.6805419921875,2.560997724533081,5.764707088470459,1.0,True
1,finetune_000289_v00,finetune_000289,TbH8C8(NO3)2,170,N,4.127161979675293,1.284952163696289,5.35481595993042,1.0,True
1,finetune_000289_v00,finetune_000289,TbH8C8(NO3)2,171,O,4.619981288909912,-2.2348783016204834,6.1216254234313965,1.0,True
1,finetune_000233_v00,finetune_000233,CoHC4O3,0,C,-1.741438388824463,-7.201661109924316,-2.9885916709899902,0.9600056644972897,True
1,finetune_000233_v00,finetune_000233,CoHC4O3,1,Co,-4.314479351043701,-0.5298824906349182,-3.4533653259277344,0.9599302268896199,True
1,finetune_000233_v00,finetune_000233,CoHC4O3,2,Co,-5.252559185028076,3.0904624462127686,2.746713161468506,0.9199269332938261,True
1,finetune_000233_v00,finetune_000233,CoHC4O3,3,Co,-6.666455268859863,-2.3659145832061768,-3.008894205093384,0.959916101223163,False
1,finetune_000233_v00,finetune_000233,CoHC4O3,4,H,-5.125264644622803,0.22004608809947968,0.21407151222229004,0.9599912937182344,True
1,finetune_000233_v00,finetune_000233,CoHC4O3,5,C,-3.527139902114868,-0.3100758194923401,-6.286299228668213,0.9599620699703852,True
1,finetune_000233_v00,finetune_000233,CoHC4O3,6,C,-4.552348613739014,0.5432911515235901,6.333197593688965,0.9600033981384303,True
1,finetune_000233_v00,finetune_000233,CoHC4O3,7,C,-4.033069133758545,-3.5554563999176025,-2.7765908241271973,0.9599791368826206,True
1,finetune_000233_v00,finetune_000233,CoHC4O3,8,C,-3.8387644290924072,-5.986259460449219,-2.656594753265381,0.9599461402543058,True
1,finetune_000233_v00,finetune_000233,CoHC4O3,9,C,-3.1720314025878906,-4.783787727355957,-2.7897751331329346,0.9600114940710472,True
1,finetune_000233_v00,finetune_000233,CoHC4O3,10,C,-5.2224202156066895,1.0346237421035767,5.084222793579102,0.9599788430264662,True
1,finetune_000233_v00,finetune_000233,CoHC4O3,11,C,-6.877503395080566,1.2673600912094116,0.7568265199661255,0.919926588794988,True
1,finetune_000233_v00,finetune_000233,CoHC4O3,12,C,-6.562576770782471,0.05195865407586098,-1.324628472328186,0.9600064104858163,True
1,finetune_000233_v00,finetune_000233,CoHC4O3,13,C,-6.147127628326416,0.4398527443408966,-0.06887540966272354,0.9599690807366119,True
1,finetune_000233_v00,finetune_000233,CoHC4O3,14,O,-5.289460182189941,-3.6718246936798096,-2.4004194736480713,0.919928512057123,True
1,finetune_000233_v00,finetune_000233,CoHC4O3,15,O,-5.530672550201416,-1.5513368844985962,-4.596212387084961,0.9199495041710035,True
1,finetune_000233_v00,finetune_000233,CoHC4O3,16,O,-4.428356647491455,4.590319633483887,3.837806224822998,0.9599675907830738,True
1,finetune_000233_v00,finetune_000233,CoHC4O3,17,O,-4.609294891357422,1.9784992933273315,4.429532051086426,0.9207252100290484,True
1,finetune_000233_v00,finetune_000233,CoHC4O3,18,O,-3.4634976387023926,-2.443493366241455,-3.143420696258545,0.9199651846517836,True
1,finetune_000233_v00,finetune_000233,CoHC4O3,19,O,-6.368251800537109,0.49157196283340454,4.729671001434326,0.919905758331592,True
1,finetune_000233_v00,finetune_000233,CoHC4O3,20,O,-5.822149753570557,-0.7884785532951355,-2.050659656524658,0.9599679050036931,True
1,finetune_000233_v00,finetune_000233,CoHC4O3,21,O,-3.0815422534942627,-0.6074613332748413,-5.063735008239746,0.9599283464719468,True
1,finetune_000233_v00,finetune_000233,CoHC4O3,22,O,-6.431901454925537,1.5647456645965576,1.97939133644104,0.9599892021284754,True
1,finetune_000233_v00,finetune_000233,CoHC4O3,23,Co,-0.964090883731842,1.4871667623519897,4.618612766265869,0.959931297152247,True
1,finetune_000233_v00,finetune_000233,CoHC4O3,24,Co,2.3862695693969727,-0.5298824906349182,-2.4396133422851562,0.9599885544930015,True
1,finetune_000233_v00,finetune_000233,CoHC4O3,25,Co,-1.9022209644317627,-2.1331779956817627,-4.296416282653809,1.0,True
1,finetune_000233_v00,finetune_000233,CoHC4O3,26,Co,-3.3193912506103516,3.3361287117004395,5.055030822753906,1.0,True
1,finetune_000233_v00,finetune_000233,CoHC4O3,27,Co,1.4481898546218872,3.0904624462127686,3.760465145111084,1.0,True
1,finetune_000233_v00,finetune_000233,CoHC4O3,28,Co,0.034293800592422485,-2.3659145832061768,-1.9951422214508057,1.0,True
1,finetune_000233_v00,finetune_000233,CoHC4O3,29,H,1.930580496788025,-5.986259460449219,-1.5572543144226074,1.0,True
1,finetune_000233_v00,finetune_000233,CoHC4O3,30,H,0.4966588318347931,-0.4523036777973175,-7.179991245269775,0.9198910956602512,True
1,finetune_000233_v00,finetune_000233,CoHC4O3,31,H,-1.7748867273330688,0.7372382283210754,-6.829051971435547,1.0,True
1,finetune_000233_v00,finetune_000233,CoHC4O3,32,H,-2.8537025451660156,1.4095879793167114,-0.13686534762382507,1.0,True
1,finetune_000233_v00,finetune_000233,CoHC4O3,33,H,1.5754841566085815,0.22004608809947968,1.2278233766555786,0.9599985868218793,True
1,finetune_000233_v00,finetune_000233,CoHC4O3,34,H,-0.03273896500468254,-5.986259460449219,-3.243483543395996,1.0,True
1,finetune_000233_v00,finetune_000233,CoHC4O3,35,C,0.8484415411949158,-1.3961793184280396,-4.839120388031006,0.9599675907830738,True
1,finetune_000233_v00,finetune_000233,CoHC4O3,36,C,-1.5068506002426147,1.6164648532867432,1.3503990173339844,1.0,True
1,finetune_000233_v00,finetune_000233,CoHC4O3,37,C,3.1736090183258057,-0.3100758194923401,-5.272547245025635,1.0,True
1,finetune_000233_v00,finetune_000233,CoHC4O3,38,C,2.14840030670166,0.5432911515235901,7.346949577331543,1.0,True
1,finetune_000233_v00,finetune_000233,CoHC4O3,39,C,-1.1952742338180542,0.41399314999580383,-0.7089127898216248,1.0,True
1,finetune_000233_v00,finetune_000233,CoHC4O3,40,C,2.667679786682129,-3.5554563999176025,-1.7628389596939087,1.0,True
1,finetune_000233_v00,finetune_000233,CoHC4O3,41,C,2.8619844913482666,-5.986259460449219,-1.6428427696228027,1.0,True
1,finetune_000233_v00,finetune_000233,CoHC4O3,42,C,3.528717517852783,-4.783787727355957,-1.7760231494903564,0.9599885544930015,True
1,finetune_000233_v00,finetune_000233,CoHC4O3,43,C,1.4783289432525635,1.0346237421035767,6.09797477722168,1.0,True
1,finetune_000233_v00,finetune_000233,CoHC4O3,44,C,-1.9725555181503296,1.215640902519226,0.10969281941652298,1.0,True
1,finetune_000233_v00,finetune_000233,CoHC4O3,45,C,1.609026312828064,5.728142261505127,5.068297863006592,0.9599582104527691,True
1,finetune_000233_v00,finetune_000233,CoHC4O3,46,C,-0.176754429936409,1.2673600912094116,1.770578384399414,1.0,True
1,finetune_000233_v00,finetune_000233,CoHC4O3,47,C,1.377808690071106,-0.25835663080215454,-6.933432579040527,1.0,True
1,finetune_000233_v00,finetune_000233,CoHC4O3,48,C,-2.501906633377075,2.353463649749756,2.204007625579834,1.0,True
1,finetune_000233_v00,finetune_000233,CoHC4O3,49,C,1.836807131767273,-0.6591805219650269,-5.693741321563721,0.9600056644972897,True
1,finetune_000233_v00,finetune_000233,CoHC4O3,50,C,-0.6826382875442505,4.512740612030029,5.2802934646606445,1.0,True
1,finetune_000233_v00,finetune_000233,CoHC4O3,51,C,-3.212196111679077,0.9053256511688232,6.732248306274414,1.0,True
1,finetune_000233_v00,finetune_000233,CoHC4O3,52,C,-2.796752452850342,0.5174315571784973,-7.11199951171875,1.0,True
1,finetune_000233_v00,finetune_000233,CoHC4O3,53,C,0.17841649055480957,5.741072177886963,5.267111778259277,1.0,True
1,finetune_000233_v00,finetune_000233,CoHC4O3,54,C,-1.7414214611053467,-4.770857810974121,-2.98858904838562,1.0,True
1,finetune_000233_v00,finetune_000233,CoHC4O3,55,C,0.13817228376865387,0.05195865407586098,-0.3108765482902527,1.0,True
1,finetune_000233_v00,finetune_000233,CoHC4O3,56,C,-1.8720532655715942,-0.07733938097953796,-1.9589022397994995,1.0,True
1,finetune_000233_v00,finetune_000233,CoHC4O3,57,C,-1.111559510231018,-5.986259460449219,-3.1499977111816406,1.0,True
1,finetune_000233_v00,finetune_000233,CoHC4O3,58,C,0.5536214113235474,0.4398527443408966,0.9448764324188232,0.9599393099286476,True
1,finetune_000233_v00,finetune_000233,CoHC4O3,59,O,1.4112886190414429,-3.6718246936798096,-1.3866676092147827,0.9199216716962778,True
1,finetune_000233_v00,finetune_000233,CoHC4O3,60,O,-2.471757650375366,1.745762825012207,6.006218910217285,1.0,True
1,finetune_000233_v00,finetune_000233,CoHC4O3,61,O,1.1700763702392578,-1.5513368844985962,-3.582460403442383,0.959986047769163,True
1,finetune_000233_v00,finetune_000233,CoHC4O3,62,O,-1.0780394077301025,-3.633035182952881,-3.2053263187408447,1.0,True
1,finetune_000233_v00,finetune_000233,CoHC4O3,63,O,-0.1130824163556099,3.400777578353882,4.8983612060546875,1.0,True
1,finetune_000233_v00,finetune_000233,CoHC4O3,64,O,2.272392511367798,4.590319633483887,4.851558208465576,1.0,True
1,finetune_000233_v00,finetune_000233,CoHC4O3,65,O,-1.258941411972046,-1.0212149620056152,-2.5984950065612793,1.0,True
1,finetune_000233_v00,finetune_000233,CoHC4O3,66,O,2.091454029083252,1.9784992933273315,5.443284034729004,0.959916101223163,False
1,finetune_000233_v00,finetune_000233,CoHC4O3,67,O,-3.6175785064697266,2.780147075653076,1.6501684188842773,1.0,True
1,finetune_000233_v00,finetune_000233,CoHC4O3,68,O,3.2372512817382812,-2.443493366241455,-2.129668951034546,0.9599620699703852,True
1,finetune_000233_v00,finetune_000233,CoHC4O3,69,O,0.3324970602989197,0.49157196283340454,5.743422508239746,1.0,True
1,finetune_000233_v00,finetune_000233,CoHC4O3,70,O,-0.2672361135482788,-1.8228627443313599,-5.392960548400879,1.0,True
1,finetune_000233_v00,finetune_000233,CoHC4O3,71,O,0.8785991668701172,-0.7884785532951355,-1.0369079113006592,1.0,True
1,finetune_000233_v00,finetune_000233,CoHC4O3,72,O,-1.9390279054641724,4.629108905792236,5.65646505355835,1.0,True
1,finetune_000233_v00,finetune_000233,CoHC4O3,73,O,-2.1735689640045166,2.5086212158203125,3.4465816020965576,1.0,True
1,finetune_000233_v00,finetune_000233,CoHC4O3,74,O,-3.0178775787353516,0.4657123386859894,-2.313453197479248,1.0,True
1,finetune_000233_v00,finetune_000233,CoHC4O3,75,O,3.619206666946411,-0.6074613332748413,-4.049983024597168,1.0,True
1,finetune_000233_v00,finetune_000233,CoHC4O3,76,O,0.2688474655151367,1.5647456645965576,2.993143081665039,1.0,True
1,finetune_000233_v00,finetune_000233,CoHC4O3,77,H,0.4966588318347931,-0.4523036777973175,7.920008659362793,1.0,True
1,finetune_000233_v00,finetune_000233,CoHC4O3,78,Co,4.798527717590332,-2.1331779956817627,-3.2826645374298096,1.0,True
1,finetune_000233_v00,finetune_000233,CoHC4O3,79,Co,3.3813576698303223,3.3361287117004395,6.068782806396484,0.9600114940710472,True
1,finetune_000233_v00,finetune_000233,CoHC4O3,80,Co,6.735042572021484,-2.3659145832061768,-0.9813903570175171,1.0,True
1,finetune_000233_v00,finetune_000233,CoHC4O3,81,H,4.9258623123168945,0.7372382283210754,-5.815299987792969,1.0,True
1,finetune_000233_v00,finetune_000233,CoHC4O3,82,H,3.847046375274658,1.4095879793167114,0.8768865466117859,1.0,True
1,finetune_000233_v00,finetune_000233,CoHC4O3,83,C,5.1938982009887695,1.6164648532867432,2.3641507625579834,1.0,True
1,finetune_000233_v00,finetune_000233,CoHC4O3,84,C,5.50547456741333,0.41399314999580383,0.3048390746116638,1.0,True
1,finetune_000233_v00,finetune_000233,CoHC4O3,85,C,4.728193283081055,1.215640902519226,1.123444676399231,1.0,True
1,finetune_000233_v00,finetune_000233,CoHC4O3,86,C,6.523994445800781,1.2673600912094116,2.784330368041992,1.0,True
1,finetune_000233_v00,finetune_000233,CoHC4O3,87,C,4.1988420486450195,2.353463649749756,3.217759609222412,1.0,True
1,finetune_000233_v00,finetune_000233,CoHC4O3,88,C,3.903996467590332,0.5174315571784973,-6.098247528076172,1.0,True
1,finetune_000233_v00,finetune_000233,CoHC4O3,89,C,4.959327697753906,-4.770857810974121,-1.9748371839523315,1.0,True
1,finetune_000233_v00,finetune_000233,CoHC4O3,90,C,6.838921070098877,0.05195865407586098,0.7028753161430359,1.0,True
1,finetune_000233_v00,finetune_000233,CoHC4O3,91,C,4.828695774078369,-0.07733938097953796,-0.9451503753662109,1.0,True
1,finetune_000233_v00,finetune_000233,CoHC4O3,92,C,7.254370212554932,0.4398527443408966,1.9586282968521118,0.9600064104858163,True
1,finetune_000233_v00,finetune_000233,CoHC4O3,93,O,5.62270975112915,-3.633035182952881,-2.1915745735168457,1.0,True
1,finetune_000233_v00,finetune_000233,CoHC4O3,94,O,5.441807746887207,-1.0212149620056152,-1.5847430229187012,1.0,True
1,finetune_000233_v00,finetune_000233,CoHC4O3,95,O,3.0831704139709473,2.780147075653076,2.6639201641082764,0.959931297152247,True
1,finetune_000233_v00,finetune_000233,CoHC4O3,96,O,6.4335126876831055,-1.8228627443313599,-4.379208564758301,1.0,True
1,finetune_000233_v00,finetune_000233,CoHC4O3,97,O,7.579348087310791,-0.7884785532951355,-0.02315598726272583,1.0,True
1,finetune_000233_v00,finetune_000233,CoHC4O3,98,O,4.527180194854736,2.5086212158203125,4.460333347320557,0.9599690807366119,True
1,finetune_000233_v00,finetune_000233,CoHC4O3,99,O,3.6828713417053223,0.4657123386859894,-1.2997013330459595,1.0,True
1,finetune_000239_v00,finetune_000239,ZnHC4O3,0,Zn,-5.448483943939209,-2.2289934158325195,-3.5124881267547607,0.960008434636541,True
1,finetune_000239_v00,finetune_000239,ZnHC4O3,1,Zn,-3.836996555328369,1.1792930364608765,3.689826011657715,0.9202291034356097,True
1,finetune_000239_v00,finetune_000239,ZnHC4O3,2,Zn,-6.116798400878906,3.071345567703247,3.4623632431030273,0.9600242981776415,True
1,finetune_000239_v00,finetune_000239,ZnHC4O3,3,H,-5.55025053024292,0.33694085478782654,-1.4844084978103638,0.9598677527861497,False
1,finetune_000239_v00,finetune_000239,ZnHC4O3,4,C,-3.7080862522125244,-0.5572483539581299,-1.8007023334503174,0.9598971303820086,True
1,finetune_000239_v00,finetune_000239,ZnHC4O3,5,C,-3.3247411251068115,-4.276556968688965,-4.595616817474365,0.9599006236785831,True
1,finetune_000239_v00,finetune_000239,ZnHC4O3,6,C,-5.384009838104248,1.3607226610183716,0.9555238485336304,0.9200269388528627,True
1,finetune_000239_v00,finetune_000239,ZnHC4O3,7,C,-4.356062412261963,0.7516372799873352,0.19684217870235443,0.959905679635576,True
1,finetune_000239_v00,finetune_000239,ZnHC4O3,8,C,-4.661396503448486,0.20734822750091553,-1.1062983274459839,0.9197668165894545,False
1,finetune_000239_v00,finetune_000239,ZnHC4O3,9,O,-7.0769171714782715,-1.606948733329773,-2.489875555038452,0.9600173864500592,True
1,finetune_000239_v00,finetune_000239,ZnHC4O3,10,O,-3.9252123832702637,-0.8682706952095032,-3.1357693672180176,0.9600415136201167,True
1,finetune_000239_v00,finetune_000239,ZnHC4O3,11,O,-4.203401565551758,-0.40173718333244324,-6.1150736808776855,0.9599507147463112,True
1,finetune_000239_v00,finetune_000239,ZnHC4O3,12,O,-3.7691633701324463,-3.097264051437378,-4.595442295074463,0.9599590500121781,True
1,finetune_000239_v00,finetune_000239,ZnHC4O3,13,O,-6.493380546569824,1.606948733329773,0.41502487659454346,0.9599655503570115,True
1,finetune_000239_v00,finetune_000239,ZnHC4O3,14,O,-5.102423667907715,1.8920525312423706,2.0658082962036133,0.9599635667465785,True
1,finetune_000239_v00,finetune_000239,ZnHC4O3,15,O,-5.563814640045166,1.7365413904190063,4.689826488494873,0.9201234095776645,True
1,finetune_000239_v00,finetune_000239,ZnHC4O3,16,O,-4.695303916931152,4.48390531539917,3.778106927871704,0.9600202869356563,True
1,finetune_000239_v00,finetune_000239,ZnHC4O3,17,H,2.2560651302337646,0.7127594947814941,-7.24675989151001,0.9599218470090425,True
1,finetune_000239_v00,finetune_000239,ZnHC4O3,18,C,1.3366762399673462,0.4406149685382843,-7.379763126373291,0.9598933603756447,True
1,finetune_000239_v00,finetune_000239,ZnHC4O3,19,Zn,1.3366647958755493,-2.2289934158325195,-2.475062847137451,0.9600082528802956,True
1,finetune_000239_v00,finetune_000239,ZnHC4O3,20,Zn,-2.9481520652770996,-1.1792930364608765,-4.7272515296936035,0.9598771830054706,True
1,finetune_000239_v00,finetune_000239,ZnHC4O3,21,Zn,-0.6683502197265625,-3.071345567703247,-4.499788761138916,0.9600042793631695,True
1,finetune_000239_v00,finetune_000239,ZnHC4O3,22,Zn,-1.3366647958755493,2.2289934158325195,2.475062847137451,0.9599058263097566,True
1,finetune_000239_v00,finetune_000239,ZnHC4O3,23,Zn,2.9481520652770996,1.1792930364608765,4.7272515296936035,0.9601436476025794,True
1,finetune_000239_v00,finetune_000239,ZnHC4O3,24,Zn,0.6683502197265625,3.071345567703247,4.499788761138916,0.9600818959575478,True
1,finetune_000239_v00,finetune_000239,ZnHC4O3,25,H,-1.234898567199707,-0.33694085478782654,0.44698312878608704,0.9598971303820086,True
1,finetune_000239_v00,finetune_000239,ZnHC4O3,26,H,0.6480076313018799,6.103813171386719,3.2705113887786865,0.9599058263097566,True
1,finetune_000239_v00,finetune_000239,ZnHC4O3,27,H,1.234898567199707,0.33694085478782654,-0.44698312878608704,1.0,True
1,finetune_000239_v00,finetune_000239,ZnHC4O3,28,H,-0.6480076313018799,-6.103813171386719,-3.2705113887786865,1.0,True
1,finetune_000239_v00,finetune_000239,ZnHC4O3,29,C,-1.4011390209197998,-1.3607226610183716,-1.99294912815094,1.0,True
1,finetune_000239_v00,finetune_000239,ZnHC4O3,30,C,-2.429086446762085,-0.7516372799873352,-1.2342674732208252,0.9599218470090425,True
1,finetune_000239_v00,finetune_000239,ZnHC4O3,31,C,3.0770626068115234,-0.5572483539581299,-0.763276994228363,1.0,True
1,finetune_000239_v00,finetune_000239,ZnHC4O3,32,C,-2.1237523555755615,-0.20734822750091553,0.06887298077344894,1.0,True
1,finetune_000239_v00,finetune_000239,ZnHC4O3,33,C,1.414699912071228,-0.8423521518707275,-5.271225452423096,1.0,True
1,finetune_000239_v00,finetune_000239,ZnHC4O3,34,C,0.6717281937599182,-0.3628593981266022,-6.3763604164123535,1.0,True
1,finetune_000239_v00,finetune_000239,ZnHC4O3,35,C,-0.6649478673934937,-0.7775558233261108,-6.565597057342529,1.0,True
1,finetune_000239_v00,finetune_000239,ZnHC4O3,36,C,1.3366762399673462,0.4406149685382843,7.758236885070801,1.0,True
1,finetune_000239_v00,finetune_000239,ZnHC4O3,37,C,3.4604077339172363,-4.276556968688965,-3.5581915378570557,1.0,True
1,finetune_000239_v00,finetune_000239,ZnHC4O3,38,C,2.5647635459899902,-5.365135192871094,-3.619446277618408,1.0,True
1,finetune_000239_v00,finetune_000239,ZnHC4O3,39,C,1.177201509475708,-5.144827842712402,-3.475855827331543,1.0,True
1,finetune_000239_v00,finetune_000239,ZnHC4O3,40,C,-0.31209030747413635,6.246365070343018,3.3583552837371826,0.9199033431664745,True
1,finetune_000239_v00,finetune_000239,ZnHC4O3,41,C,1.4011390209197998,1.3607226610183716,1.99294912815094,1.0,True
1,finetune_000239_v00,finetune_000239,ZnHC4O3,42,C,2.429086446762085,0.7516372799873352,1.2342674732208252,0.960008434636541,True
1,finetune_000239_v00,finetune_000239,ZnHC4O3,43,C,-3.0770626068115234,0.5572483539581299,0.763276994228363,0.9206201093775358,True
1,finetune_000239_v00,finetune_000239,ZnHC4O3,44,C,2.1237523555755615,0.20734822750091553,-0.06887298077344894,0.9198063033141589,True
1,finetune_000239_v00,finetune_000239,ZnHC4O3,45,C,-1.414699912071228,0.8423521518707275,5.271225452423096,1.0,True
1,finetune_000239_v00,finetune_000239,ZnHC4O3,46,C,-0.6717281937599182,0.3628593981266022,6.3763604164123535,1.0,True
1,finetune_000239_v00,finetune_000239,ZnHC4O3,47,C,0.6649478673934937,0.7775558233261108,6.565597057342529,0.9600082528802956,True
1,finetune_000239_v00,finetune_000239,ZnHC4O3,48,C,-1.3366762399673462,-0.4406149685382843,-7.758236885070801,1.0,True
1,finetune_000239_v00,finetune_000239,ZnHC4O3,49,C,-3.4604077339172363,4.276556968688965,3.5581915378570557,0.9198524103878227,True
1,finetune_000239_v00,finetune_000239,ZnHC4O3,50,C,-2.5647635459899902,5.365135192871094,3.619446277618408,1.0,True
1,finetune_000239_v00,finetune_000239,ZnHC4O3,51,C,-1.177201509475708,5.144827842712402,3.475855827331543,0.9599507147463112,True
1,finetune_000239_v00,finetune_000239,ZnHC4O3,52,C,0.31209030747413635,-6.246365070343018,-3.3583552837371826,1.0,True
1,finetune_000239_v00,finetune_000239,ZnHC4O3,53,O,-0.29176822304725647,-1.606948733329773,-1.452450156211853,1.0,True
1,finetune_000239_v00,finetune_000239,ZnHC4O3,54,O,-1.682724952697754,-1.8920525312423706,-3.103233575820923,1.0,True
1,finetune_000239_v00,finetune_000239,ZnHC4O3,55,O,2.859936475753784,-0.8682706952095032,-2.098343849182129,1.0,True
1,finetune_000239_v00,finetune_000239,ZnHC4O3,56,O,2.581747531890869,-0.40173718333244324,-5.077648162841797,1.0,True
1,finetune_000239_v00,finetune_000239,ZnHC4O3,57,O,0.8243892788887024,-1.490315318107605,-4.3623762130737305,1.0,True
1,finetune_000239_v00,finetune_000239,ZnHC4O3,58,O,-1.2213342189788818,-1.7365413904190063,-5.727252006530762,1.0,True
1,finetune_000239_v00,finetune_000239,ZnHC4O3,59,O,-2.0898449420928955,-4.48390531539917,-4.815532207489014,1.0,True
1,finetune_000239_v00,finetune_000239,ZnHC4O3,60,O,3.0159854888916016,-3.097264051437378,-3.558016777038574,0.9600026406752212,True
1,finetune_000239_v00,finetune_000239,ZnHC4O3,61,O,0.7090315818786621,-3.8748199939727783,-3.168982744216919,1.0,True
1,finetune_000239_v00,finetune_000239,ZnHC4O3,62,O,0.29176822304725647,1.606948733329773,1.452450156211853,1.0,True
1,finetune_000239_v00,finetune_000239,ZnHC4O3,63,O,1.682724952697754,1.8920525312423706,3.103233575820923,1.0,True
1,finetune_000239_v00,finetune_000239,ZnHC4O3,64,O,-2.859936475753784,0.8682706952095032,2.098343849182129,1.0,True
1,finetune_000239_v00,finetune_000239,ZnHC4O3,65,O,-2.581747531890869,0.40173718333244324,5.077648162841797,1.0,True
1,finetune_000239_v00,finetune_000239,ZnHC4O3,66,O,-0.8243892788887024,1.490315318107605,4.3623762130737305,1.0,True
1,finetune_000239_v00,finetune_000239,ZnHC4O3,67,O,1.2213342189788818,1.7365413904190063,5.727252006530762,1.0,True
1,finetune_000239_v00,finetune_000239,ZnHC4O3,68,O,2.0898449420928955,4.48390531539917,4.815532207489014,1.0,True
1,finetune_000239_v00,finetune_000239,ZnHC4O3,69,O,-3.0159854888916016,3.097264051437378,3.558016777038574,1.0,True
1,finetune_000239_v00,finetune_000239,ZnHC4O3,70,O,-0.7090315818786621,3.8748199939727783,3.168982744216919,0.9600854558330303,True
1,finetune_000239_v00,finetune_000239,ZnHC4O3,71,H,-2.2560651302337646,-0.7127594947814941,7.24675989151001,1.0,True
1,finetune_000239_v00,finetune_000239,ZnHC4O3,72,C,-1.3366762399673462,-0.4406149685382843,7.379763126373291,0.9599635667465785,True
1,finetune_000239_v00,finetune_000239,ZnHC4O3,73,Zn,3.836996555328369,-1.1792930364608765,-3.689826011657715,1.0,True
1,finetune_000239_v00,finetune_000239,ZnHC4O3,74,Zn,6.116798400878906,-3.071345567703247,-3.4623632431030273,1.0,True
1,finetune_000239_v00,finetune_000239,ZnHC4O3,75,Zn,5.448483943939209,2.2289934158325195,3.5124881267547607,1.0,True
1,finetune_000239_v00,finetune_000239,ZnHC4O3,76,H,5.55025053024292,-0.33694085478782654,1.4844084978103638,0.9598771830054706,True
1,finetune_000239_v00,finetune_000239,ZnHC4O3,77,C,5.384009838104248,-1.3607226610183716,-0.9555238485336304,1.0,True
1,finetune_000239_v00,finetune_000239,ZnHC4O3,78,C,4.356062412261963,-0.7516372799873352,-0.19684217870235443,1.0,True
1,finetune_000239_v00,finetune_000239,ZnHC4O3,79,C,4.661396503448486,-0.20734822750091553,1.1062983274459839,1.0,True
1,finetune_000239_v00,finetune_000239,ZnHC4O3,80,C,3.7080862522125244,0.5572483539581299,1.8007023334503174,1.0,True
1,finetune_000239_v00,finetune_000239,ZnHC4O3,81,C,3.3247411251068115,4.276556968688965,4.595616817474365,1.0,True
1,finetune_000239_v00,finetune_000239,ZnHC4O3,82,O,6.493380546569824,-1.606948733329773,-0.41502487659454346,1.0,True
1,finetune_000239_v00,finetune_000239,ZnHC4O3,83,O,5.102423667907715,-1.8920525312423706,-2.0658082962036133,1.0,True
1,finetune_000239_v00,finetune_000239,ZnHC4O3,84,O,5.563814640045166,-1.7365413904190063,-4.689826488494873,0.9600173864500592,True
1,finetune_000239_v00,finetune_000239,ZnHC4O3,85,O,4.695303916931152,-4.48390531539917,-3.778106927871704,0.9600202869356563,True
1,finetune_000239_v00,finetune_000239,ZnHC4O3,86,O,7.0769171714782715,1.606948733329773,2.489875555038452,1.0,True
1,finetune_000239_v00,finetune_000239,ZnHC4O3,87,O,3.9252123832702637,0.8682706952095032,3.1357693672180176,1.0,True
1,finetune_000239_v00,finetune_000239,ZnHC4O3,88,O,4.203401565551758,0.40173718333244324,6.1150736808776855,1.0,True
1,finetune_000239_v00,finetune_000239,ZnHC4O3,89,O,3.7691633701324463,3.097264051437378,4.595442295074463,1.0,True
1,finetune_000164_v00,finetune_000164,TbH8C8(NO3)2,0,C,-4.680484771728516,-2.5603127479553223,-5.765065670013428,0.9599732793798672,True
1,finetune_000164_v00,finetune_000164,TbH8C8(NO3)2,1,C,-4.739814281463623,-0.1024262085556984,-6.02424955368042,0.9599792553087766,True
1,finetune_000164_v00,finetune_000164,TbH8C8(NO3)2,2,C,-4.242695331573486,1.225003719329834,-5.523271083831787,0.9199347853342253,True
1,finetune_000164_v00,finetune_000164,TbH8C8(NO3)2,3,N,-4.127104759216309,-1.2842670679092407,-5.355174541473389,0.9599852488297475,True
1,finetune_000164_v00,finetune_000164,TbH8C8(NO3)2,4,O,-4.619924068450928,2.235563278198242,-6.121984004974365,0.9599752356703996,True
1,finetune_000164_v00,finetune_000164,TbH8C8(NO3)2,5,H,-5.031259059906006,-2.500364303588867,3.152524948120117,0.9599555717950637,True
1,finetune_000164_v00,finetune_000164,TbH8C8(NO3)2,6,H,-4.563149452209473,-0.16237466037273407,2.8486366271972656,0.9599652301469909,True
1,finetune_000164_v00,finetune_000164,TbH8C8(NO3)2,7,H,-5.719925403594971,-0.14524653553962708,3.949970006942749,0.9599686960370449,True
1,finetune_000164_v00,finetune_000164,TbH8C8(NO3)2,8,H,-3.595987558364868,3.2546870708465576,-4.100866794586182,0.9599537207625798,False
1,finetune_000164_v00,finetune_000164,TbH8C8(NO3)2,9,H,-5.666475772857666,1.0365943908691406,0.034625254571437836,0.9599692525797242,True
1,finetune_000164_v00,finetune_000164,TbH8C8(NO3)2,10,H,-6.883973598480225,2.047153949737549,-0.18150116503238678,0.9599670973505162,True
1,finetune_000164_v00,finetune_000164,TbH8C8(NO3)2,11,H,-5.345575332641602,0.8910052180290222,-2.25519061088562,0.9599663862724125,True
1,finetune_000164_v00,finetune_000164,TbH8C8(NO3)2,12,H,-6.32521390914917,-0.051041822880506516,-3.101377248764038,0.9599576005525017,True
1,finetune_000164_v00,finetune_000164,TbH8C8(NO3)2,13,C,-4.680484771728516,-2.5603127479553223,4.074934005737305,0.9599555896963143,True
1,finetune_000164_v00,finetune_000164,TbH8C8(NO3)2,14,C,-7.251280784606934,0.642647385597229,1.232592225074768,0.9599576100993525,True
1,finetune_000164_v00,finetune_000164,TbH8C8(NO3)2,15,C,-4.739814281463623,-0.1024262085556984,3.8157503604888916,0.9599717494701896,True
1,finetune_000164_v00,finetune_000164,TbH8C8(NO3)2,16,C,-4.242695331573486,1.225003719329834,4.3167290687561035,0.9599719045514167,True
1,finetune_000164_v00,finetune_000164,TbH8C8(NO3)2,17,C,-6.646275997161865,1.087978720664978,-0.05269669368863106,0.9599775544665564,True
1,finetune_000164_v00,finetune_000164,TbH8C8(NO3)2,18,C,-6.297867298126221,0.7282879948616028,-2.4910929203033447,0.9199405566207889,True
1,finetune_000164_v00,finetune_000164,TbH8C8(NO3)2,19,C,-6.847150802612305,1.9443851709365845,-3.2075419425964355,0.9199259611224406,False
1,finetune_000164_v00,finetune_000164,TbH8C8(NO3)2,20,N,-4.127104759216309,-1.2842670679092407,4.484825134277344,0.9599847891058221,True
1,finetune_000164_v00,finetune_000164,TbH8C8(NO3)2,21,N,-7.0319671630859375,0.3685973286628723,-1.241000771522522,0.919944219844263,True
1,finetune_000164_v00,finetune_000164,TbH8C8(NO3)2,22,O,-6.1142683029174805,-2.2348783016204834,-3.871122360229492,0.9599708899514188,True
1,finetune_000164_v00,finetune_000164,TbH8C8(NO3)2,23,O,-6.9361796379089355,1.2421318292617798,2.2671167850494385,0.9599711237709827,True
1,finetune_000164_v00,finetune_000164,TbH8C8(NO3)2,24,O,-4.619924068450928,2.235563278198242,3.718015670776367,0.9599752356703996,True
1,finetune_000164_v00,finetune_000164,TbH8C8(NO3)2,25,H,-3.595987558364868,3.2546870708465576,5.739133358001709,1.0,True
1,finetune_000164_v00,finetune_000164,TbH8C8(NO3)2,26,O,-1.8172706365585327,-4.530047416687012,-5.231208801269531,1.0,True
1,finetune_000164_v00,finetune_000164,TbH8C8(NO3)2,27,Tb,0.051462993025779724,-5.266556739807129,3.009485960006714,1.0,True
1,finetune_000164_v00,finetune_000164,TbH8C8(NO3)2,28,H,3.2575576305389404,-5.309377193450928,-4.525649070739746,1.0,True
1,finetune_000164_v00,finetune_000164,TbH8C8(NO3)2,29,H,-3.2558398246765137,-6.0715789794921875,-3.599241018295288,1.0,True
1,finetune_000164_v00,finetune_000164,TbH8C8(NO3)2,30,H,1.1870695352554321,-7.527470111846924,-0.3901572823524475,1.0,True
1,finetune_000164_v00,finetune_000164,TbH8C8(NO3)2,31,H,-0.030428355559706688,-6.516910552978516,-0.6062837243080139,1.0,True
1,finetune_000164_v00,finetune_000164,TbH8C8(NO3)2,32,C,-0.39773550629615784,-7.921416759490967,0.8078097105026245,1.0,True
1,finetune_000164_v00,finetune_000164,TbH8C8(NO3)2,33,C,-2.466289520263672,-5.591991424560547,4.3670654296875,1.0,True
1,finetune_000164_v00,finetune_000164,TbH8C8(NO3)2,34,C,0.20726922154426575,-7.476085662841797,-0.4774792194366455,1.0,True
1,finetune_000164_v00,finetune_000164,TbH8C8(NO3)2,35,C,0.0063942307606339455,-6.619678974151611,-3.632324457168579,1.0,True
1,finetune_000164_v00,finetune_000164,TbH8C8(NO3)2,36,O,-0.08263443410396576,-7.321932315826416,1.842334270477295,1.0,True
1,finetune_000164_v00,finetune_000164,TbH8C8(NO3)2,37,O,2.23362135887146,-6.328500747680664,3.2932331562042236,1.0,True
1,finetune_000164_v00,finetune_000164,TbH8C8(NO3)2,38,O,-2.172114372253418,-6.328500747680664,3.4248416423797607,1.0,True
1,finetune_000164_v00,finetune_000164,TbH8C8(NO3)2,39,O,-1.8172706365585327,-4.530047416687012,4.608790874481201,1.0,True
1,finetune_000164_v00,finetune_000164,TbH8C8(NO3)2,40,O,-0.48111310601234436,-5.66050386428833,-2.96443772315979,1.0,True
1,finetune_000164_v00,finetune_000164,TbH8C8(NO3)2,41,Tb,0.7679104208946228,3.2975072860717773,-6.3951616287231445,1.0,True
1,finetune_000164_v00,finetune_000164,TbH8C8(NO3)2,42,H,-3.973947763442993,-3.2540018558502197,-5.750061988830566,0.9599555896963143,True
1,finetune_000164_v00,finetune_000164,TbH8C8(NO3)2,43,H,2.5387332439422607,-2.500364303588867,-6.676905632019043,1.0,True
1,finetune_000164_v00,finetune_000164,TbH8C8(NO3)2,44,H,-2.2243597507476807,-0.8903201222419739,-7.595737934112549,1.0,True
1,finetune_000164_v00,finetune_000164,TbH8C8(NO3)2,45,H,-1.2454378604888916,0.04316288232803345,-6.74998664855957,1.0,True
1,finetune_000164_v00,finetune_000164,TbH8C8(NO3)2,46,H,3.006843328475952,-0.16237466037273407,-6.9807939529418945,1.0,True
1,finetune_000164_v00,finetune_000164,TbH8C8(NO3)2,47,H,1.8500672578811646,-0.14524653553962708,-5.879460334777832,1.0,True
1,finetune_000164_v00,finetune_000164,TbH8C8(NO3)2,48,C,2.88950777053833,-2.5603127479553223,-5.754496097564697,1.0,True
1,finetune_000164_v00,finetune_000164,TbH8C8(NO3)2,49,C,-1.2720681428909302,-0.7276028990745544,-7.359835624694824,0.9599576005525017,True
1,finetune_000164_v00,finetune_000164,TbH8C8(NO3)2,50,C,-0.7227843403816223,-1.9437000751495361,-6.643386363983154,1.0,True
1,finetune_000164_v00,finetune_000164,TbH8C8(NO3)2,51,C,2.8301784992218018,-0.1024262085556984,-6.0136799812316895,1.0,True
1,finetune_000164_v00,finetune_000164,TbH8C8(NO3)2,52,C,3.3272974491119385,1.225003719329834,-5.512701511383057,0.9599555717950637,True
1,finetune_000164_v00,finetune_000164,TbH8C8(NO3)2,53,C,-1.7498421669006348,2.9720728397369385,-5.0375823974609375,1.0,True
1,finetune_000164_v00,finetune_000164,TbH8C8(NO3)2,54,N,3.442888021469116,-1.2842670679092407,-5.344604969024658,0.9599686960370449,True
1,finetune_000164_v00,finetune_000164,TbH8C8(NO3)2,55,O,0.6338130235671997,1.2421318292617798,-7.562313556671143,0.9599722403598608,True
1,finetune_000164_v00,finetune_000164,TbH8C8(NO3)2,56,O,-0.2421305775642395,-2.8943111896514893,-7.310848236083984,1.0,True
1,finetune_000164_v00,finetune_000164,TbH8C8(NO3)2,57,O,-0.8320356011390686,-1.8923156261444092,-5.3912529945373535,1.0,True
1,finetune_000164_v00,finetune_000164,TbH8C8(NO3)2,58,O,2.950068712234497,2.235563278198242,-6.111414432525635,1.0,True
1,finetune_000164_v00,finetune_000164,TbH8C8(NO3)2,59,O,-1.4556668996810913,2.235563278198242,-5.979805946350098,1.0,True
1,finetune_000164_v00,finetune_000164,TbH8C8(NO3)2,60,O,-1.100823163986206,4.0340166091918945,-4.795856952667236,1.0,True
1,finetune_000164_v00,finetune_000164,TbH8C8(NO3)2,61,Tb,-0.7678531408309937,-3.2968220710754395,-3.445197105407715,1.0,True
1,finetune_000164_v00,finetune_000164,TbH8C8(NO3)2,62,Tb,0.7679104208946228,3.2975072860717773,3.444838285446167,0.960760842730194,True
1,finetune_000164_v00,finetune_000164,TbH8C8(NO3)2,63,H,-3.0067858695983887,0.1630597859621048,-2.859565019607544,1.0,True
1,finetune_000164_v00,finetune_000164,TbH8C8(NO3)2,64,H,-1.8500099182128906,0.1459316611289978,-3.9608986377716064,1.0,True
1,finetune_000164_v00,finetune_000164,TbH8C8(NO3)2,65,H,-3.973947763442993,-3.2540018558502197,4.089938163757324,1.0,True
1,finetune_000164_v00,finetune_000164,TbH8C8(NO3)2,66,H,2.5387332439422607,-2.500364303588867,3.1630945205688477,1.0,True
1,finetune_000164_v00,finetune_000164,TbH8C8(NO3)2,67,H,-1.9034596681594849,-1.0359091758728027,-0.04555374011397362,1.0,True
1,finetune_000164_v00,finetune_000164,TbH8C8(NO3)2,68,H,-0.6859617829322815,-2.046468734741211,0.1705726832151413,1.0,True
1,finetune_000164_v00,finetune_000164,TbH8C8(NO3)2,69,H,-2.2243597507476807,-0.8903201222419739,2.244262218475342,1.0,True
1,finetune_000164_v00,finetune_000164,TbH8C8(NO3)2,70,H,-1.2454378604888916,0.04316288232803345,3.090013265609741,1.0,True
1,finetune_000164_v00,finetune_000164,TbH8C8(NO3)2,71,H,3.006843328475952,-0.16237466037273407,2.859206199645996,1.0,True
1,finetune_000164_v00,finetune_000164,TbH8C8(NO3)2,72,H,1.8500672578811646,-0.14524653553962708,3.9605398178100586,1.0,True
1,finetune_000164_v00,finetune_000164,TbH8C8(NO3)2,73,H,3.9740049839019775,3.2546870708465576,-4.090296745300293,1.0,True
1,finetune_000164_v00,finetune_000164,TbH8C8(NO3)2,74,H,-2.5393924713134766,2.492485284805298,-3.163888692855835,1.0,True
1,finetune_000164_v00,finetune_000164,TbH8C8(NO3)2,75,H,1.9035170078277588,1.0365943908691406,0.045194968581199646,1.0,True
1,finetune_000164_v00,finetune_000164,TbH8C8(NO3)2,76,H,0.6860191226005554,2.047153949737549,-0.17093145847320557,1.0,True
1,finetune_000164_v00,finetune_000164,TbH8C8(NO3)2,77,H,2.224417209625244,0.8910052180290222,-2.2446210384368896,1.0,True
1,finetune_000164_v00,finetune_000164,TbH8C8(NO3)2,78,H,1.2447787523269653,-0.051041822880506516,-3.0908074378967285,1.0,True
1,finetune_000164_v00,finetune_000164,TbH8C8(NO3)2,79,C,-2.8301212787628174,0.10311133414506912,-3.82667875289917,1.0,True
1,finetune_000164_v00,finetune_000164,TbH8C8(NO3)2,80,C,-3.327240228652954,-1.2243186235427856,-4.327657222747803,1.0,True
1,finetune_000164_v00,finetune_000164,TbH8C8(NO3)2,81,C,2.88950777053833,-2.5603127479553223,4.085504055023193,1.0,True
1,finetune_000164_v00,finetune_000164,TbH8C8(NO3)2,82,C,1.7498993873596191,-2.9713876247406006,-4.802776336669922,1.0,True
1,finetune_000164_v00,finetune_000164,TbH8C8(NO3)2,83,C,0.3187119662761688,0.642647385597229,1.243161916732788,1.0,True
1,finetune_000164_v00,finetune_000164,TbH8C8(NO3)2,84,C,-0.9168058037757874,-1.0958576202392578,0.04134342819452286,1.0,True
1,finetune_000164_v00,finetune_000164,TbH8C8(NO3)2,85,C,-1.2720681428909302,-0.7276028990745544,2.4801645278930664,1.0,True
1,finetune_000164_v00,finetune_000164,TbH8C8(NO3)2,86,C,-0.7227843403816223,-1.9437000751495361,3.1966135501861572,1.0,True
1,finetune_000164_v00,finetune_000164,TbH8C8(NO3)2,87,C,2.8301784992218018,-0.1024262085556984,3.826319932937622,1.0,True
1,finetune_000164_v00,finetune_000164,TbH8C8(NO3)2,88,C,3.3272974491119385,1.225003719329834,4.327298641204834,1.0,True
1,finetune_000164_v00,finetune_000164,TbH8C8(NO3)2,89,C,-2.8894505500793457,2.560997724533081,-4.085862636566162,1.0,True
1,finetune_000164_v00,finetune_000164,TbH8C8(NO3)2,90,C,-1.7498421669006348,2.9720728397369385,4.802417278289795,1.0,True
1,finetune_000164_v00,finetune_000164,TbH8C8(NO3)2,91,C,-0.3186546564102173,-0.6419622302055359,-1.243520736694336,1.0,True
1,finetune_000164_v00,finetune_000164,TbH8C8(NO3)2,92,C,0.92371666431427,1.087978720664978,-0.042126983404159546,1.0,True
1,finetune_000164_v00,finetune_000164,TbH8C8(NO3)2,93,C,1.272125482559204,0.7282879948616028,-2.4805233478546143,0.9599852488297475,True
1,finetune_000164_v00,finetune_000164,TbH8C8(NO3)2,94,C,0.7228416800498962,1.9443851709365845,-3.196972370147705,1.0,True
1,finetune_000164_v00,finetune_000164,TbH8C8(NO3)2,95,N,-0.537968099117279,-0.3679122030735016,1.230072259902954,0.9599652301469909,True
1,finetune_000164_v00,finetune_000164,TbH8C8(NO3)2,96,N,3.442888021469116,-1.2842670679092407,4.495395183563232,1.0,True
1,finetune_000164_v00,finetune_000164,TbH8C8(NO3)2,97,N,0.5380253791809082,0.3685973286628723,-1.230431079864502,1.0,True
1,finetune_000164_v00,finetune_000164,TbH8C8(NO3)2,98,N,-3.442830801010132,1.284952163696289,-4.495753765106201,1.0,True
1,finetune_000164_v00,finetune_000164,TbH8C8(NO3)2,99,O,-2.9500114917755127,-2.2348783016204834,-3.7289443016052246,1.0,True
1,finetune_000164_v00,finetune_000164,TbH8C8(NO3)2,100,O,1.4557242393493652,-2.2348783016204834,-3.8605527877807617,1.0,True
1,finetune_000164_v00,finetune_000164,TbH8C8(NO3)2,101,O,1.10088050365448,-4.033331871032715,-5.044502258300781,1.0,True
1,finetune_000164_v00,finetune_000164,TbH8C8(NO3)2,102,O,0.6338130235671997,1.2421318292617798,2.277686595916748,1.0,True
1,finetune_000164_v00,finetune_000164,TbH8C8(NO3)2,103,O,-0.2421305775642395,-2.8943111896514893,2.529151439666748,1.0,True
1,finetune_000164_v00,finetune_000164,TbH8C8(NO3)2,104,O,-0.8320356011390686,-1.8923156261444092,4.448747158050537,1.0,True
1,finetune_000164_v00,finetune_000164,TbH8C8(NO3)2,105,O,2.950068712234497,2.235563278198242,3.7285854816436768,1.0,True
1,finetune_000164_v00,finetune_000164,TbH8C8(NO3)2,106,O,-1.4556668996810913,2.235563278198242,3.860193967819214,0.9599778335718502,True
1,finetune_000164_v00,finetune_000164,TbH8C8(NO3)2,107,O,-1.100823163986206,4.0340166091918945,5.044143199920654,1.0,True
1,finetune_000164_v00,finetune_000164,TbH8C8(NO3)2,108,O,-0.6337556838989258,-1.2414467334747314,-2.268205404281616,1.0,True
1,finetune_000164_v00,finetune_000164,TbH8C8(NO3)2,109,O,0.2353343516588211,2.9035604000091553,-2.529085636138916,1.0,True
1,finetune_000164_v00,finetune_000164,TbH8C8(NO3)2,110,O,0.8320928812026978,1.8930007219314575,-4.449105739593506,1.0,True
1,finetune_000164_v00,finetune_000164,TbH8C8(NO3)2,111,Tb,-0.7678531408309937,-3.2968220710754395,6.394803047180176,1.0,True
1,finetune_000164_v00,finetune_000164,TbH8C8(NO3)2,112,H,-3.0067858695983887,0.1630597859621048,6.980434894561768,1.0,True
1,finetune_000164_v00,finetune_000164,TbH8C8(NO3)2,113,H,-1.8500099182128906,0.1459316611289978,5.879101276397705,0.9599576100993525,True
1,finetune_000164_v00,finetune_000164,TbH8C8(NO3)2,114,H,3.9740049839019775,3.2546870708465576,5.7497029304504395,0.9599692525797242,True
1,finetune_000164_v00,finetune_000164,TbH8C8(NO3)2,115,H,-2.5393924713134766,2.492485284805298,6.676111221313477,0.9599670973505162,True
1,finetune_000164_v00,finetune_000164,TbH8C8(NO3)2,116,H,2.224417209625244,0.8910052180290222,7.595378875732422,1.0,True
1,finetune_000164_v00,finetune_000164,TbH8C8(NO3)2,117,H,1.2447787523269653,-0.051041822880506516,6.749192714691162,1.0,True
1,finetune_000164_v00,finetune_000164,TbH8C8(NO3)2,118,C,-2.8301212787628174,0.10311133414506912,6.013321399688721,1.0,True
1,finetune_000164_v00,finetune_000164,TbH8C8(NO3)2,119,C,-3.327240228652954,-1.2243186235427856,5.51234245300293,1.0,True
1,finetune_000164_v00,finetune_000164,TbH8C8(NO3)2,120,C,1.7498993873596191,-2.9713876247406006,5.037223815917969,1.0,True
1,finetune_000164_v00,finetune_000164,TbH8C8(NO3)2,121,C,-2.8894505500793457,2.560997724533081,5.7541375160217285,1.0,True
1,finetune_000164_v00,finetune_000164,TbH8C8(NO3)2,122,C,1.272125482559204,0.7282879948616028,7.359476566314697,1.0,True
1,finetune_000164_v00,finetune_000164,TbH8C8(NO3)2,123,C,0.7228416800498962,1.9443851709365845,6.6430277824401855,1.0,True
1,finetune_000164_v00,finetune_000164,TbH8C8(NO3)2,124,N,-3.442830801010132,1.284952163696289,5.3442463874816895,1.0,True
1,finetune_000164_v00,finetune_000164,TbH8C8(NO3)2,125,O,-2.9500114917755127,-2.2348783016204834,6.111055850982666,0.9199436540216065,True
1,finetune_000164_v00,finetune_000164,TbH8C8(NO3)2,126,O,1.4557242393493652,-2.2348783016204834,5.979447364807129,1.0,True
1,finetune_000164_v00,finetune_000164,TbH8C8(NO3)2,127,O,1.10088050365448,-4.033331871032715,4.795497894287109,1.0,True
1,finetune_000164_v00,finetune_000164,TbH8C8(NO3)2,128,O,-0.6337556838989258,-1.2414467334747314,7.571794509887695,1.0,True
1,finetune_000164_v00,finetune_000164,TbH8C8(NO3)2,129,O,0.2353343516588211,2.9035604000091553,7.310914516448975,1.0,True
1,finetune_000164_v00,finetune_000164,TbH8C8(NO3)2,130,O,0.8320928812026978,1.8930007219314575,5.390893936157227,1.0,True
1,finetune_000164_v00,finetune_000164,TbH8C8(NO3)2,131,Tb,-0.05140567943453789,5.267241954803467,-3.0098447799682617,1.0,True
1,finetune_000164_v00,finetune_000164,TbH8C8(NO3)2,132,H,-3.257500410079956,5.310062408447266,4.525290489196777,0.9599557675149668,True
1,finetune_000164_v00,finetune_000164,TbH8C8(NO3)2,133,H,3.255180835723877,6.063700199127197,3.598446846008301,1.0,True
1,finetune_000164_v00,finetune_000164,TbH8C8(NO3)2,134,H,-1.1870123147964478,7.5281548500061035,0.38979852199554443,1.0,True
1,finetune_000164_v00,finetune_000164,TbH8C8(NO3)2,135,H,0.030485671013593674,6.517595291137695,0.6059249639511108,1.0,True
1,finetune_000164_v00,finetune_000164,TbH8C8(NO3)2,136,C,2.4663469791412354,5.592676639556885,-4.367424011230469,1.0,True
1,finetune_000164_v00,finetune_000164,TbH8C8(NO3)2,137,C,-0.20035836100578308,7.468206405639648,0.4766956865787506,1.0,True
1,finetune_000164_v00,finetune_000164,TbH8C8(NO3)2,138,C,-0.006336914841085672,6.620364189147949,3.6319656372070312,1.0,True
1,finetune_000164_v00,finetune_000164,TbH8C8(NO3)2,139,C,0.3977928161621094,7.922101974487305,-0.8081684708595276,1.0,True
1,finetune_000164_v00,finetune_000164,TbH8C8(NO3)2,140,O,-2.2335638999938965,6.329185962677002,-3.2935919761657715,1.0,True
1,finetune_000164_v00,finetune_000164,TbH8C8(NO3)2,141,O,2.1721718311309814,6.329185962677002,-3.4252004623413086,1.0,True
1,finetune_000164_v00,finetune_000164,TbH8C8(NO3)2,142,O,1.8173279762268066,4.53073263168335,-4.609149932861328,0.9599732793798672,True
1,finetune_000164_v00,finetune_000164,TbH8C8(NO3)2,143,O,0.47431686520576477,5.669753074645996,2.964503765106201,1.0,True
1,finetune_000164_v00,finetune_000164,TbH8C8(NO3)2,144,O,0.0826917439699173,7.322617530822754,-1.832853078842163,1.0,True
1,finetune_000164_v00,finetune_000164,TbH8C8(NO3)2,145,O,1.8173279762268066,4.53073263168335,5.2308502197265625,1.0,True
1,finetune_000164_v00,finetune_000164,TbH8C8(NO3)2,146,H,3.5960447788238525,-3.2540018558502197,-5.739491939544678,1.0,True
1,finetune_000164_v00,finetune_000164,TbH8C8(NO3)2,147,H,4.563206672668457,0.1630597859621048,-2.8489952087402344,1.0,True
1,finetune_000164_v00,finetune_000164,TbH8C8(NO3)2,148,H,5.719982624053955,0.1459316611289978,-3.950328826904297,1.0,True
1,finetune_000164_v00,finetune_000164,TbH8C8(NO3)2,149,H,3.5960447788238525,-3.2540018558502197,4.100507736206055,1.0,True
1,finetune_000164_v00,finetune_000164,TbH8C8(NO3)2,150,H,5.66653299331665,-1.0359091758728027,-0.034984029829502106,1.0,True
1,finetune_000164_v00,finetune_000164,TbH8C8(NO3)2,151,H,6.884030818939209,-2.046468734741211,0.1811423897743225,1.0,True
1,finetune_000164_v00,finetune_000164,TbH8C8(NO3)2,152,H,5.345633029937744,-0.8903201222419739,2.2548317909240723,1.0,True
1,finetune_000164_v00,finetune_000164,TbH8C8(NO3)2,153,H,6.324554920196533,0.04316288232803345,3.100583076477051,1.0,True
1,finetune_000164_v00,finetune_000164,TbH8C8(NO3)2,154,H,5.030600070953369,2.492485284805298,-3.1533188819885254,0.9599555300254485,True
1,finetune_000164_v00,finetune_000164,TbH8C8(NO3)2,155,C,4.739871501922607,0.10311133414506912,-3.8161091804504395,1.0,True
1,finetune_000164_v00,finetune_000164,TbH8C8(NO3)2,156,C,4.242752552032471,-1.2243186235427856,-4.317087650299072,1.0,True
1,finetune_000164_v00,finetune_000164,TbH8C8(NO3)2,157,C,6.653186798095703,-1.0958576202392578,0.05191313847899437,0.9599708899514188,True
1,finetune_000164_v00,finetune_000164,TbH8C8(NO3)2,158,C,6.297924518585205,-0.7276028990745544,2.490734338760376,1.0,True
1,finetune_000164_v00,finetune_000164,TbH8C8(NO3)2,159,C,6.847208023071289,-1.9437000751495361,3.2071831226348877,1.0,True
1,finetune_000164_v00,finetune_000164,TbH8C8(NO3)2,160,C,4.6805419921875,2.560997724533081,-4.075293064117432,1.0,True
1,finetune_000164_v00,finetune_000164,TbH8C8(NO3)2,161,C,7.251338005065918,-0.6419622302055359,-1.232951045036316,0.9599775544665564,True
1,finetune_000164_v00,finetune_000164,TbH8C8(NO3)2,162,N,7.032024383544922,-0.3679122030735016,1.2406419515609741,1.0,True
1,finetune_000164_v00,finetune_000164,TbH8C8(NO3)2,163,N,4.127161979675293,1.284952163696289,-4.485184192657471,1.0,True
1,finetune_000164_v00,finetune_000164,TbH8C8(NO3)2,164,O,4.619981288909912,-2.2348783016204834,-3.718374490737915,1.0,True
1,finetune_000164_v00,finetune_000164,TbH8C8(NO3)2,165,O,6.114325523376465,2.235563278198242,3.8707635402679443,1.0,True
1,finetune_000164_v00,finetune_000164,TbH8C8(NO3)2,166,O,6.93623685836792,-1.2414467334747314,-2.2576355934143066,1.0,True
1,finetune_000164_v00,finetune_000164,TbH8C8(NO3)2,167,C,4.739871501922607,0.10311133414506912,6.023890972137451,0.9599711237709827,True
1,finetune_000164_v00,finetune_000164,TbH8C8(NO3)2,168,C,4.242752552032471,-1.2243186235427856,5.52291202545166,1.0,True
1,finetune_000164_v00,finetune_000164,TbH8C8(NO3)2,169,C,4.6805419921875,2.560997724533081,5.764707088470459,1.0,True
1,finetune_000164_v00,finetune_000164,TbH8C8(NO3)2,170,N,4.127161979675293,1.284952163696289,5.35481595993042,1.0,True
1,finetune_000164_v00,finetune_000164,TbH8C8(NO3)2,171,O,4.619981288909912,-2.2348783016204834,6.1216254234313965,1.0,True
1,finetune_000017_v00,finetune_000017,CoH9C13(N2O)2,0,H,-4.059383869171143,-6.493591785430908,2.2423408031463623,0.9599468416817869,True
1,finetune_000017_v00,finetune_000017,CoH9C13(N2O)2,1,H,-2.415910482406616,-7.214048385620117,-0.7781986594200134,0.9599510879630981,True
1,finetune_000017_v00,finetune_000017,CoH9C13(N2O)2,2,C,-4.615463733673096,-5.782614707946777,-2.35502552986145,0.9599851582836715,True
1,finetune_000017_v00,finetune_000017,CoH9C13(N2O)2,3,C,-3.0038700103759766,-6.588388442993164,-1.1933883428573608,0.9599858308678793,True
1,finetune_000017_v00,finetune_000017,CoH9C13(N2O)2,4,C,-2.876331090927124,-5.242271900177002,-1.1483125686645508,0.9599862565935297,True
1,finetune_000017_v00,finetune_000017,CoH9C13(N2O)2,5,N,-3.9105851650238037,-4.749327659606934,4.146655082702637,0.9599417598758617,False
1,finetune_000017_v00,finetune_000017,CoH9C13(N2O)2,6,Co,-4.941225051879883,-0.644619345664978,4.557375907897949,0.9199480589491809,True
1,finetune_000017_v00,finetune_000017,CoH9C13(N2O)2,7,H,-4.066397666931152,-2.9861042499542236,0.003745034337043762,0.959956111302457,True
1,finetune_000017_v00,finetune_000017,CoH9C13(N2O)2,8,H,-4.576452732086182,-3.3273732662200928,-4.016687870025635,0.9599483456867407,True
1,finetune_000017_v00,finetune_000017,CoH9C13(N2O)2,9,H,-5.6035637855529785,0.1232360452413559,-2.1162471771240234,0.9599562210951874,True
1,finetune_000017_v00,finetune_000017,CoH9C13(N2O)2,10,H,-5.27065896987915,-2.0381345748901367,1.7327104806900024,0.959943926019263,True
1,finetune_000017_v00,finetune_000017,CoH9C13(N2O)2,11,H,-5.957720756530762,2.2656474113464355,-3.024284601211548,0.9599571280670985,True
1,finetune_000017_v00,finetune_000017,CoH9C13(N2O)2,12,C,-4.615422248840332,-3.6970813274383545,4.60111141204834,0.9599475519133863,True
1,finetune_000017_v00,finetune_000017,CoH9C13(N2O)2,13,C,-2.8763108253479004,-4.237423896789551,3.3943984508514404,0.9599844457375376,True
1,finetune_000017_v00,finetune_000017,CoH9C13(N2O)2,14,C,-4.842062473297119,-1.3081979751586914,-0.8913061618804932,0.9599678156608383,True
1,finetune_000017_v00,finetune_000017,CoH9C13(N2O)2,15,C,-4.353292465209961,-2.616395950317383,-0.8240262866020203,0.9599927957427548,True
1,finetune_000017_v00,finetune_000017,CoH9C13(N2O)2,16,C,-4.300177574157715,-3.3652920722961426,-1.9934595823287964,0.9599673479816977,True
1,finetune_000017_v00,finetune_000017,CoH9C13(N2O)2,17,C,-4.654366493225098,-2.815469741821289,-3.215792417526245,0.959986045520034,True
1,finetune_000017_v00,finetune_000017,CoH9C13(N2O)2,18,C,-5.128968238830566,-1.507271647453308,-3.2588043212890625,0.9599871271108715,True
1,finetune_000017_v00,finetune_000017,CoH9C13(N2O)2,19,C,-5.2458391189575195,-0.7583756446838379,-2.0893712043762207,0.9599864855533511,True
1,finetune_000017_v00,finetune_000017,CoH9C13(N2O)2,20,C,-5.128960132598877,-1.1091244220733643,1.5611300468444824,0.9599482406469595,True
1,finetune_000017_v00,finetune_000017,CoH9C13(N2O)2,21,C,-4.9022297859191895,1.0143274068832397,1.834582805633545,0.9199680441269711,True
1,finetune_000017_v00,finetune_000017,CoH9C13(N2O)2,22,C,-4.80305814743042,0.8057741522789001,0.5007206797599792,0.959967438654611,True
1,finetune_000017_v00,finetune_000017,CoH9C13(N2O)2,23,C,-6.545680522918701,2.8913073539733887,-3.439474105834961,0.959987474120039,True
1,finetune_000017_v00,finetune_000017,CoH9C13(N2O)2,24,C,-5.550454139709473,-0.9100508093833923,-4.577305793762207,0.959987474120039,True
1,finetune_000017_v00,finetune_000017,CoH9C13(N2O)2,25,N,-4.1159772872924805,-2.5500380992889404,4.195860862731934,1.0,True
1,finetune_000017_v00,finetune_000017,CoH9C13(N2O)2,26,N,-4.934139728546143,-0.5687817335128784,0.32890915870666504,1.0,True
1,finetune_000017_v00,finetune_000017,CoH9C13(N2O)2,27,N,-5.1006059646606445,-0.18011422455310822,2.505877733230591,0.959967438654611,True
1,finetune_000017_v00,finetune_000017,CoH9C13(N2O)2,28,N,-3.9105846881866455,-4.730368137359619,-1.900569200515747,1.0,True
1,finetune_000017_v00,finetune_000017,CoH9C13(N2O)2,29,O,-4.792471885681152,-1.1754822731018066,-5.570073127746582,1.0,True
1,finetune_000017_v00,finetune_000017,CoH9C13(N2O)2,30,H,3.024616003036499,-6.493591785430908,2.2423408031463623,0.9599475519133863,True
1,finetune_000017_v00,finetune_000017,CoH9C13(N2O)2,31,H,1.8132330179214478,-7.441561222076416,0.5255093574523926,1.0,True
1,finetune_000017_v00,finetune_000017,CoH9C13(N2O)2,32,H,1.696381688117981,-5.706777095794678,-2.906890392303467,1.0,True
1,finetune_000017_v00,finetune_000017,CoH9C13(N2O)2,33,H,-2.203341245651245,-4.749327659606934,-0.6826770305633545,0.9607387070919616,True
1,finetune_000017_v00,finetune_000017,CoH9C13(N2O)2,34,C,2.7306225299835205,-6.86329984664917,3.0701122283935547,1.0,True
1,finetune_000017_v00,finetune_000017,CoH9C13(N2O)2,35,C,2.7837674617767334,-6.11440372467041,4.2395453453063965,0.9599468416817869,True
1,finetune_000017_v00,finetune_000017,CoH9C13(N2O)2,36,C,2.468536138534546,-5.782614707946777,-2.35502552986145,1.0,True
1,finetune_000017_v00,finetune_000017,CoH9C13(N2O)2,37,C,4.080130100250244,-6.588388442993164,-1.1933883428573608,1.0,True
1,finetune_000017_v00,finetune_000017,CoH9C13(N2O)2,38,C,4.207668781280518,-5.242271900177002,-1.1483125686645508,0.9599864855533511,True
1,finetune_000017_v00,finetune_000017,CoH9C13(N2O)2,39,N,3.173414945602417,-4.749327659606934,4.146655082702637,1.0,True
1,finetune_000017_v00,finetune_000017,CoH9C13(N2O)2,40,N,2.96793532371521,-6.929657459259033,-1.949775218963623,1.0,True
1,finetune_000017_v00,finetune_000017,CoH9C13(N2O)2,41,Co,2.142775058746338,-0.644619345664978,-7.576624393463135,1.0,True
1,finetune_000017_v00,finetune_000017,CoH9C13(N2O)2,42,C,-2.008417844772339,0.9100508093833923,-7.556694030761719,1.0,True
1,finetune_000017_v00,finetune_000017,CoH9C13(N2O)2,43,O,-1.2504246234893799,1.1754822731018066,-6.563926696777344,0.9599927957427548,True
1,finetune_000017_v00,finetune_000017,CoH9C13(N2O)2,44,Co,-1.4062832593917847,0.644619345664978,-4.557375907897949,1.0,True
1,finetune_000017_v00,finetune_000017,CoH9C13(N2O)2,45,Co,2.142775058746338,-0.644619345664978,4.557375907897949,0.9599969709860824,True
1,finetune_000017_v00,finetune_000017,CoH9C13(N2O)2,46,H,-0.517194390296936,2.9861042499542236,-0.003745034337043762,0.9599571280670985,True
1,finetune_000017_v00,finetune_000017,CoH9C13(N2O)2,47,H,-1.0414035320281982,3.3273732662200928,4.016687870025635,1.0,True
1,finetune_000017_v00,finetune_000017,CoH9C13(N2O)2,48,H,-2.06156849861145,-0.1232360452413559,2.1162471771240234,1.0,True
1,finetune_000017_v00,finetune_000017,CoH9C13(N2O)2,49,H,-1.7285773754119873,2.0381345748901367,-1.7205764055252075,1.0,True
1,finetune_000017_v00,finetune_000017,CoH9C13(N2O)2,50,H,-1.310699462890625,-1.8675000667572021,-2.2634031772613525,1.0,True
1,finetune_000017_v00,finetune_000017,CoH9C13(N2O)2,51,H,-1.1229653358459473,-1.4598731994628906,0.17602121829986572,1.0,True
1,finetune_000017_v00,finetune_000017,CoH9C13(N2O)2,52,H,1.696420431137085,-3.772918939590454,5.152976036071777,1.0,True
1,finetune_000017_v00,finetune_000017,CoH9C13(N2O)2,53,H,-2.4228954315185547,-2.2656474113464355,3.024284601211548,1.0,True
1,finetune_000017_v00,finetune_000017,CoH9C13(N2O)2,54,H,-2.203340768814087,-4.730368137359619,2.928762912750244,0.9599417598758617,False
1,finetune_000017_v00,finetune_000017,CoH9C13(N2O)2,55,H,3.0176022052764893,-2.9861042499542236,0.003745034337043762,1.0,True
1,finetune_000017_v00,finetune_000017,CoH9C13(N2O)2,56,H,2.507547378540039,-3.3273732662200928,-4.016687870025635,1.0,True
1,finetune_000017_v00,finetune_000017,CoH9C13(N2O)2,57,H,1.4804363250732422,0.1232360452413559,-2.1162471771240234,1.0,True
1,finetune_000017_v00,finetune_000017,CoH9C13(N2O)2,58,H,1.8133411407470703,-2.0381345748901367,1.7327104806900024,1.0,True
1,finetune_000017_v00,finetune_000017,CoH9C13(N2O)2,59,H,-4.852624893188477,1.8675000667572021,2.2512691020965576,1.0,True
1,finetune_000017_v00,finetune_000017,CoH9C13(N2O)2,60,H,-4.671990871429443,1.4598731994628906,-0.17602121829986572,1.0,True
1,finetune_000017_v00,finetune_000017,CoH9C13(N2O)2,61,H,-1.845428705215454,3.772918939590454,-5.152976036071777,1.0,True
1,finetune_000017_v00,finetune_000017,CoH9C13(N2O)2,62,H,1.1262792348861694,2.2656474113464355,-3.024284601211548,1.0,True
1,finetune_000017_v00,finetune_000017,CoH9C13(N2O)2,63,H,-5.745151519775391,4.730368137359619,-2.928762912750244,1.0,True
1,finetune_000017_v00,finetune_000017,CoH9C13(N2O)2,64,C,-1.3000099658966064,1.3081979751586914,0.8913061618804932,1.0,True
1,finetune_000017_v00,finetune_000017,CoH9C13(N2O)2,65,C,-0.8111878037452698,2.616395950317383,0.8240262866020203,1.0,True
1,finetune_000017_v00,finetune_000017,CoH9C13(N2O)2,66,C,-0.7580428123474121,3.3652920722961426,1.9934595823287964,1.0,True
1,finetune_000017_v00,finetune_000017,CoH9C13(N2O)2,67,C,-1.119337797164917,2.815469741821289,3.215792417526245,0.9599483456867407,True
1,finetune_000017_v00,finetune_000017,CoH9C13(N2O)2,68,C,-1.586907982826233,1.507271647453308,3.2588043212890625,1.0,True
1,finetune_000017_v00,finetune_000017,CoH9C13(N2O)2,69,C,-1.7038090229034424,0.7583756446838379,2.0893712043762207,1.0,True
1,finetune_000017_v00,finetune_000017,CoH9C13(N2O)2,70,C,-1.5869159698486328,1.1091244220733643,-1.5611300468444824,1.0,True
1,finetune_000017_v00,finetune_000017,CoH9C13(N2O)2,71,C,-1.367354393005371,-1.0143274068832397,-1.834582805633545,1.0,True
1,finetune_000017_v00,finetune_000017,CoH9C13(N2O)2,72,C,-1.2610902786254883,-0.8057741522789001,-0.5007206797599792,1.0,True
1,finetune_000017_v00,finetune_000017,CoH9C13(N2O)2,73,C,2.4685778617858887,-3.6970813274383545,4.60111141204834,1.0,True
1,finetune_000017_v00,finetune_000017,CoH9C13(N2O)2,74,C,-3.003795862197876,-2.8913073539733887,3.439474105834961,1.0,True
1,finetune_000017_v00,finetune_000017,CoH9C13(N2O)2,75,C,4.20768928527832,-4.237423896789551,3.3943984508514404,0.959986045520034,True
1,finetune_000017_v00,finetune_000017,CoH9C13(N2O)2,76,C,-2.008417844772339,0.9100508093833923,4.577305793762207,1.0,True
1,finetune_000017_v00,finetune_000017,CoH9C13(N2O)2,77,C,2.2419376373291016,-1.3081979751586914,-0.8913061618804932,1.0,True
1,finetune_000017_v00,finetune_000017,CoH9C13(N2O)2,78,C,2.7307074069976807,-2.616395950317383,-0.8240262866020203,1.0,True
1,finetune_000017_v00,finetune_000017,CoH9C13(N2O)2,79,C,2.783822536468506,-3.3652920722961426,-1.9934595823287964,1.0,True
1,finetune_000017_v00,finetune_000017,CoH9C13(N2O)2,80,C,2.429633617401123,-2.815469741821289,-3.215792417526245,0.9599862565935297,True
1,finetune_000017_v00,finetune_000017,CoH9C13(N2O)2,81,C,1.9550317525863647,-1.507271647453308,-3.2588043212890625,0.9599858308678793,True
1,finetune_000017_v00,finetune_000017,CoH9C13(N2O)2,82,C,1.8381606340408325,-0.7583756446838379,-2.0893712043762207,1.0,True
1,finetune_000017_v00,finetune_000017,CoH9C13(N2O)2,83,C,1.955039620399475,-1.1091244220733643,1.5611300468444824,1.0,True
1,finetune_000017_v00,finetune_000017,CoH9C13(N2O)2,84,C,2.181770086288452,1.0143274068832397,1.834582805633545,1.0,True
1,finetune_000017_v00,finetune_000017,CoH9C13(N2O)2,85,C,2.280941963195801,0.8057741522789001,0.5007206797599792,1.0,True
1,finetune_000017_v00,finetune_000017,CoH9C13(N2O)2,86,C,-1.0732741355895996,3.6970813274383545,-4.60111141204834,1.0,True
1,finetune_000017_v00,finetune_000017,CoH9C13(N2O)2,87,C,0.5383197069168091,2.8913073539733887,-3.439474105834961,1.0,True
1,finetune_000017_v00,finetune_000017,CoH9C13(N2O)2,88,C,0.6658586263656616,4.237423896789551,-3.3943984508514404,1.0,True
1,finetune_000017_v00,finetune_000017,CoH9C13(N2O)2,89,C,1.5335456132888794,-0.9100508093833923,-4.577305793762207,1.0,True
1,finetune_000017_v00,finetune_000017,CoH9C13(N2O)2,90,N,-1.3921167850494385,0.5687817335128784,-0.32890915870666504,1.0,True
1,finetune_000017_v00,finetune_000017,CoH9C13(N2O)2,91,N,-1.558598518371582,0.18011422455310822,-2.505877733230591,0.9599673479816977,True
1,finetune_000017_v00,finetune_000017,CoH9C13(N2O)2,92,N,-0.36839550733566284,4.730368137359619,1.900569200515747,1.0,True
1,finetune_000017_v00,finetune_000017,CoH9C13(N2O)2,93,N,2.9680228233337402,-2.5500380992889404,4.195860862731934,0.9599678156608383,True
1,finetune_000017_v00,finetune_000017,CoH9C13(N2O)2,94,N,2.149860382080078,-0.5687817335128784,0.32890915870666504,1.0,True
1,finetune_000017_v00,finetune_000017,CoH9C13(N2O)2,95,N,1.9833942651748657,-0.18011422455310822,2.505877733230591,1.0,True
1,finetune_000017_v00,finetune_000017,CoH9C13(N2O)2,96,N,3.173415184020996,-4.730368137359619,-1.900569200515747,1.0,True
1,finetune_000017_v00,finetune_000017,CoH9C13(N2O)2,97,N,-0.5738751292228699,2.5500380992889404,-4.195860862731934,1.0,True
1,finetune_000017_v00,finetune_000017,CoH9C13(N2O)2,98,O,-1.2504246234893799,1.1754822731018066,5.570073127746582,1.0,True
1,finetune_000017_v00,finetune_000017,CoH9C13(N2O)2,99,O,-3.0249862670898438,0.19907361268997192,4.624422073364258,1.0,True
1,finetune_000017_v00,finetune_000017,CoH9C13(N2O)2,100,O,2.2915284633636475,-1.1754822731018066,-5.570073127746582,1.0,True
1,finetune_000017_v00,finetune_000017,CoH9C13(N2O)2,101,O,0.5170058608055115,-0.19907361268997192,-4.624422073364258,1.0,True
1,finetune_000017_v00,finetune_000017,CoH9C13(N2O)2,102,Co,-1.4062832593917847,0.644619345664978,7.576624393463135,1.0,True
1,finetune_000017_v00,finetune_000017,CoH9C13(N2O)2,103,C,1.5335456132888794,-0.9100508093833923,7.556694030761719,1.0,True
1,finetune_000017_v00,finetune_000017,CoH9C13(N2O)2,104,O,2.2915284633636475,-1.1754822731018066,6.563926696777344,1.0,True
1,finetune_000017_v00,finetune_000017,CoH9C13(N2O)2,105,O,0.5170058608055115,-0.19907361268997192,7.509577751159668,1.0,True
1,finetune_000017_v00,finetune_000017,CoH9C13(N2O)2,106,H,-1.84538996219635,5.706777095794678,2.906890392303467,1.0,True
1,finetune_000017_v00,finetune_000017,CoH9C13(N2O)2,107,H,-5.745151042938232,4.749327659606934,0.6826770305633545,1.0,True
1,finetune_000017_v00,finetune_000017,CoH9C13(N2O)2,108,H,-0.5242082476615906,6.493591785430908,-2.2423408031463623,1.0,True
1,finetune_000017_v00,finetune_000017,CoH9C13(N2O)2,109,H,-1.7284692525863647,7.441561222076416,-0.5133753418922424,1.0,True
1,finetune_000017_v00,finetune_000017,CoH9C13(N2O)2,110,C,-1.0732324123382568,5.782614707946777,2.35502552986145,1.0,True
1,finetune_000017_v00,finetune_000017,CoH9C13(N2O)2,111,C,0.6658787131309509,5.242271900177002,1.1483125686645508,1.0,True
1,finetune_000017_v00,finetune_000017,CoH9C13(N2O)2,112,C,-0.8111028671264648,6.86329984664917,-3.0701122283935547,1.0,True
1,finetune_000017_v00,finetune_000017,CoH9C13(N2O)2,113,C,-0.7579877972602844,6.11440372467041,-4.2395453453063965,1.0,True
1,finetune_000017_v00,finetune_000017,CoH9C13(N2O)2,114,N,-0.57378751039505,6.929657459259033,1.949775218963623,1.0,True
1,finetune_000017_v00,finetune_000017,CoH9C13(N2O)2,115,N,-0.3683951199054718,4.749327659606934,-4.146655082702637,1.0,True
1,finetune_000017_v00,finetune_000017,CoH9C13(N2O)2,116,H,4.8806586265563965,-4.749327659606934,-0.6826770305633545,1.0,True
1,finetune_000017_v00,finetune_000017,CoH9C13(N2O)2,117,Co,5.6777167320251465,0.644619345664978,-4.557375907897949,1.0,True
1,finetune_000017_v00,finetune_000017,CoH9C13(N2O)2,118,H,6.566805362701416,2.9861042499542236,-0.003745034337043762,0.9599562210951874,True
1,finetune_000017_v00,finetune_000017,CoH9C13(N2O)2,119,H,6.042596340179443,3.3273732662200928,4.016687870025635,1.0,True
1,finetune_000017_v00,finetune_000017,CoH9C13(N2O)2,120,H,5.022431373596191,-0.1232360452413559,2.1162471771240234,1.0,True
1,finetune_000017_v00,finetune_000017,CoH9C13(N2O)2,121,H,5.355422496795654,2.0381345748901367,-1.7205764055252075,0.959956111302457,True
1,finetune_000017_v00,finetune_000017,CoH9C13(N2O)2,122,H,5.773300647735596,-1.8675000667572021,-2.2634031772613525,1.0,True
1,finetune_000017_v00,finetune_000017,CoH9C13(N2O)2,123,H,5.961034774780273,-1.4598731994628906,0.17602121829986572,1.0,True
1,finetune_000017_v00,finetune_000017,CoH9C13(N2O)2,124,H,4.661104679107666,-2.2656474113464355,3.024284601211548,1.0,True
1,finetune_000017_v00,finetune_000017,CoH9C13(N2O)2,125,H,4.880659103393555,-4.730368137359619,2.928762912750244,1.0,True
1,finetune_000017_v00,finetune_000017,CoH9C13(N2O)2,126,H,2.231375217437744,1.8675000667572021,2.2512691020965576,1.0,True
1,finetune_000017_v00,finetune_000017,CoH9C13(N2O)2,127,H,2.4120090007781982,1.4598731994628906,-0.17602121829986572,1.0,True
1,finetune_000017_v00,finetune_000017,CoH9C13(N2O)2,128,H,1.3388484716415405,4.730368137359619,-2.928762912750244,1.0,True
1,finetune_000017_v00,finetune_000017,CoH9C13(N2O)2,129,C,5.783989906311035,1.3081979751586914,0.8913061618804932,1.0,True
1,finetune_000017_v00,finetune_000017,CoH9C13(N2O)2,130,C,6.272812366485596,2.616395950317383,0.8240262866020203,1.0,True
1,finetune_000017_v00,finetune_000017,CoH9C13(N2O)2,131,C,6.325957298278809,3.3652920722961426,1.9934595823287964,1.0,True
1,finetune_000017_v00,finetune_000017,CoH9C13(N2O)2,132,C,5.964662075042725,2.815469741821289,3.215792417526245,0.9599871271108715,True
1,finetune_000017_v00,finetune_000017,CoH9C13(N2O)2,133,C,5.497092247009277,1.507271647453308,3.2588043212890625,1.0,True
1,finetune_000017_v00,finetune_000017,CoH9C13(N2O)2,134,C,5.380190849304199,0.7583756446838379,2.0893712043762207,1.0,True
1,finetune_000017_v00,finetune_000017,CoH9C13(N2O)2,135,C,5.497084140777588,1.1091244220733643,-1.5611300468444824,1.0,True
1,finetune_000017_v00,finetune_000017,CoH9C13(N2O)2,136,C,5.71664571762085,-1.0143274068832397,-1.834582805633545,0.9599828858432996,True
1,finetune_000017_v00,finetune_000017,CoH9C13(N2O)2,137,C,5.822909832000732,-0.8057741522789001,-0.5007206797599792,1.0,True
1,finetune_000017_v00,finetune_000017,CoH9C13(N2O)2,138,C,4.080204010009766,-2.8913073539733887,3.439474105834961,1.0,True
1,finetune_000017_v00,finetune_000017,CoH9C13(N2O)2,139,C,5.075582027435303,0.9100508093833923,4.577305793762207,0.9599844457375376,True
1,finetune_000017_v00,finetune_000017,CoH9C13(N2O)2,140,N,5.691883087158203,0.5687817335128784,-0.32890915870666504,0.959943926019263,True
1,finetune_000017_v00,finetune_000017,CoH9C13(N2O)2,141,N,5.525401592254639,0.18011422455310822,-2.505877733230591,1.0,True
1,finetune_000017_v00,finetune_000017,CoH9C13(N2O)2,142,O,4.059013843536377,0.19907361268997192,4.624422073364258,1.0,True
1,finetune_000017_v00,finetune_000017,CoH9C13(N2O)2,143,H,1.1192941665649414,7.214048385620117,0.7781986594200134,1.0,True
1,finetune_000017_v00,finetune_000017,CoH9C13(N2O)2,144,H,1.3388488292694092,4.749327659606934,0.6826770305633545,0.9599482406469595,True
1,finetune_000017_v00,finetune_000017,CoH9C13(N2O)2,145,C,0.5383936762809753,6.588388442993164,1.1933883428573608,1.0,True
1,finetune_000250_v00,finetune_000250,ErH4(CO2)4,0,O,-3.244987726211548,-5.212904453277588,-4.668946743011475,0.9599884766872034,True
1,finetune_000250_v00,finetune_000250,ErH4(CO2)4,1,Er,-3.9366891384124756,-6.179912567138672,3.1335740089416504,0.9599794095666782,True
1,finetune_000250_v00,finetune_000250,ErH4(CO2)4,2,H,-3.4066002368927,-4.997054576873779,-0.13577014207839966,0.9199129830277584,True
1,finetune_000250_v00,finetune_000250,ErH4(CO2)4,3,C,-5.798464298248291,-4.245896339416504,2.1254661083221436,0.9599443137060414,True
1,finetune_000250_v00,finetune_000250,ErH4(CO2)4,4,O,-5.688568115234375,-5.290610313415527,1.4570732116699219,0.9599899940336452,True
1,finetune_000250_v00,finetune_000250,ErH4(CO2)4,5,O,-3.244987726211548,-5.212904453277588,5.086053371429443,0.9599896905689603,True
1,finetune_000250_v00,finetune_000250,ErH4(CO2)4,6,H,-4.0789079666137695,-3.598346471786499,-4.326478958129883,0.9599604965259932,True
1,finetune_000250_v00,finetune_000250,ErH4(CO2)4,7,O,-3.7168960571289062,0.5028035044670105,-5.304851531982422,0.9199488950539231,True
1,finetune_000250_v00,finetune_000250,ErH4(CO2)4,8,O,-3.244987726211548,3.421095609664917,-4.668946743011475,0.959989089594776,True
1,finetune_000250_v00,finetune_000250,ErH4(CO2)4,9,Er,-3.9366891384124756,2.454087495803833,3.1335740089416504,0.9599653689483297,True
1,finetune_000250_v00,finetune_000250,ErH4(CO2)4,10,H,-6.373804569244385,-3.58107852935791,1.8248392343521118,0.9599611122486774,True
1,finetune_000250_v00,finetune_000250,ErH4(CO2)4,11,H,-4.0789079666137695,-3.598346471786499,5.428521156311035,0.9599607489018432,True
1,finetune_000250_v00,finetune_000250,ErH4(CO2)4,12,H,-3.4066002368927,3.6369454860687256,-0.13577014207839966,0.9599604702740404,True
1,finetune_000250_v00,finetune_000250,ErH4(CO2)4,13,H,-5.494633197784424,-1.9406185150146484,-0.14707277715206146,0.9199047183446052,True
1,finetune_000250_v00,finetune_000250,ErH4(CO2)4,14,H,-6.554810523986816,0.7359215021133423,1.0653855800628662,0.9599443268373166,True
1,finetune_000250_v00,finetune_000250,ErH4(CO2)4,15,C,-3.529425621032715,-0.11884447187185287,1.00375235080719,0.9599411483462873,False
1,finetune_000250_v00,finetune_000250,ErH4(CO2)4,16,C,-5.798464298248291,4.388103485107422,2.1254661083221436,0.9199178320515496,True
1,finetune_000250_v00,finetune_000250,ErH4(CO2)4,17,C,-3.4066002368927,-4.1681904792785645,-4.02801513671875,0.9599438761933695,True
1,finetune_000250_v00,finetune_000250,ErH4(CO2)4,18,C,-5.740283966064453,-2.294612407684326,-0.9701178073883057,0.9599752265262536,True
1,finetune_000250_v00,finetune_000250,ErH4(CO2)4,19,C,-7.13015079498291,0.0711035281419754,0.764758825302124,0.9599755062441933,True
1,finetune_000250_v00,finetune_000250,ErH4(CO2)4,20,O,-3.7168960571289062,0.5028035044670105,4.450148582458496,0.9599744255320862,True
1,finetune_000250_v00,finetune_000250,ErH4(CO2)4,21,O,-4.027192115783691,0.8999675512313843,1.4954521656036377,0.919983113176293,True
1,finetune_000250_v00,finetune_000250,ErH4(CO2)4,22,O,-3.6005351543426514,-0.42966845631599426,-0.1899740993976593,0.9599882250823496,True
1,finetune_000250_v00,finetune_000250,ErH4(CO2)4,23,O,-5.992399215698242,1.8065375089645386,3.934467077255249,0.9599785812234152,True
1,finetune_000250_v00,finetune_000250,ErH4(CO2)4,24,O,-5.688568115234375,3.3433895111083984,1.4570732116699219,1.0,True
1,finetune_000250_v00,finetune_000250,ErH4(CO2)4,25,O,-5.14555025100708,-4.055948257446289,3.1891543865203857,1.0,True
1,finetune_000250_v00,finetune_000250,ErH4(CO2)4,26,O,-3.244987726211548,3.421095609664917,5.086053371429443,1.0,True
1,finetune_000250_v00,finetune_000250,ErH4(CO2)4,27,O,-6.936215877532959,-2.510462522506714,-1.044242262840271,1.0,True
1,finetune_000250_v00,finetune_000250,ErH4(CO2)4,28,O,-4.815860748291016,-2.4241225719451904,-1.703503966331482,1.0,True
1,finetune_000250_v00,finetune_000250,ErH4(CO2)4,29,O,-7.240047454833984,-0.9736104607582092,1.4233965873718262,1.0,True
1,finetune_000250_v00,finetune_000250,ErH4(CO2)4,30,O,-7.783065319061279,0.2610515356063843,-0.29892951250076294,0.9599607489018432,True
1,finetune_000250_v00,finetune_000250,ErH4(CO2)4,31,C,-3.4066002368927,-4.1681904792785645,5.726984977722168,1.0,True
1,finetune_000250_v00,finetune_000250,ErH4(CO2)4,32,H,-4.0789079666137695,5.035653591156006,-4.326478958129883,1.0,True
1,finetune_000250_v00,finetune_000250,ErH4(CO2)4,33,C,-3.4066002368927,4.465809345245361,-4.02801513671875,1.0,True
1,finetune_000250_v00,finetune_000250,ErH4(CO2)4,34,O,-5.14555025100708,4.578051567077637,3.1891543865203857,1.0,True
1,finetune_000250_v00,finetune_000250,ErH4(CO2)4,35,Er,2.527808904647827,-6.179912567138672,1.6887060403823853,1.0,True
1,finetune_000250_v00,finetune_000250,ErH4(CO2)4,36,H,-0.9694845676422119,-6.257618427276611,1.5924296379089355,1.0,True
1,finetune_000250_v00,finetune_000250,ErH4(CO2)4,37,H,3.0578975677490234,-4.997054576873779,-1.5806381702423096,1.0,True
1,finetune_000250_v00,finetune_000250,ErH4(CO2)4,38,H,-0.09031283855438232,-7.898078441619873,-0.3794824182987213,1.0,True
1,finetune_000250_v00,finetune_000250,ErH4(CO2)4,39,C,-0.7238336205482483,-6.611612319946289,2.4154746532440186,1.0,True
1,finetune_000250_v00,finetune_000250,ErH4(CO2)4,40,C,0.6660333871841431,-4.245896339416504,0.6805980205535889,1.0,True
1,finetune_000250_v00,finetune_000250,ErH4(CO2)4,41,C,-2.934691905975342,-4.427210330963135,0.43184947967529297,0.9599794095666782,True
1,finetune_000250_v00,finetune_000250,ErH4(CO2)4,42,O,0.4720984697341919,-6.827462673187256,2.4895989894866943,1.0,True
1,finetune_000250_v00,finetune_000250,ErH4(CO2)4,43,O,-1.648256778717041,-6.741122245788574,3.1488606929779053,0.959973532073664,True
1,finetune_000250_v00,finetune_000250,ErH4(CO2)4,44,O,0.775929868221283,-5.290610313415527,0.012205255217850208,1.0,True
1,finetune_000250_v00,finetune_000250,ErH4(CO2)4,45,O,3.219510078430176,-5.212904453277588,3.6411850452423096,0.9599755062441933,True
1,finetune_000250_v00,finetune_000250,ErH4(CO2)4,46,O,-2.8635823726654053,-4.746668338775635,1.6450859308242798,1.0,True
1,finetune_000250_v00,finetune_000250,ErH4(CO2)4,47,H,2.385589838027954,-3.598346471786499,-5.7713470458984375,1.0,True
1,finetune_000250_v00,finetune_000250,ErH4(CO2)4,48,C,-3.0575172901153564,0.1488095223903656,-4.281628131866455,1.0,True
1,finetune_000250_v00,finetune_000250,ErH4(CO2)4,49,C,-0.7238336205482483,2.0223875045776367,-7.33952522277832,1.0,True
1,finetune_000250_v00,finetune_000250,ErH4(CO2)4,50,O,2.7476017475128174,0.5028035044670105,-6.749719619750977,1.0,True
1,finetune_000250_v00,finetune_000250,ErH4(CO2)4,51,O,0.4720984697341919,1.8065375089645386,-7.2654008865356445,0.9599882250823496,True
1,finetune_000250_v00,finetune_000250,ErH4(CO2)4,52,O,-1.648256778717041,1.8928775787353516,-6.606139183044434,1.0,True
1,finetune_000250_v00,finetune_000250,ErH4(CO2)4,53,O,3.219510078430176,3.421095609664917,-6.113814830780029,1.0,True
1,finetune_000250_v00,finetune_000250,ErH4(CO2)4,54,Er,2.527808904647827,2.454087495803833,1.6887060403823853,1.0,True
1,finetune_000250_v00,finetune_000250,ErH4(CO2)4,55,Er,-2.52742862701416,-1.8629124164581299,-1.6882171630859375,0.9599934226073328,True
1,finetune_000250_v00,finetune_000250,ErH4(CO2)4,56,H,-2.385209560394287,0.7186535000801086,-3.9831643104553223,1.0,True
1,finetune_000250_v00,finetune_000250,ErH4(CO2)4,57,H,-3.0575172901153564,-0.6800544857978821,1.5811269283294678,1.0,True
1,finetune_000250_v00,finetune_000250,ErH4(CO2)4,58,H,-0.9694845676422119,2.3763816356658936,1.5924296379089355,1.0,True
1,finetune_000250_v00,finetune_000250,ErH4(CO2)4,59,H,0.09069310128688812,-3.58107852935791,0.3799712657928467,0.9599691068343889,True
1,finetune_000250_v00,finetune_000250,ErH4(CO2)4,60,H,2.385589838027954,-3.598346471786499,3.9836530685424805,1.0,True
1,finetune_000250_v00,finetune_000250,ErH4(CO2)4,61,H,3.0578975677490234,3.6369454860687256,-1.5806381702423096,1.0,True
1,finetune_000250_v00,finetune_000250,ErH4(CO2)4,62,H,0.9698647856712341,-1.9406185150146484,-1.5919407606124878,1.0,True
1,finetune_000250_v00,finetune_000250,ErH4(CO2)4,63,H,-0.09031283855438232,0.7359215021133423,-0.3794824182987213,0.9599411483462873,False
1,finetune_000250_v00,finetune_000250,ErH4(CO2)4,64,C,-3.0575172901153564,0.1488095223903656,5.473371982574463,1.0,True
1,finetune_000250_v00,finetune_000250,ErH4(CO2)4,65,C,2.935072183609009,-0.11884447187185287,-0.4411156475543976,1.0,True
1,finetune_000250_v00,finetune_000250,ErH4(CO2)4,66,C,-0.7238336205482483,2.0223875045776367,2.4154746532440186,1.0,True
1,finetune_000250_v00,finetune_000250,ErH4(CO2)4,67,C,0.6660333871841431,4.388103485107422,0.6805980205535889,1.0,True
1,finetune_000250_v00,finetune_000250,ErH4(CO2)4,68,C,3.0578975677490234,-4.1681904792785645,-5.472883224487305,1.0,True
1,finetune_000250_v00,finetune_000250,ErH4(CO2)4,69,C,-2.934691905975342,4.206789493560791,0.43184947967529297,1.0,True
1,finetune_000250_v00,finetune_000250,ErH4(CO2)4,70,C,0.7242138981819153,-2.294612407684326,-2.4149858951568604,0.9599443268373166,True
1,finetune_000250_v00,finetune_000250,ErH4(CO2)4,71,C,-0.6656531691551208,0.0711035281419754,-0.6801092028617859,0.9607487330985475,True
1,finetune_000250_v00,finetune_000250,ErH4(CO2)4,72,O,2.7476017475128174,0.5028035044670105,3.0052804946899414,1.0,True
1,finetune_000250_v00,finetune_000250,ErH4(CO2)4,73,O,-3.219129800796509,-0.8959044814109802,-3.6406962871551514,1.0,True
1,finetune_000250_v00,finetune_000250,ErH4(CO2)4,74,O,2.4373059272766113,0.8999675512313843,0.050584178417921066,1.0,True
1,finetune_000250_v00,finetune_000250,ErH4(CO2)4,75,O,2.8639626502990723,-0.42966845631599426,-1.6348421573638916,1.0,True
1,finetune_000250_v00,finetune_000250,ErH4(CO2)4,76,O,0.4720984697341919,1.8065375089645386,2.4895989894866943,1.0,True
1,finetune_000250_v00,finetune_000250,ErH4(CO2)4,77,O,-1.648256778717041,1.8928775787353516,3.1488606929779053,1.0,True
1,finetune_000250_v00,finetune_000250,ErH4(CO2)4,78,O,0.775929868221283,3.3433895111083984,0.012205255217850208,1.0,True
1,finetune_000250_v00,finetune_000250,ErH4(CO2)4,79,O,1.318947672843933,-4.055948257446289,1.744286298751831,1.0,True
1,finetune_000250_v00,finetune_000250,ErH4(CO2)4,80,O,-2.75368595123291,-3.8141965866088867,-3.0033469200134277,1.0,True
1,finetune_000250_v00,finetune_000250,ErH4(CO2)4,81,O,3.219510078430176,3.421095609664917,3.6411850452423096,1.0,True
1,finetune_000250_v00,finetune_000250,ErH4(CO2)4,82,O,-2.4369256496429443,-3.425666570663452,-0.050095345824956894,1.0,True
1,finetune_000250_v00,finetune_000250,ErH4(CO2)4,83,O,-2.8635823726654053,3.887331485748291,1.6450859308242798,1.0,True
1,finetune_000250_v00,finetune_000250,ErH4(CO2)4,84,O,-0.4717182219028473,-2.510462522506714,-2.489110231399536,1.0,True
1,finetune_000250_v00,finetune_000250,ErH4(CO2)4,85,O,1.648637056350708,-2.4241225719451904,-3.148371934890747,1.0,True
1,finetune_000250_v00,finetune_000250,ErH4(CO2)4,86,O,-0.775549590587616,-0.9736104607582092,-0.021471424028277397,1.0,True
1,finetune_000250_v00,finetune_000250,ErH4(CO2)4,87,O,-1.3185673952102661,0.2610515356063843,-1.7437975406646729,1.0,True
1,finetune_000250_v00,finetune_000250,ErH4(CO2)4,88,H,-2.385209560394287,0.7186535000801086,5.771835803985596,1.0,True
1,finetune_000250_v00,finetune_000250,ErH4(CO2)4,89,C,3.0578975677490234,-4.1681904792785645,4.282116889953613,0.9599744255320862,True
1,finetune_000250_v00,finetune_000250,ErH4(CO2)4,90,C,0.7242138981819153,-2.294612407684326,7.3400139808654785,1.0,True
1,finetune_000250_v00,finetune_000250,ErH4(CO2)4,91,O,-3.219129800796509,-0.8959044814109802,6.1143035888671875,1.0,True
1,finetune_000250_v00,finetune_000250,ErH4(CO2)4,92,O,-0.4717182219028473,-2.510462522506714,7.265889644622803,1.0,True
1,finetune_000250_v00,finetune_000250,ErH4(CO2)4,93,O,1.648637056350708,-2.4241225719451904,6.606627941131592,1.0,True
1,finetune_000250_v00,finetune_000250,ErH4(CO2)4,94,Er,-2.52742862701416,6.771087646484375,-1.6882171630859375,1.0,True
1,finetune_000250_v00,finetune_000250,ErH4(CO2)4,95,H,0.09069310128688812,5.052921295166016,0.3799712657928467,1.0,True
1,finetune_000250_v00,finetune_000250,ErH4(CO2)4,96,H,2.385589838027954,5.035653591156006,3.9836530685424805,1.0,True
1,finetune_000250_v00,finetune_000250,ErH4(CO2)4,97,H,0.9698647856712341,6.693381309509277,-1.5919407606124878,1.0,True
1,finetune_000250_v00,finetune_000250,ErH4(CO2)4,98,C,3.0578975677490234,4.465809345245361,-5.472883224487305,1.0,True
1,finetune_000250_v00,finetune_000250,ErH4(CO2)4,99,C,0.7242138981819153,6.3393874168396,-2.4149858951568604,1.0,True
1,finetune_000250_v00,finetune_000250,ErH4(CO2)4,100,O,1.318947672843933,4.578051567077637,1.744286298751831,1.0,True
1,finetune_000250_v00,finetune_000250,ErH4(CO2)4,101,O,-2.75368595123291,4.819803714752197,-3.0033469200134277,0.959989089594776,True
1,finetune_000250_v00,finetune_000250,ErH4(CO2)4,102,O,-2.4369256496429443,5.208333492279053,-0.050095345824956894,1.0,True
1,finetune_000250_v00,finetune_000250,ErH4(CO2)4,103,O,-0.4717182219028473,6.123537540435791,-2.489110231399536,1.0,True
1,finetune_000250_v00,finetune_000250,ErH4(CO2)4,104,O,1.648637056350708,6.2098774909973145,-3.148371934890747,0.9599752265262536,True
1,finetune_000250_v00,finetune_000250,ErH4(CO2)4,105,O,-0.775549590587616,7.660389423370361,-0.021471424028277397,1.0,True
1,finetune_000250_v00,finetune_000250,ErH4(CO2)4,106,C,3.0578975677490234,4.465809345245361,4.282116889953613,1.0,True
1,finetune_000250_v00,finetune_000250,ErH4(CO2)4,107,C,3.529805898666382,-4.427210330963135,-1.0130184888839722,1.0,True
1,finetune_000250_v00,finetune_000250,ErH4(CO2)4,108,O,3.6009154319763184,-4.746668338775635,0.20021793246269226,1.0,True
1,finetune_000250_v00,finetune_000250,ErH4(CO2)4,109,C,3.406980514526367,0.1488095223903656,-5.72649621963501,1.0,True
1,finetune_000250_v00,finetune_000250,ErH4(CO2)4,110,Er,3.9370694160461426,-1.8629124164581299,-3.133085250854492,1.0,True
1,finetune_000250_v00,finetune_000250,ErH4(CO2)4,111,H,4.079288482666016,0.7186535000801086,-5.428032398223877,1.0,True
1,finetune_000250_v00,finetune_000250,ErH4(CO2)4,112,H,3.406980514526367,-0.6800544857978821,0.13625897467136383,1.0,True
1,finetune_000250_v00,finetune_000250,ErH4(CO2)4,113,H,5.495013236999512,2.3763816356658936,0.14756160974502563,1.0,True
1,finetune_000250_v00,finetune_000250,ErH4(CO2)4,114,H,6.5551910400390625,-3.58107852935791,-1.0648967027664185,0.9599653689483297,True
1,finetune_000250_v00,finetune_000250,ErH4(CO2)4,115,H,6.374185085296631,0.7359215021133423,-1.8243504762649536,1.0,True
1,finetune_000250_v00,finetune_000250,ErH4(CO2)4,116,C,3.406980514526367,0.1488095223903656,4.028503894805908,1.0,True
1,finetune_000250_v00,finetune_000250,ErH4(CO2)4,117,C,5.740664005279541,2.0223875045776367,0.9706066250801086,1.0,True
1,finetune_000250_v00,finetune_000250,ErH4(CO2)4,118,C,3.529805898666382,4.206789493560791,-1.0130184888839722,1.0,True
1,finetune_000250_v00,finetune_000250,ErH4(CO2)4,119,C,5.798844814300537,0.0711035281419754,-2.1249771118164062,0.9599785812234152,True
1,finetune_000250_v00,finetune_000250,ErH4(CO2)4,120,O,3.245368003845215,-0.8959044814109802,-5.085564136505127,0.8798820790487113,True
1,finetune_000250_v00,finetune_000250,ErH4(CO2)4,121,O,6.936596393585205,1.8065375089645386,1.0447310209274292,1.0,True
1,finetune_000250_v00,finetune_000250,ErH4(CO2)4,122,O,4.816241264343262,1.8928775787353516,1.7039927244186401,1.0,True
1,finetune_000250_v00,finetune_000250,ErH4(CO2)4,123,O,3.7108118534088135,-3.8141965866088867,-4.448215007781982,1.0,True
1,finetune_000250_v00,finetune_000250,ErH4(CO2)4,124,O,4.027572154998779,-3.425666570663452,-1.4949634075164795,1.0,True
1,finetune_000250_v00,finetune_000250,ErH4(CO2)4,125,O,3.6009154319763184,3.887331485748291,0.20021793246269226,1.0,True
1,finetune_000250_v00,finetune_000250,ErH4(CO2)4,126,O,5.992779731750488,-2.510462522506714,-3.933978319168091,1.0,True
1,finetune_000250_v00,finetune_000250,ErH4(CO2)4,127,O,5.688948154449463,-0.9736104607582092,-1.4663394689559937,1.0,True
1,finetune_000250_v00,finetune_000250,ErH4(CO2)4,128,O,5.145930290222168,0.2610515356063843,-3.1886656284332275,1.0,True
1,finetune_000250_v00,finetune_000250,ErH4(CO2)4,129,Er,3.9370694160461426,-1.8629124164581299,6.621914863586426,1.0,True
1,finetune_000250_v00,finetune_000250,ErH4(CO2)4,130,H,4.079288482666016,0.7186535000801086,4.326967716217041,0.9599443137060414,True
1,finetune_000250_v00,finetune_000250,ErH4(CO2)4,131,O,3.245368003845215,-0.8959044814109802,4.669435501098633,1.0,True
1,finetune_000250_v00,finetune_000250,ErH4(CO2)4,132,O,3.7108118534088135,-3.8141965866088867,5.3067851066589355,1.0,True
1,finetune_000250_v00,finetune_000250,ErH4(CO2)4,133,O,3.7108118534088135,4.819803714752197,-4.448215007781982,0.9599899940336452,True
1,finetune_000250_v00,finetune_000250,ErH4(CO2)4,134,O,4.027572154998779,5.208333492279053,-1.4949634075164795,1.0,True
1,finetune_000078_v00,finetune_000078,ZnCrH18C14(N2O)2,0,H,-5.11100959777832,2.349010705947876,-4.720822334289551,0.9199291104590991,True
1,finetune_000078_v00,finetune_000078,ZnCrH18C14(N2O)2,1,H,-6.677418231964111,-0.3918928802013397,-4.0394368171691895,0.9599599390196858,True
1,finetune_000078_v00,finetune_000078,ZnCrH18C14(N2O)2,2,Zn,-6.812864303588867,2.2269840240478516,-2.1815648078918457,0.9599498532828498,True
1,finetune_000078_v00,finetune_000078,ZnCrH18C14(N2O)2,3,H,-6.761984348297119,0.34026625752449036,1.17988920211792,0.9599387507847789,True
1,finetune_000078_v00,finetune_000078,ZnCrH18C14(N2O)2,4,H,-5.11100959777832,2.349010705947876,4.698177337646484,0.9199320426658905,True
1,finetune_000078_v00,finetune_000078,ZnCrH18C14(N2O)2,5,H,-5.234613418579102,2.8277299404144287,2.4364066123962402,0.9599616274849142,True
1,finetune_000078_v00,finetune_000078,ZnCrH18C14(N2O)2,6,H,-5.768799781799316,2.020477533340454,0.19472827017307281,0.9199038536665864,True
1,finetune_000078_v00,finetune_000078,ZnCrH18C14(N2O)2,7,H,-5.630615711212158,-0.43882614374160767,-0.7176901698112488,0.9599622360308971,True
1,finetune_000078_v00,finetune_000078,ZnCrH18C14(N2O)2,8,H,-6.9561944007873535,-1.2742384672164917,-0.5745294094085693,0.959965440290548,True
1,finetune_000078_v00,finetune_000078,ZnCrH18C14(N2O)2,9,H,-5.381338119506836,-0.46698611974716187,-3.1642720699310303,0.9199226088260517,True
1,finetune_000078_v00,finetune_000078,ZnCrH18C14(N2O)2,10,H,-4.530988693237305,-2.663463592529297,-3.0437421798706055,0.9599609240658271,True
1,finetune_000078_v00,finetune_000078,ZnCrH18C14(N2O)2,11,H,-4.798913478851318,-4.935034275054932,-2.808816432952881,0.9599474618591317,True
1,finetune_000078_v00,finetune_000078,ZnCrH18C14(N2O)2,12,C,-7.104364395141602,0.603092610836029,0.30941516160964966,0.9599615230765856,True
1,finetune_000078_v00,finetune_000078,ZnCrH18C14(N2O)2,13,C,-7.340644359588623,3.0060765743255615,0.8010116815567017,0.9607671396912303,True
1,finetune_000078_v00,finetune_000078,ZnCrH18C14(N2O)2,14,C,-5.955649375915527,2.452263832092285,4.304643154144287,0.9599949401172972,True
1,finetune_000078_v00,finetune_000078,ZnCrH18C14(N2O)2,15,C,-6.020517826080322,2.715090274810791,2.921287775039673,0.9599608912512337,True
1,finetune_000078_v00,finetune_000078,ZnCrH18C14(N2O)2,16,C,-6.5941643714904785,-0.3918928802013397,-0.7600757479667664,0.9599600052470488,True
1,finetune_000078_v00,finetune_000078,ZnCrH18C14(N2O)2,17,C,-6.321806907653809,-0.6922658681869507,-3.1905951499938965,0.9199993558986794,True
1,finetune_000078_v00,finetune_000078,ZnCrH18C14(N2O)2,18,C,-6.465358257293701,-2.184744119644165,-3.097484827041626,0.96002418112446,True
1,finetune_000078_v00,finetune_000078,ZnCrH18C14(N2O)2,19,C,-5.390458583831787,-3.0201563835144043,-3.0132663249969482,0.9599979009449331,True
1,finetune_000078_v00,finetune_000078,ZnCrH18C14(N2O)2,20,C,-5.559828758239746,-4.399994850158691,-2.8926773071289062,0.959959619814193,True
1,finetune_000078_v00,finetune_000078,ZnCrH18C14(N2O)2,21,N,-6.650705814361572,1.9735443592071533,-0.01386214978992939,0.9599411594424649,True
1,finetune_000078_v00,finetune_000078,ZnCrH18C14(N2O)2,22,N,-7.016737937927246,0.049279943108558655,-2.1073880195617676,0.9199315262697842,False
1,finetune_000078_v00,finetune_000078,ZnCrH18C14(N2O)2,23,O,-4.666012287139893,2.001704216003418,-2.357658863067627,0.9600008818185716,True
1,finetune_000078_v00,finetune_000078,ZnCrH18C14(N2O)2,24,H,-6.965060710906982,3.8696489334106445,0.5765213370323181,0.9599577779189618,True
1,finetune_000078_v00,finetune_000078,ZnCrH18C14(N2O)2,25,H,-4.637850284576416,4.4516215324401855,-2.0457212924957275,0.9599600052470488,True
1,finetune_000078_v00,finetune_000078,ZnCrH18C14(N2O)2,26,C,-5.3987650871276855,4.986660957336426,-2.129582405090332,1.0,True
1,finetune_000078_v00,finetune_000078,ZnCrH18C14(N2O)2,27,Zn,-0.036128707230091095,-7.159671783447266,-2.815565824508667,1.0,True
1,finetune_000078_v00,finetune_000078,ZnCrH18C14(N2O)2,28,H,-1.5003505945205688,-6.371192455291748,-0.07570978254079819,0.9599365861524869,False
1,finetune_000078_v00,finetune_000078,ZnCrH18C14(N2O)2,29,H,-2.3932206630706787,-6.652792453765869,2.0889194011688232,1.0,True
1,finetune_000078_v00,finetune_000078,ZnCrH18C14(N2O)2,30,H,1.5421218872070312,-6.558925628662109,1.802405595779419,1.0,True
1,finetune_000078_v00,finetune_000078,ZnCrH18C14(N2O)2,31,H,1.0079355239868164,-7.366178035736084,-0.43927258253097534,1.0,True
1,finetune_000078_v00,finetune_000078,ZnCrH18C14(N2O)2,32,C,-0.5639087557792664,-6.380578994750977,0.1670108288526535,1.0,True
1,finetune_000078_v00,finetune_000078,ZnCrH18C14(N2O)2,33,C,-0.4496706426143646,-6.596472263336182,1.6492751836776733,1.0,True
1,finetune_000078_v00,finetune_000078,ZnCrH18C14(N2O)2,34,C,-1.541159987449646,-6.727885723114014,2.4566152095794678,0.9599622360308971,True
1,finetune_000078_v00,finetune_000078,ZnCrH18C14(N2O)2,35,C,0.8210861086845398,-6.934391975402832,3.670642137527466,1.0,True
1,finetune_000078_v00,finetune_000078,ZnCrH18C14(N2O)2,36,C,0.756217896938324,-6.671565532684326,2.2872867584228516,1.0,True
1,finetune_000078_v00,finetune_000078,ZnCrH18C14(N2O)2,37,N,0.12602975964546204,-7.413111209869385,-0.6478630304336548,0.9599387507847789,True
1,finetune_000078_v00,finetune_000078,ZnCrH18C14(N2O)2,38,O,-2.1834640502929688,-6.962552070617676,-2.613503932952881,1.0,True
1,finetune_000078_v00,finetune_000078,ZnCrH18C14(N2O)2,39,H,-2.2321572303771973,2.733863592147827,-6.566985607147217,0.9600008818185716,True
1,finetune_000078_v00,finetune_000078,ZnCrH18C14(N2O)2,40,H,-2.010457754135132,2.3114640712738037,-4.317667007446289,1.0,True
1,finetune_000078_v00,finetune_000078,ZnCrH18C14(N2O)2,41,H,1.826789379119873,2.349010705947876,-4.591728687286377,1.0,True
1,finetune_000078_v00,finetune_000078,ZnCrH18C14(N2O)2,42,H,1.7031854391098022,2.8277299404144287,-6.853499412536621,1.0,True
1,finetune_000078_v00,finetune_000078,ZnCrH18C14(N2O)2,43,H,0.2603808641433716,-0.3918928802013397,-3.9103426933288574,0.9599577779189618,True
1,finetune_000078_v00,finetune_000078,ZnCrH18C14(N2O)2,44,C,-0.288607120513916,2.7901833057403564,-7.006629943847656,1.0,True
1,finetune_000078_v00,finetune_000078,ZnCrH18C14(N2O)2,45,C,-1.380096435546875,2.6587703227996826,-6.199289798736572,1.0,True
1,finetune_000078_v00,finetune_000078,ZnCrH18C14(N2O)2,46,C,-1.238268256187439,2.433490514755249,-4.830300331115723,1.0,True
1,finetune_000078_v00,finetune_000078,ZnCrH18C14(N2O)2,47,C,0.982149600982666,2.452263832092285,-4.985262870788574,1.0,True
1,finetune_000078_v00,finetune_000078,ZnCrH18C14(N2O)2,48,C,0.9172813892364502,2.715090274810791,-6.368618011474609,1.0,True
1,finetune_000078_v00,finetune_000078,ZnCrH18C14(N2O)2,49,N,-0.0669076144695282,2.367784023284912,-4.2110090255737305,1.0,True
1,finetune_000078_v00,finetune_000078,ZnCrH18C14(N2O)2,50,Zn,0.12493480741977692,2.2269840240478516,-2.0524706840515137,1.0,True
1,finetune_000078_v00,finetune_000078,ZnCrH18C14(N2O)2,51,Cr,-3.3560445308685303,1.5229848623275757,-1.467824935913086,0.9600376711384548,True
1,finetune_000078_v00,finetune_000078,ZnCrH18C14(N2O)2,52,H,-1.131402850151062,0.5749326348304749,0.46537089347839355,1.0,True
1,finetune_000078_v00,finetune_000078,ZnCrH18C14(N2O)2,53,H,0.17581462860107422,0.34026625752449036,1.308983325958252,0.9599498532828498,True
1,finetune_000078_v00,finetune_000078,ZnCrH18C14(N2O)2,54,H,-1.3392870426177979,3.01546311378479,0.6873852014541626,1.0,True
1,finetune_000078_v00,finetune_000078,ZnCrH18C14(N2O)2,55,H,-0.18832536041736603,-5.517006874084473,-0.05747954174876213,1.0,True
1,finetune_000078_v00,finetune_000078,ZnCrH18C14(N2O)2,56,H,-2.2321572303771973,2.733863592147827,2.8520143032073975,1.0,True
1,finetune_000078_v00,finetune_000078,ZnCrH18C14(N2O)2,57,H,-2.010457754135132,2.3114640712738037,5.101333141326904,1.0,True
1,finetune_000078_v00,finetune_000078,ZnCrH18C14(N2O)2,58,H,1.826789379119873,2.349010705947876,4.827271461486816,1.0,True
1,finetune_000078_v00,finetune_000078,ZnCrH18C14(N2O)2,59,H,1.7031854391098022,2.8277299404144287,2.565500497817993,1.0,True
1,finetune_000078_v00,finetune_000078,ZnCrH18C14(N2O)2,60,H,1.1689990758895874,2.020477533340454,0.32382237911224365,1.0,True
1,finetune_000078_v00,finetune_000078,ZnCrH18C14(N2O)2,61,H,1.3071831464767456,-0.43882614374160767,-0.5885960459709167,1.0,True
1,finetune_000078_v00,finetune_000078,ZnCrH18C14(N2O)2,62,H,-0.018395472317934036,-1.2742384672164917,-0.4454352855682373,1.0,True
1,finetune_000078_v00,finetune_000078,ZnCrH18C14(N2O)2,63,H,1.5564607381820679,-0.46698611974716187,-3.0351779460906982,1.0,True
1,finetune_000078_v00,finetune_000078,ZnCrH18C14(N2O)2,64,H,0.2603808641433716,-0.3918928802013397,5.508656978607178,1.0,True
1,finetune_000078_v00,finetune_000078,ZnCrH18C14(N2O)2,65,H,2.4068102836608887,-2.663463592529297,-2.9146480560302734,1.0,True
1,finetune_000078_v00,finetune_000078,ZnCrH18C14(N2O)2,66,H,2.138885498046875,-4.935034275054932,-2.679722309112549,1.0,True
1,finetune_000078_v00,finetune_000078,ZnCrH18C14(N2O)2,67,H,-1.6915969848632812,-4.578341484069824,-2.7597897052764893,1.0,True
1,finetune_000078_v00,finetune_000078,ZnCrH18C14(N2O)2,68,H,-1.5206403732299805,-2.297384023666382,-3.052273750305176,1.0,True
1,finetune_000078_v00,finetune_000078,ZnCrH18C14(N2O)2,69,H,-0.9632608294487,-0.1384531706571579,-2.0570459365844727,1.0,True
1,finetune_000078_v00,finetune_000078,ZnCrH18C14(N2O)2,70,C,-0.16656555235385895,0.603092610836029,0.4385092556476593,1.0,True
1,finetune_000078_v00,finetune_000078,ZnCrH18C14(N2O)2,71,C,-0.40284523367881775,3.0060765743255615,0.9301058053970337,1.0,True
1,finetune_000078_v00,finetune_000078,ZnCrH18C14(N2O)2,72,C,-0.288607120513916,2.7901833057403564,2.412370204925537,1.0,True
1,finetune_000078_v00,finetune_000078,ZnCrH18C14(N2O)2,73,C,-1.380096435546875,2.6587703227996826,3.219710111618042,1.0,True
1,finetune_000078_v00,finetune_000078,ZnCrH18C14(N2O)2,74,C,-1.238268256187439,2.433490514755249,4.588699817657471,1.0,True
1,finetune_000078_v00,finetune_000078,ZnCrH18C14(N2O)2,75,C,0.982149600982666,2.452263832092285,4.433737277984619,1.0,True
1,finetune_000078_v00,finetune_000078,ZnCrH18C14(N2O)2,76,C,0.9172813892364502,2.715090274810791,3.050381898880005,1.0,True
1,finetune_000078_v00,finetune_000078,ZnCrH18C14(N2O)2,77,C,0.3436344563961029,-0.3918928802013397,-0.6309816837310791,1.0,True
1,finetune_000078_v00,finetune_000078,ZnCrH18C14(N2O)2,78,C,0.6159923672676086,-0.6922658681869507,-3.0615010261535645,1.0,True
1,finetune_000078_v00,finetune_000078,ZnCrH18C14(N2O)2,79,C,0.4724406898021698,-2.184744119644165,-2.968390703201294,1.0,True
1,finetune_000078_v00,finetune_000078,ZnCrH18C14(N2O)2,80,C,1.5473405122756958,-3.0201563835144043,-2.884172201156616,1.0,True
1,finetune_000078_v00,finetune_000078,ZnCrH18C14(N2O)2,81,C,1.3779703378677368,-4.399994850158691,-2.763583183288574,1.0,True
1,finetune_000078_v00,finetune_000078,ZnCrH18C14(N2O)2,82,C,-0.8387429714202881,-4.202875137329102,-2.8171253204345703,1.0,True
1,finetune_000078_v00,finetune_000078,ZnCrH18C14(N2O)2,83,C,-0.7453665137290955,-2.8042633533477783,-2.96586537361145,0.96002418112446,True
1,finetune_000078_v00,finetune_000078,ZnCrH18C14(N2O)2,84,N,0.28709328174591064,1.9735443592071533,0.115231953561306,1.0,True
1,finetune_000078_v00,finetune_000078,ZnCrH18C14(N2O)2,85,N,-0.0669076144695282,2.367784023284912,5.207991123199463,1.0,True
1,finetune_000078_v00,finetune_000078,ZnCrH18C14(N2O)2,86,N,-0.07893910259008408,0.049279943108558655,-1.978294014930725,1.0,True
1,finetune_000078_v00,finetune_000078,ZnCrH18C14(N2O)2,87,N,0.19517427682876587,-5.000741004943848,-2.777724266052246,1.0,True
1,finetune_000078_v00,finetune_000078,ZnCrH18C14(N2O)2,88,O,-2.0224006175994873,2.4241037368774414,-1.850408911705017,1.0,True
1,finetune_000078_v00,finetune_000078,ZnCrH18C14(N2O)2,89,O,2.27178692817688,2.001704216003418,-2.228564739227295,1.0,True
1,finetune_000078_v00,finetune_000078,ZnCrH18C14(N2O)2,90,Zn,0.12493480741977692,2.2269840240478516,7.36652946472168,1.0,True
1,finetune_000078_v00,finetune_000078,ZnCrH18C14(N2O)2,91,H,1.5564607381820679,-0.46698611974716187,6.383821964263916,1.0,True
1,finetune_000078_v00,finetune_000078,ZnCrH18C14(N2O)2,92,H,2.4068102836608887,-2.663463592529297,6.50435209274292,1.0,True
1,finetune_000078_v00,finetune_000078,ZnCrH18C14(N2O)2,93,H,-1.5206403732299805,-2.297384023666382,6.366726398468018,1.0,True
1,finetune_000078_v00,finetune_000078,ZnCrH18C14(N2O)2,94,H,-0.9632608294487,-0.1384531706571579,7.361954212188721,1.0,True
1,finetune_000078_v00,finetune_000078,ZnCrH18C14(N2O)2,95,C,0.6159923672676086,-0.6922658681869507,6.357499122619629,1.0,True
1,finetune_000078_v00,finetune_000078,ZnCrH18C14(N2O)2,96,C,0.4724406898021698,-2.184744119644165,6.45060920715332,1.0,True
1,finetune_000078_v00,finetune_000078,ZnCrH18C14(N2O)2,97,C,1.5473405122756958,-3.0201563835144043,6.534827709197998,1.0,True
1,finetune_000078_v00,finetune_000078,ZnCrH18C14(N2O)2,98,C,-0.8387429714202881,-4.202875137329102,6.601874828338623,1.0,True
1,finetune_000078_v00,finetune_000078,ZnCrH18C14(N2O)2,99,C,-0.7453665137290955,-2.8042633533477783,6.453134536743164,1.0,True
1,finetune_000078_v00,finetune_000078,ZnCrH18C14(N2O)2,100,N,-0.07893910259008408,0.049279943108558655,7.4407057762146,0.9599979009449331,True
1,finetune_000078_v00,finetune_000078,ZnCrH18C14(N2O)2,101,O,2.27178692817688,2.001704216003418,7.19043493270874,1.0,True
1,finetune_000078_v00,finetune_000078,ZnCrH18C14(N2O)2,102,H,-0.027261853218078613,3.8696489334106445,0.7056154608726501,0.9599625080837565,True
1,finetune_000078_v00,finetune_000078,ZnCrH18C14(N2O)2,103,H,2.56787371635437,6.72319221496582,-2.151553153991699,1.0,True
1,finetune_000078_v00,finetune_000078,ZnCrH18C14(N2O)2,104,H,2.2999489307403564,4.4516215324401855,-1.916627287864685,0.9199208302709195,True
1,finetune_000078_v00,finetune_000078,ZnCrH18C14(N2O)2,105,H,-1.5305335521697998,4.808314323425293,-1.9966946840286255,1.0,True
1,finetune_000078_v00,finetune_000078,ZnCrH18C14(N2O)2,106,H,-1.3595768213272095,7.089271545410156,-2.2891788482666016,1.0,True
1,finetune_000078_v00,finetune_000078,ZnCrH18C14(N2O)2,107,C,0.6335042119026184,7.201911449432373,-2.2052955627441406,1.0,True
1,finetune_000078_v00,finetune_000078,ZnCrH18C14(N2O)2,108,C,1.7084040641784668,6.366499423980713,-2.121077299118042,1.0,True
1,finetune_000078_v00,finetune_000078,ZnCrH18C14(N2O)2,109,C,1.5390338897705078,4.986660957336426,-2.00048828125,1.0,True
1,finetune_000078_v00,finetune_000078,ZnCrH18C14(N2O)2,110,C,-0.6776794791221619,5.183780670166016,-2.054030418395996,1.0,True
1,finetune_000078_v00,finetune_000078,ZnCrH18C14(N2O)2,111,C,-0.5843030214309692,6.58239221572876,-2.202770233154297,1.0,True
1,finetune_000078_v00,finetune_000078,ZnCrH18C14(N2O)2,112,N,0.3562377989292145,4.3859148025512695,-2.014629364013672,1.0,True
1,finetune_000078_v00,finetune_000078,ZnCrH18C14(N2O)2,113,H,4.927341461181641,2.3114640712738037,-4.188572883605957,1.0,True
1,finetune_000078_v00,finetune_000078,ZnCrH18C14(N2O)2,114,C,5.699531078338623,2.433490514755249,-4.701206207275391,1.0,True
1,finetune_000078_v00,finetune_000078,ZnCrH18C14(N2O)2,115,Zn,7.0627336502075195,2.2269840240478516,-1.9233766794204712,0.9599474618591317,True
1,finetune_000078_v00,finetune_000078,ZnCrH18C14(N2O)2,116,Cr,3.581754684448242,1.5229848623275757,-1.338730812072754,1.0,True
1,finetune_000078_v00,finetune_000078,ZnCrH18C14(N2O)2,117,H,5.806396484375,0.5749326348304749,0.5944650173187256,1.0,True
1,finetune_000078_v00,finetune_000078,ZnCrH18C14(N2O)2,118,H,7.113613605499268,0.34026625752449036,1.438077449798584,1.0,True
1,finetune_000078_v00,finetune_000078,ZnCrH18C14(N2O)2,119,H,5.598512172698975,3.01546311378479,0.8164793252944946,1.0,True
1,finetune_000078_v00,finetune_000078,ZnCrH18C14(N2O)2,120,H,4.705641746520996,2.733863592147827,2.9811084270477295,1.0,True
1,finetune_000078_v00,finetune_000078,ZnCrH18C14(N2O)2,121,H,4.927341461181641,2.3114640712738037,5.230427265167236,0.959959619814193,True
1,finetune_000078_v00,finetune_000078,ZnCrH18C14(N2O)2,122,H,6.919403553009033,-1.2742384672164917,-0.31634119153022766,1.0,True
1,finetune_000078_v00,finetune_000078,ZnCrH18C14(N2O)2,123,H,5.246201992034912,-4.578341484069824,-2.6306955814361572,1.0,True
1,finetune_000078_v00,finetune_000078,ZnCrH18C14(N2O)2,124,H,5.417158603668213,-2.297384023666382,-2.9231796264648438,0.9599615230765856,True
1,finetune_000078_v00,finetune_000078,ZnCrH18C14(N2O)2,125,H,5.974538326263428,-0.1384531706571579,-1.9279518127441406,1.0,True
1,finetune_000078_v00,finetune_000078,ZnCrH18C14(N2O)2,126,C,6.771233558654785,0.603092610836029,0.567603349685669,1.0,True
1,finetune_000078_v00,finetune_000078,ZnCrH18C14(N2O)2,127,C,6.534953594207764,3.0060765743255615,1.0591999292373657,1.0,True
1,finetune_000078_v00,finetune_000078,ZnCrH18C14(N2O)2,128,C,6.649191856384277,2.7901833057403564,2.541464328765869,1.0,True
1,finetune_000078_v00,finetune_000078,ZnCrH18C14(N2O)2,129,C,5.557702541351318,2.6587703227996826,3.348804235458374,1.0,True
1,finetune_000078_v00,finetune_000078,ZnCrH18C14(N2O)2,130,C,5.699531078338623,2.433490514755249,4.717793941497803,0.9599616274849142,True
1,finetune_000078_v00,finetune_000078,ZnCrH18C14(N2O)2,131,C,7.281433582305908,-0.3918928802013397,-0.5018875598907471,0.9599626942241216,True
1,finetune_000078_v00,finetune_000078,ZnCrH18C14(N2O)2,132,C,6.099056243896484,-4.202875137329102,-2.6880311965942383,1.0,True
1,finetune_000078_v00,finetune_000078,ZnCrH18C14(N2O)2,133,C,6.192432403564453,-2.8042633533477783,-2.836771249771118,1.0,True
1,finetune_000078_v00,finetune_000078,ZnCrH18C14(N2O)2,134,N,7.2248921394348145,1.9735443592071533,0.24432605504989624,1.0,True
1,finetune_000078_v00,finetune_000078,ZnCrH18C14(N2O)2,135,N,6.858860015869141,0.049279943108558655,-1.849199891090393,1.0,True
1,finetune_000078_v00,finetune_000078,ZnCrH18C14(N2O)2,136,O,4.915398597717285,2.4241037368774414,-1.721314787864685,1.0,True
1,finetune_000078_v00,finetune_000078,ZnCrH18C14(N2O)2,137,H,6.910537242889404,3.8696489334106445,0.8347095251083374,1.0,True
1,finetune_000078_v00,finetune_000078,ZnCrH18C14(N2O)2,138,H,5.407265663146973,4.808314323425293,-1.8676005601882935,1.0,True
1,finetune_000045_v00,finetune_000045,ErH4(CO2)4,0,O,-3.244987726211548,-5.212904453277588,-4.668946743011475,0.9599847273124198,True
1,finetune_000045_v00,finetune_000045,ErH4(CO2)4,1,Er,-3.9366891384124756,-6.179912567138672,3.1335740089416504,0.919976910643972,True
1,finetune_000045_v00,finetune_000045,ErH4(CO2)4,2,H,-3.4066002368927,-4.997054576873779,-0.13577014207839966,0.9199195796259636,True
1,finetune_000045_v00,finetune_000045,ErH4(CO2)4,3,C,-5.798464298248291,-4.245896339416504,2.1254661083221436,0.9599705066319258,True
1,finetune_000045_v00,finetune_000045,ErH4(CO2)4,4,O,-5.688568115234375,-5.290610313415527,1.4570732116699219,0.959968918754879,True
1,finetune_000045_v00,finetune_000045,ErH4(CO2)4,5,O,-3.244987726211548,-5.212904453277588,5.086053371429443,0.9599609259214921,True
1,finetune_000045_v00,finetune_000045,ErH4(CO2)4,6,H,-4.0789079666137695,-3.598346471786499,-4.326478958129883,0.9599567636233698,True
1,finetune_000045_v00,finetune_000045,ErH4(CO2)4,7,O,-3.7168960571289062,0.5028035044670105,-5.304851531982422,0.9599835013542375,True
1,finetune_000045_v00,finetune_000045,ErH4(CO2)4,8,O,-3.244987726211548,3.421095609664917,-4.668946743011475,0.9599871862709584,True
1,finetune_000045_v00,finetune_000045,ErH4(CO2)4,9,Er,-3.9366891384124756,2.454087495803833,3.1335740089416504,0.9599866174564479,True
1,finetune_000045_v00,finetune_000045,ErH4(CO2)4,10,H,-6.373804569244385,-3.58107852935791,1.8248392343521118,0.9599376321335624,False
1,finetune_000045_v00,finetune_000045,ErH4(CO2)4,11,H,-4.0789079666137695,-3.598346471786499,5.428521156311035,0.9599687833469718,True
1,finetune_000045_v00,finetune_000045,ErH4(CO2)4,12,H,-3.4066002368927,3.6369454860687256,-0.13577014207839966,0.9599403769342654,True
1,finetune_000045_v00,finetune_000045,ErH4(CO2)4,13,H,-5.494633197784424,-1.9406185150146484,-0.14707277715206146,0.9599627760243356,True
1,finetune_000045_v00,finetune_000045,ErH4(CO2)4,14,H,-6.554810523986816,0.7359215021133423,1.0653855800628662,0.9599571186527744,True
1,finetune_000045_v00,finetune_000045,ErH4(CO2)4,15,C,-3.529425621032715,-0.11884447187185287,1.00375235080719,0.9599383293952309,True
1,finetune_000045_v00,finetune_000045,ErH4(CO2)4,16,C,-5.798464298248291,4.388103485107422,2.1254661083221436,0.9599702865280115,True
1,finetune_000045_v00,finetune_000045,ErH4(CO2)4,17,C,-3.4066002368927,-4.1681904792785645,-4.02801513671875,0.9199378016712081,True
1,finetune_000045_v00,finetune_000045,ErH4(CO2)4,18,C,-5.740283966064453,-2.294612407684326,-0.9701178073883057,0.9199132020398691,True
1,finetune_000045_v00,finetune_000045,ErH4(CO2)4,19,C,-7.13015079498291,0.0711035281419754,0.764758825302124,0.959972636030068,True
1,finetune_000045_v00,finetune_000045,ErH4(CO2)4,20,O,-3.7168960571289062,0.5028035044670105,4.450148582458496,0.9199443183673369,True
1,finetune_000045_v00,finetune_000045,ErH4(CO2)4,21,O,-4.027192115783691,0.8999675512313843,1.4954521656036377,0.9599841393819089,True
1,finetune_000045_v00,finetune_000045,ErH4(CO2)4,22,O,-3.6005351543426514,-0.42966845631599426,-0.1899740993976593,0.9599848716104749,True
1,finetune_000045_v00,finetune_000045,ErH4(CO2)4,23,O,-5.992399215698242,1.8065375089645386,3.934467077255249,0.9599563340037469,True
1,finetune_000045_v00,finetune_000045,ErH4(CO2)4,24,O,-5.688568115234375,3.3433895111083984,1.4570732116699219,0.9599866174564479,True
1,finetune_000045_v00,finetune_000045,ErH4(CO2)4,25,O,-5.14555025100708,-4.055948257446289,3.1891543865203857,1.0,True
1,finetune_000045_v00,finetune_000045,ErH4(CO2)4,26,O,-3.244987726211548,3.421095609664917,5.086053371429443,1.0,True
1,finetune_000045_v00,finetune_000045,ErH4(CO2)4,27,O,-6.936215877532959,-2.510462522506714,-1.044242262840271,1.0,True
1,finetune_000045_v00,finetune_000045,ErH4(CO2)4,28,O,-4.815860748291016,-2.4241225719451904,-1.703503966331482,1.0,True
1,finetune_000045_v00,finetune_000045,ErH4(CO2)4,29,O,-7.240047454833984,-0.9736104607582092,1.4233965873718262,1.0,True
1,finetune_000045_v00,finetune_000045,ErH4(CO2)4,30,O,-7.783065319061279,0.2610515356063843,-0.29892951250076294,1.0,True
1,finetune_000045_v00,finetune_000045,ErH4(CO2)4,31,C,-3.4066002368927,-4.1681904792785645,5.726984977722168,0.9599376321335624,False
1,finetune_000045_v00,finetune_000045,ErH4(CO2)4,32,H,-4.0789079666137695,5.035653591156006,-4.326478958129883,1.0,True
1,finetune_000045_v00,finetune_000045,ErH4(CO2)4,33,C,-3.4066002368927,4.465809345245361,-4.02801513671875,1.0,True
1,finetune_000045_v00,finetune_000045,ErH4(CO2)4,34,O,-5.14555025100708,4.578051567077637,3.1891543865203857,1.0,True
1,finetune_000045_v00,finetune_000045,ErH4(CO2)4,35,Er,2.527808904647827,-6.179912567138672,1.6887060403823853,1.0,True
1,finetune_000045_v00,finetune_000045,ErH4(CO2)4,36,H,-0.9694845676422119,-6.257618427276611,1.5924296379089355,1.0,True
1,finetune_000045_v00,finetune_000045,ErH4(CO2)4,37,H,3.0578975677490234,-4.997054576873779,-1.5806381702423096,1.0,True
1,finetune_000045_v00,finetune_000045,ErH4(CO2)4,38,H,-0.09031283855438232,-7.898078441619873,-0.3794824182987213,0.9599687833469718,True
1,finetune_000045_v00,finetune_000045,ErH4(CO2)4,39,C,-0.7238336205482483,-6.611612319946289,2.4154746532440186,1.0,True
1,finetune_000045_v00,finetune_000045,ErH4(CO2)4,40,C,0.6660333871841431,-4.245896339416504,0.6805980205535889,0.9599675151431967,True
1,finetune_000045_v00,finetune_000045,ErH4(CO2)4,41,C,-2.934691905975342,-4.427210330963135,0.43184947967529297,1.0,True
1,finetune_000045_v00,finetune_000045,ErH4(CO2)4,42,O,0.4720984697341919,-6.827462673187256,2.4895989894866943,1.0,True
1,finetune_000045_v00,finetune_000045,ErH4(CO2)4,43,O,-1.648256778717041,-6.741122245788574,3.1488606929779053,0.9599897243730134,True
1,finetune_000045_v00,finetune_000045,ErH4(CO2)4,44,O,0.775929868221283,-5.290610313415527,0.012205255217850208,1.0,True
1,finetune_000045_v00,finetune_000045,ErH4(CO2)4,45,O,3.219510078430176,-5.212904453277588,3.6411850452423096,1.0,True
1,finetune_000045_v00,finetune_000045,ErH4(CO2)4,46,O,-2.8635823726654053,-4.746668338775635,1.6450859308242798,1.0,True
1,finetune_000045_v00,finetune_000045,ErH4(CO2)4,47,H,2.385589838027954,-3.598346471786499,-5.7713470458984375,1.0,True
1,finetune_000045_v00,finetune_000045,ErH4(CO2)4,48,C,-3.0575172901153564,0.1488095223903656,-4.281628131866455,1.0,True
1,finetune_000045_v00,finetune_000045,ErH4(CO2)4,49,C,-0.7238336205482483,2.0223875045776367,-7.33952522277832,1.0,True
1,finetune_000045_v00,finetune_000045,ErH4(CO2)4,50,O,2.7476017475128174,0.5028035044670105,-6.749719619750977,1.0,True
1,finetune_000045_v00,finetune_000045,ErH4(CO2)4,51,O,0.4720984697341919,1.8065375089645386,-7.2654008865356445,1.0,True
1,finetune_000045_v00,finetune_000045,ErH4(CO2)4,52,O,-1.648256778717041,1.8928775787353516,-6.606139183044434,1.0,True
1,finetune_000045_v00,finetune_000045,ErH4(CO2)4,53,O,3.219510078430176,3.421095609664917,-6.113814830780029,1.0,True
1,finetune_000045_v00,finetune_000045,ErH4(CO2)4,54,Er,2.527808904647827,2.454087495803833,1.6887060403823853,1.0,True
1,finetune_000045_v00,finetune_000045,ErH4(CO2)4,55,Er,-2.52742862701416,-1.8629124164581299,-1.6882171630859375,1.0,True
1,finetune_000045_v00,finetune_000045,ErH4(CO2)4,56,H,-2.385209560394287,0.7186535000801086,-3.9831643104553223,0.9599563340037469,True
1,finetune_000045_v00,finetune_000045,ErH4(CO2)4,57,H,-3.0575172901153564,-0.6800544857978821,1.5811269283294678,1.0,True
1,finetune_000045_v00,finetune_000045,ErH4(CO2)4,58,H,-0.9694845676422119,2.3763816356658936,1.5924296379089355,1.0,True
1,finetune_000045_v00,finetune_000045,ErH4(CO2)4,59,H,0.09069310128688812,-3.58107852935791,0.3799712657928467,0.9599609259214921,True
1,finetune_000045_v00,finetune_000045,ErH4(CO2)4,60,H,2.385589838027954,-3.598346471786499,3.9836530685424805,1.0,True
1,finetune_000045_v00,finetune_000045,ErH4(CO2)4,61,H,3.0578975677490234,3.6369454860687256,-1.5806381702423096,1.0,True
1,finetune_000045_v00,finetune_000045,ErH4(CO2)4,62,H,0.9698647856712341,-1.9406185150146484,-1.5919407606124878,1.0,True
1,finetune_000045_v00,finetune_000045,ErH4(CO2)4,63,H,-0.09031283855438232,0.7359215021133423,-0.3794824182987213,1.0,True
1,finetune_000045_v00,finetune_000045,ErH4(CO2)4,64,C,-3.0575172901153564,0.1488095223903656,5.473371982574463,1.0,True
1,finetune_000045_v00,finetune_000045,ErH4(CO2)4,65,C,2.935072183609009,-0.11884447187185287,-0.4411156475543976,1.0,True
1,finetune_000045_v00,finetune_000045,ErH4(CO2)4,66,C,-0.7238336205482483,2.0223875045776367,2.4154746532440186,1.0,True
1,finetune_000045_v00,finetune_000045,ErH4(CO2)4,67,C,0.6660333871841431,4.388103485107422,0.6805980205535889,0.9599705066319258,True
1,finetune_000045_v00,finetune_000045,ErH4(CO2)4,68,C,3.0578975677490234,-4.1681904792785645,-5.472883224487305,0.9199417438604827,True
1,finetune_000045_v00,finetune_000045,ErH4(CO2)4,69,C,-2.934691905975342,4.206789493560791,0.43184947967529297,1.0,True
1,finetune_000045_v00,finetune_000045,ErH4(CO2)4,70,C,0.7242138981819153,-2.294612407684326,-2.4149858951568604,1.0,True
1,finetune_000045_v00,finetune_000045,ErH4(CO2)4,71,C,-0.6656531691551208,0.0711035281419754,-0.6801092028617859,1.0,True
1,finetune_000045_v00,finetune_000045,ErH4(CO2)4,72,O,2.7476017475128174,0.5028035044670105,3.0052804946899414,1.0,True
1,finetune_000045_v00,finetune_000045,ErH4(CO2)4,73,O,-3.219129800796509,-0.8959044814109802,-3.6406962871551514,1.0,True
1,finetune_000045_v00,finetune_000045,ErH4(CO2)4,74,O,2.4373059272766113,0.8999675512313843,0.050584178417921066,1.0,True
1,finetune_000045_v00,finetune_000045,ErH4(CO2)4,75,O,2.8639626502990723,-0.42966845631599426,-1.6348421573638916,1.0,True
1,finetune_000045_v00,finetune_000045,ErH4(CO2)4,76,O,0.4720984697341919,1.8065375089645386,2.4895989894866943,1.0,True
1,finetune_000045_v00,finetune_000045,ErH4(CO2)4,77,O,-1.648256778717041,1.8928775787353516,3.1488606929779053,1.0,True
1,finetune_000045_v00,finetune_000045,ErH4(CO2)4,78,O,0.775929868221283,3.3433895111083984,0.012205255217850208,0.9599848716104749,True
1,finetune_000045_v00,finetune_000045,ErH4(CO2)4,79,O,1.318947672843933,-4.055948257446289,1.744286298751831,1.0,True
1,finetune_000045_v00,finetune_000045,ErH4(CO2)4,80,O,-2.75368595123291,-3.8141965866088867,-3.0033469200134277,1.0,True
1,finetune_000045_v00,finetune_000045,ErH4(CO2)4,81,O,3.219510078430176,3.421095609664917,3.6411850452423096,1.0,True
1,finetune_000045_v00,finetune_000045,ErH4(CO2)4,82,O,-2.4369256496429443,-3.425666570663452,-0.050095345824956894,1.0,True
1,finetune_000045_v00,finetune_000045,ErH4(CO2)4,83,O,-2.8635823726654053,3.887331485748291,1.6450859308242798,1.0,True
1,finetune_000045_v00,finetune_000045,ErH4(CO2)4,84,O,-0.4717182219028473,-2.510462522506714,-2.489110231399536,1.0,True
1,finetune_000045_v00,finetune_000045,ErH4(CO2)4,85,O,1.648637056350708,-2.4241225719451904,-3.148371934890747,1.0,True
1,finetune_000045_v00,finetune_000045,ErH4(CO2)4,86,O,-0.775549590587616,-0.9736104607582092,-0.021471424028277397,1.0,True
1,finetune_000045_v00,finetune_000045,ErH4(CO2)4,87,O,-1.3185673952102661,0.2610515356063843,-1.7437975406646729,1.0,True
1,finetune_000045_v00,finetune_000045,ErH4(CO2)4,88,H,-2.385209560394287,0.7186535000801086,5.771835803985596,1.0,True
1,finetune_000045_v00,finetune_000045,ErH4(CO2)4,89,C,3.0578975677490234,-4.1681904792785645,4.282116889953613,1.0,True
1,finetune_000045_v00,finetune_000045,ErH4(CO2)4,90,C,0.7242138981819153,-2.294612407684326,7.3400139808654785,1.0,True
1,finetune_000045_v00,finetune_000045,ErH4(CO2)4,91,O,-3.219129800796509,-0.8959044814109802,6.1143035888671875,0.9599571186527744,True
1,finetune_000045_v00,finetune_000045,ErH4(CO2)4,92,O,-0.4717182219028473,-2.510462522506714,7.265889644622803,1.0,True
1,finetune_000045_v00,finetune_000045,ErH4(CO2)4,93,O,1.648637056350708,-2.4241225719451904,6.606627941131592,1.0,True
1,finetune_000045_v00,finetune_000045,ErH4(CO2)4,94,Er,-2.52742862701416,6.771087646484375,-1.6882171630859375,0.9599875547439671,True
1,finetune_000045_v00,finetune_000045,ErH4(CO2)4,95,H,0.09069310128688812,5.052921295166016,0.3799712657928467,1.0,True
1,finetune_000045_v00,finetune_000045,ErH4(CO2)4,96,H,2.385589838027954,5.035653591156006,3.9836530685424805,1.0,True
1,finetune_000045_v00,finetune_000045,ErH4(CO2)4,97,H,0.9698647856712341,6.693381309509277,-1.5919407606124878,1.0,True
1,finetune_000045_v00,finetune_000045,ErH4(CO2)4,98,C,3.0578975677490234,4.465809345245361,-5.472883224487305,1.0,True
1,finetune_000045_v00,finetune_000045,ErH4(CO2)4,99,C,0.7242138981819153,6.3393874168396,-2.4149858951568604,1.0,True
1,finetune_000045_v00,finetune_000045,ErH4(CO2)4,100,O,1.318947672843933,4.578051567077637,1.744286298751831,1.0,True
1,finetune_000045_v00,finetune_000045,ErH4(CO2)4,101,O,-2.75368595123291,4.819803714752197,-3.0033469200134277,1.0,True
1,finetune_000045_v00,finetune_000045,ErH4(CO2)4,102,O,-2.4369256496429443,5.208333492279053,-0.050095345824956894,1.0,True
1,finetune_000045_v00,finetune_000045,ErH4(CO2)4,103,O,-0.4717182219028473,6.123537540435791,-2.489110231399536,0.9599841393819089,True
1,finetune_000045_v00,finetune_000045,ErH4(CO2)4,104,O,1.648637056350708,6.2098774909973145,-3.148371934890747,1.0,True
1,finetune_000045_v00,finetune_000045,ErH4(CO2)4,105,O,-0.775549590587616,7.660389423370361,-0.021471424028277397,0.9599847273124198,True
1,finetune_000045_v00,finetune_000045,ErH4(CO2)4,106,C,3.0578975677490234,4.465809345245361,4.282116889953613,1.0,True
1,finetune_000045_v00,finetune_000045,ErH4(CO2)4,107,C,3.529805898666382,-4.427210330963135,-1.0130184888839722,1.0,True
1,finetune_000045_v00,finetune_000045,ErH4(CO2)4,108,O,3.6009154319763184,-4.746668338775635,0.20021793246269226,1.0,True
1,finetune_000045_v00,finetune_000045,ErH4(CO2)4,109,C,3.406980514526367,0.1488095223903656,-5.72649621963501,1.0,True
1,finetune_000045_v00,finetune_000045,ErH4(CO2)4,110,Er,3.9370694160461426,-1.8629124164581299,-3.133085250854492,1.0,True
1,finetune_000045_v00,finetune_000045,ErH4(CO2)4,111,H,4.079288482666016,0.7186535000801086,-5.428032398223877,1.0,True
1,finetune_000045_v00,finetune_000045,ErH4(CO2)4,112,H,3.406980514526367,-0.6800544857978821,0.13625897467136383,1.0,True
1,finetune_000045_v00,finetune_000045,ErH4(CO2)4,113,H,5.495013236999512,2.3763816356658936,0.14756160974502563,1.0,True
1,finetune_000045_v00,finetune_000045,ErH4(CO2)4,114,H,6.5551910400390625,-3.58107852935791,-1.0648967027664185,1.0,True
1,finetune_000045_v00,finetune_000045,ErH4(CO2)4,115,H,6.374185085296631,0.7359215021133423,-1.8243504762649536,1.0,True
1,finetune_000045_v00,finetune_000045,ErH4(CO2)4,116,C,3.406980514526367,0.1488095223903656,4.028503894805908,1.0,True
1,finetune_000045_v00,finetune_000045,ErH4(CO2)4,117,C,5.740664005279541,2.0223875045776367,0.9706066250801086,1.0,True
1,finetune_000045_v00,finetune_000045,ErH4(CO2)4,118,C,3.529805898666382,4.206789493560791,-1.0130184888839722,1.0,True
1,finetune_000045_v00,finetune_000045,ErH4(CO2)4,119,C,5.798844814300537,0.0711035281419754,-2.1249771118164062,1.0,True
1,finetune_000045_v00,finetune_000045,ErH4(CO2)4,120,O,3.245368003845215,-0.8959044814109802,-5.085564136505127,1.0,True
1,finetune_000045_v00,finetune_000045,ErH4(CO2)4,121,O,6.936596393585205,1.8065375089645386,1.0447310209274292,1.0,True
1,finetune_000045_v00,finetune_000045,ErH4(CO2)4,122,O,4.816241264343262,1.8928775787353516,1.7039927244186401,1.0,True
1,finetune_000045_v00,finetune_000045,ErH4(CO2)4,123,O,3.7108118534088135,-3.8141965866088867,-4.448215007781982,1.0,True
1,finetune_000045_v00,finetune_000045,ErH4(CO2)4,124,O,4.027572154998779,-3.425666570663452,-1.4949634075164795,1.0,True
1,finetune_000045_v00,finetune_000045,ErH4(CO2)4,125,O,3.6009154319763184,3.887331485748291,0.20021793246269226,0.959972636030068,True
1,finetune_000045_v00,finetune_000045,ErH4(CO2)4,126,O,5.992779731750488,-2.510462522506714,-3.933978319168091,0.9599835013542375,True
1,finetune_000045_v00,finetune_000045,ErH4(CO2)4,127,O,5.688948154449463,-0.9736104607582092,-1.4663394689559937,1.0,True
1,finetune_000045_v00,finetune_000045,ErH4(CO2)4,128,O,5.145930290222168,0.2610515356063843,-3.1886656284332275,1.0,True
1,finetune_000045_v00,finetune_000045,ErH4(CO2)4,129,Er,3.9370694160461426,-1.8629124164581299,6.621914863586426,1.0,True
1,finetune_000045_v00,finetune_000045,ErH4(CO2)4,130,H,4.079288482666016,0.7186535000801086,4.326967716217041,0.9599383293952309,True
1,finetune_000045_v00,finetune_000045,ErH4(CO2)4,131,O,3.245368003845215,-0.8959044814109802,4.669435501098633,0.959956803601628,True
1,finetune_000045_v00,finetune_000045,ErH4(CO2)4,132,O,3.7108118534088135,-3.8141965866088867,5.3067851066589355,1.0,True
1,finetune_000045_v00,finetune_000045,ErH4(CO2)4,133,O,3.7108118534088135,4.819803714752197,-4.448215007781982,1.0,True
1,finetune_000045_v00,finetune_000045,ErH4(CO2)4,134,O,4.027572154998779,5.208333492279053,-1.4949634075164795,0.9607531456655067,True
1,finetune_000033_v00,finetune_000033,NiH2(C5O4)2,0,Ni,-7.184131145477295,-1.693436861038208,-0.8314231038093567,0.9599453451180858,True
1,finetune_000033_v00,finetune_000033,NiH2(C5O4)2,1,H,-4.920526027679443,-3.3766629695892334,-4.2508440017700195,0.9599860226011648,True
1,finetune_000033_v00,finetune_000033,NiH2(C5O4)2,2,C,-2.536893606185913,3.9566280841827393,2.9427683353424072,0.9599947514144181,True
1,finetune_000033_v00,finetune_000033,NiH2(C5O4)2,3,C,-2.6572654247283936,4.964419364929199,1.9832059144973755,0.9199609812163385,True
1,finetune_000033_v00,finetune_000033,NiH2(C5O4)2,4,C,-2.833315134048462,4.267542362213135,4.397796154022217,0.9600018548012466,True
1,finetune_000033_v00,finetune_000033,NiH2(C5O4)2,5,C,-5.7663469314575195,-4.309406280517578,-0.256741464138031,0.9599432530661082,True
1,finetune_000033_v00,finetune_000033,NiH2(C5O4)2,6,C,-4.410863876342773,-1.4039647579193115,-4.194024562835693,0.9599595747373353,True
1,finetune_000033_v00,finetune_000033,NiH2(C5O4)2,7,C,-3.748746156692505,-0.3961733281612396,-4.894697189331055,0.9599778131203,True
1,finetune_000033_v00,finetune_000033,NiH2(C5O4)2,8,C,-5.04749870300293,-1.0930503606796265,-2.8515572547912598,0.9600057811804334,True
1,finetune_000033_v00,finetune_000033,NiH2(C5O4)2,9,C,-3.8039212226867676,1.0511866807937622,-4.499682903289795,0.9199237265126602,True
1,finetune_000033_v00,finetune_000033,NiH2(C5O4)2,10,C,-2.4298548698425293,4.674947738647461,0.6340932250022888,0.919957173416282,True
1,finetune_000033_v00,finetune_000033,NiH2(C5O4)2,11,C,-4.461615562438965,-2.690507173538208,-4.725215435028076,0.9600066077688296,True
1,finetune_000033_v00,finetune_000033,NiH2(C5O4)2,12,O,-3.7809245586395264,5.060910224914551,4.638035774230957,0.9599761444225049,True
1,finetune_000033_v00,finetune_000033,NiH2(C5O4)2,13,O,-6.769394874572754,-3.719740867614746,-0.7730687260627747,0.9599401282143838,False
1,finetune_000033_v00,finetune_000033,NiH2(C5O4)2,14,O,-4.881709575653076,-3.7840681076049805,0.4578179121017456,0.8799079455899644,True
1,finetune_000033_v00,finetune_000033,NiH2(C5O4)2,15,O,-6.141130447387695,-1.6612732410430908,-2.6035425662994385,0.9199530229700795,True
1,finetune_000033_v00,finetune_000033,NiH2(C5O4)2,16,O,-4.423324108123779,-0.2996826767921448,-2.0912868976593018,0.9599772149496406,True
1,finetune_000033_v00,finetune_000033,NiH2(C5O4)2,17,O,-4.94014835357666,1.5765248537063599,-4.453734397888184,0.9599516594083288,True
1,finetune_000033_v00,finetune_000033,NiH2(C5O4)2,18,O,-7.675663471221924,0.3007037341594696,-0.7261064648628235,0.9599459055665208,True
1,finetune_000033_v00,finetune_000033,NiH2(C5O4)2,19,O,-2.558358907699585,3.4527323246002197,-2.069376230239868,0.9599542379545652,True
1,finetune_000033_v00,finetune_000033,NiH2(C5O4)2,20,C,-3.748746156692505,-0.3961733281612396,6.514302730560303,0.9599660138503601,True
1,finetune_000033_v00,finetune_000033,NiH2(C5O4)2,21,C,-3.8039212226867676,1.0511866807937622,6.9093170166015625,0.9599480661143618,True
1,finetune_000033_v00,finetune_000033,NiH2(C5O4)2,22,H,-2.515284776687622,5.361103534698486,-0.020375367254018784,0.9607594509267562,True
1,finetune_000033_v00,finetune_000033,NiH2(C5O4)2,23,H,-2.0027048587799072,7.344522953033447,-1.6609067916870117,0.9599704179580153,True
1,finetune_000033_v00,finetune_000033,NiH2(C5O4)2,24,C,-2.8485255241394043,6.411779403686523,2.333195924758911,0.959962267919581,True
1,finetune_000033_v00,finetune_000033,NiH2(C5O4)2,25,O,-1.9638882875442505,6.937117576599121,3.047755241394043,1.0,True
1,finetune_000033_v00,finetune_000033,NiH2(C5O4)2,26,O,-1.9913089275360107,5.661296367645264,-3.737633228302002,1.0,True
1,finetune_000033_v00,finetune_000033,NiH2(C5O4)2,27,C,1.349542260169983,-6.764557838439941,2.604046106338501,1.0,True
1,finetune_000033_v00,finetune_000033,NiH2(C5O4)2,28,C,1.229170560836792,-5.756766319274902,1.6444836854934692,1.0,True
1,finetune_000033_v00,finetune_000033,NiH2(C5O4)2,29,C,1.053120732307434,-6.453643321990967,4.059074401855469,1.0,True
1,finetune_000033_v00,finetune_000033,NiH2(C5O4)2,30,C,1.4565809965133667,-6.046238422393799,0.2953711152076721,1.0,True
1,finetune_000033_v00,finetune_000033,NiH2(C5O4)2,31,O,0.10551148653030396,-5.660275459289551,4.299314022064209,1.0,True
1,finetune_000033_v00,finetune_000033,NiH2(C5O4)2,32,O,1.3280770778656006,-7.268453598022461,-2.4080982208251953,1.0,True
1,finetune_000033_v00,finetune_000033,NiH2(C5O4)2,33,H,-2.6677780151367188,0.0005105326417833567,-6.587610721588135,0.959962267919581,True
1,finetune_000033_v00,finetune_000033,NiH2(C5O4)2,34,C,3.970942258834839,4.267542362213135,-4.759988307952881,0.9599752098497796,True
1,finetune_000033_v00,finetune_000033,NiH2(C5O4)2,35,O,-2.1034064292907715,3.69931960105896,-6.159863471984863,1.0,True
1,finetune_000033_v00,finetune_000033,NiH2(C5O4)2,36,O,3.0233328342437744,5.060910224914551,-4.519748687744141,0.9599660138503601,True
1,finetune_000033_v00,finetune_000033,NiH2(C5O4)2,37,Ni,-2.323091745376587,3.6671559810638428,-4.115346908569336,1.0,True
1,finetune_000033_v00,finetune_000033,NiH2(C5O4)2,38,Ni,-0.37987378239631653,-1.693436861038208,1.4197921752929688,1.0,True
1,finetune_000033_v00,finetune_000033,NiH2(C5O4)2,39,H,-2.100764036178589,1.9839298725128174,3.1988675594329834,1.0,True
1,finetune_000033_v00,finetune_000033,NiH2(C5O4)2,40,H,1.371151328086853,-5.360082149505615,-0.35909751057624817,1.0,True
1,finetune_000033_v00,finetune_000033,NiH2(C5O4)2,41,H,1.8837312459945679,-3.3766629695892334,-1.9996289014816284,1.0,True
1,finetune_000033_v00,finetune_000033,NiH2(C5O4)2,42,H,-2.6677780151367188,0.0005105326417833567,4.821389198303223,1.0,True
1,finetune_000033_v00,finetune_000033,NiH2(C5O4)2,43,C,4.267363548278809,3.9566280841827393,5.193983554840088,1.0,True
1,finetune_000033_v00,finetune_000033,NiH2(C5O4)2,44,C,4.146992206573486,4.964419364929199,4.234421253204346,1.0,True
1,finetune_000033_v00,finetune_000033,NiH2(C5O4)2,45,C,1.0379103422164917,-4.309406280517578,1.9944738149642944,0.9599401282143838,False
1,finetune_000033_v00,finetune_000033,NiH2(C5O4)2,46,C,-3.8424758911132812,-2.9907002449035645,-5.934938907623291,1.0,True
1,finetune_000033_v00,finetune_000033,NiH2(C5O4)2,47,C,-3.173553705215454,-1.982908844947815,-6.633359909057617,1.0,True
1,finetune_000033_v00,finetune_000033,NiH2(C5O4)2,48,C,-2.6379904747009277,-2.1651690006256104,3.385000467300415,1.0,True
1,finetune_000033_v00,finetune_000033,NiH2(C5O4)2,49,C,2.3933932781219482,-1.4039647579193115,-1.9428093433380127,0.9600057811804334,True
1,finetune_000033_v00,finetune_000033,NiH2(C5O4)2,50,C,3.055511236190796,-0.3961733281612396,-2.643481969833374,1.0,True
1,finetune_000033_v00,finetune_000033,NiH2(C5O4)2,51,C,1.7567589282989502,-1.0930503606796265,-0.6003419756889343,1.0,True
1,finetune_000033_v00,finetune_000033,NiH2(C5O4)2,52,C,3.000336170196533,1.0511866807937622,-2.2484676837921143,1.0,True
1,finetune_000033_v00,finetune_000033,NiH2(C5O4)2,53,C,-1.9685053825378418,2.3698925971984863,1.2018541097640991,1.0,True
1,finetune_000033_v00,finetune_000033,NiH2(C5O4)2,54,C,-2.0820727348327637,3.3776841163635254,0.24454300105571747,1.0,True
1,finetune_000033_v00,finetune_000033,NiH2(C5O4)2,55,C,-1.63240647315979,0.9546960592269897,0.7677502036094666,0.9599516594083288,True
1,finetune_000033_v00,finetune_000033,NiH2(C5O4)2,56,C,-1.6825947761535645,3.1954238414764404,-1.1911207437515259,1.0,True
1,finetune_000033_v00,finetune_000033,NiH2(C5O4)2,57,C,-2.1861937046051025,2.6700856685638428,2.5443990230560303,0.9599459055665208,True
1,finetune_000033_v00,finetune_000033,NiH2(C5O4)2,58,C,4.3744025230407715,4.674947738647461,2.8853085041046143,1.0,True
1,finetune_000033_v00,finetune_000033,NiH2(C5O4)2,59,C,2.342642068862915,-2.690507173538208,-2.4740004539489746,0.9599704179580153,True
1,finetune_000033_v00,finetune_000033,NiH2(C5O4)2,60,C,-3.1266889572143555,-0.685645341873169,-6.113239288330078,1.0,True
1,finetune_000033_v00,finetune_000033,NiH2(C5O4)2,61,O,-2.1034064292907715,3.69931960105896,5.249136447906494,1.0,True
1,finetune_000033_v00,finetune_000033,NiH2(C5O4)2,62,O,0.034862518310546875,-3.719740867614746,1.4781465530395508,1.0,True
1,finetune_000033_v00,finetune_000033,NiH2(C5O4)2,63,O,1.922547698020935,-3.7840681076049805,2.709033250808716,1.0,True
1,finetune_000033_v00,finetune_000033,NiH2(C5O4)2,64,O,1.8951270580291748,-5.059889316558838,-4.076355457305908,0.9599553186150352,True
1,finetune_000033_v00,finetune_000033,NiH2(C5O4)2,65,O,-1.4044348001480103,-1.907860517501831,3.2046217918395996,1.0,True
1,finetune_000033_v00,finetune_000033,NiH2(C5O4)2,66,O,-3.467189311981201,-2.486804485321045,2.5028789043426514,1.0,True
1,finetune_000033_v00,finetune_000033,NiH2(C5O4)2,67,O,0.6631268262863159,-1.6612732410430908,-0.3523273468017578,1.0,True
1,finetune_000033_v00,finetune_000033,NiH2(C5O4)2,68,O,2.3809330463409424,-0.2996826767921448,0.1599283218383789,1.0,True
1,finetune_000033_v00,finetune_000033,NiH2(C5O4)2,69,O,-2.6976492404937744,1.6408519744873047,-4.318133354187012,1.0,True
1,finetune_000033_v00,finetune_000033,NiH2(C5O4)2,70,O,1.8641090393066406,1.5765248537063599,-2.202519178390503,1.0,True
1,finetune_000033_v00,finetune_000033,NiH2(C5O4)2,71,O,-0.8714061379432678,0.3007037341594696,1.525108814239502,1.0,True
1,finetune_000033_v00,finetune_000033,NiH2(C5O4)2,72,O,-2.1515390872955322,0.5472909808158875,-0.3100062906742096,1.0,True
1,finetune_000033_v00,finetune_000033,NiH2(C5O4)2,73,O,4.245898723602295,3.4527323246002197,0.18183909356594086,1.0,True
1,finetune_000033_v00,finetune_000033,NiH2(C5O4)2,74,O,-0.4909290671348572,2.873788356781006,-1.4046313762664795,1.0,True
1,finetune_000033_v00,finetune_000033,NiH2(C5O4)2,75,C,-3.8424758911132812,-2.9907002449035645,5.474061489105225,0.9599542379545652,True
1,finetune_000033_v00,finetune_000033,NiH2(C5O4)2,76,C,-3.173553705215454,-1.982908844947815,4.77564001083374,1.0,True
1,finetune_000033_v00,finetune_000033,NiH2(C5O4)2,77,C,-3.8465898036956787,-4.4058966636657715,4.927396774291992,1.0,True
1,finetune_000033_v00,finetune_000033,NiH2(C5O4)2,78,C,-3.1266889572143555,-0.685645341873169,5.295760631561279,1.0,True
1,finetune_000033_v00,finetune_000033,NiH2(C5O4)2,79,O,-2.7939391136169434,-4.813302040100098,4.369670867919922,1.0,True
1,finetune_000033_v00,finetune_000033,NiH2(C5O4)2,80,O,-2.6976492404937744,1.6408519744873047,7.090866565704346,1.0,True
1,finetune_000033_v00,finetune_000033,NiH2(C5O4)2,81,H,4.288972854614258,5.361103534698486,2.230839967727661,0.9599662298019204,True
1,finetune_000033_v00,finetune_000033,NiH2(C5O4)2,82,C,-0.9287683963775635,6.31528902053833,-3.8916659355163574,1.0,True
1,finetune_000033_v00,finetune_000033,NiH2(C5O4)2,83,O,4.812948226928711,5.661296367645264,-1.4864178895950317,0.9599432530661082,True
1,finetune_000033_v00,finetune_000033,NiH2(C5O4)2,84,O,0.12388242036104202,5.907883644104004,-4.449391841888428,1.0,True
1,finetune_000033_v00,finetune_000033,NiH2(C5O4)2,85,C,1.8043631315231323,-7.343501567840576,-0.09417914599180222,1.0,True
1,finetune_000033_v00,finetune_000033,NiH2(C5O4)2,86,C,2.203841209411621,-7.52576208114624,-1.5298428535461426,1.0,True
1,finetune_000033_v00,finetune_000033,NiH2(C5O4)2,87,H,4.703493595123291,1.9839298725128174,-5.958917140960693,1.0,True
1,finetune_000033_v00,finetune_000033,NiH2(C5O4)2,88,H,4.136479377746582,0.0005105326417833567,-4.336395263671875,1.0,True
1,finetune_000033_v00,finetune_000033,NiH2(C5O4)2,89,C,4.166266918182373,-2.1651690006256104,-5.772784233093262,1.0,True
1,finetune_000033_v00,finetune_000033,NiH2(C5O4)2,90,O,4.700850963592529,3.69931960105896,-3.9086480140686035,1.0,True
1,finetune_000033_v00,finetune_000033,NiH2(C5O4)2,91,O,3.3370683193206787,-2.486804485321045,-6.654905796051025,0.9599860226011648,True
1,finetune_000033_v00,finetune_000033,NiH2(C5O4)2,92,Ni,4.481165885925293,3.6671559810638428,-1.8641315698623657,1.0,True
1,finetune_000033_v00,finetune_000033,NiH2(C5O4)2,93,Ni,6.424383640289307,-1.693436861038208,3.6710073947906494,0.9599595747373353,True
1,finetune_000033_v00,finetune_000033,NiH2(C5O4)2,94,H,4.703493595123291,1.9839298725128174,5.450082778930664,1.0,True
1,finetune_000033_v00,finetune_000033,NiH2(C5O4)2,95,C,2.9617815017700195,-2.9907002449035645,-3.6837234497070312,1.0,True
1,finetune_000033_v00,finetune_000033,NiH2(C5O4)2,96,C,3.6307036876678467,-1.982908844947815,-4.382144927978516,1.0,True
1,finetune_000033_v00,finetune_000033,NiH2(C5O4)2,97,C,2.957667589187622,-4.4058966636657715,-4.230388164520264,0.9599453451180858,True
1,finetune_000033_v00,finetune_000033,NiH2(C5O4)2,98,C,4.166266918182373,-2.1651690006256104,5.636215686798096,1.0,True
1,finetune_000033_v00,finetune_000033,NiH2(C5O4)2,99,C,4.835752010345459,2.3698925971984863,3.4530694484710693,1.0,True
1,finetune_000033_v00,finetune_000033,NiH2(C5O4)2,100,C,4.722184658050537,3.3776841163635254,2.495758295059204,1.0,True
1,finetune_000033_v00,finetune_000033,NiH2(C5O4)2,101,C,5.171850681304932,0.9546960592269897,3.018965482711792,1.0,True
1,finetune_000033_v00,finetune_000033,NiH2(C5O4)2,102,C,5.121662616729736,3.1954238414764404,1.0600944757461548,1.0,True
1,finetune_000033_v00,finetune_000033,NiH2(C5O4)2,103,C,4.618063926696777,2.6700856685638428,4.795614242553711,1.0,True
1,finetune_000033_v00,finetune_000033,NiH2(C5O4)2,104,C,3.6775686740875244,-0.685645341873169,-3.8620240688323975,0.9600066077688296,True
1,finetune_000033_v00,finetune_000033,NiH2(C5O4)2,105,O,4.010318279266357,-4.813302040100098,-4.788114070892334,1.0,True
1,finetune_000033_v00,finetune_000033,NiH2(C5O4)2,106,O,5.39982271194458,-1.907860517501831,5.455837249755859,1.0,True
1,finetune_000033_v00,finetune_000033,NiH2(C5O4)2,107,O,3.3370683193206787,-2.486804485321045,4.754094123840332,1.0,True
1,finetune_000033_v00,finetune_000033,NiH2(C5O4)2,108,O,7.467384338378906,-1.6612732410430908,1.8988878726959229,0.9599480661143618,True
1,finetune_000033_v00,finetune_000033,NiH2(C5O4)2,109,O,4.106607913970947,1.6408519744873047,-2.066918134689331,0.9599831485501685,True
1,finetune_000033_v00,finetune_000033,NiH2(C5O4)2,110,O,5.932851314544678,0.3007037341594696,3.7763240337371826,1.0,True
1,finetune_000033_v00,finetune_000033,NiH2(C5O4)2,111,O,4.6527180671691895,0.5472909808158875,1.9412089586257935,1.0,True
1,finetune_000033_v00,finetune_000033,NiH2(C5O4)2,112,O,6.313328266143799,2.873788356781006,0.8465838432312012,1.0,True
1,finetune_000215_v00,finetune_000215,Ho(CO2)4,0,C,-4.788256645202637,-6.322839260101318,0.7747468948364258,0.9198217952845612,True
1,finetune_000215_v00,finetune_000215,Ho(CO2)4,1,C,-5.348786354064941,0.22238461673259735,-5.849793434143066,0.9599727604319832,True
1,finetune_000215_v00,finetune_000215,Ho(CO2)4,2,Ho,-6.792863845825195,0.36115261912345886,-2.9908056259155273,0.9598386676645569,False
1,finetune_000215_v00,finetune_000215,Ho(CO2)4,3,C,-6.621854782104492,3.529688596725464,-2.5166242122650146,0.9197874462147755,False
1,finetune_000215_v00,finetune_000215,Ho(CO2)4,4,C,-6.659856796264648,-2.749563455581665,-2.400517225265503,0.9599438062199208,True
1,finetune_000215_v00,finetune_000215,Ho(CO2)4,5,C,-4.788256645202637,5.2411603927612305,0.7747468948364258,0.9599708350374946,True
1,finetune_000215_v00,finetune_000215,Ho(CO2)4,6,O,-6.061324596405029,2.662388563156128,-3.241712808609009,0.9600390220805711,True
1,finetune_000215_v00,finetune_000215,Ho(CO2)4,7,O,-6.042323589324951,-1.882263422012329,-3.061300754547119,0.9599412174512285,True
1,finetune_000215_v00,finetune_000215,Ho(CO2)4,8,O,-5.728806972503662,4.709216594696045,0.14173263311386108,0.960019141111376,True
1,finetune_000215_v00,finetune_000215,Ho(CO2)4,9,O,-7.799917697906494,-1.0149633884429932,-1.2652713060379028,0.960036989111441,True
1,finetune_000215_v00,finetune_000215,Ho(CO2)4,10,O,-5.0637712478637695,0.11830861866474152,5.172105312347412,0.9199714893197696,True
1,finetune_000215_v00,finetune_000215,Ho(CO2)4,11,O,-5.586299419403076,-4.195063591003418,0.07014364749193192,0.9600315119661684,True
1,finetune_000215_v00,finetune_000215,Ho(CO2)4,12,Ho,-2.042609453201294,-5.698383331298828,2.3679280281066895,0.9598510674393932,True
1,finetune_000215_v00,finetune_000215,Ho(CO2)4,13,C,4.712252616882324,-6.322839260101318,-0.7367855906486511,0.919826078733506,True
1,finetune_000215_v00,finetune_000215,Ho(CO2)4,14,O,3.7717020511627197,-6.854783535003662,-1.3697998523712158,0.9200144392560426,True
1,finetune_000215_v00,finetune_000215,Ho(CO2)4,15,O,-1.7290925979614258,-5.686819553375244,0.006766439415514469,0.9600461881566473,True
1,finetune_000215_v00,finetune_000215,Ho(CO2)4,16,O,0.3135167956352234,-5.663691520690918,1.699571967124939,0.8800467953212164,True
1,finetune_000215_v00,finetune_000215,Ho(CO2)4,17,C,0.03800203651189804,-0.5408393740653992,-6.1320695877075195,0.9599519352507563,True
1,finetune_000215_v00,finetune_000215,Ho(CO2)4,18,O,-0.8360447883605957,-1.142167329788208,-6.8001227378845215,0.9600358174573281,True
1,finetune_000215_v00,finetune_000215,Ho(CO2)4,19,O,-0.9785524010658264,1.5175526142120361,-6.728533744812012,0.9600503947361594,True
1,finetune_000215_v00,finetune_000215,Ho(CO2)4,20,O,3.0211617946624756,0.3495886027812958,-6.863499641418457,0.9600735917247585,True
1,finetune_000215_v00,finetune_000215,Ho(CO2)4,21,Ho,2.7076449394226074,0.36115261912345886,-4.502338409423828,0.9598916837805472,True
1,finetune_000215_v00,finetune_000215,Ho(CO2)4,22,Ho,2.042609453201294,-5.420847415924072,-2.3665170669555664,0.9598924565481101,True
1,finetune_000215_v00,finetune_000215,Ho(CO2)4,23,Ho,-2.7076449394226074,0.08361661434173584,4.503749370574951,0.9599100824221384,True
1,finetune_000215_v00,finetune_000215,Ho(CO2)4,24,Ho,-2.042609453201294,5.865616798400879,2.3679280281066895,1.0,True
1,finetune_000215_v00,finetune_000215,Ho(CO2)4,25,C,1.9096022844314575,3.0324366092681885,-2.956805467605591,1.0,True
1,finetune_000215_v00,finetune_000215,Ho(CO2)4,26,C,0.03800203651189804,-0.5408393740653992,6.096930503845215,1.0,True
1,finetune_000215_v00,finetune_000215,Ho(CO2)4,27,C,2.8786542415618896,3.529688596725464,-4.028156757354736,1.0,True
1,finetune_000215_v00,finetune_000215,Ho(CO2)4,28,C,-4.151722431182861,0.22238461673259735,-4.866262912750244,1.0,True
1,finetune_000215_v00,finetune_000215,Ho(CO2)4,29,C,2.8406522274017334,-2.749563455581665,-3.9120497703552246,1.0,True
1,finetune_000215_v00,finetune_000215,Ho(CO2)4,30,C,4.712252616882324,5.2411603927612305,-0.7367855906486511,1.0,True
1,finetune_000215_v00,finetune_000215,Ho(CO2)4,31,C,1.8716002702713013,-2.2523114681243896,-2.840698480606079,1.0,True
1,finetune_000215_v00,finetune_000215,Ho(CO2)4,32,C,-0.5985320806503296,-5.559615612030029,-0.49105992913246155,1.0,True
1,finetune_000215_v00,finetune_000215,Ho(CO2)4,33,C,-1.9096022844314575,-2.587667465209961,2.958216667175293,1.0,True
1,finetune_000215_v00,finetune_000215,Ho(CO2)4,34,C,-0.03800203651189804,0.9856086373329163,-6.095519542694092,1.0,True
1,finetune_000215_v00,finetune_000215,Ho(CO2)4,35,C,-2.8786542415618896,-3.0849194526672363,4.029567718505859,1.0,True
1,finetune_000215_v00,finetune_000215,Ho(CO2)4,36,C,4.151722431182861,0.22238461673259735,4.867673873901367,1.0,True
1,finetune_000215_v00,finetune_000215,Ho(CO2)4,37,C,-2.8406522274017334,3.1943325996398926,3.9134607315063477,1.0,True
1,finetune_000215_v00,finetune_000215,Ho(CO2)4,38,C,-4.712252616882324,-4.796391487121582,0.7381966710090637,1.0,True
1,finetune_000215_v00,finetune_000215,Ho(CO2)4,39,C,-1.8716002702713013,2.697080612182617,2.842109441757202,0.9598510674393932,True
1,finetune_000215_v00,finetune_000215,Ho(CO2)4,40,C,0.5985320806503296,-5.559615612030029,0.49247097969055176,0.9598916837805472,True
1,finetune_000215_v00,finetune_000215,Ho(CO2)4,41,O,1.7955962419509888,1.7835246324539185,-2.828606128692627,1.0,True
1,finetune_000215_v00,finetune_000215,Ho(CO2)4,42,O,1.2920691967010498,3.8997366428375244,-2.2960219383239746,1.0,True
1,finetune_000215_v00,finetune_000215,Ho(CO2)4,43,O,0.9785524010658264,-1.072783350944519,-5.4990553855896,0.9598924565481101,True
1,finetune_000215_v00,finetune_000215,Ho(CO2)4,44,O,-0.8360447883605957,-1.142167329788208,5.428877353668213,1.0,True
1,finetune_000215_v00,finetune_000215,Ho(CO2)4,45,O,3.0496633052825928,4.767036437988281,-4.104280471801758,1.0,True
1,finetune_000215_v00,finetune_000215,Ho(CO2)4,46,O,3.4391841888427734,2.662388563156128,-4.7532453536987305,0.9599727604319832,True
1,finetune_000215_v00,finetune_000215,Ho(CO2)4,47,O,-3.0211617946624756,0.09518061578273773,-5.364089012145996,1.0,True
1,finetune_000215_v00,finetune_000215,Ho(CO2)4,48,O,-4.436737537384033,0.3264606297016144,-3.6591618061065674,1.0,True
1,finetune_000215_v00,finetune_000215,Ho(CO2)4,49,O,2.954658269882202,-3.9984753131866455,-4.052478313446045,1.0,True
1,finetune_000215_v00,finetune_000215,Ho(CO2)4,50,O,3.4581851959228516,-1.882263422012329,-4.57283353805542,1.0,True
1,finetune_000215_v00,finetune_000215,Ho(CO2)4,51,O,3.7717020511627197,4.709216594696045,-1.3697998523712158,1.0,True
1,finetune_000215_v00,finetune_000215,Ho(CO2)4,52,O,-3.9142096042633057,4.639832496643066,1.4427999258041382,0.9599438062199208,True
1,finetune_000215_v00,finetune_000215,Ho(CO2)4,53,O,1.7005910873413086,-1.0149633884429932,-2.776803731918335,1.0,True
1,finetune_000215_v00,finetune_000215,Ho(CO2)4,54,O,1.311070203781128,-3.1196115016937256,-2.115609884262085,1.0,True
1,finetune_000215_v00,finetune_000215,Ho(CO2)4,55,O,-1.7290925979614258,5.877180576324463,0.006766439415514469,0.9199974504640316,True
1,finetune_000215_v00,finetune_000215,Ho(CO2)4,56,O,-0.3135167956352234,-5.455539226531982,-1.7103898525238037,1.0,True
1,finetune_000215_v00,finetune_000215,Ho(CO2)4,57,O,-1.7955962419509888,-1.3387553691864014,2.83001708984375,1.0,True
1,finetune_000215_v00,finetune_000215,Ho(CO2)4,58,O,-1.2920691967010498,-3.454967498779297,2.2974328994750977,1.0,True
1,finetune_000215_v00,finetune_000215,Ho(CO2)4,59,O,-0.9785524010658264,1.5175526142120361,5.500466346740723,0.9199491045027094,True
1,finetune_000215_v00,finetune_000215,Ho(CO2)4,60,O,0.8360447883605957,1.586936593055725,-5.42746639251709,1.0,True
1,finetune_000215_v00,finetune_000215,Ho(CO2)4,61,O,-3.0496633052825928,-4.322267532348633,4.0934624671936035,1.0,True
1,finetune_000215_v00,finetune_000215,Ho(CO2)4,62,O,-3.4391841888427734,-2.2176194190979004,4.7546563148498535,1.0,True
1,finetune_000215_v00,finetune_000215,Ho(CO2)4,63,O,3.0211617946624756,0.3495886027812958,5.365499973297119,1.0,True
1,finetune_000215_v00,finetune_000215,Ho(CO2)4,64,O,4.436737537384033,0.11830861866474152,3.6605727672576904,1.0,True
1,finetune_000215_v00,finetune_000215,Ho(CO2)4,65,O,-2.954658269882202,4.443244457244873,4.041660308837891,1.0,True
1,finetune_000215_v00,finetune_000215,Ho(CO2)4,66,O,-3.4581851959228516,2.3270325660705566,4.574244499206543,1.0,True
1,finetune_000215_v00,finetune_000215,Ho(CO2)4,67,O,-3.7717020511627197,-4.264447212219238,1.3712109327316284,0.960036989111441,True
1,finetune_000215_v00,finetune_000215,Ho(CO2)4,68,O,3.9142096042633057,-4.195063591003418,-1.4413888454437256,0.9600503947361594,True
1,finetune_000215_v00,finetune_000215,Ho(CO2)4,69,O,-1.7005910873413086,1.4597326517105103,2.778214931488037,0.9600315119661684,True
1,finetune_000215_v00,finetune_000215,Ho(CO2)4,70,O,-1.311070203781128,3.564380645751953,2.117021083831787,1.0,True
1,finetune_000215_v00,finetune_000215,Ho(CO2)4,71,O,1.7290925979614258,-5.432411193847656,-0.005355400964617729,1.0,True
1,finetune_000215_v00,finetune_000215,Ho(CO2)4,72,O,0.3135167956352234,5.900308609008789,1.699571967124939,1.0,True
1,finetune_000215_v00,finetune_000215,Ho(CO2)4,73,C,-0.03800203651189804,0.9856086373329163,6.133480548858643,1.0,True
1,finetune_000215_v00,finetune_000215,Ho(CO2)4,74,O,0.9785524010658264,-1.072783350944519,6.729944705963135,1.0,True
1,finetune_000215_v00,finetune_000215,Ho(CO2)4,75,O,-3.0211617946624756,0.09518061578273773,6.864911079406738,0.9600735917247585,True
1,finetune_000215_v00,finetune_000215,Ho(CO2)4,76,O,0.8360447883605957,1.586936593055725,6.8015336990356445,1.0,True
1,finetune_000215_v00,finetune_000215,Ho(CO2)4,77,Ho,2.042609453201294,6.143152713775635,-2.3665170669555664,1.0,True
1,finetune_000215_v00,finetune_000215,Ho(CO2)4,78,C,-0.5985320806503296,6.004384517669678,-0.49105992913246155,0.9599412174512285,True
1,finetune_000215_v00,finetune_000215,Ho(CO2)4,79,C,0.5985320806503296,6.004384517669678,0.49247097969055176,1.0,True
1,finetune_000215_v00,finetune_000215,Ho(CO2)4,80,O,-0.3135167956352234,6.108460426330566,-1.7103898525238037,1.0,True
1,finetune_000215_v00,finetune_000215,Ho(CO2)4,81,O,1.7290925979614258,6.131588459014893,-0.005355400964617729,1.0,True
1,finetune_000215_v00,finetune_000215,Ho(CO2)4,82,Ho,6.792863845825195,0.08361661434173584,2.9922168254852295,1.0,True
1,finetune_000215_v00,finetune_000215,Ho(CO2)4,83,C,6.621854782104492,-3.0849194526672363,2.518035411834717,1.0,True
1,finetune_000215_v00,finetune_000215,Ho(CO2)4,84,C,6.659856796264648,3.1943325996398926,2.401928186416626,1.0,True
1,finetune_000215_v00,finetune_000215,Ho(CO2)4,85,C,4.788256645202637,-4.796391487121582,-0.773335874080658,1.0,True
1,finetune_000215_v00,finetune_000215,Ho(CO2)4,86,O,5.0637712478637695,0.3264606297016144,-5.170694351196289,0.9199838822167767,True
1,finetune_000215_v00,finetune_000215,Ho(CO2)4,87,O,5.586299419403076,4.639832496643066,-0.0687326043844223,1.0,True
1,finetune_000215_v00,finetune_000215,Ho(CO2)4,88,O,7.7049126625061035,-1.3387553691864014,1.3184846639633179,1.0,True
1,finetune_000215_v00,finetune_000215,Ho(CO2)4,89,O,6.061324596405029,-2.2176194190979004,3.243123769760132,0.9207312374524357,True
1,finetune_000215_v00,finetune_000215,Ho(CO2)4,90,O,6.042323589324951,2.3270325660705566,3.062711715698242,1.0,True
1,finetune_000215_v00,finetune_000215,Ho(CO2)4,91,O,5.728806972503662,-4.264447212219238,-0.14032159745693207,1.0,True
1,finetune_000215_v00,finetune_000215,Ho(CO2)4,92,C,5.348786354064941,0.22238461673259735,5.851204872131348,1.0,True
1,finetune_000024_v00,finetune_000024,TbH2C5O6,0,H,-2.4966466426849365,-5.376342296600342,1.122603178024292,0.9599779036873646,True
1,finetune_000024_v00,finetune_000024,TbH2C5O6,1,C,-1.8527796268463135,-5.839414119720459,-4.237049102783203,0.9599641542696732,True
1,finetune_000024_v00,finetune_000024,TbH2C5O6,2,C,-1.9968297481536865,-6.145512580871582,1.3261597156524658,0.9199278091982778,True
1,finetune_000024_v00,finetune_000024,TbH2C5O6,3,O,-2.5936172008514404,-4.976059913635254,-4.728409767150879,0.959989577828025,True
1,finetune_000024_v00,finetune_000024,TbH2C5O6,4,O,-4.059499263763428,-3.9557321071624756,3.042137861251831,0.959953758696634,True
1,finetune_000024_v00,finetune_000024,TbH2C5O6,5,H,-5.354129314422607,-0.33749300241470337,-5.150423049926758,0.9599833076791644,True
1,finetune_000024_v00,finetune_000024,TbH2C5O6,6,H,-6.863612651824951,2.47233247756958,-0.49913617968559265,0.9599658002016886,True
1,finetune_000024_v00,finetune_000024,TbH2C5O6,7,H,-4.366323471069336,-0.9182949662208557,2.049576997756958,0.9599435699323132,False
1,finetune_000024_v00,finetune_000024,TbH2C5O6,8,C,-7.08732795715332,0.5337098836898804,0.2805856466293335,0.959968846697589,True
1,finetune_000024_v00,finetune_000024,TbH2C5O6,9,C,-6.363795757293701,1.703162431716919,-0.2955796420574188,0.9599677496994395,True
1,finetune_000024_v00,finetune_000024,TbH2C5O6,10,C,-4.636186599731445,-2.9354043006896973,2.5737335681915283,0.9599564773312731,True
1,finetune_000024_v00,finetune_000024,TbH2C5O6,11,C,-3.884965658187866,-1.7188597917556763,2.150907516479492,0.9599675981812913,True
1,finetune_000024_v00,finetune_000024,TbH2C5O6,12,O,-6.584725379943848,-0.6278939843177795,0.2873508930206299,0.8799657905781219,True
1,finetune_000024_v00,finetune_000024,TbH2C5O6,13,O,-5.8705596923828125,-2.8961610794067383,2.4245595932006836,0.9599936550440387,True
1,finetune_000024_v00,finetune_000024,TbH2C5O6,14,O,-7.175983428955078,-3.3749301433563232,-0.08710981905460358,0.9599937951369271,True
1,finetune_000024_v00,finetune_000024,TbH2C5O6,15,Tb,3.3165974617004395,-5.815867900848389,1.4607422351837158,0.9599577542381839,True
1,finetune_000024_v00,finetune_000024,TbH2C5O6,16,H,-0.2487955093383789,-6.930379867553711,1.1939597129821777,0.959952753781449,True
1,finetune_000024_v00,finetune_000024,TbH2C5O6,17,C,0.02106763795018196,-4.913270473480225,0.6698030829429626,0.9599595955378559,True
1,finetune_000024_v00,finetune_000024,TbH2C5O6,18,C,-0.7301531434059143,-6.129815101623535,1.092629313468933,0.9599551132633024,True
1,finetune_000024_v00,finetune_000024,TbH2C5O6,19,C,3.1844775676727295,-4.512988090515137,4.410898685455322,0.9599600358620434,True
1,finetune_000024_v00,finetune_000024,TbH2C5O6,20,O,-0.5933499932289124,-5.7138352394104,-4.243814468383789,0.9599881039901538,True
1,finetune_000024_v00,finetune_000024,TbH2C5O6,21,O,2.846982002258301,-3.9871268272399902,5.491150856018066,0.9599617732457357,True
1,finetune_000024_v00,finetune_000024,TbH2C5O6,22,O,1.2554407119750977,-4.952513694763184,0.8189769983291626,0.9599628352082578,True
1,finetune_000024_v00,finetune_000024,TbH2C5O6,23,O,2.5608644485473633,-4.473744869232178,3.330646514892578,0.9599626765122778,True
1,finetune_000024_v00,finetune_000024,TbH2C5O6,24,O,4.92226505279541,-3.9557321071624756,1.4203985929489136,1.0,True
1,finetune_000024_v00,finetune_000024,TbH2C5O6,25,H,-1.1770535707473755,-0.8712028861045837,-7.699136257171631,1.0,True
1,finetune_000024_v00,finetune_000024,TbH2C5O6,26,C,-2.7623391151428223,-2.009260654449463,-6.919414520263672,0.9599677496994395,True
1,finetune_000024_v00,finetune_000024,TbH2C5O6,27,C,-2.0922021865844727,-0.8084135055541992,-7.495579719543457,1.0,True
1,finetune_000024_v00,finetune_000024,TbH2C5O6,28,O,-2.0215017795562744,-2.872615098953247,-6.428053379058838,0.9599658002016886,True
1,finetune_000024_v00,finetune_000024,TbH2C5O6,29,Tb,0.02026440016925335,3.8536994457244873,5.739315509796143,1.0,True
1,finetune_000024_v00,finetune_000024,TbH2C5O6,30,Tb,-1.0503687858581543,2.032806873321533,-0.1609971970319748,1.0,True
1,finetune_000024_v00,finetune_000024,TbH2C5O6,31,Tb,-0.020585177466273308,-3.8536994457244873,-5.7392578125,1.0,True
1,finetune_000024_v00,finetune_000024,TbH2C5O6,32,Tb,1.0500479936599731,-2.032806873321533,0.16105511784553528,0.9199088719599364,True
1,finetune_000024_v00,finetune_000024,TbH2C5O6,33,H,3.6276350021362305,-0.33749300241470337,-6.772162437438965,1.0,True
1,finetune_000024_v00,finetune_000024,TbH2C5O6,34,H,1.1767327785491943,0.8712028861045837,-6.7008056640625,1.0,True
1,finetune_000024_v00,finetune_000024,TbH2C5O6,35,H,-4.615761756896973,0.9182949662208557,-0.4277796447277069,1.0,True
1,finetune_000024_v00,finetune_000024,TbH2C5O6,36,H,2.1181516647338867,2.47233247756958,-2.120875597000122,1.0,True
1,finetune_000024_v00,finetune_000024,TbH2C5O6,37,H,-3.627955675125122,0.33749300241470337,6.772220134735107,0.9599564773312731,True
1,finetune_000024_v00,finetune_000024,TbH2C5O6,38,H,-1.1770535707473755,-0.8712028861045837,6.700863838195801,1.0,True
1,finetune_000024_v00,finetune_000024,TbH2C5O6,39,H,4.615440845489502,-0.9182949662208557,0.4278375804424286,1.0,True
1,finetune_000024_v00,finetune_000024,TbH2C5O6,40,H,-2.1184723377227783,-2.47233247756958,2.1209335327148438,1.0,True
1,finetune_000024_v00,finetune_000024,TbH2C5O6,41,C,1.9962012767791748,-1.5540375709533691,-6.2480058670043945,0.9599617732457357,True
1,finetune_000024_v00,finetune_000024,TbH2C5O6,42,C,2.6940271854400635,-0.3060983121395111,-6.67083215713501,1.0,True
1,finetune_000024_v00,finetune_000024,TbH2C5O6,43,C,2.091881513595581,0.8084135055541992,-6.904362201690674,1.0,True
1,finetune_000024_v00,finetune_000024,TbH2C5O6,44,C,-4.345898628234863,2.9354043006896973,-0.9519363045692444,1.0,True
1,finetune_000024_v00,finetune_000024,TbH2C5O6,45,C,-5.097119331359863,1.7188597917556763,-0.5291101336479187,0.9599600358620434,True
1,finetune_000024_v00,finetune_000024,TbH2C5O6,46,C,1.8944363594055176,0.5337098836898804,-1.3411537408828735,1.0,True
1,finetune_000024_v00,finetune_000024,TbH2C5O6,47,C,2.6179683208465576,1.703162431716919,-1.9173190593719482,0.9599626765122778,True
1,finetune_000024_v00,finetune_000024,TbH2C5O6,48,C,-1.9965219497680664,1.5540375709533691,6.248063564300537,1.0,True
1,finetune_000024_v00,finetune_000024,TbH2C5O6,49,C,-2.694347858428955,0.3060983121395111,6.670889854431152,1.0,True
1,finetune_000024_v00,finetune_000024,TbH2C5O6,50,C,-2.0922021865844727,-0.8084135055541992,6.904420375823975,1.0,True
1,finetune_000024_v00,finetune_000024,TbH2C5O6,51,C,4.345577716827393,-2.9354043006896973,0.9519941806793213,0.959968846697589,True
1,finetune_000024_v00,finetune_000024,TbH2C5O6,52,C,5.096798419952393,-1.7188597917556763,0.5291680097579956,1.0,True
1,finetune_000024_v00,finetune_000024,TbH2C5O6,53,C,-1.8947571516036987,-0.5337098836898804,1.3412116765975952,1.0,True
1,finetune_000024_v00,finetune_000024,TbH2C5O6,54,C,-2.6182892322540283,-1.703162431716919,1.91737699508667,1.0,True
1,finetune_000024_v00,finetune_000024,TbH2C5O6,55,C,0.15238434076309204,2.5508193969726562,2.7891592979431152,1.0,True
1,finetune_000024_v00,finetune_000024,TbH2C5O6,56,C,-1.1824886798858643,3.335686683654785,2.7891592979431152,1.0,True
1,finetune_000024_v00,finetune_000024,TbH2C5O6,57,C,-0.152705118060112,-2.5508193969726562,-2.7891013622283936,1.0,True
1,finetune_000024_v00,finetune_000024,TbH2C5O6,58,C,1.182167887687683,-3.335686683654785,-2.7891013622283936,0.9599675981812913,True
1,finetune_000024_v00,finetune_000024,TbH2C5O6,59,O,2.630650520324707,-2.6136085987091064,-6.39717960357666,1.0,True
1,finetune_000024_v00,finetune_000024,TbH2C5O6,60,O,0.8242049217224121,-1.5461889505386353,-5.779601573944092,1.0,True
1,finetune_000024_v00,finetune_000024,TbH2C5O6,61,O,0.8682933449745178,2.6685495376586914,3.804541826248169,1.0,True
1,finetune_000024_v00,finetune_000024,TbH2C5O6,62,O,-4.960316181182861,2.1348395347595215,-5.865553379058838,1.0,True
1,finetune_000024_v00,finetune_000024,TbH2C5O6,63,O,-1.519984245300293,3.8615479469299316,3.8694114685058594,1.0,True
1,finetune_000024_v00,finetune_000024,TbH2C5O6,64,O,-3.111525535583496,2.8961610794067383,-0.8027623891830444,1.0,True
1,finetune_000024_v00,finetune_000024,TbH2C5O6,65,O,-0.5556197166442871,-3.8929426670074463,0.20139871537685394,1.0,True
1,finetune_000024_v00,finetune_000024,TbH2C5O6,66,O,0.397583931684494,1.867984652519226,1.773776650428772,0.9599595955378559,True
1,finetune_000024_v00,finetune_000024,TbH2C5O6,67,O,0.779800295829773,0.761321485042572,-0.8497928380966187,0.9599936550440387,True
1,finetune_000024_v00,finetune_000024,TbH2C5O6,68,O,2.3970391750335693,-0.6278939843177795,-1.3343884944915771,1.0,True
1,finetune_000024_v00,finetune_000024,TbH2C5O6,69,O,-1.8061017990112305,3.3749301433563232,1.708907127380371,1.0,True
1,finetune_000024_v00,finetune_000024,TbH2C5O6,70,O,-2.6309711933135986,2.6136085987091064,6.397237777709961,1.0,True
1,finetune_000024_v00,finetune_000024,TbH2C5O6,71,O,-0.8245256543159485,1.5461889505386353,5.779659271240234,1.0,True
1,finetune_000024_v00,finetune_000024,TbH2C5O6,72,O,-0.868614137172699,-2.6685495376586914,-3.8044838905334473,1.0,True
1,finetune_000024_v00,finetune_000024,TbH2C5O6,73,O,4.959995269775391,-2.1348395347595215,5.865611553192139,0.9599636549286046,True
1,finetune_000024_v00,finetune_000024,TbH2C5O6,74,O,1.5196634531021118,-3.8615479469299316,-3.8693535327911377,1.0,True
1,finetune_000024_v00,finetune_000024,TbH2C5O6,75,O,3.1112048625946045,-2.8961610794067383,0.8028203248977661,1.0,True
1,finetune_000024_v00,finetune_000024,TbH2C5O6,76,O,0.5552989840507507,3.8929426670074463,-0.20134079456329346,1.0,True
1,finetune_000024_v00,finetune_000024,TbH2C5O6,77,O,-0.39790472388267517,-1.867984652519226,-1.7737187147140503,1.0,True
1,finetune_000024_v00,finetune_000024,TbH2C5O6,78,O,-0.7801210880279541,-0.761321485042572,0.8498507738113403,1.0,True
1,finetune_000024_v00,finetune_000024,TbH2C5O6,79,O,-2.388378143310547,0.6278939843177795,1.33282470703125,1.0,True
1,finetune_000024_v00,finetune_000024,TbH2C5O6,80,O,1.8057810068130493,-3.3749301433563232,-1.7088491916656494,1.0,True
1,finetune_000024_v00,finetune_000024,TbH2C5O6,81,H,1.1767327785491943,0.8712028861045837,7.699193954467773,1.0,True
1,finetune_000024_v00,finetune_000024,TbH2C5O6,82,C,2.7620184421539307,2.009260654449463,6.9194722175598145,1.0,True
1,finetune_000024_v00,finetune_000024,TbH2C5O6,83,C,2.091881513595581,0.8084135055541992,7.4956374168396,0.959952753781449,True
1,finetune_000024_v00,finetune_000024,TbH2C5O6,84,O,2.021181106567383,2.872615098953247,6.428111553192139,0.9599881087599431,True
1,finetune_000024_v00,finetune_000024,TbH2C5O6,85,Tb,-3.316918134689331,5.815867900848389,-1.4606842994689941,1.0,True
1,finetune_000024_v00,finetune_000024,TbH2C5O6,86,H,0.24847473204135895,6.930379867553711,-1.193901777267456,0.9607614002867707,True
1,finetune_000024_v00,finetune_000024,TbH2C5O6,87,C,-0.02138841524720192,4.913270473480225,-0.6697452068328857,0.9599435699323132,False
1,finetune_000024_v00,finetune_000024,TbH2C5O6,88,C,0.7298323512077332,6.129815101623535,-1.0925713777542114,1.0,True
1,finetune_000024_v00,finetune_000024,TbH2C5O6,89,C,-3.184798240661621,4.512988090515137,-4.4108405113220215,1.0,True
1,finetune_000024_v00,finetune_000024,TbH2C5O6,90,O,-4.922585964202881,3.9557321071624756,-1.420340657234192,1.0,True
1,finetune_000024_v00,finetune_000024,TbH2C5O6,91,O,0.5930292010307312,5.7138352394104,4.243872165679932,0.9599833076791644,True
1,finetune_000024_v00,finetune_000024,TbH2C5O6,92,O,-2.8473026752471924,3.9871268272399902,-5.491092681884766,1.0,True
1,finetune_000024_v00,finetune_000024,TbH2C5O6,93,O,-1.2557613849639893,4.952513694763184,-0.8189190626144409,0.9599779036873646,True
1,finetune_000024_v00,finetune_000024,TbH2C5O6,94,O,-2.561185359954834,4.473744869232178,-3.3305885791778564,1.0,True
1,finetune_000024_v00,finetune_000024,TbH2C5O6,95,H,4.366002559661865,0.9182949662208557,-2.0495190620422363,0.9599577542381839,True
1,finetune_000024_v00,finetune_000024,TbH2C5O6,96,H,5.353808879852295,0.33749300241470337,5.1504807472229,1.0,True
1,finetune_000024_v00,finetune_000024,TbH2C5O6,97,H,6.8632917404174805,-2.47233247756958,0.49919411540031433,1.0,True
1,finetune_000024_v00,finetune_000024,TbH2C5O6,98,C,4.635865688323975,2.9354043006896973,-2.5736756324768066,1.0,True
1,finetune_000024_v00,finetune_000024,TbH2C5O6,99,C,3.8846449851989746,1.7188597917556763,-2.1508495807647705,1.0,True
1,finetune_000024_v00,finetune_000024,TbH2C5O6,100,C,7.08700704574585,-0.5337098836898804,-0.2805277407169342,1.0,True
1,finetune_000024_v00,finetune_000024,TbH2C5O6,101,C,6.363475322723389,-1.703162431716919,0.2956375479698181,0.9599628352082578,True
1,finetune_000024_v00,finetune_000024,TbH2C5O6,102,O,5.870238780975342,2.8961610794067383,-2.424501657485962,0.9599937951369271,True
1,finetune_000024_v00,finetune_000024,TbH2C5O6,103,O,7.175662517547607,3.3749301433563232,0.08716773986816406,1.0,True
1,finetune_000024_v00,finetune_000024,TbH2C5O6,104,O,6.593386173248291,0.6278939843177795,-0.2889147400856018,1.0,True
1,finetune_000024_v00,finetune_000024,TbH2C5O6,105,H,2.496325731277466,5.376342296600342,-1.1225452423095703,1.0,True
1,finetune_000024_v00,finetune_000024,TbH2C5O6,106,C,1.8524588346481323,5.839414119720459,4.237106800079346,1.0,True
1,finetune_000024_v00,finetune_000024,TbH2C5O6,107,C,1.9965089559555054,6.145512580871582,-1.3261017799377441,1.0,True
1,finetune_000024_v00,finetune_000024,TbH2C5O6,108,O,4.059178352355957,3.9557321071624756,-3.0420799255371094,1.0,True
1,finetune_000024_v00,finetune_000024,TbH2C5O6,109,O,2.5932962894439697,4.976059913635254,4.72846794128418,1.0,True
2,finetune_000006_v00,finetune_000006,Ho(CO2)4,0,C,-4.788256645202637,-6.322839260101318,0.7747468948364258,0.9600190733323092,True
2,finetune_000006_v00,finetune_000006,Ho(CO2)4,1,C,-5.348786354064941,0.22238461673259735,-5.849793434143066,0.9600144010918966,True
2,finetune_000006_v00,finetune_000006,Ho(CO2)4,2,Ho,-6.792863845825195,0.36115261912345886,-2.9908056259155273,0.9598712336383336,True
2,finetune_000006_v00,finetune_000006,Ho(CO2)4,3,C,-6.621854782104492,3.529688596725464,-2.5166242122650146,0.959994903700748,True
2,finetune_000006_v00,finetune_000006,Ho(CO2)4,4,C,-6.659856796264648,-2.749563455581665,-2.400517225265503,0.960019633642763,True
2,finetune_000006_v00,finetune_000006,Ho(CO2)4,5,C,-4.788256645202637,5.2411603927612305,0.7747468948364258,0.9600257313144709,True
2,finetune_000006_v00,finetune_000006,Ho(CO2)4,6,O,-6.061324596405029,2.662388563156128,-3.241712808609009,0.9199066281251179,True
2,finetune_000006_v00,finetune_000006,Ho(CO2)4,7,O,-6.042323589324951,-1.882263422012329,-3.061300754547119,0.9600158274879145,True
2,finetune_000006_v00,finetune_000006,Ho(CO2)4,8,O,-5.728806972503662,4.709216594696045,0.14173263311386108,0.9598826107053464,True
2,finetune_000006_v00,finetune_000006,Ho(CO2)4,9,O,-7.799917697906494,-1.0149633884429932,-1.2652713060379028,0.9200699173714023,True
2,finetune_000006_v00,finetune_000006,Ho(CO2)4,10,O,-5.0637712478637695,0.11830861866474152,5.172105312347412,0.960697514864664,True
2,finetune_000006_v00,finetune_000006,Ho(CO2)4,11,O,-5.586299419403076,-4.195063591003418,0.07014364749193192,0.960072610480513,True
2,finetune_000006_v00,finetune_000006,Ho(CO2)4,12,Ho,-2.042609453201294,-5.698383331298828,2.3679280281066895,0.9598531384211028,False
2,finetune_000006_v00,finetune_000006,Ho(CO2)4,13,C,4.712252616882324,-6.322839260101318,-0.7367855906486511,0.9198764527274558,True
2,finetune_000006_v00,finetune_000006,Ho(CO2)4,14,O,3.7717020511627197,-6.854783535003662,-1.3697998523712158,0.9600578115672772,True
2,finetune_000006_v00,finetune_000006,Ho(CO2)4,15,O,-1.7290925979614258,-5.686819553375244,0.006766439415514469,0.9600565423151235,True
2,finetune_000006_v00,finetune_000006,Ho(CO2)4,16,O,0.3135167956352234,-5.663691520690918,1.699571967124939,0.9598689439642014,True
2,finetune_000006_v00,finetune_000006,Ho(CO2)4,17,C,0.03800203651189804,-0.5408393740653992,-6.1320695877075195,0.9198775075079192,True
2,finetune_000006_v00,finetune_000006,Ho(CO2)4,18,O,-0.8360447883605957,-1.142167329788208,-6.8001227378845215,0.9600659290655411,True
2,finetune_000006_v00,finetune_000006,Ho(CO2)4,19,O,-0.9785524010658264,1.5175526142120361,-6.728533744812012,0.9600696968332121,True
2,finetune_000006_v00,finetune_000006,Ho(CO2)4,20,O,3.0211617946624756,0.3495886027812958,-6.863499641418457,0.9600203851792236,True
2,finetune_000006_v00,finetune_000006,Ho(CO2)4,21,Ho,2.7076449394226074,0.36115261912345886,-4.502338409423828,0.9598575304211578,True
2,finetune_000006_v00,finetune_000006,Ho(CO2)4,22,Ho,2.042609453201294,-5.420847415924072,-2.3665170669555664,0.9197380322248555,True
2,finetune_000006_v00,finetune_000006,Ho(CO2)4,23,Ho,-2.7076449394226074,0.08361661434173584,4.503749370574951,0.919766815384971,True
2,finetune_000006_v00,finetune_000006,Ho(CO2)4,24,Ho,-2.042609453201294,5.865616798400879,2.3679280281066895,0.9598598617187346,True
2,finetune_000006_v00,finetune_000006,Ho(CO2)4,25,C,1.9096022844314575,3.0324366092681885,-2.956805467605591,0.9600158274879145,True
2,finetune_000006_v00,finetune_000006,Ho(CO2)4,26,C,0.03800203651189804,-0.5408393740653992,6.096930503845215,0.959994903700748,True
2,finetune_000006_v00,finetune_000006,Ho(CO2)4,27,C,2.8786542415618896,3.529688596725464,-4.028156757354736,1.0,True
2,finetune_000006_v00,finetune_000006,Ho(CO2)4,28,C,-4.151722431182861,0.22238461673259735,-4.866262912750244,1.0,True
2,finetune_000006_v00,finetune_000006,Ho(CO2)4,29,C,2.8406522274017334,-2.749563455581665,-3.9120497703552246,1.0,True
2,finetune_000006_v00,finetune_000006,Ho(CO2)4,30,C,4.712252616882324,5.2411603927612305,-0.7367855906486511,0.9598598617187346,True
2,finetune_000006_v00,finetune_000006,Ho(CO2)4,31,C,1.8716002702713013,-2.2523114681243896,-2.840698480606079,1.0,True
2,finetune_000006_v00,finetune_000006,Ho(CO2)4,32,C,-0.5985320806503296,-5.559615612030029,-0.49105992913246155,1.0,True
2,finetune_000006_v00,finetune_000006,Ho(CO2)4,33,C,-1.9096022844314575,-2.587667465209961,2.958216667175293,0.9600203851792236,True
2,finetune_000006_v00,finetune_000006,Ho(CO2)4,34,C,-0.03800203651189804,0.9856086373329163,-6.095519542694092,1.0,True
2,finetune_000006_v00,finetune_000006,Ho(CO2)4,35,C,-2.8786542415618896,-3.0849194526672363,4.029567718505859,1.0,True
2,finetune_000006_v00,finetune_000006,Ho(CO2)4,36,C,4.151722431182861,0.22238461673259735,4.867673873901367,1.0,True
2,finetune_000006_v00,finetune_000006,Ho(CO2)4,37,C,-2.8406522274017334,3.1943325996398926,3.9134607315063477,1.0,True
2,finetune_000006_v00,finetune_000006,Ho(CO2)4,38,C,-4.712252616882324,-4.796391487121582,0.7381966710090637,1.0,True
2,finetune_000006_v00,finetune_000006,Ho(CO2)4,39,C,-1.8716002702713013,2.697080612182617,2.842109441757202,1.0,True
2,finetune_000006_v00,finetune_000006,Ho(CO2)4,40,C,0.5985320806503296,-5.559615612030029,0.49247097969055176,1.0,True
2,finetune_000006_v00,finetune_000006,Ho(CO2)4,41,O,1.7955962419509888,1.7835246324539185,-2.828606128692627,1.0,True
2,finetune_000006_v00,finetune_000006,Ho(CO2)4,42,O,1.2920691967010498,3.8997366428375244,-2.2960219383239746,0.960019633642763,True
2,finetune_000006_v00,finetune_000006,Ho(CO2)4,43,O,0.9785524010658264,-1.072783350944519,-5.4990553855896,1.0,True
2,finetune_000006_v00,finetune_000006,Ho(CO2)4,44,O,-0.8360447883605957,-1.142167329788208,5.428877353668213,0.9600659290655411,True
2,finetune_000006_v00,finetune_000006,Ho(CO2)4,45,O,3.0496633052825928,4.767036437988281,-4.104280471801758,1.0,True
2,finetune_000006_v00,finetune_000006,Ho(CO2)4,46,O,3.4391841888427734,2.662388563156128,-4.7532453536987305,1.0,True
2,finetune_000006_v00,finetune_000006,Ho(CO2)4,47,O,-3.0211617946624756,0.09518061578273773,-5.364089012145996,1.0,True
2,finetune_000006_v00,finetune_000006,Ho(CO2)4,48,O,-4.436737537384033,0.3264606297016144,-3.6591618061065674,1.0,True
2,finetune_000006_v00,finetune_000006,Ho(CO2)4,49,O,2.954658269882202,-3.9984753131866455,-4.052478313446045,0.9600257313144709,True
2,finetune_000006_v00,finetune_000006,Ho(CO2)4,50,O,3.4581851959228516,-1.882263422012329,-4.57283353805542,1.0,True
2,finetune_000006_v00,finetune_000006,Ho(CO2)4,51,O,3.7717020511627197,4.709216594696045,-1.3697998523712158,1.0,True
2,finetune_000006_v00,finetune_000006,Ho(CO2)4,52,O,-3.9142096042633057,4.639832496643066,1.4427999258041382,1.0,True
2,finetune_000006_v00,finetune_000006,Ho(CO2)4,53,O,1.7005910873413086,-1.0149633884429932,-2.776803731918335,1.0,True
2,finetune_000006_v00,finetune_000006,Ho(CO2)4,54,O,1.311070203781128,-3.1196115016937256,-2.115609884262085,1.0,True
2,finetune_000006_v00,finetune_000006,Ho(CO2)4,55,O,-1.7290925979614258,5.877180576324463,0.006766439415514469,0.9600696968332121,True
2,finetune_000006_v00,finetune_000006,Ho(CO2)4,56,O,-0.3135167956352234,-5.455539226531982,-1.7103898525238037,1.0,True
2,finetune_000006_v00,finetune_000006,Ho(CO2)4,57,O,-1.7955962419509888,-1.3387553691864014,2.83001708984375,1.0,True
2,finetune_000006_v00,finetune_000006,Ho(CO2)4,58,O,-1.2920691967010498,-3.454967498779297,2.2974328994750977,1.0,True
2,finetune_000006_v00,finetune_000006,Ho(CO2)4,59,O,-0.9785524010658264,1.5175526142120361,5.500466346740723,1.0,True
2,finetune_000006_v00,finetune_000006,Ho(CO2)4,60,O,0.8360447883605957,1.586936593055725,-5.42746639251709,0.9600190733323092,True
2,finetune_000006_v00,finetune_000006,Ho(CO2)4,61,O,-3.0496633052825928,-4.322267532348633,4.0934624671936035,1.0,True
2,finetune_000006_v00,finetune_000006,Ho(CO2)4,62,O,-3.4391841888427734,-2.2176194190979004,4.7546563148498535,1.0,True
2,finetune_000006_v00,finetune_000006,Ho(CO2)4,63,O,3.0211617946624756,0.3495886027812958,5.365499973297119,1.0,True
2,finetune_000006_v00,finetune_000006,Ho(CO2)4,64,O,4.436737537384033,0.11830861866474152,3.6605727672576904,1.0,True
2,finetune_000006_v00,finetune_000006,Ho(CO2)4,65,O,-2.954658269882202,4.443244457244873,4.041660308837891,1.0,True
2,finetune_000006_v00,finetune_000006,Ho(CO2)4,66,O,-3.4581851959228516,2.3270325660705566,4.574244499206543,1.0,True
2,finetune_000006_v00,finetune_000006,Ho(CO2)4,67,O,-3.7717020511627197,-4.264447212219238,1.3712109327316284,1.0,True
2,finetune_000006_v00,finetune_000006,Ho(CO2)4,68,O,3.9142096042633057,-4.195063591003418,-1.4413888454437256,1.0,True
2,finetune_000006_v00,finetune_000006,Ho(CO2)4,69,O,-1.7005910873413086,1.4597326517105103,2.778214931488037,0.960072610480513,True
2,finetune_000006_v00,finetune_000006,Ho(CO2)4,70,O,-1.311070203781128,3.564380645751953,2.117021083831787,1.0,True
2,finetune_000006_v00,finetune_000006,Ho(CO2)4,71,O,1.7290925979614258,-5.432411193847656,-0.005355400964617729,1.0,True
2,finetune_000006_v00,finetune_000006,Ho(CO2)4,72,O,0.3135167956352234,5.900308609008789,1.699571967124939,1.0,True
2,finetune_000006_v00,finetune_000006,Ho(CO2)4,73,C,-0.03800203651189804,0.9856086373329163,6.133480548858643,1.0,True
2,finetune_000006_v00,finetune_000006,Ho(CO2)4,74,O,0.9785524010658264,-1.072783350944519,6.729944705963135,1.0,True
2,finetune_000006_v00,finetune_000006,Ho(CO2)4,75,O,-3.0211617946624756,0.09518061578273773,6.864911079406738,1.0,True
2,finetune_000006_v00,finetune_000006,Ho(CO2)4,76,O,0.8360447883605957,1.586936593055725,6.8015336990356445,0.919901195554561,True
2,finetune_000006_v00,finetune_000006,Ho(CO2)4,77,Ho,2.042609453201294,6.143152713775635,-2.3665170669555664,1.0,True
2,finetune_000006_v00,finetune_000006,Ho(CO2)4,78,C,-0.5985320806503296,6.004384517669678,-0.49105992913246155,0.9598531384211028,False
2,finetune_000006_v00,finetune_000006,Ho(CO2)4,79,C,0.5985320806503296,6.004384517669678,0.49247097969055176,1.0,True
2,finetune_000006_v00,finetune_000006,Ho(CO2)4,80,O,-0.3135167956352234,6.108460426330566,-1.7103898525238037,0.9598712336383336,True
2,finetune_000006_v00,finetune_000006,Ho(CO2)4,81,O,1.7290925979614258,6.131588459014893,-0.005355400964617729,1.0,True
2,finetune_000006_v00,finetune_000006,Ho(CO2)4,82,Ho,6.792863845825195,0.08361661434173584,2.9922168254852295,0.9598689439642014,True
2,finetune_000006_v00,finetune_000006,Ho(CO2)4,83,C,6.621854782104492,-3.0849194526672363,2.518035411834717,1.0,True
2,finetune_000006_v00,finetune_000006,Ho(CO2)4,84,C,6.659856796264648,3.1943325996398926,2.401928186416626,1.0,True
2,finetune_000006_v00,finetune_000006,Ho(CO2)4,85,C,4.788256645202637,-4.796391487121582,-0.773335874080658,1.0,True
2,finetune_000006_v00,finetune_000006,Ho(CO2)4,86,O,5.0637712478637695,0.3264606297016144,-5.170694351196289,1.0,True
2,finetune_000006_v00,finetune_000006,Ho(CO2)4,87,O,5.586299419403076,4.639832496643066,-0.0687326043844223,1.0,True
2,finetune_000006_v00,finetune_000006,Ho(CO2)4,88,O,7.7049126625061035,-1.3387553691864014,1.3184846639633179,1.0,True
2,finetune_000006_v00,finetune_000006,Ho(CO2)4,89,O,6.061324596405029,-2.2176194190979004,3.243123769760132,0.9200722126591738,True
2,finetune_000006_v00,finetune_000006,Ho(CO2)4,90,O,6.042323589324951,2.3270325660705566,3.062711715698242,1.0,True
2,finetune_000006_v00,finetune_000006,Ho(CO2)4,91,O,5.728806972503662,-4.264447212219238,-0.14032159745693207,1.0,True
2,finetune_000006_v00,finetune_000006,Ho(CO2)4,92,C,5.348786354064941,0.22238461673259735,5.851204872131348,0.9600133750562788,True
2,finetune_000019_v00,finetune_000019,CoHC4O3,0,C,-1.741438388824463,-7.201661109924316,-2.9885916709899902,0.9599880764231444,True
2,finetune_000019_v00,finetune_000019,CoHC4O3,1,Co,-4.314479351043701,-0.5298824906349182,-3.4533653259277344,0.9599145566088495,True
2,finetune_000019_v00,finetune_000019,CoHC4O3,2,Co,-5.252559185028076,3.0904624462127686,2.746713161468506,0.9198541884330445,True
2,finetune_000019_v00,finetune_000019,CoHC4O3,3,Co,-6.666455268859863,-2.3659145832061768,-3.008894205093384,0.9599312473213945,True
2,finetune_000019_v00,finetune_000019,CoHC4O3,4,H,-5.125264644622803,0.22004608809947968,0.21407151222229004,0.9599138307842344,True
2,finetune_000019_v00,finetune_000019,CoHC4O3,5,C,-3.527139902114868,-0.3100758194923401,-6.286299228668213,0.879986726525571,True
2,finetune_000019_v00,finetune_000019,CoHC4O3,6,C,-4.552348613739014,0.5432911515235901,6.333197593688965,0.9599983651459062,True
2,finetune_000019_v00,finetune_000019,CoHC4O3,7,C,-4.033069133758545,-3.5554563999176025,-2.7765908241271973,0.9598955966724695,False
2,finetune_000019_v00,finetune_000019,CoHC4O3,8,C,-3.8387644290924072,-5.986259460449219,-2.656594753265381,0.9599871205154009,True
2,finetune_000019_v00,finetune_000019,CoHC4O3,9,C,-3.1720314025878906,-4.783787727355957,-2.7897751331329346,0.9599972358365634,True
2,finetune_000019_v00,finetune_000019,CoHC4O3,10,C,-5.2224202156066895,1.0346237421035767,5.084222793579102,0.9599819955929895,True
2,finetune_000019_v00,finetune_000019,CoHC4O3,11,C,-6.877503395080566,1.2673600912094116,0.7568265199661255,0.9599956353092399,True
2,finetune_000019_v00,finetune_000019,CoHC4O3,12,C,-6.562576770782471,0.05195865407586098,-1.324628472328186,0.9199814749350675,True
2,finetune_000019_v00,finetune_000019,CoHC4O3,13,C,-6.147127628326416,0.4398527443408966,-0.06887540966272354,0.959927143218735,True
2,finetune_000019_v00,finetune_000019,CoHC4O3,14,O,-5.289460182189941,-3.6718246936798096,-2.4004194736480713,0.9600067139226736,True
2,finetune_000019_v00,finetune_000019,CoHC4O3,15,O,-5.530672550201416,-1.5513368844985962,-4.596212387084961,0.9199102974296836,True
2,finetune_000019_v00,finetune_000019,CoHC4O3,16,O,-4.428356647491455,4.590319633483887,3.837806224822998,0.8800053142654037,True
2,finetune_000019_v00,finetune_000019,CoHC4O3,17,O,-4.609294891357422,1.9784992933273315,4.429532051086426,0.919996685843072,True
2,finetune_000019_v00,finetune_000019,CoHC4O3,18,O,-3.4634976387023926,-2.443493366241455,-3.143420696258545,0.9199959785091272,True
2,finetune_000019_v00,finetune_000019,CoHC4O3,19,O,-6.368251800537109,0.49157196283340454,4.729671001434326,0.9599976927351279,True
2,finetune_000019_v00,finetune_000019,CoHC4O3,20,O,-5.822149753570557,-0.7884785532951355,-2.050659656524658,0.9200078492017032,True
2,finetune_000019_v00,finetune_000019,CoHC4O3,21,O,-3.0815422534942627,-0.6074613332748413,-5.063735008239746,0.9600067846539997,True
2,finetune_000019_v00,finetune_000019,CoHC4O3,22,O,-6.431901454925537,1.5647456645965576,1.97939133644104,0.9600063669313755,True
2,finetune_000019_v00,finetune_000019,CoHC4O3,23,Co,-0.964090883731842,1.4871667623519897,4.618612766265869,0.9599170231271388,True
2,finetune_000019_v00,finetune_000019,CoHC4O3,24,Co,2.3862695693969727,-0.5298824906349182,-2.4396133422851562,1.0,True
2,finetune_000019_v00,finetune_000019,CoHC4O3,25,Co,-1.9022209644317627,-2.1331779956817627,-4.296416282653809,1.0,True
2,finetune_000019_v00,finetune_000019,CoHC4O3,26,Co,-3.3193912506103516,3.3361287117004395,5.055030822753906,1.0,True
2,finetune_000019_v00,finetune_000019,CoHC4O3,27,Co,1.4481898546218872,3.0904624462127686,3.760465145111084,1.0,True
2,finetune_000019_v00,finetune_000019,CoHC4O3,28,Co,0.034293800592422485,-2.3659145832061768,-1.9951422214508057,1.0,True
2,finetune_000019_v00,finetune_000019,CoHC4O3,29,H,1.930580496788025,-5.986259460449219,-1.5572543144226074,0.9598955966724695,False
2,finetune_000019_v00,finetune_000019,CoHC4O3,30,H,0.4966588318347931,-0.4523036777973175,-7.179991245269775,1.0,True
2,finetune_000019_v00,finetune_000019,CoHC4O3,31,H,-1.7748867273330688,0.7372382283210754,-6.829051971435547,0.960628868859346,True
2,finetune_000019_v00,finetune_000019,CoHC4O3,32,H,-2.8537025451660156,1.4095879793167114,-0.13686534762382507,1.0,True
2,finetune_000019_v00,finetune_000019,CoHC4O3,33,H,1.5754841566085815,0.22004608809947968,1.2278233766555786,1.0,True
2,finetune_000019_v00,finetune_000019,CoHC4O3,34,H,-0.03273896500468254,-5.986259460449219,-3.243483543395996,1.0,True
2,finetune_000019_v00,finetune_000019,CoHC4O3,35,C,0.8484415411949158,-1.3961793184280396,-4.839120388031006,1.0,True
2,finetune_000019_v00,finetune_000019,CoHC4O3,36,C,-1.5068506002426147,1.6164648532867432,1.3503990173339844,1.0,True
2,finetune_000019_v00,finetune_000019,CoHC4O3,37,C,3.1736090183258057,-0.3100758194923401,-5.272547245025635,1.0,True
2,finetune_000019_v00,finetune_000019,CoHC4O3,38,C,2.14840030670166,0.5432911515235901,7.346949577331543,1.0,True
2,finetune_000019_v00,finetune_000019,CoHC4O3,39,C,-1.1952742338180542,0.41399314999580383,-0.7089127898216248,1.0,True
2,finetune_000019_v00,finetune_000019,CoHC4O3,40,C,2.667679786682129,-3.5554563999176025,-1.7628389596939087,1.0,True
2,finetune_000019_v00,finetune_000019,CoHC4O3,41,C,2.8619844913482666,-5.986259460449219,-1.6428427696228027,1.0,True
2,finetune_000019_v00,finetune_000019,CoHC4O3,42,C,3.528717517852783,-4.783787727355957,-1.7760231494903564,1.0,True
2,finetune_000019_v00,finetune_000019,CoHC4O3,43,C,1.4783289432525635,1.0346237421035767,6.09797477722168,0.9599981359187689,True
2,finetune_000019_v00,finetune_000019,CoHC4O3,44,C,-1.9725555181503296,1.215640902519226,0.10969281941652298,1.0,True
2,finetune_000019_v00,finetune_000019,CoHC4O3,45,C,1.609026312828064,5.728142261505127,5.068297863006592,1.0,True
2,finetune_000019_v00,finetune_000019,CoHC4O3,46,C,-0.176754429936409,1.2673600912094116,1.770578384399414,0.9599819955929895,True
2,finetune_000019_v00,finetune_000019,CoHC4O3,47,C,1.377808690071106,-0.25835663080215454,-6.933432579040527,1.0,True
2,finetune_000019_v00,finetune_000019,CoHC4O3,48,C,-2.501906633377075,2.353463649749756,2.204007625579834,1.0,True
2,finetune_000019_v00,finetune_000019,CoHC4O3,49,C,1.836807131767273,-0.6591805219650269,-5.693741321563721,1.0,True
2,finetune_000019_v00,finetune_000019,CoHC4O3,50,C,-0.6826382875442505,4.512740612030029,5.2802934646606445,1.0,True
2,finetune_000019_v00,finetune_000019,CoHC4O3,51,C,-3.212196111679077,0.9053256511688232,6.732248306274414,1.0,True
2,finetune_000019_v00,finetune_000019,CoHC4O3,52,C,-2.796752452850342,0.5174315571784973,-7.11199951171875,0.9600063669313755,True
2,finetune_000019_v00,finetune_000019,CoHC4O3,53,C,0.17841649055480957,5.741072177886963,5.267111778259277,1.0,True
2,finetune_000019_v00,finetune_000019,CoHC4O3,54,C,-1.7414214611053467,-4.770857810974121,-2.98858904838562,0.9599858396258276,True
2,finetune_000019_v00,finetune_000019,CoHC4O3,55,C,0.13817228376865387,0.05195865407586098,-0.3108765482902527,1.0,True
2,finetune_000019_v00,finetune_000019,CoHC4O3,56,C,-1.8720532655715942,-0.07733938097953796,-1.9589022397994995,1.0,True
2,finetune_000019_v00,finetune_000019,CoHC4O3,57,C,-1.111559510231018,-5.986259460449219,-3.1499977111816406,1.0,True
2,finetune_000019_v00,finetune_000019,CoHC4O3,58,C,0.5536214113235474,0.4398527443408966,0.9448764324188232,0.9599871205154009,True
2,finetune_000019_v00,finetune_000019,CoHC4O3,59,O,1.4112886190414429,-3.6718246936798096,-1.3866676092147827,0.9600067846539997,True
2,finetune_000019_v00,finetune_000019,CoHC4O3,60,O,-2.471757650375366,1.745762825012207,6.006218910217285,0.9599138307842344,True
2,finetune_000019_v00,finetune_000019,CoHC4O3,61,O,1.1700763702392578,-1.5513368844985962,-3.582460403442383,1.0,True
2,finetune_000019_v00,finetune_000019,CoHC4O3,62,O,-1.0780394077301025,-3.633035182952881,-3.2053263187408447,1.0,True
2,finetune_000019_v00,finetune_000019,CoHC4O3,63,O,-0.1130824163556099,3.400777578353882,4.8983612060546875,1.0,True
2,finetune_000019_v00,finetune_000019,CoHC4O3,64,O,2.272392511367798,4.590319633483887,4.851558208465576,1.0,True
2,finetune_000019_v00,finetune_000019,CoHC4O3,65,O,-1.258941411972046,-1.0212149620056152,-2.5984950065612793,1.0,True
2,finetune_000019_v00,finetune_000019,CoHC4O3,66,O,2.091454029083252,1.9784992933273315,5.443284034729004,1.0,True
2,finetune_000019_v00,finetune_000019,CoHC4O3,67,O,-3.6175785064697266,2.780147075653076,1.6501684188842773,1.0,True
2,finetune_000019_v00,finetune_000019,CoHC4O3,68,O,3.2372512817382812,-2.443493366241455,-2.129668951034546,0.9599170231271388,True
2,finetune_000019_v00,finetune_000019,CoHC4O3,69,O,0.3324970602989197,0.49157196283340454,5.743422508239746,1.0,True
2,finetune_000019_v00,finetune_000019,CoHC4O3,70,O,-0.2672361135482788,-1.8228627443313599,-5.392960548400879,1.0,True
2,finetune_000019_v00,finetune_000019,CoHC4O3,71,O,0.8785991668701172,-0.7884785532951355,-1.0369079113006592,0.9600067139226736,True
2,finetune_000019_v00,finetune_000019,CoHC4O3,72,O,-1.9390279054641724,4.629108905792236,5.65646505355835,1.0,True
2,finetune_000019_v00,finetune_000019,CoHC4O3,73,O,-2.1735689640045166,2.5086212158203125,3.4465816020965576,1.0,True
2,finetune_000019_v00,finetune_000019,CoHC4O3,74,O,-3.0178775787353516,0.4657123386859894,-2.313453197479248,1.0,True
2,finetune_000019_v00,finetune_000019,CoHC4O3,75,O,3.619206666946411,-0.6074613332748413,-4.049983024597168,1.0,True
2,finetune_000019_v00,finetune_000019,CoHC4O3,76,O,0.2688474655151367,1.5647456645965576,2.993143081665039,1.0,True
2,finetune_000019_v00,finetune_000019,CoHC4O3,77,H,0.4966588318347931,-0.4523036777973175,7.920008659362793,1.0,True
2,finetune_000019_v00,finetune_000019,CoHC4O3,78,Co,4.798527717590332,-2.1331779956817627,-3.2826645374298096,1.0,True
2,finetune_000019_v00,finetune_000019,CoHC4O3,79,Co,3.3813576698303223,3.3361287117004395,6.068782806396484,1.0,True
2,finetune_000019_v00,finetune_000019,CoHC4O3,80,Co,6.735042572021484,-2.3659145832061768,-0.9813903570175171,1.0,True
2,finetune_000019_v00,finetune_000019,CoHC4O3,81,H,4.9258623123168945,0.7372382283210754,-5.815299987792969,1.0,True
2,finetune_000019_v00,finetune_000019,CoHC4O3,82,H,3.847046375274658,1.4095879793167114,0.8768865466117859,1.0,True
2,finetune_000019_v00,finetune_000019,CoHC4O3,83,C,5.1938982009887695,1.6164648532867432,2.3641507625579834,0.9599925856356641,True
2,finetune_000019_v00,finetune_000019,CoHC4O3,84,C,5.50547456741333,0.41399314999580383,0.3048390746116638,1.0,True
2,finetune_000019_v00,finetune_000019,CoHC4O3,85,C,4.728193283081055,1.215640902519226,1.123444676399231,1.0,True
2,finetune_000019_v00,finetune_000019,CoHC4O3,86,C,6.523994445800781,1.2673600912094116,2.784330368041992,1.0,True
2,finetune_000019_v00,finetune_000019,CoHC4O3,87,C,4.1988420486450195,2.353463649749756,3.217759609222412,1.0,True
2,finetune_000019_v00,finetune_000019,CoHC4O3,88,C,3.903996467590332,0.5174315571784973,-6.098247528076172,1.0,True
2,finetune_000019_v00,finetune_000019,CoHC4O3,89,C,4.959327697753906,-4.770857810974121,-1.9748371839523315,1.0,True
2,finetune_000019_v00,finetune_000019,CoHC4O3,90,C,6.838921070098877,0.05195865407586098,0.7028753161430359,1.0,True
2,finetune_000019_v00,finetune_000019,CoHC4O3,91,C,4.828695774078369,-0.07733938097953796,-0.9451503753662109,0.9599270452143095,True
2,finetune_000019_v00,finetune_000019,CoHC4O3,92,C,7.254370212554932,0.4398527443408966,1.9586282968521118,0.9199193237445389,True
2,finetune_000019_v00,finetune_000019,CoHC4O3,93,O,5.62270975112915,-3.633035182952881,-2.1915745735168457,1.0,True
2,finetune_000019_v00,finetune_000019,CoHC4O3,94,O,5.441807746887207,-1.0212149620056152,-1.5847430229187012,1.0,True
2,finetune_000019_v00,finetune_000019,CoHC4O3,95,O,3.0831704139709473,2.780147075653076,2.6639201641082764,1.0,True
2,finetune_000019_v00,finetune_000019,CoHC4O3,96,O,6.4335126876831055,-1.8228627443313599,-4.379208564758301,1.0,True
2,finetune_000019_v00,finetune_000019,CoHC4O3,97,O,7.579348087310791,-0.7884785532951355,-0.02315598726272583,1.0,True
2,finetune_000019_v00,finetune_000019,CoHC4O3,98,O,4.527180194854736,2.5086212158203125,4.460333347320557,1.0,True
2,finetune_000019_v00,finetune_000019,CoHC4O3,99,O,3.6828713417053223,0.4657123386859894,-1.2997013330459595,1.0,True
2,finetune_000173_v00,finetune_000173,ErH4(CO2)4,0,O,-3.244987726211548,-5.212904453277588,-4.668946743011475,0.9199675509549087,True
2,finetune_000173_v00,finetune_000173,ErH4(CO2)4,1,Er,-3.9366891384124756,-6.179912567138672,3.1335740089416504,0.9599681329818643,True
2,finetune_000173_v00,finetune_000173,ErH4(CO2)4,2,H,-3.4066002368927,-4.997054576873779,-0.13577014207839966,0.9599660773166749,True
2,finetune_000173_v00,finetune_000173,ErH4(CO2)4,3,C,-5.798464298248291,-4.245896339416504,2.1254661083221436,0.95997173103666,True
2,finetune_000173_v00,finetune_000173,ErH4(CO2)4,4,O,-5.688568115234375,-5.290610313415527,1.4570732116699219,0.9599727784202172,True
2,finetune_000173_v00,finetune_000173,ErH4(CO2)4,5,O,-3.244987726211548,-5.212904453277588,5.086053371429443,0.9199371080614123,True
2,finetune_000173_v00,finetune_000173,ErH4(CO2)4,6,H,-4.0789079666137695,-3.598346471786499,-4.326478958129883,0.919918541677289,True
2,finetune_000173_v00,finetune_000173,ErH4(CO2)4,7,O,-3.7168960571289062,0.5028035044670105,-5.304851531982422,0.9599718026127186,True
2,finetune_000173_v00,finetune_000173,ErH4(CO2)4,8,O,-3.244987726211548,3.421095609664917,-4.668946743011475,0.9599678323339985,True
2,finetune_000173_v00,finetune_000173,ErH4(CO2)4,9,Er,-3.9366891384124756,2.454087495803833,3.1335740089416504,0.9599842280658408,True
2,finetune_000173_v00,finetune_000173,ErH4(CO2)4,10,H,-6.373804569244385,-3.58107852935791,1.8248392343521118,0.9599658255709668,True
2,finetune_000173_v00,finetune_000173,ErH4(CO2)4,11,H,-4.0789079666137695,-3.598346471786499,5.428521156311035,0.9599531479488538,True
2,finetune_000173_v00,finetune_000173,ErH4(CO2)4,12,H,-3.4066002368927,3.6369454860687256,-0.13577014207839966,0.9599672346107012,True
2,finetune_000173_v00,finetune_000173,ErH4(CO2)4,13,H,-5.494633197784424,-1.9406185150146484,-0.14707277715206146,0.9599643156600514,True
2,finetune_000173_v00,finetune_000173,ErH4(CO2)4,14,H,-6.554810523986816,0.7359215021133423,1.0653855800628662,0.9599513773684925,False
2,finetune_000173_v00,finetune_000173,ErH4(CO2)4,15,C,-3.529425621032715,-0.11884447187185287,1.00375235080719,0.9599617138980475,True
2,finetune_000173_v00,finetune_000173,ErH4(CO2)4,16,C,-5.798464298248291,4.388103485107422,2.1254661083221436,0.9599734869990176,True
2,finetune_000173_v00,finetune_000173,ErH4(CO2)4,17,C,-3.4066002368927,-4.1681904792785645,-4.02801513671875,0.9599710808816001,True
2,finetune_000173_v00,finetune_000173,ErH4(CO2)4,18,C,-5.740283966064453,-2.294612407684326,-0.9701178073883057,0.9599709013415073,True
2,finetune_000173_v00,finetune_000173,ErH4(CO2)4,19,C,-7.13015079498291,0.0711035281419754,0.764758825302124,0.9599711464940577,True
2,finetune_000173_v00,finetune_000173,ErH4(CO2)4,20,O,-3.7168960571289062,0.5028035044670105,4.450148582458496,0.9599660266097283,True
2,finetune_000173_v00,finetune_000173,ErH4(CO2)4,21,O,-4.027192115783691,0.8999675512313843,1.4954521656036377,0.9599669930134229,True
2,finetune_000173_v00,finetune_000173,ErH4(CO2)4,22,O,-3.6005351543426514,-0.42966845631599426,-0.1899740993976593,0.9599669345526277,True
2,finetune_000173_v00,finetune_000173,ErH4(CO2)4,23,O,-5.992399215698242,1.8065375089645386,3.934467077255249,0.9599829657180625,True
2,finetune_000173_v00,finetune_000173,ErH4(CO2)4,24,O,-5.688568115234375,3.3433895111083984,1.4570732116699219,1.0,True
2,finetune_000173_v00,finetune_000173,ErH4(CO2)4,25,O,-5.14555025100708,-4.055948257446289,3.1891543865203857,0.9599672346107012,True
2,finetune_000173_v00,finetune_000173,ErH4(CO2)4,26,O,-3.244987726211548,3.421095609664917,5.086053371429443,1.0,True
2,finetune_000173_v00,finetune_000173,ErH4(CO2)4,27,O,-6.936215877532959,-2.510462522506714,-1.044242262840271,1.0,True
2,finetune_000173_v00,finetune_000173,ErH4(CO2)4,28,O,-4.815860748291016,-2.4241225719451904,-1.703503966331482,1.0,True
2,finetune_000173_v00,finetune_000173,ErH4(CO2)4,29,O,-7.240047454833984,-0.9736104607582092,1.4233965873718262,1.0,True
2,finetune_000173_v00,finetune_000173,ErH4(CO2)4,30,O,-7.783065319061279,0.2610515356063843,-0.29892951250076294,1.0,True
2,finetune_000173_v00,finetune_000173,ErH4(CO2)4,31,C,-3.4066002368927,-4.1681904792785645,5.726984977722168,0.9599617138980475,True
2,finetune_000173_v00,finetune_000173,ErH4(CO2)4,32,H,-4.0789079666137695,5.035653591156006,-4.326478958129883,0.9599513773684925,False
2,finetune_000173_v00,finetune_000173,ErH4(CO2)4,33,C,-3.4066002368927,4.465809345245361,-4.02801513671875,1.0,True
2,finetune_000173_v00,finetune_000173,ErH4(CO2)4,34,O,-5.14555025100708,4.578051567077637,3.1891543865203857,0.9599734869990176,True
2,finetune_000173_v00,finetune_000173,ErH4(CO2)4,35,Er,2.527808904647827,-6.179912567138672,1.6887060403823853,1.0,True
2,finetune_000173_v00,finetune_000173,ErH4(CO2)4,36,H,-0.9694845676422119,-6.257618427276611,1.5924296379089355,1.0,True
2,finetune_000173_v00,finetune_000173,ErH4(CO2)4,37,H,3.0578975677490234,-4.997054576873779,-1.5806381702423096,1.0,True
2,finetune_000173_v00,finetune_000173,ErH4(CO2)4,38,H,-0.09031283855438232,-7.898078441619873,-0.3794824182987213,0.9599669930134229,True
2,finetune_000173_v00,finetune_000173,ErH4(CO2)4,39,C,-0.7238336205482483,-6.611612319946289,2.4154746532440186,1.0,True
2,finetune_000173_v00,finetune_000173,ErH4(CO2)4,40,C,0.6660333871841431,-4.245896339416504,0.6805980205535889,1.0,True
2,finetune_000173_v00,finetune_000173,ErH4(CO2)4,41,C,-2.934691905975342,-4.427210330963135,0.43184947967529297,1.0,True
2,finetune_000173_v00,finetune_000173,ErH4(CO2)4,42,O,0.4720984697341919,-6.827462673187256,2.4895989894866943,1.0,True
2,finetune_000173_v00,finetune_000173,ErH4(CO2)4,43,O,-1.648256778717041,-6.741122245788574,3.1488606929779053,0.9599660773166749,True
2,finetune_000173_v00,finetune_000173,ErH4(CO2)4,44,O,0.775929868221283,-5.290610313415527,0.012205255217850208,1.0,True
2,finetune_000173_v00,finetune_000173,ErH4(CO2)4,45,O,3.219510078430176,-5.212904453277588,3.6411850452423096,1.0,True
2,finetune_000173_v00,finetune_000173,ErH4(CO2)4,46,O,-2.8635823726654053,-4.746668338775635,1.6450859308242798,1.0,True
2,finetune_000173_v00,finetune_000173,ErH4(CO2)4,47,H,2.385589838027954,-3.598346471786499,-5.7713470458984375,1.0,True
2,finetune_000173_v00,finetune_000173,ErH4(CO2)4,48,C,-3.0575172901153564,0.1488095223903656,-4.281628131866455,1.0,True
2,finetune_000173_v00,finetune_000173,ErH4(CO2)4,49,C,-0.7238336205482483,2.0223875045776367,-7.33952522277832,1.0,True
2,finetune_000173_v00,finetune_000173,ErH4(CO2)4,50,O,2.7476017475128174,0.5028035044670105,-6.749719619750977,1.0,True
2,finetune_000173_v00,finetune_000173,ErH4(CO2)4,51,O,0.4720984697341919,1.8065375089645386,-7.2654008865356445,1.0,True
2,finetune_000173_v00,finetune_000173,ErH4(CO2)4,52,O,-1.648256778717041,1.8928775787353516,-6.606139183044434,1.0,True
2,finetune_000173_v00,finetune_000173,ErH4(CO2)4,53,O,3.219510078430176,3.421095609664917,-6.113814830780029,0.9599845852368462,True
2,finetune_000173_v00,finetune_000173,ErH4(CO2)4,54,Er,2.527808904647827,2.454087495803833,1.6887060403823853,1.0,True
2,finetune_000173_v00,finetune_000173,ErH4(CO2)4,55,Er,-2.52742862701416,-1.8629124164581299,-1.6882171630859375,1.0,True
2,finetune_000173_v00,finetune_000173,ErH4(CO2)4,56,H,-2.385209560394287,0.7186535000801086,-3.9831643104553223,0.9599660266097283,True
2,finetune_000173_v00,finetune_000173,ErH4(CO2)4,57,H,-3.0575172901153564,-0.6800544857978821,1.5811269283294678,1.0,True
2,finetune_000173_v00,finetune_000173,ErH4(CO2)4,58,H,-0.9694845676422119,2.3763816356658936,1.5924296379089355,1.0,True
2,finetune_000173_v00,finetune_000173,ErH4(CO2)4,59,H,0.09069310128688812,-3.58107852935791,0.3799712657928467,1.0,True
2,finetune_000173_v00,finetune_000173,ErH4(CO2)4,60,H,2.385589838027954,-3.598346471786499,3.9836530685424805,1.0,True
2,finetune_000173_v00,finetune_000173,ErH4(CO2)4,61,H,3.0578975677490234,3.6369454860687256,-1.5806381702423096,1.0,True
2,finetune_000173_v00,finetune_000173,ErH4(CO2)4,62,H,0.9698647856712341,-1.9406185150146484,-1.5919407606124878,1.0,True
2,finetune_000173_v00,finetune_000173,ErH4(CO2)4,63,H,-0.09031283855438232,0.7359215021133423,-0.3794824182987213,1.0,True
2,finetune_000173_v00,finetune_000173,ErH4(CO2)4,64,C,-3.0575172901153564,0.1488095223903656,5.473371982574463,1.0,True
2,finetune_000173_v00,finetune_000173,ErH4(CO2)4,65,C,2.935072183609009,-0.11884447187185287,-0.4411156475543976,1.0,True
2,finetune_000173_v00,finetune_000173,ErH4(CO2)4,66,C,-0.7238336205482483,2.0223875045776367,2.4154746532440186,1.0,True
2,finetune_000173_v00,finetune_000173,ErH4(CO2)4,67,C,0.6660333871841431,4.388103485107422,0.6805980205535889,0.9599531479488538,True
2,finetune_000173_v00,finetune_000173,ErH4(CO2)4,68,C,3.0578975677490234,-4.1681904792785645,-5.472883224487305,0.9599727784202172,True
2,finetune_000173_v00,finetune_000173,ErH4(CO2)4,69,C,-2.934691905975342,4.206789493560791,0.43184947967529297,1.0,True
2,finetune_000173_v00,finetune_000173,ErH4(CO2)4,70,C,0.7242138981819153,-2.294612407684326,-2.4149858951568604,1.0,True
2,finetune_000173_v00,finetune_000173,ErH4(CO2)4,71,C,-0.6656531691551208,0.0711035281419754,-0.6801092028617859,1.0,True
2,finetune_000173_v00,finetune_000173,ErH4(CO2)4,72,O,2.7476017475128174,0.5028035044670105,3.0052804946899414,0.9599842280658408,True
2,finetune_000173_v00,finetune_000173,ErH4(CO2)4,73,O,-3.219129800796509,-0.8959044814109802,-3.6406962871551514,1.0,True
2,finetune_000173_v00,finetune_000173,ErH4(CO2)4,74,O,2.4373059272766113,0.8999675512313843,0.050584178417921066,1.0,True
2,finetune_000173_v00,finetune_000173,ErH4(CO2)4,75,O,2.8639626502990723,-0.42966845631599426,-1.6348421573638916,1.0,True
2,finetune_000173_v00,finetune_000173,ErH4(CO2)4,76,O,0.4720984697341919,1.8065375089645386,2.4895989894866943,1.0,True
2,finetune_000173_v00,finetune_000173,ErH4(CO2)4,77,O,-1.648256778717041,1.8928775787353516,3.1488606929779053,0.9599709013415073,True
2,finetune_000173_v00,finetune_000173,ErH4(CO2)4,78,O,0.775929868221283,3.3433895111083984,0.012205255217850208,1.0,True
2,finetune_000173_v00,finetune_000173,ErH4(CO2)4,79,O,1.318947672843933,-4.055948257446289,1.744286298751831,1.0,True
2,finetune_000173_v00,finetune_000173,ErH4(CO2)4,80,O,-2.75368595123291,-3.8141965866088867,-3.0033469200134277,1.0,True
2,finetune_000173_v00,finetune_000173,ErH4(CO2)4,81,O,3.219510078430176,3.421095609664917,3.6411850452423096,1.0,True
2,finetune_000173_v00,finetune_000173,ErH4(CO2)4,82,O,-2.4369256496429443,-3.425666570663452,-0.050095345824956894,1.0,True
2,finetune_000173_v00,finetune_000173,ErH4(CO2)4,83,O,-2.8635823726654053,3.887331485748291,1.6450859308242798,1.0,True
2,finetune_000173_v00,finetune_000173,ErH4(CO2)4,84,O,-0.4717182219028473,-2.510462522506714,-2.489110231399536,1.0,True
2,finetune_000173_v00,finetune_000173,ErH4(CO2)4,85,O,1.648637056350708,-2.4241225719451904,-3.148371934890747,1.0,True
2,finetune_000173_v00,finetune_000173,ErH4(CO2)4,86,O,-0.775549590587616,-0.9736104607582092,-0.021471424028277397,1.0,True
2,finetune_000173_v00,finetune_000173,ErH4(CO2)4,87,O,-1.3185673952102661,0.2610515356063843,-1.7437975406646729,0.9599710808816001,True
2,finetune_000173_v00,finetune_000173,ErH4(CO2)4,88,H,-2.385209560394287,0.7186535000801086,5.771835803985596,1.0,True
2,finetune_000173_v00,finetune_000173,ErH4(CO2)4,89,C,3.0578975677490234,-4.1681904792785645,4.282116889953613,1.0,True
2,finetune_000173_v00,finetune_000173,ErH4(CO2)4,90,C,0.7242138981819153,-2.294612407684326,7.3400139808654785,1.0,True
2,finetune_000173_v00,finetune_000173,ErH4(CO2)4,91,O,-3.219129800796509,-0.8959044814109802,6.1143035888671875,1.0,True
2,finetune_000173_v00,finetune_000173,ErH4(CO2)4,92,O,-0.4717182219028473,-2.510462522506714,7.265889644622803,1.0,True
2,finetune_000173_v00,finetune_000173,ErH4(CO2)4,93,O,1.648637056350708,-2.4241225719451904,6.606627941131592,1.0,True
2,finetune_000173_v00,finetune_000173,ErH4(CO2)4,94,Er,-2.52742862701416,6.771087646484375,-1.6882171630859375,1.0,True
2,finetune_000173_v00,finetune_000173,ErH4(CO2)4,95,H,0.09069310128688812,5.052921295166016,0.3799712657928467,1.0,True
2,finetune_000173_v00,finetune_000173,ErH4(CO2)4,96,H,2.385589838027954,5.035653591156006,3.9836530685424805,1.0,True
2,finetune_000173_v00,finetune_000173,ErH4(CO2)4,97,H,0.9698647856712341,6.693381309509277,-1.5919407606124878,1.0,True
2,finetune_000173_v00,finetune_000173,ErH4(CO2)4,98,C,3.0578975677490234,4.465809345245361,-5.472883224487305,1.0,True
2,finetune_000173_v00,finetune_000173,ErH4(CO2)4,99,C,0.7242138981819153,6.3393874168396,-2.4149858951568604,0.9599712824904456,True
2,finetune_000173_v00,finetune_000173,ErH4(CO2)4,100,O,1.318947672843933,4.578051567077637,1.744286298751831,1.0,True
2,finetune_000173_v00,finetune_000173,ErH4(CO2)4,101,O,-2.75368595123291,4.819803714752197,-3.0033469200134277,1.0,True
2,finetune_000173_v00,finetune_000173,ErH4(CO2)4,102,O,-2.4369256496429443,5.208333492279053,-0.050095345824956894,1.0,True
2,finetune_000173_v00,finetune_000173,ErH4(CO2)4,103,O,-0.4717182219028473,6.123537540435791,-2.489110231399536,1.0,True
2,finetune_000173_v00,finetune_000173,ErH4(CO2)4,104,O,1.648637056350708,6.2098774909973145,-3.148371934890747,1.0,True
2,finetune_000173_v00,finetune_000173,ErH4(CO2)4,105,O,-0.775549590587616,7.660389423370361,-0.021471424028277397,1.0,True
2,finetune_000173_v00,finetune_000173,ErH4(CO2)4,106,C,3.0578975677490234,4.465809345245361,4.282116889953613,1.0,True
2,finetune_000173_v00,finetune_000173,ErH4(CO2)4,107,C,3.529805898666382,-4.427210330963135,-1.0130184888839722,0.9599718026127186,True
2,finetune_000173_v00,finetune_000173,ErH4(CO2)4,108,O,3.6009154319763184,-4.746668338775635,0.20021793246269226,0.9607567917129336,True
2,finetune_000173_v00,finetune_000173,ErH4(CO2)4,109,C,3.406980514526367,0.1488095223903656,-5.72649621963501,1.0,True
2,finetune_000173_v00,finetune_000173,ErH4(CO2)4,110,Er,3.9370694160461426,-1.8629124164581299,-3.133085250854492,1.0,True
2,finetune_000173_v00,finetune_000173,ErH4(CO2)4,111,H,4.079288482666016,0.7186535000801086,-5.428032398223877,0.9599681329818643,True
2,finetune_000173_v00,finetune_000173,ErH4(CO2)4,112,H,3.406980514526367,-0.6800544857978821,0.13625897467136383,1.0,True
2,finetune_000173_v00,finetune_000173,ErH4(CO2)4,113,H,5.495013236999512,2.3763816356658936,0.14756160974502563,1.0,True
2,finetune_000173_v00,finetune_000173,ErH4(CO2)4,114,H,6.5551910400390625,-3.58107852935791,-1.0648967027664185,1.0,True
2,finetune_000173_v00,finetune_000173,ErH4(CO2)4,115,H,6.374185085296631,0.7359215021133423,-1.8243504762649536,0.9599678323339985,True
2,finetune_000173_v00,finetune_000173,ErH4(CO2)4,116,C,3.406980514526367,0.1488095223903656,4.028503894805908,1.0,True
2,finetune_000173_v00,finetune_000173,ErH4(CO2)4,117,C,5.740664005279541,2.0223875045776367,0.9706066250801086,1.0,True
2,finetune_000173_v00,finetune_000173,ErH4(CO2)4,118,C,3.529805898666382,4.206789493560791,-1.0130184888839722,0.9599516071246613,True
2,finetune_000173_v00,finetune_000173,ErH4(CO2)4,119,C,5.798844814300537,0.0711035281419754,-2.1249771118164062,1.0,True
2,finetune_000173_v00,finetune_000173,ErH4(CO2)4,120,O,3.245368003845215,-0.8959044814109802,-5.085564136505127,0.9599643156600514,True
2,finetune_000173_v00,finetune_000173,ErH4(CO2)4,121,O,6.936596393585205,1.8065375089645386,1.0447310209274292,1.0,True
2,finetune_000173_v00,finetune_000173,ErH4(CO2)4,122,O,4.816241264343262,1.8928775787353516,1.7039927244186401,1.0,True
2,finetune_000173_v00,finetune_000173,ErH4(CO2)4,123,O,3.7108118534088135,-3.8141965866088867,-4.448215007781982,1.0,True
2,finetune_000173_v00,finetune_000173,ErH4(CO2)4,124,O,4.027572154998779,-3.425666570663452,-1.4949634075164795,1.0,True
2,finetune_000173_v00,finetune_000173,ErH4(CO2)4,125,O,3.6009154319763184,3.887331485748291,0.20021793246269226,1.0,True
2,finetune_000173_v00,finetune_000173,ErH4(CO2)4,126,O,5.992779731750488,-2.510462522506714,-3.933978319168091,1.0,True
2,finetune_000173_v00,finetune_000173,ErH4(CO2)4,127,O,5.688948154449463,-0.9736104607582092,-1.4663394689559937,1.0,True
2,finetune_000173_v00,finetune_000173,ErH4(CO2)4,128,O,5.145930290222168,0.2610515356063843,-3.1886656284332275,0.9599711464940577,True
2,finetune_000173_v00,finetune_000173,ErH4(CO2)4,129,Er,3.9370694160461426,-1.8629124164581299,6.621914863586426,1.0,True
2,finetune_000173_v00,finetune_000173,ErH4(CO2)4,130,H,4.079288482666016,0.7186535000801086,4.326967716217041,1.0,True
2,finetune_000173_v00,finetune_000173,ErH4(CO2)4,131,O,3.245368003845215,-0.8959044814109802,4.669435501098633,1.0,True
2,finetune_000173_v00,finetune_000173,ErH4(CO2)4,132,O,3.7108118534088135,-3.8141965866088867,5.3067851066589355,0.95997173103666,True
2,finetune_000173_v00,finetune_000173,ErH4(CO2)4,133,O,3.7108118534088135,4.819803714752197,-4.448215007781982,1.0,True
2,finetune_000173_v00,finetune_000173,ErH4(CO2)4,134,O,4.027572154998779,5.208333492279053,-1.4949634075164795,1.0,True
2,finetune_000206_v00,finetune_000206,Ho(CO2)4,0,C,-4.788256645202637,-6.322839260101318,0.7747468948364258,0.9600071615915324,True
2,finetune_000206_v00,finetune_000206,Ho(CO2)4,1,C,-5.348786354064941,0.22238461673259735,-5.849793434143066,0.9600024593506328,True
2,finetune_000206_v00,finetune_000206,Ho(CO2)4,2,Ho,-6.792863845825195,0.36115261912345886,-2.9908056259155273,0.9598320887129286,False
2,finetune_000206_v00,finetune_000206,Ho(CO2)4,3,C,-6.621854782104492,3.529688596725464,-2.5166242122650146,0.960005963436754,True
2,finetune_000206_v00,finetune_000206,Ho(CO2)4,4,C,-6.659856796264648,-2.749563455581665,-2.400517225265503,0.9200099831293863,True
2,finetune_000206_v00,finetune_000206,Ho(CO2)4,5,C,-4.788256645202637,5.2411603927612305,0.7747468948364258,0.9598449701046673,True
2,finetune_000206_v00,finetune_000206,Ho(CO2)4,6,O,-6.061324596405029,2.662388563156128,-3.241712808609009,0.9600541012255482,True
2,finetune_000206_v00,finetune_000206,Ho(CO2)4,7,O,-6.042323589324951,-1.882263422012329,-3.061300754547119,0.9600045515883142,True
2,finetune_000206_v00,finetune_000206,Ho(CO2)4,8,O,-5.728806972503662,4.709216594696045,0.14173263311386108,0.9600073397771152,True
2,finetune_000206_v00,finetune_000206,Ho(CO2)4,9,O,-7.799917697906494,-1.0149633884429932,-1.2652713060379028,0.8801050954072106,True
2,finetune_000206_v00,finetune_000206,Ho(CO2)4,10,O,-5.0637712478637695,0.11830861866474152,5.172105312347412,0.8801095974551316,True
2,finetune_000206_v00,finetune_000206,Ho(CO2)4,11,O,-5.586299419403076,-4.195063591003418,0.07014364749193192,0.9600501266084969,True
2,finetune_000206_v00,finetune_000206,Ho(CO2)4,12,Ho,-2.042609453201294,-5.698383331298828,2.3679280281066895,0.9598379142624766,True
2,finetune_000206_v00,finetune_000206,Ho(CO2)4,13,C,4.712252616882324,-6.322839260101318,-0.7367855906486511,0.9599778109257889,True
2,finetune_000206_v00,finetune_000206,Ho(CO2)4,14,O,3.7717020511627197,-6.854783535003662,-1.3697998523712158,0.9600475947194824,True
2,finetune_000206_v00,finetune_000206,Ho(CO2)4,15,O,-1.7290925979614258,-5.686819553375244,0.006766439415514469,0.9600042440621622,True
2,finetune_000206_v00,finetune_000206,Ho(CO2)4,16,O,0.3135167956352234,-5.663691520690918,1.699571967124939,0.959864165281844,True
2,finetune_000206_v00,finetune_000206,Ho(CO2)4,17,C,0.03800203651189804,-0.5408393740653992,-6.1320695877075195,0.9600055268954403,True
2,finetune_000206_v00,finetune_000206,Ho(CO2)4,18,O,-0.8360447883605957,-1.142167329788208,-6.8001227378845215,0.9600093805115651,True
2,finetune_000206_v00,finetune_000206,Ho(CO2)4,19,O,-0.9785524010658264,1.5175526142120361,-6.728533744812012,0.9600525080331774,True
2,finetune_000206_v00,finetune_000206,Ho(CO2)4,20,O,3.0211617946624756,0.3495886027812958,-6.863499641418457,0.9600481906476063,True
2,finetune_000206_v00,finetune_000206,Ho(CO2)4,21,Ho,2.7076449394226074,0.36115261912345886,-4.502338409423828,0.9598669635563613,True
2,finetune_000206_v00,finetune_000206,Ho(CO2)4,22,Ho,2.042609453201294,-5.420847415924072,-2.3665170669555664,0.9598626129597316,True
2,finetune_000206_v00,finetune_000206,Ho(CO2)4,23,Ho,-2.7076449394226074,0.08361661434173584,4.503749370574951,0.9197312499388636,True
2,finetune_000206_v00,finetune_000206,Ho(CO2)4,24,Ho,-2.042609453201294,5.865616798400879,2.3679280281066895,1.0,True
2,finetune_000206_v00,finetune_000206,Ho(CO2)4,25,C,1.9096022844314575,3.0324366092681885,-2.956805467605591,1.0,True
2,finetune_000206_v00,finetune_000206,Ho(CO2)4,26,C,0.03800203651189804,-0.5408393740653992,6.096930503845215,1.0,True
2,finetune_000206_v00,finetune_000206,Ho(CO2)4,27,C,2.8786542415618896,3.529688596725464,-4.028156757354736,1.0,True
2,finetune_000206_v00,finetune_000206,Ho(CO2)4,28,C,-4.151722431182861,0.22238461673259735,-4.866262912750244,1.0,True
2,finetune_000206_v00,finetune_000206,Ho(CO2)4,29,C,2.8406522274017334,-2.749563455581665,-3.9120497703552246,1.0,True
2,finetune_000206_v00,finetune_000206,Ho(CO2)4,30,C,4.712252616882324,5.2411603927612305,-0.7367855906486511,0.9600093805115651,True
2,finetune_000206_v00,finetune_000206,Ho(CO2)4,31,C,1.8716002702713013,-2.2523114681243896,-2.840698480606079,1.0,True
2,finetune_000206_v00,finetune_000206,Ho(CO2)4,32,C,-0.5985320806503296,-5.559615612030029,-0.49105992913246155,1.0,True
2,finetune_000206_v00,finetune_000206,Ho(CO2)4,33,C,-1.9096022844314575,-2.587667465209961,2.958216667175293,1.0,True
2,finetune_000206_v00,finetune_000206,Ho(CO2)4,34,C,-0.03800203651189804,0.9856086373329163,-6.095519542694092,0.960642739499813,True
2,finetune_000206_v00,finetune_000206,Ho(CO2)4,35,C,-2.8786542415618896,-3.0849194526672363,4.029567718505859,1.0,True
2,finetune_000206_v00,finetune_000206,Ho(CO2)4,36,C,4.151722431182861,0.22238461673259735,4.867673873901367,1.0,True
2,finetune_000206_v00,finetune_000206,Ho(CO2)4,37,C,-2.8406522274017334,3.1943325996398926,3.9134607315063477,1.0,True
2,finetune_000206_v00,finetune_000206,Ho(CO2)4,38,C,-4.712252616882324,-4.796391487121582,0.7381966710090637,0.9600073397771152,True
2,finetune_000206_v00,finetune_000206,Ho(CO2)4,39,C,-1.8716002702713013,2.697080612182617,2.842109441757202,1.0,True
2,finetune_000206_v00,finetune_000206,Ho(CO2)4,40,C,0.5985320806503296,-5.559615612030029,0.49247097969055176,1.0,True
2,finetune_000206_v00,finetune_000206,Ho(CO2)4,41,O,1.7955962419509888,1.7835246324539185,-2.828606128692627,1.0,True
2,finetune_000206_v00,finetune_000206,Ho(CO2)4,42,O,1.2920691967010498,3.8997366428375244,-2.2960219383239746,1.0,True
2,finetune_000206_v00,finetune_000206,Ho(CO2)4,43,O,0.9785524010658264,-1.072783350944519,-5.4990553855896,1.0,True
2,finetune_000206_v00,finetune_000206,Ho(CO2)4,44,O,-0.8360447883605957,-1.142167329788208,5.428877353668213,1.0,True
2,finetune_000206_v00,finetune_000206,Ho(CO2)4,45,O,3.0496633052825928,4.767036437988281,-4.104280471801758,1.0,True
2,finetune_000206_v00,finetune_000206,Ho(CO2)4,46,O,3.4391841888427734,2.662388563156128,-4.7532453536987305,1.0,True
2,finetune_000206_v00,finetune_000206,Ho(CO2)4,47,O,-3.0211617946624756,0.09518061578273773,-5.364089012145996,1.0,True
2,finetune_000206_v00,finetune_000206,Ho(CO2)4,48,O,-4.436737537384033,0.3264606297016144,-3.6591618061065674,1.0,True
2,finetune_000206_v00,finetune_000206,Ho(CO2)4,49,O,2.954658269882202,-3.9984753131866455,-4.052478313446045,0.9600024593506328,True
2,finetune_000206_v00,finetune_000206,Ho(CO2)4,50,O,3.4581851959228516,-1.882263422012329,-4.57283353805542,1.0,True
2,finetune_000206_v00,finetune_000206,Ho(CO2)4,51,O,3.7717020511627197,4.709216594696045,-1.3697998523712158,1.0,True
2,finetune_000206_v00,finetune_000206,Ho(CO2)4,52,O,-3.9142096042633057,4.639832496643066,1.4427999258041382,1.0,True
2,finetune_000206_v00,finetune_000206,Ho(CO2)4,53,O,1.7005910873413086,-1.0149633884429932,-2.776803731918335,1.0,True
2,finetune_000206_v00,finetune_000206,Ho(CO2)4,54,O,1.311070203781128,-3.1196115016937256,-2.115609884262085,0.9600481906476063,True
2,finetune_000206_v00,finetune_000206,Ho(CO2)4,55,O,-1.7290925979614258,5.877180576324463,0.006766439415514469,1.0,True
2,finetune_000206_v00,finetune_000206,Ho(CO2)4,56,O,-0.3135167956352234,-5.455539226531982,-1.7103898525238037,1.0,True
2,finetune_000206_v00,finetune_000206,Ho(CO2)4,57,O,-1.7955962419509888,-1.3387553691864014,2.83001708984375,1.0,True
2,finetune_000206_v00,finetune_000206,Ho(CO2)4,58,O,-1.2920691967010498,-3.454967498779297,2.2974328994750977,0.9598626129597316,True
2,finetune_000206_v00,finetune_000206,Ho(CO2)4,59,O,-0.9785524010658264,1.5175526142120361,5.500466346740723,1.0,True
2,finetune_000206_v00,finetune_000206,Ho(CO2)4,60,O,0.8360447883605957,1.586936593055725,-5.42746639251709,0.9598670846570196,True
2,finetune_000206_v00,finetune_000206,Ho(CO2)4,61,O,-3.0496633052825928,-4.322267532348633,4.0934624671936035,1.0,True
2,finetune_000206_v00,finetune_000206,Ho(CO2)4,62,O,-3.4391841888427734,-2.2176194190979004,4.7546563148498535,1.0,True
2,finetune_000206_v00,finetune_000206,Ho(CO2)4,63,O,3.0211617946624756,0.3495886027812958,5.365499973297119,1.0,True
2,finetune_000206_v00,finetune_000206,Ho(CO2)4,64,O,4.436737537384033,0.11830861866474152,3.6605727672576904,0.9600495327928292,True
2,finetune_000206_v00,finetune_000206,Ho(CO2)4,65,O,-2.954658269882202,4.443244457244873,4.041660308837891,1.0,True
2,finetune_000206_v00,finetune_000206,Ho(CO2)4,66,O,-3.4581851959228516,2.3270325660705566,4.574244499206543,1.0,True
2,finetune_000206_v00,finetune_000206,Ho(CO2)4,67,O,-3.7717020511627197,-4.264447212219238,1.3712109327316284,1.0,True
2,finetune_000206_v00,finetune_000206,Ho(CO2)4,68,O,3.9142096042633057,-4.195063591003418,-1.4413888454437256,1.0,True
2,finetune_000206_v00,finetune_000206,Ho(CO2)4,69,O,-1.7005910873413086,1.4597326517105103,2.778214931488037,1.0,True
2,finetune_000206_v00,finetune_000206,Ho(CO2)4,70,O,-1.311070203781128,3.564380645751953,2.117021083831787,1.0,True
2,finetune_000206_v00,finetune_000206,Ho(CO2)4,71,O,1.7290925979614258,-5.432411193847656,-0.005355400964617729,1.0,True
2,finetune_000206_v00,finetune_000206,Ho(CO2)4,72,O,0.3135167956352234,5.900308609008789,1.699571967124939,0.9598669635563613,True
2,finetune_000206_v00,finetune_000206,Ho(CO2)4,73,C,-0.03800203651189804,0.9856086373329163,6.133480548858643,1.0,True
2,finetune_000206_v00,finetune_000206,Ho(CO2)4,74,O,0.9785524010658264,-1.072783350944519,6.729944705963135,0.9201001027526597,True
2,finetune_000206_v00,finetune_000206,Ho(CO2)4,75,O,-3.0211617946624756,0.09518061578273773,6.864911079406738,1.0,True
2,finetune_000206_v00,finetune_000206,Ho(CO2)4,76,O,0.8360447883605957,1.586936593055725,6.8015336990356445,1.0,True
2,finetune_000206_v00,finetune_000206,Ho(CO2)4,77,Ho,2.042609453201294,6.143152713775635,-2.3665170669555664,0.9598449701046673,True
2,finetune_000206_v00,finetune_000206,Ho(CO2)4,78,C,-0.5985320806503296,6.004384517669678,-0.49105992913246155,0.9198157251882653,True
2,finetune_000206_v00,finetune_000206,Ho(CO2)4,79,C,0.5985320806503296,6.004384517669678,0.49247097969055176,1.0,True
2,finetune_000206_v00,finetune_000206,Ho(CO2)4,80,O,-0.3135167956352234,6.108460426330566,-1.7103898525238037,1.0,True
2,finetune_000206_v00,finetune_000206,Ho(CO2)4,81,O,1.7290925979614258,6.131588459014893,-0.005355400964617729,1.0,True
2,finetune_000206_v00,finetune_000206,Ho(CO2)4,82,Ho,6.792863845825195,0.08361661434173584,2.9922168254852295,1.0,True
2,finetune_000206_v00,finetune_000206,Ho(CO2)4,83,C,6.621854782104492,-3.0849194526672363,2.518035411834717,0.9598320887129286,False
2,finetune_000206_v00,finetune_000206,Ho(CO2)4,84,C,6.659856796264648,3.1943325996398926,2.401928186416626,0.9600042440621622,True
2,finetune_000206_v00,finetune_000206,Ho(CO2)4,85,C,4.788256645202637,-4.796391487121582,-0.773335874080658,1.0,True
2,finetune_000206_v00,finetune_000206,Ho(CO2)4,86,O,5.0637712478637695,0.3264606297016144,-5.170694351196289,0.9200566988491742,True
2,finetune_000206_v00,finetune_000206,Ho(CO2)4,87,O,5.586299419403076,4.639832496643066,-0.0687326043844223,1.0,True
2,finetune_000206_v00,finetune_000206,Ho(CO2)4,88,O,7.7049126625061035,-1.3387553691864014,1.3184846639633179,1.0,True
2,finetune_000206_v00,finetune_000206,Ho(CO2)4,89,O,6.061324596405029,-2.2176194190979004,3.243123769760132,1.0,True
2,finetune_000206_v00,finetune_000206,Ho(CO2)4,90,O,6.042323589324951,2.3270325660705566,3.062711715698242,1.0,True
2,finetune_000206_v00,finetune_000206,Ho(CO2)4,91,O,5.728806972503662,-4.264447212219238,-0.14032159745693207,0.9600055268954403,True
2,finetune_000206_v00,finetune_000206,Ho(CO2)4,92,C,5.348786354064941,0.22238461673259735,5.851204872131348,1.0,True
2,finetune_000067_v00,finetune_000067,CuHC4O3,0,Cu,-2.7883360385894775,-3.0769548416137695,3.314936876296997,0.9600617717335609,True
2,finetune_000067_v00,finetune_000067,CuHC4O3,1,Cu,-4.573533535003662,-2.417556047439575,5.63763427734375,0.9600302092599409,True
2,finetune_000067_v00,finetune_000067,CuHC4O3,2,Cu,-5.554505348205566,0.9699435234069824,-2.6067137718200684,0.9600284108164698,True
2,finetune_000067_v00,finetune_000067,CuHC4O3,3,H,-5.355808258056641,0.8147908449172974,0.9080972671508789,0.9598945252471737,True
2,finetune_000067_v00,finetune_000067,CuHC4O3,4,H,-7.06347131729126,-0.8143119812011719,0.8305251002311707,0.9598929058187131,True
2,finetune_000067_v00,finetune_000067,CuHC4O3,5,C,-4.635576248168945,-0.9953234195709229,2.6162619590759277,0.9598881968682196,False
2,finetune_000067_v00,finetune_000067,CuHC4O3,6,C,-4.393350124359131,0.5562031269073486,0.6527774333953857,0.9199196218336925,True
2,finetune_000067_v00,finetune_000067,CuHC4O3,7,C,-3.865579605102539,-0.37471282482147217,1.5135425329208374,0.9599715250015154,True
2,finetune_000067_v00,finetune_000067,CuHC4O3,8,C,-7.783703327178955,0.9958022832870483,-0.877639651298523,0.9599388150556089,True
2,finetune_000067_v00,finetune_000067,CuHC4O3,9,C,-3.694772243499756,0.9052965641021729,-0.5077864527702332,0.9599385549302397,True
2,finetune_000067_v00,finetune_000067,CuHC4O3,10,C,-4.154262542724609,1.189743161201477,-5.086567401885986,0.9599340665688904,True
2,finetune_000067_v00,finetune_000067,CuHC4O3,11,C,-5.2036824226379395,0.6467088460922241,-5.994935512542725,0.9599792312582861,True
2,finetune_000067_v00,finetune_000067,CuHC4O3,12,C,-5.942476272583008,4.266937255859375,-2.816178798675537,0.9599318742186713,True
2,finetune_000067_v00,finetune_000067,CuHC4O3,13,O,-5.601121425628662,-0.2583483159542084,2.9850826263427734,0.9600035355174562,True
2,finetune_000067_v00,finetune_000067,CuHC4O3,14,O,-4.3655009269714355,-1.9908863306045532,3.2643587589263916,0.8800239640915273,True
2,finetune_000067_v00,finetune_000067,CuHC4O3,15,O,-2.9869906902313232,-1.7581573724746704,6.614034652709961,0.9600277833226153,True
2,finetune_000067_v00,finetune_000067,CuHC4O3,16,O,-3.620435953140259,-3.9302945137023926,4.953970909118652,0.9200197770650268,True
2,finetune_000067_v00,finetune_000067,CuHC4O3,17,O,-6.818158149719238,0.25882717967033386,-1.2464603185653687,0.9599724988772989,True
2,finetune_000067_v00,finetune_000067,CuHC4O3,18,O,-4.306370258331299,1.8491419553756714,-1.2739055156707764,0.9599958144180681,True
2,finetune_000067_v00,finetune_000067,CuHC4O3,19,O,-4.163573265075684,1.2802488803863525,-3.8868002891540527,0.9599651974378797,True
2,finetune_000067_v00,finetune_000067,CuHC4O3,20,O,-6.802618503570557,0.685496985912323,-4.029967308044434,0.9599639684950223,True
2,finetune_000067_v00,finetune_000067,CuHC4O3,21,O,-4.84028959274292,4.435019493103027,-2.2091636657714844,0.9599890393657665,True
2,finetune_000067_v00,finetune_000067,CuHC4O3,22,O,-6.187789440155029,3.193798303604126,-3.3170182704925537,0.9599619672061268,True
2,finetune_000067_v00,finetune_000067,CuHC4O3,23,H,-0.829383134841919,-6.735971927642822,3.093454599380493,0.9599302767485142,True
2,finetune_000067_v00,finetune_000067,CuHC4O3,24,C,0.19517990946769714,-6.710113048553467,3.2364704608917236,1.0,True
2,finetune_000067_v00,finetune_000067,CuHC4O3,25,Cu,3.421131134033203,-3.0769548416137695,2.445789337158203,1.0,True
2,finetune_000067_v00,finetune_000067,CuHC4O3,26,Cu,-0.6553068161010742,-0.9694646596908569,3.4761886596679688,0.9600277833226153,True
2,finetune_000067_v00,finetune_000067,CuHC4O3,27,Cu,1.635933518409729,-2.417556047439575,4.768486976623535,0.9600307376992603,True
2,finetune_000067_v00,finetune_000067,CuHC4O3,28,Cu,-3.421476125717163,3.0774338245391846,-2.4454619884490967,1.0,True
2,finetune_000067_v00,finetune_000067,CuHC4O3,29,Cu,0.6549618244171143,0.9699435234069824,-3.4758613109588623,1.0,True
2,finetune_000067_v00,finetune_000067,CuHC4O3,30,Cu,-1.636278510093689,2.4180350303649902,-4.76815938949585,1.0,True
2,finetune_000067_v00,finetune_000067,CuHC4O3,31,H,0.8536590933799744,0.8147908449172974,0.038949836045503616,1.0,True
2,finetune_000067_v00,finetune_000067,CuHC4O3,32,H,-2.185924768447876,-0.5427948832511902,-6.598250389099121,1.0,True
2,finetune_000067_v00,finetune_000067,CuHC4O3,33,H,-0.8540040254592896,-0.8143119812011719,-0.038622379302978516,0.9598881968682196,False
2,finetune_000067_v00,finetune_000067,CuHC4O3,34,H,2.185579776763916,0.5432737469673157,6.598577976226807,1.0,True
2,finetune_000067_v00,finetune_000067,CuHC4O3,35,C,1.5738909244537354,-0.9953234195709229,1.7471145391464233,1.0,True
2,finetune_000067_v00,finetune_000067,CuHC4O3,36,C,1.8161170482635498,0.5562031269073486,-0.21637004613876343,1.0,True
2,finetune_000067_v00,finetune_000067,CuHC4O3,37,C,2.3438875675201416,-0.37471282482147217,0.644395112991333,1.0,True
2,finetune_000067_v00,finetune_000067,CuHC4O3,38,C,-2.5150399208068848,-0.9048177003860474,1.3772614002227783,1.0,True
2,finetune_000067_v00,finetune_000067,CuHC4O3,39,C,-2.0555496215820312,-1.1892642974853516,5.956042289733887,0.9599318742186713,True
2,finetune_000067_v00,finetune_000067,CuHC4O3,40,C,-1.2296583652496338,-0.3100658655166626,-6.912997722625732,1.0,True
2,finetune_000067_v00,finetune_000067,CuHC4O3,41,C,-1.0061298608779907,-0.6462299823760986,6.864410400390625,1.0,True
2,finetune_000067_v00,finetune_000067,CuHC4O3,42,C,0.26992371678352356,-0.4264303743839264,6.195865154266357,1.0,True
2,finetune_000067_v00,finetune_000067,CuHC4O3,43,C,-0.2673358619213104,-4.266458511352539,3.6856536865234375,0.9599619672061268,True
2,finetune_000067_v00,finetune_000067,CuHC4O3,44,C,-2.9090800285339355,6.219274997711182,-3.866354465484619,0.9599651974378797,True
2,finetune_000067_v00,finetune_000067,CuHC4O3,45,C,0.6360985040664673,-5.443032741546631,3.521496057510376,1.0,True
2,finetune_000067_v00,finetune_000067,CuHC4O3,46,C,2.039449453353882,-5.13272762298584,3.7622461318969727,1.0,True
2,finetune_000067_v00,finetune_000067,CuHC4O3,47,C,-1.5742359161376953,0.9958022832870483,-1.7467870712280273,0.9599340665688904,True
2,finetune_000067_v00,finetune_000067,CuHC4O3,48,C,-1.8164620399475098,-0.5557242631912231,0.21669749915599823,1.0,True
2,finetune_000067_v00,finetune_000067,CuHC4O3,49,C,-2.3442325592041016,0.37519168853759766,-0.644067645072937,0.9599639684950223,True
2,finetune_000067_v00,finetune_000067,CuHC4O3,50,C,2.514694929122925,0.9052965641021729,-1.3769339323043823,1.0,True
2,finetune_000067_v00,finetune_000067,CuHC4O3,51,C,2.0552046298980713,1.189743161201477,-5.955714702606201,1.0,True
2,finetune_000067_v00,finetune_000067,CuHC4O3,52,C,1.2293133735656738,0.3105447292327881,6.898250102996826,0.9599471229563935,True
2,finetune_000067_v00,finetune_000067,CuHC4O3,53,C,1.0057848691940308,0.6467088460922241,-6.864083290100098,1.0,True
2,finetune_000067_v00,finetune_000067,CuHC4O3,54,C,-0.27026867866516113,0.4269092381000519,-6.195537567138672,1.0,True
2,finetune_000067_v00,finetune_000067,CuHC4O3,55,C,0.26699092984199524,4.266937255859375,-3.685326099395752,0.9598929058187131,True
2,finetune_000067_v00,finetune_000067,CuHC4O3,56,C,2.911839246749878,-6.231725692749023,3.8737847805023193,1.0,True
2,finetune_000067_v00,finetune_000067,CuHC4O3,57,C,-0.6364434361457825,5.443511962890625,-3.5211684703826904,1.0,True
2,finetune_000067_v00,finetune_000067,CuHC4O3,58,C,-2.0335848331451416,5.133206367492676,-3.7627878189086914,1.0,True
2,finetune_000067_v00,finetune_000067,CuHC4O3,59,O,0.6083458065986633,-0.2583483159542084,2.1159353256225586,1.0,True
2,finetune_000067_v00,finetune_000067,CuHC4O3,60,O,1.8439663648605347,-1.9908863306045532,2.3952112197875977,1.0,True
2,finetune_000067_v00,finetune_000067,CuHC4O3,61,O,-1.9034419059753418,-1.848663091659546,2.1433804035186768,1.0,True
2,finetune_000067_v00,finetune_000067,CuHC4O3,62,O,3.2224764823913574,-1.7581573724746704,5.744887351989746,0.9206525090698321,True
2,finetune_000067_v00,finetune_000067,CuHC4O3,63,O,-2.046238899230957,-1.279770016670227,4.756275177001953,1.0,True
2,finetune_000067_v00,finetune_000067,CuHC4O3,64,O,0.5928065180778503,-0.6850181221961975,4.899442195892334,1.0,True
2,finetune_000067_v00,finetune_000067,CuHC4O3,65,O,-1.3695224523544312,-4.434540748596191,3.0786385536193848,0.9599997388569894,True
2,finetune_000067_v00,finetune_000067,CuHC4O3,66,O,-0.022022604942321777,-3.193319320678711,4.186493396759033,1.0,True
2,finetune_000067_v00,finetune_000067,CuHC4O3,67,O,2.589031457901001,-3.9302945137023926,4.0848236083984375,1.0,True
2,finetune_000067_v00,finetune_000067,CuHC4O3,68,O,-0.6086907982826233,0.25882717967033386,-2.115607738494873,1.0,True
2,finetune_000067_v00,finetune_000067,CuHC4O3,69,O,-1.844311237335205,1.9913651943206787,-2.394883871078491,1.0,True
2,finetune_000067_v00,finetune_000067,CuHC4O3,70,O,1.9030969142913818,1.8491419553756714,-2.1430530548095703,0.9600035355174562,True
2,finetune_000067_v00,finetune_000067,CuHC4O3,71,O,-3.2228214740753174,1.758636236190796,-5.7445597648620605,1.0,True
2,finetune_000067_v00,finetune_000067,CuHC4O3,72,O,2.045893907546997,1.2802488803863525,-4.755948066711426,1.0,True
2,finetune_000067_v00,finetune_000067,CuHC4O3,73,O,-0.5931515097618103,0.685496985912323,-4.899114608764648,1.0,True
2,finetune_000067_v00,finetune_000067,CuHC4O3,74,O,1.3691774606704712,4.435019493103027,-3.078310966491699,1.0,True
2,finetune_000067_v00,finetune_000067,CuHC4O3,75,O,0.02167765237390995,3.193798303604126,-4.186165809631348,0.9600302092599409,True
2,finetune_000067_v00,finetune_000067,CuHC4O3,76,O,-2.589376211166382,3.9307732582092285,-4.084496021270752,1.0,True
2,finetune_000067_v00,finetune_000067,CuHC4O3,77,H,0.829038143157959,6.736450672149658,-3.0931272506713867,1.0,True
2,finetune_000067_v00,finetune_000067,CuHC4O3,78,C,-0.1924206018447876,6.697662353515625,-3.2290401458740234,1.0,True
2,finetune_000067_v00,finetune_000067,CuHC4O3,79,Cu,5.5541605949401855,-0.9694646596908569,2.607041120529175,0.9600617717335609,True
2,finetune_000067_v00,finetune_000067,CuHC4O3,80,Cu,2.7879910469055176,3.0774338245391846,-3.3146092891693115,0.9599792312582861,True
2,finetune_000067_v00,finetune_000067,CuHC4O3,81,Cu,4.573188781738281,2.4180350303649902,-5.6373066902160645,1.0,True
2,finetune_000067_v00,finetune_000067,CuHC4O3,82,H,7.063126087188721,0.8147908449172974,-0.8301976323127747,1.0,True
2,finetune_000067_v00,finetune_000067,CuHC4O3,83,H,5.355463027954102,-0.8143119812011719,-0.9077698588371277,1.0,True
2,finetune_000067_v00,finetune_000067,CuHC4O3,84,C,7.783358097076416,-0.9953234195709229,0.8779670596122742,0.9598945252471737,True
2,finetune_000067_v00,finetune_000067,CuHC4O3,85,C,3.694427251815796,-0.9048177003860474,0.5081139206886292,0.9599385549302397,True
2,finetune_000067_v00,finetune_000067,CuHC4O3,86,C,4.15391731262207,-1.1892642974853516,5.086894989013672,1.0,True
2,finetune_000067_v00,finetune_000067,CuHC4O3,87,C,5.2033371925354,-0.6462299823760986,5.99526309967041,0.9599388150556089,True
2,finetune_000067_v00,finetune_000067,CuHC4O3,88,C,5.942131519317627,-4.266458511352539,2.8165061473846436,1.0,True
2,finetune_000067_v00,finetune_000067,CuHC4O3,89,C,4.635231018066406,0.9958022832870483,-2.6159346103668213,1.0,True
2,finetune_000067_v00,finetune_000067,CuHC4O3,90,C,4.39300537109375,-0.5557242631912231,-0.6524499654769897,1.0,True
2,finetune_000067_v00,finetune_000067,CuHC4O3,91,C,3.865234613418579,0.37519168853759766,-1.513215184211731,1.0,True
2,finetune_000067_v00,finetune_000067,CuHC4O3,92,O,6.817812919616699,-0.2583483159542084,1.2467877864837646,1.0,True
2,finetune_000067_v00,finetune_000067,CuHC4O3,93,O,4.306025505065918,-1.848663091659546,1.2742329835891724,1.0,True
2,finetune_000067_v00,finetune_000067,CuHC4O3,94,O,4.163228511810303,-1.279770016670227,3.8871278762817383,1.0,True
2,finetune_000067_v00,finetune_000067,CuHC4O3,95,O,6.802273750305176,-0.6850181221961975,4.030294895172119,1.0,True
2,finetune_000067_v00,finetune_000067,CuHC4O3,96,O,4.839944839477539,-4.434540748596191,2.209491014480591,1.0,True
2,finetune_000067_v00,finetune_000067,CuHC4O3,97,O,6.187444686889648,-3.193319320678711,3.3173458576202393,1.0,True
2,finetune_000067_v00,finetune_000067,CuHC4O3,98,O,5.600776195526123,0.25882717967033386,-2.984755277633667,0.9599715250015154,True
2,finetune_000067_v00,finetune_000067,CuHC4O3,99,O,4.3651556968688965,1.9913651943206787,-3.264031410217285,1.0,True
2,finetune_000067_v00,finetune_000067,CuHC4O3,100,O,2.9866456985473633,1.758636236190796,-6.613707542419434,1.0,True
2,finetune_000067_v00,finetune_000067,CuHC4O3,101,O,3.620090961456299,3.9307732582092285,-4.953643321990967,1.0,True
2,finetune_000262_v00,finetune_000262,Fe2C4Cl2O9,0,C,-1.5541852712631226,-5.930628299713135,-1.0729869604110718,0.9599100511938283,False
2,finetune_000262_v00,finetune_000262,Fe2C4Cl2O9,1,Cl,-1.222727656364441,-6.132075309753418,2.619243860244751,0.9599519883477518,True
2,finetune_000262_v00,finetune_000262,Fe2C4Cl2O9,2,O,-2.4799115657806396,-5.759024620056152,-1.90919029712677,0.959970601052283,True
2,finetune_000262_v00,finetune_000262,Fe2C4Cl2O9,3,O,-1.3566843271255493,-6.930404186248779,-0.3666072487831116,0.9599288731200443,True
2,finetune_000262_v00,finetune_000262,Fe2C4Cl2O9,4,Cl,-4.485751152038574,-4.326510429382324,-3.8722269535064697,0.9599749937706574,True
2,finetune_000262_v00,finetune_000262,Fe2C4Cl2O9,5,Fe,-2.4745571613311768,-3.960920572280884,-2.877345561981201,0.9599583313495392,True
2,finetune_000262_v00,finetune_000262,Fe2C4Cl2O9,6,Fe,-5.270374298095703,1.5154635906219482,5.608739376068115,0.9600081165048039,True
2,finetune_000262_v00,finetune_000262,Fe2C4Cl2O9,7,C,-5.85600471496582,1.5303856134414673,-2.770310640335083,0.9599161814816789,True
2,finetune_000262_v00,finetune_000262,Fe2C4Cl2O9,8,C,-3.549924850463867,-1.9464467763900757,-1.167087197303772,0.9599703807252049,True
2,finetune_000262_v00,finetune_000262,Fe2C4Cl2O9,9,Cl,-5.524547100067139,1.3289382457733154,0.9219199419021606,0.9600149202033784,True
2,finetune_000262_v00,finetune_000262,Fe2C4Cl2O9,10,O,-6.781731128692627,1.701988935470581,-3.6065139770507812,0.9599560500760765,True
2,finetune_000262_v00,finetune_000262,Fe2C4Cl2O9,11,O,-5.658503532409668,0.5306097269058228,-2.0639309883117676,0.9600325875487288,True
2,finetune_000262_v00,finetune_000262,Fe2C4Cl2O9,12,O,-6.523099899291992,2.1496496200561523,4.022266864776611,0.9600388024130107,True
2,finetune_000262_v00,finetune_000262,Fe2C4Cl2O9,13,O,-4.1566643714904785,-1.2078064680099487,-0.35200339555740356,0.9599412990654295,True
2,finetune_000262_v00,finetune_000262,Fe2C4Cl2O9,14,O,-3.507585287094116,-3.1849751472473145,-1.1698291301727295,0.9599866835171816,True
2,finetune_000262_v00,finetune_000262,Fe2C4Cl2O9,15,O,-4.689941883087158,-0.02896628901362419,4.25256872177124,0.9599658792259863,True
2,finetune_000262_v00,finetune_000262,Fe2C4Cl2O9,16,Fe,0.27120426297187805,-6.661807537078857,0.9895630478858948,0.9199839612700873,True
2,finetune_000262_v00,finetune_000262,Fe2C4Cl2O9,17,C,-0.5760018825531006,-4.759249210357666,-0.9073728919029236,0.9599435274593663,True
2,finetune_000262_v00,finetune_000262,Fe2C4Cl2O9,18,C,1.1028386354446411,-5.729180812835693,5.409127235412598,0.9599931898830335,True
2,finetune_000262_v00,finetune_000262,Fe2C4Cl2O9,19,Cl,0.23657222092151642,-6.975170135498047,-3.697256326675415,0.9599539450821425,True
2,finetune_000262_v00,finetune_000262,Fe2C4Cl2O9,20,O,0.3282153904438019,-4.893547058105469,-0.05439016968011856,0.9606735540000539,True
2,finetune_000262_v00,finetune_000262,Fe2C4Cl2O9,21,O,4.397018909454346,-5.796329975128174,3.1405246257781982,0.9199288176506482,True
2,finetune_000262_v00,finetune_000262,Fe2C4Cl2O9,22,O,1.4463404417037964,-7.430292129516602,-0.5969091057777405,0.959973453936105,True
2,finetune_000262_v00,finetune_000262,Fe2C4Cl2O9,23,O,2.0460941791534424,-5.378513336181641,4.648820877075195,0.959998158243914,True
2,finetune_000262_v00,finetune_000262,Fe2C4Cl2O9,24,O,1.856135606765747,-6.214146614074707,1.939392328262329,0.9599520836803481,True
2,finetune_000262_v00,finetune_000262,Fe2C4Cl2O9,25,Fe,3.3419642448425293,1.5154635906219482,3.9114153385162354,1.0,True
2,finetune_000262_v00,finetune_000262,Fe2C4Cl2O9,26,Fe,-4.030615329742432,0.7992062568664551,-0.707760751247406,0.9600325875487288,True
2,finetune_000262_v00,finetune_000262,Fe2C4Cl2O9,27,Fe,-1.5633584260940552,0.49330466985702515,1.7401334047317505,1.0,True
2,finetune_000262_v00,finetune_000262,Fe2C4Cl2O9,28,C,-4.877821445465088,2.7017648220062256,-2.604696750640869,1.0,True
2,finetune_000262_v00,finetune_000262,Fe2C4Cl2O9,29,C,2.756334066390991,1.5303856134414673,-4.467634677886963,0.9199122764316816,True
2,finetune_000262_v00,finetune_000262,Fe2C4Cl2O9,30,C,0.9951151013374329,1.537846565246582,2.2944862842559814,0.9599100511938283,False
2,finetune_000262_v00,finetune_000262,Fe2C4Cl2O9,31,C,0.7232565879821777,0.5604537725448608,3.439455986022949,1.0,True
2,finetune_000262_v00,finetune_000262,Fe2C4Cl2O9,32,C,-2.838984966278076,-1.2227284908294678,-2.3246898651123047,0.919880861467796,True
2,finetune_000262_v00,finetune_000262,Fe2C4Cl2O9,33,C,5.062413692474365,-1.9464467763900757,-2.864410877227783,0.9599161814816789,True
2,finetune_000262_v00,finetune_000262,Fe2C4Cl2O9,34,C,-3.1989808082580566,1.7318329811096191,3.7118031978607178,1.0,True
2,finetune_000262_v00,finetune_000262,Fe2C4Cl2O9,35,C,-3.725168466567993,0.2993183135986328,3.546189308166504,1.0,True
2,finetune_000262_v00,finetune_000262,Fe2C4Cl2O9,36,Cl,-4.065247058868408,0.4858436584472656,-5.394579887390137,1.0,True
2,finetune_000262_v00,finetune_000262,Fe2C4Cl2O9,37,Cl,3.087791681289673,1.3289382457733154,-0.7754038572311401,1.0,True
2,finetune_000262_v00,finetune_000262,Fe2C4Cl2O9,38,Cl,-0.8711917996406555,-1.4390978813171387,0.7469491362571716,0.9600081165048039,True
2,finetune_000262_v00,finetune_000262,Fe2C4Cl2O9,39,O,-0.7433639168739319,-3.7669341564178467,-1.6676791906356812,1.0,True
2,finetune_000262_v00,finetune_000262,Fe2C4Cl2O9,40,O,1.8306076526641846,1.701988935470581,-5.303837776184082,0.9599727675745716,True
2,finetune_000262_v00,finetune_000262,Fe2C4Cl2O9,41,O,2.9538347721099854,0.5306097269058228,-3.7612547874450684,1.0,True
2,finetune_000262_v00,finetune_000262,Fe2C4Cl2O9,42,O,-3.9736039638519287,2.5674664974212646,-1.7517139911651611,0.9599435274593663,True
2,finetune_000262_v00,finetune_000262,Fe2C4Cl2O9,43,O,2.0892388820648193,2.1496496200561523,2.3249433040618896,1.0,True
2,finetune_000262_v00,finetune_000262,Fe2C4Cl2O9,44,O,1.6662163734436035,0.4037725031375885,4.267172813415527,0.959970601052283,True
2,finetune_000262_v00,finetune_000262,Fe2C4Cl2O9,45,O,-0.37084969878196716,-0.02150527574121952,3.4493470191955566,1.0,True
2,finetune_000262_v00,finetune_000262,Fe2C4Cl2O9,46,O,0.09519965946674347,1.6646838188171387,1.4432008266448975,1.0,True
2,finetune_000262_v00,finetune_000262,Fe2C4Cl2O9,47,O,-2.8554790019989014,0.030721820890903473,-2.2942328453063965,0.959973453936105,True
2,finetune_000262_v00,finetune_000262,Fe2C4Cl2O9,48,O,4.455674648284912,-1.2078064680099487,-2.0493271350860596,1.0,True
2,finetune_000262_v00,finetune_000262,Fe2C4Cl2O9,49,O,5.104753494262695,-3.1849751472473145,-2.8671529293060303,1.0,True
2,finetune_000262_v00,finetune_000262,Fe2C4Cl2O9,50,O,-2.2796006202697754,-1.938985824584961,-3.1759753227233887,1.0,True
2,finetune_000262_v00,finetune_000262,Fe2C4Cl2O9,51,O,-2.255725145339966,2.082500696182251,2.9514970779418945,1.0,True
2,finetune_000262_v00,finetune_000262,Fe2C4Cl2O9,52,O,-3.114109992980957,-0.41693899035453796,2.7099859714508057,1.0,True
2,finetune_000262_v00,finetune_000262,Fe2C4Cl2O9,53,O,3.922396659851074,-0.02896628901362419,2.5552451610565186,1.0,True
2,finetune_000262_v00,finetune_000262,Fe2C4Cl2O9,54,O,-3.766977548599243,2.4480903148651123,4.564785957336426,1.0,True
2,finetune_000262_v00,finetune_000262,Fe2C4Cl2O9,55,O,-1.3724039793014526,-4.348893165588379,-4.377107620239258,1.0,True
2,finetune_000262_v00,finetune_000262,Fe2C4Cl2O9,56,O,-2.445683717727661,1.246867060661316,0.24206851422786713,1.0,True
2,finetune_000262_v00,finetune_000262,Fe2C4Cl2O9,57,O,1.8306076526641846,1.701988935470581,7.329162120819092,1.0,True
2,finetune_000262_v00,finetune_000262,Fe2C4Cl2O9,58,Cl,-0.17523208260536194,3.1345036029815674,-7.26687479019165,0.9599866835171816,True
2,finetune_000262_v00,finetune_000262,Fe2C4Cl2O9,59,Fe,1.835962176322937,3.5000932216644287,-6.271993160247803,0.9600149202033784,True
2,finetune_000262_v00,finetune_000262,Fe2C4Cl2O9,60,C,0.7605943083763123,5.514566898345947,-4.561734676361084,1.0,True
2,finetune_000262_v00,finetune_000262,Fe2C4Cl2O9,61,Cl,-0.17523208260536194,3.1345036029815674,5.366125106811523,1.0,True
2,finetune_000262_v00,finetune_000262,Fe2C4Cl2O9,62,Cl,-5.173011302947998,6.021915912628174,-0.9503747224807739,1.0,True
2,finetune_000262_v00,finetune_000262,Fe2C4Cl2O9,63,O,-5.045183181762695,3.694079637527466,-3.3650031089782715,1.0,True
2,finetune_000262_v00,finetune_000262,Fe2C4Cl2O9,64,O,0.15385505557060242,6.253207206726074,-3.7466509342193604,0.9599749937706574,True
2,finetune_000262_v00,finetune_000262,Fe2C4Cl2O9,65,O,0.8029338717460632,4.276038646697998,-4.56447696685791,1.0,True
2,finetune_000262_v00,finetune_000262,Fe2C4Cl2O9,66,O,-0.379422664642334,7.432047367095947,0.857921302318573,1.0,True
2,finetune_000262_v00,finetune_000262,Fe2C4Cl2O9,67,Fe,1.835962176322937,3.5000932216644287,6.361006736755371,0.9599931898830335,True
2,finetune_000262_v00,finetune_000262,Fe2C4Cl2O9,68,Fe,4.581723690032959,0.7992062568664551,-2.4050846099853516,1.0,True
2,finetune_000262_v00,finetune_000262,Fe2C4Cl2O9,69,Fe,7.048980236053467,0.49330466985702515,0.04280957207083702,0.9600388024130107,True
2,finetune_000262_v00,finetune_000262,Fe2C4Cl2O9,70,C,3.7345173358917236,2.7017648220062256,-4.30202054977417,1.0,True
2,finetune_000262_v00,finetune_000262,Fe2C4Cl2O9,71,C,5.773353576660156,-1.2227284908294678,-4.0220136642456055,1.0,True
2,finetune_000262_v00,finetune_000262,Fe2C4Cl2O9,72,C,5.413357734680176,1.7318329811096191,2.014479398727417,1.0,True
2,finetune_000262_v00,finetune_000262,Fe2C4Cl2O9,73,C,4.88716983795166,0.2993183135986328,1.8488655090332031,0.9599520836803481,True
2,finetune_000262_v00,finetune_000262,Fe2C4Cl2O9,74,Cl,7.741146564483643,-1.4390978813171387,-0.9503747224807739,0.9600135805448823,True
2,finetune_000262_v00,finetune_000262,Fe2C4Cl2O9,75,O,4.638734817504883,2.5674664974212646,-3.449037790298462,1.0,True
2,finetune_000262_v00,finetune_000262,Fe2C4Cl2O9,76,O,5.75685977935791,0.030721820890903473,-3.9915566444396973,1.0,True
2,finetune_000262_v00,finetune_000262,Fe2C4Cl2O9,77,O,6.356613636016846,2.082500696182251,1.2541731595993042,1.0,True
2,finetune_000262_v00,finetune_000262,Fe2C4Cl2O9,78,O,5.498228549957275,-0.41693899035453796,1.0126621723175049,1.0,True
2,finetune_000262_v00,finetune_000262,Fe2C4Cl2O9,79,O,4.845361232757568,2.4480903148651123,2.867462158203125,0.9599658792259863,True
2,finetune_000262_v00,finetune_000262,Fe2C4Cl2O9,80,O,6.166654586791992,1.246867060661316,-1.4552552700042725,1.0,True
2,finetune_000262_v00,finetune_000262,Fe2C4Cl2O9,81,Cl,4.547091484069824,0.4858436584472656,5.541096210479736,1.0,True
2,finetune_000262_v00,finetune_000262,Fe2C4Cl2O9,82,C,0.5853506922721863,7.760332107543945,0.15154166519641876,0.9599412990654295,True
2,finetune_000262_v00,finetune_000262,Fe2C4Cl2O9,83,Cl,3.4393274784088135,6.021915912628174,-2.647698402404785,0.959998158243914,True
2,finetune_000262_v00,finetune_000262,Fe2C4Cl2O9,84,O,3.567155361175537,3.694079637527466,-5.062326908111572,1.0,True
2,finetune_000262_v00,finetune_000262,Fe2C4Cl2O9,85,O,1.1964091062545776,7.044074535369873,-0.6846616864204407,1.0,True
2,finetune_000262_v00,finetune_000262,Fe2C4Cl2O9,86,O,2.938115358352661,3.1121203899383545,4.8612446784973145,1.0,True
2,finetune_000147_v00,finetune_000147,Ho(CO2)4,0,C,-4.788256645202637,-6.322839260101318,0.7747468948364258,0.9599965007106487,True
2,finetune_000147_v00,finetune_000147,Ho(CO2)4,1,C,-5.348786354064941,0.22238461673259735,-5.849793434143066,0.9599906889233497,True
2,finetune_000147_v00,finetune_000147,Ho(CO2)4,2,Ho,-6.792863845825195,0.36115261912345886,-2.9908056259155273,0.9598468355521932,False
2,finetune_000147_v00,finetune_000147,Ho(CO2)4,3,C,-6.621854782104492,3.529688596725464,-2.5166242122650146,0.9199911944752136,True
2,finetune_000147_v00,finetune_000147,Ho(CO2)4,4,C,-6.659856796264648,-2.749563455581665,-2.400517225265503,0.9599911503680286,True
2,finetune_000147_v00,finetune_000147,Ho(CO2)4,5,C,-4.788256645202637,5.2411603927612305,0.7747468948364258,0.9599962077271182,True
2,finetune_000147_v00,finetune_000147,Ho(CO2)4,6,O,-6.061324596405029,2.662388563156128,-3.241712808609009,0.9200731763970366,True
2,finetune_000147_v00,finetune_000147,Ho(CO2)4,7,O,-6.042323589324951,-1.882263422012329,-3.061300754547119,0.9600375847698449,True
2,finetune_000147_v00,finetune_000147,Ho(CO2)4,8,O,-5.728806972503662,4.709216594696045,0.14173263311386108,0.9198463392497813,True
2,finetune_000147_v00,finetune_000147,Ho(CO2)4,9,O,-7.799917697906494,-1.0149633884429932,-1.2652713060379028,0.9599912442660035,True
2,finetune_000147_v00,finetune_000147,Ho(CO2)4,10,O,-5.0637712478637695,0.11830861866474152,5.172105312347412,0.960045284262548,True
2,finetune_000147_v00,finetune_000147,Ho(CO2)4,11,O,-5.586299419403076,-4.195063591003418,0.07014364749193192,0.9599931406598352,True
2,finetune_000147_v00,finetune_000147,Ho(CO2)4,12,Ho,-2.042609453201294,-5.698383331298828,2.3679280281066895,0.9197092102931795,True
2,finetune_000147_v00,finetune_000147,Ho(CO2)4,13,C,4.712252616882324,-6.322839260101318,-0.7367855906486511,0.9599953064092938,True
2,finetune_000147_v00,finetune_000147,Ho(CO2)4,14,O,3.7717020511627197,-6.854783535003662,-1.3697998523712158,0.9600319287376241,True
2,finetune_000147_v00,finetune_000147,Ho(CO2)4,15,O,-1.7290925979614258,-5.686819553375244,0.006766439415514469,0.960035683932079,True
2,finetune_000147_v00,finetune_000147,Ho(CO2)4,16,O,0.3135167956352234,-5.663691520690918,1.699571967124939,0.9600298930252243,True
2,finetune_000147_v00,finetune_000147,Ho(CO2)4,17,C,0.03800203651189804,-0.5408393740653992,-6.1320695877075195,0.919959929099456,True
2,finetune_000147_v00,finetune_000147,Ho(CO2)4,18,O,-0.8360447883605957,-1.142167329788208,-6.8001227378845215,0.959854656144248,True
2,finetune_000147_v00,finetune_000147,Ho(CO2)4,19,O,-0.9785524010658264,1.5175526142120361,-6.728533744812012,0.8798850167901477,True
2,finetune_000147_v00,finetune_000147,Ho(CO2)4,20,O,3.0211617946624756,0.3495886027812958,-6.863499641418457,0.9600427294410785,True
2,finetune_000147_v00,finetune_000147,Ho(CO2)4,21,Ho,2.7076449394226074,0.36115261912345886,-4.502338409423828,0.9598541557365906,True
2,finetune_000147_v00,finetune_000147,Ho(CO2)4,22,Ho,2.042609453201294,-5.420847415924072,-2.3665170669555664,0.9598553748898202,True
2,finetune_000147_v00,finetune_000147,Ho(CO2)4,23,Ho,-2.7076449394226074,0.08361661434173584,4.503749370574951,0.9598545738899809,True
2,finetune_000147_v00,finetune_000147,Ho(CO2)4,24,Ho,-2.042609453201294,5.865616798400879,2.3679280281066895,1.0,True
2,finetune_000147_v00,finetune_000147,Ho(CO2)4,25,C,1.9096022844314575,3.0324366092681885,-2.956805467605591,1.0,True
2,finetune_000147_v00,finetune_000147,Ho(CO2)4,26,C,0.03800203651189804,-0.5408393740653992,6.096930503845215,1.0,True
2,finetune_000147_v00,finetune_000147,Ho(CO2)4,27,C,2.8786542415618896,3.529688596725464,-4.028156757354736,0.9599909643599611,True
2,finetune_000147_v00,finetune_000147,Ho(CO2)4,28,C,-4.151722431182861,0.22238461673259735,-4.866262912750244,1.0,True
2,finetune_000147_v00,finetune_000147,Ho(CO2)4,29,C,2.8406522274017334,-2.749563455581665,-3.9120497703552246,1.0,True
2,finetune_000147_v00,finetune_000147,Ho(CO2)4,30,C,4.712252616882324,5.2411603927612305,-0.7367855906486511,1.0,True
2,finetune_000147_v00,finetune_000147,Ho(CO2)4,31,C,1.8716002702713013,-2.2523114681243896,-2.840698480606079,1.0,True
2,finetune_000147_v00,finetune_000147,Ho(CO2)4,32,C,-0.5985320806503296,-5.559615612030029,-0.49105992913246155,1.0,True
2,finetune_000147_v00,finetune_000147,Ho(CO2)4,33,C,-1.9096022844314575,-2.587667465209961,2.958216667175293,1.0,True
2,finetune_000147_v00,finetune_000147,Ho(CO2)4,34,C,-0.03800203651189804,0.9856086373329163,-6.095519542694092,1.0,True
2,finetune_000147_v00,finetune_000147,Ho(CO2)4,35,C,-2.8786542415618896,-3.0849194526672363,4.029567718505859,1.0,True
2,finetune_000147_v00,finetune_000147,Ho(CO2)4,36,C,4.151722431182861,0.22238461673259735,4.867673873901367,1.0,True
2,finetune_000147_v00,finetune_000147,Ho(CO2)4,37,C,-2.8406522274017334,3.1943325996398926,3.9134607315063477,1.0,True
2,finetune_000147_v00,finetune_000147,Ho(CO2)4,38,C,-4.712252616882324,-4.796391487121582,0.7381966710090637,1.0,True
2,finetune_000147_v00,finetune_000147,Ho(CO2)4,39,C,-1.8716002702713013,2.697080612182617,2.842109441757202,1.0,True
2,finetune_000147_v00,finetune_000147,Ho(CO2)4,40,C,0.5985320806503296,-5.559615612030029,0.49247097969055176,1.0,True
2,finetune_000147_v00,finetune_000147,Ho(CO2)4,41,O,1.7955962419509888,1.7835246324539185,-2.828606128692627,1.0,True
2,finetune_000147_v00,finetune_000147,Ho(CO2)4,42,O,1.2920691967010498,3.8997366428375244,-2.2960219383239746,1.0,True
2,finetune_000147_v00,finetune_000147,Ho(CO2)4,43,O,0.9785524010658264,-1.072783350944519,-5.4990553855896,1.0,True
2,finetune_000147_v00,finetune_000147,Ho(CO2)4,44,O,-0.8360447883605957,-1.142167329788208,5.428877353668213,1.0,True
2,finetune_000147_v00,finetune_000147,Ho(CO2)4,45,O,3.0496633052825928,4.767036437988281,-4.104280471801758,0.9606694380517086,True
2,finetune_000147_v00,finetune_000147,Ho(CO2)4,46,O,3.4391841888427734,2.662388563156128,-4.7532453536987305,1.0,True
2,finetune_000147_v00,finetune_000147,Ho(CO2)4,47,O,-3.0211617946624756,0.09518061578273773,-5.364089012145996,0.960035683932079,True
2,finetune_000147_v00,finetune_000147,Ho(CO2)4,48,O,-4.436737537384033,0.3264606297016144,-3.6591618061065674,1.0,True
2,finetune_000147_v00,finetune_000147,Ho(CO2)4,49,O,2.954658269882202,-3.9984753131866455,-4.052478313446045,1.0,True
2,finetune_000147_v00,finetune_000147,Ho(CO2)4,50,O,3.4581851959228516,-1.882263422012329,-4.57283353805542,0.9599911503680286,True
2,finetune_000147_v00,finetune_000147,Ho(CO2)4,51,O,3.7717020511627197,4.709216594696045,-1.3697998523712158,0.9599980538153783,True
2,finetune_000147_v00,finetune_000147,Ho(CO2)4,52,O,-3.9142096042633057,4.639832496643066,1.4427999258041382,1.0,True
2,finetune_000147_v00,finetune_000147,Ho(CO2)4,53,O,1.7005910873413086,-1.0149633884429932,-2.776803731918335,1.0,True
2,finetune_000147_v00,finetune_000147,Ho(CO2)4,54,O,1.311070203781128,-3.1196115016937256,-2.115609884262085,1.0,True
2,finetune_000147_v00,finetune_000147,Ho(CO2)4,55,O,-1.7290925979614258,5.877180576324463,0.006766439415514469,0.9599953064092938,True
2,finetune_000147_v00,finetune_000147,Ho(CO2)4,56,O,-0.3135167956352234,-5.455539226531982,-1.7103898525238037,1.0,True
2,finetune_000147_v00,finetune_000147,Ho(CO2)4,57,O,-1.7955962419509888,-1.3387553691864014,2.83001708984375,0.9600427294410785,True
2,finetune_000147_v00,finetune_000147,Ho(CO2)4,58,O,-1.2920691967010498,-3.454967498779297,2.2974328994750977,0.9598545738899809,True
2,finetune_000147_v00,finetune_000147,Ho(CO2)4,59,O,-0.9785524010658264,1.5175526142120361,5.500466346740723,0.9198897473637819,True
2,finetune_000147_v00,finetune_000147,Ho(CO2)4,60,O,0.8360447883605957,1.586936593055725,-5.42746639251709,1.0,True
2,finetune_000147_v00,finetune_000147,Ho(CO2)4,61,O,-3.0496633052825928,-4.322267532348633,4.0934624671936035,0.9599965007106487,True
2,finetune_000147_v00,finetune_000147,Ho(CO2)4,62,O,-3.4391841888427734,-2.2176194190979004,4.7546563148498535,1.0,True
2,finetune_000147_v00,finetune_000147,Ho(CO2)4,63,O,3.0211617946624756,0.3495886027812958,5.365499973297119,1.0,True
2,finetune_000147_v00,finetune_000147,Ho(CO2)4,64,O,4.436737537384033,0.11830861866474152,3.6605727672576904,0.9600319287376241,True
2,finetune_000147_v00,finetune_000147,Ho(CO2)4,65,O,-2.954658269882202,4.443244457244873,4.041660308837891,1.0,True
2,finetune_000147_v00,finetune_000147,Ho(CO2)4,66,O,-3.4581851959228516,2.3270325660705566,4.574244499206543,1.0,True
2,finetune_000147_v00,finetune_000147,Ho(CO2)4,67,O,-3.7717020511627197,-4.264447212219238,1.3712109327316284,1.0,True
2,finetune_000147_v00,finetune_000147,Ho(CO2)4,68,O,3.9142096042633057,-4.195063591003418,-1.4413888454437256,0.960045284262548,True
2,finetune_000147_v00,finetune_000147,Ho(CO2)4,69,O,-1.7005910873413086,1.4597326517105103,2.778214931488037,1.0,True
2,finetune_000147_v00,finetune_000147,Ho(CO2)4,70,O,-1.311070203781128,3.564380645751953,2.117021083831787,1.0,True
2,finetune_000147_v00,finetune_000147,Ho(CO2)4,71,O,1.7290925979614258,-5.432411193847656,-0.005355400964617729,0.9599962077271182,True
2,finetune_000147_v00,finetune_000147,Ho(CO2)4,72,O,0.3135167956352234,5.900308609008789,1.699571967124939,1.0,True
2,finetune_000147_v00,finetune_000147,Ho(CO2)4,73,C,-0.03800203651189804,0.9856086373329163,6.133480548858643,1.0,True
2,finetune_000147_v00,finetune_000147,Ho(CO2)4,74,O,0.9785524010658264,-1.072783350944519,6.729944705963135,1.0,True
2,finetune_000147_v00,finetune_000147,Ho(CO2)4,75,O,-3.0211617946624756,0.09518061578273773,6.864911079406738,0.9598468355521932,False
2,finetune_000147_v00,finetune_000147,Ho(CO2)4,76,O,0.8360447883605957,1.586936593055725,6.8015336990356445,1.0,True
2,finetune_000147_v00,finetune_000147,Ho(CO2)4,77,Ho,2.042609453201294,6.143152713775635,-2.3665170669555664,1.0,True
2,finetune_000147_v00,finetune_000147,Ho(CO2)4,78,C,-0.5985320806503296,6.004384517669678,-0.49105992913246155,1.0,True
2,finetune_000147_v00,finetune_000147,Ho(CO2)4,79,C,0.5985320806503296,6.004384517669678,0.49247097969055176,1.0,True
2,finetune_000147_v00,finetune_000147,Ho(CO2)4,80,O,-0.3135167956352234,6.108460426330566,-1.7103898525238037,0.9600298930252243,True
2,finetune_000147_v00,finetune_000147,Ho(CO2)4,81,O,1.7290925979614258,6.131588459014893,-0.005355400964617729,1.0,True
2,finetune_000147_v00,finetune_000147,Ho(CO2)4,82,Ho,6.792863845825195,0.08361661434173584,2.9922168254852295,1.0,True
2,finetune_000147_v00,finetune_000147,Ho(CO2)4,83,C,6.621854782104492,-3.0849194526672363,2.518035411834717,1.0,True
2,finetune_000147_v00,finetune_000147,Ho(CO2)4,84,C,6.659856796264648,3.1943325996398926,2.401928186416626,1.0,True
2,finetune_000147_v00,finetune_000147,Ho(CO2)4,85,C,4.788256645202637,-4.796391487121582,-0.773335874080658,0.9599686848334525,True
2,finetune_000147_v00,finetune_000147,Ho(CO2)4,86,O,5.0637712478637695,0.3264606297016144,-5.170694351196289,1.0,True
2,finetune_000147_v00,finetune_000147,Ho(CO2)4,87,O,5.586299419403076,4.639832496643066,-0.0687326043844223,1.0,True
2,finetune_000147_v00,finetune_000147,Ho(CO2)4,88,O,7.7049126625061035,-1.3387553691864014,1.3184846639633179,0.9600397737178664,True
2,finetune_000147_v00,finetune_000147,Ho(CO2)4,89,O,6.061324596405029,-2.2176194190979004,3.243123769760132,1.0,True
2,finetune_000147_v00,finetune_000147,Ho(CO2)4,90,O,6.042323589324951,2.3270325660705566,3.062711715698242,1.0,True
2,finetune_000147_v00,finetune_000147,Ho(CO2)4,91,O,5.728806972503662,-4.264447212219238,-0.14032159745693207,1.0,True
2,finetune_000147_v00,finetune_000147,Ho(CO2)4,92,C,5.348786354064941,0.22238461673259735,5.851204872131348,1.0,True
2,finetune_000228_v00,finetune_000228,Ho(CO2)4,0,C,-4.788256645202637,-6.322839260101318,0.7747468948364258,0.9599933520334003,True
2,finetune_000228_v00,finetune_000228,Ho(CO2)4,1,C,-5.348786354064941,0.22238461673259735,-5.849793434143066,0.9599894271169165,True
2,finetune_000228_v00,finetune_000228,Ho(CO2)4,2,Ho,-6.792863845825195,0.36115261912345886,-2.9908056259155273,0.9598471422340873,True
2,finetune_000228_v00,finetune_000228,Ho(CO2)4,3,C,-6.621854782104492,3.529688596725464,-2.5166242122650146,0.9599956465316684,True
2,finetune_000228_v00,finetune_000228,Ho(CO2)4,4,C,-6.659856796264648,-2.749563455581665,-2.400517225265503,0.9198234437260401,False
2,finetune_000228_v00,finetune_000228,Ho(CO2)4,5,C,-4.788256645202637,5.2411603927612305,0.7747468948364258,0.9599699646712543,True
2,finetune_000228_v00,finetune_000228,Ho(CO2)4,6,O,-6.061324596405029,2.662388563156128,-3.241712808609009,0.9600394444699509,True
2,finetune_000228_v00,finetune_000228,Ho(CO2)4,7,O,-6.042323589324951,-1.882263422012329,-3.061300754547119,0.9600348478600543,True
2,finetune_000228_v00,finetune_000228,Ho(CO2)4,8,O,-5.728806972503662,4.709216594696045,0.14173263311386108,0.8399252658821217,True
2,finetune_000228_v00,finetune_000228,Ho(CO2)4,9,O,-7.799917697906494,-1.0149633884429932,-1.2652713060379028,0.9600360627170247,True
2,finetune_000228_v00,finetune_000228,Ho(CO2)4,10,O,-5.0637712478637695,0.11830861866474152,5.172105312347412,0.9599949082409865,True
2,finetune_000228_v00,finetune_000228,Ho(CO2)4,11,O,-5.586299419403076,-4.195063591003418,0.07014364749193192,0.9600421903333063,True
2,finetune_000228_v00,finetune_000228,Ho(CO2)4,12,Ho,-2.042609453201294,-5.698383331298828,2.3679280281066895,0.959854983703673,True
2,finetune_000228_v00,finetune_000228,Ho(CO2)4,13,C,4.712252616882324,-6.322839260101318,-0.7367855906486511,0.9199340221247638,True
2,finetune_000228_v00,finetune_000228,Ho(CO2)4,14,O,3.7717020511627197,-6.854783535003662,-1.3697998523712158,0.9599848563560239,True
2,finetune_000228_v00,finetune_000228,Ho(CO2)4,15,O,-1.7290925979614258,-5.686819553375244,0.006766439415514469,0.9600340525255994,True
2,finetune_000228_v00,finetune_000228,Ho(CO2)4,16,O,0.3135167956352234,-5.663691520690918,1.699571967124939,0.9200697519516897,True
2,finetune_000228_v00,finetune_000228,Ho(CO2)4,17,C,0.03800203651189804,-0.5408393740653992,-6.1320695877075195,0.9599926938833434,True
2,finetune_000228_v00,finetune_000228,Ho(CO2)4,18,O,-0.8360447883605957,-1.142167329788208,-6.8001227378845215,0.9600435317870079,True
2,finetune_000228_v00,finetune_000228,Ho(CO2)4,19,O,-0.9785524010658264,1.5175526142120361,-6.728533744812012,0.9598552155083554,True
2,finetune_000228_v00,finetune_000228,Ho(CO2)4,20,O,3.0211617946624756,0.3495886027812958,-6.863499641418457,0.9600452500680351,True
2,finetune_000228_v00,finetune_000228,Ho(CO2)4,21,Ho,2.7076449394226074,0.36115261912345886,-4.502338409423828,0.9598580625588797,True
2,finetune_000228_v00,finetune_000228,Ho(CO2)4,22,Ho,2.042609453201294,-5.420847415924072,-2.3665170669555664,0.9598264175185146,False
2,finetune_000228_v00,finetune_000228,Ho(CO2)4,23,Ho,-2.7076449394226074,0.08361661434173584,4.503749370574951,0.9598560793055005,True
2,finetune_000228_v00,finetune_000228,Ho(CO2)4,24,Ho,-2.042609453201294,5.865616798400879,2.3679280281066895,0.9598552155083554,True
2,finetune_000228_v00,finetune_000228,Ho(CO2)4,25,C,1.9096022844314575,3.0324366092681885,-2.956805467605591,1.0,True
2,finetune_000228_v00,finetune_000228,Ho(CO2)4,26,C,0.03800203651189804,-0.5408393740653992,6.096930503845215,1.0,True
2,finetune_000228_v00,finetune_000228,Ho(CO2)4,27,C,2.8786542415618896,3.529688596725464,-4.028156757354736,1.0,True
2,finetune_000228_v00,finetune_000228,Ho(CO2)4,28,C,-4.151722431182861,0.22238461673259735,-4.866262912750244,1.0,True
2,finetune_000228_v00,finetune_000228,Ho(CO2)4,29,C,2.8406522274017334,-2.749563455581665,-3.9120497703552246,1.0,True
2,finetune_000228_v00,finetune_000228,Ho(CO2)4,30,C,4.712252616882324,5.2411603927612305,-0.7367855906486511,1.0,True
2,finetune_000228_v00,finetune_000228,Ho(CO2)4,31,C,1.8716002702713013,-2.2523114681243896,-2.840698480606079,1.0,True
2,finetune_000228_v00,finetune_000228,Ho(CO2)4,32,C,-0.5985320806503296,-5.559615612030029,-0.49105992913246155,1.0,True
2,finetune_000228_v00,finetune_000228,Ho(CO2)4,33,C,-1.9096022844314575,-2.587667465209961,2.958216667175293,1.0,True
2,finetune_000228_v00,finetune_000228,Ho(CO2)4,34,C,-0.03800203651189804,0.9856086373329163,-6.095519542694092,1.0,True
2,finetune_000228_v00,finetune_000228,Ho(CO2)4,35,C,-2.8786542415618896,-3.0849194526672363,4.029567718505859,1.0,True
2,finetune_000228_v00,finetune_000228,Ho(CO2)4,36,C,4.151722431182861,0.22238461673259735,4.867673873901367,1.0,True
2,finetune_000228_v00,finetune_000228,Ho(CO2)4,37,C,-2.8406522274017334,3.1943325996398926,3.9134607315063477,1.0,True
2,finetune_000228_v00,finetune_000228,Ho(CO2)4,38,C,-4.712252616882324,-4.796391487121582,0.7381966710090637,0.9599949082409865,True
2,finetune_000228_v00,finetune_000228,Ho(CO2)4,39,C,-1.8716002702713013,2.697080612182617,2.842109441757202,1.0,True
2,finetune_000228_v00,finetune_000228,Ho(CO2)4,40,C,0.5985320806503296,-5.559615612030029,0.49247097969055176,1.0,True
2,finetune_000228_v00,finetune_000228,Ho(CO2)4,41,O,1.7955962419509888,1.7835246324539185,-2.828606128692627,0.959854983703673,True
2,finetune_000228_v00,finetune_000228,Ho(CO2)4,42,O,1.2920691967010498,3.8997366428375244,-2.2960219383239746,1.0,True
2,finetune_000228_v00,finetune_000228,Ho(CO2)4,43,O,0.9785524010658264,-1.072783350944519,-5.4990553855896,1.0,True
2,finetune_000228_v00,finetune_000228,Ho(CO2)4,44,O,-0.8360447883605957,-1.142167329788208,5.428877353668213,1.0,True
2,finetune_000228_v00,finetune_000228,Ho(CO2)4,45,O,3.0496633052825928,4.767036437988281,-4.104280471801758,1.0,True
2,finetune_000228_v00,finetune_000228,Ho(CO2)4,46,O,3.4391841888427734,2.662388563156128,-4.7532453536987305,1.0,True
2,finetune_000228_v00,finetune_000228,Ho(CO2)4,47,O,-3.0211617946624756,0.09518061578273773,-5.364089012145996,1.0,True
2,finetune_000228_v00,finetune_000228,Ho(CO2)4,48,O,-4.436737537384033,0.3264606297016144,-3.6591618061065674,1.0,True
2,finetune_000228_v00,finetune_000228,Ho(CO2)4,49,O,2.954658269882202,-3.9984753131866455,-4.052478313446045,0.9598471422340873,True
2,finetune_000228_v00,finetune_000228,Ho(CO2)4,50,O,3.4581851959228516,-1.882263422012329,-4.57283353805542,1.0,True
2,finetune_000228_v00,finetune_000228,Ho(CO2)4,51,O,3.7717020511627197,4.709216594696045,-1.3697998523712158,1.0,True
2,finetune_000228_v00,finetune_000228,Ho(CO2)4,52,O,-3.9142096042633057,4.639832496643066,1.4427999258041382,1.0,True
2,finetune_000228_v00,finetune_000228,Ho(CO2)4,53,O,1.7005910873413086,-1.0149633884429932,-2.776803731918335,1.0,True
2,finetune_000228_v00,finetune_000228,Ho(CO2)4,54,O,1.311070203781128,-3.1196115016937256,-2.115609884262085,0.9599933520334003,True
2,finetune_000228_v00,finetune_000228,Ho(CO2)4,55,O,-1.7290925979614258,5.877180576324463,0.006766439415514469,0.9199002528921859,True
2,finetune_000228_v00,finetune_000228,Ho(CO2)4,56,O,-0.3135167956352234,-5.455539226531982,-1.7103898525238037,1.0,True
2,finetune_000228_v00,finetune_000228,Ho(CO2)4,57,O,-1.7955962419509888,-1.3387553691864014,2.83001708984375,1.0,True
2,finetune_000228_v00,finetune_000228,Ho(CO2)4,58,O,-1.2920691967010498,-3.454967498779297,2.2974328994750977,1.0,True
2,finetune_000228_v00,finetune_000228,Ho(CO2)4,59,O,-0.9785524010658264,1.5175526142120361,5.500466346740723,1.0,True
2,finetune_000228_v00,finetune_000228,Ho(CO2)4,60,O,0.8360447883605957,1.586936593055725,-5.42746639251709,1.0,True
2,finetune_000228_v00,finetune_000228,Ho(CO2)4,61,O,-3.0496633052825928,-4.322267532348633,4.0934624671936035,1.0,True
2,finetune_000228_v00,finetune_000228,Ho(CO2)4,62,O,-3.4391841888427734,-2.2176194190979004,4.7546563148498535,1.0,True
2,finetune_000228_v00,finetune_000228,Ho(CO2)4,63,O,3.0211617946624756,0.3495886027812958,5.365499973297119,1.0,True
2,finetune_000228_v00,finetune_000228,Ho(CO2)4,64,O,4.436737537384033,0.11830861866474152,3.6605727672576904,1.0,True
2,finetune_000228_v00,finetune_000228,Ho(CO2)4,65,O,-2.954658269882202,4.443244457244873,4.041660308837891,1.0,True
2,finetune_000228_v00,finetune_000228,Ho(CO2)4,66,O,-3.4581851959228516,2.3270325660705566,4.574244499206543,1.0,True
2,finetune_000228_v00,finetune_000228,Ho(CO2)4,67,O,-3.7717020511627197,-4.264447212219238,1.3712109327316284,0.880717311239256,True
2,finetune_000228_v00,finetune_000228,Ho(CO2)4,68,O,3.9142096042633057,-4.195063591003418,-1.4413888454437256,1.0,True
2,finetune_000228_v00,finetune_000228,Ho(CO2)4,69,O,-1.7005910873413086,1.4597326517105103,2.778214931488037,1.0,True
2,finetune_000228_v00,finetune_000228,Ho(CO2)4,70,O,-1.311070203781128,3.564380645751953,2.117021083831787,1.0,True
2,finetune_000228_v00,finetune_000228,Ho(CO2)4,71,O,1.7290925979614258,-5.432411193847656,-0.005355400964617729,1.0,True
2,finetune_000228_v00,finetune_000228,Ho(CO2)4,72,O,0.3135167956352234,5.900308609008789,1.699571967124939,1.0,True
2,finetune_000228_v00,finetune_000228,Ho(CO2)4,73,C,-0.03800203651189804,0.9856086373329163,6.133480548858643,0.9599640574535097,True
2,finetune_000228_v00,finetune_000228,Ho(CO2)4,74,O,0.9785524010658264,-1.072783350944519,6.729944705963135,0.9200701152426239,True
2,finetune_000228_v00,finetune_000228,Ho(CO2)4,75,O,-3.0211617946624756,0.09518061578273773,6.864911079406738,1.0,True
2,finetune_000228_v00,finetune_000228,Ho(CO2)4,76,O,0.8360447883605957,1.586936593055725,6.8015336990356445,1.0,True
2,finetune_000228_v00,finetune_000228,Ho(CO2)4,77,Ho,2.042609453201294,6.143152713775635,-2.3665170669555664,1.0,True
2,finetune_000228_v00,finetune_000228,Ho(CO2)4,78,C,-0.5985320806503296,6.004384517669678,-0.49105992913246155,1.0,True
2,finetune_000228_v00,finetune_000228,Ho(CO2)4,79,C,0.5985320806503296,6.004384517669678,0.49247097969055176,1.0,True
2,finetune_000228_v00,finetune_000228,Ho(CO2)4,80,O,-0.3135167956352234,6.108460426330566,-1.7103898525238037,1.0,True
2,finetune_000228_v00,finetune_000228,Ho(CO2)4,81,O,1.7290925979614258,6.131588459014893,-0.005355400964617729,1.0,True
2,finetune_000228_v00,finetune_000228,Ho(CO2)4,82,Ho,6.792863845825195,0.08361661434173584,2.9922168254852295,1.0,True
2,finetune_000228_v00,finetune_000228,Ho(CO2)4,83,C,6.621854782104492,-3.0849194526672363,2.518035411834717,1.0,True
2,finetune_000228_v00,finetune_000228,Ho(CO2)4,84,C,6.659856796264648,3.1943325996398926,2.401928186416626,1.0,True
2,finetune_000228_v00,finetune_000228,Ho(CO2)4,85,C,4.788256645202637,-4.796391487121582,-0.773335874080658,1.0,True
2,finetune_000228_v00,finetune_000228,Ho(CO2)4,86,O,5.0637712478637695,0.3264606297016144,-5.170694351196289,0.9600335242789928,True
2,finetune_000228_v00,finetune_000228,Ho(CO2)4,87,O,5.586299419403076,4.639832496643066,-0.0687326043844223,0.9599956465316684,True
2,finetune_000228_v00,finetune_000228,Ho(CO2)4,88,O,7.7049126625061035,-1.3387553691864014,1.3184846639633179,0.9599926938833434,True
2,finetune_000228_v00,finetune_000228,Ho(CO2)4,89,O,6.061324596405029,-2.2176194190979004,3.243123769760132,0.920074292330005,True
2,finetune_000228_v00,finetune_000228,Ho(CO2)4,90,O,6.042323589324951,2.3270325660705566,3.062711715698242,1.0,True
2,finetune_000228_v00,finetune_000228,Ho(CO2)4,91,O,5.728806972503662,-4.264447212219238,-0.14032159745693207,1.0,True
2,finetune_000228_v00,finetune_000228,Ho(CO2)4,92,C,5.348786354064941,0.22238461673259735,5.851204872131348,0.9599848563560239,True
2,finetune_000066_v00,finetune_000066,ZnHC4O3,0,Zn,-5.448483943939209,-2.2289934158325195,-3.5124881267547607,0.9199403630362049,True
2,finetune_000066_v00,finetune_000066,ZnHC4O3,1,Zn,-3.836996555328369,1.1792930364608765,3.689826011657715,0.9599942250931723,True
2,finetune_000066_v00,finetune_000066,ZnHC4O3,2,Zn,-6.116798400878906,3.071345567703247,3.4623632431030273,0.9599933493649443,True
2,finetune_000066_v00,finetune_000066,ZnHC4O3,3,H,-5.55025053024292,0.33694085478782654,-1.4844084978103638,0.9598759131250292,False
2,finetune_000066_v00,finetune_000066,ZnHC4O3,4,C,-3.7080862522125244,-0.5572483539581299,-1.8007023334503174,0.9599418298121145,True
2,finetune_000066_v00,finetune_000066,ZnHC4O3,5,C,-3.3247411251068115,-4.276556968688965,-4.595616817474365,0.9599427675518558,True
2,finetune_000066_v00,finetune_000066,ZnHC4O3,6,C,-5.384009838104248,1.3607226610183716,0.9555238485336304,0.9599428335091718,True
2,finetune_000066_v00,finetune_000066,ZnHC4O3,7,C,-4.356062412261963,0.7516372799873352,0.19684217870235443,0.9599439258181579,True
2,finetune_000066_v00,finetune_000066,ZnHC4O3,8,C,-4.661396503448486,0.20734822750091553,-1.1062983274459839,0.9599440532522663,True
2,finetune_000066_v00,finetune_000066,ZnHC4O3,9,O,-7.0769171714782715,-1.606948733329773,-2.489875555038452,0.9600233489726849,True
2,finetune_000066_v00,finetune_000066,ZnHC4O3,10,O,-3.9252123832702637,-0.8682706952095032,-3.1357693672180176,0.9199776746298629,True
2,finetune_000066_v00,finetune_000066,ZnHC4O3,11,O,-4.203401565551758,-0.40173718333244324,-6.1150736808776855,0.9600177603342571,True
2,finetune_000066_v00,finetune_000066,ZnHC4O3,12,O,-3.7691633701324463,-3.097264051437378,-4.595442295074463,0.8798831015124994,False
2,finetune_000066_v00,finetune_000066,ZnHC4O3,13,O,-6.493380546569824,1.606948733329773,0.41502487659454346,0.9600292787116382,True
2,finetune_000066_v00,finetune_000066,ZnHC4O3,14,O,-5.102423667907715,1.8920525312423706,2.0658082962036133,0.9599936778397938,True
2,finetune_000066_v00,finetune_000066,ZnHC4O3,15,O,-5.563814640045166,1.7365413904190063,4.689826488494873,0.9199670620924785,True
2,finetune_000066_v00,finetune_000066,ZnHC4O3,16,O,-4.695303916931152,4.48390531539917,3.778106927871704,0.9199695821151538,True
2,finetune_000066_v00,finetune_000066,ZnHC4O3,17,H,2.2560651302337646,0.7127594947814941,-7.24675989151001,0.9598972074991273,True
2,finetune_000066_v00,finetune_000066,ZnHC4O3,18,C,1.3366762399673462,0.4406149685382843,-7.379763126373291,0.959994082617251,True
2,finetune_000066_v00,finetune_000066,ZnHC4O3,19,Zn,1.3366647958755493,-2.2289934158325195,-2.475062847137451,0.9599946286728396,True
2,finetune_000066_v00,finetune_000066,ZnHC4O3,20,Zn,-2.9481520652770996,-1.1792930364608765,-4.7272515296936035,0.9599963684301608,True
2,finetune_000066_v00,finetune_000066,ZnHC4O3,21,Zn,-0.6683502197265625,-3.071345567703247,-4.499788761138916,0.9197813653536249,True
2,finetune_000066_v00,finetune_000066,ZnHC4O3,22,Zn,-1.3366647958755493,2.2289934158325195,2.475062847137451,0.959999820895629,True
2,finetune_000066_v00,finetune_000066,ZnHC4O3,23,Zn,2.9481520652770996,1.1792930364608765,4.7272515296936035,0.9600026502407163,True
2,finetune_000066_v00,finetune_000066,ZnHC4O3,24,Zn,0.6683502197265625,3.071345567703247,4.499788761138916,1.0,True
2,finetune_000066_v00,finetune_000066,ZnHC4O3,25,H,-1.234898567199707,-0.33694085478782654,0.44698312878608704,1.0,True
2,finetune_000066_v00,finetune_000066,ZnHC4O3,26,H,0.6480076313018799,6.103813171386719,3.2705113887786865,1.0,True
2,finetune_000066_v00,finetune_000066,ZnHC4O3,27,H,1.234898567199707,0.33694085478782654,-0.44698312878608704,1.0,True
2,finetune_000066_v00,finetune_000066,ZnHC4O3,28,H,-0.6480076313018799,-6.103813171386719,-3.2705113887786865,1.0,True
2,finetune_000066_v00,finetune_000066,ZnHC4O3,29,C,-1.4011390209197998,-1.3607226610183716,-1.99294912815094,1.0,True
2,finetune_000066_v00,finetune_000066,ZnHC4O3,30,C,-2.429086446762085,-0.7516372799873352,-1.2342674732208252,1.0,True
2,finetune_000066_v00,finetune_000066,ZnHC4O3,31,C,3.0770626068115234,-0.5572483539581299,-0.763276994228363,1.0,True
2,finetune_000066_v00,finetune_000066,ZnHC4O3,32,C,-2.1237523555755615,-0.20734822750091553,0.06887298077344894,1.0,True
2,finetune_000066_v00,finetune_000066,ZnHC4O3,33,C,1.414699912071228,-0.8423521518707275,-5.271225452423096,1.0,True
2,finetune_000066_v00,finetune_000066,ZnHC4O3,34,C,0.6717281937599182,-0.3628593981266022,-6.3763604164123535,1.0,True
2,finetune_000066_v00,finetune_000066,ZnHC4O3,35,C,-0.6649478673934937,-0.7775558233261108,-6.565597057342529,1.0,True
2,finetune_000066_v00,finetune_000066,ZnHC4O3,36,C,1.3366762399673462,0.4406149685382843,7.758236885070801,1.0,True
2,finetune_000066_v00,finetune_000066,ZnHC4O3,37,C,3.4604077339172363,-4.276556968688965,-3.5581915378570557,1.0,True
2,finetune_000066_v00,finetune_000066,ZnHC4O3,38,C,2.5647635459899902,-5.365135192871094,-3.619446277618408,1.0,True
2,finetune_000066_v00,finetune_000066,ZnHC4O3,39,C,1.177201509475708,-5.144827842712402,-3.475855827331543,1.0,True
2,finetune_000066_v00,finetune_000066,ZnHC4O3,40,C,-0.31209030747413635,6.246365070343018,3.3583552837371826,1.0,True
2,finetune_000066_v00,finetune_000066,ZnHC4O3,41,C,1.4011390209197998,1.3607226610183716,1.99294912815094,1.0,True
2,finetune_000066_v00,finetune_000066,ZnHC4O3,42,C,2.429086446762085,0.7516372799873352,1.2342674732208252,0.9599440532522663,True
2,finetune_000066_v00,finetune_000066,ZnHC4O3,43,C,-3.0770626068115234,0.5572483539581299,0.763276994228363,0.9599439258181579,True
2,finetune_000066_v00,finetune_000066,ZnHC4O3,44,C,2.1237523555755615,0.20734822750091553,-0.06887298077344894,0.9599762327502094,True
2,finetune_000066_v00,finetune_000066,ZnHC4O3,45,C,-1.414699912071228,0.8423521518707275,5.271225452423096,1.0,True
2,finetune_000066_v00,finetune_000066,ZnHC4O3,46,C,-0.6717281937599182,0.3628593981266022,6.3763604164123535,0.9606510417219655,True
2,finetune_000066_v00,finetune_000066,ZnHC4O3,47,C,0.6649478673934937,0.7775558233261108,6.565597057342529,0.9199506907335402,True
2,finetune_000066_v00,finetune_000066,ZnHC4O3,48,C,-1.3366762399673462,-0.4406149685382843,-7.758236885070801,1.0,True
2,finetune_000066_v00,finetune_000066,ZnHC4O3,49,C,-3.4604077339172363,4.276556968688965,3.5581915378570557,1.0,True
2,finetune_000066_v00,finetune_000066,ZnHC4O3,50,C,-2.5647635459899902,5.365135192871094,3.619446277618408,1.0,True
2,finetune_000066_v00,finetune_000066,ZnHC4O3,51,C,-1.177201509475708,5.144827842712402,3.475855827331543,0.919884663321286,True
2,finetune_000066_v00,finetune_000066,ZnHC4O3,52,C,0.31209030747413635,-6.246365070343018,-3.3583552837371826,1.0,True
2,finetune_000066_v00,finetune_000066,ZnHC4O3,53,O,-0.29176822304725647,-1.606948733329773,-1.452450156211853,1.0,True
2,finetune_000066_v00,finetune_000066,ZnHC4O3,54,O,-1.682724952697754,-1.8920525312423706,-3.103233575820923,0.959994082617251,True
2,finetune_000066_v00,finetune_000066,ZnHC4O3,55,O,2.859936475753784,-0.8682706952095032,-2.098343849182129,0.9599975954843489,True
2,finetune_000066_v00,finetune_000066,ZnHC4O3,56,O,2.581747531890869,-0.40173718333244324,-5.077648162841797,1.0,True
2,finetune_000066_v00,finetune_000066,ZnHC4O3,57,O,0.8243892788887024,-1.490315318107605,-4.3623762130737305,1.0,True
2,finetune_000066_v00,finetune_000066,ZnHC4O3,58,O,-1.2213342189788818,-1.7365413904190063,-5.727252006530762,1.0,True
2,finetune_000066_v00,finetune_000066,ZnHC4O3,59,O,-2.0898449420928955,-4.48390531539917,-4.815532207489014,1.0,True
2,finetune_000066_v00,finetune_000066,ZnHC4O3,60,O,3.0159854888916016,-3.097264051437378,-3.558016777038574,1.0,True
2,finetune_000066_v00,finetune_000066,ZnHC4O3,61,O,0.7090315818786621,-3.8748199939727783,-3.168982744216919,0.9600233489726849,True
2,finetune_000066_v00,finetune_000066,ZnHC4O3,62,O,0.29176822304725647,1.606948733329773,1.452450156211853,1.0,True
2,finetune_000066_v00,finetune_000066,ZnHC4O3,63,O,1.682724952697754,1.8920525312423706,3.103233575820923,1.0,True
2,finetune_000066_v00,finetune_000066,ZnHC4O3,64,O,-2.859936475753784,0.8682706952095032,2.098343849182129,1.0,True
2,finetune_000066_v00,finetune_000066,ZnHC4O3,65,O,-2.581747531890869,0.40173718333244324,5.077648162841797,0.9600177603342571,True
2,finetune_000066_v00,finetune_000066,ZnHC4O3,66,O,-0.8243892788887024,1.490315318107605,4.3623762130737305,1.0,True
2,finetune_000066_v00,finetune_000066,ZnHC4O3,67,O,1.2213342189788818,1.7365413904190063,5.727252006530762,1.0,True
2,finetune_000066_v00,finetune_000066,ZnHC4O3,68,O,2.0898449420928955,4.48390531539917,4.815532207489014,0.9600125597146305,True
2,finetune_000066_v00,finetune_000066,ZnHC4O3,69,O,-3.0159854888916016,3.097264051437378,3.558016777038574,1.0,True
2,finetune_000066_v00,finetune_000066,ZnHC4O3,70,O,-0.7090315818786621,3.8748199939727783,3.168982744216919,0.9600026502407163,True
2,finetune_000066_v00,finetune_000066,ZnHC4O3,71,H,-2.2560651302337646,-0.7127594947814941,7.24675989151001,1.0,True
2,finetune_000066_v00,finetune_000066,ZnHC4O3,72,C,-1.3366762399673462,-0.4406149685382843,7.379763126373291,0.9599936778397938,True
2,finetune_000066_v00,finetune_000066,ZnHC4O3,73,Zn,3.836996555328369,-1.1792930364608765,-3.689826011657715,1.0,True
2,finetune_000066_v00,finetune_000066,ZnHC4O3,74,Zn,6.116798400878906,-3.071345567703247,-3.4623632431030273,1.0,True
2,finetune_000066_v00,finetune_000066,ZnHC4O3,75,Zn,5.448483943939209,2.2289934158325195,3.5124881267547607,1.0,True
2,finetune_000066_v00,finetune_000066,ZnHC4O3,76,H,5.55025053024292,-0.33694085478782654,1.4844084978103638,0.9598841578544974,True
2,finetune_000066_v00,finetune_000066,ZnHC4O3,77,C,5.384009838104248,-1.3607226610183716,-0.9555238485336304,1.0,True
2,finetune_000066_v00,finetune_000066,ZnHC4O3,78,C,4.356062412261963,-0.7516372799873352,-0.19684217870235443,1.0,True
2,finetune_000066_v00,finetune_000066,ZnHC4O3,79,C,4.661396503448486,-0.20734822750091553,1.1062983274459839,1.0,True
2,finetune_000066_v00,finetune_000066,ZnHC4O3,80,C,3.7080862522125244,0.5572483539581299,1.8007023334503174,1.0,True
2,finetune_000066_v00,finetune_000066,ZnHC4O3,81,C,3.3247411251068115,4.276556968688965,4.595616817474365,1.0,True
2,finetune_000066_v00,finetune_000066,ZnHC4O3,82,O,6.493380546569824,-1.606948733329773,-0.41502487659454346,0.9600292787116382,True
2,finetune_000066_v00,finetune_000066,ZnHC4O3,83,O,5.102423667907715,-1.8920525312423706,-2.0658082962036133,0.9599963684301608,True
2,finetune_000066_v00,finetune_000066,ZnHC4O3,84,O,5.563814640045166,-1.7365413904190063,-4.689826488494873,1.0,True
2,finetune_000066_v00,finetune_000066,ZnHC4O3,85,O,4.695303916931152,-4.48390531539917,-3.778106927871704,1.0,True
2,finetune_000066_v00,finetune_000066,ZnHC4O3,86,O,7.0769171714782715,1.606948733329773,2.489875555038452,1.0,True
2,finetune_000066_v00,finetune_000066,ZnHC4O3,87,O,3.9252123832702637,0.8682706952095032,3.1357693672180176,1.0,True
2,finetune_000066_v00,finetune_000066,ZnHC4O3,88,O,4.203401565551758,0.40173718333244324,6.1150736808776855,1.0,True
2,finetune_000066_v00,finetune_000066,ZnHC4O3,89,O,3.7691633701324463,3.097264051437378,4.595442295074463,1.0,True
2,finetune_000282_v00,finetune_000282,Ho(CO2)4,0,C,-4.788256645202637,-6.322839260101318,0.7747468948364258,0.9600054034711226,True
2,finetune_000282_v00,finetune_000282,Ho(CO2)4,1,C,-5.348786354064941,0.22238461673259735,-5.849793434143066,0.9599932716389278,True
2,finetune_000282_v00,finetune_000282,Ho(CO2)4,2,Ho,-6.792863845825195,0.36115261912345886,-2.9908056259155273,0.9598517521430083,True
2,finetune_000282_v00,finetune_000282,Ho(CO2)4,3,C,-6.621854782104492,3.529688596725464,-2.5166242122650146,0.9599990553342544,True
2,finetune_000282_v00,finetune_000282,Ho(CO2)4,4,C,-6.659856796264648,-2.749563455581665,-2.400517225265503,0.960001449637721,True
2,finetune_000282_v00,finetune_000282,Ho(CO2)4,5,C,-4.788256645202637,5.2411603927612305,0.7747468948364258,0.9599782232588214,True
2,finetune_000282_v00,finetune_000282,Ho(CO2)4,6,O,-6.061324596405029,2.662388563156128,-3.241712808609009,0.9599988029018259,True
2,finetune_000282_v00,finetune_000282,Ho(CO2)4,7,O,-6.042323589324951,-1.882263422012329,-3.061300754547119,0.9600392474577962,True
2,finetune_000282_v00,finetune_000282,Ho(CO2)4,8,O,-5.728806972503662,4.709216594696045,0.14173263311386108,0.9600488445509516,True
2,finetune_000282_v00,finetune_000282,Ho(CO2)4,9,O,-7.799917697906494,-1.0149633884429932,-1.2652713060379028,0.9200256823148755,True
2,finetune_000282_v00,finetune_000282,Ho(CO2)4,10,O,-5.0637712478637695,0.11830861866474152,5.172105312347412,0.9606757903783112,True
2,finetune_000282_v00,finetune_000282,Ho(CO2)4,11,O,-5.586299419403076,-4.195063591003418,0.07014364749193192,0.9600499533164716,True
2,finetune_000282_v00,finetune_000282,Ho(CO2)4,12,Ho,-2.042609453201294,-5.698383331298828,2.3679280281066895,0.9598318800584084,True
2,finetune_000282_v00,finetune_000282,Ho(CO2)4,13,C,4.712252616882324,-6.322839260101318,-0.7367855906486511,0.9600031631724496,True
2,finetune_000282_v00,finetune_000282,Ho(CO2)4,14,O,3.7717020511627197,-6.854783535003662,-1.3697998523712158,0.9198521430935561,True
2,finetune_000282_v00,finetune_000282,Ho(CO2)4,15,O,-1.7290925979614258,-5.686819553375244,0.006766439415514469,0.9600377379340915,True
2,finetune_000282_v00,finetune_000282,Ho(CO2)4,16,O,0.3135167956352234,-5.663691520690918,1.699571967124939,0.9600383953431402,True
2,finetune_000282_v00,finetune_000282,Ho(CO2)4,17,C,0.03800203651189804,-0.5408393740653992,-6.1320695877075195,0.959996666550379,True
2,finetune_000282_v00,finetune_000282,Ho(CO2)4,18,O,-0.8360447883605957,-1.142167329788208,-6.8001227378845215,0.9599986675950041,True
2,finetune_000282_v00,finetune_000282,Ho(CO2)4,19,O,-0.9785524010658264,1.5175526142120361,-6.728533744812012,0.9600455776065271,True
2,finetune_000282_v00,finetune_000282,Ho(CO2)4,20,O,3.0211617946624756,0.3495886027812958,-6.863499641418457,0.9200473893561091,True
2,finetune_000282_v00,finetune_000282,Ho(CO2)4,21,Ho,2.7076449394226074,0.36115261912345886,-4.502338409423828,0.9598616305190751,True
2,finetune_000282_v00,finetune_000282,Ho(CO2)4,22,Ho,2.042609453201294,-5.420847415924072,-2.3665170669555664,0.9598291008870509,False
2,finetune_000282_v00,finetune_000282,Ho(CO2)4,23,Ho,-2.7076449394226074,0.08361661434173584,4.503749370574951,0.9598322876700003,True
2,finetune_000282_v00,finetune_000282,Ho(CO2)4,24,Ho,-2.042609453201294,5.865616798400879,2.3679280281066895,0.9598573179264707,True
2,finetune_000282_v00,finetune_000282,Ho(CO2)4,25,C,1.9096022844314575,3.0324366092681885,-2.956805467605591,0.9599986675950041,True
2,finetune_000282_v00,finetune_000282,Ho(CO2)4,26,C,0.03800203651189804,-0.5408393740653992,6.096930503845215,1.0,True
2,finetune_000282_v00,finetune_000282,Ho(CO2)4,27,C,2.8786542415618896,3.529688596725464,-4.028156757354736,1.0,True
2,finetune_000282_v00,finetune_000282,Ho(CO2)4,28,C,-4.151722431182861,0.22238461673259735,-4.866262912750244,1.0,True
2,finetune_000282_v00,finetune_000282,Ho(CO2)4,29,C,2.8406522274017334,-2.749563455581665,-3.9120497703552246,0.9196613885570512,False
2,finetune_000282_v00,finetune_000282,Ho(CO2)4,30,C,4.712252616882324,5.2411603927612305,-0.7367855906486511,1.0,True
2,finetune_000282_v00,finetune_000282,Ho(CO2)4,31,C,1.8716002702713013,-2.2523114681243896,-2.840698480606079,0.9598318800584084,True
2,finetune_000282_v00,finetune_000282,Ho(CO2)4,32,C,-0.5985320806503296,-5.559615612030029,-0.49105992913246155,1.0,True
2,finetune_000282_v00,finetune_000282,Ho(CO2)4,33,C,-1.9096022844314575,-2.587667465209961,2.958216667175293,1.0,True
2,finetune_000282_v00,finetune_000282,Ho(CO2)4,34,C,-0.03800203651189804,0.9856086373329163,-6.095519542694092,0.9599985448051574,True
2,finetune_000282_v00,finetune_000282,Ho(CO2)4,35,C,-2.8786542415618896,-3.0849194526672363,4.029567718505859,1.0,True
2,finetune_000282_v00,finetune_000282,Ho(CO2)4,36,C,4.151722431182861,0.22238461673259735,4.867673873901367,1.0,True
2,finetune_000282_v00,finetune_000282,Ho(CO2)4,37,C,-2.8406522274017334,3.1943325996398926,3.9134607315063477,1.0,True
2,finetune_000282_v00,finetune_000282,Ho(CO2)4,38,C,-4.712252616882324,-4.796391487121582,0.7381966710090637,1.0,True
2,finetune_000282_v00,finetune_000282,Ho(CO2)4,39,C,-1.8716002702713013,2.697080612182617,2.842109441757202,0.9599782232588214,True
2,finetune_000282_v00,finetune_000282,Ho(CO2)4,40,C,0.5985320806503296,-5.559615612030029,0.49247097969055176,1.0,True
2,finetune_000282_v00,finetune_000282,Ho(CO2)4,41,O,1.7955962419509888,1.7835246324539185,-2.828606128692627,1.0,True
2,finetune_000282_v00,finetune_000282,Ho(CO2)4,42,O,1.2920691967010498,3.8997366428375244,-2.2960219383239746,1.0,True
2,finetune_000282_v00,finetune_000282,Ho(CO2)4,43,O,0.9785524010658264,-1.072783350944519,-5.4990553855896,1.0,True
2,finetune_000282_v00,finetune_000282,Ho(CO2)4,44,O,-0.8360447883605957,-1.142167329788208,5.428877353668213,1.0,True
2,finetune_000282_v00,finetune_000282,Ho(CO2)4,45,O,3.0496633052825928,4.767036437988281,-4.104280471801758,0.9598517521430083,True
2,finetune_000282_v00,finetune_000282,Ho(CO2)4,46,O,3.4391841888427734,2.662388563156128,-4.7532453536987305,1.0,True
2,finetune_000282_v00,finetune_000282,Ho(CO2)4,47,O,-3.0211617946624756,0.09518061578273773,-5.364089012145996,1.0,True
2,finetune_000282_v00,finetune_000282,Ho(CO2)4,48,O,-4.436737537384033,0.3264606297016144,-3.6591618061065674,1.0,True
2,finetune_000282_v00,finetune_000282,Ho(CO2)4,49,O,2.954658269882202,-3.9984753131866455,-4.052478313446045,0.9598616305190751,True
2,finetune_000282_v00,finetune_000282,Ho(CO2)4,50,O,3.4581851959228516,-1.882263422012329,-4.57283353805542,1.0,True
2,finetune_000282_v00,finetune_000282,Ho(CO2)4,51,O,3.7717020511627197,4.709216594696045,-1.3697998523712158,1.0,True
2,finetune_000282_v00,finetune_000282,Ho(CO2)4,52,O,-3.9142096042633057,4.639832496643066,1.4427999258041382,1.0,True
2,finetune_000282_v00,finetune_000282,Ho(CO2)4,53,O,1.7005910873413086,-1.0149633884429932,-2.776803731918335,1.0,True
2,finetune_000282_v00,finetune_000282,Ho(CO2)4,54,O,1.311070203781128,-3.1196115016937256,-2.115609884262085,1.0,True
2,finetune_000282_v00,finetune_000282,Ho(CO2)4,55,O,-1.7290925979614258,5.877180576324463,0.006766439415514469,1.0,True
2,finetune_000282_v00,finetune_000282,Ho(CO2)4,56,O,-0.3135167956352234,-5.455539226531982,-1.7103898525238037,1.0,True
2,finetune_000282_v00,finetune_000282,Ho(CO2)4,57,O,-1.7955962419509888,-1.3387553691864014,2.83001708984375,1.0,True
2,finetune_000282_v00,finetune_000282,Ho(CO2)4,58,O,-1.2920691967010498,-3.454967498779297,2.2974328994750977,1.0,True
2,finetune_000282_v00,finetune_000282,Ho(CO2)4,59,O,-0.9785524010658264,1.5175526142120361,5.500466346740723,0.959996666550379,True
2,finetune_000282_v00,finetune_000282,Ho(CO2)4,60,O,0.8360447883605957,1.586936593055725,-5.42746639251709,1.0,True
2,finetune_000282_v00,finetune_000282,Ho(CO2)4,61,O,-3.0496633052825928,-4.322267532348633,4.0934624671936035,0.9599990553342544,True
2,finetune_000282_v00,finetune_000282,Ho(CO2)4,62,O,-3.4391841888427734,-2.2176194190979004,4.7546563148498535,0.9600324106759477,True
2,finetune_000282_v00,finetune_000282,Ho(CO2)4,63,O,3.0211617946624756,0.3495886027812958,5.365499973297119,1.0,True
2,finetune_000282_v00,finetune_000282,Ho(CO2)4,64,O,4.436737537384033,0.11830861866474152,3.6605727672576904,1.0,True
2,finetune_000282_v00,finetune_000282,Ho(CO2)4,65,O,-2.954658269882202,4.443244457244873,4.041660308837891,1.0,True
2,finetune_000282_v00,finetune_000282,Ho(CO2)4,66,O,-3.4581851959228516,2.3270325660705566,4.574244499206543,1.0,True
2,finetune_000282_v00,finetune_000282,Ho(CO2)4,67,O,-3.7717020511627197,-4.264447212219238,1.3712109327316284,0.9600054034711226,True
2,finetune_000282_v00,finetune_000282,Ho(CO2)4,68,O,3.9142096042633057,-4.195063591003418,-1.4413888454437256,0.8800545661266425,True
2,finetune_000282_v00,finetune_000282,Ho(CO2)4,69,O,-1.7005910873413086,1.4597326517105103,2.778214931488037,1.0,True
2,finetune_000282_v00,finetune_000282,Ho(CO2)4,70,O,-1.311070203781128,3.564380645751953,2.117021083831787,1.0,True
2,finetune_000282_v00,finetune_000282,Ho(CO2)4,71,O,1.7290925979614258,-5.432411193847656,-0.005355400964617729,0.9600383953431402,True
2,finetune_000282_v00,finetune_000282,Ho(CO2)4,72,O,0.3135167956352234,5.900308609008789,1.699571967124939,0.9600392474577962,True
2,finetune_000282_v00,finetune_000282,Ho(CO2)4,73,C,-0.03800203651189804,0.9856086373329163,6.133480548858643,1.0,True
2,finetune_000282_v00,finetune_000282,Ho(CO2)4,74,O,0.9785524010658264,-1.072783350944519,6.729944705963135,0.9600455776065271,True
2,finetune_000282_v00,finetune_000282,Ho(CO2)4,75,O,-3.0211617946624756,0.09518061578273773,6.864911079406738,1.0,True
2,finetune_000282_v00,finetune_000282,Ho(CO2)4,76,O,0.8360447883605957,1.586936593055725,6.8015336990356445,0.9600377379340915,True
2,finetune_000282_v00,finetune_000282,Ho(CO2)4,77,Ho,2.042609453201294,6.143152713775635,-2.3665170669555664,1.0,True
2,finetune_000282_v00,finetune_000282,Ho(CO2)4,78,C,-0.5985320806503296,6.004384517669678,-0.49105992913246155,1.0,True
2,finetune_000282_v00,finetune_000282,Ho(CO2)4,79,C,0.5985320806503296,6.004384517669678,0.49247097969055176,1.0,True
2,finetune_000282_v00,finetune_000282,Ho(CO2)4,80,O,-0.3135167956352234,6.108460426330566,-1.7103898525238037,1.0,True
2,finetune_000282_v00,finetune_000282,Ho(CO2)4,81,O,1.7290925979614258,6.131588459014893,-0.005355400964617729,1.0,True
2,finetune_000282_v00,finetune_000282,Ho(CO2)4,82,Ho,6.792863845825195,0.08361661434173584,2.9922168254852295,1.0,True
2,finetune_000282_v00,finetune_000282,Ho(CO2)4,83,C,6.621854782104492,-3.0849194526672363,2.518035411834717,0.9599948251670855,True
2,finetune_000282_v00,finetune_000282,Ho(CO2)4,84,C,6.659856796264648,3.1943325996398926,2.401928186416626,1.0,True
2,finetune_000282_v00,finetune_000282,Ho(CO2)4,85,C,4.788256645202637,-4.796391487121582,-0.773335874080658,0.9599988029018259,True
2,finetune_000282_v00,finetune_000282,Ho(CO2)4,86,O,5.0637712478637695,0.3264606297016144,-5.170694351196289,1.0,True
2,finetune_000282_v00,finetune_000282,Ho(CO2)4,87,O,5.586299419403076,4.639832496643066,-0.0687326043844223,1.0,True
2,finetune_000282_v00,finetune_000282,Ho(CO2)4,88,O,7.7049126625061035,-1.3387553691864014,1.3184846639633179,1.0,True
2,finetune_000282_v00,finetune_000282,Ho(CO2)4,89,O,6.061324596405029,-2.2176194190979004,3.243123769760132,1.0,True
2,finetune_000282_v00,finetune_000282,Ho(CO2)4,90,O,6.042323589324951,2.3270325660705566,3.062711715698242,1.0,True
2,finetune_000282_v00,finetune_000282,Ho(CO2)4,91,O,5.728806972503662,-4.264447212219238,-0.14032159745693207,1.0,True
2,finetune_000282_v00,finetune_000282,Ho(CO2)4,92,C,5.348786354064941,0.22238461673259735,5.851204872131348,1.0,True
2,finetune_000224_v00,finetune_000224,Ho(CO2)4,0,C,-4.788256645202637,-6.322839260101318,0.7747468948364258,0.9198382039263768,True
2,finetune_000224_v00,finetune_000224,Ho(CO2)4,1,C,-5.348786354064941,0.22238461673259735,-5.849793434143066,0.9599983505252678,True
2,finetune_000224_v00,finetune_000224,Ho(CO2)4,2,Ho,-6.792863845825195,0.36115261912345886,-2.9908056259155273,0.9598576314066067,True
2,finetune_000224_v00,finetune_000224,Ho(CO2)4,3,C,-6.621854782104492,3.529688596725464,-2.5166242122650146,0.9600073427360273,True
2,finetune_000224_v00,finetune_000224,Ho(CO2)4,4,C,-6.659856796264648,-2.749563455581665,-2.400517225265503,0.9600029718950015,True
2,finetune_000224_v00,finetune_000224,Ho(CO2)4,5,C,-4.788256645202637,5.2411603927612305,0.7747468948364258,0.9600084276246795,True
2,finetune_000224_v00,finetune_000224,Ho(CO2)4,6,O,-6.061324596405029,2.662388563156128,-3.241712808609009,0.9599979994378922,True
2,finetune_000224_v00,finetune_000224,Ho(CO2)4,7,O,-6.042323589324951,-1.882263422012329,-3.061300754547119,0.9598563309685171,True
2,finetune_000224_v00,finetune_000224,Ho(CO2)4,8,O,-5.728806972503662,4.709216594696045,0.14173263311386108,0.9200545504921473,True
2,finetune_000224_v00,finetune_000224,Ho(CO2)4,9,O,-7.799917697906494,-1.0149633884429932,-1.2652713060379028,0.9599994144979005,True
2,finetune_000224_v00,finetune_000224,Ho(CO2)4,10,O,-5.0637712478637695,0.11830861866474152,5.172105312347412,0.9600563041283191,True
2,finetune_000224_v00,finetune_000224,Ho(CO2)4,11,O,-5.586299419403076,-4.195063591003418,0.07014364749193192,0.9600482820096516,True
2,finetune_000224_v00,finetune_000224,Ho(CO2)4,12,Ho,-2.042609453201294,-5.698383331298828,2.3679280281066895,0.8795575462844287,False
2,finetune_000224_v00,finetune_000224,Ho(CO2)4,13,C,4.712252616882324,-6.322839260101318,-0.7367855906486511,0.9599728171280932,True
2,finetune_000224_v00,finetune_000224,Ho(CO2)4,14,O,3.7717020511627197,-6.854783535003662,-1.3697998523712158,0.9200406025707332,True
2,finetune_000224_v00,finetune_000224,Ho(CO2)4,15,O,-1.7290925979614258,-5.686819553375244,0.006766439415514469,0.9600447530530718,True
2,finetune_000224_v00,finetune_000224,Ho(CO2)4,16,O,0.3135167956352234,-5.663691520690918,1.699571967124939,0.9600409859089192,True
2,finetune_000224_v00,finetune_000224,Ho(CO2)4,17,C,0.03800203651189804,-0.5408393740653992,-6.1320695877075195,0.9198351969623167,False
2,finetune_000224_v00,finetune_000224,Ho(CO2)4,18,O,-0.8360447883605957,-1.142167329788208,-6.8001227378845215,0.9599986968410351,True
2,finetune_000224_v00,finetune_000224,Ho(CO2)4,19,O,-0.9785524010658264,1.5175526142120361,-6.728533744812012,0.9600452543595294,True
2,finetune_000224_v00,finetune_000224,Ho(CO2)4,20,O,3.0211617946624756,0.3495886027812958,-6.863499641418457,0.9600484832296675,True
2,finetune_000224_v00,finetune_000224,Ho(CO2)4,21,Ho,2.7076449394226074,0.36115261912345886,-4.502338409423828,0.9598387760172371,True
2,finetune_000224_v00,finetune_000224,Ho(CO2)4,22,Ho,2.042609453201294,-5.420847415924072,-2.3665170669555664,0.9598646039433423,True
2,finetune_000224_v00,finetune_000224,Ho(CO2)4,23,Ho,-2.7076449394226074,0.08361661434173584,4.503749370574951,0.9598376230889362,True
2,finetune_000224_v00,finetune_000224,Ho(CO2)4,24,Ho,-2.042609453201294,5.865616798400879,2.3679280281066895,1.0,True
2,finetune_000224_v00,finetune_000224,Ho(CO2)4,25,C,1.9096022844314575,3.0324366092681885,-2.956805467605591,1.0,True
2,finetune_000224_v00,finetune_000224,Ho(CO2)4,26,C,0.03800203651189804,-0.5408393740653992,6.096930503845215,1.0,True
2,finetune_000224_v00,finetune_000224,Ho(CO2)4,27,C,2.8786542415618896,3.529688596725464,-4.028156757354736,1.0,True
2,finetune_000224_v00,finetune_000224,Ho(CO2)4,28,C,-4.151722431182861,0.22238461673259735,-4.866262912750244,1.0,True
2,finetune_000224_v00,finetune_000224,Ho(CO2)4,29,C,2.8406522274017334,-2.749563455581665,-3.9120497703552246,1.0,True
2,finetune_000224_v00,finetune_000224,Ho(CO2)4,30,C,4.712252616882324,5.2411603927612305,-0.7367855906486511,1.0,True
2,finetune_000224_v00,finetune_000224,Ho(CO2)4,31,C,1.8716002702713013,-2.2523114681243896,-2.840698480606079,1.0,True
2,finetune_000224_v00,finetune_000224,Ho(CO2)4,32,C,-0.5985320806503296,-5.559615612030029,-0.49105992913246155,1.0,True
2,finetune_000224_v00,finetune_000224,Ho(CO2)4,33,C,-1.9096022844314575,-2.587667465209961,2.958216667175293,1.0,True
2,finetune_000224_v00,finetune_000224,Ho(CO2)4,34,C,-0.03800203651189804,0.9856086373329163,-6.095519542694092,0.9599728171280932,True
2,finetune_000224_v00,finetune_000224,Ho(CO2)4,35,C,-2.8786542415618896,-3.0849194526672363,4.029567718505859,0.9599986968410351,True
2,finetune_000224_v00,finetune_000224,Ho(CO2)4,36,C,4.151722431182861,0.22238461673259735,4.867673873901367,0.9599979994378922,True
2,finetune_000224_v00,finetune_000224,Ho(CO2)4,37,C,-2.8406522274017334,3.1943325996398926,3.9134607315063477,1.0,True
2,finetune_000224_v00,finetune_000224,Ho(CO2)4,38,C,-4.712252616882324,-4.796391487121582,0.7381966710090637,1.0,True
2,finetune_000224_v00,finetune_000224,Ho(CO2)4,39,C,-1.8716002702713013,2.697080612182617,2.842109441757202,1.0,True
2,finetune_000224_v00,finetune_000224,Ho(CO2)4,40,C,0.5985320806503296,-5.559615612030029,0.49247097969055176,1.0,True
2,finetune_000224_v00,finetune_000224,Ho(CO2)4,41,O,1.7955962419509888,1.7835246324539185,-2.828606128692627,0.9600029718950015,True
2,finetune_000224_v00,finetune_000224,Ho(CO2)4,42,O,1.2920691967010498,3.8997366428375244,-2.2960219383239746,1.0,True
2,finetune_000224_v00,finetune_000224,Ho(CO2)4,43,O,0.9785524010658264,-1.072783350944519,-5.4990553855896,1.0,True
2,finetune_000224_v00,finetune_000224,Ho(CO2)4,44,O,-0.8360447883605957,-1.142167329788208,5.428877353668213,1.0,True
2,finetune_000224_v00,finetune_000224,Ho(CO2)4,45,O,3.0496633052825928,4.767036437988281,-4.104280471801758,0.9600409859089192,True
2,finetune_000224_v00,finetune_000224,Ho(CO2)4,46,O,3.4391841888427734,2.662388563156128,-4.7532453536987305,1.0,True
2,finetune_000224_v00,finetune_000224,Ho(CO2)4,47,O,-3.0211617946624756,0.09518061578273773,-5.364089012145996,1.0,True
2,finetune_000224_v00,finetune_000224,Ho(CO2)4,48,O,-4.436737537384033,0.3264606297016144,-3.6591618061065674,1.0,True
2,finetune_000224_v00,finetune_000224,Ho(CO2)4,49,O,2.954658269882202,-3.9984753131866455,-4.052478313446045,1.0,True
2,finetune_000224_v00,finetune_000224,Ho(CO2)4,50,O,3.4581851959228516,-1.882263422012329,-4.57283353805542,1.0,True
2,finetune_000224_v00,finetune_000224,Ho(CO2)4,51,O,3.7717020511627197,4.709216594696045,-1.3697998523712158,0.9600563041283191,True
2,finetune_000224_v00,finetune_000224,Ho(CO2)4,52,O,-3.9142096042633057,4.639832496643066,1.4427999258041382,0.9600073427360273,True
2,finetune_000224_v00,finetune_000224,Ho(CO2)4,53,O,1.7005910873413086,-1.0149633884429932,-2.776803731918335,1.0,True
2,finetune_000224_v00,finetune_000224,Ho(CO2)4,54,O,1.311070203781128,-3.1196115016937256,-2.115609884262085,1.0,True
2,finetune_000224_v00,finetune_000224,Ho(CO2)4,55,O,-1.7290925979614258,5.877180576324463,0.006766439415514469,1.0,True
2,finetune_000224_v00,finetune_000224,Ho(CO2)4,56,O,-0.3135167956352234,-5.455539226531982,-1.7103898525238037,1.0,True
2,finetune_000224_v00,finetune_000224,Ho(CO2)4,57,O,-1.7955962419509888,-1.3387553691864014,2.83001708984375,0.9600447530530718,True
2,finetune_000224_v00,finetune_000224,Ho(CO2)4,58,O,-1.2920691967010498,-3.454967498779297,2.2974328994750977,1.0,True
2,finetune_000224_v00,finetune_000224,Ho(CO2)4,59,O,-0.9785524010658264,1.5175526142120361,5.500466346740723,1.0,True
2,finetune_000224_v00,finetune_000224,Ho(CO2)4,60,O,0.8360447883605957,1.586936593055725,-5.42746639251709,0.9600452543595294,True
2,finetune_000224_v00,finetune_000224,Ho(CO2)4,61,O,-3.0496633052825928,-4.322267532348633,4.0934624671936035,1.0,True
2,finetune_000224_v00,finetune_000224,Ho(CO2)4,62,O,-3.4391841888427734,-2.2176194190979004,4.7546563148498535,1.0,True
2,finetune_000224_v00,finetune_000224,Ho(CO2)4,63,O,3.0211617946624756,0.3495886027812958,5.365499973297119,1.0,True
2,finetune_000224_v00,finetune_000224,Ho(CO2)4,64,O,4.436737537384033,0.11830861866474152,3.6605727672576904,1.0,True
2,finetune_000224_v00,finetune_000224,Ho(CO2)4,65,O,-2.954658269882202,4.443244457244873,4.041660308837891,1.0,True
2,finetune_000224_v00,finetune_000224,Ho(CO2)4,66,O,-3.4581851959228516,2.3270325660705566,4.574244499206543,1.0,True
2,finetune_000224_v00,finetune_000224,Ho(CO2)4,67,O,-3.7717020511627197,-4.264447212219238,1.3712109327316284,0.9598646039433423,True
2,finetune_000224_v00,finetune_000224,Ho(CO2)4,68,O,3.9142096042633057,-4.195063591003418,-1.4413888454437256,0.920064627591559,True
2,finetune_000224_v00,finetune_000224,Ho(CO2)4,69,O,-1.7005910873413086,1.4597326517105103,2.778214931488037,1.0,True
2,finetune_000224_v00,finetune_000224,Ho(CO2)4,70,O,-1.311070203781128,3.564380645751953,2.117021083831787,1.0,True
2,finetune_000224_v00,finetune_000224,Ho(CO2)4,71,O,1.7290925979614258,-5.432411193847656,-0.005355400964617729,1.0,True
2,finetune_000224_v00,finetune_000224,Ho(CO2)4,72,O,0.3135167956352234,5.900308609008789,1.699571967124939,0.9600411746615934,True
2,finetune_000224_v00,finetune_000224,Ho(CO2)4,73,C,-0.03800203651189804,0.9856086373329163,6.133480548858643,1.0,True
2,finetune_000224_v00,finetune_000224,Ho(CO2)4,74,O,0.9785524010658264,-1.072783350944519,6.729944705963135,1.0,True
2,finetune_000224_v00,finetune_000224,Ho(CO2)4,75,O,-3.0211617946624756,0.09518061578273773,6.864911079406738,1.0,True
2,finetune_000224_v00,finetune_000224,Ho(CO2)4,76,O,0.8360447883605957,1.586936593055725,6.8015336990356445,1.0,True
2,finetune_000224_v00,finetune_000224,Ho(CO2)4,77,Ho,2.042609453201294,6.143152713775635,-2.3665170669555664,1.0,True
2,finetune_000224_v00,finetune_000224,Ho(CO2)4,78,C,-0.5985320806503296,6.004384517669678,-0.49105992913246155,0.9598376230889362,True
2,finetune_000224_v00,finetune_000224,Ho(CO2)4,79,C,0.5985320806503296,6.004384517669678,0.49247097969055176,1.0,True
2,finetune_000224_v00,finetune_000224,Ho(CO2)4,80,O,-0.3135167956352234,6.108460426330566,-1.7103898525238037,1.0,True
2,finetune_000224_v00,finetune_000224,Ho(CO2)4,81,O,1.7290925979614258,6.131588459014893,-0.005355400964617729,1.0,True
2,finetune_000224_v00,finetune_000224,Ho(CO2)4,82,Ho,6.792863845825195,0.08361661434173584,2.9922168254852295,1.0,True
2,finetune_000224_v00,finetune_000224,Ho(CO2)4,83,C,6.621854782104492,-3.0849194526672363,2.518035411834717,1.0,True
2,finetune_000224_v00,finetune_000224,Ho(CO2)4,84,C,6.659856796264648,3.1943325996398926,2.401928186416626,1.0,True
2,finetune_000224_v00,finetune_000224,Ho(CO2)4,85,C,4.788256645202637,-4.796391487121582,-0.773335874080658,1.0,True
2,finetune_000224_v00,finetune_000224,Ho(CO2)4,86,O,5.0637712478637695,0.3264606297016144,-5.170694351196289,1.0,True
2,finetune_000224_v00,finetune_000224,Ho(CO2)4,87,O,5.586299419403076,4.639832496643066,-0.0687326043844223,0.9197230642581019,True
2,finetune_000224_v00,finetune_000224,Ho(CO2)4,88,O,7.7049126625061035,-1.3387553691864014,1.3184846639633179,0.9600482820096516,True
2,finetune_000224_v00,finetune_000224,Ho(CO2)4,89,O,6.061324596405029,-2.2176194190979004,3.243123769760132,0.9606769333467785,True
2,finetune_000224_v00,finetune_000224,Ho(CO2)4,90,O,6.042323589324951,2.3270325660705566,3.062711715698242,1.0,True
2,finetune_000224_v00,finetune_000224,Ho(CO2)4,91,O,5.728806972503662,-4.264447212219238,-0.14032159745693207,0.9600484832296675,True
2,finetune_000224_v00,finetune_000224,Ho(CO2)4,92,C,5.348786354064941,0.22238461673259735,5.851204872131348,1.0,True
2,finetune_000232_v00,finetune_000232,MgH6C8S2(NO)4,0,H,-3.8283579349517822,5.615085601806641,2.1088287830352783,0.9599069729045402,True
2,finetune_000232_v00,finetune_000232,MgH6C8S2(NO)4,1,H,-3.62890625,1.908481240272522,3.39272403717041,0.9198676229869601,False
2,finetune_000232_v00,finetune_000232,MgH6C8S2(NO)4,2,C,-3.9044759273529053,3.8757402896881104,2.927826166152954,0.9599113309389193,True
2,finetune_000232_v00,finetune_000232,MgH6C8S2(NO)4,3,C,-2.6499924659729004,2.268345832824707,1.6393264532089233,0.9199748735864474,True
2,finetune_000232_v00,finetune_000232,MgH6C8S2(NO)4,4,C,-2.8204233646392822,4.5834736824035645,0.8428277969360352,0.9600233764502499,True
2,finetune_000232_v00,finetune_000232,MgH6C8S2(NO)4,5,C,-3.429504632949829,2.568232774734497,2.7638258934020996,0.9600485879722478,True
2,finetune_000232_v00,finetune_000232,MgH6C8S2(NO)4,6,S,-2.472376823425293,5.735040187835693,-0.25488534569740295,0.9599766834038626,True
2,finetune_000232_v00,finetune_000232,MgH6C8S2(NO)4,7,N,-3.5600526332855225,4.7993927001953125,1.9799728393554688,0.960047404453726,True
2,finetune_000232_v00,finetune_000232,MgH6C8S2(NO)4,8,N,-2.407087564468384,3.287961721420288,0.7347889542579651,0.9201590686745958,True
2,finetune_000232_v00,finetune_000232,MgH6C8S2(NO)4,9,O,-4.647732734680176,4.2715911865234375,3.8876445293426514,0.960075204302559,True
2,finetune_000232_v00,finetune_000232,MgH6C8S2(NO)4,10,S,-6.097938060760498,0.5050098299980164,4.887587547302246,0.9599662654324919,True
2,finetune_000232_v00,finetune_000232,MgH6C8S2(NO)4,11,H,-0.20259909331798553,-6.380397319793701,3.258456230163574,0.9599046261203737,True
2,finetune_000232_v00,finetune_000232,MgH6C8S2(NO)4,12,C,0.8053354620933533,-7.412008762359619,1.9924551248550415,0.8399796976893276,False
2,finetune_000232_v00,finetune_000232,MgH6C8S2(NO)4,13,S,1.1533819437026978,-6.26044225692749,0.8947420120239258,0.9599675223417815,True
2,finetune_000232_v00,finetune_000232,MgH6C8S2(NO)4,14,N,0.06570623815059662,-7.196089744567871,3.1296002864837646,0.9600961723092908,True
2,finetune_000232_v00,finetune_000232,MgH6C8S2(NO)4,15,H,-1.652887225151062,-2.9256982803344727,-7.218250751495361,0.9599036946575205,True
2,finetune_000232_v00,finetune_000232,MgH6C8S2(NO)4,16,S,-2.2402684688568115,-0.2627010643482208,-7.2786545753479,0.9599833976394472,True
2,finetune_000232_v00,finetune_000232,MgH6C8S2(NO)4,17,Mg,-1.4498872756958008,0.12115437537431717,-0.33336544036865234,0.9599498313075117,True
2,finetune_000232_v00,finetune_000232,MgH6C8S2(NO)4,18,H,-1.652887225151062,-2.9256982803344727,5.365748882293701,0.9599090017345179,True
2,finetune_000232_v00,finetune_000232,MgH6C8S2(NO)4,19,H,1.66811203956604,3.1680068969726562,-5.1082353591918945,0.9599010590799674,True
2,finetune_000232_v00,finetune_000232,MgH6C8S2(NO)4,20,H,-1.993667483329773,-5.372776508331299,-3.7021031379699707,0.9599244559455316,True
2,finetune_000232_v00,finetune_000232,MgH6C8S2(NO)4,21,H,3.422884702682495,5.615085601806641,4.407944202423096,0.9599093380706737,True
2,finetune_000232_v00,finetune_000232,MgH6C8S2(NO)4,22,H,-0.20267939567565918,0.6249646544456482,-3.0335845947265625,0.959906720189729,True
2,finetune_000232_v00,finetune_000232,MgH6C8S2(NO)4,23,H,-1.9864734411239624,-0.38265588879585266,2.5921669006347656,0.9599066461075438,True
2,finetune_000232_v00,finetune_000232,MgH6C8S2(NO)4,24,H,-1.645637035369873,-2.8297343254089355,-0.9239524006843567,1.0,True
2,finetune_000232_v00,finetune_000232,MgH6C8S2(NO)4,25,H,-1.9575080871582031,3.0720431804656982,0.03420732915401459,1.0,True
2,finetune_000232_v00,finetune_000232,MgH6C8S2(NO)4,26,H,-1.0836513042449951,-4.089260101318359,1.6577802896499634,0.9599113309389193,True
2,finetune_000232_v00,finetune_000232,MgH6C8S2(NO)4,27,H,-0.003312713233754039,4.331568717956543,-1.7497323751449585,1.0,True
2,finetune_000232_v00,finetune_000232,MgH6C8S2(NO)4,28,H,-1.0836790800094604,-1.6661725044250488,-4.6342339515686035,0.9599010590799674,True
2,finetune_000232_v00,finetune_000232,MgH6C8S2(NO)4,29,H,3.6223363876342773,1.908481240272522,5.691839218139648,1.0,True
2,finetune_000232_v00,finetune_000232,MgH6C8S2(NO)4,30,C,-1.2939414978027344,-3.729395627975464,3.6548798084259033,0.959906720189729,True
2,finetune_000232_v00,finetune_000232,MgH6C8S2(NO)4,31,C,0.9756091237068176,3.9717042446136475,-3.5031256675720215,1.0,True
2,finetune_000232_v00,finetune_000232,MgH6C8S2(NO)4,32,C,-1.5767409801483154,-3.6334316730499268,-4.413042068481445,1.0,True
2,finetune_000232_v00,finetune_000232,MgH6C8S2(NO)4,33,C,3.346766471862793,3.8757402896881104,5.2269415855407715,1.0,True
2,finetune_000232_v00,finetune_000232,MgH6C8S2(NO)4,34,C,-0.2788373827934265,2.364309549331665,-2.2146074771881104,1.0,True
2,finetune_000232_v00,finetune_000232,MgH6C8S2(NO)4,35,C,-1.5767583847045898,-2.1220009326934814,1.8789490461349487,1.0,True
2,finetune_000232_v00,finetune_000232,MgH6C8S2(NO)4,36,C,-1.2939610481262207,-2.0260369777679443,-2.63713002204895,1.0,True
2,finetune_000232_v00,finetune_000232,MgH6C8S2(NO)4,37,C,4.601249694824219,2.268345832824707,3.938441753387451,1.0,True
2,finetune_000232_v00,finetune_000232,MgH6C8S2(NO)4,38,C,-1.892195463180542,-1.4142674207687378,4.207645416259766,1.0,True
2,finetune_000232_v00,finetune_000232,MgH6C8S2(NO)4,39,C,-1.283068060874939,-3.4295084476470947,2.2866709232330322,1.0,True
2,finetune_000232_v00,finetune_000232,MgH6C8S2(NO)4,40,C,0.805231511592865,1.656576156616211,-4.29959774017334,0.9599069729045402,True
2,finetune_000232_v00,finetune_000232,MgH6C8S2(NO)4,41,C,0.1961040198802948,3.6718173027038574,-2.3786230087280273,0.9599090017345179,True
2,finetune_000232_v00,finetune_000232,MgH6C8S2(NO)4,42,C,-1.8921619653701782,-4.341165065765381,-2.0843374729156494,0.9599066461075438,True
2,finetune_000232_v00,finetune_000232,MgH6C8S2(NO)4,43,C,-1.2830806970596313,-2.3259241580963135,-4.005335807800293,0.9599036946575205,True
2,finetune_000232_v00,finetune_000232,MgH6C8S2(NO)4,44,C,4.430819034576416,4.5834736824035645,3.1419432163238525,0.9599093380706737,True
2,finetune_000232_v00,finetune_000232,MgH6C8S2(NO)4,45,C,3.8217380046844482,2.568232774734497,5.062941074371338,0.9600628963653051,True
2,finetune_000232_v00,finetune_000232,MgH6C8S2(NO)4,46,S,-2.2402684688568115,-0.2627010643482208,5.305345058441162,1.0,True
2,finetune_000232_v00,finetune_000232,MgH6C8S2(NO)4,47,S,1.1533043384552002,0.5050098299980164,-5.397297382354736,1.0,True
2,finetune_000232_v00,finetune_000232,MgH6C8S2(NO)4,48,S,-2.240208387374878,-5.49273157119751,-0.9866244196891785,1.0,True
2,finetune_000232_v00,finetune_000232,MgH6C8S2(NO)4,49,S,4.778865814208984,5.735040187835693,2.0442299842834473,1.0,True
2,finetune_000232_v00,finetune_000232,MgH6C8S2(NO)4,50,N,-1.6202589273452759,-2.7217750549316406,4.520381927490234,1.0,True
2,finetune_000232_v00,finetune_000232,MgH6C8S2(NO)4,51,N,1.211286187171936,2.9520883560180664,-4.397366523742676,1.0,True
2,finetune_000232_v00,finetune_000232,MgH6C8S2(NO)4,52,N,-1.8450262546539307,-4.569079399108887,-3.4410479068756104,0.9600555091865602,True
2,finetune_000232_v00,finetune_000232,MgH6C8S2(NO)4,53,N,3.691190004348755,4.7993927001953125,4.279088020324707,1.0,True
2,finetune_000232_v00,finetune_000232,MgH6C8S2(NO)4,54,N,0.0692329853773117,1.4286619424819946,-3.173884391784668,1.0,True
2,finetune_000232_v00,finetune_000232,MgH6C8S2(NO)4,55,N,-1.8414392471313477,-1.1983487606048584,2.8520820140838623,1.0,True
2,finetune_000232_v00,finetune_000232,MgH6C8S2(NO)4,56,N,-1.6166296005249023,-3.0456531047821045,-1.770466685295105,0.960075204302559,True
2,finetune_000232_v00,finetune_000232,MgH6C8S2(NO)4,57,N,4.8441548347473145,3.287961721420288,3.0339043140411377,1.0,True
2,finetune_000232_v00,finetune_000232,MgH6C8S2(NO)4,58,O,-1.0147556066513062,-4.868966579437256,4.158674240112305,1.0,True
2,finetune_000232_v00,finetune_000232,MgH6C8S2(NO)4,59,O,1.4904344081878662,5.099279403686523,-3.755167007446289,1.0,True
2,finetune_000232_v00,finetune_000232,MgH6C8S2(NO)4,60,O,-1.6311208009719849,-4.029282569885254,-5.625763416290283,0.9600485879722478,True
2,finetune_000232_v00,finetune_000232,MgH6C8S2(NO)4,61,O,2.6035096645355225,4.2715911865234375,6.186759948730469,1.0,True
2,finetune_000232_v00,finetune_000232,MgH6C8S2(NO)4,62,O,-1.022085189819336,1.968458652496338,-1.254784345626831,1.0,True
2,finetune_000232_v00,finetune_000232,MgH6C8S2(NO)4,63,O,-1.6311472654342651,-1.7261499166488647,0.666223406791687,1.0,True
2,finetune_000232_v00,finetune_000232,MgH6C8S2(NO)4,64,O,-1.0184266567230225,-0.898461639881134,-2.134498119354248,1.0,True
2,finetune_000232_v00,finetune_000232,MgH6C8S2(NO)4,65,O,-2.1315157413482666,1.128774881362915,1.388447880744934,0.9599046261203737,True
2,finetune_000232_v00,finetune_000232,MgH6C8S2(NO)4,66,S,1.1533043384552002,0.5050098299980164,7.186702728271484,1.0,True
2,finetune_000232_v00,finetune_000232,MgH6C8S2(NO)4,67,H,1.6318161487579346,6.622705936431885,-2.552615165710449,1.0,True
2,finetune_000232_v00,finetune_000232,MgH6C8S2(NO)4,68,C,1.7333217859268188,7.654317378997803,-0.9348496198654175,0.9599833976394472,True
2,finetune_000232_v00,finetune_000232,MgH6C8S2(NO)4,69,S,1.3852753639221191,6.502750873565674,0.16286355257034302,1.0,True
2,finetune_000232_v00,finetune_000232,MgH6C8S2(NO)4,70,N,1.7804574966430664,7.426403045654297,-2.291559934616089,1.0,True
2,finetune_000232_v00,finetune_000232,MgH6C8S2(NO)4,71,S,5.010973930358887,-0.2627010643482208,-4.979539394378662,1.0,True
2,finetune_000232_v00,finetune_000232,MgH6C8S2(NO)4,72,Mg,5.801355361938477,0.12115437537431717,1.9657498598098755,1.0,True
2,finetune_000232_v00,finetune_000232,MgH6C8S2(NO)4,73,H,5.257575035095215,-5.372776508331299,-1.4029878377914429,1.0,True
2,finetune_000232_v00,finetune_000232,MgH6C8S2(NO)4,74,H,7.048563003540039,0.6249646544456482,-0.7344692349433899,1.0,True
2,finetune_000232_v00,finetune_000232,MgH6C8S2(NO)4,75,H,5.264769077301025,-0.38265588879585266,4.891282081604004,1.0,True
2,finetune_000232_v00,finetune_000232,MgH6C8S2(NO)4,76,H,5.605605602264404,-2.8297343254089355,1.3751628398895264,1.0,True
2,finetune_000232_v00,finetune_000232,MgH6C8S2(NO)4,77,H,5.293734550476074,3.0720431804656982,2.333322763442993,1.0,True
2,finetune_000232_v00,finetune_000232,MgH6C8S2(NO)4,78,H,6.167563438415527,-1.6661725044250488,-2.335118532180786,0.9599498313075117,True
2,finetune_000232_v00,finetune_000232,MgH6C8S2(NO)4,79,C,5.674501419067383,-3.6334316730499268,-2.113926887512207,1.0,True
2,finetune_000232_v00,finetune_000232,MgH6C8S2(NO)4,80,C,6.972404956817627,2.364309549331665,0.08450795710086823,0.9600086081539553,True
2,finetune_000232_v00,finetune_000232,MgH6C8S2(NO)4,81,C,5.6744842529296875,-2.1220009326934814,4.178064346313477,1.0,True
2,finetune_000232_v00,finetune_000232,MgH6C8S2(NO)4,82,C,5.957281589508057,-2.0260369777679443,-0.3380146920681,1.0,True
2,finetune_000232_v00,finetune_000232,MgH6C8S2(NO)4,83,C,5.3590803146362305,-4.341165065765381,0.21477775275707245,0.9600233764502499,True
2,finetune_000232_v00,finetune_000232,MgH6C8S2(NO)4,84,C,5.968161582946777,-2.3259241580963135,-1.706220269203186,1.0,True
2,finetune_000232_v00,finetune_000232,MgH6C8S2(NO)4,85,S,5.01103401184082,-5.49273157119751,1.3124909400939941,1.0,True
2,finetune_000232_v00,finetune_000232,MgH6C8S2(NO)4,86,N,5.406216144561768,-4.569079399108887,-1.141932725906372,1.0,True
2,finetune_000232_v00,finetune_000232,MgH6C8S2(NO)4,87,N,7.3204755783081055,1.4286619424819946,-0.8747690916061401,1.0,True
2,finetune_000232_v00,finetune_000232,MgH6C8S2(NO)4,88,N,5.40980339050293,-1.1983487606048584,5.15119743347168,1.0,True
2,finetune_000232_v00,finetune_000232,MgH6C8S2(NO)4,89,N,5.634613037109375,-3.0456531047821045,0.5286486148834229,1.0,True
2,finetune_000232_v00,finetune_000232,MgH6C8S2(NO)4,90,O,5.620121479034424,-4.029282569885254,-3.326647996902466,0.9607545942865137,True
2,finetune_000232_v00,finetune_000232,MgH6C8S2(NO)4,91,O,6.229157447814941,1.968458652496338,1.0443309545516968,1.0,True
2,finetune_000232_v00,finetune_000232,MgH6C8S2(NO)4,92,O,5.620095252990723,-1.7261499166488647,2.965338706970215,0.9599244559455316,True
2,finetune_000232_v00,finetune_000232,MgH6C8S2(NO)4,93,O,6.232815742492676,-0.898461639881134,0.1646171510219574,1.0,True
2,finetune_000232_v00,finetune_000232,MgH6C8S2(NO)4,94,O,5.119726657867432,1.128774881362915,3.687563180923462,1.0,True
2,finetune_000140_v00,finetune_000140,PrC15NO6,0,C,-5.100356101989746,0.6415385007858276,-5.543079376220703,0.9599883450883554,True
2,finetune_000140_v00,finetune_000140,PrC15NO6,1,C,-5.292975902557373,-0.7066220641136169,-5.840263366699219,0.960722762014702,True
2,finetune_000140_v00,finetune_000140,PrC15NO6,2,C,-4.085168838500977,1.022742509841919,-4.472630977630615,0.9199722219783817,True
2,finetune_000140_v00,finetune_000140,PrC15NO6,3,C,-6.028251647949219,1.506220817565918,-2.9785749912261963,0.9599878037168246,True
2,finetune_000140_v00,finetune_000140,PrC15NO6,4,C,-6.522505760192871,1.961806058883667,-1.752976417541504,0.8799408927102206,True
2,finetune_000140_v00,finetune_000140,PrC15NO6,5,C,-5.663715362548828,2.3523077964782715,-0.7715826630592346,0.9599827032558598,True
2,finetune_000140_v00,finetune_000140,PrC15NO6,6,C,-4.280684471130371,2.231438159942627,-0.9724963307380676,0.9599893568611058,True
2,finetune_000140_v00,finetune_000140,PrC15NO6,7,C,-3.8159658908843994,1.747959852218628,-2.1947684288024902,0.9599914476975587,True
2,finetune_000140_v00,finetune_000140,PrC15NO6,8,C,-6.198402404785156,2.9659533500671387,0.5217604637145996,0.9599891356684234,True
2,finetune_000140_v00,finetune_000140,PrC15NO6,9,N,-4.700835227966309,1.422541856765747,-3.17216157913208,0.9599506492119858,True
2,finetune_000140_v00,finetune_000140,PrC15NO6,10,O,-3.184406042098999,3.356454849243164,3.398832321166992,0.9599647576327867,True
2,finetune_000140_v00,finetune_000140,PrC15NO6,11,O,-5.306807041168213,3.328562021255493,1.3326663970947266,0.9199239132363866,True
2,finetune_000140_v00,finetune_000140,PrC15NO6,12,C,-5.292975902557373,-0.7066220641136169,5.892736434936523,0.9199593002241756,True
2,finetune_000140_v00,finetune_000140,PrC15NO6,13,C,-6.167849540710449,-1.0506354570388794,4.86328649520874,0.9599476801123193,True
2,finetune_000140_v00,finetune_000140,PrC15NO6,14,Pr,-4.945690631866455,4.992843151092529,3.1585562229156494,0.9199115214136526,True
2,finetune_000140_v00,finetune_000140,PrC15NO6,15,O,1.8133753538131714,-5.941204071044922,-5.029964923858643,0.9599635179378087,True
2,finetune_000140_v00,finetune_000140,PrC15NO6,16,C,-1.0304702520370483,-7.791438102722168,0.32562804222106934,0.9599872569718421,True
2,finetune_000140_v00,finetune_000140,PrC15NO6,17,C,-1.5247242450714111,-7.335853099822998,1.5512266159057617,0.959960938199225,True
2,finetune_000140_v00,finetune_000140,PrC15NO6,18,C,-0.6659338474273682,-6.9453511238098145,2.532620429992676,0.9599617615381089,True
2,finetune_000140_v00,finetune_000140,PrC15NO6,19,C,0.7170972228050232,-7.066220760345459,2.3317067623138428,0.9599664214364053,True
2,finetune_000140_v00,finetune_000140,PrC15NO6,20,C,1.181815505027771,-7.549699306488037,1.109434723854065,0.959986086542801,True
2,finetune_000140_v00,finetune_000140,PrC15NO6,21,C,-1.2006210088729858,-6.3317060470581055,3.8259634971618652,0.9599626075310066,True
2,finetune_000140_v00,finetune_000140,PrC15NO6,22,N,0.2969464361667633,-7.875117301940918,0.13204136490821838,0.9599701878557606,True
2,finetune_000140_v00,finetune_000140,PrC15NO6,23,O,-2.4250760078430176,-6.257324695587158,3.9340932369232178,0.9599391493657046,False
2,finetune_000140_v00,finetune_000140,PrC15NO6,24,O,-0.30902570486068726,-5.969097137451172,4.636869430541992,0.9599402566985731,True
2,finetune_000140_v00,finetune_000140,PrC15NO6,25,O,-1.9140632152557373,-5.783143997192383,-4.742550373077393,1.0,True
2,finetune_000140_v00,finetune_000140,PrC15NO6,26,Pr,0.05209065601229668,-4.304816246032715,-5.270240783691406,1.0,True
2,finetune_000140_v00,finetune_000140,PrC15NO6,27,C,-1.5317920446395874,-2.3523077964782715,-6.887931823730469,1.0,True
2,finetune_000140_v00,finetune_000140,PrC15NO6,28,C,-2.0653154850006104,0.06508361548185349,-7.302874565124512,1.0,True
2,finetune_000140_v00,finetune_000140,PrC15NO6,29,O,-0.4231880009174347,-2.045485019683838,-6.320517539978027,1.0,True
2,finetune_000140_v00,finetune_000140,PrC15NO6,30,O,-1.9935781955718994,-3.5145151615142822,-6.83975887298584,1.0,True
2,finetune_000140_v00,finetune_000140,PrC15NO6,31,Pr,-0.05170344561338425,4.304816246032715,-5.952469348907471,0.9599476801123193,True
2,finetune_000140_v00,finetune_000140,PrC15NO6,32,Pr,0.05209065601229668,-4.304816246032715,6.462759017944336,1.0,True
2,finetune_000140_v00,finetune_000140,PrC15NO6,33,C,-1.5317920446395874,-2.3523077964782715,4.845068454742432,0.9599883450883554,True
2,finetune_000140_v00,finetune_000140,PrC15NO6,34,C,-2.2540276050567627,-1.273779273033142,4.09810209274292,1.0,True
2,finetune_000140_v00,finetune_000140,PrC15NO6,35,C,-3.1378068923950195,-1.6177927255630493,3.100187301635742,1.0,True
2,finetune_000140_v00,finetune_000140,PrC15NO6,36,C,-3.8139727115631104,-0.6415385007858276,2.3859033584594727,1.0,True
2,finetune_000140_v00,finetune_000140,PrC15NO6,37,C,-3.6124467849731445,0.7066220641136169,2.686751365661621,1.0,True
2,finetune_000140_v00,finetune_000140,PrC15NO6,38,C,-2.7375733852386475,1.0506354570388794,3.7162013053894043,1.0,True
2,finetune_000140_v00,finetune_000140,PrC15NO6,39,C,-2.0653154850006104,0.06508361548185349,4.430125713348389,1.0,True
2,finetune_000140_v00,finetune_000140,PrC15NO6,40,C,-2.564305543899536,2.501070261001587,4.062092304229736,1.0,True
2,finetune_000140_v00,finetune_000140,PrC15NO6,41,C,-4.820253849029541,-1.022742509841919,1.319118618965149,1.0,True
2,finetune_000140_v00,finetune_000140,PrC15NO6,42,C,-2.8860769271850586,-1.506220817565918,-0.17860105633735657,1.0,True
2,finetune_000140_v00,finetune_000140,PrC15NO6,43,C,-2.3829171657562256,-1.961806058883667,-1.4005358219146729,0.9599891356684234,True
2,finetune_000140_v00,finetune_000140,PrC15NO6,44,C,-3.2417075634002686,-2.3523077964782715,-2.381929636001587,1.0,True
2,finetune_000140_v00,finetune_000140,PrC15NO6,45,C,-4.624738693237305,-2.231438159942627,-2.181015968322754,1.0,True
2,finetune_000140_v00,finetune_000140,PrC15NO6,46,C,-5.089457035064697,-1.747959852218628,-0.9587439298629761,1.0,True
2,finetune_000140_v00,finetune_000140,PrC15NO6,47,C,-2.7070205211639404,-2.9659533500671387,-3.6752727031707764,1.0,True
2,finetune_000140_v00,finetune_000140,PrC15NO6,48,C,1.5321792364120483,2.3523077964782715,-4.334778785705566,1.0,True
2,finetune_000140_v00,finetune_000140,PrC15NO6,49,C,2.2544147968292236,1.273779273033142,-3.5878121852874756,1.0,True
2,finetune_000140_v00,finetune_000140,PrC15NO6,50,C,3.1381943225860596,1.6177927255630493,-2.589897632598877,1.0,True
2,finetune_000140_v00,finetune_000140,PrC15NO6,51,C,3.8054542541503906,0.6415385007858276,-1.8792774677276611,1.0,True
2,finetune_000140_v00,finetune_000140,PrC15NO6,52,C,3.6128342151641846,-0.7066220641136169,-2.176461696624756,1.0,True
2,finetune_000140_v00,finetune_000140,PrC15NO6,53,C,2.7379605770111084,-1.0506354570388794,-3.20591139793396,1.0,True
2,finetune_000140_v00,finetune_000140,PrC15NO6,54,C,2.0657029151916504,-0.06508361548185349,-3.9198358058929443,1.0,True
2,finetune_000140_v00,finetune_000140,PrC15NO6,55,C,2.564692735671997,-2.501070261001587,-3.551802635192871,1.0,True
2,finetune_000140_v00,finetune_000140,PrC15NO6,56,C,4.820641040802002,1.022742509841919,-0.8088288903236389,0.9599861354355806,True
2,finetune_000140_v00,finetune_000140,PrC15NO6,57,C,2.877558469772339,1.506220817565918,0.6852269768714905,1.0,True
2,finetune_000140_v00,finetune_000140,PrC15NO6,58,C,2.3833043575286865,1.961806058883667,1.9108256101608276,1.0,True
2,finetune_000140_v00,finetune_000140,PrC15NO6,59,C,3.2420947551727295,2.3523077964782715,2.892219305038452,0.9599893568611058,True
2,finetune_000140_v00,finetune_000140,PrC15NO6,60,C,4.625125885009766,2.231438159942627,2.691305637359619,1.0,True
2,finetune_000140_v00,finetune_000140,PrC15NO6,61,C,5.089844226837158,1.747959852218628,1.4690335988998413,1.0,True
2,finetune_000140_v00,finetune_000140,PrC15NO6,62,C,2.7074077129364014,2.9659533500671387,4.185562610626221,1.0,True
2,finetune_000140_v00,finetune_000140,PrC15NO6,63,N,-4.204587936401367,-1.422541856765747,0.018649427220225334,1.0,True
2,finetune_000140_v00,finetune_000140,PrC15NO6,64,N,4.204975128173828,1.422541856765747,0.4916402995586395,1.0,True
2,finetune_000140_v00,finetune_000140,PrC15NO6,65,O,-1.4914711713790894,-3.040334463119507,-3.7870662212371826,1.0,True
2,finetune_000140_v00,finetune_000140,PrC15NO6,66,O,-3.589709997177124,-3.328562021255493,-4.48251485824585,1.0,True
2,finetune_000140_v00,finetune_000140,PrC15NO6,67,O,-0.4231880009174347,-2.045485019683838,5.412482261657715,1.0,True
2,finetune_000140_v00,finetune_000140,PrC15NO6,68,O,-1.9935781955718994,-3.5145151615142822,4.893240928649902,0.9599402566985731,True
2,finetune_000140_v00,finetune_000140,PrC15NO6,69,O,-1.7791290283203125,2.7799999713897705,-6.716553688049316,1.0,True
2,finetune_000140_v00,finetune_000140,PrC15NO6,70,O,1.48295259475708,3.040334463119507,4.293692111968994,1.0,True
2,finetune_000140_v00,finetune_000140,PrC15NO6,71,O,3.5990030765533447,3.328562021255493,4.996468544006348,0.9599391493657046,False
2,finetune_000140_v00,finetune_000140,PrC15NO6,72,O,0.423575222492218,2.045485019683838,-4.90219259262085,0.9199243690691155,True
2,finetune_000140_v00,finetune_000140,PrC15NO6,73,O,1.9939653873443604,3.5145151615142822,-4.382951259613037,1.0,True
2,finetune_000140_v00,finetune_000140,PrC15NO6,74,O,1.7795162200927734,-2.7799999713897705,-4.506156921386719,0.9599678525266169,True
2,finetune_000140_v00,finetune_000140,PrC15NO6,75,Pr,-0.05170344561338425,4.304816246032715,5.7805304527282715,1.0,True
2,finetune_000140_v00,finetune_000140,PrC15NO6,76,C,1.5321792364120483,2.3523077964782715,7.398221492767334,1.0,True
2,finetune_000140_v00,finetune_000140,PrC15NO6,77,O,-1.7791290283203125,2.7799999713897705,5.016446590423584,1.0,True
2,finetune_000140_v00,finetune_000140,PrC15NO6,78,O,0.423575222492218,2.045485019683838,6.830807209014893,1.0,True
2,finetune_000140_v00,finetune_000140,PrC15NO6,79,O,1.7795162200927734,-2.7799999713897705,7.226843357086182,1.0,True
2,finetune_000140_v00,finetune_000140,PrC15NO6,80,C,1.021951675415039,7.791438102722168,0.18099787831306458,0.9599888781055919,True
2,finetune_000140_v00,finetune_000140,PrC15NO6,81,C,1.525111436843872,7.335853099822998,-1.0409369468688965,1.0,True
2,finetune_000140_v00,finetune_000140,PrC15NO6,82,C,0.6663210391998291,6.9453511238098145,-2.0223305225372314,1.0,True
2,finetune_000140_v00,finetune_000140,PrC15NO6,83,C,-0.7167100310325623,7.066220760345459,-1.821416974067688,1.0,True
2,finetune_000140_v00,finetune_000140,PrC15NO6,84,C,-1.18142831325531,7.549699306488037,-0.5991449356079102,1.0,True
2,finetune_000140_v00,finetune_000140,PrC15NO6,85,C,1.2010083198547363,6.3317060470581055,-3.315673828125,0.9199240368137518,True
2,finetune_000140_v00,finetune_000140,PrC15NO6,86,N,-0.29655921459198,7.875117301940918,0.3782483637332916,1.0,True
2,finetune_000140_v00,finetune_000140,PrC15NO6,87,O,2.416557550430298,6.257324695587158,-3.4274673461914062,1.0,True
2,finetune_000140_v00,finetune_000140,PrC15NO6,88,O,0.3183187246322632,5.969097137451172,-4.122915744781494,1.0,True
2,finetune_000140_v00,finetune_000140,PrC15NO6,89,Pr,4.946077823638916,-4.992843151092529,-2.648266315460205,1.0,True
2,finetune_000140_v00,finetune_000140,PrC15NO6,90,C,6.651782512664795,-1.273779273033142,-3.9710960388183594,1.0,True
2,finetune_000140_v00,finetune_000140,PrC15NO6,91,C,5.768002986907959,-1.6177927255630493,-4.969010829925537,0.9599635179378087,True
2,finetune_000140_v00,finetune_000140,PrC15NO6,92,C,5.091837406158447,-0.6415385007858276,-5.683294773101807,1.0,True
2,finetune_000140_v00,finetune_000140,PrC15NO6,93,C,5.293363094329834,0.7066220641136169,-5.382446765899658,1.0,True
2,finetune_000140_v00,finetune_000140,PrC15NO6,94,C,6.16823673248291,1.0506354570388794,-4.352996826171875,1.0,True
2,finetune_000140_v00,finetune_000140,PrC15NO6,95,C,6.840494632720947,0.06508361548185349,-3.6390724182128906,0.9599629750371615,True
2,finetune_000140_v00,finetune_000140,PrC15NO6,96,C,6.3415045738220215,2.501070261001587,-4.007105827331543,1.0,True
2,finetune_000140_v00,finetune_000140,PrC15NO6,97,C,4.0855560302734375,-1.022742509841919,-6.75007963180542,1.0,True
2,finetune_000140_v00,finetune_000140,PrC15NO6,98,C,5.091837406158447,-0.6415385007858276,6.049705505371094,1.0,True
2,finetune_000140_v00,finetune_000140,PrC15NO6,99,C,4.0855560302734375,-1.022742509841919,4.9829206466674805,1.0,True
2,finetune_000140_v00,finetune_000140,PrC15NO6,100,C,6.01973295211792,-1.506220817565918,3.485200881958008,0.9599878037168246,True
2,finetune_000140_v00,finetune_000140,PrC15NO6,101,C,6.522892951965332,-1.961806058883667,2.263266086578369,1.0,True
2,finetune_000140_v00,finetune_000140,PrC15NO6,102,C,5.664102554321289,-2.3523077964782715,1.2818723917007446,1.0,True
2,finetune_000140_v00,finetune_000140,PrC15NO6,103,C,4.281071662902832,-2.231438159942627,1.4827860593795776,1.0,True
2,finetune_000140_v00,finetune_000140,PrC15NO6,104,C,3.8163533210754395,-1.747959852218628,2.7050580978393555,1.0,True
2,finetune_000140_v00,finetune_000140,PrC15NO6,105,C,6.198789596557617,-2.9659533500671387,-0.01147074718028307,1.0,True
2,finetune_000140_v00,finetune_000140,PrC15NO6,106,N,4.7012224197387695,-1.422541856765747,3.6824514865875244,1.0,True
2,finetune_000140_v00,finetune_000140,PrC15NO6,107,O,5.316100120544434,-3.328562021255493,-0.8187128901481628,1.0,True
2,finetune_000140_v00,finetune_000140,PrC15NO6,108,O,3.1936991214752197,-3.356454849243164,-2.884878635406494,0.9199170706483911,True
2,finetune_000016_v00,finetune_000016,ErH4(CO2)4,0,O,-3.244987726211548,-5.212904453277588,-4.668946743011475,0.8799346490369917,True
2,finetune_000016_v00,finetune_000016,ErH4(CO2)4,1,Er,-3.9366891384124756,-6.179912567138672,3.1335740089416504,0.919949587190382,True
2,finetune_000016_v00,finetune_000016,ErH4(CO2)4,2,H,-3.4066002368927,-4.997054576873779,-0.13577014207839966,0.9599491785942313,True
2,finetune_000016_v00,finetune_000016,ErH4(CO2)4,3,C,-5.798464298248291,-4.245896339416504,2.1254661083221436,0.9599700368230706,True
2,finetune_000016_v00,finetune_000016,ErH4(CO2)4,4,O,-5.688568115234375,-5.290610313415527,1.4570732116699219,0.8799086615632842,True
2,finetune_000016_v00,finetune_000016,ErH4(CO2)4,5,O,-3.244987726211548,-5.212904453277588,5.086053371429443,0.9599683003944797,True
2,finetune_000016_v00,finetune_000016,ErH4(CO2)4,6,H,-4.0789079666137695,-3.598346471786499,-4.326478958129883,0.9199134693814189,False
2,finetune_000016_v00,finetune_000016,ErH4(CO2)4,7,O,-3.7168960571289062,0.5028035044670105,-5.304851531982422,0.9599843834855655,True
2,finetune_000016_v00,finetune_000016,ErH4(CO2)4,8,O,-3.244987726211548,3.421095609664917,-4.668946743011475,0.9599657108225775,True
2,finetune_000016_v00,finetune_000016,ErH4(CO2)4,9,Er,-3.9366891384124756,2.454087495803833,3.1335740089416504,0.9599812767505895,True
2,finetune_000016_v00,finetune_000016,ErH4(CO2)4,10,H,-6.373804569244385,-3.58107852935791,1.8248392343521118,0.959950077967378,True
2,finetune_000016_v00,finetune_000016,ErH4(CO2)4,11,H,-4.0789079666137695,-3.598346471786499,5.428521156311035,0.9599656320769239,True
2,finetune_000016_v00,finetune_000016,ErH4(CO2)4,12,H,-3.4066002368927,3.6369454860687256,-0.13577014207839966,0.9607373448633932,True
2,finetune_000016_v00,finetune_000016,ErH4(CO2)4,13,H,-5.494633197784424,-1.9406185150146484,-0.14707277715206146,0.9599651190332666,True
2,finetune_000016_v00,finetune_000016,ErH4(CO2)4,14,H,-6.554810523986816,0.7359215021133423,1.0653855800628662,0.959962846648067,True
2,finetune_000016_v00,finetune_000016,ErH4(CO2)4,15,C,-3.529425621032715,-0.11884447187185287,1.00375235080719,0.959959077748006,True
2,finetune_000016_v00,finetune_000016,ErH4(CO2)4,16,C,-5.798464298248291,4.388103485107422,2.1254661083221436,0.959953464012644,True
2,finetune_000016_v00,finetune_000016,ErH4(CO2)4,17,C,-3.4066002368927,-4.1681904792785645,-4.02801513671875,0.9599684179085124,True
2,finetune_000016_v00,finetune_000016,ErH4(CO2)4,18,C,-5.740283966064453,-2.294612407684326,-0.9701178073883057,0.9599699902965948,True
2,finetune_000016_v00,finetune_000016,ErH4(CO2)4,19,C,-7.13015079498291,0.0711035281419754,0.764758825302124,0.959968920172724,True
2,finetune_000016_v00,finetune_000016,ErH4(CO2)4,20,O,-3.7168960571289062,0.5028035044670105,4.450148582458496,0.8799500246945271,True
2,finetune_000016_v00,finetune_000016,ErH4(CO2)4,21,O,-4.027192115783691,0.8999675512313843,1.4954521656036377,0.9599833030131553,True
2,finetune_000016_v00,finetune_000016,ErH4(CO2)4,22,O,-3.6005351543426514,-0.42966845631599426,-0.1899740993976593,0.9599648123970579,True
2,finetune_000016_v00,finetune_000016,ErH4(CO2)4,23,O,-5.992399215698242,1.8065375089645386,3.934467077255249,0.9599817740829212,True
2,finetune_000016_v00,finetune_000016,ErH4(CO2)4,24,O,-5.688568115234375,3.3433895111083984,1.4570732116699219,0.959982844459479,True
2,finetune_000016_v00,finetune_000016,ErH4(CO2)4,25,O,-5.14555025100708,-4.055948257446289,3.1891543865203857,1.0,True
2,finetune_000016_v00,finetune_000016,ErH4(CO2)4,26,O,-3.244987726211548,3.421095609664917,5.086053371429443,1.0,True
2,finetune_000016_v00,finetune_000016,ErH4(CO2)4,27,O,-6.936215877532959,-2.510462522506714,-1.044242262840271,0.9599656320769239,True
2,finetune_000016_v00,finetune_000016,ErH4(CO2)4,28,O,-4.815860748291016,-2.4241225719451904,-1.703503966331482,1.0,True
2,finetune_000016_v00,finetune_000016,ErH4(CO2)4,29,O,-7.240047454833984,-0.9736104607582092,1.4233965873718262,1.0,True
2,finetune_000016_v00,finetune_000016,ErH4(CO2)4,30,O,-7.783065319061279,0.2610515356063843,-0.29892951250076294,1.0,True
2,finetune_000016_v00,finetune_000016,ErH4(CO2)4,31,C,-3.4066002368927,-4.1681904792785645,5.726984977722168,1.0,True
2,finetune_000016_v00,finetune_000016,ErH4(CO2)4,32,H,-4.0789079666137695,5.035653591156006,-4.326478958129883,1.0,True
2,finetune_000016_v00,finetune_000016,ErH4(CO2)4,33,C,-3.4066002368927,4.465809345245361,-4.02801513671875,0.9199369348380984,True
2,finetune_000016_v00,finetune_000016,ErH4(CO2)4,34,O,-5.14555025100708,4.578051567077637,3.1891543865203857,1.0,True
2,finetune_000016_v00,finetune_000016,ErH4(CO2)4,35,Er,2.527808904647827,-6.179912567138672,1.6887060403823853,1.0,True
2,finetune_000016_v00,finetune_000016,ErH4(CO2)4,36,H,-0.9694845676422119,-6.257618427276611,1.5924296379089355,1.0,True
2,finetune_000016_v00,finetune_000016,ErH4(CO2)4,37,H,3.0578975677490234,-4.997054576873779,-1.5806381702423096,1.0,True
2,finetune_000016_v00,finetune_000016,ErH4(CO2)4,38,H,-0.09031283855438232,-7.898078441619873,-0.3794824182987213,1.0,True
2,finetune_000016_v00,finetune_000016,ErH4(CO2)4,39,C,-0.7238336205482483,-6.611612319946289,2.4154746532440186,0.959959077748006,True
2,finetune_000016_v00,finetune_000016,ErH4(CO2)4,40,C,0.6660333871841431,-4.245896339416504,0.6805980205535889,1.0,True
2,finetune_000016_v00,finetune_000016,ErH4(CO2)4,41,C,-2.934691905975342,-4.427210330963135,0.43184947967529297,1.0,True
2,finetune_000016_v00,finetune_000016,ErH4(CO2)4,42,O,0.4720984697341919,-6.827462673187256,2.4895989894866943,1.0,True
2,finetune_000016_v00,finetune_000016,ErH4(CO2)4,43,O,-1.648256778717041,-6.741122245788574,3.1488606929779053,1.0,True
2,finetune_000016_v00,finetune_000016,ErH4(CO2)4,44,O,0.775929868221283,-5.290610313415527,0.012205255217850208,1.0,True
2,finetune_000016_v00,finetune_000016,ErH4(CO2)4,45,O,3.219510078430176,-5.212904453277588,3.6411850452423096,1.0,True
2,finetune_000016_v00,finetune_000016,ErH4(CO2)4,46,O,-2.8635823726654053,-4.746668338775635,1.6450859308242798,1.0,True
2,finetune_000016_v00,finetune_000016,ErH4(CO2)4,47,H,2.385589838027954,-3.598346471786499,-5.7713470458984375,1.0,True
2,finetune_000016_v00,finetune_000016,ErH4(CO2)4,48,C,-3.0575172901153564,0.1488095223903656,-4.281628131866455,1.0,True
2,finetune_000016_v00,finetune_000016,ErH4(CO2)4,49,C,-0.7238336205482483,2.0223875045776367,-7.33952522277832,1.0,True
2,finetune_000016_v00,finetune_000016,ErH4(CO2)4,50,O,2.7476017475128174,0.5028035044670105,-6.749719619750977,1.0,True
2,finetune_000016_v00,finetune_000016,ErH4(CO2)4,51,O,0.4720984697341919,1.8065375089645386,-7.2654008865356445,1.0,True
2,finetune_000016_v00,finetune_000016,ErH4(CO2)4,52,O,-1.648256778717041,1.8928775787353516,-6.606139183044434,1.0,True
2,finetune_000016_v00,finetune_000016,ErH4(CO2)4,53,O,3.219510078430176,3.421095609664917,-6.113814830780029,1.0,True
2,finetune_000016_v00,finetune_000016,ErH4(CO2)4,54,Er,2.527808904647827,2.454087495803833,1.6887060403823853,1.0,True
2,finetune_000016_v00,finetune_000016,ErH4(CO2)4,55,Er,-2.52742862701416,-1.8629124164581299,-1.6882171630859375,1.0,True
2,finetune_000016_v00,finetune_000016,ErH4(CO2)4,56,H,-2.385209560394287,0.7186535000801086,-3.9831643104553223,1.0,True
2,finetune_000016_v00,finetune_000016,ErH4(CO2)4,57,H,-3.0575172901153564,-0.6800544857978821,1.5811269283294678,1.0,True
2,finetune_000016_v00,finetune_000016,ErH4(CO2)4,58,H,-0.9694845676422119,2.3763816356658936,1.5924296379089355,1.0,True
2,finetune_000016_v00,finetune_000016,ErH4(CO2)4,59,H,0.09069310128688812,-3.58107852935791,0.3799712657928467,1.0,True
2,finetune_000016_v00,finetune_000016,ErH4(CO2)4,60,H,2.385589838027954,-3.598346471786499,3.9836530685424805,1.0,True
2,finetune_000016_v00,finetune_000016,ErH4(CO2)4,61,H,3.0578975677490234,3.6369454860687256,-1.5806381702423096,0.9599486569843609,False
2,finetune_000016_v00,finetune_000016,ErH4(CO2)4,62,H,0.9698647856712341,-1.9406185150146484,-1.5919407606124878,1.0,True
2,finetune_000016_v00,finetune_000016,ErH4(CO2)4,63,H,-0.09031283855438232,0.7359215021133423,-0.3794824182987213,1.0,True
2,finetune_000016_v00,finetune_000016,ErH4(CO2)4,64,C,-3.0575172901153564,0.1488095223903656,5.473371982574463,1.0,True
2,finetune_000016_v00,finetune_000016,ErH4(CO2)4,65,C,2.935072183609009,-0.11884447187185287,-0.4411156475543976,1.0,True
2,finetune_000016_v00,finetune_000016,ErH4(CO2)4,66,C,-0.7238336205482483,2.0223875045776367,2.4154746532440186,1.0,True
2,finetune_000016_v00,finetune_000016,ErH4(CO2)4,67,C,0.6660333871841431,4.388103485107422,0.6805980205535889,1.0,True
2,finetune_000016_v00,finetune_000016,ErH4(CO2)4,68,C,3.0578975677490234,-4.1681904792785645,-5.472883224487305,1.0,True
2,finetune_000016_v00,finetune_000016,ErH4(CO2)4,69,C,-2.934691905975342,4.206789493560791,0.43184947967529297,1.0,True
2,finetune_000016_v00,finetune_000016,ErH4(CO2)4,70,C,0.7242138981819153,-2.294612407684326,-2.4149858951568604,1.0,True
2,finetune_000016_v00,finetune_000016,ErH4(CO2)4,71,C,-0.6656531691551208,0.0711035281419754,-0.6801092028617859,1.0,True
2,finetune_000016_v00,finetune_000016,ErH4(CO2)4,72,O,2.7476017475128174,0.5028035044670105,3.0052804946899414,1.0,True
2,finetune_000016_v00,finetune_000016,ErH4(CO2)4,73,O,-3.219129800796509,-0.8959044814109802,-3.6406962871551514,1.0,True
2,finetune_000016_v00,finetune_000016,ErH4(CO2)4,74,O,2.4373059272766113,0.8999675512313843,0.050584178417921066,1.0,True
2,finetune_000016_v00,finetune_000016,ErH4(CO2)4,75,O,2.8639626502990723,-0.42966845631599426,-1.6348421573638916,1.0,True
2,finetune_000016_v00,finetune_000016,ErH4(CO2)4,76,O,0.4720984697341919,1.8065375089645386,2.4895989894866943,1.0,True
2,finetune_000016_v00,finetune_000016,ErH4(CO2)4,77,O,-1.648256778717041,1.8928775787353516,3.1488606929779053,1.0,True
2,finetune_000016_v00,finetune_000016,ErH4(CO2)4,78,O,0.775929868221283,3.3433895111083984,0.012205255217850208,1.0,True
2,finetune_000016_v00,finetune_000016,ErH4(CO2)4,79,O,1.318947672843933,-4.055948257446289,1.744286298751831,1.0,True
2,finetune_000016_v00,finetune_000016,ErH4(CO2)4,80,O,-2.75368595123291,-3.8141965866088867,-3.0033469200134277,1.0,True
2,finetune_000016_v00,finetune_000016,ErH4(CO2)4,81,O,3.219510078430176,3.421095609664917,3.6411850452423096,1.0,True
2,finetune_000016_v00,finetune_000016,ErH4(CO2)4,82,O,-2.4369256496429443,-3.425666570663452,-0.050095345824956894,0.959982844459479,True
2,finetune_000016_v00,finetune_000016,ErH4(CO2)4,83,O,-2.8635823726654053,3.887331485748291,1.6450859308242798,1.0,True
2,finetune_000016_v00,finetune_000016,ErH4(CO2)4,84,O,-0.4717182219028473,-2.510462522506714,-2.489110231399536,1.0,True
2,finetune_000016_v00,finetune_000016,ErH4(CO2)4,85,O,1.648637056350708,-2.4241225719451904,-3.148371934890747,1.0,True
2,finetune_000016_v00,finetune_000016,ErH4(CO2)4,86,O,-0.775549590587616,-0.9736104607582092,-0.021471424028277397,1.0,True
2,finetune_000016_v00,finetune_000016,ErH4(CO2)4,87,O,-1.3185673952102661,0.2610515356063843,-1.7437975406646729,1.0,True
2,finetune_000016_v00,finetune_000016,ErH4(CO2)4,88,H,-2.385209560394287,0.7186535000801086,5.771835803985596,0.959953464012644,True
2,finetune_000016_v00,finetune_000016,ErH4(CO2)4,89,C,3.0578975677490234,-4.1681904792785645,4.282116889953613,1.0,True
2,finetune_000016_v00,finetune_000016,ErH4(CO2)4,90,C,0.7242138981819153,-2.294612407684326,7.3400139808654785,1.0,True
2,finetune_000016_v00,finetune_000016,ErH4(CO2)4,91,O,-3.219129800796509,-0.8959044814109802,6.1143035888671875,1.0,True
2,finetune_000016_v00,finetune_000016,ErH4(CO2)4,92,O,-0.4717182219028473,-2.510462522506714,7.265889644622803,0.9599833906684614,True
2,finetune_000016_v00,finetune_000016,ErH4(CO2)4,93,O,1.648637056350708,-2.4241225719451904,6.606627941131592,1.0,True
2,finetune_000016_v00,finetune_000016,ErH4(CO2)4,94,Er,-2.52742862701416,6.771087646484375,-1.6882171630859375,1.0,True
2,finetune_000016_v00,finetune_000016,ErH4(CO2)4,95,H,0.09069310128688812,5.052921295166016,0.3799712657928467,1.0,True
2,finetune_000016_v00,finetune_000016,ErH4(CO2)4,96,H,2.385589838027954,5.035653591156006,3.9836530685424805,1.0,True
2,finetune_000016_v00,finetune_000016,ErH4(CO2)4,97,H,0.9698647856712341,6.693381309509277,-1.5919407606124878,1.0,True
2,finetune_000016_v00,finetune_000016,ErH4(CO2)4,98,C,3.0578975677490234,4.465809345245361,-5.472883224487305,1.0,True
2,finetune_000016_v00,finetune_000016,ErH4(CO2)4,99,C,0.7242138981819153,6.3393874168396,-2.4149858951568604,1.0,True
2,finetune_000016_v00,finetune_000016,ErH4(CO2)4,100,O,1.318947672843933,4.578051567077637,1.744286298751831,1.0,True
2,finetune_000016_v00,finetune_000016,ErH4(CO2)4,101,O,-2.75368595123291,4.819803714752197,-3.0033469200134277,1.0,True
2,finetune_000016_v00,finetune_000016,ErH4(CO2)4,102,O,-2.4369256496429443,5.208333492279053,-0.050095345824956894,1.0,True
2,finetune_000016_v00,finetune_000016,ErH4(CO2)4,103,O,-0.4717182219028473,6.123537540435791,-2.489110231399536,1.0,True
2,finetune_000016_v00,finetune_000016,ErH4(CO2)4,104,O,1.648637056350708,6.2098774909973145,-3.148371934890747,1.0,True
2,finetune_000016_v00,finetune_000016,ErH4(CO2)4,105,O,-0.775549590587616,7.660389423370361,-0.021471424028277397,0.9599812767505895,True
2,finetune_000016_v00,finetune_000016,ErH4(CO2)4,106,C,3.0578975677490234,4.465809345245361,4.282116889953613,1.0,True
2,finetune_000016_v00,finetune_000016,ErH4(CO2)4,107,C,3.529805898666382,-4.427210330963135,-1.0130184888839722,1.0,True
2,finetune_000016_v00,finetune_000016,ErH4(CO2)4,108,O,3.6009154319763184,-4.746668338775635,0.20021793246269226,1.0,True
2,finetune_000016_v00,finetune_000016,ErH4(CO2)4,109,C,3.406980514526367,0.1488095223903656,-5.72649621963501,0.959950077967378,True
2,finetune_000016_v00,finetune_000016,ErH4(CO2)4,110,Er,3.9370694160461426,-1.8629124164581299,-3.133085250854492,0.9599817740829212,True
2,finetune_000016_v00,finetune_000016,ErH4(CO2)4,111,H,4.079288482666016,0.7186535000801086,-5.428032398223877,1.0,True
2,finetune_000016_v00,finetune_000016,ErH4(CO2)4,112,H,3.406980514526367,-0.6800544857978821,0.13625897467136383,1.0,True
2,finetune_000016_v00,finetune_000016,ErH4(CO2)4,113,H,5.495013236999512,2.3763816356658936,0.14756160974502563,1.0,True
2,finetune_000016_v00,finetune_000016,ErH4(CO2)4,114,H,6.5551910400390625,-3.58107852935791,-1.0648967027664185,1.0,True
2,finetune_000016_v00,finetune_000016,ErH4(CO2)4,115,H,6.374185085296631,0.7359215021133423,-1.8243504762649536,0.9599657108225775,True
2,finetune_000016_v00,finetune_000016,ErH4(CO2)4,116,C,3.406980514526367,0.1488095223903656,4.028503894805908,0.9599491785942313,True
2,finetune_000016_v00,finetune_000016,ErH4(CO2)4,117,C,5.740664005279541,2.0223875045776367,0.9706066250801086,1.0,True
2,finetune_000016_v00,finetune_000016,ErH4(CO2)4,118,C,3.529805898666382,4.206789493560791,-1.0130184888839722,1.0,True
2,finetune_000016_v00,finetune_000016,ErH4(CO2)4,119,C,5.798844814300537,0.0711035281419754,-2.1249771118164062,1.0,True
2,finetune_000016_v00,finetune_000016,ErH4(CO2)4,120,O,3.245368003845215,-0.8959044814109802,-5.085564136505127,1.0,True
2,finetune_000016_v00,finetune_000016,ErH4(CO2)4,121,O,6.936596393585205,1.8065375089645386,1.0447310209274292,0.9599844681571156,True
2,finetune_000016_v00,finetune_000016,ErH4(CO2)4,122,O,4.816241264343262,1.8928775787353516,1.7039927244186401,0.9599684179085124,True
2,finetune_000016_v00,finetune_000016,ErH4(CO2)4,123,O,3.7108118534088135,-3.8141965866088867,-4.448215007781982,0.959962846648067,True
2,finetune_000016_v00,finetune_000016,ErH4(CO2)4,124,O,4.027572154998779,-3.425666570663452,-1.4949634075164795,1.0,True
2,finetune_000016_v00,finetune_000016,ErH4(CO2)4,125,O,3.6009154319763184,3.887331485748291,0.20021793246269226,1.0,True
2,finetune_000016_v00,finetune_000016,ErH4(CO2)4,126,O,5.992779731750488,-2.510462522506714,-3.933978319168091,1.0,True
2,finetune_000016_v00,finetune_000016,ErH4(CO2)4,127,O,5.688948154449463,-0.9736104607582092,-1.4663394689559937,1.0,True
2,finetune_000016_v00,finetune_000016,ErH4(CO2)4,128,O,5.145930290222168,0.2610515356063843,-3.1886656284332275,1.0,True
2,finetune_000016_v00,finetune_000016,ErH4(CO2)4,129,Er,3.9370694160461426,-1.8629124164581299,6.621914863586426,1.0,True
2,finetune_000016_v00,finetune_000016,ErH4(CO2)4,130,H,4.079288482666016,0.7186535000801086,4.326967716217041,1.0,True
2,finetune_000016_v00,finetune_000016,ErH4(CO2)4,131,O,3.245368003845215,-0.8959044814109802,4.669435501098633,1.0,True
2,finetune_000016_v00,finetune_000016,ErH4(CO2)4,132,O,3.7108118534088135,-3.8141965866088867,5.3067851066589355,1.0,True
2,finetune_000016_v00,finetune_000016,ErH4(CO2)4,133,O,3.7108118534088135,4.819803714752197,-4.448215007781982,1.0,True
2,finetune_000016_v00,finetune_000016,ErH4(CO2)4,134,O,4.027572154998779,5.208333492279053,-1.4949634075164795,1.0,True
2,finetune_000248_v00,finetune_000248,YH4(CO2)4,0,O,-6.224400520324707,-4.140199184417725,1.533112645149231,0.9599736252263252,True
2,finetune_000248_v00,finetune_000248,YH4(CO2)4,1,O,-6.023613452911377,-4.571506023406982,-1.1520816087722778,0.9599696312684329,True
2,finetune_000248_v00,finetune_000248,YH4(CO2)4,2,O,-3.5765204429626465,-5.9330830574035645,-1.1693636178970337,0.959970826634535,True
2,finetune_000248_v00,finetune_000248,YH4(CO2)4,3,O,-3.6267170906066895,-5.264979839324951,1.7351329326629639,0.959982362707086,True
2,finetune_000248_v00,finetune_000248,YH4(CO2)4,4,H,-4.2416276931762695,-1.865265965461731,-6.221138000488281,0.9599605395917293,True
2,finetune_000248_v00,finetune_000248,YH4(CO2)4,5,C,-3.9216232299804688,-1.865265965461731,-5.349084854125977,0.9199480371451048,True
2,finetune_000248_v00,finetune_000248,YH4(CO2)4,6,O,-4.7561445236206055,-2.025949001312256,-4.439626216888428,0.9599909230034774,True
2,finetune_000248_v00,finetune_000248,YH4(CO2)4,7,O,-6.525580883026123,-0.3430059850215912,-2.926715850830078,0.9599832440424727,True
2,finetune_000248_v00,finetune_000248,YH4(CO2)4,8,Y,-5.3773298263549805,2.363234043121338,0.4234199523925781,0.9199746715092972,True
2,finetune_000248_v00,finetune_000248,YH4(CO2)4,9,H,-5.87302303314209,4.096919059753418,3.3330445289611816,0.9599573898345651,True
2,finetune_000248_v00,finetune_000248,YH4(CO2)4,10,H,-6.67617130279541,-0.13158096373081207,2.3721578121185303,0.9599683434064251,True
2,finetune_000248_v00,finetune_000248,YH4(CO2)4,11,H,-3.143573045730591,-3.5989508628845215,1.0901663303375244,0.9599573194260993,True
2,finetune_000248_v00,finetune_000248,YH4(CO2)4,12,H,-4.2416276931762695,-1.865265965461731,3.562861919403076,0.9599588099110887,True
2,finetune_000248_v00,finetune_000248,YH4(CO2)4,13,H,-7.617361068725586,0.24898402392864227,-1.55210542678833,0.9599605437681702,True
2,finetune_000248_v00,finetune_000248,YH4(CO2)4,14,H,-4.931833267211914,-3.97951602935791,-2.5266921520233154,0.9599585432030787,True
2,finetune_000248_v00,finetune_000248,YH4(CO2)4,15,C,-6.230674743652344,-3.7680909633636475,2.709469795227051,0.919926712723536,True
2,finetune_000248_v00,finetune_000248,YH4(CO2)4,16,C,-6.318519115447998,0.460409015417099,2.9957327842712402,0.9199290619450908,True
2,finetune_000248_v00,finetune_000248,YH4(CO2)4,17,C,-3.2627904415130615,0.03755902871489525,1.632414698600769,0.9199146060346511,False
2,finetune_000248_v00,finetune_000248,YH4(CO2)4,18,C,-3.9216232299804688,-1.865265965461731,4.434915065765381,0.9599655384797375,True
2,finetune_000248_v00,finetune_000248,YH4(CO2)4,19,C,-6.745192050933838,0.24898402392864227,-1.868618369102478,0.9599657532407486,True
2,finetune_000248_v00,finetune_000248,YH4(CO2)4,20,C,-5.804002285003662,-3.97951602935791,-2.210179090499878,0.9599705349541827,True
2,finetune_000248_v00,finetune_000248,YH4(CO2)4,21,O,-4.7561445236206055,-2.025949001312256,5.34437370300293,0.9599692835080186,True
2,finetune_000248_v00,finetune_000248,YH4(CO2)4,22,O,-6.224400520324707,4.316801071166992,1.533112645149231,0.9599708665987531,True
2,finetune_000248_v00,finetune_000248,YH4(CO2)4,23,O,-6.6636223793029785,-2.69405198097229,3.1503236293792725,0.9599668604347924,True
2,finetune_000248_v00,finetune_000248,YH4(CO2)4,24,O,-6.023613452911377,3.8854939937591553,-1.1520816087722778,1.0,True
2,finetune_000248_v00,finetune_000248,YH4(CO2)4,25,O,-6.324793815612793,0.08830103278160095,4.172089576721191,1.0,True
2,finetune_000248_v00,finetune_000248,YH4(CO2)4,26,O,-5.8855719566345215,1.5344480276107788,2.5548787117004395,1.0,True
2,finetune_000248_v00,finetune_000248,YH4(CO2)4,27,O,-4.022016525268555,0.4096670150756836,0.733860433101654,1.0,True
2,finetune_000248_v00,finetune_000248,YH4(CO2)4,28,O,-3.5765204429626465,2.5239169597625732,-1.1693636178970337,0.9599705349541827,True
2,finetune_000248_v00,finetune_000248,YH4(CO2)4,29,O,-5.898121356964111,0.8409740328788757,-1.1976231336593628,1.0,True
2,finetune_000248_v00,finetune_000248,YH4(CO2)4,30,O,-3.6267170906066895,3.1920199394226074,1.7351329326629639,1.0,True
2,finetune_000248_v00,finetune_000248,YH4(CO2)4,31,H,-3.143573045730591,4.858048915863037,1.0901663303375244,1.0,True
2,finetune_000248_v00,finetune_000248,YH4(CO2)4,32,H,-4.931833267211914,4.477484226226807,-2.5266921520233154,1.0,True
2,finetune_000248_v00,finetune_000248,YH4(CO2)4,33,C,-5.804002285003662,4.477484226226807,-2.210179090499878,0.959970826634535,True
2,finetune_000248_v00,finetune_000248,YH4(CO2)4,34,Y,0.8972674012184143,-6.093765735626221,-1.8536518812179565,0.9599824986653672,True
2,finetune_000248_v00,finetune_000248,YH4(CO2)4,35,H,0.4015742242336273,-4.360081195831299,1.0559728145599365,1.0,True
2,finetune_000248_v00,finetune_000248,YH4(CO2)4,36,H,-2.0329694747924805,-6.093765735626221,-0.13473132252693176,1.0,True
2,finetune_000248_v00,finetune_000248,YH4(CO2)4,37,C,-3.0118067264556885,-4.190940856933594,1.7957159280776978,1.0,True
2,finetune_000248_v00,finetune_000248,YH4(CO2)4,38,C,-2.3529739379882812,-6.093765735626221,-1.0067846775054932,1.0,True
2,finetune_000248_v00,finetune_000248,YH4(CO2)4,39,O,0.050196778029203415,-4.140199184417725,-0.7439591884613037,0.959982362707086,True
2,finetune_000248_v00,finetune_000248,YH4(CO2)4,40,O,-1.518452525138855,-6.262906074523926,-1.9162431955337524,1.0,True
2,finetune_000248_v00,finetune_000248,YH4(CO2)4,41,O,0.2509838938713074,-4.571506023406982,-3.4291534423828125,1.0,True
2,finetune_000248_v00,finetune_000248,YH4(CO2)4,42,O,0.3890250325202942,-6.922552108764648,0.27780696749687195,1.0,True
2,finetune_000248_v00,finetune_000248,YH4(CO2)4,43,O,2.6980767250061035,-5.9330830574035645,-3.4464354515075684,1.0,True
2,finetune_000248_v00,finetune_000248,YH4(CO2)4,44,O,2.6478800773620605,-5.264979839324951,-0.5419389009475708,1.0,True
2,finetune_000248_v00,finetune_000248,YH4(CO2)4,45,O,0.2509838938713074,-4.571506023406982,6.354846477508545,1.0,True
2,finetune_000248_v00,finetune_000248,YH4(CO2)4,46,Y,-0.8972674012184143,-1.865265965461731,-6.779289245605469,1.0,True
2,finetune_000248_v00,finetune_000248,YH4(CO2)4,47,O,1.518452525138855,-2.025949001312256,-6.716698169708252,1.0,True
2,finetune_000248_v00,finetune_000248,YH4(CO2)4,48,O,-0.2509838938713074,-0.3430059850215912,-5.203787803649902,1.0,True
2,finetune_000248_v00,finetune_000248,YH4(CO2)4,49,O,-0.050196778029203415,0.08830103278160095,-7.888981819152832,1.0,True
2,finetune_000248_v00,finetune_000248,YH4(CO2)4,50,O,-2.6980767250061035,-1.704582929611206,-5.1865057945251465,1.0,True
2,finetune_000248_v00,finetune_000248,YH4(CO2)4,51,O,-0.37647584080696106,-3.387526035308838,-5.1582465171813965,1.0,True
2,finetune_000248_v00,finetune_000248,YH4(CO2)4,52,Y,-0.8972674012184143,-1.865265965461731,3.0047106742858887,1.0,True
2,finetune_000248_v00,finetune_000248,YH4(CO2)4,53,Y,0.8972674012184143,2.363234043121338,-1.8536518812179565,1.0,True
2,finetune_000248_v00,finetune_000248,YH4(CO2)4,54,H,0.4015742242336273,4.096919059753418,1.0559728145599365,1.0,True
2,finetune_000248_v00,finetune_000248,YH4(CO2)4,55,H,-0.4015742242336273,-0.13158096373081207,0.095086008310318,1.0,True
2,finetune_000248_v00,finetune_000248,YH4(CO2)4,56,H,-3.13102388381958,0.6295490264892578,2.3379642963409424,1.0,True
2,finetune_000248_v00,finetune_000248,YH4(CO2)4,57,H,3.13102388381958,-3.5989508628845215,-1.1869053840637207,1.0,True
2,finetune_000248_v00,finetune_000248,YH4(CO2)4,58,H,2.0329694747924805,-1.865265965461731,1.285790205001831,1.0,True
2,finetune_000248_v00,finetune_000248,YH4(CO2)4,59,H,-2.0329694747924805,2.363234043121338,-0.13473132252693176,1.0,True
2,finetune_000248_v00,finetune_000248,YH4(CO2)4,60,H,-1.3427637815475464,0.24898402392864227,-3.829177141189575,1.0,True
2,finetune_000248_v00,finetune_000248,YH4(CO2)4,61,H,1.3427637815475464,-3.97951602935791,-4.8037638664245605,0.9599572866085518,False
2,finetune_000248_v00,finetune_000248,YH4(CO2)4,62,C,0.04392217844724655,-3.7680909633636475,0.43239790201187134,0.9599657532407486,True
2,finetune_000248_v00,finetune_000248,YH4(CO2)4,63,C,-0.04392217844724655,0.460409015417099,0.7186608910560608,1.0,True
2,finetune_000248_v00,finetune_000248,YH4(CO2)4,64,C,3.0118067264556885,0.03755902871489525,-0.6446570754051208,1.0,True
2,finetune_000248_v00,finetune_000248,YH4(CO2)4,65,C,-3.0118067264556885,4.266058921813965,1.7957159280776978,1.0,True
2,finetune_000248_v00,finetune_000248,YH4(CO2)4,66,C,2.3529739379882812,-1.865265965461731,2.157843589782715,1.0,True
2,finetune_000248_v00,finetune_000248,YH4(CO2)4,67,C,-2.3529739379882812,2.363234043121338,-1.0067846775054932,1.0,True
2,finetune_000248_v00,finetune_000248,YH4(CO2)4,68,C,-0.4705947935581207,0.24898402392864227,-4.145690441131592,1.0,True
2,finetune_000248_v00,finetune_000248,YH4(CO2)4,69,C,0.4705947935581207,-3.97951602935791,-4.487250804901123,1.0,True
2,finetune_000248_v00,finetune_000248,YH4(CO2)4,70,O,1.518452525138855,-2.025949001312256,3.0673019886016846,1.0,True
2,finetune_000248_v00,finetune_000248,YH4(CO2)4,71,O,-0.2509838938713074,-0.3430059850215912,4.580212116241455,1.0,True
2,finetune_000248_v00,finetune_000248,YH4(CO2)4,72,O,0.050196778029203415,4.316801071166992,-0.7439591884613037,1.0,True
2,finetune_000248_v00,finetune_000248,YH4(CO2)4,73,O,-0.3890250325202942,-2.69405198097229,0.8732518553733826,1.0,True
2,finetune_000248_v00,finetune_000248,YH4(CO2)4,74,O,-1.518452525138855,2.194093942642212,-1.9162431955337524,1.0,True
2,finetune_000248_v00,finetune_000248,YH4(CO2)4,75,O,0.2509838938713074,3.8854939937591553,-3.4291534423828125,1.0,True
2,finetune_000248_v00,finetune_000248,YH4(CO2)4,76,O,-0.050196778029203415,0.08830103278160095,1.8950179815292358,1.0,True
2,finetune_000248_v00,finetune_000248,YH4(CO2)4,77,O,0.3890250325202942,1.5344480276107788,0.27780696749687195,1.0,True
2,finetune_000248_v00,finetune_000248,YH4(CO2)4,78,O,-2.6980767250061035,-1.704582929611206,4.597494125366211,1.0,True
2,finetune_000248_v00,finetune_000248,YH4(CO2)4,79,O,-0.37647584080696106,-3.387526035308838,4.625753879547119,1.0,True
2,finetune_000248_v00,finetune_000248,YH4(CO2)4,80,O,2.252580404281616,0.4096670150756836,-1.5432113409042358,1.0,True
2,finetune_000248_v00,finetune_000248,YH4(CO2)4,81,O,-2.6478800773620605,-1.0364799499511719,1.692997694015503,1.0,True
2,finetune_000248_v00,finetune_000248,YH4(CO2)4,82,O,2.6980767250061035,2.5239169597625732,-3.4464354515075684,1.0,True
2,finetune_000248_v00,finetune_000248,YH4(CO2)4,83,O,0.37647584080696106,0.8409740328788757,-3.4746949672698975,1.0,True
2,finetune_000248_v00,finetune_000248,YH4(CO2)4,84,O,-2.252580404281616,-3.8188328742980957,2.694270133972168,1.0,True
2,finetune_000248_v00,finetune_000248,YH4(CO2)4,85,O,2.6478800773620605,3.1920199394226074,-0.5419389009475708,1.0,True
2,finetune_000248_v00,finetune_000248,YH4(CO2)4,86,H,-1.3427637815475464,0.24898402392864227,5.954822540283203,1.0,True
2,finetune_000248_v00,finetune_000248,YH4(CO2)4,87,H,1.3427637815475464,-3.97951602935791,4.980236053466797,1.0,True
2,finetune_000248_v00,finetune_000248,YH4(CO2)4,88,C,-0.4705947935581207,0.24898402392864227,5.638309955596924,1.0,True
2,finetune_000248_v00,finetune_000248,YH4(CO2)4,89,C,0.4705947935581207,-3.97951602935791,5.296749114990234,1.0,True
2,finetune_000248_v00,finetune_000248,YH4(CO2)4,90,O,0.2509838938713074,3.8854939937591553,6.354846477508545,1.0,True
2,finetune_000248_v00,finetune_000248,YH4(CO2)4,91,O,2.6980767250061035,2.5239169597625732,6.337564468383789,0.9599832440424727,True
2,finetune_000248_v00,finetune_000248,YH4(CO2)4,92,O,0.37647584080696106,0.8409740328788757,6.309305191040039,1.0,True
2,finetune_000248_v00,finetune_000248,YH4(CO2)4,93,O,-0.37647584080696106,5.069474220275879,-5.1582465171813965,1.0,True
2,finetune_000248_v00,finetune_000248,YH4(CO2)4,94,Y,-0.8972674012184143,6.591733932495117,3.0047106742858887,1.0,True
2,finetune_000248_v00,finetune_000248,YH4(CO2)4,95,H,3.13102388381958,4.858048915863037,-1.1869053840637207,0.9199254036378711,True
2,finetune_000248_v00,finetune_000248,YH4(CO2)4,96,H,2.0329694747924805,6.591733932495117,1.285790205001831,1.0,True
2,finetune_000248_v00,finetune_000248,YH4(CO2)4,97,H,1.3427637815475464,4.477484226226807,-4.8037638664245605,1.0,True
2,finetune_000248_v00,finetune_000248,YH4(CO2)4,98,C,0.04392217844724655,4.68890905380249,0.43239790201187134,1.0,True
2,finetune_000248_v00,finetune_000248,YH4(CO2)4,99,C,2.3529739379882812,6.591733932495117,2.157843589782715,1.0,True
2,finetune_000248_v00,finetune_000248,YH4(CO2)4,100,C,0.4705947935581207,4.477484226226807,-4.487250804901123,1.0,True
2,finetune_000248_v00,finetune_000248,YH4(CO2)4,101,O,1.518452525138855,6.431051254272461,3.0673019886016846,1.0,True
2,finetune_000248_v00,finetune_000248,YH4(CO2)4,102,O,-0.3890250325202942,5.762948036193848,0.8732518553733826,1.0,True
2,finetune_000248_v00,finetune_000248,YH4(CO2)4,103,O,-0.37647584080696106,5.069474220275879,4.625753879547119,1.0,True
2,finetune_000248_v00,finetune_000248,YH4(CO2)4,104,O,-2.252580404281616,4.638166904449463,2.694270133972168,1.0,True
2,finetune_000248_v00,finetune_000248,YH4(CO2)4,105,H,1.3427637815475464,4.477484226226807,4.980236053466797,0.9599588099110887,True
2,finetune_000248_v00,finetune_000248,YH4(CO2)4,106,C,0.4705947935581207,4.477484226226807,5.296749114990234,1.0,True
2,finetune_000248_v00,finetune_000248,YH4(CO2)4,107,H,4.2416276931762695,-6.093765735626221,-2.4118030071258545,1.0,True
2,finetune_000248_v00,finetune_000248,YH4(CO2)4,108,C,3.2627904415130615,-4.190940856933594,-0.4813559353351593,1.0,True
2,finetune_000248_v00,finetune_000248,YH4(CO2)4,109,C,3.9216232299804688,-6.093765735626221,-3.2838563919067383,0.9199573737321451,True
2,finetune_000248_v00,finetune_000248,YH4(CO2)4,110,Y,5.3773298263549805,-1.865265965461731,0.7276389002799988,1.0,True
2,finetune_000248_v00,finetune_000248,YH4(CO2)4,111,H,6.67617130279541,4.096919059753418,-1.2210990190505981,0.9599574292155174,True
2,finetune_000248_v00,finetune_000248,YH4(CO2)4,112,H,5.87302303314209,-0.13158096373081207,-2.181985855102539,1.0,True
2,finetune_000248_v00,finetune_000248,YH4(CO2)4,113,H,3.143573045730591,0.6295490264892578,0.060892440378665924,1.0,True
2,finetune_000248_v00,finetune_000248,YH4(CO2)4,114,H,4.2416276931762695,2.363234043121338,-2.4118030071258545,0.9599581953463378,True
2,finetune_000248_v00,finetune_000248,YH4(CO2)4,115,H,4.931833267211914,0.24898402392864227,-6.10624885559082,0.9199210833598997,True
2,finetune_000248_v00,finetune_000248,YH4(CO2)4,116,C,6.318519115447998,-3.7680909633636475,-1.8446738719940186,1.0,True
2,finetune_000248_v00,finetune_000248,YH4(CO2)4,117,C,6.230674743652344,0.460409015417099,-1.558410882949829,1.0,True
2,finetune_000248_v00,finetune_000248,YH4(CO2)4,118,C,3.2627904415130615,4.266058921813965,-0.4813559353351593,1.0,True
2,finetune_000248_v00,finetune_000248,YH4(CO2)4,119,C,3.9216232299804688,2.363234043121338,-3.2838563919067383,1.0,True
2,finetune_000248_v00,finetune_000248,YH4(CO2)4,120,O,6.023613452911377,-0.3430059850215912,2.30314040184021,1.0,True
2,finetune_000248_v00,finetune_000248,YH4(CO2)4,121,O,5.8855719566345215,-2.69405198097229,-1.4038199186325073,1.0,True
2,finetune_000248_v00,finetune_000248,YH4(CO2)4,122,O,4.7561445236206055,2.194093942642212,-4.193315029144287,1.0,True
2,finetune_000248_v00,finetune_000248,YH4(CO2)4,123,O,6.224400520324707,0.08830103278160095,-0.38205382227897644,1.0,True
2,finetune_000248_v00,finetune_000248,YH4(CO2)4,124,O,6.6636223793029785,1.5344480276107788,-1.9992648363113403,1.0,True
2,finetune_000248_v00,finetune_000248,YH4(CO2)4,125,O,3.5765204429626465,-1.704582929611206,2.320422410964966,1.0,True
2,finetune_000248_v00,finetune_000248,YH4(CO2)4,126,O,5.898121356964111,-3.387526035308838,2.348681926727295,0.9599683434064251,True
2,finetune_000248_v00,finetune_000248,YH4(CO2)4,127,O,3.6267170906066895,-1.0364799499511719,-0.584074079990387,1.0,True
2,finetune_000248_v00,finetune_000248,YH4(CO2)4,128,O,4.022016525268555,-3.8188328742980957,0.41719838976860046,1.0,True
2,finetune_000248_v00,finetune_000248,YH4(CO2)4,129,H,4.931833267211914,0.24898402392864227,3.677751064300537,1.0,True
2,finetune_000248_v00,finetune_000248,YH4(CO2)4,130,C,3.9216232299804688,2.363234043121338,6.500143527984619,1.0,True
2,finetune_000248_v00,finetune_000248,YH4(CO2)4,131,C,5.804002285003662,0.24898402392864227,3.3612380027770996,0.9199270211029981,True
2,finetune_000248_v00,finetune_000248,YH4(CO2)4,132,O,4.7561445236206055,2.194093942642212,5.59068489074707,1.0,True
2,finetune_000248_v00,finetune_000248,YH4(CO2)4,133,O,6.651072978973389,0.8409740328788757,4.032233238220215,0.9607599024186878,True
2,finetune_000248_v00,finetune_000248,YH4(CO2)4,134,O,3.5765204429626465,6.752417087554932,2.320422410964966,1.0,True
2,finetune_000248_v00,finetune_000248,YH4(CO2)4,135,O,4.022016525268555,4.638166904449463,0.41719838976860046,1.0,True
2,finetune_000079_v00,finetune_000079,MgPHCO6,0,Mg,-4.429238796234131,4.9896931648254395,-4.2166829109191895,0.9599409344172554,True
2,finetune_000079_v00,finetune_000079,MgPHCO6,1,O,-2.978046417236328,4.379333019256592,-5.517452716827393,0.9199488095606152,True
2,finetune_000079_v00,finetune_000079,MgPHCO6,2,Mg,-7.126622200012207,2.6398069858551025,0.5142719149589539,0.959939818148973,True
2,finetune_000079_v00,finetune_000079,MgPHCO6,3,Mg,-3.663181781768799,-2.6398069858551025,0.3735698461532593,0.959939305371459,True
2,finetune_000079_v00,finetune_000079,MgPHCO6,4,P,-6.1987223625183105,-2.7771379947662354,2.6202754974365234,0.959938008176221,True
2,finetune_000079_v00,finetune_000079,MgPHCO6,5,P,-3.5013387203216553,-4.852362155914307,-2.1106793880462646,0.8798013399709353,False
2,finetune_000079_v00,finetune_000079,MgPHCO6,6,P,-4.591081619262695,2.7771379947662354,-1.7324336767196655,0.9599334960213837,True
2,finetune_000079_v00,finetune_000079,MgPHCO6,7,H,-5.481218338012695,-0.9155399799346924,2.24560546875,0.9199544412653327,True
2,finetune_000079_v00,finetune_000079,MgPHCO6,8,H,-2.78383469581604,-6.71396017074585,-2.485349416732788,0.9599556626635491,True
2,finetune_000079_v00,finetune_000079,MgPHCO6,9,H,-5.3085856437683105,0.9155399799346924,-1.357763648033142,0.9599798041209358,True
2,finetune_000079_v00,finetune_000079,MgPHCO6,10,C,-7.590572357177734,-0.21362599730491638,0.12860214710235596,0.8798633485248349,True
2,finetune_000079_v00,finetune_000079,MgPHCO6,11,C,-3.1992318630218506,0.21362599730491638,0.7592396140098572,0.9599908690095416,True
2,finetune_000079_v00,finetune_000079,MgPHCO6,12,O,-2.978046417236328,4.379333019256592,3.500547409057617,0.9600056200181684,True
2,finetune_000079_v00,finetune_000079,MgPHCO6,13,O,-6.797541618347168,0.671396017074585,-0.2703185975551605,0.9599795142950548,True
2,finetune_000079_v00,finetune_000079,MgPHCO6,14,O,-7.649914741516113,-1.4038280248641968,-0.2633068561553955,0.9599897386315344,True
2,finetune_000079_v00,finetune_000079,MgPHCO6,15,O,-5.999115943908691,-3.2806849479675293,4.037712574005127,0.9600090460609966,True
2,finetune_000079_v00,finetune_000079,MgPHCO6,16,O,-5.114374160766602,-3.250166893005371,1.6743395328521729,0.959997111745701,True
2,finetune_000079_v00,finetune_000079,MgPHCO6,17,O,-6.112406253814697,-1.174942970275879,2.6943349838256836,0.9199725487297219,True
2,finetune_000079_v00,finetune_000079,MgPHCO6,18,O,-3.3071272373199463,-4.348814964294434,-0.6837801933288574,0.959940604315489,True
2,finetune_000079_v00,finetune_000079,MgPHCO6,19,O,-4.90397834777832,-4.516664028167725,-2.581432819366455,0.9600028546556271,True
2,finetune_000079_v00,finetune_000079,MgPHCO6,20,O,-3.415022611618042,-6.454556941986084,-2.0366199016571045,0.960008131922076,True
2,finetune_000079_v00,finetune_000079,MgPHCO6,21,O,-3.992262601852417,-0.671396017074585,1.1581603288650513,0.9199238784424616,True
2,finetune_000079_v00,finetune_000079,MgPHCO6,22,O,-3.1398894786834717,1.4038280248641968,1.1511485576629639,0.9599787175612414,True
2,finetune_000079_v00,finetune_000079,MgPHCO6,23,O,-4.7852935791015625,3.2806849479675293,-3.1593329906463623,0.9600006577248812,True
2,finetune_000079_v00,finetune_000079,MgPHCO6,24,O,-5.675429821014404,3.250166893005371,-0.7864978313446045,1.0,True
2,finetune_000079_v00,finetune_000079,MgPHCO6,25,O,-3.1884422302246094,3.1128358840942383,-1.261680245399475,1.0,True
2,finetune_000079_v00,finetune_000079,MgPHCO6,26,O,-4.677398204803467,1.174942970275879,-1.8064931631088257,1.0,True
2,finetune_000079_v00,finetune_000079,MgPHCO6,27,Mg,0.9655284881591797,4.9896931648254395,-4.660592555999756,1.0,True
2,finetune_000079_v00,finetune_000079,MgPHCO6,28,P,-0.8039551973342896,-2.7771379947662354,-6.841634273529053,1.0,True
2,finetune_000079_v00,finetune_000079,MgPHCO6,29,H,-0.08645114302635193,-0.9155399799346924,-7.216304302215576,0.9599795142950548,True
2,finetune_000079_v00,finetune_000079,MgPHCO6,30,O,2.4167208671569824,4.379333019256592,-5.961362361907959,1.0,True
2,finetune_000079_v00,finetune_000079,MgPHCO6,31,O,-0.49105867743492126,4.516664028167725,-5.992635250091553,1.0,True
2,finetune_000079_v00,finetune_000079,MgPHCO6,32,O,-0.6043487787246704,-3.2806849479675293,-5.424197196960449,1.0,True
2,finetune_000079_v00,finetune_000079,MgPHCO6,33,O,-0.7176389098167419,-1.174942970275879,-6.767574787139893,1.0,True
2,finetune_000079_v00,finetune_000079,MgPHCO6,34,Mg,-1.7318551540374756,2.6398069858551025,0.0703621357679367,1.0,True
2,finetune_000079_v00,finetune_000079,MgPHCO6,35,Mg,-0.9657981991767883,-4.9896931648254395,-4.357385158538818,1.0,True
2,finetune_000079_v00,finetune_000079,MgPHCO6,36,Mg,1.7315853834152222,-2.6398069858551025,-0.07033994048833847,1.0,True
2,finetune_000079_v00,finetune_000079,MgPHCO6,37,Mg,0.9655284881591797,4.9896931648254395,4.357407093048096,1.0,True
2,finetune_000079_v00,finetune_000079,MgPHCO6,38,P,-1.8936980962753296,4.852362155914307,2.5546114444732666,1.0,True
2,finetune_000079_v00,finetune_000079,MgPHCO6,39,P,-0.8039551973342896,-2.7771379947662354,2.176365613937378,1.0,True
2,finetune_000079_v00,finetune_000079,MgPHCO6,40,P,1.8934284448623657,-4.852362155914307,-2.55458927154541,1.0,True
2,finetune_000079_v00,finetune_000079,MgPHCO6,41,P,0.8036854267120361,2.7771379947662354,-2.1763434410095215,1.0,True
2,finetune_000079_v00,finetune_000079,MgPHCO6,42,H,-2.6112022399902344,6.71396017074585,2.92928147315979,1.0,True
2,finetune_000079_v00,finetune_000079,MgPHCO6,43,H,-0.08645114302635193,-0.9155399799346924,1.801695704460144,1.0,True
2,finetune_000079_v00,finetune_000079,MgPHCO6,44,H,2.6109323501586914,-6.71396017074585,-2.9292593002319336,1.0,True
2,finetune_000079_v00,finetune_000079,MgPHCO6,45,H,0.0861814096570015,0.9155399799346924,-1.801673412322998,1.0,True
2,finetune_000079_v00,finetune_000079,MgPHCO6,46,C,-2.195805072784424,-0.21362599730491638,-0.3153076171875,1.0,True
2,finetune_000079_v00,finetune_000079,MgPHCO6,47,C,2.19553542137146,0.21362599730491638,0.31532981991767883,1.0,True
2,finetune_000079_v00,finetune_000079,MgPHCO6,48,O,-2.087909698486328,4.348814964294434,1.1367301940917969,0.9599334960213837,True
2,finetune_000079_v00,finetune_000079,MgPHCO6,49,O,2.4167208671569824,4.379333019256592,3.0566375255584717,1.0,True
2,finetune_000079_v00,finetune_000079,MgPHCO6,50,O,-0.49105867743492126,4.516664028167725,3.025364875793457,1.0,True
2,finetune_000079_v00,finetune_000079,MgPHCO6,51,O,-1.980014443397522,6.454556941986084,2.4805519580841064,1.0,True
2,finetune_000079_v00,finetune_000079,MgPHCO6,52,O,-1.4027743339538574,0.671396017074585,-0.7142283320426941,1.0,True
2,finetune_000079_v00,finetune_000079,MgPHCO6,53,O,-2.2551474571228027,-1.4038280248641968,-0.7072166204452515,0.9607530268968084,True
2,finetune_000079_v00,finetune_000079,MgPHCO6,54,O,-0.6043487787246704,-3.2806849479675293,3.5938029289245605,0.960008131922076,True
2,finetune_000079_v00,finetune_000079,MgPHCO6,55,O,0.2803930342197418,-3.250166893005371,1.230429768562317,0.959997111745701,True
2,finetune_000079_v00,finetune_000079,MgPHCO6,56,O,-2.206594705581665,-3.1128358840942383,1.7056121826171875,1.0,True
2,finetune_000079_v00,finetune_000079,MgPHCO6,57,O,-0.7176389098167419,-1.174942970275879,2.250425100326538,0.9599409344172554,True
2,finetune_000079_v00,finetune_000079,MgPHCO6,58,O,-1.2948789596557617,-6.958104133605957,-3.5727944374084473,0.959939818148973,True
2,finetune_000079_v00,finetune_000079,MgPHCO6,59,O,-0.44250577688217163,6.225671768188477,-3.579806327819824,1.0,True
2,finetune_000079_v00,finetune_000079,MgPHCO6,60,O,2.0876400470733643,-4.348814964294434,-1.1276899576187134,1.0,True
2,finetune_000079_v00,finetune_000079,MgPHCO6,61,O,-2.4169905185699463,-4.379333019256592,-3.0566153526306152,1.0,True
2,finetune_000079_v00,finetune_000079,MgPHCO6,62,O,0.49078893661499023,-4.516664028167725,-3.0253427028656006,1.0,True
2,finetune_000079_v00,finetune_000079,MgPHCO6,63,O,1.9797446727752686,-6.454556941986084,-2.48052978515625,1.0,True
2,finetune_000079_v00,finetune_000079,MgPHCO6,64,O,1.402504563331604,-0.671396017074585,0.7142505645751953,1.0,True
2,finetune_000079_v00,finetune_000079,MgPHCO6,65,O,2.254877805709839,1.4038280248641968,0.7072387933731079,0.9200035123805083,True
2,finetune_000079_v00,finetune_000079,MgPHCO6,66,O,0.6094738245010376,3.2806849479675293,-3.6032426357269287,1.0,True
2,finetune_000079_v00,finetune_000079,MgPHCO6,67,O,-0.28066277503967285,3.250166893005371,-1.2304075956344604,0.959939305371459,True
2,finetune_000079_v00,finetune_000079,MgPHCO6,68,O,2.206324815750122,3.1128358840942383,-1.705590009689331,1.0,True
2,finetune_000079_v00,finetune_000079,MgPHCO6,69,O,0.7173691391944885,1.174942970275879,-2.2504029273986816,1.0,True
2,finetune_000079_v00,finetune_000079,MgPHCO6,70,O,1.2946093082427979,6.958104133605957,3.572816848754883,1.0,True
2,finetune_000079_v00,finetune_000079,MgPHCO6,71,O,0.4422360360622406,-6.225671768188477,3.5798285007476807,1.0,True
2,finetune_000079_v00,finetune_000079,MgPHCO6,72,Mg,-0.9657981991767883,-4.9896931648254395,4.660614967346191,1.0,True
2,finetune_000079_v00,finetune_000079,MgPHCO6,73,P,0.8036854267120361,2.7771379947662354,6.841656684875488,1.0,True
2,finetune_000079_v00,finetune_000079,MgPHCO6,74,H,0.0861814096570015,0.9155399799346924,7.216326713562012,1.0,True
2,finetune_000079_v00,finetune_000079,MgPHCO6,75,O,-2.4169905185699463,-4.379333019256592,5.9613847732543945,0.9600090460609966,True
2,finetune_000079_v00,finetune_000079,MgPHCO6,76,O,0.49078893661499023,-4.516664028167725,5.99265718460083,1.0,True
2,finetune_000079_v00,finetune_000079,MgPHCO6,77,O,0.6094738245010376,3.2806849479675293,5.414757251739502,1.0,True
2,finetune_000079_v00,finetune_000079,MgPHCO6,78,O,0.7173691391944885,1.174942970275879,6.767597198486328,0.9599798041209358,True
2,finetune_000079_v00,finetune_000079,MgPHCO6,79,Mg,3.662912130355835,2.6398069858551025,-0.37354764342308044,0.9198837938579362,True
2,finetune_000079_v00,finetune_000079,MgPHCO6,80,Mg,7.126352787017822,-2.6398069858551025,-0.5142497420310974,1.0,True
2,finetune_000079_v00,finetune_000079,MgPHCO6,81,P,3.5010690689086914,4.852362155914307,2.110701560974121,1.0,True
2,finetune_000079_v00,finetune_000079,MgPHCO6,82,P,4.5908122062683105,-2.7771379947662354,1.732455849647522,1.0,True
2,finetune_000079_v00,finetune_000079,MgPHCO6,83,P,6.198452472686768,2.7771379947662354,-2.620253324508667,1.0,True
2,finetune_000079_v00,finetune_000079,MgPHCO6,84,H,2.783565044403076,6.71396017074585,2.4853715896606445,1.0,True
2,finetune_000079_v00,finetune_000079,MgPHCO6,85,H,5.308316230773926,-0.9155399799346924,1.3577858209609985,1.0,True
2,finetune_000079_v00,finetune_000079,MgPHCO6,86,H,5.480948448181152,0.9155399799346924,-2.2455832958221436,0.9599556626635491,True
2,finetune_000079_v00,finetune_000079,MgPHCO6,87,C,3.1989619731903076,-0.21362599730491638,-0.759217381477356,1.0,True
2,finetune_000079_v00,finetune_000079,MgPHCO6,88,C,7.590302467346191,0.21362599730491638,-0.12857995927333832,1.0,True
2,finetune_000079_v00,finetune_000079,MgPHCO6,89,O,3.3068573474884033,4.348814964294434,0.6928204298019409,1.0,True
2,finetune_000079_v00,finetune_000079,MgPHCO6,90,O,4.903708457946777,4.516664028167725,2.5814552307128906,0.9599327288209355,False
2,finetune_000079_v00,finetune_000079,MgPHCO6,91,O,3.414752721786499,6.454556941986084,2.03664231300354,1.0,True
2,finetune_000079_v00,finetune_000079,MgPHCO6,92,O,3.991992950439453,0.671396017074585,-1.1581381559371948,1.0,True
2,finetune_000079_v00,finetune_000079,MgPHCO6,93,O,3.1396195888519287,-1.4038280248641968,-1.1511263847351074,1.0,True
2,finetune_000079_v00,finetune_000079,MgPHCO6,94,O,4.79041862487793,-3.2806849479675293,3.149893283843994,1.0,True
2,finetune_000079_v00,finetune_000079,MgPHCO6,95,O,5.6751604080200195,-3.250166893005371,0.7865200042724609,1.0,True
2,finetune_000079_v00,finetune_000079,MgPHCO6,96,O,3.1881725788116455,-3.1128358840942383,1.2617024183273315,1.0,True
2,finetune_000079_v00,finetune_000079,MgPHCO6,97,O,4.677128314971924,-1.174942970275879,1.8065153360366821,1.0,True
2,finetune_000079_v00,finetune_000079,MgPHCO6,98,O,2.977776527404785,-4.379333019256592,-3.5005249977111816,1.0,True
2,finetune_000079_v00,finetune_000079,MgPHCO6,99,O,6.797271728515625,-0.671396017074585,0.27034077048301697,1.0,True
2,finetune_000079_v00,finetune_000079,MgPHCO6,100,O,7.64964485168457,1.4038280248641968,0.26332902908325195,1.0,True
2,finetune_000079_v00,finetune_000079,MgPHCO6,101,O,6.004240989685059,3.2806849479675293,-4.047152519226074,1.0,True
2,finetune_000079_v00,finetune_000079,MgPHCO6,102,O,5.114104270935059,3.250166893005371,-1.6743173599243164,1.0,True
2,finetune_000079_v00,finetune_000079,MgPHCO6,103,O,6.112136363983154,1.174942970275879,-2.694312572479248,0.9599968250256306,True
2,finetune_000079_v00,finetune_000079,MgPHCO6,104,Mg,4.428968906402588,-4.9896931648254395,4.216705322265625,1.0,True
2,finetune_000079_v00,finetune_000079,MgPHCO6,105,O,2.977776527404785,-4.379333019256592,5.517475128173828,1.0,True
2,finetune_000031_v00,finetune_000031,Fe2C4Cl2O9,0,C,-0.7438828945159912,-4.758883953094482,4.756631851196289,0.9606321751780594,True
2,finetune_000031_v00,finetune_000031,Fe2C4Cl2O9,1,Cl,-3.729825496673584,-6.095848083496094,3.011178731918335,0.9599811498884953,True
2,finetune_000031_v00,finetune_000031,Fe2C4Cl2O9,2,O,-5.780778408050537,-4.663386344909668,1.0321494340896606,0.9599368450207242,True
2,finetune_000031_v00,finetune_000031,Fe2C4Cl2O9,3,O,-0.17976073920726776,-5.478787899017334,3.8893887996673584,0.9599726622069691,True
2,finetune_000031_v00,finetune_000031,Fe2C4Cl2O9,4,O,-1.6768615245819092,-5.104144096374512,5.514720439910889,0.9199136998014603,True
2,finetune_000031_v00,finetune_000031,Fe2C4Cl2O9,5,O,-1.505696415901184,-4.237320899963379,-4.457491874694824,0.9599836380614925,True
2,finetune_000031_v00,finetune_000031,Fe2C4Cl2O9,6,Fe,-2.374126672744751,-3.5394551753997803,-5.907331466674805,0.9599791894143581,True
2,finetune_000031_v00,finetune_000031,Fe2C4Cl2O9,7,Fe,-2.374126672744751,-3.5394551753997803,6.759668350219727,0.9199855627430512,True
2,finetune_000031_v00,finetune_000031,Fe2C4Cl2O9,8,C,-4.661508083343506,-3.561492919921875,4.991332530975342,0.9599765477658417,True
2,finetune_000031_v00,finetune_000031,Fe2C4Cl2O9,9,C,-5.186241626739502,2.58707332611084,3.1488022804260254,0.9599790263105095,True
2,finetune_000031_v00,finetune_000031,Fe2C4Cl2O9,10,Cl,-3.130699872970581,-1.5927764177322388,-4.930150985717773,0.9599708766826582,True
2,finetune_000031_v00,finetune_000031,Fe2C4Cl2O9,11,O,-3.5616345405578613,-2.9811623096466064,4.997934341430664,0.9599738065618069,True
2,finetune_000031_v00,finetune_000031,Fe2C4Cl2O9,12,O,-5.587516784667969,-3.4072277545928955,4.1508355140686035,0.9200104491469874,True
2,finetune_000031_v00,finetune_000031,Fe2C4Cl2O9,13,O,-6.911908149719238,-3.50272536277771,-0.5095322132110596,0.9599970334921022,True
2,finetune_000031_v00,finetune_000031,Fe2C4Cl2O9,14,O,-4.622119426727295,1.8671694993972778,2.2815589904785156,0.959985346843819,True
2,finetune_000031_v00,finetune_000031,Fe2C4Cl2O9,15,O,-6.11922025680542,2.2418134212493896,3.906890630722046,0.9599384213352865,True
2,finetune_000031_v00,finetune_000031,Fe2C4Cl2O9,16,Cl,1.564995527267456,-4.318126678466797,-5.107097625732422,0.8799587076390999,True
2,finetune_000031_v00,finetune_000031,Fe2C4Cl2O9,17,Fe,-0.007625378668308258,-3.818601369857788,-3.496432304382324,0.9600330229567294,True
2,finetune_000031_v00,finetune_000031,Fe2C4Cl2O9,18,Fe,1.334165096282959,-4.575234889984131,2.8370676040649414,0.9600085663324679,True
2,finetune_000031_v00,finetune_000031,Fe2C4Cl2O9,19,Fe,2.79762864112854,-6.4558000564575195,0.4261684715747833,0.9600257881775367,True
2,finetune_000031_v00,finetune_000031,Fe2C4Cl2O9,20,C,3.652042865753174,-4.575234889984131,4.505675792694092,0.9198774130558065,True
2,finetune_000031_v00,finetune_000031,Fe2C4Cl2O9,21,C,0.910557746887207,-5.6918206214904785,-1.5768680572509766,0.919852606223384,True
2,finetune_000031_v00,finetune_000031,Fe2C4Cl2O9,22,C,1.8779456615447998,-4.509121417999268,-1.4161772727966309,0.959904829375431,False
2,finetune_000031_v00,finetune_000031,Fe2C4Cl2O9,23,Cl,4.854907512664795,-6.095848083496094,1.4033489227294922,0.9199817704886135,True
2,finetune_000031_v00,finetune_000031,Fe2C4Cl2O9,24,O,2.569938898086548,-5.1849493980407715,4.442169666290283,0.9599246075941962,True
2,finetune_000031_v00,finetune_000031,Fe2C4Cl2O9,25,O,0.0026185426395386457,-5.581631183624268,-2.4441111087799072,1.0,True
2,finetune_000031_v00,finetune_000031,Fe2C4Cl2O9,26,O,2.8039543628692627,-4.663386344909668,-0.5756803750991821,1.0,True
2,finetune_000031_v00,finetune_000031,Fe2C4Cl2O9,27,O,1.0979089736938477,-6.668832778930664,-0.8314467072486877,1.0,True
2,finetune_000031_v00,finetune_000031,Fe2C4Cl2O9,28,O,1.7510764598846436,-6.073810577392578,1.876008152961731,1.0,True
2,finetune_000031_v00,finetune_000031,Fe2C4Cl2O9,29,Cl,-2.8773632049560547,3.0278308391571045,-6.714927673339844,1.0,True
2,finetune_000031_v00,finetune_000031,Fe2C4Cl2O9,30,O,-0.8436313271522522,-2.606518507003784,-6.909180164337158,1.0,True
2,finetune_000031_v00,finetune_000031,Fe2C4Cl2O9,31,Fe,-4.449984073638916,3.527355909347534,-5.104262351989746,1.0,True
2,finetune_000031_v00,finetune_000031,Fe2C4Cl2O9,32,Fe,-3.1081936359405518,2.7707221508026123,1.2292377948760986,1.0,True
2,finetune_000031_v00,finetune_000031,Fe2C4Cl2O9,33,Fe,-1.6447299718856812,0.890157163143158,-1.1816612482070923,0.9200137927566834,True
2,finetune_000031_v00,finetune_000031,Fe2C4Cl2O9,34,C,-0.7903156876564026,2.7707221508026123,2.89784574508667,1.0,True
2,finetune_000031_v00,finetune_000031,Fe2C4Cl2O9,35,C,3.923224925994873,-3.561492919921875,3.38350248336792,1.0,True
2,finetune_000031_v00,finetune_000031,Fe2C4Cl2O9,36,C,-3.5318009853363037,1.6541367769241333,-3.1846978664398193,0.9599791894143581,True
2,finetune_000031_v00,finetune_000031,Fe2C4Cl2O9,37,C,-2.564413070678711,2.8368358612060547,-3.0240070819854736,1.0,True
2,finetune_000031_v00,finetune_000031,Fe2C4Cl2O9,38,C,3.398491382598877,2.58707332611084,1.540972352027893,1.0,True
2,finetune_000031_v00,finetune_000031,Fe2C4Cl2O9,39,C,-0.232443168759346,-3.3190762996673584,4.917322635650635,0.959904829375431,False
2,finetune_000031_v00,finetune_000031,Fe2C4Cl2O9,40,C,-1.2070622444152832,-1.8351930379867554,-1.8278244733810425,0.9198709712482517,True
2,finetune_000031_v00,finetune_000031,Fe2C4Cl2O9,41,C,-0.4799320101737976,-1.078559398651123,-2.9499974250793457,1.0,True
2,finetune_000031_v00,finetune_000031,Fe2C4Cl2O9,42,Cl,-2.8773632049560547,3.0278308391571045,5.952072620391846,1.0,True
2,finetune_000031_v00,finetune_000031,Fe2C4Cl2O9,43,Cl,0.09293413162231445,-3.4880332946777344,1.2264021635055542,1.0,True
2,finetune_000031_v00,finetune_000031,Fe2C4Cl2O9,44,Cl,0.4125487208366394,1.250109076499939,-0.2044808268547058,1.0,True
2,finetune_000031_v00,finetune_000031,Fe2C4Cl2O9,45,O,0.10519639402627945,2.6384949684143066,3.774735927581787,1.0,True
2,finetune_000031_v00,finetune_000031,Fe2C4Cl2O9,46,O,5.023098468780518,-2.9811623096466064,3.3901047706604004,1.0,True
2,finetune_000031_v00,finetune_000031,Fe2C4Cl2O9,47,O,2.99721622467041,-3.4072277545928955,2.5430057048797607,1.0,True
2,finetune_000031_v00,finetune_000031,Fe2C4Cl2O9,48,O,-1.872419834136963,2.161007881164551,2.8343398571014404,0.9599783646447516,True
2,finetune_000031_v00,finetune_000031,Fe2C4Cl2O9,49,O,-4.439740180969238,1.7643260955810547,-4.05194091796875,1.0,True
2,finetune_000031_v00,finetune_000031,Fe2C4Cl2O9,50,O,1.6728249788284302,-3.50272536277771,-2.1173620223999023,0.959927998629188,True
2,finetune_000031_v00,finetune_000031,Fe2C4Cl2O9,51,O,-1.638404369354248,2.682570695877075,-2.1835100650787354,1.0,True
2,finetune_000031_v00,finetune_000031,Fe2C4Cl2O9,52,O,-3.344449520111084,0.6771244406700134,-2.4392764568328857,0.959985346843819,True
2,finetune_000031_v00,finetune_000031,Fe2C4Cl2O9,53,O,3.962613582611084,1.8671694993972778,0.6737292408943176,1.0,True
2,finetune_000031_v00,finetune_000031,Fe2C4Cl2O9,54,O,0.7348743677139282,-2.973816394805908,4.216137886047363,1.0,True
2,finetune_000031_v00,finetune_000031,Fe2C4Cl2O9,55,O,-0.8436313271522522,-2.606518507003784,5.757819652557373,1.0,True
2,finetune_000031_v00,finetune_000031,Fe2C4Cl2O9,56,O,2.465512752532959,2.2418134212493896,2.299060821533203,0.9600257881775367,True
2,finetune_000031_v00,finetune_000031,Fe2C4Cl2O9,57,O,-1.7836114168167114,-1.1373270750045776,-0.9509343504905701,1.0,True
2,finetune_000031_v00,finetune_000031,Fe2C4Cl2O9,58,O,-0.5524967312812805,0.1629074066877365,-2.9433951377868652,1.0,True
2,finetune_000031_v00,finetune_000031,Fe2C4Cl2O9,59,O,0.13125617802143097,-1.7911171913146973,-3.790494441986084,1.0,True
2,finetune_000031_v00,finetune_000031,Fe2C4Cl2O9,60,O,-1.1688364744186401,-3.076659679412842,-1.891330361366272,1.0,True
2,finetune_000031_v00,finetune_000031,Fe2C4Cl2O9,61,O,-2.691282272338867,1.2721469402313232,0.26817840337753296,1.0,True
2,finetune_000031_v00,finetune_000031,Fe2C4Cl2O9,62,O,2.6366777420043945,3.1086363792419434,4.99384880065918,0.9599836380614925,True
2,finetune_000031_v00,finetune_000031,Fe2C4Cl2O9,63,Fe,1.7682476043701172,3.806502342224121,3.54400897026062,1.0,True
2,finetune_000031_v00,finetune_000031,Fe2C4Cl2O9,64,C,-0.5191336870193481,3.7844643592834473,1.7756727933883667,1.0,True
2,finetune_000031_v00,finetune_000031,Fe2C4Cl2O9,65,C,-4.674801826477051,4.026880741119385,3.309492826461792,1.0,True
2,finetune_000031_v00,finetune_000031,Fe2C4Cl2O9,66,Cl,-4.349424362182617,3.857923984527588,-0.3814275562763214,1.0,True
2,finetune_000031_v00,finetune_000031,Fe2C4Cl2O9,67,O,0.5807398557662964,4.364795207977295,1.7822750806808472,1.0,True
2,finetune_000031_v00,finetune_000031,Fe2C4Cl2O9,68,O,-1.4451422691345215,3.9387295246124268,0.935175895690918,0.9599708766826582,True
2,finetune_000031_v00,finetune_000031,Fe2C4Cl2O9,69,O,-2.769533634185791,3.8432319164276123,-3.725191831588745,0.9600330229567294,True
2,finetune_000031_v00,finetune_000031,Fe2C4Cl2O9,70,O,-3.707484245300293,4.372140884399414,2.6083083152770996,1.0,True
2,finetune_000031_v00,finetune_000031,Fe2C4Cl2O9,71,O,-5.611195087432861,4.2692975997924805,-3.499160051345825,1.0,True
2,finetune_000031_v00,finetune_000031,Fe2C4Cl2O9,72,Cl,1.0116745233535767,5.753180980682373,4.521189212799072,1.0,True
2,finetune_000031_v00,finetune_000031,Fe2C4Cl2O9,73,Fe,5.476539134979248,2.7707221508026123,-0.378591924905777,1.0,True
2,finetune_000031_v00,finetune_000031,Fe2C4Cl2O9,74,Fe,6.940002918243408,0.890157163143158,-2.7894909381866455,1.0,True
2,finetune_000031_v00,finetune_000031,Fe2C4Cl2O9,75,C,5.052932262420654,1.6541367769241333,-4.792527675628662,1.0,True
2,finetune_000031_v00,finetune_000031,Fe2C4Cl2O9,76,Cl,5.707369804382324,3.0278308391571045,4.344242572784424,0.9599405680350823,True
2,finetune_000031_v00,finetune_000031,Fe2C4Cl2O9,77,O,6.712313175201416,2.161007881164551,1.2265101671218872,0.9599726622069691,True
2,finetune_000031_v00,finetune_000031,Fe2C4Cl2O9,78,O,4.144992828369141,1.7643260955810547,-5.659770965576172,1.0,True
2,finetune_000031_v00,finetune_000031,Fe2C4Cl2O9,79,O,5.240283489227295,0.6771244406700134,-4.0471062660217285,1.0,True
2,finetune_000031_v00,finetune_000031,Fe2C4Cl2O9,80,O,6.801121234893799,-1.1373270750045776,-2.5587642192840576,1.0,True
2,finetune_000031_v00,finetune_000031,Fe2C4Cl2O9,81,O,5.893450736999512,1.2721469402313232,-1.339651346206665,1.0,True
2,finetune_000031_v00,finetune_000031,Fe2C4Cl2O9,82,C,3.909931182861328,4.026880741119385,1.7016631364822388,1.0,True
2,finetune_000031_v00,finetune_000031,Fe2C4Cl2O9,83,Cl,4.235308647155762,3.857923984527588,-1.9892573356628418,1.0,True
2,finetune_000031_v00,finetune_000031,Fe2C4Cl2O9,84,O,4.877248764038086,4.372140884399414,1.0004785060882568,1.0,True
2,finetune_000031_v00,finetune_000031,Fe2C4Cl2O9,85,O,3.2987430095672607,4.739439010620117,2.5421600341796875,1.0,True
2,finetune_000031_v00,finetune_000031,Fe2C4Cl2O9,86,O,2.358762741088867,6.208630084991455,-4.1665940284729,0.9599970334921022,True
2,finetune_000031_v00,finetune_000031,Fe2C4Cl2O9,87,O,2.9735379219055176,4.2692975997924805,-5.106989860534668,1.0,True
2,finetune_000022_v00,finetune_000022,NiPC3NO3,0,Ni,-4.109006404876709,-3.535433530807495,5.287862300872803,0.9599839822701464,True
2,finetune_000022_v00,finetune_000022,NiPC3NO3,1,Ni,-3.630213499069214,2.3196914196014404,-2.2005999088287354,0.959894510059697,True
2,finetune_000022_v00,finetune_000022,NiPC3NO3,2,Ni,-5.956602096557617,1.1318976879119873,-4.008006572723389,0.9599024860150346,True
2,finetune_000022_v00,finetune_000022,NiPC3NO3,3,P,-5.388085842132568,-2.138028860092163,2.4915201663970947,0.9598920332285845,True
2,finetune_000022_v00,finetune_000022,NiPC3NO3,4,P,-2.8763325214385986,-0.4751175343990326,5.7230072021484375,0.9598845917674835,True
2,finetune_000022_v00,finetune_000022,NiPC3NO3,5,P,-6.741353511810303,2.138028860092163,-0.9297842979431152,0.9598683322971302,False
2,finetune_000022_v00,finetune_000022,NiPC3NO3,6,C,-3.1049437522888184,-1.3974045515060425,0.07455623894929886,0.9599176729204495,True
2,finetune_000022_v00,finetune_000022,NiPC3NO3,7,C,-4.461254119873047,-0.48909157514572144,1.9980329275131226,0.960001161655497,True
2,finetune_000022_v00,finetune_000022,NiPC3NO3,8,C,-3.6703405380249023,-0.29345494508743286,-0.9020317792892456,0.9599993307610911,True
2,finetune_000022_v00,finetune_000022,NiPC3NO3,9,C,-7.66200590133667,0.48909157514572144,-0.43709230422973633,0.9599961371868353,True
2,finetune_000022_v00,finetune_000022,NiPC3NO3,10,C,-4.254276752471924,0.9781831502914429,-6.447824001312256,0.9600024454071548,True
2,finetune_000022_v00,finetune_000022,NiPC3NO3,11,N,-3.0029969215393066,-0.8803648352622986,1.6151210069656372,0.920122093710065,True
2,finetune_000022_v00,finetune_000022,NiPC3NO3,12,O,-5.888576030731201,-2.9205753803253174,1.2381528615951538,0.8799785557149012,True
2,finetune_000022_v00,finetune_000022,NiPC3NO3,13,O,-6.500313758850098,-1.970340371131897,3.7734997272491455,0.9600104998948283,True
2,finetune_000022_v00,finetune_000022,NiPC3NO3,14,O,-4.297475814819336,-2.9066014289855957,3.3354318141937256,0.9200791563099623,True
2,finetune_000022_v00,finetune_000022,NiPC3NO3,15,O,-3.21311092376709,1.0480533838272095,5.75820779800415,0.9200217316655244,True
2,finetune_000022_v00,finetune_000022,NiPC3NO3,16,O,-4.186272621154785,-1.5371450185775757,5.484886646270752,0.9600061195283441,True
2,finetune_000022_v00,finetune_000022,NiPC3NO3,17,O,-6.240862846374512,2.9205753803253174,0.32358312606811523,0.9599926726293496,True
2,finetune_000022_v00,finetune_000022,NiPC3NO3,18,O,-5.629125118255615,1.970340371131897,-2.211763620376587,0.9600248152275728,True
2,finetune_000022_v00,finetune_000022,NiPC3NO3,19,O,-3.8928029537200928,0.9362610578536987,-3.704213857650757,0.9600564489584865,True
2,finetune_000022_v00,finetune_000022,NiPC3NO3,20,C,1.569577693939209,-7.420217990875244,2.4908573627471924,0.9600007703977064,True
2,finetune_000022_v00,finetune_000022,NiPC3NO3,21,Ni,2.0700249671936035,-3.535433530807495,4.492583274841309,0.9599431261073001,True
2,finetune_000022_v00,finetune_000022,NiPC3NO3,22,Ni,-2.3201940059661865,-2.3196914196014404,2.9670565128326416,0.95993957540098,True
2,finetune_000022_v00,finetune_000022,NiPC3NO3,23,Ni,0.006194843910634518,-1.1318976879119873,4.774463176727295,0.9598767748397716,True
2,finetune_000022_v00,finetune_000022,NiPC3NO3,24,Ni,-1.8414007425308228,3.535433530807495,-4.5214056968688965,0.9599176729204495,True
2,finetune_000022_v00,finetune_000022,NiPC3NO3,25,Ni,2.5488181114196777,2.3196914196014404,-2.9958791732788086,1.0,True
2,finetune_000022_v00,finetune_000022,NiPC3NO3,26,Ni,0.2224293202161789,1.1318976879119873,-4.803286075592041,0.9598767748397716,True
2,finetune_000022_v00,finetune_000022,NiPC3NO3,27,P,-0.8619139790534973,-4.359902381896973,5.138385772705078,1.0,True
2,finetune_000022_v00,finetune_000022,NiPC3NO3,28,P,0.7909458875656128,-2.138028860092163,1.6962409019470215,1.0,True
2,finetune_000022_v00,finetune_000022,NiPC3NO3,29,P,3.302699089050293,-0.4751175343990326,4.927727699279785,0.959894510059697,True
2,finetune_000022_v00,finetune_000022,NiPC3NO3,30,P,1.0905381441116333,4.359902381896973,-5.167208671569824,1.0,True
2,finetune_000022_v00,finetune_000022,NiPC3NO3,31,P,-0.5623217225074768,2.138028860092163,-1.725063681602478,1.0,True
2,finetune_000022_v00,finetune_000022,NiPC3NO3,32,P,-3.0740747451782227,0.4751175343990326,-4.956550598144531,1.0,True
2,finetune_000022_v00,finetune_000022,NiPC3NO3,33,C,2.0577003955841064,-5.938969135284424,2.8510167598724365,1.0,True
2,finetune_000022_v00,finetune_000022,NiPC3NO3,34,C,-0.043176110833883286,-5.519747734069824,3.7884387969970703,1.0,True
2,finetune_000022_v00,finetune_000022,NiPC3NO3,35,C,3.074087619781494,-1.3974045515060425,-0.7207231521606445,1.0,True
2,finetune_000022_v00,finetune_000022,NiPC3NO3,36,C,-2.280066728591919,0.29345494508743286,1.6684883832931519,1.0,True
2,finetune_000022_v00,finetune_000022,NiPC3NO3,37,C,1.7177776098251343,-0.48909157514572144,1.2027535438537598,1.0,True
2,finetune_000022_v00,finetune_000022,NiPC3NO3,38,C,-0.10814671963453293,0.9781831502914429,7.074959754943848,0.9600192862583695,True
2,finetune_000022_v00,finetune_000022,NiPC3NO3,39,C,0.5746684670448303,-1.3275343179702759,7.613449573516846,0.9599024860150346,True
2,finetune_000022_v00,finetune_000022,NiPC3NO3,40,C,-1.6961305141448975,-0.9781831502914429,7.214280605316162,1.0,True
2,finetune_000022_v00,finetune_000022,NiPC3NO3,41,C,-1.8290762901306152,5.938969135284424,-2.8798396587371826,1.0,True
2,finetune_000022_v00,finetune_000022,NiPC3NO3,42,C,0.27180027961730957,5.519747734069824,-3.8172614574432373,0.9599993307610911,True
2,finetune_000022_v00,finetune_000022,NiPC3NO3,43,C,-2.845463514328003,1.3974045515060425,0.6919003129005432,0.9600106143800282,True
2,finetune_000022_v00,finetune_000022,NiPC3NO3,44,C,2.50869083404541,-0.29345494508743286,-1.6973111629486084,1.0,True
2,finetune_000022_v00,finetune_000022,NiPC3NO3,45,C,-1.4829744100570679,0.48909157514572144,-1.2323716878890991,0.9599926726293496,True
2,finetune_000022_v00,finetune_000022,NiPC3NO3,46,C,0.3367708921432495,-0.9781831502914429,-7.103782653808594,1.0,True
2,finetune_000022_v00,finetune_000022,NiPC3NO3,47,C,-0.34604430198669434,1.3275343179702759,-7.642272472381592,1.0,True
2,finetune_000022_v00,finetune_000022,NiPC3NO3,48,C,1.9247546195983887,0.9781831502914429,-7.24310302734375,0.9600104998948283,True
2,finetune_000022_v00,finetune_000022,NiPC3NO3,49,N,1.4954023361206055,-5.491799831390381,4.029676914215088,1.0,True
2,finetune_000022_v00,finetune_000022,NiPC3NO3,50,N,3.176034450531006,-0.8803648352622986,0.8198416233062744,0.9598845917674835,True
2,finetune_000022_v00,finetune_000022,NiPC3NO3,51,N,-0.24406315386295319,-0.6148579716682434,6.783352851867676,0.9599839822701464,True
2,finetune_000022_v00,finetune_000022,NiPC3NO3,52,N,-1.2667782306671143,5.491799831390381,-4.058499813079834,1.0,True
2,finetune_000022_v00,finetune_000022,NiPC3NO3,53,N,-2.9474103450775146,0.8803648352622986,-0.848664402961731,1.0,True
2,finetune_000022_v00,finetune_000022,NiPC3NO3,54,N,0.47268733382225037,0.6148579716682434,-6.812175750732422,0.9598920332285845,True
2,finetune_000022_v00,finetune_000022,NiPC3NO3,55,O,-2.2058656215667725,-3.47953724861145,4.6036529541015625,1.0,True
2,finetune_000022_v00,finetune_000022,NiPC3NO3,56,O,0.1298035830259323,-3.144160270690918,5.197830677032471,1.0,True
2,finetune_000022_v00,finetune_000022,NiPC3NO3,57,O,0.29045528173446655,-2.9205753803253174,0.44287344813346863,1.0,True
2,finetune_000022_v00,finetune_000022,NiPC3NO3,58,O,-0.32128211855888367,-1.970340371131897,2.978220224380493,1.0,True
2,finetune_000022_v00,finetune_000022,NiPC3NO3,59,O,1.8815556764602661,-2.9066014289855957,2.5401525497436523,1.0,True
2,finetune_000022_v00,finetune_000022,NiPC3NO3,60,O,2.9659204483032227,1.0480533838272095,4.962928295135498,1.0,True
2,finetune_000022_v00,finetune_000022,NiPC3NO3,61,O,1.992759108543396,-1.5371450185775757,4.689607620239258,0.960001161655497,True
2,finetune_000022_v00,finetune_000022,NiPC3NO3,62,O,-2.0576043128967285,-0.9362610578536987,4.470670700073242,1.0,True
2,finetune_000022_v00,finetune_000022,NiPC3NO3,63,O,-3.744541645050049,3.47953724861145,-3.8371965885162354,1.0,True
2,finetune_000022_v00,finetune_000022,NiPC3NO3,64,O,0.09882058203220367,3.144160270690918,-5.226653575897217,1.0,True
2,finetune_000022_v00,finetune_000022,NiPC3NO3,65,O,-0.061831116676330566,2.9205753803253174,-0.47169622778892517,0.9600135115583838,True
2,finetune_000022_v00,finetune_000022,NiPC3NO3,66,O,0.5499062538146973,1.970340371131897,-3.0070431232452393,0.9598683322971302,False
2,finetune_000022_v00,finetune_000022,NiPC3NO3,67,O,-1.652931571006775,2.9066014289855957,-2.5689752101898193,1.0,True
2,finetune_000022_v00,finetune_000022,NiPC3NO3,68,O,-2.7372963428497314,-1.0480533838272095,-5.008019924163818,1.0,True
2,finetune_000022_v00,finetune_000022,NiPC3NO3,69,O,-1.7641350030899048,1.5371450185775757,-4.718430042266846,1.0,True
2,finetune_000022_v00,finetune_000022,NiPC3NO3,70,O,2.286228656768799,0.9362610578536987,-4.49949312210083,1.0,True
2,finetune_000022_v00,finetune_000022,NiPC3NO3,71,C,-1.3409534692764282,7.420217990875244,-2.5196802616119385,1.0,True
2,finetune_000022_v00,finetune_000022,NiPC3NO3,72,Ni,3.858837604522705,-2.3196914196014404,2.1717770099639893,1.0,True
2,finetune_000022_v00,finetune_000022,NiPC3NO3,73,Ni,6.1852264404296875,-1.1318976879119873,3.9791839122772217,1.0,True
2,finetune_000022_v00,finetune_000022,NiPC3NO3,74,Ni,4.337630748748779,3.535433530807495,-5.316685199737549,1.0,True
2,finetune_000022_v00,finetune_000022,NiPC3NO3,75,P,6.969977378845215,-2.138028860092163,0.9009615182876587,1.0,True
2,finetune_000022_v00,finetune_000022,NiPC3NO3,76,P,5.6167097091674805,2.138028860092163,-2.520343065261841,1.0,True
2,finetune_000022_v00,finetune_000022,NiPC3NO3,77,P,3.10495662689209,0.4751175343990326,-5.751830101013184,1.0,True
2,finetune_000022_v00,finetune_000022,NiPC3NO3,78,C,3.8989648818969727,0.29345494508743286,0.8732089996337891,1.0,True
2,finetune_000022_v00,finetune_000022,NiPC3NO3,79,C,7.896809101104736,-0.48909157514572144,0.40747421979904175,1.0,True
2,finetune_000022_v00,finetune_000022,NiPC3NO3,80,C,4.482901096343994,-0.9781831502914429,6.41900110244751,1.0,True
2,finetune_000022_v00,finetune_000022,NiPC3NO3,81,C,3.3335680961608887,1.3974045515060425,-0.1033790186047554,1.0,True
2,finetune_000022_v00,finetune_000022,NiPC3NO3,82,C,4.696057319641113,0.48909157514572144,-2.027651071548462,1.0,True
2,finetune_000022_v00,finetune_000022,NiPC3NO3,83,N,3.231621265411377,0.8803648352622986,-1.6439437866210938,1.0,True
2,finetune_000022_v00,finetune_000022,NiPC3NO3,84,O,3.973165988922119,-3.47953724861145,3.8083736896514893,1.0,True
2,finetune_000022_v00,finetune_000022,NiPC3NO3,85,O,6.469486713409424,-2.9205753803253174,-0.3524059057235718,0.9600061195283441,True
2,finetune_000022_v00,finetune_000022,NiPC3NO3,86,O,5.8577494621276855,-1.970340371131897,2.18294095993042,1.0,True
2,finetune_000022_v00,finetune_000022,NiPC3NO3,87,O,4.121427059173584,-0.9362610578536987,3.67539119720459,1.0,True
2,finetune_000022_v00,finetune_000022,NiPC3NO3,88,O,2.4344897270202637,3.47953724861145,-4.632475852966309,0.920693593685032,True
2,finetune_000022_v00,finetune_000022,NiPC3NO3,89,O,6.1172003746032715,2.9205753803253174,-1.2669756412506104,0.95993957540098,True
2,finetune_000022_v00,finetune_000022,NiPC3NO3,90,O,6.72893762588501,1.970340371131897,-3.8023223876953125,1.0,True
2,finetune_000022_v00,finetune_000022,NiPC3NO3,91,O,4.526100158691406,2.9066014289855957,-3.3642544746398926,0.9600007703977064,True
2,finetune_000022_v00,finetune_000022,NiPC3NO3,92,O,3.44173526763916,-1.0480533838272095,-5.803299427032471,1.0,True
2,finetune_000022_v00,finetune_000022,NiPC3NO3,93,O,4.414896488189697,1.5371450185775757,-5.513709545135498,1.0,True
2,finetune_000185_v00,finetune_000185,MgPHCO6,0,Mg,-4.429238796234131,4.9896931648254395,-4.2166829109191895,0.9599332855596682,True
2,finetune_000185_v00,finetune_000185,MgPHCO6,1,O,-2.978046417236328,4.379333019256592,-5.517452716827393,0.9599997812379311,True
2,finetune_000185_v00,finetune_000185,MgPHCO6,2,Mg,-7.126622200012207,2.6398069858551025,0.5142719149589539,0.959922610843646,False
2,finetune_000185_v00,finetune_000185,MgPHCO6,3,Mg,-3.663181781768799,-2.6398069858551025,0.3735698461532593,0.9199111673047903,True
2,finetune_000185_v00,finetune_000185,MgPHCO6,4,P,-6.1987223625183105,-2.7771379947662354,2.6202754974365234,0.9599251303497115,True
2,finetune_000185_v00,finetune_000185,MgPHCO6,5,P,-3.5013387203216553,-4.852362155914307,-2.1106793880462646,0.9599337213969139,True
2,finetune_000185_v00,finetune_000185,MgPHCO6,6,P,-4.591081619262695,2.7771379947662354,-1.7324336767196655,0.9599279291507014,True
2,finetune_000185_v00,finetune_000185,MgPHCO6,7,H,-5.481218338012695,-0.9155399799346924,2.24560546875,0.9599680105029633,True
2,finetune_000185_v00,finetune_000185,MgPHCO6,8,H,-2.78383469581604,-6.71396017074585,-2.485349416732788,0.9599573122209573,True
2,finetune_000185_v00,finetune_000185,MgPHCO6,9,H,-5.3085856437683105,0.9155399799346924,-1.357763648033142,0.9607185178451818,True
2,finetune_000185_v00,finetune_000185,MgPHCO6,10,C,-7.590572357177734,-0.21362599730491638,0.12860214710235596,0.9599812236952585,True
2,finetune_000185_v00,finetune_000185,MgPHCO6,11,C,-3.1992318630218506,0.21362599730491638,0.7592396140098572,0.9599595276419596,True
2,finetune_000185_v00,finetune_000185,MgPHCO6,12,O,-2.978046417236328,4.379333019256592,3.500547409057617,0.9599949648663508,True
2,finetune_000185_v00,finetune_000185,MgPHCO6,13,O,-6.797541618347168,0.671396017074585,-0.2703185975551605,0.9599904752235963,True
2,finetune_000185_v00,finetune_000185,MgPHCO6,14,O,-7.649914741516113,-1.4038280248641968,-0.2633068561553955,0.9599939991379018,True
2,finetune_000185_v00,finetune_000185,MgPHCO6,15,O,-5.999115943908691,-3.2806849479675293,4.037712574005127,0.9199921258140594,True
2,finetune_000185_v00,finetune_000185,MgPHCO6,16,O,-5.114374160766602,-3.250166893005371,1.6743395328521729,0.9599945177727448,True
2,finetune_000185_v00,finetune_000185,MgPHCO6,17,O,-6.112406253814697,-1.174942970275879,2.6943349838256836,0.9199131384263268,True
2,finetune_000185_v00,finetune_000185,MgPHCO6,18,O,-3.3071272373199463,-4.348814964294434,-0.6837801933288574,0.9599944611405313,True
2,finetune_000185_v00,finetune_000185,MgPHCO6,19,O,-4.90397834777832,-4.516664028167725,-2.581432819366455,0.959933829459936,True
2,finetune_000185_v00,finetune_000185,MgPHCO6,20,O,-3.415022611618042,-6.454556941986084,-2.0366199016571045,0.9600017702063539,True
2,finetune_000185_v00,finetune_000185,MgPHCO6,21,O,-3.992262601852417,-0.671396017074585,1.1581603288650513,0.9599754412983541,True
2,finetune_000185_v00,finetune_000185,MgPHCO6,22,O,-3.1398894786834717,1.4038280248641968,1.1511485576629639,0.9600011175590532,True
2,finetune_000185_v00,finetune_000185,MgPHCO6,23,O,-4.7852935791015625,3.2806849479675293,-3.1593329906463623,0.9199814697238999,True
2,finetune_000185_v00,finetune_000185,MgPHCO6,24,O,-5.675429821014404,3.250166893005371,-0.7864978313446045,0.9599960945006007,True
2,finetune_000185_v00,finetune_000185,MgPHCO6,25,O,-3.1884422302246094,3.1128358840942383,-1.261680245399475,1.0,True
2,finetune_000185_v00,finetune_000185,MgPHCO6,26,O,-4.677398204803467,1.174942970275879,-1.8064931631088257,1.0,True
2,finetune_000185_v00,finetune_000185,MgPHCO6,27,Mg,0.9655284881591797,4.9896931648254395,-4.660592555999756,1.0,True
2,finetune_000185_v00,finetune_000185,MgPHCO6,28,P,-0.8039551973342896,-2.7771379947662354,-6.841634273529053,1.0,True
2,finetune_000185_v00,finetune_000185,MgPHCO6,29,H,-0.08645114302635193,-0.9155399799346924,-7.216304302215576,1.0,True
2,finetune_000185_v00,finetune_000185,MgPHCO6,30,O,2.4167208671569824,4.379333019256592,-5.961362361907959,1.0,True
2,finetune_000185_v00,finetune_000185,MgPHCO6,31,O,-0.49105867743492126,4.516664028167725,-5.992635250091553,1.0,True
2,finetune_000185_v00,finetune_000185,MgPHCO6,32,O,-0.6043487787246704,-3.2806849479675293,-5.424197196960449,0.9199350557660221,True
2,finetune_000185_v00,finetune_000185,MgPHCO6,33,O,-0.7176389098167419,-1.174942970275879,-6.767574787139893,1.0,True
2,finetune_000185_v00,finetune_000185,MgPHCO6,34,Mg,-1.7318551540374756,2.6398069858551025,0.0703621357679367,0.9599319147310685,True
2,finetune_000185_v00,finetune_000185,MgPHCO6,35,Mg,-0.9657981991767883,-4.9896931648254395,-4.357385158538818,1.0,True
2,finetune_000185_v00,finetune_000185,MgPHCO6,36,Mg,1.7315853834152222,-2.6398069858551025,-0.07033994048833847,1.0,True
2,finetune_000185_v00,finetune_000185,MgPHCO6,37,Mg,0.9655284881591797,4.9896931648254395,4.357407093048096,1.0,True
2,finetune_000185_v00,finetune_000185,MgPHCO6,38,P,-1.8936980962753296,4.852362155914307,2.5546114444732666,1.0,True
2,finetune_000185_v00,finetune_000185,MgPHCO6,39,P,-0.8039551973342896,-2.7771379947662354,2.176365613937378,1.0,True
2,finetune_000185_v00,finetune_000185,MgPHCO6,40,P,1.8934284448623657,-4.852362155914307,-2.55458927154541,1.0,True
2,finetune_000185_v00,finetune_000185,MgPHCO6,41,P,0.8036854267120361,2.7771379947662354,-2.1763434410095215,1.0,True
2,finetune_000185_v00,finetune_000185,MgPHCO6,42,H,-2.6112022399902344,6.71396017074585,2.92928147315979,1.0,True
2,finetune_000185_v00,finetune_000185,MgPHCO6,43,H,-0.08645114302635193,-0.9155399799346924,1.801695704460144,0.9198932490388736,True
2,finetune_000185_v00,finetune_000185,MgPHCO6,44,H,2.6109323501586914,-6.71396017074585,-2.9292593002319336,0.9199327535193114,True
2,finetune_000185_v00,finetune_000185,MgPHCO6,45,H,0.0861814096570015,0.9155399799346924,-1.801673412322998,0.959922610843646,False
2,finetune_000185_v00,finetune_000185,MgPHCO6,46,C,-2.195805072784424,-0.21362599730491638,-0.3153076171875,1.0,True
2,finetune_000185_v00,finetune_000185,MgPHCO6,47,C,2.19553542137146,0.21362599730491638,0.31532981991767883,1.0,True
2,finetune_000185_v00,finetune_000185,MgPHCO6,48,O,-2.087909698486328,4.348814964294434,1.1367301940917969,1.0,True
2,finetune_000185_v00,finetune_000185,MgPHCO6,49,O,2.4167208671569824,4.379333019256592,3.0566375255584717,1.0,True
2,finetune_000185_v00,finetune_000185,MgPHCO6,50,O,-0.49105867743492126,4.516664028167725,3.025364875793457,0.9599909945003037,True
2,finetune_000185_v00,finetune_000185,MgPHCO6,51,O,-1.980014443397522,6.454556941986084,2.4805519580841064,0.9600011175590532,True
2,finetune_000185_v00,finetune_000185,MgPHCO6,52,O,-1.4027743339538574,0.671396017074585,-0.7142283320426941,1.0,True
2,finetune_000185_v00,finetune_000185,MgPHCO6,53,O,-2.2551474571228027,-1.4038280248641968,-0.7072166204452515,1.0,True
2,finetune_000185_v00,finetune_000185,MgPHCO6,54,O,-0.6043487787246704,-3.2806849479675293,3.5938029289245605,1.0,True
2,finetune_000185_v00,finetune_000185,MgPHCO6,55,O,0.2803930342197418,-3.250166893005371,1.230429768562317,1.0,True
2,finetune_000185_v00,finetune_000185,MgPHCO6,56,O,-2.206594705581665,-3.1128358840942383,1.7056121826171875,1.0,True
2,finetune_000185_v00,finetune_000185,MgPHCO6,57,O,-0.7176389098167419,-1.174942970275879,2.250425100326538,1.0,True
2,finetune_000185_v00,finetune_000185,MgPHCO6,58,O,-1.2948789596557617,-6.958104133605957,-3.5727944374084473,1.0,True
2,finetune_000185_v00,finetune_000185,MgPHCO6,59,O,-0.44250577688217163,6.225671768188477,-3.579806327819824,1.0,True
2,finetune_000185_v00,finetune_000185,MgPHCO6,60,O,2.0876400470733643,-4.348814964294434,-1.1276899576187134,1.0,True
2,finetune_000185_v00,finetune_000185,MgPHCO6,61,O,-2.4169905185699463,-4.379333019256592,-3.0566153526306152,1.0,True
2,finetune_000185_v00,finetune_000185,MgPHCO6,62,O,0.49078893661499023,-4.516664028167725,-3.0253427028656006,0.9599960313134587,True
2,finetune_000185_v00,finetune_000185,MgPHCO6,63,O,1.9797446727752686,-6.454556941986084,-2.48052978515625,1.0,True
2,finetune_000185_v00,finetune_000185,MgPHCO6,64,O,1.402504563331604,-0.671396017074585,0.7142505645751953,0.9599945177727448,True
2,finetune_000185_v00,finetune_000185,MgPHCO6,65,O,2.254877805709839,1.4038280248641968,0.7072387933731079,0.9199249115876426,True
2,finetune_000185_v00,finetune_000185,MgPHCO6,66,O,0.6094738245010376,3.2806849479675293,-3.6032426357269287,1.0,True
2,finetune_000185_v00,finetune_000185,MgPHCO6,67,O,-0.28066277503967285,3.250166893005371,-1.2304075956344604,0.9599279291507014,True
2,finetune_000185_v00,finetune_000185,MgPHCO6,68,O,2.206324815750122,3.1128358840942383,-1.705590009689331,1.0,True
2,finetune_000185_v00,finetune_000185,MgPHCO6,69,O,0.7173691391944885,1.174942970275879,-2.2504029273986816,1.0,True
2,finetune_000185_v00,finetune_000185,MgPHCO6,70,O,1.2946093082427979,6.958104133605957,3.572816848754883,1.0,True
2,finetune_000185_v00,finetune_000185,MgPHCO6,71,O,0.4422360360622406,-6.225671768188477,3.5798285007476807,1.0,True
2,finetune_000185_v00,finetune_000185,MgPHCO6,72,Mg,-0.9657981991767883,-4.9896931648254395,4.660614967346191,1.0,True
2,finetune_000185_v00,finetune_000185,MgPHCO6,73,P,0.8036854267120361,2.7771379947662354,6.841656684875488,1.0,True
2,finetune_000185_v00,finetune_000185,MgPHCO6,74,H,0.0861814096570015,0.9155399799346924,7.216326713562012,1.0,True
2,finetune_000185_v00,finetune_000185,MgPHCO6,75,O,-2.4169905185699463,-4.379333019256592,5.9613847732543945,1.0,True
2,finetune_000185_v00,finetune_000185,MgPHCO6,76,O,0.49078893661499023,-4.516664028167725,5.99265718460083,1.0,True
2,finetune_000185_v00,finetune_000185,MgPHCO6,77,O,0.6094738245010376,3.2806849479675293,5.414757251739502,1.0,True
2,finetune_000185_v00,finetune_000185,MgPHCO6,78,O,0.7173691391944885,1.174942970275879,6.767597198486328,1.0,True
2,finetune_000185_v00,finetune_000185,MgPHCO6,79,Mg,3.662912130355835,2.6398069858551025,-0.37354764342308044,1.0,True
2,finetune_000185_v00,finetune_000185,MgPHCO6,80,Mg,7.126352787017822,-2.6398069858551025,-0.5142497420310974,1.0,True
2,finetune_000185_v00,finetune_000185,MgPHCO6,81,P,3.5010690689086914,4.852362155914307,2.110701560974121,1.0,True
2,finetune_000185_v00,finetune_000185,MgPHCO6,82,P,4.5908122062683105,-2.7771379947662354,1.732455849647522,1.0,True
2,finetune_000185_v00,finetune_000185,MgPHCO6,83,P,6.198452472686768,2.7771379947662354,-2.620253324508667,0.9599773378448542,True
2,finetune_000185_v00,finetune_000185,MgPHCO6,84,H,2.783565044403076,6.71396017074585,2.4853715896606445,1.0,True
2,finetune_000185_v00,finetune_000185,MgPHCO6,85,H,5.308316230773926,-0.9155399799346924,1.3577858209609985,1.0,True
2,finetune_000185_v00,finetune_000185,MgPHCO6,86,H,5.480948448181152,0.9155399799346924,-2.2455832958221436,1.0,True
2,finetune_000185_v00,finetune_000185,MgPHCO6,87,C,3.1989619731903076,-0.21362599730491638,-0.759217381477356,1.0,True
2,finetune_000185_v00,finetune_000185,MgPHCO6,88,C,7.590302467346191,0.21362599730491638,-0.12857995927333832,1.0,True
2,finetune_000185_v00,finetune_000185,MgPHCO6,89,O,3.3068573474884033,4.348814964294434,0.6928204298019409,0.9599949648663508,True
2,finetune_000185_v00,finetune_000185,MgPHCO6,90,O,4.903708457946777,4.516664028167725,2.5814552307128906,1.0,True
2,finetune_000185_v00,finetune_000185,MgPHCO6,91,O,3.414752721786499,6.454556941986084,2.03664231300354,1.0,True
2,finetune_000185_v00,finetune_000185,MgPHCO6,92,O,3.991992950439453,0.671396017074585,-1.1581381559371948,1.0,True
2,finetune_000185_v00,finetune_000185,MgPHCO6,93,O,3.1396195888519287,-1.4038280248641968,-1.1511263847351074,1.0,True
2,finetune_000185_v00,finetune_000185,MgPHCO6,94,O,4.79041862487793,-3.2806849479675293,3.149893283843994,1.0,True
2,finetune_000185_v00,finetune_000185,MgPHCO6,95,O,5.6751604080200195,-3.250166893005371,0.7865200042724609,1.0,True
2,finetune_000185_v00,finetune_000185,MgPHCO6,96,O,3.1881725788116455,-3.1128358840942383,1.2617024183273315,1.0,True
2,finetune_000185_v00,finetune_000185,MgPHCO6,97,O,4.677128314971924,-1.174942970275879,1.8065153360366821,0.9599944611405313,True
2,finetune_000185_v00,finetune_000185,MgPHCO6,98,O,2.977776527404785,-4.379333019256592,-3.5005249977111816,1.0,True
2,finetune_000185_v00,finetune_000185,MgPHCO6,99,O,6.797271728515625,-0.671396017074585,0.27034077048301697,1.0,True
2,finetune_000185_v00,finetune_000185,MgPHCO6,100,O,7.64964485168457,1.4038280248641968,0.26332902908325195,0.9599939991379018,True
2,finetune_000185_v00,finetune_000185,MgPHCO6,101,O,6.004240989685059,3.2806849479675293,-4.047152519226074,1.0,True
2,finetune_000185_v00,finetune_000185,MgPHCO6,102,O,5.114104270935059,3.250166893005371,-1.6743173599243164,1.0,True
2,finetune_000185_v00,finetune_000185,MgPHCO6,103,O,6.112136363983154,1.174942970275879,-2.694312572479248,0.9599680105029633,True
2,finetune_000185_v00,finetune_000185,MgPHCO6,104,Mg,4.428968906402588,-4.9896931648254395,4.216705322265625,1.0,True
2,finetune_000185_v00,finetune_000185,MgPHCO6,105,O,2.977776527404785,-4.379333019256592,5.517475128173828,1.0,True
2,finetune_000018_v00,finetune_000018,CoHC4O3,0,C,-1.741438388824463,-7.201661109924316,-2.9885916709899902,0.9599882641224582,True
2,finetune_000018_v00,finetune_000018,CoHC4O3,1,Co,-4.314479351043701,-0.5298824906349182,-3.4533653259277344,0.959932617016991,True
2,finetune_000018_v00,finetune_000018,CoHC4O3,2,Co,-5.252559185028076,3.0904624462127686,2.746713161468506,0.959931631050537,True
2,finetune_000018_v00,finetune_000018,CoHC4O3,3,Co,-6.666455268859863,-2.3659145832061768,-3.008894205093384,0.9599363184846775,True
2,finetune_000018_v00,finetune_000018,CoHC4O3,4,H,-5.125264644622803,0.22004608809947968,0.21407151222229004,0.9599153257634706,True
2,finetune_000018_v00,finetune_000018,CoHC4O3,5,C,-3.527139902114868,-0.3100758194923401,-6.286299228668213,0.9600039798888041,True
2,finetune_000018_v00,finetune_000018,CoHC4O3,6,C,-4.552348613739014,0.5432911515235901,6.333197593688965,0.9599871169761828,True
2,finetune_000018_v00,finetune_000018,CoHC4O3,7,C,-4.033069133758545,-3.5554563999176025,-2.7765908241271973,0.9599930985145828,True
2,finetune_000018_v00,finetune_000018,CoHC4O3,8,C,-3.8387644290924072,-5.986259460449219,-2.656594753265381,0.9600026624375274,True
2,finetune_000018_v00,finetune_000018,CoHC4O3,9,C,-3.1720314025878906,-4.783787727355957,-2.7897751331329346,0.9599984016561737,True
2,finetune_000018_v00,finetune_000018,CoHC4O3,10,C,-5.2224202156066895,1.0346237421035767,5.084222793579102,0.9199878668421841,True
2,finetune_000018_v00,finetune_000018,CoHC4O3,11,C,-6.877503395080566,1.2673600912094116,0.7568265199661255,0.9599124387943567,False
2,finetune_000018_v00,finetune_000018,CoHC4O3,12,C,-6.562576770782471,0.05195865407586098,-1.324628472328186,0.959936093715288,True
2,finetune_000018_v00,finetune_000018,CoHC4O3,13,C,-6.147127628326416,0.4398527443408966,-0.06887540966272354,0.959936380646773,True
2,finetune_000018_v00,finetune_000018,CoHC4O3,14,O,-5.289460182189941,-3.6718246936798096,-2.4004194736480713,0.9599164431995273,True
2,finetune_000018_v00,finetune_000018,CoHC4O3,15,O,-5.530672550201416,-1.5513368844985962,-4.596212387084961,0.9599965257045543,True
2,finetune_000018_v00,finetune_000018,CoHC4O3,16,O,-4.428356647491455,4.590319633483887,3.837806224822998,0.9600138466541879,True
2,finetune_000018_v00,finetune_000018,CoHC4O3,17,O,-4.609294891357422,1.9784992933273315,4.429532051086426,0.9599985734358044,True
2,finetune_000018_v00,finetune_000018,CoHC4O3,18,O,-3.4634976387023926,-2.443493366241455,-3.143420696258545,0.9600040163185017,True
2,finetune_000018_v00,finetune_000018,CoHC4O3,19,O,-6.368251800537109,0.49157196283340454,4.729671001434326,0.9600144968594286,True
2,finetune_000018_v00,finetune_000018,CoHC4O3,20,O,-5.822149753570557,-0.7884785532951355,-2.050659656524658,0.9200215255151328,True
2,finetune_000018_v00,finetune_000018,CoHC4O3,21,O,-3.0815422534942627,-0.6074613332748413,-5.063735008239746,0.9600009019437744,True
2,finetune_000018_v00,finetune_000018,CoHC4O3,22,O,-6.431901454925537,1.5647456645965576,1.97939133644104,0.9607174315119468,True
2,finetune_000018_v00,finetune_000018,CoHC4O3,23,Co,-0.964090883731842,1.4871667623519897,4.618612766265869,0.9599207379809072,True
2,finetune_000018_v00,finetune_000018,CoHC4O3,24,Co,2.3862695693969727,-0.5298824906349182,-2.4396133422851562,0.9599354157428739,True
2,finetune_000018_v00,finetune_000018,CoHC4O3,25,Co,-1.9022209644317627,-2.1331779956817627,-4.296416282653809,0.959936093715288,True
2,finetune_000018_v00,finetune_000018,CoHC4O3,26,Co,-3.3193912506103516,3.3361287117004395,5.055030822753906,1.0,True
2,finetune_000018_v00,finetune_000018,CoHC4O3,27,Co,1.4481898546218872,3.0904624462127686,3.760465145111084,1.0,True
2,finetune_000018_v00,finetune_000018,CoHC4O3,28,Co,0.034293800592422485,-2.3659145832061768,-1.9951422214508057,1.0,True
2,finetune_000018_v00,finetune_000018,CoHC4O3,29,H,1.930580496788025,-5.986259460449219,-1.5572543144226074,1.0,True
2,finetune_000018_v00,finetune_000018,CoHC4O3,30,H,0.4966588318347931,-0.4523036777973175,-7.179991245269775,1.0,True
2,finetune_000018_v00,finetune_000018,CoHC4O3,31,H,-1.7748867273330688,0.7372382283210754,-6.829051971435547,1.0,True
2,finetune_000018_v00,finetune_000018,CoHC4O3,32,H,-2.8537025451660156,1.4095879793167114,-0.13686534762382507,0.9599124387943567,False
2,finetune_000018_v00,finetune_000018,CoHC4O3,33,H,1.5754841566085815,0.22004608809947968,1.2278233766555786,1.0,True
2,finetune_000018_v00,finetune_000018,CoHC4O3,34,H,-0.03273896500468254,-5.986259460449219,-3.243483543395996,0.9599164431995273,True
2,finetune_000018_v00,finetune_000018,CoHC4O3,35,C,0.8484415411949158,-1.3961793184280396,-4.839120388031006,0.959931631050537,True
2,finetune_000018_v00,finetune_000018,CoHC4O3,36,C,-1.5068506002426147,1.6164648532867432,1.3503990173339844,0.9600009019437744,True
2,finetune_000018_v00,finetune_000018,CoHC4O3,37,C,3.1736090183258057,-0.3100758194923401,-5.272547245025635,1.0,True
2,finetune_000018_v00,finetune_000018,CoHC4O3,38,C,2.14840030670166,0.5432911515235901,7.346949577331543,1.0,True
2,finetune_000018_v00,finetune_000018,CoHC4O3,39,C,-1.1952742338180542,0.41399314999580383,-0.7089127898216248,1.0,True
2,finetune_000018_v00,finetune_000018,CoHC4O3,40,C,2.667679786682129,-3.5554563999176025,-1.7628389596939087,1.0,True
2,finetune_000018_v00,finetune_000018,CoHC4O3,41,C,2.8619844913482666,-5.986259460449219,-1.6428427696228027,1.0,True
2,finetune_000018_v00,finetune_000018,CoHC4O3,42,C,3.528717517852783,-4.783787727355957,-1.7760231494903564,1.0,True
2,finetune_000018_v00,finetune_000018,CoHC4O3,43,C,1.4783289432525635,1.0346237421035767,6.09797477722168,0.9599985734358044,True
2,finetune_000018_v00,finetune_000018,CoHC4O3,44,C,-1.9725555181503296,1.215640902519226,0.10969281941652298,1.0,True
2,finetune_000018_v00,finetune_000018,CoHC4O3,45,C,1.609026312828064,5.728142261505127,5.068297863006592,1.0,True
2,finetune_000018_v00,finetune_000018,CoHC4O3,46,C,-0.176754429936409,1.2673600912094116,1.770578384399414,1.0,True
2,finetune_000018_v00,finetune_000018,CoHC4O3,47,C,1.377808690071106,-0.25835663080215454,-6.933432579040527,1.0,True
2,finetune_000018_v00,finetune_000018,CoHC4O3,48,C,-2.501906633377075,2.353463649749756,2.204007625579834,1.0,True
2,finetune_000018_v00,finetune_000018,CoHC4O3,49,C,1.836807131767273,-0.6591805219650269,-5.693741321563721,1.0,True
2,finetune_000018_v00,finetune_000018,CoHC4O3,50,C,-0.6826382875442505,4.512740612030029,5.2802934646606445,1.0,True
2,finetune_000018_v00,finetune_000018,CoHC4O3,51,C,-3.212196111679077,0.9053256511688232,6.732248306274414,0.9599354157428739,True
2,finetune_000018_v00,finetune_000018,CoHC4O3,52,C,-2.796752452850342,0.5174315571784973,-7.11199951171875,1.0,True
2,finetune_000018_v00,finetune_000018,CoHC4O3,53,C,0.17841649055480957,5.741072177886963,5.267111778259277,0.9200116951794468,True
2,finetune_000018_v00,finetune_000018,CoHC4O3,54,C,-1.7414214611053467,-4.770857810974121,-2.98858904838562,1.0,True
2,finetune_000018_v00,finetune_000018,CoHC4O3,55,C,0.13817228376865387,0.05195865407586098,-0.3108765482902527,0.9199836426807371,True
2,finetune_000018_v00,finetune_000018,CoHC4O3,56,C,-1.8720532655715942,-0.07733938097953796,-1.9589022397994995,1.0,True
2,finetune_000018_v00,finetune_000018,CoHC4O3,57,C,-1.111559510231018,-5.986259460449219,-3.1499977111816406,0.9198689355016685,True
2,finetune_000018_v00,finetune_000018,CoHC4O3,58,C,0.5536214113235474,0.4398527443408966,0.9448764324188232,1.0,True
2,finetune_000018_v00,finetune_000018,CoHC4O3,59,O,1.4112886190414429,-3.6718246936798096,-1.3866676092147827,0.9199179882009977,True
2,finetune_000018_v00,finetune_000018,CoHC4O3,60,O,-2.471757650375366,1.745762825012207,6.006218910217285,1.0,True
2,finetune_000018_v00,finetune_000018,CoHC4O3,61,O,1.1700763702392578,-1.5513368844985962,-3.582460403442383,1.0,True
2,finetune_000018_v00,finetune_000018,CoHC4O3,62,O,-1.0780394077301025,-3.633035182952881,-3.2053263187408447,0.9200140995791544,True
2,finetune_000018_v00,finetune_000018,CoHC4O3,63,O,-0.1130824163556099,3.400777578353882,4.8983612060546875,1.0,True
2,finetune_000018_v00,finetune_000018,CoHC4O3,64,O,2.272392511367798,4.590319633483887,4.851558208465576,1.0,True
2,finetune_000018_v00,finetune_000018,CoHC4O3,65,O,-1.258941411972046,-1.0212149620056152,-2.5984950065612793,0.9199915001707565,True
2,finetune_000018_v00,finetune_000018,CoHC4O3,66,O,2.091454029083252,1.9784992933273315,5.443284034729004,1.0,True
2,finetune_000018_v00,finetune_000018,CoHC4O3,67,O,-3.6175785064697266,2.780147075653076,1.6501684188842773,1.0,True
2,finetune_000018_v00,finetune_000018,CoHC4O3,68,O,3.2372512817382812,-2.443493366241455,-2.129668951034546,1.0,True
2,finetune_000018_v00,finetune_000018,CoHC4O3,69,O,0.3324970602989197,0.49157196283340454,5.743422508239746,1.0,True
2,finetune_000018_v00,finetune_000018,CoHC4O3,70,O,-0.2672361135482788,-1.8228627443313599,-5.392960548400879,0.9600039798888041,True
2,finetune_000018_v00,finetune_000018,CoHC4O3,71,O,0.8785991668701172,-0.7884785532951355,-1.0369079113006592,1.0,True
2,finetune_000018_v00,finetune_000018,CoHC4O3,72,O,-1.9390279054641724,4.629108905792236,5.65646505355835,1.0,True
2,finetune_000018_v00,finetune_000018,CoHC4O3,73,O,-2.1735689640045166,2.5086212158203125,3.4465816020965576,1.0,True
2,finetune_000018_v00,finetune_000018,CoHC4O3,74,O,-3.0178775787353516,0.4657123386859894,-2.313453197479248,1.0,True
2,finetune_000018_v00,finetune_000018,CoHC4O3,75,O,3.619206666946411,-0.6074613332748413,-4.049983024597168,1.0,True
2,finetune_000018_v00,finetune_000018,CoHC4O3,76,O,0.2688474655151367,1.5647456645965576,2.993143081665039,1.0,True
2,finetune_000018_v00,finetune_000018,CoHC4O3,77,H,0.4966588318347931,-0.4523036777973175,7.920008659362793,1.0,True
2,finetune_000018_v00,finetune_000018,CoHC4O3,78,Co,4.798527717590332,-2.1331779956817627,-3.2826645374298096,0.959936380646773,True
2,finetune_000018_v00,finetune_000018,CoHC4O3,79,Co,3.3813576698303223,3.3361287117004395,6.068782806396484,1.0,True
2,finetune_000018_v00,finetune_000018,CoHC4O3,80,Co,6.735042572021484,-2.3659145832061768,-0.9813903570175171,1.0,True
2,finetune_000018_v00,finetune_000018,CoHC4O3,81,H,4.9258623123168945,0.7372382283210754,-5.815299987792969,1.0,True
2,finetune_000018_v00,finetune_000018,CoHC4O3,82,H,3.847046375274658,1.4095879793167114,0.8768865466117859,1.0,True
2,finetune_000018_v00,finetune_000018,CoHC4O3,83,C,5.1938982009887695,1.6164648532867432,2.3641507625579834,1.0,True
2,finetune_000018_v00,finetune_000018,CoHC4O3,84,C,5.50547456741333,0.41399314999580383,0.3048390746116638,1.0,True
2,finetune_000018_v00,finetune_000018,CoHC4O3,85,C,4.728193283081055,1.215640902519226,1.123444676399231,1.0,True
2,finetune_000018_v00,finetune_000018,CoHC4O3,86,C,6.523994445800781,1.2673600912094116,2.784330368041992,1.0,True
2,finetune_000018_v00,finetune_000018,CoHC4O3,87,C,4.1988420486450195,2.353463649749756,3.217759609222412,1.0,True
2,finetune_000018_v00,finetune_000018,CoHC4O3,88,C,3.903996467590332,0.5174315571784973,-6.098247528076172,1.0,True
2,finetune_000018_v00,finetune_000018,CoHC4O3,89,C,4.959327697753906,-4.770857810974121,-1.9748371839523315,1.0,True
2,finetune_000018_v00,finetune_000018,CoHC4O3,90,C,6.838921070098877,0.05195865407586098,0.7028753161430359,1.0,True
2,finetune_000018_v00,finetune_000018,CoHC4O3,91,C,4.828695774078369,-0.07733938097953796,-0.9451503753662109,1.0,True
2,finetune_000018_v00,finetune_000018,CoHC4O3,92,C,7.254370212554932,0.4398527443408966,1.9586282968521118,1.0,True
2,finetune_000018_v00,finetune_000018,CoHC4O3,93,O,5.62270975112915,-3.633035182952881,-2.1915745735168457,1.0,True
2,finetune_000018_v00,finetune_000018,CoHC4O3,94,O,5.441807746887207,-1.0212149620056152,-1.5847430229187012,1.0,True
2,finetune_000018_v00,finetune_000018,CoHC4O3,95,O,3.0831704139709473,2.780147075653076,2.6639201641082764,1.0,True
2,finetune_000018_v00,finetune_000018,CoHC4O3,96,O,6.4335126876831055,-1.8228627443313599,-4.379208564758301,0.9599207379809072,True
2,finetune_000018_v00,finetune_000018,CoHC4O3,97,O,7.579348087310791,-0.7884785532951355,-0.02315598726272583,1.0,True
2,finetune_000018_v00,finetune_000018,CoHC4O3,98,O,4.527180194854736,2.5086212158203125,4.460333347320557,1.0,True
2,finetune_000018_v00,finetune_000018,CoHC4O3,99,O,3.6828713417053223,0.4657123386859894,-1.2997013330459595,1.0,True
3,finetune_000002_v00,finetune_000002,LiC6N4F3,0,Li,-5.898421764373779,-0.8343194127082825,-2.6367475986480713,0.9599676868119135,True
3,finetune_000002_v00,finetune_000002,LiC6N4F3,1,C,-5.925736427307129,1.152877688407898,1.5064032077789307,0.9599542919223898,True
3,finetune_000002_v00,finetune_000002,LiC6N4F3,2,C,-7.052896976470947,1.516944408416748,2.245323419570923,0.9599424684077675,True
3,finetune_000002_v00,finetune_000002,LiC6N4F3,3,C,-5.331902503967285,1.9265193939208984,3.3714115619659424,0.9599693892664866,True
3,finetune_000002_v00,finetune_000002,LiC6N4F3,4,C,-5.903201580047607,0.6067777276039124,0.1933431774377823,0.9599463713711397,True
3,finetune_000002_v00,finetune_000002,LiC6N4F3,5,C,-4.434192657470703,2.343679189682007,4.492305755615234,0.9199357294632926,True
3,finetune_000002_v00,finetune_000002,LiC6N4F3,6,C,-5.371741771697998,1.9947818517684937,-4.301088333129883,0.9599401010176001,False
3,finetune_000002_v00,finetune_000002,LiC6N4F3,7,C,-4.566991329193115,2.571220636367798,-3.18019437789917,0.9199112330134306,True
3,finetune_000002_v00,finetune_000002,LiC6N4F3,8,N,-4.813109874725342,1.4107582569122314,2.253587484359741,0.9599678598046457,True
3,finetune_000002_v00,finetune_000002,LiC6N4F3,9,N,-5.929643630981445,0.17444860935211182,-0.857435405254364,0.9199412893671257,True
3,finetune_000002_v00,finetune_000002,LiC6N4F3,10,N,-6.670003414154053,2.025120735168457,3.4514408111572266,0.9599474307580279,True
3,finetune_000002_v00,finetune_000002,LiC6N4F3,11,N,-5.944035530090332,0.7812263369560242,-4.221059322357178,0.9599603017112861,True
3,finetune_000002_v00,finetune_000002,LiC6N4F3,12,F,-3.172196388244629,2.4650347232818604,4.063591003417969,0.9599940536084017,True
3,finetune_000002_v00,finetune_000002,LiC6N4F3,13,F,-4.421529293060303,1.4562666416168213,5.494688034057617,0.9599679474937796,True
3,finetune_000002_v00,finetune_000002,LiC6N4F3,14,F,-4.802289009094238,3.511726140975952,5.024187088012695,0.959996709301926,True
3,finetune_000002_v00,finetune_000002,LiC6N4F3,15,F,-3.840618133544922,3.61032772064209,-3.6089091300964355,0.9199880881546605,True
3,finetune_000002_v00,finetune_000002,LiC6N4F3,16,F,-5.333415985107422,3.018719434738159,-2.177812099456787,0.9599794337061096,True
3,finetune_000002_v00,finetune_000002,LiC6N4F3,17,F,-3.7310433387756348,1.6762235164642334,-2.64831280708313,0.9199406431566199,True
3,finetune_000002_v00,finetune_000002,LiC6N4F3,18,Li,-1.61379873752594,6.750402450561523,-1.9285107851028442,0.9600078362607228,True
3,finetune_000002_v00,finetune_000002,LiC6N4F3,19,N,-1.6450207233428955,7.7591705322265625,-0.14919862151145935,0.95996467244269,True
3,finetune_000002_v00,finetune_000002,LiC6N4F3,20,N,-3.6356868743896484,6.378751277923584,-2.2025976181030273,0.9599666315400581,True
3,finetune_000002_v00,finetune_000002,LiC6N4F3,21,Li,-3.627558469772339,-4.725281715393066,5.035752296447754,0.9599987467044017,True
3,finetune_000002_v00,finetune_000002,LiC6N4F3,22,C,-1.499102234840393,-6.431844234466553,1.5064032077789307,0.9599730915868014,True
3,finetune_000002_v00,finetune_000002,LiC6N4F3,23,C,-2.626262664794922,-6.067777633666992,2.245323419570923,0.959970148607073,True
3,finetune_000002_v00,finetune_000002,LiC6N4F3,24,C,-3.9837987422943115,-6.2194719314575195,1.8362010717391968,1.0,True
3,finetune_000002_v00,finetune_000002,LiC6N4F3,25,C,-0.9052680730819702,-5.658202648162842,3.3714115619659424,1.0,True
3,finetune_000002_v00,finetune_000002,LiC6N4F3,26,C,-1.4765673875808716,-6.977944374084473,0.1933431774377823,1.0,True
3,finetune_000002_v00,finetune_000002,LiC6N4F3,27,C,-0.00755828432738781,-5.2410430908203125,4.492305755615234,1.0,True
3,finetune_000002_v00,finetune_000002,LiC6N4F3,28,C,-0.9451078176498413,-5.589940071105957,-4.301088333129883,1.0,True
3,finetune_000002_v00,finetune_000002,LiC6N4F3,29,C,-0.14035731554031372,-5.013501167297363,-3.18019437789917,1.0,True
3,finetune_000002_v00,finetune_000002,LiC6N4F3,30,N,-0.386475533246994,-6.17396354675293,2.253587484359741,1.0,True
3,finetune_000002_v00,finetune_000002,LiC6N4F3,31,N,-1.5030094385147095,-7.410273551940918,-0.857435405254364,1.0,True
3,finetune_000002_v00,finetune_000002,LiC6N4F3,32,N,-2.2433691024780273,-5.559601306915283,3.4514408111572266,1.0,True
3,finetune_000002_v00,finetune_000002,LiC6N4F3,33,N,-1.1390033960342407,-4.884561061859131,-5.418912410736084,0.9599603017112861,True
3,finetune_000002_v00,finetune_000002,LiC6N4F3,34,F,1.2544379234313965,-5.119687080383301,4.063591003417969,1.0,True
3,finetune_000002_v00,finetune_000002,LiC6N4F3,35,F,-0.3756546974182129,-4.072995662689209,5.024187088012695,1.0,True
3,finetune_000002_v00,finetune_000002,LiC6N4F3,36,F,0.5860161185264587,-3.9743943214416504,-3.6089091300964355,0.9599746578270676,True
3,finetune_000002_v00,finetune_000002,LiC6N4F3,37,F,-0.9067816138267517,-4.56600284576416,-2.177812099456787,1.0,True
3,finetune_000002_v00,finetune_000002,LiC6N4F3,38,F,0.6955907940864563,-5.908498287200928,-2.64831280708313,1.0,True
3,finetune_000002_v00,finetune_000002,LiC6N4F3,39,Li,-2.812835454940796,0.8343194127082825,1.9285107851028442,1.0,True
3,finetune_000002_v00,finetune_000002,LiC6N4F3,40,Li,0.6570645570755005,2.8594400882720947,5.743988990783691,1.0,True
3,finetune_000002_v00,finetune_000002,LiC6N4F3,41,Li,2.812835454940796,-0.8343194127082825,-1.9285107851028442,1.0,True
3,finetune_000002_v00,finetune_000002,LiC6N4F3,42,Li,-0.6570645570755005,-2.8594400882720947,-5.743988990783691,0.9599940536084017,True
3,finetune_000002_v00,finetune_000002,LiC6N4F3,43,C,-2.3738436698913574,-1.8582568168640137,5.457859992980957,1.0,True
3,finetune_000002_v00,finetune_000002,LiC6N4F3,44,C,-2.136436700820923,-0.6977944374084473,4.718939781188965,1.0,True
3,finetune_000002_v00,finetune_000002,LiC6N4F3,45,C,-1.3366566896438599,0.4095749855041504,5.1280622482299805,1.0,True
3,finetune_000002_v00,finetune_000002,LiC6N4F3,46,C,-3.339515209197998,-1.9947818517684937,3.5928516387939453,1.0,True
3,finetune_000002_v00,finetune_000002,LiC6N4F3,47,C,-1.9094488620758057,-2.1464762687683105,6.770920276641846,1.0,True
3,finetune_000002_v00,finetune_000002,LiC6N4F3,48,C,-4.144265651702881,-2.571220636367798,2.4719576835632324,1.0,True
3,finetune_000002_v00,finetune_000002,LiC6N4F3,49,C,2.7855207920074463,1.152877688407898,2.214639902114868,1.0,True
3,finetune_000002_v00,finetune_000002,LiC6N4F3,50,C,1.658360242843628,1.516944408416748,2.9535601139068604,1.0,True
3,finetune_000002_v00,finetune_000002,LiC6N4F3,51,C,0.30082425475120544,1.3652499914169312,2.544437885284424,0.9599802518939377,True
3,finetune_000002_v00,finetune_000002,LiC6N4F3,52,C,3.379354953765869,1.9265193939208984,4.079648494720459,1.0,True
3,finetune_000002_v00,finetune_000002,LiC6N4F3,53,C,2.8080556392669678,0.6067777276039124,0.9015799760818481,1.0,True
3,finetune_000002_v00,finetune_000002,LiC6N4F3,54,C,4.277064800262451,2.343679189682007,5.200542449951172,1.0,True
3,finetune_000002_v00,finetune_000002,LiC6N4F3,55,C,2.3738436698913574,1.8582568168640137,-5.457859992980957,1.0,True
3,finetune_000002_v00,finetune_000002,LiC6N4F3,56,C,2.136436700820923,0.6977944374084473,-4.718939781188965,1.0,True
3,finetune_000002_v00,finetune_000002,LiC6N4F3,57,C,1.3366566896438599,-0.4095749855041504,-5.1280622482299805,1.0,True
3,finetune_000002_v00,finetune_000002,LiC6N4F3,58,C,3.339515209197998,1.9947818517684937,-3.5928516387939453,1.0,True
3,finetune_000002_v00,finetune_000002,LiC6N4F3,59,C,1.9094488620758057,2.1464762687683105,-6.770920276641846,1.0,True
3,finetune_000002_v00,finetune_000002,LiC6N4F3,60,C,4.144265651702881,2.571220636367798,-2.4719576835632324,1.0,True
3,finetune_000002_v00,finetune_000002,LiC6N4F3,61,C,-2.7855207920074463,-1.152877688407898,-2.214639902114868,1.0,True
3,finetune_000002_v00,finetune_000002,LiC6N4F3,62,C,-1.658360242843628,-1.516944408416748,-2.9535601139068604,1.0,True
3,finetune_000002_v00,finetune_000002,LiC6N4F3,63,C,-0.30082425475120544,-1.3652499914169312,-2.544437885284424,1.0,True
3,finetune_000002_v00,finetune_000002,LiC6N4F3,64,C,-3.379354953765869,-1.9265193939208984,-4.079648494720459,1.0,True
3,finetune_000002_v00,finetune_000002,LiC6N4F3,65,C,-2.8080556392669678,-0.6067777276039124,-0.9015799760818481,0.9599794337061096,True
3,finetune_000002_v00,finetune_000002,LiC6N4F3,66,C,-4.277064800262451,-2.343679189682007,-5.200542449951172,0.9599401010176001,False
3,finetune_000002_v00,finetune_000002,LiC6N4F3,67,N,-3.1456196308135986,-2.7001609802246094,4.7106757164001465,1.0,True
3,finetune_000002_v00,finetune_000002,LiC6N4F3,68,N,-0.6609886288642883,1.2818180322647095,5.469902515411377,1.0,True
3,finetune_000002_v00,finetune_000002,LiC6N4F3,69,N,-2.7672219276428223,-0.7812263369560242,3.512822389602661,0.9199358072984253,True
3,finetune_000002_v00,finetune_000002,LiC6N4F3,70,N,3.8981473445892334,1.4107582569122314,2.961824417114258,1.0,True
3,finetune_000002_v00,finetune_000002,LiC6N4F3,71,N,2.78161358833313,0.17444860935211182,-0.14919862151145935,1.0,True
3,finetune_000002_v00,finetune_000002,LiC6N4F3,72,N,-0.7909473776817322,1.2059707641601562,2.2025976181030273,1.0,True
3,finetune_000002_v00,finetune_000002,LiC6N4F3,73,N,2.0412538051605225,2.025120735168457,4.159677505493164,1.0,True
3,finetune_000002_v00,finetune_000002,LiC6N4F3,74,N,3.1456196308135986,2.7001609802246094,-4.7106757164001465,0.9599542919223898,True
3,finetune_000002_v00,finetune_000002,LiC6N4F3,75,N,0.6609886288642883,-1.2818180322647095,-5.469902515411377,1.0,True
3,finetune_000002_v00,finetune_000002,LiC6N4F3,76,N,2.7672219276428223,0.7812263369560242,-3.512822389602661,1.0,True
3,finetune_000002_v00,finetune_000002,LiC6N4F3,77,N,-3.8981473445892334,-1.4107582569122314,-2.961824417114258,1.0,True
3,finetune_000002_v00,finetune_000002,LiC6N4F3,78,N,-2.78161358833313,-0.17444860935211182,0.14919862151145935,1.0,True
3,finetune_000002_v00,finetune_000002,LiC6N4F3,79,N,0.7909473776817322,-1.2059707641601562,-2.2025976181030273,1.0,True
3,finetune_000002_v00,finetune_000002,LiC6N4F3,80,N,-2.0412538051605225,-2.025120735168457,-4.159677505493164,1.0,True
3,finetune_000002_v00,finetune_000002,LiC6N4F3,81,F,-4.870638847351074,-3.61032772064209,2.900672435760498,1.0,True
3,finetune_000002_v00,finetune_000002,LiC6N4F3,82,F,-3.3778412342071533,-3.018719434738159,1.46957528591156,1.0,True
3,finetune_000002_v00,finetune_000002,LiC6N4F3,83,F,-4.980213642120361,-1.6762235164642334,1.9400759935379028,1.0,True
3,finetune_000002_v00,finetune_000002,LiC6N4F3,84,F,5.539061069488525,2.4650347232818604,4.771827697753906,1.0,True
3,finetune_000002_v00,finetune_000002,LiC6N4F3,85,F,4.289728164672852,1.4562666416168213,6.202924728393555,1.0,True
3,finetune_000002_v00,finetune_000002,LiC6N4F3,86,F,3.908968210220337,3.511726140975952,5.732423782348633,1.0,True
3,finetune_000002_v00,finetune_000002,LiC6N4F3,87,F,4.870638847351074,3.61032772064209,-2.900672435760498,1.0,True
3,finetune_000002_v00,finetune_000002,LiC6N4F3,88,F,3.3778412342071533,3.018719434738159,-1.46957528591156,1.0,True
3,finetune_000002_v00,finetune_000002,LiC6N4F3,89,F,4.980213642120361,1.6762235164642334,-1.9400759935379028,1.0,True
3,finetune_000002_v00,finetune_000002,LiC6N4F3,90,F,-5.539061069488525,-2.4650347232818604,-4.771827697753906,1.0,True
3,finetune_000002_v00,finetune_000002,LiC6N4F3,91,F,-4.289728164672852,-1.4562666416168213,-6.202924728393555,1.0,True
3,finetune_000002_v00,finetune_000002,LiC6N4F3,92,F,-3.908968210220337,-3.511726140975952,-5.732423782348633,1.0,True
3,finetune_000002_v00,finetune_000002,LiC6N4F3,93,Li,3.627558469772339,4.725281715393066,-5.035752296447754,1.0,True
3,finetune_000002_v00,finetune_000002,LiC6N4F3,94,C,0.9451078176498413,5.589940071105957,4.301088333129883,1.0,True
3,finetune_000002_v00,finetune_000002,LiC6N4F3,95,C,0.14035731554031372,5.013501167297363,3.18019437789917,1.0,True
3,finetune_000002_v00,finetune_000002,LiC6N4F3,96,C,1.499102234840393,6.431844234466553,-1.5064032077789307,1.0,True
3,finetune_000002_v00,finetune_000002,LiC6N4F3,97,C,2.626262664794922,6.067777633666992,-2.245323419570923,0.9199142473826539,True
3,finetune_000002_v00,finetune_000002,LiC6N4F3,98,C,3.9837987422943115,6.2194719314575195,-1.8362010717391968,1.0,True
3,finetune_000002_v00,finetune_000002,LiC6N4F3,99,C,0.9052680730819702,5.658202648162842,-3.3714115619659424,1.0,True
3,finetune_000002_v00,finetune_000002,LiC6N4F3,100,C,1.4765673875808716,6.977944374084473,-0.1933431774377823,1.0,True
3,finetune_000002_v00,finetune_000002,LiC6N4F3,101,C,0.00755828432738781,5.2410430908203125,-4.492305755615234,1.0,True
3,finetune_000002_v00,finetune_000002,LiC6N4F3,102,N,1.1390033960342407,4.884561061859131,5.418912410736084,1.0,True
3,finetune_000002_v00,finetune_000002,LiC6N4F3,103,N,0.386475533246994,6.17396354675293,-2.253587484359741,1.0,True
3,finetune_000002_v00,finetune_000002,LiC6N4F3,104,N,1.5030094385147095,7.410273551940918,0.857435405254364,1.0,True
3,finetune_000002_v00,finetune_000002,LiC6N4F3,105,N,2.2433691024780273,5.559601306915283,-3.4514408111572266,0.9599474307580279,True
3,finetune_000002_v00,finetune_000002,LiC6N4F3,106,F,-0.5860161185264587,3.9743943214416504,3.6089091300964355,0.9607476279217421,True
3,finetune_000002_v00,finetune_000002,LiC6N4F3,107,F,0.9067816138267517,4.56600284576416,2.177812099456787,1.0,True
3,finetune_000002_v00,finetune_000002,LiC6N4F3,108,F,-0.6955907940864563,5.908498287200928,2.64831280708313,0.959970148607073,True
3,finetune_000002_v00,finetune_000002,LiC6N4F3,109,F,-1.2544379234313965,5.119687080383301,-4.063591003417969,1.0,True
3,finetune_000002_v00,finetune_000002,LiC6N4F3,110,F,0.3756546974182129,4.072995662689209,-5.024187088012695,0.959996709301926,True
3,finetune_000002_v00,finetune_000002,LiC6N4F3,111,Li,1.61379873752594,-6.750402450561523,1.9285107851028442,0.9599730915868014,True
3,finetune_000002_v00,finetune_000002,LiC6N4F3,112,N,3.6356868743896484,-6.378751277923584,2.2025976181030273,0.9599644755731592,True
3,finetune_000002_v00,finetune_000002,LiC6N4F3,113,N,1.6450207233428955,-7.7591705322265625,0.14919862151145935,1.0,True
3,finetune_000002_v00,finetune_000002,LiC6N4F3,114,Li,5.898421764373779,0.8343194127082825,2.6367475986480713,0.9599987467044017,True
3,finetune_000002_v00,finetune_000002,LiC6N4F3,115,C,5.371741771697998,-1.9947818517684937,4.301088333129883,1.0,True
3,finetune_000002_v00,finetune_000002,LiC6N4F3,116,C,4.566991329193115,-2.571220636367798,3.18019437789917,1.0,True
3,finetune_000002_v00,finetune_000002,LiC6N4F3,117,C,5.925736427307129,-1.152877688407898,-1.5064032077789307,0.9599424684077675,True
3,finetune_000002_v00,finetune_000002,LiC6N4F3,118,C,7.052896976470947,-1.516944408416748,-2.245323419570923,1.0,True
3,finetune_000002_v00,finetune_000002,LiC6N4F3,119,C,5.331902503967285,-1.9265193939208984,-3.3714115619659424,1.0,True
3,finetune_000002_v00,finetune_000002,LiC6N4F3,120,C,5.903201580047607,-0.6067777276039124,-0.1933431774377823,1.0,True
3,finetune_000002_v00,finetune_000002,LiC6N4F3,121,C,4.434192657470703,-2.343679189682007,-4.492305755615234,0.9599463713711397,True
3,finetune_000002_v00,finetune_000002,LiC6N4F3,122,N,5.944035530090332,-0.7812263369560242,4.221059322357178,1.0,True
3,finetune_000002_v00,finetune_000002,LiC6N4F3,123,N,4.813109874725342,-1.4107582569122314,-2.253587484359741,1.0,True
3,finetune_000002_v00,finetune_000002,LiC6N4F3,124,N,5.929643630981445,-0.17444860935211182,0.857435405254364,1.0,True
3,finetune_000002_v00,finetune_000002,LiC6N4F3,125,N,6.670003414154053,-2.025120735168457,-3.4514408111572266,1.0,True
3,finetune_000002_v00,finetune_000002,LiC6N4F3,126,F,3.840618133544922,-3.61032772064209,3.6089091300964355,1.0,True
3,finetune_000002_v00,finetune_000002,LiC6N4F3,127,F,5.333415985107422,-3.018719434738159,2.177812099456787,1.0,True
3,finetune_000002_v00,finetune_000002,LiC6N4F3,128,F,3.7310433387756348,-1.6762235164642334,2.64831280708313,1.0,True
3,finetune_000002_v00,finetune_000002,LiC6N4F3,129,F,3.172196388244629,-2.4650347232818604,-4.063591003417969,1.0,True
3,finetune_000002_v00,finetune_000002,LiC6N4F3,130,F,4.421529293060303,-1.4562666416168213,-5.494688034057617,1.0,True
3,finetune_000002_v00,finetune_000002,LiC6N4F3,131,F,4.802289009094238,-3.511726140975952,-5.024187088012695,1.0,True
3,finetune_000035_v00,finetune_000035,CoH4(C3O2)2,0,H,-3.7767958641052246,-4.740950107574463,-2.8382177352905273,0.9599475095580167,True
3,finetune_000035_v00,finetune_000035,CoH4(C3O2)2,1,C,-3.002004384994507,-4.193027019500732,-4.574848651885986,0.9199401997490247,True
3,finetune_000035_v00,finetune_000035,CoH4(C3O2)2,2,C,-3.12416934967041,-4.169875144958496,-3.2500600814819336,0.9599969835234194,True
3,finetune_000035_v00,finetune_000035,CoH4(C3O2)2,3,H,-3.061180591583252,-6.57765007019043,-0.8282963633537292,0.959961934098101,True
3,finetune_000035_v00,finetune_000035,CoH4(C3O2)2,4,H,-3.106110095977783,-3.830317258834839,-0.6292856931686401,0.9599493352151445,True
3,finetune_000035_v00,finetune_000035,CoH4(C3O2)2,5,C,-3.002004384994507,-4.193027019500732,5.915151119232178,0.9599609413206395,True
3,finetune_000035_v00,finetune_000035,CoH4(C3O2)2,6,O,-3.6376421451568604,-5.065073490142822,3.8046581745147705,0.9600311631000382,True
3,finetune_000035_v00,finetune_000035,CoH4(C3O2)2,7,H,-4.722358703613281,2.9762773513793945,-5.493960380554199,0.9607429355441369,True
3,finetune_000035_v00,finetune_000035,CoH4(C3O2)2,8,H,-4.889568328857422,0.22894440591335297,-5.617440223693848,0.919905811609832,True
3,finetune_000035_v00,finetune_000035,CoH4(C3O2)2,9,C,-4.1310906410217285,-0.33441320061683655,-5.669046401977539,0.9599422947269404,True
3,finetune_000035_v00,finetune_000035,CoH4(C3O2)2,10,C,-3.199190378189087,-0.31126150488853455,-4.7195515632629395,0.9199456697485475,True
3,finetune_000035_v00,finetune_000035,CoH4(C3O2)2,11,O,-3.084933280944824,-2.0553548336029053,-6.89526891708374,0.9599642578409252,True
3,finetune_000035_v00,finetune_000035,CoH4(C3O2)2,12,Co,-6.534611225128174,0.1286204606294632,2.2767398357391357,0.9599734118963035,True
3,finetune_000035_v00,finetune_000035,CoH4(C3O2)2,13,H,-4.722358703613281,2.9762773513793945,4.996039390563965,0.9599923772600163,True
3,finetune_000035_v00,finetune_000035,CoH4(C3O2)2,14,H,-4.006743431091309,1.1395772695541382,-3.484038829803467,0.9599410662748907,True
3,finetune_000035_v00,finetune_000035,CoH4(C3O2)2,15,H,-4.05167293548584,3.8869102001190186,-3.2850282192230225,0.9199109366478712,True
3,finetune_000035_v00,finetune_000035,CoH4(C3O2)2,16,H,-4.889568328857422,0.22894440591335297,4.872560024261475,0.959938536428434,False
3,finetune_000035_v00,finetune_000035,CoH4(C3O2)2,17,C,-4.742319583892822,2.5981333255767822,2.4013943672180176,0.9599576776299138,True
3,finetune_000035_v00,finetune_000035,CoH4(C3O2)2,18,C,-3.9475674629211426,3.524200439453125,3.259408473968506,0.9599766832505009,True
3,finetune_000035_v00,finetune_000035,CoH4(C3O2)2,19,C,-4.069732189178467,3.5473520755767822,4.584197521209717,0.9199422238947917,True
3,finetune_000035_v00,finetune_000035,CoH4(C3O2)2,20,C,-4.050769805908203,-1.260480523109436,3.651374340057373,0.9599711352099956,True
3,finetune_000035_v00,finetune_000035,CoH4(C3O2)2,21,C,-4.1310906410217285,-0.33441320061683655,4.820953845977783,0.9599492230163219,True
3,finetune_000035_v00,finetune_000035,CoH4(C3O2)2,22,C,-3.199190378189087,-0.31126150488853455,5.770448207855225,0.9199596868514213,True
3,finetune_000035_v00,finetune_000035,CoH4(C3O2)2,23,O,-4.583204746246338,2.652153730392456,1.1489156484603882,0.9599932983166687,True
3,finetune_000035_v00,finetune_000035,CoH4(C3O2)2,24,O,-5.533258438110352,1.8032587766647339,2.9702415466308594,0.9599641594052614,True
3,finetune_000035_v00,finetune_000035,CoH4(C3O2)2,25,O,-7.535964012145996,-1.5460178852081299,1.583238124847412,1.0,True
3,finetune_000035_v00,finetune_000035,CoH4(C3O2)2,26,O,-4.972237586975098,-1.206459879875183,2.7836313247680664,1.0,True
3,finetune_000035_v00,finetune_000035,CoH4(C3O2)2,27,O,-3.084933280944824,-2.0553548336029053,3.594731330871582,1.0,True
3,finetune_000035_v00,finetune_000035,CoH4(C3O2)2,28,O,-4.030496120452881,5.661872386932373,0.9389886856079102,1.0,True
3,finetune_000035_v00,finetune_000035,CoH4(C3O2)2,29,H,2.8525450229644775,-4.740950107574463,-5.198559284210205,1.0,True
3,finetune_000035_v00,finetune_000035,CoH4(C3O2)2,30,C,3.505171298980713,-4.169875144958496,-5.610401153564453,1.0,True
3,finetune_000035_v00,finetune_000035,CoH4(C3O2)2,31,H,2.8525450229644775,-4.740950107574463,5.291440963745117,0.9599492230163219,True
3,finetune_000035_v00,finetune_000035,CoH4(C3O2)2,32,H,-0.6047502756118774,-7.688930988311768,-0.023678863421082497,1.0,True
3,finetune_000035_v00,finetune_000035,CoH4(C3O2)2,33,H,3.523230791091919,-3.830317258834839,-2.989626884460449,1.0,True
3,finetune_000035_v00,finetune_000035,CoH4(C3O2)2,34,C,2.8325841426849365,-5.119094371795654,2.696795701980591,1.0,True
3,finetune_000035_v00,finetune_000035,CoH4(C3O2)2,35,C,3.627336263656616,-4.193027019500732,3.554809808731079,1.0,True
3,finetune_000035_v00,finetune_000035,CoH4(C3O2)2,36,C,3.505171298980713,-4.169875144958496,4.879598617553711,0.9599667878527213,True
3,finetune_000035_v00,finetune_000035,CoH4(C3O2)2,37,C,-1.4435486793518066,-6.199505805969238,1.1975066661834717,1.0,True
3,finetune_000035_v00,finetune_000035,CoH4(C3O2)2,38,C,-1.3632278442382812,-7.12557315826416,0.027927424758672714,1.0,True
3,finetune_000035_v00,finetune_000035,CoH4(C3O2)2,39,C,-2.295128107070923,-7.1487250328063965,-0.9215672016143799,1.0,True
3,finetune_000035_v00,finetune_000035,CoH4(C3O2)2,40,O,2.991698741912842,-5.065073490142822,1.4443169832229614,0.9599635168828918,True
3,finetune_000035_v00,finetune_000035,CoH4(C3O2)2,41,O,2.0416455268859863,-5.913968563079834,3.2656428813934326,1.0,True
3,finetune_000035_v00,finetune_000035,CoH4(C3O2)2,42,O,-0.5220807194709778,-6.25352668762207,2.0652496814727783,1.0,True
3,finetune_000035_v00,finetune_000035,CoH4(C3O2)2,43,O,-2.4093852043151855,-5.404631614685059,1.2541497945785522,0.959961934098101,True
3,finetune_000035_v00,finetune_000035,CoH4(C3O2)2,44,H,-2.3882083892822266,-3.629669189453125,-5.011833190917969,1.0,True
3,finetune_000035_v00,finetune_000035,CoH4(C3O2)2,45,H,-2.433137893676758,-0.8823363184928894,-4.8128228187561035,1.0,True
3,finetune_000035_v00,finetune_000035,CoH4(C3O2)2,46,C,3.430150270462036,-0.31126150488853455,-7.079893112182617,1.0,True
3,finetune_000035_v00,finetune_000035,CoH4(C3O2)2,47,Co,-2.747159242630005,-3.7299933433532715,2.424440622329712,0.9599766832505009,True
3,finetune_000035_v00,finetune_000035,CoH4(C3O2)2,48,Co,0.09472963213920593,0.1286204606294632,-0.08360140025615692,1.0,True
3,finetune_000035_v00,finetune_000035,CoH4(C3O2)2,49,H,-2.3882083892822266,-3.629669189453125,5.478166580200195,1.0,True
3,finetune_000035_v00,finetune_000035,CoH4(C3O2)2,50,H,1.9069819450378418,2.9762773513793945,2.6356983184814453,1.0,True
3,finetune_000035_v00,finetune_000035,CoH4(C3O2)2,51,H,-1.5503132343292236,0.02829650044441223,-2.6794214248657227,1.0,True
3,finetune_000035_v00,finetune_000035,CoH4(C3O2)2,52,H,2.6225972175598145,1.1395772695541382,-5.8443803787231445,1.0,True
3,finetune_000035_v00,finetune_000035,CoH4(C3O2)2,53,H,2.577667713165283,3.8869102001190186,-5.645369529724121,0.9599576776299138,True
3,finetune_000035_v00,finetune_000035,CoH4(C3O2)2,54,H,-1.7175227403640747,-2.719036340713501,-2.802901029586792,1.0,True
3,finetune_000035_v00,finetune_000035,CoH4(C3O2)2,55,H,1.7397724390029907,0.22894440591335297,2.512218713760376,1.0,True
3,finetune_000035_v00,finetune_000035,CoH4(C3O2)2,56,H,-2.433137893676758,-0.8823363184928894,5.677177429199219,0.9599923772600163,True
3,finetune_000035_v00,finetune_000035,CoH4(C3O2)2,57,C,1.8870211839675903,2.5981333255767822,0.04105313494801521,1.0,True
3,finetune_000035_v00,finetune_000035,CoH4(C3O2)2,58,C,2.6817731857299805,3.524200439453125,0.8990672826766968,1.0,True
3,finetune_000035_v00,finetune_000035,CoH4(C3O2)2,59,C,2.5596084594726562,3.5473520755767822,2.223856210708618,1.0,True
3,finetune_000035_v00,finetune_000035,CoH4(C3O2)2,60,C,-2.3891115188598633,1.51772141456604,-1.4582359790802002,1.0,True
3,finetune_000035_v00,finetune_000035,CoH4(C3O2)2,61,C,-2.308790683746338,0.5916541218757629,-2.6278152465820312,1.0,True
3,finetune_000035_v00,finetune_000035,CoH4(C3O2)2,62,C,-3.2406911849975586,0.5685024261474609,-3.5773098468780518,0.9599493352151445,True
3,finetune_000035_v00,finetune_000035,CoH4(C3O2)2,63,C,-1.6975618600845337,-2.3408923149108887,-0.20825593173503876,1.0,True
3,finetune_000035_v00,finetune_000035,CoH4(C3O2)2,64,C,-2.492314100265503,-3.2669596672058105,-1.066270112991333,1.0,True
3,finetune_000035_v00,finetune_000035,CoH4(C3O2)2,65,C,-2.3701491355895996,-3.2901113033294678,-2.391058921813965,1.0,True
3,finetune_000035_v00,finetune_000035,CoH4(C3O2)2,66,C,2.57857084274292,-1.260480523109436,1.291033148765564,1.0,True
3,finetune_000035_v00,finetune_000035,CoH4(C3O2)2,67,C,2.4982500076293945,-0.33441320061683655,2.4606122970581055,1.0,True
3,finetune_000035_v00,finetune_000035,CoH4(C3O2)2,68,C,3.430150270462036,-0.31126150488853455,3.410106897354126,1.0,True
3,finetune_000035_v00,finetune_000035,CoH4(C3O2)2,69,O,2.046135663986206,2.652153730392456,-1.211425542831421,1.0,True
3,finetune_000035_v00,finetune_000035,CoH4(C3O2)2,70,O,1.0960824489593506,1.8032587766647339,0.6099003553390503,1.0,True
3,finetune_000035_v00,finetune_000035,CoH4(C3O2)2,71,O,-1.4676436185836792,1.463700771331787,-0.590492844581604,1.0,True
3,finetune_000035_v00,finetune_000035,CoH4(C3O2)2,72,O,-3.3549482822418213,2.312595844268799,-1.40159273147583,0.9599969835234194,True
3,finetune_000035_v00,finetune_000035,CoH4(C3O2)2,73,O,-1.856676459312439,-2.3949129581451416,1.0442228317260742,1.0,True
3,finetune_000035_v00,finetune_000035,CoH4(C3O2)2,74,O,-0.9066232442855835,-1.5460178852081299,-0.7771031260490417,1.0,True
3,finetune_000035_v00,finetune_000035,CoH4(C3O2)2,75,O,1.6571029424667358,-1.206459879875183,0.42329004406929016,1.0,True
3,finetune_000035_v00,finetune_000035,CoH4(C3O2)2,76,O,3.544407367706299,-2.0553548336029053,1.2343899011611938,0.9599987455307818,True
3,finetune_000035_v00,finetune_000035,CoH4(C3O2)2,77,H,-1.5503132343292236,0.02829650044441223,7.810578346252441,1.0,True
3,finetune_000035_v00,finetune_000035,CoH4(C3O2)2,78,H,2.6225972175598145,1.1395772695541382,4.645619869232178,1.0,True
3,finetune_000035_v00,finetune_000035,CoH4(C3O2)2,79,H,2.577667713165283,3.8869102001190186,4.844630241394043,1.0,True
3,finetune_000035_v00,finetune_000035,CoH4(C3O2)2,80,C,-3.2406911849975586,0.5685024261474609,6.912690162658691,1.0,True
3,finetune_000035_v00,finetune_000035,CoH4(C3O2)2,81,Co,-3.6927220821380615,3.987234115600586,-0.23130203783512115,1.0,True
3,finetune_000035_v00,finetune_000035,CoH4(C3O2)2,82,H,-3.3337714672088623,4.087558269500732,2.8224241733551025,1.0,True
3,finetune_000035_v00,finetune_000035,CoH4(C3O2)2,83,H,-2.663085699081421,4.998190879821777,-5.458643913269043,1.0,True
3,finetune_000035_v00,finetune_000035,CoH4(C3O2)2,84,H,0.7942095398902893,7.946171760559082,-0.1435239315032959,1.0,True
3,finetune_000035_v00,finetune_000035,CoH4(C3O2)2,85,C,-2.64312481880188,5.376335144042969,-2.8639984130859375,0.9599932983166687,True
3,finetune_000035_v00,finetune_000035,CoH4(C3O2)2,86,C,-3.4378769397735596,4.450267791748047,-3.722012519836426,1.0,True
3,finetune_000035_v00,finetune_000035,CoH4(C3O2)2,87,C,-3.3157122135162354,4.4271159172058105,-5.046801567077637,1.0,True
3,finetune_000035_v00,finetune_000035,CoH4(C3O2)2,88,C,1.6330078840255737,6.456747055053711,-1.3647093772888184,1.0,True
3,finetune_000035_v00,finetune_000035,CoH4(C3O2)2,89,C,1.5526870489120483,7.382814407348633,-0.19513021409511566,0.9599467772426098,True
3,finetune_000035_v00,finetune_000035,CoH4(C3O2)2,90,C,2.4845874309539795,7.405965805053711,0.7543644309043884,0.9599710886847963,True
3,finetune_000035_v00,finetune_000035,CoH4(C3O2)2,91,O,-2.802239418029785,5.322314262390137,-1.6115198135375977,1.0,True
3,finetune_000035_v00,finetune_000035,CoH4(C3O2)2,92,O,-1.8521862030029297,6.171209335327148,-3.4328455924987793,1.0,True
3,finetune_000035_v00,finetune_000035,CoH4(C3O2)2,93,O,0.7115399837493896,6.510767459869385,-2.232452392578125,0.9600311631000382,True
3,finetune_000035_v00,finetune_000035,CoH4(C3O2)2,94,O,2.598844528198242,5.661872386932373,-1.4213526248931885,0.9599981601905309,True
3,finetune_000035_v00,finetune_000035,CoH4(C3O2)2,95,H,-2.663085699081421,4.998190879821777,5.031356334686279,1.0,True
3,finetune_000035_v00,finetune_000035,CoH4(C3O2)2,96,C,-3.3157122135162354,4.4271159172058105,5.4431986808776855,1.0,True
3,finetune_000035_v00,finetune_000035,CoH4(C3O2)2,97,O,4.2199554443359375,-5.404631614685059,-1.1061913967132568,1.0,True
3,finetune_000035_v00,finetune_000035,CoH4(C3O2)2,98,Co,3.882181406021118,-3.7299933433532715,0.06409923732280731,1.0,True
3,finetune_000035_v00,finetune_000035,CoH4(C3O2)2,99,Co,6.7240705490112305,0.1286204606294632,-2.4439427852630615,1.0,True
3,finetune_000035_v00,finetune_000035,CoH4(C3O2)2,100,H,4.2411322593688965,-3.629669189453125,3.117825508117676,1.0,True
3,finetune_000035_v00,finetune_000035,CoH4(C3O2)2,101,H,5.0790276527404785,0.02829650044441223,-5.039762496948242,1.0,True
3,finetune_000035_v00,finetune_000035,CoH4(C3O2)2,102,H,4.911818027496338,-2.719036340713501,-5.163242340087891,1.0,True
3,finetune_000035_v00,finetune_000035,CoH4(C3O2)2,103,H,4.196202754974365,-0.8823363184928894,3.31683611869812,1.0,True
3,finetune_000035_v00,finetune_000035,CoH4(C3O2)2,104,C,4.24022912979126,1.51772141456604,-3.818577289581299,1.0,True
3,finetune_000035_v00,finetune_000035,CoH4(C3O2)2,105,C,4.320549964904785,0.5916541218757629,-4.988156318664551,0.9599410662748907,True
3,finetune_000035_v00,finetune_000035,CoH4(C3O2)2,106,C,3.3886497020721436,0.5685024261474609,-5.93765115737915,1.0,True
3,finetune_000035_v00,finetune_000035,CoH4(C3O2)2,107,C,4.931778907775879,-2.3408923149108887,-2.5685973167419434,1.0,True
3,finetune_000035_v00,finetune_000035,CoH4(C3O2)2,108,C,4.137026786804199,-3.2669596672058105,-3.4266114234924316,0.959938536428434,False
3,finetune_000035_v00,finetune_000035,CoH4(C3O2)2,109,C,4.259191513061523,-3.2901113033294678,-4.751400470733643,1.0,True
3,finetune_000035_v00,finetune_000035,CoH4(C3O2)2,110,O,5.161696910858154,1.463700771331787,-2.950834035873413,1.0,True
3,finetune_000035_v00,finetune_000035,CoH4(C3O2)2,111,O,3.2743923664093018,2.312595844268799,-3.7619340419769287,1.0,True
3,finetune_000035_v00,finetune_000035,CoH4(C3O2)2,112,O,4.7726640701293945,-2.3949129581451416,-1.3161184787750244,1.0,True
3,finetune_000035_v00,finetune_000035,CoH4(C3O2)2,113,O,5.72271728515625,-1.5460178852081299,-3.137444496154785,1.0,True
3,finetune_000035_v00,finetune_000035,CoH4(C3O2)2,114,H,5.0790276527404785,0.02829650044441223,5.450237274169922,0.9599642578409252,True
3,finetune_000035_v00,finetune_000035,CoH4(C3O2)2,115,H,4.911818027496338,-2.719036340713501,5.326757431030273,1.0,True
3,finetune_000035_v00,finetune_000035,CoH4(C3O2)2,116,C,4.320549964904785,0.5916541218757629,5.501843452453613,1.0,True
3,finetune_000035_v00,finetune_000035,CoH4(C3O2)2,117,C,3.3886497020721436,0.5685024261474609,4.552349090576172,1.0,True
3,finetune_000035_v00,finetune_000035,CoH4(C3O2)2,118,C,4.259191513061523,-3.2901113033294678,5.73859977722168,1.0,True
3,finetune_000035_v00,finetune_000035,CoH4(C3O2)2,119,O,3.2743923664093018,2.312595844268799,6.7280659675598145,1.0,True
3,finetune_000035_v00,finetune_000035,CoH4(C3O2)2,120,Co,2.9366185665130615,3.987234115600586,-2.5916433334350586,1.0,True
3,finetune_000035_v00,finetune_000035,CoH4(C3O2)2,121,H,3.2955691814422607,4.087558269500732,0.4620829224586487,1.0,True
3,finetune_000035_v00,finetune_000035,CoH4(C3O2)2,122,H,3.2506399154663086,6.834890842437744,0.661093533039093,1.0,True
3,finetune_000035_v00,finetune_000035,CoH4(C3O2)2,123,O,3.827101230621338,5.322314262390137,-3.9718611240386963,1.0,True
3,finetune_000035_v00,finetune_000035,CoH4(C3O2)2,124,H,3.966254949569702,4.998190879821777,2.6710150241851807,1.0,True
3,finetune_000035_v00,finetune_000035,CoH4(C3O2)2,125,C,3.1914637088775635,4.450267791748047,4.407646179199219,1.0,True
3,finetune_000035_v00,finetune_000035,CoH4(C3O2)2,126,C,3.313628673553467,4.4271159172058105,3.082857131958008,1.0,True
3,finetune_000176_v00,finetune_000176,CoPC3NO3,0,Co,-5.588171005249023,2.2615914344787598,-4.814464569091797,0.9198662310661019,True
3,finetune_000176_v00,finetune_000176,CoPC3NO3,1,Co,-3.0139007568359375,-1.1378192901611328,3.6847808361053467,0.9599209491331542,True
3,finetune_000176_v00,finetune_000176,CoPC3NO3,2,Co,-5.0677900314331055,-3.6241650581359863,4.089066028594971,0.9599189255365054,True
3,finetune_000176_v00,finetune_000176,CoPC3NO3,3,P,-4.138910293579102,4.410805702209473,-2.801896095275879,0.9598966347278557,True
3,finetune_000176_v00,finetune_000176,CoPC3NO3,4,P,-6.136720657348633,0.6602160930633545,-1.8814889192581177,0.9599084624363624,True
3,finetune_000176_v00,finetune_000176,CoPC3NO3,5,P,-6.329971790313721,-0.6602160930633545,3.4915590286254883,0.9598965766125062,True
3,finetune_000176_v00,finetune_000176,CoPC3NO3,6,C,-5.017849445343018,1.067583441734314,-0.4640897810459137,0.959916951412285,True
3,finetune_000176_v00,finetune_000176,CoPC3NO3,7,C,-3.278805732727051,-0.6742632389068604,-0.8849408030509949,0.9198957762822059,True
3,finetune_000176_v00,finetune_000176,CoPC3NO3,8,C,-2.867489814758301,-5.534577369689941,4.835269451141357,0.9598935074346726,False
3,finetune_000176_v00,finetune_000176,CoPC3NO3,9,C,-7.448843479156494,-1.067583441734314,2.074159860610962,0.9599172599082674,True
3,finetune_000176_v00,finetune_000176,CoPC3NO3,10,C,-3.618528127670288,-1.3906679153442383,0.4264492392539978,0.9600204656993356,True
3,finetune_000176_v00,finetune_000176,CoPC3NO3,11,N,-3.5405776500701904,0.8147347569465637,-0.6875881552696228,0.9600623650140997,True
3,finetune_000176_v00,finetune_000176,CoPC3NO3,12,O,-4.279146194458008,5.155304431915283,-1.5162746906280518,0.960052854207536,True
3,finetune_000176_v00,finetune_000176,CoPC3NO3,13,O,-5.388683795928955,3.750589370727539,-3.319218397140503,0.9200925977443898,True
3,finetune_000176_v00,finetune_000176,CoPC3NO3,14,O,-6.42970609664917,-0.8006876111030579,-1.8109349012374878,0.960030272932996,True
3,finetune_000176_v00,finetune_000176,CoPC3NO3,15,O,-5.354445934295654,0.9271119832992554,-3.1028378009796143,0.9600550359204886,True
3,finetune_000176_v00,finetune_000176,CoPC3NO3,16,O,-7.324136734008789,1.573280930519104,-1.9489301443099976,0.9600476298741999,True
3,finetune_000176_v00,finetune_000176,CoPC3NO3,17,O,-3.057567834854126,-3.3010804653167725,3.396038055419922,0.9599095435853714,True
3,finetune_000176_v00,finetune_000176,CoPC3NO3,18,O,-6.036986827850342,0.8006876111030579,3.4210050106048584,0.920005643323194,True
3,finetune_000176_v00,finetune_000176,CoPC3NO3,19,O,-5.142556190490723,-1.573280930519104,3.559000253677368,0.9600601988777604,True
3,finetune_000176_v00,finetune_000176,CoPC3NO3,20,O,-2.7521140575408936,-1.6997052431106567,5.711703300476074,0.9600589819274553,True
3,finetune_000176_v00,finetune_000176,CoPC3NO3,21,Co,-3.2195611000061035,1.1378192901611328,-2.8797309398651123,0.9599243909388713,True
3,finetune_000176_v00,finetune_000176,CoPC3NO3,22,Co,0.6450600028038025,2.2615914344787598,-5.6194844245910645,0.9599755828288481,True
3,finetune_000176_v00,finetune_000176,CoPC3NO3,23,Co,-1.165671944618225,3.6241650581359863,-3.2840163707733154,0.9599169897877615,True
3,finetune_000176_v00,finetune_000176,CoPC3NO3,24,Co,3.219330310821533,-1.1378192901611328,2.8797607421875,1.0,True
3,finetune_000176_v00,finetune_000176,CoPC3NO3,25,Co,-0.6452908515930176,-2.2615914344787598,5.619514465332031,1.0,True
3,finetune_000176_v00,finetune_000176,CoPC3NO3,26,Co,1.1654410362243652,-3.6241650581359863,3.284046173095703,1.0,True
3,finetune_000176_v00,finetune_000176,CoPC3NO3,27,P,2.094320297241211,4.410805702209473,-3.6069161891937256,1.0,True
3,finetune_000176_v00,finetune_000176,CoPC3NO3,28,P,0.0965101569890976,0.6602160930633545,-2.686509132385254,0.9598935074346726,False
3,finetune_000176_v00,finetune_000176,CoPC3NO3,29,P,-2.437277317047119,1.9666011333465576,-5.965553283691406,1.0,True
3,finetune_000176_v00,finetune_000176,CoPC3NO3,30,P,-2.0945513248443604,-4.410805702209473,3.6069459915161133,0.9599095435853714,True
3,finetune_000176_v00,finetune_000176,CoPC3NO3,31,P,-0.09674102067947388,-0.6602160930633545,2.6865389347076416,1.0,True
3,finetune_000176_v00,finetune_000176,CoPC3NO3,32,P,2.437046527862549,-1.9666011333465576,5.965582847595215,1.0,True
3,finetune_000176_v00,finetune_000176,CoPC3NO3,33,C,-3.3659720420837402,5.534577369689941,-4.030219554901123,0.9599195696703632,True
3,finetune_000176_v00,finetune_000176,CoPC3NO3,34,C,-1.390026569366455,6.236935138702393,-2.6662700176239014,1.0,True
3,finetune_000176_v00,finetune_000176,CoPC3NO3,35,C,1.2153816223144531,1.067583441734314,-1.269109845161438,0.960030272932996,True
3,finetune_000176_v00,finetune_000176,CoPC3NO3,36,C,2.95442533493042,-0.6742632389068604,-1.6899609565734863,1.0,True
3,finetune_000176_v00,finetune_000176,CoPC3NO3,37,C,-2.614933729171753,1.3906679153442383,0.37860068678855896,1.0,True
3,finetune_000176_v00,finetune_000176,CoPC3NO3,38,C,-1.5708829164505005,0.4214145243167877,-6.486317157745361,0.9599991415543501,True
3,finetune_000176_v00,finetune_000176,CoPC3NO3,39,C,0.6481289267539978,-0.7304518818855286,-7.067288398742676,1.0,True
3,finetune_000176_v00,finetune_000176,CoPC3NO3,40,C,3.36574125289917,-5.534577369689941,4.03024959564209,1.0,True
3,finetune_000176_v00,finetune_000176,CoPC3NO3,41,C,1.396028995513916,-6.236935138702393,2.665494680404663,0.9598965766125062,True
3,finetune_000176_v00,finetune_000176,CoPC3NO3,42,C,-1.2156124114990234,-1.067583441734314,1.2691397666931152,0.9599169897877615,True
3,finetune_000176_v00,finetune_000176,CoPC3NO3,43,C,-2.9546561241149902,0.6742632389068604,1.689990758895874,1.0,True
3,finetune_000176_v00,finetune_000176,CoPC3NO3,44,C,2.6147027015686035,-1.3906679153442383,-0.37857088446617126,1.0,True
3,finetune_000176_v00,finetune_000176,CoPC3NO3,45,C,1.5706520080566406,-0.4214145243167877,6.486347198486328,0.9206417649860775,True
3,finetune_000176_v00,finetune_000176,CoPC3NO3,46,C,-0.6483598351478577,0.7304518818855286,7.067317962646484,1.0,True
3,finetune_000176_v00,finetune_000176,CoPC3NO3,47,N,-1.8544119596481323,5.632907390594482,-3.9882900714874268,0.9599755828288481,True
3,finetune_000176_v00,finetune_000176,CoPC3NO3,48,N,2.692653179168701,0.8147347569465637,-1.4926083087921143,1.0,True
3,finetune_000176_v00,finetune_000176,CoPC3NO3,49,N,-0.11542103439569473,0.5759332180023193,-6.878727912902832,1.0,True
3,finetune_000176_v00,finetune_000176,CoPC3NO3,50,N,1.8541810512542725,-5.632907390594482,3.9883198738098145,1.0,True
3,finetune_000176_v00,finetune_000176,CoPC3NO3,51,N,-2.6928842067718506,-0.8147347569465637,1.492638111114502,1.0,True
3,finetune_000176_v00,finetune_000176,CoPC3NO3,52,N,0.11519017070531845,-0.5759332180023193,6.878757476806641,1.0,True
3,finetune_000176_v00,finetune_000176,CoPC3NO3,53,O,1.9540845155715942,5.155304431915283,-2.3212947845458984,1.0,True
3,finetune_000176_v00,finetune_000176,CoPC3NO3,54,O,-3.175894021987915,3.3010804653167725,-2.5909879207611084,1.0,True
3,finetune_000176_v00,finetune_000176,CoPC3NO3,55,O,0.8445470929145813,3.750589370727539,-4.12423849105835,1.0,True
3,finetune_000176_v00,finetune_000176,CoPC3NO3,56,O,-0.19647495448589325,-0.8006876111030579,-2.615955114364624,1.0,True
3,finetune_000176_v00,finetune_000176,CoPC3NO3,57,O,0.8787848949432373,0.9271119832992554,-3.90785813331604,1.0,True
3,finetune_000176_v00,finetune_000176,CoPC3NO3,58,O,-1.090905785560608,1.573280930519104,-2.7539501190185547,0.9600476298741999,True
3,finetune_000176_v00,finetune_000176,CoPC3NO3,59,O,-1.4118977785110474,2.7953829765319824,-5.2884111404418945,1.0,True
3,finetune_000176_v00,finetune_000176,CoPC3NO3,60,O,-3.4813477993011475,1.6997052431106567,-4.90665340423584,1.0,True
3,finetune_000176_v00,finetune_000176,CoPC3NO3,61,O,-1.954315423965454,-5.155304431915283,2.321324586868286,0.9600601988777604,True
3,finetune_000176_v00,finetune_000176,CoPC3NO3,62,O,3.1756632328033447,-3.3010804653167725,2.591017723083496,0.9600204656993356,True
3,finetune_000176_v00,finetune_000176,CoPC3NO3,63,O,-0.8447779417037964,-3.750589370727539,4.124268054962158,0.960052854207536,True
3,finetune_000176_v00,finetune_000176,CoPC3NO3,64,O,0.19624409079551697,0.8006876111030579,2.6159849166870117,1.0,True
3,finetune_000176_v00,finetune_000176,CoPC3NO3,65,O,-0.8790157437324524,-0.9271119832992554,3.9078879356384277,1.0,True
3,finetune_000176_v00,finetune_000176,CoPC3NO3,66,O,1.090674877166748,-1.573280930519104,2.7539801597595215,1.0,True
3,finetune_000176_v00,finetune_000176,CoPC3NO3,67,O,1.4116668701171875,-2.7953829765319824,5.288440704345703,1.0,True
3,finetune_000176_v00,finetune_000176,CoPC3NO3,68,O,3.481117010116577,-1.6997052431106567,4.906682968139648,0.9199546236691614,True
3,finetune_000176_v00,finetune_000176,CoPC3NO3,69,Co,3.013669729232788,1.1378192901611328,-3.684751033782959,0.9198342113205523,True
3,finetune_000176_v00,finetune_000176,CoPC3NO3,70,Co,5.067558765411377,3.6241650581359863,-4.089036464691162,1.0,True
3,finetune_000176_v00,finetune_000176,CoPC3NO3,71,Co,5.587940216064453,-2.2615914344787598,4.8144941329956055,1.0,True
3,finetune_000176_v00,finetune_000176,CoPC3NO3,72,P,6.32974100112915,0.6602160930633545,-3.4915292263031006,1.0,True
3,finetune_000176_v00,finetune_000176,CoPC3NO3,73,P,4.138679504394531,-4.410805702209473,2.8019258975982666,1.0,True
3,finetune_000176_v00,finetune_000176,CoPC3NO3,74,P,6.1364898681640625,-0.6602160930633545,1.8815187215805054,1.0,True
3,finetune_000176_v00,finetune_000176,CoPC3NO3,75,C,2.8672590255737305,5.534577369689941,-4.835239887237549,1.0,True
3,finetune_000176_v00,finetune_000176,CoPC3NO3,76,C,7.448612689971924,1.067583441734314,-2.074130058288574,1.0,True
3,finetune_000176_v00,finetune_000176,CoPC3NO3,77,C,3.6182973384857178,1.3906679153442383,-0.4264194369316101,1.0,True
3,finetune_000176_v00,finetune_000176,CoPC3NO3,78,C,5.017618656158447,-1.067583441734314,0.4641195833683014,1.0,True
3,finetune_000176_v00,finetune_000176,CoPC3NO3,79,C,3.2785747051239014,0.6742632389068604,0.8849706053733826,1.0,True
3,finetune_000176_v00,finetune_000176,CoPC3NO3,80,N,3.54034686088562,-0.8147347569465637,0.6876179575920105,1.0,True
3,finetune_000176_v00,finetune_000176,CoPC3NO3,81,O,3.0573368072509766,3.3010804653167725,-3.396008014678955,1.0,True
3,finetune_000176_v00,finetune_000176,CoPC3NO3,82,O,6.0367560386657715,-0.8006876111030579,-3.4209752082824707,1.0,True
3,finetune_000176_v00,finetune_000176,CoPC3NO3,83,O,5.142324924468994,1.573280930519104,-3.5589704513549805,0.9600550359204886,True
3,finetune_000176_v00,finetune_000176,CoPC3NO3,84,O,2.751883029937744,1.6997052431106567,-5.711673259735107,1.0,True
3,finetune_000176_v00,finetune_000176,CoPC3NO3,85,O,4.2789154052734375,-5.155304431915283,1.5163044929504395,1.0,True
3,finetune_000176_v00,finetune_000176,CoPC3NO3,86,O,5.388453006744385,-3.750589370727539,3.3192481994628906,0.9599189255365054,True
3,finetune_000176_v00,finetune_000176,CoPC3NO3,87,O,6.429474830627441,0.8006876111030579,1.8109647035598755,1.0,True
3,finetune_000176_v00,finetune_000176,CoPC3NO3,88,O,5.354215145111084,-0.9271119832992554,3.102867841720581,1.0,True
3,finetune_000176_v00,finetune_000176,CoPC3NO3,89,O,7.323905944824219,-1.573280930519104,1.9489599466323853,0.9599084624363624,True
3,finetune_000222_v00,finetune_000222,Co3H16(C9O7)2,0,O,-2.529237985610962,-5.915900230407715,-4.325572490692139,0.9599971939228992,True
3,finetune_000222_v00,finetune_000222,Co3H16(C9O7)2,1,H,-3.39462947845459,-4.014821529388428,-1.3278863430023193,0.9599695443551376,True
3,finetune_000222_v00,finetune_000222,Co3H16(C9O7)2,2,H,-4.088679313659668,-5.095349311828613,-2.1944546699523926,0.95996846049947,True
3,finetune_000222_v00,finetune_000222,Co3H16(C9O7)2,3,O,-3.7619738578796387,-4.201679706573486,-2.179734468460083,0.9599704080782134,True
3,finetune_000222_v00,finetune_000222,Co3H16(C9O7)2,4,H,-3.9975359439849854,-0.7976118922233582,-6.284162998199463,0.9599585087722384,True
3,finetune_000222_v00,finetune_000222,Co3H16(C9O7)2,5,H,-5.402832984924316,-0.6757478713989258,-5.632349014282227,0.9599515438960121,False
3,finetune_000222_v00,finetune_000222,Co3H16(C9O7)2,6,C,-4.546783924102783,-3.161773681640625,-5.440629005432129,0.9599584085324409,True
3,finetune_000222_v00,finetune_000222,Co3H16(C9O7)2,7,O,-3.3050167560577393,-3.2267677783966064,-5.339225769042969,0.9199859765983024,True
3,finetune_000222_v00,finetune_000222,Co3H16(C9O7)2,8,O,-5.33270788192749,-3.6004841327667236,-4.52997350692749,0.9599704993406818,True
3,finetune_000222_v00,finetune_000222,Co3H16(C9O7)2,9,Co,-5.365514755249023,-2.8368029594421387,-2.584320306777954,0.9599523149134921,True
3,finetune_000222_v00,finetune_000222,Co3H16(C9O7)2,10,H,-4.768726825714111,-3.836087703704834,2.687870740890503,0.9599704164290362,True
3,finetune_000222_v00,finetune_000222,Co3H16(C9O7)2,11,H,-3.6218228340148926,-2.7961816787719727,2.8454811573028564,0.9599528132024963,True
3,finetune_000222_v00,finetune_000222,Co3H16(C9O7)2,12,H,-5.148694038391113,-0.0989248976111412,1.144094467163086,0.9599699350609091,True
3,finetune_000222_v00,finetune_000222,Co3H16(C9O7)2,13,H,-3.8526597023010254,-0.5051382780075073,1.895175814628601,0.9199285422465198,True
3,finetune_000222_v00,finetune_000222,Co3H16(C9O7)2,14,H,-3.9975359439849854,-0.7976118922233582,4.4998369216918945,0.9599579926539334,True
3,finetune_000222_v00,finetune_000222,Co3H16(C9O7)2,15,H,-5.402832984924316,-0.6757478713989258,5.151650905609131,0.9599657909994738,True
3,finetune_000222_v00,finetune_000222,Co3H16(C9O7)2,16,C,-5.163821697235107,-2.4549624919891357,4.157769680023193,0.9599576268920781,True
3,finetune_000222_v00,finetune_000222,Co3H16(C9O7)2,17,C,-4.561066150665283,-2.9180455207824707,2.829124927520752,0.9599604508687871,True
3,finetune_000222_v00,finetune_000222,Co3H16(C9O7)2,18,C,-5.157982349395752,-2.0893702507019043,1.6845029592514038,0.9599741281972644,True
3,finetune_000222_v00,finetune_000222,Co3H16(C9O7)2,19,C,-4.801898956298828,-0.6026294827461243,1.870465636253357,0.959958480728987,True
3,finetune_000222_v00,finetune_000222,Co3H16(C9O7)2,20,C,-5.397947311401367,-0.0989248976111412,3.1947968006134033,0.9599750526561381,True
3,finetune_000222_v00,finetune_000222,Co3H16(C9O7)2,21,C,-4.926782608032227,-0.9438486695289612,4.373210906982422,0.9599740584146633,True
3,finetune_000222_v00,finetune_000222,Co3H16(C9O7)2,22,C,-4.546783924102783,-3.161773681640625,5.3433709144592285,0.9599930032029245,True
3,finetune_000222_v00,finetune_000222,Co3H16(C9O7)2,23,C,-4.719924449920654,-2.568702220916748,0.3161192834377289,0.9599591257188012,True
3,finetune_000222_v00,finetune_000222,Co3H16(C9O7)2,24,C,-4.97067928314209,1.3471946716308594,3.4458627700805664,1.0,True
3,finetune_000222_v00,finetune_000222,Co3H16(C9O7)2,25,O,-3.3050167560577393,-3.2267677783966064,5.444774150848389,0.9599700615175328,True
3,finetune_000222_v00,finetune_000222,Co3H16(C9O7)2,26,O,-3.5775091648101807,-3.0561580657958984,0.14466603100299835,1.0,True
3,finetune_000222_v00,finetune_000222,Co3H16(C9O7)2,27,O,-5.563276290893555,-2.4305896759033203,-0.6191077828407288,1.0,True
3,finetune_000222_v00,finetune_000222,Co3H16(C9O7)2,28,O,-5.861334323883057,2.208366870880127,3.673762083053589,0.960771207751011,True
3,finetune_000222_v00,finetune_000222,Co3H16(C9O7)2,29,O,-3.969057559967041,-1.3988076448440552,-2.9289932250976562,0.9599695443551376,True
3,finetune_000222_v00,finetune_000222,Co3H16(C9O7)2,30,Co,0.9953987002372742,-5.1278462409973145,-4.875332355499268,1.0,True
3,finetune_000222_v00,finetune_000222,Co3H16(C9O7)2,31,O,-0.4010585844516754,-6.5658416748046875,-4.530659198760986,1.0,True
3,finetune_000222_v00,finetune_000222,Co3H16(C9O7)2,32,Co,0.9953987002372742,-5.1278462409973145,5.90866756439209,1.0,True
3,finetune_000222_v00,finetune_000222,Co3H16(C9O7)2,33,H,0.39861077070236206,-4.128561496734619,0.6364766359329224,1.0,True
3,finetune_000222_v00,finetune_000222,Co3H16(C9O7)2,34,H,-0.7482932209968567,-5.1684675216674805,0.47886618971824646,1.0,True
3,finetune_000222_v00,finetune_000222,Co3H16(C9O7)2,35,H,-0.5174565315246582,-7.459510803222656,1.4291714429855347,0.9599704993406818,True
3,finetune_000222_v00,finetune_000222,Co3H16(C9O7)2,36,H,-0.3725802004337311,-7.167037487030029,-1.1754896640777588,1.0,True
3,finetune_000222_v00,finetune_000222,Co3H16(C9O7)2,37,H,1.0327168703079224,-7.288901329040527,-1.8273035287857056,1.0,True
3,finetune_000222_v00,finetune_000222,Co3H16(C9O7)2,38,H,4.394540786743164,-4.014821529388428,-1.7193340063095093,1.0,True
3,finetune_000222_v00,finetune_000222,Co3H16(C9O7)2,39,H,3.700490713119507,-5.095349311828613,-2.585902214050293,1.0,True
3,finetune_000222_v00,finetune_000222,Co3H16(C9O7)2,40,C,0.793705403804779,-5.5096869468688965,-0.8334224224090576,1.0,True
3,finetune_000222_v00,finetune_000222,Co3H16(C9O7)2,41,C,0.1909499168395996,-5.046603679656982,0.4952223598957062,1.0,True
3,finetune_000222_v00,finetune_000222,Co3H16(C9O7)2,42,C,0.7878663539886475,-5.875278949737549,1.6398444175720215,1.0,True
3,finetune_000222_v00,finetune_000222,Co3H16(C9O7)2,43,C,0.43178293108940125,-7.3620195388793945,1.4538816213607788,1.0,True
3,finetune_000222_v00,finetune_000222,Co3H16(C9O7)2,44,C,1.0311634540557861,-7.8738484382629395,0.13233518600463867,1.0,True
3,finetune_000222_v00,finetune_000222,Co3H16(C9O7)2,45,C,0.5566666722297668,-7.020800590515137,-1.0488635301589966,1.0,True
3,finetune_000222_v00,finetune_000222,Co3H16(C9O7)2,46,C,0.17666789889335632,-4.802875518798828,-2.0190234184265137,1.0,True
3,finetune_000222_v00,finetune_000222,Co3H16(C9O7)2,47,C,0.34980839490890503,-5.395946979522705,3.008228063583374,1.0,True
3,finetune_000222_v00,finetune_000222,Co3H16(C9O7)2,48,O,-1.0650993585586548,-4.737881660461426,-2.10964298248291,1.0,True
3,finetune_000222_v00,finetune_000222,Co3H16(C9O7)2,49,O,0.9625917673110962,-4.364165306091309,-2.9296789169311523,1.0,True
3,finetune_000222_v00,finetune_000222,Co3H16(C9O7)2,50,O,-0.7848178148269653,-4.908491134643555,3.1900739669799805,1.0,True
3,finetune_000222_v00,finetune_000222,Co3H16(C9O7)2,51,O,1.1931601762771606,-5.534059524536133,3.943455219268799,1.0,True
3,finetune_000222_v00,finetune_000222,Co3H16(C9O7)2,52,O,4.027196407318115,-4.201679706573486,-2.5711822509765625,1.0,True
3,finetune_000222_v00,finetune_000222,Co3H16(C9O7)2,53,H,3.7916340827941895,-0.7976118922233582,-6.675610542297363,1.0,True
3,finetune_000222_v00,finetune_000222,Co3H16(C9O7)2,54,H,2.3863370418548584,-0.6757478713989258,-6.023796558380127,1.0,True
3,finetune_000222_v00,finetune_000222,Co3H16(C9O7)2,55,H,-0.9754867553710938,-3.9498274326324463,-6.131766319274902,1.0,True
3,finetune_000222_v00,finetune_000222,Co3H16(C9O7)2,56,H,-0.2814367413520813,-2.869300127029419,-5.265198230743408,1.0,True
3,finetune_000222_v00,finetune_000222,Co3H16(C9O7)2,57,C,2.6253485679626465,-2.4549624919891357,-7.0176777839660645,0.9599741281972644,True
3,finetune_000222_v00,finetune_000222,Co3H16(C9O7)2,58,C,2.862387180328369,-0.9438486695289612,-6.802236557006836,1.0,True
3,finetune_000222_v00,finetune_000222,Co3H16(C9O7)2,59,C,3.2423861026763916,-3.161773681640625,-5.832076549530029,1.0,True
3,finetune_000222_v00,finetune_000222,Co3H16(C9O7)2,60,O,4.4841532707214355,-3.2267677783966064,-5.730673313140869,1.0,True
3,finetune_000222_v00,finetune_000222,Co3H16(C9O7)2,61,O,2.4564621448516846,-3.6004841327667236,-4.921421527862549,1.0,True
3,finetune_000222_v00,finetune_000222,Co3H16(C9O7)2,62,O,-0.6081422567367554,-3.762969493865967,-5.269134044647217,1.0,True
3,finetune_000222_v00,finetune_000222,Co3H16(C9O7)2,63,Co,-2.336697816848755,2.9964208602905273,3.124002456665039,1.0,True
3,finetune_000222_v00,finetune_000222,Co3H16(C9O7)2,64,Co,2.4236552715301514,-2.8368029594421387,-2.9757678508758545,1.0,True
3,finetune_000222_v00,finetune_000222,Co3H16(C9O7)2,65,Co,-2.185058116912842,-3.9823246002197266,-3.7298262119293213,1.0,True
3,finetune_000222_v00,finetune_000222,Co3H16(C9O7)2,66,H,3.0204432010650635,-3.836087703704834,2.2964231967926025,1.0,True
3,finetune_000222_v00,finetune_000222,Co3H16(C9O7)2,67,H,4.167346954345703,-2.7961816787719727,2.454033613204956,1.0,True
3,finetune_000222_v00,finetune_000222,Co3H16(C9O7)2,68,H,2.6404759883880615,-0.0989248976111412,0.7526469230651855,0.9599604508687871,True
3,finetune_000222_v00,finetune_000222,Co3H16(C9O7)2,69,H,3.9365103244781494,-0.5051382780075073,1.5037282705307007,1.0,True
3,finetune_000222_v00,finetune_000222,Co3H16(C9O7)2,70,H,3.7916340827941895,-0.7976118922233582,4.108389377593994,1.0,True
3,finetune_000222_v00,finetune_000222,Co3H16(C9O7)2,71,H,2.3863370418548584,-0.6757478713989258,4.7602033615112305,1.0,True
3,finetune_000222_v00,finetune_000222,Co3H16(C9O7)2,72,H,-0.9754867553710938,-3.9498274326324463,4.652233600616455,0.95996846049947,True
3,finetune_000222_v00,finetune_000222,Co3H16(C9O7)2,73,H,-0.2814367413520813,-2.869300127029419,5.518802165985107,1.0,True
3,finetune_000222_v00,finetune_000222,Co3H16(C9O7)2,74,H,-2.933485746383667,3.9957058429718018,-2.148188591003418,1.0,True
3,finetune_000222_v00,finetune_000222,Co3H16(C9O7)2,75,H,-4.080389499664307,2.9557995796203613,-2.3057990074157715,0.9599591257188012,True
3,finetune_000222_v00,finetune_000222,Co3H16(C9O7)2,76,H,-2.553518533706665,0.25854286551475525,-0.604412317276001,1.0,True
3,finetune_000222_v00,finetune_000222,Co3H16(C9O7)2,77,H,-3.849552869796753,0.6647562384605408,-1.3554936647415161,0.9599657909994738,True
3,finetune_000222_v00,finetune_000222,Co3H16(C9O7)2,78,H,-3.704676628112793,0.9572298526763916,-3.9601547718048096,1.0,True
3,finetune_000222_v00,finetune_000222,Co3H16(C9O7)2,79,H,-2.299379587173462,0.8353658318519592,-4.611968517303467,1.0,True
3,finetune_000222_v00,finetune_000222,Co3H16(C9O7)2,80,H,1.0624442100524902,4.109445571899414,-4.50399923324585,1.0,True
3,finetune_000222_v00,finetune_000222,Co3H16(C9O7)2,81,H,0.36839422583580017,3.0289180278778076,-5.370567321777344,1.0,True
3,finetune_000222_v00,finetune_000222,Co3H16(C9O7)2,82,C,2.6253485679626465,-2.4549624919891357,3.766322135925293,1.0,True
3,finetune_000222_v00,finetune_000222,Co3H16(C9O7)2,83,C,3.2281041145324707,-2.9180455207824707,2.4376773834228516,1.0,True
3,finetune_000222_v00,finetune_000222,Co3H16(C9O7)2,84,C,2.6311874389648438,-2.0893702507019043,1.2930552959442139,1.0,True
3,finetune_000222_v00,finetune_000222,Co3H16(C9O7)2,85,C,2.9872710704803467,-0.6026294827461243,1.4790180921554565,1.0,True
3,finetune_000222_v00,finetune_000222,Co3H16(C9O7)2,86,C,2.3912224769592285,-0.0989248976111412,2.803349256515503,0.9599579926539334,True
3,finetune_000222_v00,finetune_000222,Co3H16(C9O7)2,87,C,2.862387180328369,-0.9438486695289612,3.9817633628845215,1.0,True
3,finetune_000222_v00,finetune_000222,Co3H16(C9O7)2,88,C,3.2423861026763916,-3.161773681640625,4.951923370361328,1.0,True
3,finetune_000222_v00,finetune_000222,Co3H16(C9O7)2,89,C,3.0692455768585205,-2.568702220916748,-0.07532831281423569,1.0,True
3,finetune_000222_v00,finetune_000222,Co3H16(C9O7)2,90,C,2.818490505218506,1.3471946716308594,3.054415225982666,1.0,True
3,finetune_000222_v00,finetune_000222,Co3H16(C9O7)2,91,C,-2.53839111328125,2.6145803928375244,-3.6180875301361084,1.0,True
3,finetune_000222_v00,finetune_000222,Co3H16(C9O7)2,92,C,-3.141146421432495,3.0776636600494385,-2.289442777633667,1.0,True
3,finetune_000222_v00,finetune_000222,Co3H16(C9O7)2,93,C,-2.5442299842834473,2.248988389968872,-1.1448206901550293,1.0,True
3,finetune_000222_v00,finetune_000222,Co3H16(C9O7)2,94,C,-2.90031361579895,0.7622474431991577,-1.330783486366272,1.0,True
3,finetune_000222_v00,finetune_000222,Co3H16(C9O7)2,95,C,-2.3009328842163086,0.2504185736179352,-2.652329921722412,1.0,True
3,finetune_000222_v00,finetune_000222,Co3H16(C9O7)2,96,C,-2.7754297256469727,1.1034666299819946,-3.833528757095337,0.9599929733953779,True
3,finetune_000222_v00,finetune_000222,Co3H16(C9O7)2,97,C,-3.155428647994995,3.3213915824890137,-4.8036885261535645,1.0,True
3,finetune_000222_v00,finetune_000222,Co3H16(C9O7)2,98,C,-2.982288122177124,2.7283201217651367,0.22356291115283966,1.0,True
3,finetune_000222_v00,finetune_000222,Co3H16(C9O7)2,99,C,-2.7315330505371094,-1.1875766515731812,-2.9061806201934814,1.0,True
3,finetune_000222_v00,finetune_000222,Co3H16(C9O7)2,100,O,4.4841532707214355,-3.2267677783966064,5.053326606750488,1.0,True
3,finetune_000222_v00,finetune_000222,Co3H16(C9O7)2,101,O,2.4564621448516846,-3.6004841327667236,5.862578868865967,1.0,True
3,finetune_000222_v00,finetune_000222,Co3H16(C9O7)2,102,O,4.211660861968994,-3.0561580657958984,-0.24678155779838562,1.0,True
3,finetune_000222_v00,finetune_000222,Co3H16(C9O7)2,103,O,2.22589373588562,-2.4305896759033203,-1.010555386543274,1.0,True
3,finetune_000222_v00,finetune_000222,Co3H16(C9O7)2,104,O,1.9278357028961182,2.208366870880127,3.2823145389556885,1.0,True
3,finetune_000222_v00,finetune_000222,Co3H16(C9O7)2,105,O,-3.7331550121307373,1.5584255456924438,3.468675374984741,1.0,True
3,finetune_000222_v00,finetune_000222,Co3H16(C9O7)2,106,O,-0.6081422567367554,-3.762969493865967,5.514865875244141,1.0,True
3,finetune_000222_v00,finetune_000222,Co3H16(C9O7)2,107,O,-4.397195816040039,3.386385679244995,-4.894308090209961,1.0,True
3,finetune_000222_v00,finetune_000222,Co3H16(C9O7)2,108,O,-2.369504690170288,3.7601020336151123,-5.714344024658203,1.0,True
3,finetune_000222_v00,finetune_000222,Co3H16(C9O7)2,109,O,-4.11691427230835,3.215776205062866,0.40540871024131775,1.0,True
3,finetune_000222_v00,finetune_000222,Co3H16(C9O7)2,110,O,-2.1389362812042236,2.590207576751709,1.1587899923324585,1.0,True
3,finetune_000222_v00,finetune_000222,Co3H16(C9O7)2,111,O,-1.8408781290054321,-2.0487489700317383,-3.144864082336426,1.0,True
3,finetune_000222_v00,finetune_000222,Co3H16(C9O7)2,112,O,3.820112466812134,-1.3988076448440552,-3.3204407691955566,0.9599699350609091,True
3,finetune_000222_v00,finetune_000222,Co3H16(C9O7)2,113,O,0.6950997710227966,3.9225873947143555,-5.355847358703613,1.0,True
3,finetune_000222_v00,finetune_000222,Co3H16(C9O7)2,114,H,-3.704676628112793,0.9572298526763916,6.823845386505127,1.0,True
3,finetune_000222_v00,finetune_000222,Co3H16(C9O7)2,115,H,-2.299379587173462,0.8353658318519592,6.172031402587891,1.0,True
3,finetune_000222_v00,finetune_000222,Co3H16(C9O7)2,116,H,1.0624442100524902,4.109445571899414,6.280000686645508,1.0,True
3,finetune_000222_v00,finetune_000222,Co3H16(C9O7)2,117,H,0.36839422583580017,3.0289180278778076,5.413432598114014,1.0,True
3,finetune_000222_v00,finetune_000222,Co3H16(C9O7)2,118,C,-2.7754297256469727,1.1034666299819946,6.9504714012146,1.0,True
3,finetune_000222_v00,finetune_000222,Co3H16(C9O7)2,119,C,-3.155428647994995,3.3213915824890137,5.980311393737793,1.0,True
3,finetune_000222_v00,finetune_000222,Co3H16(C9O7)2,120,O,-2.369504690170288,3.7601020336151123,5.069655895233154,1.0,True
3,finetune_000222_v00,finetune_000222,Co3H16(C9O7)2,121,O,0.6950997710227966,3.9225873947143555,5.428152561187744,1.0,True
3,finetune_000222_v00,finetune_000222,Co3H16(C9O7)2,122,Co,-0.9084412455558777,5.287464141845703,-5.760433197021484,0.9599971939228992,True
3,finetune_000222_v00,finetune_000222,Co3H16(C9O7)2,123,H,-0.3116532862186432,4.288179397583008,-0.4882420301437378,1.0,True
3,finetune_000222_v00,finetune_000222,Co3H16(C9O7)2,124,H,0.8352506756782532,5.328085422515869,-0.3306315839290619,1.0,True
3,finetune_000222_v00,finetune_000222,Co3H16(C9O7)2,125,H,0.6044139862060547,7.619128704071045,-1.28093683719635,1.0,True
3,finetune_000222_v00,finetune_000222,Co3H16(C9O7)2,126,H,0.45953765511512756,7.326655387878418,1.3237242698669434,1.0,True
3,finetune_000222_v00,finetune_000222,Co3H16(C9O7)2,127,H,-0.9457593560218811,7.448519229888916,1.9755381345748901,1.0,True
3,finetune_000222_v00,finetune_000222,Co3H16(C9O7)2,128,H,-4.307583332061768,4.174439430236816,1.8675686120986938,1.0,True
3,finetune_000222_v00,finetune_000222,Co3H16(C9O7)2,129,H,-3.6135332584381104,5.254967212677002,2.7341368198394775,1.0,True
3,finetune_000222_v00,finetune_000222,Co3H16(C9O7)2,130,C,-0.7067479491233826,5.669304847717285,0.9816570281982422,0.9599740584146633,True
3,finetune_000222_v00,finetune_000222,Co3H16(C9O7)2,131,C,-0.10399244725704193,5.206221580505371,-0.3469877541065216,1.0,True
3,finetune_000222_v00,finetune_000222,Co3H16(C9O7)2,132,C,-0.700908899307251,6.0348968505859375,-1.491609811782837,1.0,True
3,finetune_000222_v00,finetune_000222,Co3H16(C9O7)2,133,C,-0.3448254466056824,7.521637916564941,-1.3056470155715942,1.0,True
3,finetune_000222_v00,finetune_000222,Co3H16(C9O7)2,134,C,-0.469709187746048,7.180418491363525,1.1970981359481812,1.0,True
3,finetune_000222_v00,finetune_000222,Co3H16(C9O7)2,135,C,-0.08971042186021805,4.962493419647217,2.1672580242156982,1.0,True
3,finetune_000222_v00,finetune_000222,Co3H16(C9O7)2,136,C,-0.26285094022750854,5.555564880371094,-2.8599934577941895,1.0,True
3,finetune_000222_v00,finetune_000222,Co3H16(C9O7)2,137,O,1.1520569324493408,4.8974995613098145,2.2686614990234375,1.0,True
3,finetune_000222_v00,finetune_000222,Co3H16(C9O7)2,138,O,-0.8756343126296997,4.523783206939697,3.077913522720337,0.9599704164290362,True
3,finetune_000222_v00,finetune_000222,Co3H16(C9O7)2,139,O,0.8795644044876099,5.068109035491943,-3.031446695327759,1.0,True
3,finetune_000222_v00,finetune_000222,Co3H16(C9O7)2,140,O,-1.1062027215957642,5.6936774253845215,-3.7952206134796143,1.0,True
3,finetune_000222_v00,finetune_000222,Co3H16(C9O7)2,141,O,-3.9402387142181396,4.361297607421875,2.73020076751709,1.0,True
3,finetune_000222_v00,finetune_000222,Co3H16(C9O7)2,142,Co,-0.9084412455558777,5.287464141845703,5.023566722869873,1.0,True
3,finetune_000222_v00,finetune_000222,Co3H16(C9O7)2,143,Co,5.45247220993042,2.9964208602905273,2.7325549125671387,0.9599750526561381,True
3,finetune_000222_v00,finetune_000222,Co3H16(C9O7)2,144,H,4.855684280395508,3.9957058429718018,-2.5396361351013184,0.9199227229917055,True
3,finetune_000222_v00,finetune_000222,Co3H16(C9O7)2,145,H,3.708780288696289,2.9557995796203613,-2.697246551513672,0.9599576268920781,True
3,finetune_000222_v00,finetune_000222,Co3H16(C9O7)2,146,H,5.23565149307251,0.25854286551475525,-0.9958599209785461,1.0,True
3,finetune_000222_v00,finetune_000222,Co3H16(C9O7)2,147,H,3.939617156982422,0.6647562384605408,-1.7469412088394165,1.0,True
3,finetune_000222_v00,finetune_000222,Co3H16(C9O7)2,148,H,4.084493160247803,0.9572298526763916,-4.351602554321289,1.0,True
3,finetune_000222_v00,finetune_000222,Co3H16(C9O7)2,149,H,5.489790439605713,0.8353658318519592,-5.003416538238525,1.0,True
3,finetune_000222_v00,finetune_000222,Co3H16(C9O7)2,150,C,5.250779151916504,2.6145803928375244,-4.009535312652588,1.0,True
3,finetune_000222_v00,finetune_000222,Co3H16(C9O7)2,151,C,4.64802360534668,3.0776636600494385,-2.6808903217315674,1.0,True
3,finetune_000222_v00,finetune_000222,Co3H16(C9O7)2,152,C,5.244939804077148,2.248988389968872,-1.5362683534622192,1.0,True
3,finetune_000222_v00,finetune_000222,Co3H16(C9O7)2,153,C,4.888856410980225,0.7622474431991577,-1.722231149673462,1.0,True
3,finetune_000222_v00,finetune_000222,Co3H16(C9O7)2,154,C,5.488236904144287,0.2504185736179352,-3.0437774658203125,1.0,True
3,finetune_000222_v00,finetune_000222,Co3H16(C9O7)2,155,C,5.013740062713623,1.1034666299819946,-4.224976062774658,1.0,True
3,finetune_000222_v00,finetune_000222,Co3H16(C9O7)2,156,C,4.63374137878418,3.3213915824890137,-5.195136070251465,1.0,True
3,finetune_000222_v00,finetune_000222,Co3H16(C9O7)2,157,C,4.806881904602051,2.7283201217651367,-0.1678846776485443,1.0,True
3,finetune_000222_v00,finetune_000222,Co3H16(C9O7)2,158,C,5.057636737823486,-1.1875766515731812,-3.297628164291382,0.9599585087722384,True
3,finetune_000222_v00,finetune_000222,Co3H16(C9O7)2,159,O,4.0560150146484375,1.5584255456924438,3.077227830886841,1.0,True
3,finetune_000222_v00,finetune_000222,Co3H16(C9O7)2,160,O,3.3919742107391357,3.386385679244995,-5.285755634307861,1.0,True
3,finetune_000222_v00,finetune_000222,Co3H16(C9O7)2,161,O,3.672255754470825,3.215776205062866,0.013961117714643478,1.0,True
3,finetune_000222_v00,finetune_000222,Co3H16(C9O7)2,162,O,5.650233745574951,2.590207576751709,0.7673423886299133,1.0,True
3,finetune_000222_v00,finetune_000222,Co3H16(C9O7)2,163,O,5.948291778564453,-2.0487489700317383,-3.536311626434326,1.0,True
3,finetune_000222_v00,finetune_000222,Co3H16(C9O7)2,164,H,4.084493160247803,0.9572298526763916,6.432397365570068,0.9599584085324409,True
3,finetune_000222_v00,finetune_000222,Co3H16(C9O7)2,165,C,4.63374137878418,3.3213915824890137,5.588863849639893,1.0,True
3,finetune_000222_v00,finetune_000222,Co3H16(C9O7)2,166,O,3.3919742107391357,3.386385679244995,5.498244285583496,1.0,True
3,finetune_000222_v00,finetune_000222,Co3H16(C9O7)2,167,H,3.4815869331359863,4.174439430236816,1.476120948791504,1.0,True
3,finetune_000222_v00,finetune_000222,Co3H16(C9O7)2,168,H,4.1756367683410645,5.254967212677002,2.342689275741577,1.0,True
3,finetune_000222_v00,finetune_000222,Co3H16(C9O7)2,169,O,3.848931312561035,4.361297607421875,2.3387532234191895,1.0,True
3,finetune_000222_v00,finetune_000222,Co3H16(C9O7)2,170,Co,2.2720155715942383,4.141942501068115,3.878060817718506,0.9199043570985084,False
3,finetune_000222_v00,finetune_000222,Co3H16(C9O7)2,171,O,2.6161954402923584,6.0755181312561035,4.4630231857299805,1.0,True
3,finetune_000085_v00,finetune_000085,ZnH3(CO2)3,0,O,-4.708836078643799,2.702852964401245,-5.461216926574707,0.9599667869233455,True
3,finetune_000085_v00,finetune_000085,ZnH3(CO2)3,1,O,-4.95095682144165,-1.683419108390808,-5.22067403793335,0.9199571750695159,True
3,finetune_000085_v00,finetune_000085,ZnH3(CO2)3,2,Zn,-6.3118438720703125,3.3830769062042236,2.227250099182129,0.9599868113863368,True
3,finetune_000085_v00,finetune_000085,ZnH3(CO2)3,3,Zn,-6.211656093597412,-2.4809231758117676,2.227250099182129,0.9599852933229301,True
3,finetune_000085_v00,finetune_000085,ZnH3(CO2)3,4,H,-7.656033039093018,-2.152539014816284,-0.5612670183181763,0.9599805396112663,True
3,finetune_000085_v00,finetune_000085,ZnH3(CO2)3,5,H,-4.867466926574707,3.0546929836273193,-0.5612670183181763,0.9199060012899083,True
3,finetune_000085_v00,finetune_000085,ZnH3(CO2)3,6,H,-4.867466926574707,3.711460828781128,-3.893233060836792,0.9599501662179104,True
3,finetune_000085_v00,finetune_000085,ZnH3(CO2)3,7,H,-6.261750221252441,0.4510769248008728,2.6905179023742676,0.9599718059077157,True
3,finetune_000085_v00,finetune_000085,ZnH3(CO2)3,8,C,-4.366527080535889,3.711460828781128,-0.1425440013408661,0.9599394010844443,True
3,finetune_000085_v00,finetune_000085,ZnH3(CO2)3,9,C,-4.366527080535889,3.0546929836273193,-4.31195592880249,0.9599687620230685,True
3,finetune_000085_v00,finetune_000085,ZnH3(CO2)3,10,C,-6.261750221252441,0.4510769248008728,1.7639820575714111,0.9198989378472857,False
3,finetune_000085_v00,finetune_000085,ZnH3(CO2)3,11,O,-4.708836078643799,4.063301086425781,1.0067169666290283,0.9599724232458579,True
3,finetune_000085_v00,finetune_000085,ZnH3(CO2)3,12,O,-4.708836078643799,2.702852964401245,3.4477829933166504,0.9599840572452618,True
3,finetune_000085_v00,finetune_000085,ZnH3(CO2)3,13,O,-6.328542232513428,1.5535088777542114,1.2027150392532349,0.9599727984157873,True
3,finetune_000085_v00,finetune_000085,ZnH3(CO2)3,14,O,-6.194958209991455,-0.6513550877571106,1.2027150392532349,0.959967032697632,True
3,finetune_000085_v00,finetune_000085,ZnH3(CO2)3,15,O,-4.95095682144165,-3.2784271240234375,0.7661740183830261,0.9599892624661246,True
3,finetune_000085_v00,finetune_000085,ZnH3(CO2)3,16,O,-4.95095682144165,-1.683419108390808,3.688325881958008,0.9599788257036664,True
3,finetune_000085_v00,finetune_000085,ZnH3(CO2)3,17,H,-4.867466926574707,3.711460828781128,5.0157670974731445,0.9599507445023043,True
3,finetune_000085_v00,finetune_000085,ZnH3(CO2)3,18,C,-4.366527080535889,3.0546929836273193,4.597043991088867,0.9599428363811817,True
3,finetune_000085_v00,finetune_000085,ZnH3(CO2)3,19,O,-2.1540420055389404,-6.515355110168457,-3.2517850399017334,0.9199789880034562,True
3,finetune_000085_v00,finetune_000085,ZnH3(CO2)3,20,O,0.7764570116996765,-7.54741907119751,0.7661740183830261,0.9599631227986323,True
3,finetune_000085_v00,finetune_000085,ZnH3(CO2)3,21,O,-0.5343359708786011,-7.664699077606201,-1.0067169666290283,0.9599898199152715,True
3,finetune_000085_v00,finetune_000085,ZnH3(CO2)3,22,O,2.0204579830169678,-6.515355110168457,3.2517850399017334,0.9599894663682108,True
3,finetune_000085_v00,finetune_000085,ZnH3(CO2)3,23,Zn,2.037156105041504,3.3830769062042236,-6.6817498207092285,0.9199485917788445,True
3,finetune_000085_v00,finetune_000085,ZnH3(CO2)3,24,Zn,2.1373438835144043,-2.4809231758117676,-6.6817498207092285,1.0,True
3,finetune_000085_v00,finetune_000085,ZnH3(CO2)3,25,H,-3.4815330505371094,-2.809307098388672,-5.0157670974731445,0.9199452216616452,True
3,finetune_000085_v00,finetune_000085,ZnH3(CO2)3,26,H,-0.6929669976234436,3.711460828781128,-5.0157670974731445,1.0,True
3,finetune_000085_v00,finetune_000085,ZnH3(CO2)3,27,H,2.087249994277954,0.4510769248008728,-6.21848201751709,1.0,True
3,finetune_000085_v00,finetune_000085,ZnH3(CO2)3,28,C,-3.9824728965759277,-2.152539014816284,-4.597043991088867,1.0,True
3,finetune_000085_v00,finetune_000085,ZnH3(CO2)3,29,C,-0.1920270025730133,3.0546929836273193,-4.597043991088867,1.0,True
3,finetune_000085_v00,finetune_000085,ZnH3(CO2)3,30,C,2.087249994277954,0.4510769248008728,-7.145018100738525,0.9599358150486536,False
3,finetune_000085_v00,finetune_000085,ZnH3(CO2)3,31,O,3.6401638984680176,2.702852964401245,-5.461216926574707,0.9199560665736749,True
3,finetune_000085_v00,finetune_000085,ZnH3(CO2)3,32,O,0.5343359708786011,-1.8006991147994995,-5.461216926574707,1.0,True
3,finetune_000085_v00,finetune_000085,ZnH3(CO2)3,33,O,2.1540420055389404,-4.31049108505249,-5.657215118408203,1.0,True
3,finetune_000085_v00,finetune_000085,ZnH3(CO2)3,34,O,3.398042917251587,-1.683419108390808,-5.22067403793335,0.9599898199152715,True
3,finetune_000085_v00,finetune_000085,ZnH3(CO2)3,35,O,2.0204579830169678,5.212645053863525,-5.657215118408203,1.0,True
3,finetune_000085_v00,finetune_000085,ZnH3(CO2)3,36,O,0.7764570116996765,2.5855729579925537,-5.22067403793335,1.0,True
3,finetune_000085_v00,finetune_000085,ZnH3(CO2)3,37,Zn,-2.037156105041504,-2.4809231758117676,-2.227250099182129,0.9599840572452618,True
3,finetune_000085_v00,finetune_000085,ZnH3(CO2)3,38,Zn,-2.1373438835144043,3.3830769062042236,-2.227250099182129,1.0,True
3,finetune_000085_v00,finetune_000085,ZnH3(CO2)3,39,Zn,2.037156105041504,3.3830769062042236,2.227250099182129,0.9599852933229301,True
3,finetune_000085_v00,finetune_000085,ZnH3(CO2)3,40,Zn,2.1373438835144043,-2.4809231758117676,2.227250099182129,1.0,True
3,finetune_000085_v00,finetune_000085,ZnH3(CO2)3,41,H,0.6929669976234436,-2.152539014816284,-0.5612670183181763,1.0,True
3,finetune_000085_v00,finetune_000085,ZnH3(CO2)3,42,H,3.4815330505371094,3.0546929836273193,-0.5612670183181763,1.0,True
3,finetune_000085_v00,finetune_000085,ZnH3(CO2)3,43,H,3.4815330505371094,3.711460828781128,-3.893233060836792,1.0,True
3,finetune_000085_v00,finetune_000085,ZnH3(CO2)3,44,H,0.6929669976234436,-2.809307098388672,-3.893233060836792,1.0,True
3,finetune_000085_v00,finetune_000085,ZnH3(CO2)3,45,H,-0.6929669976234436,3.0546929836273193,0.5612670183181763,1.0,True
3,finetune_000085_v00,finetune_000085,ZnH3(CO2)3,46,H,-3.4815330505371094,-2.152539014816284,0.5612670183181763,1.0,True
3,finetune_000085_v00,finetune_000085,ZnH3(CO2)3,47,H,-3.4815330505371094,-2.809307098388672,3.893233060836792,1.0,True
3,finetune_000085_v00,finetune_000085,ZnH3(CO2)3,48,H,-0.6929669976234436,3.711460828781128,3.893233060836792,1.0,True
3,finetune_000085_v00,finetune_000085,ZnH3(CO2)3,49,H,-2.087249994277954,0.4510769248008728,-2.6905179023742676,1.0,True
3,finetune_000085_v00,finetune_000085,ZnH3(CO2)3,50,H,-2.087249994277954,-5.4129228591918945,-1.7639820575714111,1.0,True
3,finetune_000085_v00,finetune_000085,ZnH3(CO2)3,51,H,2.087249994277954,0.4510769248008728,2.6905179023742676,1.0,True
3,finetune_000085_v00,finetune_000085,ZnH3(CO2)3,52,H,2.087249994277954,-5.4129228591918945,1.7639820575714111,1.0,True
3,finetune_000085_v00,finetune_000085,ZnH3(CO2)3,53,C,0.1920270025730133,-2.809307098388672,-0.1425440013408661,1.0,True
3,finetune_000085_v00,finetune_000085,ZnH3(CO2)3,54,C,3.9824728965759277,3.711460828781128,-0.1425440013408661,1.0,True
3,finetune_000085_v00,finetune_000085,ZnH3(CO2)3,55,C,3.9824728965759277,3.0546929836273193,-4.31195592880249,1.0,True
3,finetune_000085_v00,finetune_000085,ZnH3(CO2)3,56,C,0.1920270025730133,-2.152539014816284,-4.31195592880249,1.0,True
3,finetune_000085_v00,finetune_000085,ZnH3(CO2)3,57,C,-0.1920270025730133,3.711460828781128,0.1425440013408661,1.0,True
3,finetune_000085_v00,finetune_000085,ZnH3(CO2)3,58,C,-3.9824728965759277,-2.809307098388672,0.1425440013408661,1.0,True
3,finetune_000085_v00,finetune_000085,ZnH3(CO2)3,59,C,-3.9824728965759277,-2.152539014816284,4.31195592880249,0.9599667869233455,True
3,finetune_000085_v00,finetune_000085,ZnH3(CO2)3,60,C,-0.1920270025730133,3.0546929836273193,4.31195592880249,0.9607224012918415,True
3,finetune_000085_v00,finetune_000085,ZnH3(CO2)3,61,C,-2.087249994277954,0.4510769248008728,-1.7639820575714111,1.0,True
3,finetune_000085_v00,finetune_000085,ZnH3(CO2)3,62,C,-2.087249994277954,-5.4129228591918945,-2.6905179023742676,0.9199098690788137,True
3,finetune_000085_v00,finetune_000085,ZnH3(CO2)3,63,C,2.087249994277954,0.4510769248008728,1.7639820575714111,1.0,True
3,finetune_000085_v00,finetune_000085,ZnH3(CO2)3,64,C,2.087249994277954,-5.4129228591918945,2.6905179023742676,1.0,True
3,finetune_000085_v00,finetune_000085,ZnH3(CO2)3,65,O,-2.0204579830169678,-0.6513550877571106,-1.2027150392532349,1.0,True
3,finetune_000085_v00,finetune_000085,ZnH3(CO2)3,66,O,-0.7764570116996765,-3.2784271240234375,-0.7661740183830261,1.0,True
3,finetune_000085_v00,finetune_000085,ZnH3(CO2)3,67,O,0.5343359708786011,-3.161147117614746,1.0067169666290283,1.0,True
3,finetune_000085_v00,finetune_000085,ZnH3(CO2)3,68,O,-2.1540420055389404,1.5535088777542114,-1.2027150392532349,1.0,True
3,finetune_000085_v00,finetune_000085,ZnH3(CO2)3,69,O,-3.398042917251587,4.180581092834473,-0.7661740183830261,1.0,True
3,finetune_000085_v00,finetune_000085,ZnH3(CO2)3,70,O,3.6401638984680176,4.063301086425781,1.0067169666290283,1.0,True
3,finetune_000085_v00,finetune_000085,ZnH3(CO2)3,71,O,-2.1540420055389404,5.212645053863525,-3.2517850399017334,1.0,True
3,finetune_000085_v00,finetune_000085,ZnH3(CO2)3,72,O,-3.398042917251587,2.5855729579925537,-3.688325881958008,1.0,True
3,finetune_000085_v00,finetune_000085,ZnH3(CO2)3,73,O,3.6401638984680176,2.702852964401245,3.4477829933166504,1.0,True
3,finetune_000085_v00,finetune_000085,ZnH3(CO2)3,74,O,-2.0204579830169678,-4.31049108505249,-3.2517850399017334,0.9599788257036664,True
3,finetune_000085_v00,finetune_000085,ZnH3(CO2)3,75,O,-0.7764570116996765,-1.683419108390808,-3.688325881958008,1.0,True
3,finetune_000085_v00,finetune_000085,ZnH3(CO2)3,76,O,0.5343359708786011,-1.8006991147994995,3.4477829933166504,1.0,True
3,finetune_000085_v00,finetune_000085,ZnH3(CO2)3,77,O,2.0204579830169678,1.5535088777542114,1.2027150392532349,1.0,True
3,finetune_000085_v00,finetune_000085,ZnH3(CO2)3,78,O,0.7764570116996765,4.180581092834473,0.7661740183830261,1.0,True
3,finetune_000085_v00,finetune_000085,ZnH3(CO2)3,79,O,-0.5343359708786011,4.063301086425781,-1.0067169666290283,1.0,True
3,finetune_000085_v00,finetune_000085,ZnH3(CO2)3,80,O,2.1540420055389404,-0.6513550877571106,1.2027150392532349,0.9599687620230685,True
3,finetune_000085_v00,finetune_000085,ZnH3(CO2)3,81,O,3.398042917251587,-3.2784271240234375,0.7661740183830261,1.0,True
3,finetune_000085_v00,finetune_000085,ZnH3(CO2)3,82,O,-3.6401638984680176,-3.161147117614746,-1.0067169666290283,1.0,True
3,finetune_000085_v00,finetune_000085,ZnH3(CO2)3,83,O,2.1540420055389404,-4.31049108505249,3.2517850399017334,1.0,True
3,finetune_000085_v00,finetune_000085,ZnH3(CO2)3,84,O,3.398042917251587,-1.683419108390808,3.688325881958008,1.0,True
3,finetune_000085_v00,finetune_000085,ZnH3(CO2)3,85,O,-3.6401638984680176,-1.8006991147994995,-3.4477829933166504,1.0,True
3,finetune_000085_v00,finetune_000085,ZnH3(CO2)3,86,O,2.0204579830169678,5.212645053863525,3.2517850399017334,1.0,True
3,finetune_000085_v00,finetune_000085,ZnH3(CO2)3,87,O,0.7764570116996765,2.5855729579925537,3.688325881958008,1.0,True
3,finetune_000085_v00,finetune_000085,ZnH3(CO2)3,88,O,-0.5343359708786011,2.702852964401245,-3.4477829933166504,1.0,True
3,finetune_000085_v00,finetune_000085,ZnH3(CO2)3,89,Zn,-2.037156105041504,-2.4809231758117676,6.6817498207092285,1.0,True
3,finetune_000085_v00,finetune_000085,ZnH3(CO2)3,90,Zn,-2.1373438835144043,3.3830769062042236,6.6817498207092285,1.0,True
3,finetune_000085_v00,finetune_000085,ZnH3(CO2)3,91,H,3.4815330505371094,3.711460828781128,5.0157670974731445,0.9599507445023043,True
3,finetune_000085_v00,finetune_000085,ZnH3(CO2)3,92,H,0.6929669976234436,-2.809307098388672,5.0157670974731445,1.0,True
3,finetune_000085_v00,finetune_000085,ZnH3(CO2)3,93,H,-2.087249994277954,0.4510769248008728,6.21848201751709,1.0,True
3,finetune_000085_v00,finetune_000085,ZnH3(CO2)3,94,C,3.9824728965759277,3.0546929836273193,4.597043991088867,1.0,True
3,finetune_000085_v00,finetune_000085,ZnH3(CO2)3,95,C,0.1920270025730133,-2.152539014816284,4.597043991088867,1.0,True
3,finetune_000085_v00,finetune_000085,ZnH3(CO2)3,96,C,-2.087249994277954,0.4510769248008728,7.145018100738525,1.0,True
3,finetune_000085_v00,finetune_000085,ZnH3(CO2)3,97,O,-2.0204579830169678,-0.6513550877571106,7.706284999847412,1.0,True
3,finetune_000085_v00,finetune_000085,ZnH3(CO2)3,98,O,-2.1540420055389404,5.212645053863525,5.657215118408203,1.0,True
3,finetune_000085_v00,finetune_000085,ZnH3(CO2)3,99,O,-3.398042917251587,2.5855729579925537,5.22067403793335,1.0,True
3,finetune_000085_v00,finetune_000085,ZnH3(CO2)3,100,O,-2.0204579830169678,-4.31049108505249,5.657215118408203,1.0,True
3,finetune_000085_v00,finetune_000085,ZnH3(CO2)3,101,O,-0.7764570116996765,-1.683419108390808,5.22067403793335,1.0,True
3,finetune_000085_v00,finetune_000085,ZnH3(CO2)3,102,O,-3.6401638984680176,-1.8006991147994995,5.461216926574707,1.0,True
3,finetune_000085_v00,finetune_000085,ZnH3(CO2)3,103,O,-0.5343359708786011,2.702852964401245,5.461216926574707,1.0,True
3,finetune_000085_v00,finetune_000085,ZnH3(CO2)3,104,H,-2.087249994277954,6.31507682800293,-1.7639820575714111,1.0,True
3,finetune_000085_v00,finetune_000085,ZnH3(CO2)3,105,H,2.087249994277954,6.31507682800293,1.7639820575714111,1.0,True
3,finetune_000085_v00,finetune_000085,ZnH3(CO2)3,106,C,-2.087249994277954,6.31507682800293,-2.6905179023742676,0.9599680521675782,True
3,finetune_000085_v00,finetune_000085,ZnH3(CO2)3,107,C,2.087249994277954,6.31507682800293,2.6905179023742676,1.0,True
3,finetune_000085_v00,finetune_000085,ZnH3(CO2)3,108,H,4.867466926574707,-2.809307098388672,-5.0157670974731445,1.0,True
3,finetune_000085_v00,finetune_000085,ZnH3(CO2)3,109,C,4.366527080535889,-2.152539014816284,-4.597043991088867,1.0,True
3,finetune_000085_v00,finetune_000085,ZnH3(CO2)3,110,Zn,6.3118438720703125,-2.4809231758117676,-2.227250099182129,1.0,True
3,finetune_000085_v00,finetune_000085,ZnH3(CO2)3,111,Zn,6.211656093597412,3.3830769062042236,-2.227250099182129,1.0,True
3,finetune_000085_v00,finetune_000085,ZnH3(CO2)3,112,H,4.867466926574707,-2.152539014816284,0.5612670183181763,1.0,True
3,finetune_000085_v00,finetune_000085,ZnH3(CO2)3,113,H,4.867466926574707,-2.809307098388672,3.893233060836792,1.0,True
3,finetune_000085_v00,finetune_000085,ZnH3(CO2)3,114,H,6.261750221252441,0.4510769248008728,-2.6905179023742676,0.9599501662179104,True
3,finetune_000085_v00,finetune_000085,ZnH3(CO2)3,115,C,4.366527080535889,-2.809307098388672,0.1425440013408661,0.9599649984523962,True
3,finetune_000085_v00,finetune_000085,ZnH3(CO2)3,116,C,4.366527080535889,-2.152539014816284,4.31195592880249,1.0,True
3,finetune_000085_v00,finetune_000085,ZnH3(CO2)3,117,C,6.261750221252441,0.4510769248008728,-1.7639820575714111,1.0,True
3,finetune_000085_v00,finetune_000085,ZnH3(CO2)3,118,O,6.328542232513428,-0.6513550877571106,-1.2027150392532349,0.9599718059077157,True
3,finetune_000085_v00,finetune_000085,ZnH3(CO2)3,119,O,6.194958209991455,1.5535088777542114,-1.2027150392532349,1.0,True
3,finetune_000085_v00,finetune_000085,ZnH3(CO2)3,120,O,4.95095682144165,4.180581092834473,-0.7661740183830261,1.0,True
3,finetune_000085_v00,finetune_000085,ZnH3(CO2)3,121,O,4.95095682144165,2.5855729579925537,-3.688325881958008,1.0,True
3,finetune_000085_v00,finetune_000085,ZnH3(CO2)3,122,O,4.708836078643799,-3.161147117614746,-1.0067169666290283,1.0,True
3,finetune_000085_v00,finetune_000085,ZnH3(CO2)3,123,O,4.708836078643799,-1.8006991147994995,-3.4477829933166504,1.0,True
3,finetune_000085_v00,finetune_000085,ZnH3(CO2)3,124,O,4.95095682144165,2.5855729579925537,5.22067403793335,1.0,True
3,finetune_000085_v00,finetune_000085,ZnH3(CO2)3,125,O,4.708836078643799,-1.8006991147994995,5.461216926574707,0.9599892624661246,True
3,finetune_000271_v00,finetune_000271,Fe2C4Cl2O9,0,C,-1.5541852712631226,-5.930628299713135,-1.0729869604110718,0.9598614896012959,False
3,finetune_000271_v00,finetune_000271,Fe2C4Cl2O9,1,Cl,-1.222727656364441,-6.132075309753418,2.619243860244751,0.9599404932346803,True
3,finetune_000271_v00,finetune_000271,Fe2C4Cl2O9,2,O,-2.4799115657806396,-5.759024620056152,-1.90919029712677,0.9600241063299478,True
3,finetune_000271_v00,finetune_000271,Fe2C4Cl2O9,3,O,-1.3566843271255493,-6.930404186248779,-0.3666072487831116,0.960019708650442,True
3,finetune_000271_v00,finetune_000271,Fe2C4Cl2O9,4,Cl,-4.485751152038574,-4.326510429382324,-3.8722269535064697,0.9197527275818739,True
3,finetune_000271_v00,finetune_000271,Fe2C4Cl2O9,5,Fe,-2.4745571613311768,-3.960920572280884,-2.877345561981201,0.9599522169278145,True
3,finetune_000271_v00,finetune_000271,Fe2C4Cl2O9,6,Fe,-5.270374298095703,1.5154635906219482,5.608739376068115,0.9600718894686456,True
3,finetune_000271_v00,finetune_000271,Fe2C4Cl2O9,7,C,-5.85600471496582,1.5303856134414673,-2.770310640335083,0.9599963150128479,True
3,finetune_000271_v00,finetune_000271,Fe2C4Cl2O9,8,C,-3.549924850463867,-1.9464467763900757,-1.167087197303772,0.9599705080214954,True
3,finetune_000271_v00,finetune_000271,Fe2C4Cl2O9,9,Cl,-5.524547100067139,1.3289382457733154,0.9219199419021606,0.9598781757302238,True
3,finetune_000271_v00,finetune_000271,Fe2C4Cl2O9,10,O,-6.781731128692627,1.701988935470581,-3.6065139770507812,0.9600518149432264,True
3,finetune_000271_v00,finetune_000271,Fe2C4Cl2O9,11,O,-5.658503532409668,0.5306097269058228,-2.0639309883117676,0.9599827438051649,True
3,finetune_000271_v00,finetune_000271,Fe2C4Cl2O9,12,O,-6.523099899291992,2.1496496200561523,4.022266864776611,0.9600392625793197,True
3,finetune_000271_v00,finetune_000271,Fe2C4Cl2O9,13,O,-4.1566643714904785,-1.2078064680099487,-0.35200339555740356,0.9600347981559163,True
3,finetune_000271_v00,finetune_000271,Fe2C4Cl2O9,14,O,-3.507585287094116,-3.1849751472473145,-1.1698291301727295,0.9600100881711012,True
3,finetune_000271_v00,finetune_000271,Fe2C4Cl2O9,15,O,-4.689941883087158,-0.02896628901362419,4.25256872177124,0.9599916433172776,True
3,finetune_000271_v00,finetune_000271,Fe2C4Cl2O9,16,Fe,0.27120426297187805,-6.661807537078857,0.9895630478858948,0.959921187347086,True
3,finetune_000271_v00,finetune_000271,Fe2C4Cl2O9,17,C,-0.5760018825531006,-4.759249210357666,-0.9073728919029236,0.9599017364460152,True
3,finetune_000271_v00,finetune_000271,Fe2C4Cl2O9,18,C,1.1028386354446411,-5.729180812835693,5.409127235412598,0.9599149945843387,True
3,finetune_000271_v00,finetune_000271,Fe2C4Cl2O9,19,Cl,0.23657222092151642,-6.975170135498047,-3.697256326675415,0.9599311073758966,True
3,finetune_000271_v00,finetune_000271,Fe2C4Cl2O9,20,O,0.3282153904438019,-4.893547058105469,-0.05439016968011856,0.9600365923668064,True
3,finetune_000271_v00,finetune_000271,Fe2C4Cl2O9,21,O,4.397018909454346,-5.796329975128174,3.1405246257781982,0.9600792681155815,True
3,finetune_000271_v00,finetune_000271,Fe2C4Cl2O9,22,O,1.4463404417037964,-7.430292129516602,-0.5969091057777405,0.9599594495840518,True
3,finetune_000271_v00,finetune_000271,Fe2C4Cl2O9,23,O,2.0460941791534424,-5.378513336181641,4.648820877075195,0.9599458123768156,True
3,finetune_000271_v00,finetune_000271,Fe2C4Cl2O9,24,O,1.856135606765747,-6.214146614074707,1.939392328262329,1.0,True
3,finetune_000271_v00,finetune_000271,Fe2C4Cl2O9,25,Fe,3.3419642448425293,1.5154635906219482,3.9114153385162354,1.0,True
3,finetune_000271_v00,finetune_000271,Fe2C4Cl2O9,26,Fe,-4.030615329742432,0.7992062568664551,-0.707760751247406,1.0,True
3,finetune_000271_v00,finetune_000271,Fe2C4Cl2O9,27,Fe,-1.5633584260940552,0.49330466985702515,1.7401334047317505,1.0,True
3,finetune_000271_v00,finetune_000271,Fe2C4Cl2O9,28,C,-4.877821445465088,2.7017648220062256,-2.604696750640869,1.0,True
3,finetune_000271_v00,finetune_000271,Fe2C4Cl2O9,29,C,2.756334066390991,1.5303856134414673,-4.467634677886963,0.9599149945843387,True
3,finetune_000271_v00,finetune_000271,Fe2C4Cl2O9,30,C,0.9951151013374329,1.537846565246582,2.2944862842559814,0.9599916433172776,True
3,finetune_000271_v00,finetune_000271,Fe2C4Cl2O9,31,C,0.7232565879821777,0.5604537725448608,3.439455986022949,1.0,True
3,finetune_000271_v00,finetune_000271,Fe2C4Cl2O9,32,C,-2.838984966278076,-1.2227284908294678,-2.3246898651123047,0.9599827438051649,True
3,finetune_000271_v00,finetune_000271,Fe2C4Cl2O9,33,C,5.062413692474365,-1.9464467763900757,-2.864410877227783,1.0,True
3,finetune_000271_v00,finetune_000271,Fe2C4Cl2O9,34,C,-3.1989808082580566,1.7318329811096191,3.7118031978607178,1.0,True
3,finetune_000271_v00,finetune_000271,Fe2C4Cl2O9,35,C,-3.725168466567993,0.2993183135986328,3.546189308166504,0.95987455185165,True
3,finetune_000271_v00,finetune_000271,Fe2C4Cl2O9,36,Cl,-4.065247058868408,0.4858436584472656,-5.394579887390137,1.0,True
3,finetune_000271_v00,finetune_000271,Fe2C4Cl2O9,37,Cl,3.087791681289673,1.3289382457733154,-0.7754038572311401,1.0,True
3,finetune_000271_v00,finetune_000271,Fe2C4Cl2O9,38,Cl,-0.8711917996406555,-1.4390978813171387,0.7469491362571716,1.0,True
3,finetune_000271_v00,finetune_000271,Fe2C4Cl2O9,39,O,-0.7433639168739319,-3.7669341564178467,-1.6676791906356812,1.0,True
3,finetune_000271_v00,finetune_000271,Fe2C4Cl2O9,40,O,1.8306076526641846,1.701988935470581,-5.303837776184082,1.0,True
3,finetune_000271_v00,finetune_000271,Fe2C4Cl2O9,41,O,2.9538347721099854,0.5306097269058228,-3.7612547874450684,1.0,True
3,finetune_000271_v00,finetune_000271,Fe2C4Cl2O9,42,O,-3.9736039638519287,2.5674664974212646,-1.7517139911651611,0.9599311073758966,True
3,finetune_000271_v00,finetune_000271,Fe2C4Cl2O9,43,O,2.0892388820648193,2.1496496200561523,2.3249433040618896,1.0,True
3,finetune_000271_v00,finetune_000271,Fe2C4Cl2O9,44,O,1.6662163734436035,0.4037725031375885,4.267172813415527,1.0,True
3,finetune_000271_v00,finetune_000271,Fe2C4Cl2O9,45,O,-0.37084969878196716,-0.02150527574121952,3.4493470191955566,1.0,True
3,finetune_000271_v00,finetune_000271,Fe2C4Cl2O9,46,O,0.09519965946674347,1.6646838188171387,1.4432008266448975,0.9600365923668064,True
3,finetune_000271_v00,finetune_000271,Fe2C4Cl2O9,47,O,-2.8554790019989014,0.030721820890903473,-2.2942328453063965,0.9600347981559163,True
3,finetune_000271_v00,finetune_000271,Fe2C4Cl2O9,48,O,4.455674648284912,-1.2078064680099487,-2.0493271350860596,0.9600241063299478,True
3,finetune_000271_v00,finetune_000271,Fe2C4Cl2O9,49,O,5.104753494262695,-3.1849751472473145,-2.8671529293060303,1.0,True
3,finetune_000271_v00,finetune_000271,Fe2C4Cl2O9,50,O,-2.2796006202697754,-1.938985824584961,-3.1759753227233887,1.0,True
3,finetune_000271_v00,finetune_000271,Fe2C4Cl2O9,51,O,-2.255725145339966,2.082500696182251,2.9514970779418945,1.0,True
3,finetune_000271_v00,finetune_000271,Fe2C4Cl2O9,52,O,-3.114109992980957,-0.41693899035453796,2.7099859714508057,1.0,True
3,finetune_000271_v00,finetune_000271,Fe2C4Cl2O9,53,O,3.922396659851074,-0.02896628901362419,2.5552451610565186,0.9599705080214954,True
3,finetune_000271_v00,finetune_000271,Fe2C4Cl2O9,54,O,-3.766977548599243,2.4480903148651123,4.564785957336426,1.0,True
3,finetune_000271_v00,finetune_000271,Fe2C4Cl2O9,55,O,-1.3724039793014526,-4.348893165588379,-4.377107620239258,0.9599404932346803,True
3,finetune_000271_v00,finetune_000271,Fe2C4Cl2O9,56,O,-2.445683717727661,1.246867060661316,0.24206851422786713,0.960019708650442,True
3,finetune_000271_v00,finetune_000271,Fe2C4Cl2O9,57,O,1.8306076526641846,1.701988935470581,7.329162120819092,1.0,True
3,finetune_000271_v00,finetune_000271,Fe2C4Cl2O9,58,Cl,-0.17523208260536194,3.1345036029815674,-7.26687479019165,0.9599522169278145,True
3,finetune_000271_v00,finetune_000271,Fe2C4Cl2O9,59,Fe,1.835962176322937,3.5000932216644287,-6.271993160247803,1.0,True
3,finetune_000271_v00,finetune_000271,Fe2C4Cl2O9,60,C,0.7605943083763123,5.514566898345947,-4.561734676361084,0.9599594495840518,True
3,finetune_000271_v00,finetune_000271,Fe2C4Cl2O9,61,Cl,-0.17523208260536194,3.1345036029815674,5.366125106811523,1.0,True
3,finetune_000271_v00,finetune_000271,Fe2C4Cl2O9,62,Cl,-5.173011302947998,6.021915912628174,-0.9503747224807739,1.0,True
3,finetune_000271_v00,finetune_000271,Fe2C4Cl2O9,63,O,-5.045183181762695,3.694079637527466,-3.3650031089782715,0.9600518149432264,True
3,finetune_000271_v00,finetune_000271,Fe2C4Cl2O9,64,O,0.15385505557060242,6.253207206726074,-3.7466509342193604,0.9600392625793197,True
3,finetune_000271_v00,finetune_000271,Fe2C4Cl2O9,65,O,0.8029338717460632,4.276038646697998,-4.56447696685791,1.0,True
3,finetune_000271_v00,finetune_000271,Fe2C4Cl2O9,66,O,-0.379422664642334,7.432047367095947,0.857921302318573,0.9599963150128479,True
3,finetune_000271_v00,finetune_000271,Fe2C4Cl2O9,67,Fe,1.835962176322937,3.5000932216644287,6.361006736755371,0.9600792681155815,True
3,finetune_000271_v00,finetune_000271,Fe2C4Cl2O9,68,Fe,4.581723690032959,0.7992062568664551,-2.4050846099853516,1.0,True
3,finetune_000271_v00,finetune_000271,Fe2C4Cl2O9,69,Fe,7.048980236053467,0.49330466985702515,0.04280957207083702,0.9600718894686456,True
3,finetune_000271_v00,finetune_000271,Fe2C4Cl2O9,70,C,3.7345173358917236,2.7017648220062256,-4.30202054977417,1.0,True
3,finetune_000271_v00,finetune_000271,Fe2C4Cl2O9,71,C,5.773353576660156,-1.2227284908294678,-4.0220136642456055,1.0,True
3,finetune_000271_v00,finetune_000271,Fe2C4Cl2O9,72,C,5.413357734680176,1.7318329811096191,2.014479398727417,1.0,True
3,finetune_000271_v00,finetune_000271,Fe2C4Cl2O9,73,C,4.88716983795166,0.2993183135986328,1.8488655090332031,0.9205117824483712,True
3,finetune_000271_v00,finetune_000271,Fe2C4Cl2O9,74,Cl,7.741146564483643,-1.4390978813171387,-0.9503747224807739,0.9198073019781117,False
3,finetune_000271_v00,finetune_000271,Fe2C4Cl2O9,75,O,4.638734817504883,2.5674664974212646,-3.449037790298462,1.0,True
3,finetune_000271_v00,finetune_000271,Fe2C4Cl2O9,76,O,5.75685977935791,0.030721820890903473,-3.9915566444396973,0.9600100881711012,True
3,finetune_000271_v00,finetune_000271,Fe2C4Cl2O9,77,O,6.356613636016846,2.082500696182251,1.2541731595993042,1.0,True
3,finetune_000271_v00,finetune_000271,Fe2C4Cl2O9,78,O,5.498228549957275,-0.41693899035453796,1.0126621723175049,1.0,True
3,finetune_000271_v00,finetune_000271,Fe2C4Cl2O9,79,O,4.845361232757568,2.4480903148651123,2.867462158203125,1.0,True
3,finetune_000271_v00,finetune_000271,Fe2C4Cl2O9,80,O,6.166654586791992,1.246867060661316,-1.4552552700042725,1.0,True
3,finetune_000271_v00,finetune_000271,Fe2C4Cl2O9,81,Cl,4.547091484069824,0.4858436584472656,5.541096210479736,0.959921187347086,True
3,finetune_000271_v00,finetune_000271,Fe2C4Cl2O9,82,C,0.5853506922721863,7.760332107543945,0.15154166519641876,1.0,True
3,finetune_000271_v00,finetune_000271,Fe2C4Cl2O9,83,Cl,3.4393274784088135,6.021915912628174,-2.647698402404785,1.0,True
3,finetune_000271_v00,finetune_000271,Fe2C4Cl2O9,84,O,3.567155361175537,3.694079637527466,-5.062326908111572,1.0,True
3,finetune_000271_v00,finetune_000271,Fe2C4Cl2O9,85,O,1.1964091062545776,7.044074535369873,-0.6846616864204407,1.0,True
3,finetune_000271_v00,finetune_000271,Fe2C4Cl2O9,86,O,2.938115358352661,3.1121203899383545,4.8612446784973145,1.0,True
3,finetune_000168_v00,finetune_000168,CoHC4O3,0,C,-1.741438388824463,-7.201661109924316,-2.9885916709899902,0.9199844546613162,True
3,finetune_000168_v00,finetune_000168,CoHC4O3,1,Co,-4.314479351043701,-0.5298824906349182,-3.4533653259277344,0.9599868833425217,True
3,finetune_000168_v00,finetune_000168,CoHC4O3,2,Co,-5.252559185028076,3.0904624462127686,2.746713161468506,0.919975891471057,True
3,finetune_000168_v00,finetune_000168,CoHC4O3,3,Co,-6.666455268859863,-2.3659145832061768,-3.008894205093384,0.9599478739947269,True
3,finetune_000168_v00,finetune_000168,CoHC4O3,4,H,-5.125264644622803,0.22004608809947968,0.21407151222229004,0.9600186212263033,True
3,finetune_000168_v00,finetune_000168,CoHC4O3,5,C,-3.527139902114868,-0.3100758194923401,-6.286299228668213,0.9599727332132737,True
3,finetune_000168_v00,finetune_000168,CoHC4O3,6,C,-4.552348613739014,0.5432911515235901,6.333197593688965,0.9599722790119242,True
3,finetune_000168_v00,finetune_000168,CoHC4O3,7,C,-4.033069133758545,-3.5554563999176025,-2.7765908241271973,0.9599685891432561,True
3,finetune_000168_v00,finetune_000168,CoHC4O3,8,C,-3.8387644290924072,-5.986259460449219,-2.656594753265381,0.9599843951477078,True
3,finetune_000168_v00,finetune_000168,CoHC4O3,9,C,-3.1720314025878906,-4.783787727355957,-2.7897751331329346,0.9599713031922507,True
3,finetune_000168_v00,finetune_000168,CoHC4O3,10,C,-5.2224202156066895,1.0346237421035767,5.084222793579102,0.9199423638750996,True
3,finetune_000168_v00,finetune_000168,CoHC4O3,11,C,-6.877503395080566,1.2673600912094116,0.7568265199661255,0.9599705593821829,True
3,finetune_000168_v00,finetune_000168,CoHC4O3,12,C,-6.562576770782471,0.05195865407586098,-1.324628472328186,0.9199476350700132,True
3,finetune_000168_v00,finetune_000168,CoHC4O3,13,C,-6.147127628326416,0.4398527443408966,-0.06887540966272354,0.9599706246972531,True
3,finetune_000168_v00,finetune_000168,CoHC4O3,14,O,-5.289460182189941,-3.6718246936798096,-2.4004194736480713,0.9599490198788516,True
3,finetune_000168_v00,finetune_000168,CoHC4O3,15,O,-5.530672550201416,-1.5513368844985962,-4.596212387084961,0.9599587126274469,True
3,finetune_000168_v00,finetune_000168,CoHC4O3,16,O,-4.428356647491455,4.590319633483887,3.837806224822998,0.9599428326104341,True
3,finetune_000168_v00,finetune_000168,CoHC4O3,17,O,-4.609294891357422,1.9784992933273315,4.429532051086426,0.9198855577744448,False
3,finetune_000168_v00,finetune_000168,CoHC4O3,18,O,-3.4634976387023926,-2.443493366241455,-3.143420696258545,0.9599544209083494,True
3,finetune_000168_v00,finetune_000168,CoHC4O3,19,O,-6.368251800537109,0.49157196283340454,4.729671001434326,0.9599430564466742,True
3,finetune_000168_v00,finetune_000168,CoHC4O3,20,O,-5.822149753570557,-0.7884785532951355,-2.050659656524658,0.9599452395305467,True
3,finetune_000168_v00,finetune_000168,CoHC4O3,21,O,-3.0815422534942627,-0.6074613332748413,-5.063735008239746,0.9599566663239375,True
3,finetune_000168_v00,finetune_000168,CoHC4O3,22,O,-6.431901454925537,1.5647456645965576,1.97939133644104,0.9599432107437276,True
3,finetune_000168_v00,finetune_000168,CoHC4O3,23,Co,-0.964090883731842,1.4871667623519897,4.618612766265869,0.9600016623436017,True
3,finetune_000168_v00,finetune_000168,CoHC4O3,24,Co,2.3862695693969727,-0.5298824906349182,-2.4396133422851562,1.0,True
3,finetune_000168_v00,finetune_000168,CoHC4O3,25,Co,-1.9022209644317627,-2.1331779956817627,-4.296416282653809,1.0,True
3,finetune_000168_v00,finetune_000168,CoHC4O3,26,Co,-3.3193912506103516,3.3361287117004395,5.055030822753906,1.0,True
3,finetune_000168_v00,finetune_000168,CoHC4O3,27,Co,1.4481898546218872,3.0904624462127686,3.760465145111084,1.0,True
3,finetune_000168_v00,finetune_000168,CoHC4O3,28,Co,0.034293800592422485,-2.3659145832061768,-1.9951422214508057,1.0,True
3,finetune_000168_v00,finetune_000168,CoHC4O3,29,H,1.930580496788025,-5.986259460449219,-1.5572543144226074,1.0,True
3,finetune_000168_v00,finetune_000168,CoHC4O3,30,H,0.4966588318347931,-0.4523036777973175,-7.179991245269775,1.0,True
3,finetune_000168_v00,finetune_000168,CoHC4O3,31,H,-1.7748867273330688,0.7372382283210754,-6.829051971435547,0.9599478739947269,True
3,finetune_000168_v00,finetune_000168,CoHC4O3,32,H,-2.8537025451660156,1.4095879793167114,-0.13686534762382507,1.0,True
3,finetune_000168_v00,finetune_000168,CoHC4O3,33,H,1.5754841566085815,0.22004608809947968,1.2278233766555786,1.0,True
3,finetune_000168_v00,finetune_000168,CoHC4O3,34,H,-0.03273896500468254,-5.986259460449219,-3.243483543395996,0.9599843951477078,True
3,finetune_000168_v00,finetune_000168,CoHC4O3,35,C,0.8484415411949158,-1.3961793184280396,-4.839120388031006,1.0,True
3,finetune_000168_v00,finetune_000168,CoHC4O3,36,C,-1.5068506002426147,1.6164648532867432,1.3503990173339844,0.9607307521900006,True
3,finetune_000168_v00,finetune_000168,CoHC4O3,37,C,3.1736090183258057,-0.3100758194923401,-5.272547245025635,1.0,True
3,finetune_000168_v00,finetune_000168,CoHC4O3,38,C,2.14840030670166,0.5432911515235901,7.346949577331543,1.0,True
3,finetune_000168_v00,finetune_000168,CoHC4O3,39,C,-1.1952742338180542,0.41399314999580383,-0.7089127898216248,0.9199252554671936,True
3,finetune_000168_v00,finetune_000168,CoHC4O3,40,C,2.667679786682129,-3.5554563999176025,-1.7628389596939087,0.9599428326104341,True
3,finetune_000168_v00,finetune_000168,CoHC4O3,41,C,2.8619844913482666,-5.986259460449219,-1.6428427696228027,1.0,True
3,finetune_000168_v00,finetune_000168,CoHC4O3,42,C,3.528717517852783,-4.783787727355957,-1.7760231494903564,1.0,True
3,finetune_000168_v00,finetune_000168,CoHC4O3,43,C,1.4783289432525635,1.0346237421035767,6.09797477722168,0.9599868833425217,True
3,finetune_000168_v00,finetune_000168,CoHC4O3,44,C,-1.9725555181503296,1.215640902519226,0.10969281941652298,1.0,True
3,finetune_000168_v00,finetune_000168,CoHC4O3,45,C,1.609026312828064,5.728142261505127,5.068297863006592,1.0,True
3,finetune_000168_v00,finetune_000168,CoHC4O3,46,C,-0.176754429936409,1.2673600912094116,1.770578384399414,1.0,True
3,finetune_000168_v00,finetune_000168,CoHC4O3,47,C,1.377808690071106,-0.25835663080215454,-6.933432579040527,1.0,True
3,finetune_000168_v00,finetune_000168,CoHC4O3,48,C,-2.501906633377075,2.353463649749756,2.204007625579834,1.0,True
3,finetune_000168_v00,finetune_000168,CoHC4O3,49,C,1.836807131767273,-0.6591805219650269,-5.693741321563721,1.0,True
3,finetune_000168_v00,finetune_000168,CoHC4O3,50,C,-0.6826382875442505,4.512740612030029,5.2802934646606445,0.9199761363139627,True
3,finetune_000168_v00,finetune_000168,CoHC4O3,51,C,-3.212196111679077,0.9053256511688232,6.732248306274414,1.0,True
3,finetune_000168_v00,finetune_000168,CoHC4O3,52,C,-2.796752452850342,0.5174315571784973,-7.11199951171875,0.9599706246972531,True
3,finetune_000168_v00,finetune_000168,CoHC4O3,53,C,0.17841649055480957,5.741072177886963,5.267111778259277,0.9599749018567394,True
3,finetune_000168_v00,finetune_000168,CoHC4O3,54,C,-1.7414214611053467,-4.770857810974121,-2.98858904838562,1.0,True
3,finetune_000168_v00,finetune_000168,CoHC4O3,55,C,0.13817228376865387,0.05195865407586098,-0.3108765482902527,1.0,True
3,finetune_000168_v00,finetune_000168,CoHC4O3,56,C,-1.8720532655715942,-0.07733938097953796,-1.9589022397994995,1.0,True
3,finetune_000168_v00,finetune_000168,CoHC4O3,57,C,-1.111559510231018,-5.986259460449219,-3.1499977111816406,1.0,True
3,finetune_000168_v00,finetune_000168,CoHC4O3,58,C,0.5536214113235474,0.4398527443408966,0.9448764324188232,0.9599713031922507,True
3,finetune_000168_v00,finetune_000168,CoHC4O3,59,O,1.4112886190414429,-3.6718246936798096,-1.3866676092147827,0.9600186212263033,True
3,finetune_000168_v00,finetune_000168,CoHC4O3,60,O,-2.471757650375366,1.745762825012207,6.006218910217285,1.0,True
3,finetune_000168_v00,finetune_000168,CoHC4O3,61,O,1.1700763702392578,-1.5513368844985962,-3.582460403442383,1.0,True
3,finetune_000168_v00,finetune_000168,CoHC4O3,62,O,-1.0780394077301025,-3.633035182952881,-3.2053263187408447,1.0,True
3,finetune_000168_v00,finetune_000168,CoHC4O3,63,O,-0.1130824163556099,3.400777578353882,4.8983612060546875,0.919888295977221,True
3,finetune_000168_v00,finetune_000168,CoHC4O3,64,O,2.272392511367798,4.590319633483887,4.851558208465576,1.0,True
3,finetune_000168_v00,finetune_000168,CoHC4O3,65,O,-1.258941411972046,-1.0212149620056152,-2.5984950065612793,1.0,True
3,finetune_000168_v00,finetune_000168,CoHC4O3,66,O,2.091454029083252,1.9784992933273315,5.443284034729004,1.0,True
3,finetune_000168_v00,finetune_000168,CoHC4O3,67,O,-3.6175785064697266,2.780147075653076,1.6501684188842773,1.0,True
3,finetune_000168_v00,finetune_000168,CoHC4O3,68,O,3.2372512817382812,-2.443493366241455,-2.129668951034546,1.0,True
3,finetune_000168_v00,finetune_000168,CoHC4O3,69,O,0.3324970602989197,0.49157196283340454,5.743422508239746,1.0,True
3,finetune_000168_v00,finetune_000168,CoHC4O3,70,O,-0.2672361135482788,-1.8228627443313599,-5.392960548400879,1.0,True
3,finetune_000168_v00,finetune_000168,CoHC4O3,71,O,0.8785991668701172,-0.7884785532951355,-1.0369079113006592,1.0,True
3,finetune_000168_v00,finetune_000168,CoHC4O3,72,O,-1.9390279054641724,4.629108905792236,5.65646505355835,1.0,True
3,finetune_000168_v00,finetune_000168,CoHC4O3,73,O,-2.1735689640045166,2.5086212158203125,3.4465816020965576,1.0,True
3,finetune_000168_v00,finetune_000168,CoHC4O3,74,O,-3.0178775787353516,0.4657123386859894,-2.313453197479248,1.0,True
3,finetune_000168_v00,finetune_000168,CoHC4O3,75,O,3.619206666946411,-0.6074613332748413,-4.049983024597168,1.0,True
3,finetune_000168_v00,finetune_000168,CoHC4O3,76,O,0.2688474655151367,1.5647456645965576,2.993143081665039,1.0,True
3,finetune_000168_v00,finetune_000168,CoHC4O3,77,H,0.4966588318347931,-0.4523036777973175,7.920008659362793,1.0,True
3,finetune_000168_v00,finetune_000168,CoHC4O3,78,Co,4.798527717590332,-2.1331779956817627,-3.2826645374298096,1.0,True
3,finetune_000168_v00,finetune_000168,CoHC4O3,79,Co,3.3813576698303223,3.3361287117004395,6.068782806396484,1.0,True
3,finetune_000168_v00,finetune_000168,CoHC4O3,80,Co,6.735042572021484,-2.3659145832061768,-0.9813903570175171,1.0,True
3,finetune_000168_v00,finetune_000168,CoHC4O3,81,H,4.9258623123168945,0.7372382283210754,-5.815299987792969,1.0,True
3,finetune_000168_v00,finetune_000168,CoHC4O3,82,H,3.847046375274658,1.4095879793167114,0.8768865466117859,1.0,True
3,finetune_000168_v00,finetune_000168,CoHC4O3,83,C,5.1938982009887695,1.6164648532867432,2.3641507625579834,1.0,True
3,finetune_000168_v00,finetune_000168,CoHC4O3,84,C,5.50547456741333,0.41399314999580383,0.3048390746116638,0.9599705593821829,True
3,finetune_000168_v00,finetune_000168,CoHC4O3,85,C,4.728193283081055,1.215640902519226,1.123444676399231,0.9599722790119242,True
3,finetune_000168_v00,finetune_000168,CoHC4O3,86,C,6.523994445800781,1.2673600912094116,2.784330368041992,1.0,True
3,finetune_000168_v00,finetune_000168,CoHC4O3,87,C,4.1988420486450195,2.353463649749756,3.217759609222412,1.0,True
3,finetune_000168_v00,finetune_000168,CoHC4O3,88,C,3.903996467590332,0.5174315571784973,-6.098247528076172,1.0,True
3,finetune_000168_v00,finetune_000168,CoHC4O3,89,C,4.959327697753906,-4.770857810974121,-1.9748371839523315,1.0,True
3,finetune_000168_v00,finetune_000168,CoHC4O3,90,C,6.838921070098877,0.05195865407586098,0.7028753161430359,1.0,True
3,finetune_000168_v00,finetune_000168,CoHC4O3,91,C,4.828695774078369,-0.07733938097953796,-0.9451503753662109,0.9199715997519593,True
3,finetune_000168_v00,finetune_000168,CoHC4O3,92,C,7.254370212554932,0.4398527443408966,1.9586282968521118,1.0,True
3,finetune_000168_v00,finetune_000168,CoHC4O3,93,O,5.62270975112915,-3.633035182952881,-2.1915745735168457,1.0,True
3,finetune_000168_v00,finetune_000168,CoHC4O3,94,O,5.441807746887207,-1.0212149620056152,-1.5847430229187012,1.0,True
3,finetune_000168_v00,finetune_000168,CoHC4O3,95,O,3.0831704139709473,2.780147075653076,2.6639201641082764,1.0,True
3,finetune_000168_v00,finetune_000168,CoHC4O3,96,O,6.4335126876831055,-1.8228627443313599,-4.379208564758301,1.0,True
3,finetune_000168_v00,finetune_000168,CoHC4O3,97,O,7.579348087310791,-0.7884785532951355,-0.02315598726272583,1.0,True
3,finetune_000168_v00,finetune_000168,CoHC4O3,98,O,4.527180194854736,2.5086212158203125,4.460333347320557,1.0,True
3,finetune_000168_v00,finetune_000168,CoHC4O3,99,O,3.6828713417053223,0.4657123386859894,-1.2997013330459595,0.9599423470307172,False
3,finetune_000246_v00,finetune_000246,Ho(CO2)4,0,C,-4.788256645202637,-6.322839260101318,0.7747468948364258,0.9198435873055986,True
3,finetune_000246_v00,finetune_000246,Ho(CO2)4,1,C,-5.348786354064941,0.22238461673259735,-5.849793434143066,0.9599818855612423,True
3,finetune_000246_v00,finetune_000246,Ho(CO2)4,2,Ho,-6.792863845825195,0.36115261912345886,-2.9908056259155273,0.9196512482961139,False
3,finetune_000246_v00,finetune_000246,Ho(CO2)4,3,C,-6.621854782104492,3.529688596725464,-2.5166242122650146,0.9598060752523478,False
3,finetune_000246_v00,finetune_000246,Ho(CO2)4,4,C,-6.659856796264648,-2.749563455581665,-2.400517225265503,0.9600029764821457,True
3,finetune_000246_v00,finetune_000246,Ho(CO2)4,5,C,-4.788256645202637,5.2411603927612305,0.7747468948364258,0.9600038022345238,True
3,finetune_000246_v00,finetune_000246,Ho(CO2)4,6,O,-6.061324596405029,2.662388563156128,-3.241712808609009,0.96008768464125,True
3,finetune_000246_v00,finetune_000246,Ho(CO2)4,7,O,-6.042323589324951,-1.882263422012329,-3.061300754547119,0.9600880043126364,True
3,finetune_000246_v00,finetune_000246,Ho(CO2)4,8,O,-5.728806972503662,4.709216594696045,0.14173263311386108,0.9600175436959648,True
3,finetune_000246_v00,finetune_000246,Ho(CO2)4,9,O,-7.799917697906494,-1.0149633884429932,-1.2652713060379028,0.9599925793644914,True
3,finetune_000246_v00,finetune_000246,Ho(CO2)4,10,O,-5.0637712478637695,0.11830861866474152,5.172105312347412,0.9600524929501754,True
3,finetune_000246_v00,finetune_000246,Ho(CO2)4,11,O,-5.586299419403076,-4.195063591003418,0.07014364749193192,0.9600741770036565,True
3,finetune_000246_v00,finetune_000246,Ho(CO2)4,12,Ho,-2.042609453201294,-5.698383331298828,2.3679280281066895,0.9598631504399898,True
3,finetune_000246_v00,finetune_000246,Ho(CO2)4,13,C,4.712252616882324,-6.322839260101318,-0.7367855906486511,0.959918182611581,True
3,finetune_000246_v00,finetune_000246,Ho(CO2)4,14,O,3.7717020511627197,-6.854783535003662,-1.3697998523712158,0.9200323954121815,True
3,finetune_000246_v00,finetune_000246,Ho(CO2)4,15,O,-1.7290925979614258,-5.686819553375244,0.006766439415514469,0.9200470352836427,True
3,finetune_000246_v00,finetune_000246,Ho(CO2)4,16,O,0.3135167956352234,-5.663691520690918,1.699571967124939,0.9600650602750443,True
3,finetune_000246_v00,finetune_000246,Ho(CO2)4,17,C,0.03800203651189804,-0.5408393740653992,-6.1320695877075195,0.9599786996142006,True
3,finetune_000246_v00,finetune_000246,Ho(CO2)4,18,O,-0.8360447883605957,-1.142167329788208,-6.8001227378845215,0.9200453762899246,True
3,finetune_000246_v00,finetune_000246,Ho(CO2)4,19,O,-0.9785524010658264,1.5175526142120361,-6.728533744812012,0.9600597905207748,True
3,finetune_000246_v00,finetune_000246,Ho(CO2)4,20,O,3.0211617946624756,0.3495886027812958,-6.863499641418457,0.9600456846305628,True
3,finetune_000246_v00,finetune_000246,Ho(CO2)4,21,Ho,2.7076449394226074,0.36115261912345886,-4.502338409423828,0.9598564911008536,True
3,finetune_000246_v00,finetune_000246,Ho(CO2)4,22,Ho,2.042609453201294,-5.420847415924072,-2.3665170669555664,0.9598510230194236,True
3,finetune_000246_v00,finetune_000246,Ho(CO2)4,23,Ho,-2.7076449394226074,0.08361661434173584,4.503749370574951,0.9598485371456692,True
3,finetune_000246_v00,finetune_000246,Ho(CO2)4,24,Ho,-2.042609453201294,5.865616798400879,2.3679280281066895,0.959845173043766,True
3,finetune_000246_v00,finetune_000246,Ho(CO2)4,25,C,1.9096022844314575,3.0324366092681885,-2.956805467605591,1.0,True
3,finetune_000246_v00,finetune_000246,Ho(CO2)4,26,C,0.03800203651189804,-0.5408393740653992,6.096930503845215,0.9599819750085985,True
3,finetune_000246_v00,finetune_000246,Ho(CO2)4,27,C,2.8786542415618896,3.529688596725464,-4.028156757354736,1.0,True
3,finetune_000246_v00,finetune_000246,Ho(CO2)4,28,C,-4.151722431182861,0.22238461673259735,-4.866262912750244,1.0,True
3,finetune_000246_v00,finetune_000246,Ho(CO2)4,29,C,2.8406522274017334,-2.749563455581665,-3.9120497703552246,0.9599925793644914,True
3,finetune_000246_v00,finetune_000246,Ho(CO2)4,30,C,4.712252616882324,5.2411603927612305,-0.7367855906486511,0.9599254046940177,True
3,finetune_000246_v00,finetune_000246,Ho(CO2)4,31,C,1.8716002702713013,-2.2523114681243896,-2.840698480606079,0.9606102132063975,True
3,finetune_000246_v00,finetune_000246,Ho(CO2)4,32,C,-0.5985320806503296,-5.559615612030029,-0.49105992913246155,1.0,True
3,finetune_000246_v00,finetune_000246,Ho(CO2)4,33,C,-1.9096022844314575,-2.587667465209961,2.958216667175293,1.0,True
3,finetune_000246_v00,finetune_000246,Ho(CO2)4,34,C,-0.03800203651189804,0.9856086373329163,-6.095519542694092,1.0,True
3,finetune_000246_v00,finetune_000246,Ho(CO2)4,35,C,-2.8786542415618896,-3.0849194526672363,4.029567718505859,1.0,True
3,finetune_000246_v00,finetune_000246,Ho(CO2)4,36,C,4.151722431182861,0.22238461673259735,4.867673873901367,1.0,True
3,finetune_000246_v00,finetune_000246,Ho(CO2)4,37,C,-2.8406522274017334,3.1943325996398926,3.9134607315063477,1.0,True
3,finetune_000246_v00,finetune_000246,Ho(CO2)4,38,C,-4.712252616882324,-4.796391487121582,0.7381966710090637,1.0,True
3,finetune_000246_v00,finetune_000246,Ho(CO2)4,39,C,-1.8716002702713013,2.697080612182617,2.842109441757202,0.9199974461579709,True
3,finetune_000246_v00,finetune_000246,Ho(CO2)4,40,C,0.5985320806503296,-5.559615612030029,0.49247097969055176,1.0,True
3,finetune_000246_v00,finetune_000246,Ho(CO2)4,41,O,1.7955962419509888,1.7835246324539185,-2.828606128692627,1.0,True
3,finetune_000246_v00,finetune_000246,Ho(CO2)4,42,O,1.2920691967010498,3.8997366428375244,-2.2960219383239746,0.9600880043126364,True
3,finetune_000246_v00,finetune_000246,Ho(CO2)4,43,O,0.9785524010658264,-1.072783350944519,-5.4990553855896,1.0,True
3,finetune_000246_v00,finetune_000246,Ho(CO2)4,44,O,-0.8360447883605957,-1.142167329788208,5.428877353668213,1.0,True
3,finetune_000246_v00,finetune_000246,Ho(CO2)4,45,O,3.0496633052825928,4.767036437988281,-4.104280471801758,1.0,True
3,finetune_000246_v00,finetune_000246,Ho(CO2)4,46,O,3.4391841888427734,2.662388563156128,-4.7532453536987305,1.0,True
3,finetune_000246_v00,finetune_000246,Ho(CO2)4,47,O,-3.0211617946624756,0.09518061578273773,-5.364089012145996,1.0,True
3,finetune_000246_v00,finetune_000246,Ho(CO2)4,48,O,-4.436737537384033,0.3264606297016144,-3.6591618061065674,1.0,True
3,finetune_000246_v00,finetune_000246,Ho(CO2)4,49,O,2.954658269882202,-3.9984753131866455,-4.052478313446045,0.9600634907286824,True
3,finetune_000246_v00,finetune_000246,Ho(CO2)4,50,O,3.4581851959228516,-1.882263422012329,-4.57283353805542,1.0,True
3,finetune_000246_v00,finetune_000246,Ho(CO2)4,51,O,3.7717020511627197,4.709216594696045,-1.3697998523712158,1.0,True
3,finetune_000246_v00,finetune_000246,Ho(CO2)4,52,O,-3.9142096042633057,4.639832496643066,1.4427999258041382,1.0,True
3,finetune_000246_v00,finetune_000246,Ho(CO2)4,53,O,1.7005910873413086,-1.0149633884429932,-2.776803731918335,0.9598631504399898,True
3,finetune_000246_v00,finetune_000246,Ho(CO2)4,54,O,1.311070203781128,-3.1196115016937256,-2.115609884262085,1.0,True
3,finetune_000246_v00,finetune_000246,Ho(CO2)4,55,O,-1.7290925979614258,5.877180576324463,0.006766439415514469,1.0,True
3,finetune_000246_v00,finetune_000246,Ho(CO2)4,56,O,-0.3135167956352234,-5.455539226531982,-1.7103898525238037,0.920077153485802,True
3,finetune_000246_v00,finetune_000246,Ho(CO2)4,57,O,-1.7955962419509888,-1.3387553691864014,2.83001708984375,1.0,True
3,finetune_000246_v00,finetune_000246,Ho(CO2)4,58,O,-1.2920691967010498,-3.454967498779297,2.2974328994750977,0.9598485371456692,True
3,finetune_000246_v00,finetune_000246,Ho(CO2)4,59,O,-0.9785524010658264,1.5175526142120361,5.500466346740723,0.9600597905207748,True
3,finetune_000246_v00,finetune_000246,Ho(CO2)4,60,O,0.8360447883605957,1.586936593055725,-5.42746639251709,1.0,True
3,finetune_000246_v00,finetune_000246,Ho(CO2)4,61,O,-3.0496633052825928,-4.322267532348633,4.0934624671936035,1.0,True
3,finetune_000246_v00,finetune_000246,Ho(CO2)4,62,O,-3.4391841888427734,-2.2176194190979004,4.7546563148498535,1.0,True
3,finetune_000246_v00,finetune_000246,Ho(CO2)4,63,O,3.0211617946624756,0.3495886027812958,5.365499973297119,1.0,True
3,finetune_000246_v00,finetune_000246,Ho(CO2)4,64,O,4.436737537384033,0.11830861866474152,3.6605727672576904,0.96008768464125,True
3,finetune_000246_v00,finetune_000246,Ho(CO2)4,65,O,-2.954658269882202,4.443244457244873,4.041660308837891,0.9599786996142006,True
3,finetune_000246_v00,finetune_000246,Ho(CO2)4,66,O,-3.4581851959228516,2.3270325660705566,4.574244499206543,0.9600456846305628,True
3,finetune_000246_v00,finetune_000246,Ho(CO2)4,67,O,-3.7717020511627197,-4.264447212219238,1.3712109327316284,1.0,True
3,finetune_000246_v00,finetune_000246,Ho(CO2)4,68,O,3.9142096042633057,-4.195063591003418,-1.4413888454437256,1.0,True
3,finetune_000246_v00,finetune_000246,Ho(CO2)4,69,O,-1.7005910873413086,1.4597326517105103,2.778214931488037,1.0,True
3,finetune_000246_v00,finetune_000246,Ho(CO2)4,70,O,-1.311070203781128,3.564380645751953,2.117021083831787,1.0,True
3,finetune_000246_v00,finetune_000246,Ho(CO2)4,71,O,1.7290925979614258,-5.432411193847656,-0.005355400964617729,1.0,True
3,finetune_000246_v00,finetune_000246,Ho(CO2)4,72,O,0.3135167956352234,5.900308609008789,1.699571967124939,1.0,True
3,finetune_000246_v00,finetune_000246,Ho(CO2)4,73,C,-0.03800203651189804,0.9856086373329163,6.133480548858643,1.0,True
3,finetune_000246_v00,finetune_000246,Ho(CO2)4,74,O,0.9785524010658264,-1.072783350944519,6.729944705963135,0.9598510230194236,True
3,finetune_000246_v00,finetune_000246,Ho(CO2)4,75,O,-3.0211617946624756,0.09518061578273773,6.864911079406738,1.0,True
3,finetune_000246_v00,finetune_000246,Ho(CO2)4,76,O,0.8360447883605957,1.586936593055725,6.8015336990356445,1.0,True
3,finetune_000246_v00,finetune_000246,Ho(CO2)4,77,Ho,2.042609453201294,6.143152713775635,-2.3665170669555664,1.0,True
3,finetune_000246_v00,finetune_000246,Ho(CO2)4,78,C,-0.5985320806503296,6.004384517669678,-0.49105992913246155,1.0,True
3,finetune_000246_v00,finetune_000246,Ho(CO2)4,79,C,0.5985320806503296,6.004384517669678,0.49247097969055176,1.0,True
3,finetune_000246_v00,finetune_000246,Ho(CO2)4,80,O,-0.3135167956352234,6.108460426330566,-1.7103898525238037,1.0,True
3,finetune_000246_v00,finetune_000246,Ho(CO2)4,81,O,1.7290925979614258,6.131588459014893,-0.005355400964617729,1.0,True
3,finetune_000246_v00,finetune_000246,Ho(CO2)4,82,Ho,6.792863845825195,0.08361661434173584,2.9922168254852295,1.0,True
3,finetune_000246_v00,finetune_000246,Ho(CO2)4,83,C,6.621854782104492,-3.0849194526672363,2.518035411834717,1.0,True
3,finetune_000246_v00,finetune_000246,Ho(CO2)4,84,C,6.659856796264648,3.1943325996398926,2.401928186416626,1.0,True
3,finetune_000246_v00,finetune_000246,Ho(CO2)4,85,C,4.788256645202637,-4.796391487121582,-0.773335874080658,1.0,True
3,finetune_000246_v00,finetune_000246,Ho(CO2)4,86,O,5.0637712478637695,0.3264606297016144,-5.170694351196289,0.9600038022345238,True
3,finetune_000246_v00,finetune_000246,Ho(CO2)4,87,O,5.586299419403076,4.639832496643066,-0.0687326043844223,1.0,True
3,finetune_000246_v00,finetune_000246,Ho(CO2)4,88,O,7.7049126625061035,-1.3387553691864014,1.3184846639633179,1.0,True
3,finetune_000246_v00,finetune_000246,Ho(CO2)4,89,O,6.061324596405029,-2.2176194190979004,3.243123769760132,1.0,True
3,finetune_000246_v00,finetune_000246,Ho(CO2)4,90,O,6.042323589324951,2.3270325660705566,3.062711715698242,1.0,True
3,finetune_000246_v00,finetune_000246,Ho(CO2)4,91,O,5.728806972503662,-4.264447212219238,-0.14032159745693207,0.9598564911008536,True
3,finetune_000246_v00,finetune_000246,Ho(CO2)4,92,C,5.348786354064941,0.22238461673259735,5.851204872131348,1.0,True
3,finetune_000083_v00,finetune_000083,CoHC4O3,0,C,-1.741438388824463,-7.201661109924316,-2.9885916709899902,0.9599797829751188,True
3,finetune_000083_v00,finetune_000083,CoHC4O3,1,Co,-4.314479351043701,-0.5298824906349182,-3.4533653259277344,0.9599724773471733,True
3,finetune_000083_v00,finetune_000083,CoHC4O3,2,Co,-5.252559185028076,3.0904624462127686,2.746713161468506,0.959966291614658,True
3,finetune_000083_v00,finetune_000083,CoHC4O3,3,Co,-6.666455268859863,-2.3659145832061768,-3.008894205093384,0.9599423237643532,False
3,finetune_000083_v00,finetune_000083,CoHC4O3,4,H,-5.125264644622803,0.22004608809947968,0.21407151222229004,0.9599730105757927,True
3,finetune_000083_v00,finetune_000083,CoHC4O3,5,C,-3.527139902114868,-0.3100758194923401,-6.286299228668213,0.9599789799848784,True
3,finetune_000083_v00,finetune_000083,CoHC4O3,6,C,-4.552348613739014,0.5432911515235901,6.333197593688965,0.9599607982169776,True
3,finetune_000083_v00,finetune_000083,CoHC4O3,7,C,-4.033069133758545,-3.5554563999176025,-2.7765908241271973,0.9199539512595732,True
3,finetune_000083_v00,finetune_000083,CoHC4O3,8,C,-3.8387644290924072,-5.986259460449219,-2.656594753265381,0.9599597830371422,True
3,finetune_000083_v00,finetune_000083,CoHC4O3,9,C,-3.1720314025878906,-4.783787727355957,-2.7897751331329346,0.9599480808063837,True
3,finetune_000083_v00,finetune_000083,CoHC4O3,10,C,-5.2224202156066895,1.0346237421035767,5.084222793579102,0.9600198556534861,True
3,finetune_000083_v00,finetune_000083,CoHC4O3,11,C,-6.877503395080566,1.2673600912094116,0.7568265199661255,0.9199293346020786,True
3,finetune_000083_v00,finetune_000083,CoHC4O3,12,C,-6.562576770782471,0.05195865407586098,-1.324628472328186,0.9599772740616841,True
3,finetune_000083_v00,finetune_000083,CoHC4O3,13,C,-6.147127628326416,0.4398527443408966,-0.06887540966272354,0.9599835284597724,True
3,finetune_000083_v00,finetune_000083,CoHC4O3,14,O,-5.289460182189941,-3.6718246936798096,-2.4004194736480713,0.9599526044472931,True
3,finetune_000083_v00,finetune_000083,CoHC4O3,15,O,-5.530672550201416,-1.5513368844985962,-4.596212387084961,0.9599575649452162,True
3,finetune_000083_v00,finetune_000083,CoHC4O3,16,O,-4.428356647491455,4.590319633483887,3.837806224822998,0.9599494340731072,True
3,finetune_000083_v00,finetune_000083,CoHC4O3,17,O,-4.609294891357422,1.9784992933273315,4.429532051086426,0.9599998867685569,True
3,finetune_000083_v00,finetune_000083,CoHC4O3,18,O,-3.4634976387023926,-2.443493366241455,-3.143420696258545,0.9599533644046413,True
3,finetune_000083_v00,finetune_000083,CoHC4O3,19,O,-6.368251800537109,0.49157196283340454,4.729671001434326,0.9599508293670586,True
3,finetune_000083_v00,finetune_000083,CoHC4O3,20,O,-5.822149753570557,-0.7884785532951355,-2.050659656524658,0.9599783866026071,True
3,finetune_000083_v00,finetune_000083,CoHC4O3,21,O,-3.0815422534942627,-0.6074613332748413,-5.063735008239746,0.9599606114711641,True
3,finetune_000083_v00,finetune_000083,CoHC4O3,22,O,-6.431901454925537,1.5647456645965576,1.97939133644104,0.9599500260942709,True
3,finetune_000083_v00,finetune_000083,CoHC4O3,23,Co,-0.964090883731842,1.4871667623519897,4.618612766265869,0.959992583320135,True
3,finetune_000083_v00,finetune_000083,CoHC4O3,24,Co,2.3862695693969727,-0.5298824906349182,-2.4396133422851562,1.0,True
3,finetune_000083_v00,finetune_000083,CoHC4O3,25,Co,-1.9022209644317627,-2.1331779956817627,-4.296416282653809,1.0,True
3,finetune_000083_v00,finetune_000083,CoHC4O3,26,Co,-3.3193912506103516,3.3361287117004395,5.055030822753906,1.0,True
3,finetune_000083_v00,finetune_000083,CoHC4O3,27,Co,1.4481898546218872,3.0904624462127686,3.760465145111084,1.0,True
3,finetune_000083_v00,finetune_000083,CoHC4O3,28,Co,0.034293800592422485,-2.3659145832061768,-1.9951422214508057,1.0,True
3,finetune_000083_v00,finetune_000083,CoHC4O3,29,H,1.930580496788025,-5.986259460449219,-1.5572543144226074,0.9599704227998007,True
3,finetune_000083_v00,finetune_000083,CoHC4O3,30,H,0.4966588318347931,-0.4523036777973175,-7.179991245269775,1.0,True
3,finetune_000083_v00,finetune_000083,CoHC4O3,31,H,-1.7748867273330688,0.7372382283210754,-6.829051971435547,1.0,True
3,finetune_000083_v00,finetune_000083,CoHC4O3,32,H,-2.8537025451660156,1.4095879793167114,-0.13686534762382507,1.0,True
3,finetune_000083_v00,finetune_000083,CoHC4O3,33,H,1.5754841566085815,0.22004608809947968,1.2278233766555786,1.0,True
3,finetune_000083_v00,finetune_000083,CoHC4O3,34,H,-0.03273896500468254,-5.986259460449219,-3.243483543395996,1.0,True
3,finetune_000083_v00,finetune_000083,CoHC4O3,35,C,0.8484415411949158,-1.3961793184280396,-4.839120388031006,1.0,True
3,finetune_000083_v00,finetune_000083,CoHC4O3,36,C,-1.5068506002426147,1.6164648532867432,1.3503990173339844,1.0,True
3,finetune_000083_v00,finetune_000083,CoHC4O3,37,C,3.1736090183258057,-0.3100758194923401,-5.272547245025635,1.0,True
3,finetune_000083_v00,finetune_000083,CoHC4O3,38,C,2.14840030670166,0.5432911515235901,7.346949577331543,1.0,True
3,finetune_000083_v00,finetune_000083,CoHC4O3,39,C,-1.1952742338180542,0.41399314999580383,-0.7089127898216248,1.0,True
3,finetune_000083_v00,finetune_000083,CoHC4O3,40,C,2.667679786682129,-3.5554563999176025,-1.7628389596939087,1.0,True
3,finetune_000083_v00,finetune_000083,CoHC4O3,41,C,2.8619844913482666,-5.986259460449219,-1.6428427696228027,1.0,True
3,finetune_000083_v00,finetune_000083,CoHC4O3,42,C,3.528717517852783,-4.783787727355957,-1.7760231494903564,0.959992583320135,True
3,finetune_000083_v00,finetune_000083,CoHC4O3,43,C,1.4783289432525635,1.0346237421035767,6.09797477722168,1.0,True
3,finetune_000083_v00,finetune_000083,CoHC4O3,44,C,-1.9725555181503296,1.215640902519226,0.10969281941652298,0.9599533644046413,True
3,finetune_000083_v00,finetune_000083,CoHC4O3,45,C,1.609026312828064,5.728142261505127,5.068297863006592,1.0,True
3,finetune_000083_v00,finetune_000083,CoHC4O3,46,C,-0.176754429936409,1.2673600912094116,1.770578384399414,0.9599767301547855,True
3,finetune_000083_v00,finetune_000083,CoHC4O3,47,C,1.377808690071106,-0.25835663080215454,-6.933432579040527,1.0,True
3,finetune_000083_v00,finetune_000083,CoHC4O3,48,C,-2.501906633377075,2.353463649749756,2.204007625579834,0.9599797829751188,True
3,finetune_000083_v00,finetune_000083,CoHC4O3,49,C,1.836807131767273,-0.6591805219650269,-5.693741321563721,1.0,True
3,finetune_000083_v00,finetune_000083,CoHC4O3,50,C,-0.6826382875442505,4.512740612030029,5.2802934646606445,1.0,True
3,finetune_000083_v00,finetune_000083,CoHC4O3,51,C,-3.212196111679077,0.9053256511688232,6.732248306274414,0.9199365449300945,True
3,finetune_000083_v00,finetune_000083,CoHC4O3,52,C,-2.796752452850342,0.5174315571784973,-7.11199951171875,1.0,True
3,finetune_000083_v00,finetune_000083,CoHC4O3,53,C,0.17841649055480957,5.741072177886963,5.267111778259277,1.0,True
3,finetune_000083_v00,finetune_000083,CoHC4O3,54,C,-1.7414214611053467,-4.770857810974121,-2.98858904838562,1.0,True
3,finetune_000083_v00,finetune_000083,CoHC4O3,55,C,0.13817228376865387,0.05195865407586098,-0.3108765482902527,0.9599783866026071,True
3,finetune_000083_v00,finetune_000083,CoHC4O3,56,C,-1.8720532655715942,-0.07733938097953796,-1.9589022397994995,1.0,True
3,finetune_000083_v00,finetune_000083,CoHC4O3,57,C,-1.111559510231018,-5.986259460449219,-3.1499977111816406,1.0,True
3,finetune_000083_v00,finetune_000083,CoHC4O3,58,C,0.5536214113235474,0.4398527443408966,0.9448764324188232,1.0,True
3,finetune_000083_v00,finetune_000083,CoHC4O3,59,O,1.4112886190414429,-3.6718246936798096,-1.3866676092147827,1.0,True
3,finetune_000083_v00,finetune_000083,CoHC4O3,60,O,-2.471757650375366,1.745762825012207,6.006218910217285,1.0,True
3,finetune_000083_v00,finetune_000083,CoHC4O3,61,O,1.1700763702392578,-1.5513368844985962,-3.582460403442383,1.0,True
3,finetune_000083_v00,finetune_000083,CoHC4O3,62,O,-1.0780394077301025,-3.633035182952881,-3.2053263187408447,0.9599480808063837,True
3,finetune_000083_v00,finetune_000083,CoHC4O3,63,O,-0.1130824163556099,3.400777578353882,4.8983612060546875,1.0,True
3,finetune_000083_v00,finetune_000083,CoHC4O3,64,O,2.272392511367798,4.590319633483887,4.851558208465576,1.0,True
3,finetune_000083_v00,finetune_000083,CoHC4O3,65,O,-1.258941411972046,-1.0212149620056152,-2.5984950065612793,0.8798431792256826,False
3,finetune_000083_v00,finetune_000083,CoHC4O3,66,O,2.091454029083252,1.9784992933273315,5.443284034729004,1.0,True
3,finetune_000083_v00,finetune_000083,CoHC4O3,67,O,-3.6175785064697266,2.780147075653076,1.6501684188842773,1.0,True
3,finetune_000083_v00,finetune_000083,CoHC4O3,68,O,3.2372512817382812,-2.443493366241455,-2.129668951034546,1.0,True
3,finetune_000083_v00,finetune_000083,CoHC4O3,69,O,0.3324970602989197,0.49157196283340454,5.743422508239746,1.0,True
3,finetune_000083_v00,finetune_000083,CoHC4O3,70,O,-0.2672361135482788,-1.8228627443313599,-5.392960548400879,1.0,True
3,finetune_000083_v00,finetune_000083,CoHC4O3,71,O,0.8785991668701172,-0.7884785532951355,-1.0369079113006592,1.0,True
3,finetune_000083_v00,finetune_000083,CoHC4O3,72,O,-1.9390279054641724,4.629108905792236,5.65646505355835,0.9599607982169776,True
3,finetune_000083_v00,finetune_000083,CoHC4O3,73,O,-2.1735689640045166,2.5086212158203125,3.4465816020965576,0.9599494340731072,True
3,finetune_000083_v00,finetune_000083,CoHC4O3,74,O,-3.0178775787353516,0.4657123386859894,-2.313453197479248,1.0,True
3,finetune_000083_v00,finetune_000083,CoHC4O3,75,O,3.619206666946411,-0.6074613332748413,-4.049983024597168,1.0,True
3,finetune_000083_v00,finetune_000083,CoHC4O3,76,O,0.2688474655151367,1.5647456645965576,2.993143081665039,0.959966291614658,True
3,finetune_000083_v00,finetune_000083,CoHC4O3,77,H,0.4966588318347931,-0.4523036777973175,7.920008659362793,1.0,True
3,finetune_000083_v00,finetune_000083,CoHC4O3,78,Co,4.798527717590332,-2.1331779956817627,-3.2826645374298096,0.9600198556534861,True
3,finetune_000083_v00,finetune_000083,CoHC4O3,79,Co,3.3813576698303223,3.3361287117004395,6.068782806396484,1.0,True
3,finetune_000083_v00,finetune_000083,CoHC4O3,80,Co,6.735042572021484,-2.3659145832061768,-0.9813903570175171,1.0,True
3,finetune_000083_v00,finetune_000083,CoHC4O3,81,H,4.9258623123168945,0.7372382283210754,-5.815299987792969,0.9599998867685569,True
3,finetune_000083_v00,finetune_000083,CoHC4O3,82,H,3.847046375274658,1.4095879793167114,0.8768865466117859,1.0,True
3,finetune_000083_v00,finetune_000083,CoHC4O3,83,C,5.1938982009887695,1.6164648532867432,2.3641507625579834,1.0,True
3,finetune_000083_v00,finetune_000083,CoHC4O3,84,C,5.50547456741333,0.41399314999580383,0.3048390746116638,1.0,True
3,finetune_000083_v00,finetune_000083,CoHC4O3,85,C,4.728193283081055,1.215640902519226,1.123444676399231,1.0,True
3,finetune_000083_v00,finetune_000083,CoHC4O3,86,C,6.523994445800781,1.2673600912094116,2.784330368041992,0.9599772740616841,True
3,finetune_000083_v00,finetune_000083,CoHC4O3,87,C,4.1988420486450195,2.353463649749756,3.217759609222412,0.9607453690539438,True
3,finetune_000083_v00,finetune_000083,CoHC4O3,88,C,3.903996467590332,0.5174315571784973,-6.098247528076172,1.0,True
3,finetune_000083_v00,finetune_000083,CoHC4O3,89,C,4.959327697753906,-4.770857810974121,-1.9748371839523315,1.0,True
3,finetune_000083_v00,finetune_000083,CoHC4O3,90,C,6.838921070098877,0.05195865407586098,0.7028753161430359,0.9599730105757927,True
3,finetune_000083_v00,finetune_000083,CoHC4O3,91,C,4.828695774078369,-0.07733938097953796,-0.9451503753662109,1.0,True
3,finetune_000083_v00,finetune_000083,CoHC4O3,92,C,7.254370212554932,0.4398527443408966,1.9586282968521118,1.0,True
3,finetune_000083_v00,finetune_000083,CoHC4O3,93,O,5.62270975112915,-3.633035182952881,-2.1915745735168457,1.0,True
3,finetune_000083_v00,finetune_000083,CoHC4O3,94,O,5.441807746887207,-1.0212149620056152,-1.5847430229187012,1.0,True
3,finetune_000083_v00,finetune_000083,CoHC4O3,95,O,3.0831704139709473,2.780147075653076,2.6639201641082764,1.0,True
3,finetune_000083_v00,finetune_000083,CoHC4O3,96,O,6.4335126876831055,-1.8228627443313599,-4.379208564758301,0.9199203945083064,True
3,finetune_000083_v00,finetune_000083,CoHC4O3,97,O,7.579348087310791,-0.7884785532951355,-0.02315598726272583,1.0,True
3,finetune_000083_v00,finetune_000083,CoHC4O3,98,O,4.527180194854736,2.5086212158203125,4.460333347320557,0.9599724773471733,True
3,finetune_000083_v00,finetune_000083,CoHC4O3,99,O,3.6828713417053223,0.4657123386859894,-1.2997013330459595,1.0,True
3,finetune_000283_v00,finetune_000283,CoHC4O3,0,C,-1.741438388824463,-7.201661109924316,-2.9885916709899902,0.9199571469401783,True
3,finetune_000283_v00,finetune_000283,CoHC4O3,1,Co,-4.314479351043701,-0.5298824906349182,-3.4533653259277344,0.9599667964833413,True
3,finetune_000283_v00,finetune_000283,CoHC4O3,2,Co,-5.252559185028076,3.0904624462127686,2.746713161468506,0.9599643696801102,True
3,finetune_000283_v00,finetune_000283,CoHC4O3,3,Co,-6.666455268859863,-2.3659145832061768,-3.008894205093384,0.9599420263974088,False
3,finetune_000283_v00,finetune_000283,CoHC4O3,4,H,-5.125264644622803,0.22004608809947968,0.21407151222229004,0.9200798355738246,True
3,finetune_000283_v00,finetune_000283,CoHC4O3,5,C,-3.527139902114868,-0.3100758194923401,-6.286299228668213,0.9599453970081805,True
3,finetune_000283_v00,finetune_000283,CoHC4O3,6,C,-4.552348613739014,0.5432911515235901,6.333197593688965,0.9599471788943604,True
3,finetune_000283_v00,finetune_000283,CoHC4O3,7,C,-4.033069133758545,-3.5554563999176025,-2.7765908241271973,0.9599482376630726,True
3,finetune_000283_v00,finetune_000283,CoHC4O3,8,C,-3.8387644290924072,-5.986259460449219,-2.656594753265381,0.9599530477254138,True
3,finetune_000283_v00,finetune_000283,CoHC4O3,9,C,-3.1720314025878906,-4.783787727355957,-2.7897751331329346,0.9599801743688658,True
3,finetune_000283_v00,finetune_000283,CoHC4O3,10,C,-5.2224202156066895,1.0346237421035767,5.084222793579102,0.959986230358668,True
3,finetune_000283_v00,finetune_000283,CoHC4O3,11,C,-6.877503395080566,1.2673600912094116,0.7568265199661255,0.9199418006548568,True
3,finetune_000283_v00,finetune_000283,CoHC4O3,12,C,-6.562576770782471,0.05195865407586098,-1.324628472328186,0.9599691837701156,True
3,finetune_000283_v00,finetune_000283,CoHC4O3,13,C,-6.147127628326416,0.4398527443408966,-0.06887540966272354,0.9199621551239076,True
3,finetune_000283_v00,finetune_000283,CoHC4O3,14,O,-5.289460182189941,-3.6718246936798096,-2.4004194736480713,0.9599504497070372,True
3,finetune_000283_v00,finetune_000283,CoHC4O3,15,O,-5.530672550201416,-1.5513368844985962,-4.596212387084961,0.9600488268212142,True
3,finetune_000283_v00,finetune_000283,CoHC4O3,16,O,-4.428356647491455,4.590319633483887,3.837806224822998,0.9199160940992039,True
3,finetune_000283_v00,finetune_000283,CoHC4O3,17,O,-4.609294891357422,1.9784992933273315,4.429532051086426,0.9599456629084706,True
3,finetune_000283_v00,finetune_000283,CoHC4O3,18,O,-3.4634976387023926,-2.443493366241455,-3.143420696258545,0.9599504529893536,True
3,finetune_000283_v00,finetune_000283,CoHC4O3,19,O,-6.368251800537109,0.49157196283340454,4.729671001434326,0.9599422970953251,True
3,finetune_000283_v00,finetune_000283,CoHC4O3,20,O,-5.822149753570557,-0.7884785532951355,-2.050659656524658,0.9599500716420791,True
3,finetune_000283_v00,finetune_000283,CoHC4O3,21,O,-3.0815422534942627,-0.6074613332748413,-5.063735008239746,0.9599462511058714,True
3,finetune_000283_v00,finetune_000283,CoHC4O3,22,O,-6.431901454925537,1.5647456645965576,1.97939133644104,0.959996306040596,True
3,finetune_000283_v00,finetune_000283,CoHC4O3,23,Co,-0.964090883731842,1.4871667623519897,4.618612766265869,0.9599648108466529,True
3,finetune_000283_v00,finetune_000283,CoHC4O3,24,Co,2.3862695693969727,-0.5298824906349182,-2.4396133422851562,1.0,True
3,finetune_000283_v00,finetune_000283,CoHC4O3,25,Co,-1.9022209644317627,-2.1331779956817627,-4.296416282653809,1.0,True
3,finetune_000283_v00,finetune_000283,CoHC4O3,26,Co,-3.3193912506103516,3.3361287117004395,5.055030822753906,1.0,True
3,finetune_000283_v00,finetune_000283,CoHC4O3,27,Co,1.4481898546218872,3.0904624462127686,3.760465145111084,1.0,True
3,finetune_000283_v00,finetune_000283,CoHC4O3,28,Co,0.034293800592422485,-2.3659145832061768,-1.9951422214508057,1.0,True
3,finetune_000283_v00,finetune_000283,CoHC4O3,29,H,1.930580496788025,-5.986259460449219,-1.5572543144226074,0.9599420263974088,False
3,finetune_000283_v00,finetune_000283,CoHC4O3,30,H,0.4966588318347931,-0.4523036777973175,-7.179991245269775,0.9599691837701156,True
3,finetune_000283_v00,finetune_000283,CoHC4O3,31,H,-1.7748867273330688,0.7372382283210754,-6.829051971435547,1.0,True
3,finetune_000283_v00,finetune_000283,CoHC4O3,32,H,-2.8537025451660156,1.4095879793167114,-0.13686534762382507,1.0,True
3,finetune_000283_v00,finetune_000283,CoHC4O3,33,H,1.5754841566085815,0.22004608809947968,1.2278233766555786,0.959996306040596,True
3,finetune_000283_v00,finetune_000283,CoHC4O3,34,H,-0.03273896500468254,-5.986259460449219,-3.243483543395996,1.0,True
3,finetune_000283_v00,finetune_000283,CoHC4O3,35,C,0.8484415411949158,-1.3961793184280396,-4.839120388031006,0.9599801743688658,True
3,finetune_000283_v00,finetune_000283,CoHC4O3,36,C,-1.5068506002426147,1.6164648532867432,1.3503990173339844,1.0,True
3,finetune_000283_v00,finetune_000283,CoHC4O3,37,C,3.1736090183258057,-0.3100758194923401,-5.272547245025635,1.0,True
3,finetune_000283_v00,finetune_000283,CoHC4O3,38,C,2.14840030670166,0.5432911515235901,7.346949577331543,1.0,True
3,finetune_000283_v00,finetune_000283,CoHC4O3,39,C,-1.1952742338180542,0.41399314999580383,-0.7089127898216248,1.0,True
3,finetune_000283_v00,finetune_000283,CoHC4O3,40,C,2.667679786682129,-3.5554563999176025,-1.7628389596939087,1.0,True
3,finetune_000283_v00,finetune_000283,CoHC4O3,41,C,2.8619844913482666,-5.986259460449219,-1.6428427696228027,1.0,True
3,finetune_000283_v00,finetune_000283,CoHC4O3,42,C,3.528717517852783,-4.783787727355957,-1.7760231494903564,1.0,True
3,finetune_000283_v00,finetune_000283,CoHC4O3,43,C,1.4783289432525635,1.0346237421035767,6.09797477722168,1.0,True
3,finetune_000283_v00,finetune_000283,CoHC4O3,44,C,-1.9725555181503296,1.215640902519226,0.10969281941652298,1.0,True
3,finetune_000283_v00,finetune_000283,CoHC4O3,45,C,1.609026312828064,5.728142261505127,5.068297863006592,1.0,True
3,finetune_000283_v00,finetune_000283,CoHC4O3,46,C,-0.176754429936409,1.2673600912094116,1.770578384399414,1.0,True
3,finetune_000283_v00,finetune_000283,CoHC4O3,47,C,1.377808690071106,-0.25835663080215454,-6.933432579040527,0.9599462511058714,True
3,finetune_000283_v00,finetune_000283,CoHC4O3,48,C,-2.501906633377075,2.353463649749756,2.204007625579834,1.0,True
3,finetune_000283_v00,finetune_000283,CoHC4O3,49,C,1.836807131767273,-0.6591805219650269,-5.693741321563721,0.9599456629084706,True
3,finetune_000283_v00,finetune_000283,CoHC4O3,50,C,-0.6826382875442505,4.512740612030029,5.2802934646606445,1.0,True
3,finetune_000283_v00,finetune_000283,CoHC4O3,51,C,-3.212196111679077,0.9053256511688232,6.732248306274414,0.9599504497070372,True
3,finetune_000283_v00,finetune_000283,CoHC4O3,52,C,-2.796752452850342,0.5174315571784973,-7.11199951171875,1.0,True
3,finetune_000283_v00,finetune_000283,CoHC4O3,53,C,0.17841649055480957,5.741072177886963,5.267111778259277,1.0,True
3,finetune_000283_v00,finetune_000283,CoHC4O3,54,C,-1.7414214611053467,-4.770857810974121,-2.98858904838562,1.0,True
3,finetune_000283_v00,finetune_000283,CoHC4O3,55,C,0.13817228376865387,0.05195865407586098,-0.3108765482902527,1.0,True
3,finetune_000283_v00,finetune_000283,CoHC4O3,56,C,-1.8720532655715942,-0.07733938097953796,-1.9589022397994995,1.0,True
3,finetune_000283_v00,finetune_000283,CoHC4O3,57,C,-1.111559510231018,-5.986259460449219,-3.1499977111816406,1.0,True
3,finetune_000283_v00,finetune_000283,CoHC4O3,58,C,0.5536214113235474,0.4398527443408966,0.9448764324188232,1.0,True
3,finetune_000283_v00,finetune_000283,CoHC4O3,59,O,1.4112886190414429,-3.6718246936798096,-1.3866676092147827,1.0,True
3,finetune_000283_v00,finetune_000283,CoHC4O3,60,O,-2.471757650375366,1.745762825012207,6.006218910217285,1.0,True
3,finetune_000283_v00,finetune_000283,CoHC4O3,61,O,1.1700763702392578,-1.5513368844985962,-3.582460403442383,1.0,True
3,finetune_000283_v00,finetune_000283,CoHC4O3,62,O,-1.0780394077301025,-3.633035182952881,-3.2053263187408447,1.0,True
3,finetune_000283_v00,finetune_000283,CoHC4O3,63,O,-0.1130824163556099,3.400777578353882,4.8983612060546875,1.0,True
3,finetune_000283_v00,finetune_000283,CoHC4O3,64,O,2.272392511367798,4.590319633483887,4.851558208465576,0.9599530477254138,True
3,finetune_000283_v00,finetune_000283,CoHC4O3,65,O,-1.258941411972046,-1.0212149620056152,-2.5984950065612793,1.0,True
3,finetune_000283_v00,finetune_000283,CoHC4O3,66,O,2.091454029083252,1.9784992933273315,5.443284034729004,1.0,True
3,finetune_000283_v00,finetune_000283,CoHC4O3,67,O,-3.6175785064697266,2.780147075653076,1.6501684188842773,1.0,True
3,finetune_000283_v00,finetune_000283,CoHC4O3,68,O,3.2372512817382812,-2.443493366241455,-2.129668951034546,1.0,True
3,finetune_000283_v00,finetune_000283,CoHC4O3,69,O,0.3324970602989197,0.49157196283340454,5.743422508239746,1.0,True
3,finetune_000283_v00,finetune_000283,CoHC4O3,70,O,-0.2672361135482788,-1.8228627443313599,-5.392960548400879,1.0,True
3,finetune_000283_v00,finetune_000283,CoHC4O3,71,O,0.8785991668701172,-0.7884785532951355,-1.0369079113006592,1.0,True
3,finetune_000283_v00,finetune_000283,CoHC4O3,72,O,-1.9390279054641724,4.629108905792236,5.65646505355835,1.0,True
3,finetune_000283_v00,finetune_000283,CoHC4O3,73,O,-2.1735689640045166,2.5086212158203125,3.4465816020965576,0.9599453970081805,True
3,finetune_000283_v00,finetune_000283,CoHC4O3,74,O,-3.0178775787353516,0.4657123386859894,-2.313453197479248,1.0,True
3,finetune_000283_v00,finetune_000283,CoHC4O3,75,O,3.619206666946411,-0.6074613332748413,-4.049983024597168,0.9599482376630726,True
3,finetune_000283_v00,finetune_000283,CoHC4O3,76,O,0.2688474655151367,1.5647456645965576,2.993143081665039,1.0,True
3,finetune_000283_v00,finetune_000283,CoHC4O3,77,H,0.4966588318347931,-0.4523036777973175,7.920008659362793,0.9600488268212142,True
3,finetune_000283_v00,finetune_000283,CoHC4O3,78,Co,4.798527717590332,-2.1331779956817627,-3.2826645374298096,1.0,True
3,finetune_000283_v00,finetune_000283,CoHC4O3,79,Co,3.3813576698303223,3.3361287117004395,6.068782806396484,1.0,True
3,finetune_000283_v00,finetune_000283,CoHC4O3,80,Co,6.735042572021484,-2.3659145832061768,-0.9813903570175171,1.0,True
3,finetune_000283_v00,finetune_000283,CoHC4O3,81,H,4.9258623123168945,0.7372382283210754,-5.815299987792969,1.0,True
3,finetune_000283_v00,finetune_000283,CoHC4O3,82,H,3.847046375274658,1.4095879793167114,0.8768865466117859,0.9600885645232634,True
3,finetune_000283_v00,finetune_000283,CoHC4O3,83,C,5.1938982009887695,1.6164648532867432,2.3641507625579834,1.0,True
3,finetune_000283_v00,finetune_000283,CoHC4O3,84,C,5.50547456741333,0.41399314999580383,0.3048390746116638,1.0,True
3,finetune_000283_v00,finetune_000283,CoHC4O3,85,C,4.728193283081055,1.215640902519226,1.123444676399231,1.0,True
3,finetune_000283_v00,finetune_000283,CoHC4O3,86,C,6.523994445800781,1.2673600912094116,2.784330368041992,0.9599500716420791,True
3,finetune_000283_v00,finetune_000283,CoHC4O3,87,C,4.1988420486450195,2.353463649749756,3.217759609222412,0.9599504529893536,True
3,finetune_000283_v00,finetune_000283,CoHC4O3,88,C,3.903996467590332,0.5174315571784973,-6.098247528076172,1.0,True
3,finetune_000283_v00,finetune_000283,CoHC4O3,89,C,4.959327697753906,-4.770857810974121,-1.9748371839523315,1.0,True
3,finetune_000283_v00,finetune_000283,CoHC4O3,90,C,6.838921070098877,0.05195865407586098,0.7028753161430359,1.0,True
3,finetune_000283_v00,finetune_000283,CoHC4O3,91,C,4.828695774078369,-0.07733938097953796,-0.9451503753662109,1.0,True
3,finetune_000283_v00,finetune_000283,CoHC4O3,92,C,7.254370212554932,0.4398527443408966,1.9586282968521118,1.0,True
3,finetune_000283_v00,finetune_000283,CoHC4O3,93,O,5.62270975112915,-3.633035182952881,-2.1915745735168457,1.0,True
3,finetune_000283_v00,finetune_000283,CoHC4O3,94,O,5.441807746887207,-1.0212149620056152,-1.5847430229187012,1.0,True
3,finetune_000283_v00,finetune_000283,CoHC4O3,95,O,3.0831704139709473,2.780147075653076,2.6639201641082764,1.0,True
3,finetune_000283_v00,finetune_000283,CoHC4O3,96,O,6.4335126876831055,-1.8228627443313599,-4.379208564758301,0.9206805922651813,True
3,finetune_000283_v00,finetune_000283,CoHC4O3,97,O,7.579348087310791,-0.7884785532951355,-0.02315598726272583,0.9199119897410133,True
3,finetune_000283_v00,finetune_000283,CoHC4O3,98,O,4.527180194854736,2.5086212158203125,4.460333347320557,0.9199090935786663,True
3,finetune_000283_v00,finetune_000283,CoHC4O3,99,O,3.6828713417053223,0.4657123386859894,-1.2997013330459595,1.0,True
3,finetune_000223_v00,finetune_000223,AlH5C8O5,0,C,-5.191601276397705,-5.4751505851745605,1.9965779781341553,0.9599459105312877,True
3,finetune_000223_v00,finetune_000223,AlH5C8O5,1,Al,-4.903024673461914,4.912588119506836,-0.46673649549484253,0.9600889954776798,True
3,finetune_000223_v00,finetune_000223,AlH5C8O5,2,H,-4.025678634643555,-1.4694889783859253,-1.618018388748169,0.9599501557177378,True
3,finetune_000223_v00,finetune_000223,AlH5C8O5,3,H,-4.202455520629883,0.9069267511367798,-1.0658067464828491,0.9599446768182873,True
3,finetune_000223_v00,finetune_000223,AlH5C8O5,4,H,-3.4123337268829346,4.881455898284912,4.271714210510254,0.9198286093419601,False
3,finetune_000223_v00,finetune_000223,AlH5C8O5,5,H,-3.607722043991089,3.6880595684051514,0.9834737181663513,0.9199177219883186,True
3,finetune_000223_v00,finetune_000223,AlH5C8O5,6,C,-7.364741802215576,0.4088134169578552,-2.17824125289917,0.9199249715048202,True
3,finetune_000223_v00,finetune_000223,AlH5C8O5,7,C,-7.2666144371032715,-0.9609982371330261,-2.513157844543457,0.9599492068116916,True
3,finetune_000223_v00,finetune_000223,AlH5C8O5,8,C,-4.968417167663574,-0.9609982371330261,-1.79180109500885,0.9599818255337969,True
3,finetune_000223_v00,finetune_000223,AlH5C8O5,9,C,-5.072893142700195,0.4088134169578552,-1.4588770866394043,0.920058291020777,True
3,finetune_000223_v00,finetune_000223,AlH5C8O5,10,C,-2.664491891860962,4.902210712432861,5.055367469787598,0.9199128429717164,True
3,finetune_000223_v00,finetune_000223,AlH5C8O5,11,C,-6.2723493576049805,1.1144739389419556,-1.659082293510437,0.9599197274608962,True
3,finetune_000223_v00,finetune_000223,AlH5C8O5,12,C,-6.368072986602783,2.5984365940093994,-1.342929720878601,0.919951359775111,True
3,finetune_000223_v00,finetune_000223,AlH5C8O5,13,C,-6.063336372375488,-1.677036166191101,-2.3251287937164307,0.9599265693360389,True
3,finetune_000223_v00,finetune_000223,AlH5C8O5,14,C,-5.958737373352051,-3.1506214141845703,-2.6473398208618164,0.9599089608664758,False
3,finetune_000223_v00,finetune_000223,AlH5C8O5,15,O,-5.319997787475586,3.2003235816955566,-0.8825567364692688,0.9599508709631894,True
3,finetune_000223_v00,finetune_000223,AlH5C8O5,16,O,-4.838114261627197,-3.762885808944702,-2.4292688369750977,0.9600504769395187,True
3,finetune_000223_v00,finetune_000223,AlH5C8O5,17,O,-5.917446613311768,4.839946746826172,1.021038293838501,0.9599691844440768,True
3,finetune_000223_v00,finetune_000223,AlH5C8O5,18,O,-3.4459872245788574,4.352210521697998,0.4570862054824829,0.9599445087987969,True
3,finetune_000223_v00,finetune_000223,AlH5C8O5,19,H,-4.145074367523193,4.974852561950684,-4.503697872161865,0.9599632856126531,True
3,finetune_000223_v00,finetune_000223,AlH5C8O5,20,C,-3.0899105072021484,4.954097747802734,-4.710314750671387,0.9599809625043242,True
3,finetune_000223_v00,finetune_000223,AlH5C8O5,21,C,-2.1554319858551025,4.9852294921875,-3.654724597930908,0.9599881073921993,True
3,finetune_000223_v00,finetune_000223,AlH5C8O5,22,C,-2.6100049018859863,4.995606899261475,-2.2064101696014404,0.9600012145635938,True
3,finetune_000223_v00,finetune_000223,AlH5C8O5,23,O,-2.311005115509033,6.614475250244141,0.6295205354690552,0.9599724008223677,True
3,finetune_000223_v00,finetune_000223,AlH5C8O5,24,O,-3.8797271251678467,4.995606899261475,-1.9605698585510254,1.0,True
3,finetune_000223_v00,finetune_000223,AlH5C8O5,25,O,-4.482230186462402,6.614475250244141,-0.0519823394715786,1.0,True
3,finetune_000223_v00,finetune_000223,AlH5C8O5,26,Al,-4.2494797706604,-5.464773178100586,-2.527183771133423,0.9599732131895219,True
3,finetune_000223_v00,finetune_000223,AlH5C8O5,27,Al,-1.0815225839614868,-5.464773178100586,-1.5328272581100464,1.0,True
3,finetune_000223_v00,finetune_000223,AlH5C8O5,28,H,-1.831891417503357,-5.495904922485352,2.5022006034851074,0.920689679224677,True
3,finetune_000223_v00,finetune_000223,AlH5C8O5,29,H,0.40916842222213745,-5.495904922485352,3.205623149871826,1.0,True
3,finetune_000223_v00,finetune_000223,AlH5C8O5,30,H,0.21378003060817719,-6.689301490783691,-0.08261711895465851,1.0,True
3,finetune_000223_v00,finetune_000223,AlH5C8O5,31,C,-2.893404006958008,-5.4751505851745605,2.7179348468780518,0.9599692955430973,True
3,finetune_000223_v00,finetune_000223,AlH5C8O5,32,C,1.1570101976394653,-5.4751505851745605,3.98927640914917,1.0,True
3,finetune_000223_v00,finetune_000223,AlH5C8O5,33,C,-3.824061155319214,-5.516659736633301,1.6501684188842773,1.0,True
3,finetune_000223_v00,finetune_000223,AlH5C8O5,34,C,-3.365666627883911,-5.53741455078125,0.21189779043197632,1.0,True
3,finetune_000223_v00,finetune_000223,AlH5C8O5,35,O,-4.26716947555542,-5.53741455078125,-0.7265554070472717,1.0,True
3,finetune_000223_v00,finetune_000223,AlH5C8O5,36,O,-1.4984955787658691,-7.177037715911865,-1.9486474990844727,1.0,True
3,finetune_000223_v00,finetune_000223,AlH5C8O5,37,O,-2.095944404602051,-5.53741455078125,-0.04505250230431557,1.0,True
3,finetune_000223_v00,finetune_000223,AlH5C8O5,38,O,0.37551504373550415,-6.025150775909424,-0.6090046167373657,1.0,True
3,finetune_000223_v00,finetune_000223,AlH5C8O5,39,H,0.6952179074287415,4.881455898284912,-5.549010276794434,1.0,True
3,finetune_000223_v00,finetune_000223,AlH5C8O5,40,H,2.9362778663635254,4.881455898284912,-4.845587253570557,1.0,True
3,finetune_000223_v00,finetune_000223,AlH5C8O5,41,C,-0.36629459261894226,4.902210712432861,-5.33327579498291,1.0,True
3,finetune_000223_v00,finetune_000223,AlH5C8O5,42,C,3.684119462966919,4.902210712432861,-4.061933994293213,1.0,True
3,finetune_000223_v00,finetune_000223,AlH5C8O5,43,Al,-1.7223703861236572,4.912588119506836,0.5316054821014404,0.9200137625521719,True
3,finetune_000223_v00,finetune_000223,AlH5C8O5,44,Al,1.4455868005752563,4.912588119506836,1.525961995124817,1.0,True
3,finetune_000223_v00,finetune_000223,AlH5C8O5,45,H,0.6952179074287415,4.881455898284912,5.560989856719971,1.0,True
3,finetune_000223_v00,finetune_000223,AlH5C8O5,46,H,-1.9613956212997437,0.9069267511367798,-0.362384170293808,1.0,True
3,finetune_000223_v00,finetune_000223,AlH5C8O5,47,H,-1.784618854522705,-1.4694889783859253,-0.9145958423614502,1.0,True
3,finetune_000223_v00,finetune_000223,AlH5C8O5,48,H,-0.3235723376274109,-5.402508735656738,-5.569788932800293,0.9599459105312877,True
3,finetune_000223_v00,finetune_000223,AlH5C8O5,49,H,2.322932720184326,-1.4694889783859253,0.37468013167381287,1.0,True
3,finetune_000223_v00,finetune_000223,AlH5C8O5,50,H,2.146156072616577,0.9069267511367798,0.9268918037414551,1.0,True
3,finetune_000223_v00,finetune_000223,AlH5C8O5,51,H,-2.3641278743743896,-4.240244388580322,-2.9901621341705322,1.0,True
3,finetune_000223_v00,finetune_000223,AlH5C8O5,52,H,2.740889310836792,3.6880595684051514,2.9761722087860107,0.9599197274608962,True
3,finetune_000223_v00,finetune_000223,AlH5C8O5,53,C,-0.36629459261894226,4.902210712432861,5.776724338531494,1.0,True
3,finetune_000223_v00,finetune_000223,AlH5C8O5,54,C,-1.0161300897598267,0.4088134169578552,-0.18554271757602692,1.0,True
3,finetune_000223_v00,finetune_000223,AlH5C8O5,55,C,-0.9180029630661011,-0.9609982371330261,-0.5204594135284424,1.0,True
3,finetune_000223_v00,finetune_000223,AlH5C8O5,56,C,0.7315915822982788,-5.4232635498046875,-5.7764058113098145,1.0,True
3,finetune_000223_v00,finetune_000223,AlH5C8O5,57,C,1.3801944255828857,-0.9609982371330261,0.2008974701166153,1.0,True
3,finetune_000223_v00,finetune_000223,AlH5C8O5,58,C,1.2757186889648438,0.4088134169578552,0.5338214635848999,1.0,True
3,finetune_000223_v00,finetune_000223,AlH5C8O5,59,C,-1.2969516515731812,4.860701560974121,4.708957672119141,1.0,True
3,finetune_000223_v00,finetune_000223,AlH5C8O5,60,C,-0.838557243347168,4.839946746826172,3.2706871032714844,1.0,True
3,finetune_000223_v00,finetune_000223,AlH5C8O5,61,C,0.0762619748711586,1.1144739389419556,0.3336162567138672,1.0,True
3,finetune_000223_v00,finetune_000223,AlH5C8O5,62,C,-0.019461415708065033,2.5984365940093994,0.6497688293457031,1.0,True
3,finetune_000223_v00,finetune_000223,AlH5C8O5,63,C,0.2852751612663269,-1.677036166191101,-0.33243030309677124,0.9599492068116916,True
3,finetune_000223_v00,finetune_000223,AlH5C8O5,64,C,0.38987427949905396,-3.1506214141845703,-0.6546413898468018,0.9599741005416308,True
3,finetune_000223_v00,finetune_000223,AlH5C8O5,65,C,1.6660702228546143,-5.392131328582764,-4.720815181732178,1.0,True
3,finetune_000223_v00,finetune_000223,AlH5C8O5,66,C,1.2114973068237305,-5.381753921508789,-3.272500991821289,1.0,True
3,finetune_000223_v00,finetune_000223,AlH5C8O5,67,O,-1.7400600910186768,4.839946746826172,2.3322339057922363,1.0,True
3,finetune_000223_v00,finetune_000223,AlH5C8O5,68,O,1.028613805770874,3.2003235816955566,1.1101417541503906,1.0,True
3,finetune_000223_v00,finetune_000223,AlH5C8O5,69,O,1.5104970932006836,-3.762885808944702,-0.43657025694847107,1.0,True
3,finetune_000223_v00,finetune_000223,AlH5C8O5,70,O,-0.05822506174445152,-5.381753921508789,-3.026660680770874,1.0,True
3,finetune_000223_v00,finetune_000223,AlH5C8O5,71,O,-0.6607280373573303,-3.762885808944702,-1.1180731058120728,1.0,True
3,finetune_000223_v00,finetune_000223,AlH5C8O5,72,O,-1.1426113843917847,3.2003235816955566,0.41752889752388,1.0,True
3,finetune_000223_v00,finetune_000223,AlH5C8O5,73,O,0.43116503953933716,4.839946746826172,3.0137369632720947,1.0,True
3,finetune_000223_v00,finetune_000223,AlH5C8O5,74,O,-2.5283899307250977,-4.914772987365723,-2.4668333530426025,1.0,True
3,finetune_000223_v00,finetune_000223,AlH5C8O5,75,O,2.9026243686676025,4.352210521697998,2.449784755706787,0.9599446768182873,True
3,finetune_000223_v00,finetune_000223,AlH5C8O5,76,H,-2.5646321773529053,-5.402508735656738,4.836788654327393,1.0,True
3,finetune_000223_v00,finetune_000223,AlH5C8O5,77,H,-0.3235723376274109,-5.402508735656738,5.540211200714111,1.0,True
3,finetune_000223_v00,finetune_000223,AlH5C8O5,78,C,-3.3188226222991943,-5.4232635498046875,4.062252521514893,0.9600012145635938,True
3,finetune_000223_v00,finetune_000223,AlH5C8O5,79,C,0.7315915822982788,-5.4232635498046875,5.33359432220459,1.0,True
3,finetune_000223_v00,finetune_000223,AlH5C8O5,80,H,-0.037522852420806885,4.974852561950684,-3.2144219875335693,1.0,True
3,finetune_000223_v00,finetune_000223,AlH5C8O5,81,H,2.2035369873046875,4.974852561950684,-2.5109994411468506,1.0,True
3,finetune_000223_v00,finetune_000223,AlH5C8O5,82,H,0.16298145055770874,6.1371169090271,0.0686272606253624,1.0,True
3,finetune_000223_v00,finetune_000223,AlH5C8O5,83,C,-0.7917132377624512,4.954097747802734,-3.9889581203460693,1.0,True
3,finetune_000223_v00,finetune_000223,AlH5C8O5,84,C,3.2587008476257324,4.954097747802734,-2.717616319656372,1.0,True
3,finetune_000223_v00,finetune_000223,AlH5C8O5,85,C,4.193179607391357,4.9852294921875,-1.662026047706604,1.0,True
3,finetune_000223_v00,finetune_000223,AlH5C8O5,86,C,3.7386066913604736,4.995606899261475,-0.21371155977249146,1.0,True
3,finetune_000223_v00,finetune_000223,AlH5C8O5,87,O,2.468884229660034,4.995606899261475,0.03212873637676239,1.0,True
3,finetune_000223_v00,finetune_000223,AlH5C8O5,88,O,-1.7085020542144775,4.995606899261475,-1.2790669202804565,0.9599724008223677,True
3,finetune_000223_v00,finetune_000223,AlH5C8O5,89,O,1.8663814067840576,6.614475250244141,1.9407161474227905,1.0,True
3,finetune_000223_v00,finetune_000223,AlH5C8O5,90,O,-0.00128066330216825,5.462588310241699,0.5919559597969055,1.0,True
3,finetune_000223_v00,finetune_000223,AlH5C8O5,91,Al,2.0991318225860596,-5.464773178100586,-0.5344853401184082,1.0,True
3,finetune_000223_v00,finetune_000223,AlH5C8O5,92,Al,5.267088890075684,-5.464773178100586,0.45987123250961304,0.9599501557177378,True
3,finetune_000223_v00,finetune_000223,AlH5C8O5,93,C,2.524550437927246,-5.516659736633301,3.642866849899292,0.9599818255337969,True
3,finetune_000223_v00,finetune_000223,AlH5C8O5,94,C,2.982944965362549,-5.53741455078125,2.2045962810516357,1.0,True
3,finetune_000223_v00,finetune_000223,AlH5C8O5,95,O,2.08144211769104,-5.53741455078125,1.2661430835723877,0.9599703972707868,True
3,finetune_000223_v00,finetune_000223,AlH5C8O5,96,O,2.6788907051086426,-7.177037715911865,-0.6485618948936462,1.0,True
3,finetune_000223_v00,finetune_000223,AlH5C8O5,97,O,4.252667427062988,-5.53741455078125,1.9476460218429565,1.0,True
3,finetune_000223_v00,finetune_000223,AlH5C8O5,98,Al,4.626241207122803,4.912588119506836,2.524303913116455,1.0,True
3,finetune_000223_v00,finetune_000223,AlH5C8O5,99,H,4.387216091156006,0.9069267511367798,1.6303143501281738,1.0,True
3,finetune_000223_v00,finetune_000223,AlH5C8O5,100,H,4.563992500305176,-1.4694889783859253,1.078102707862854,1.0,True
3,finetune_000223_v00,finetune_000223,AlH5C8O5,101,H,3.7839794158935547,-5.402508735656738,-4.280512809753418,1.0,True
3,finetune_000223_v00,finetune_000223,AlH5C8O5,102,H,3.9844837188720703,-4.240244388580322,-0.997463583946228,1.0,True
3,finetune_000223_v00,finetune_000223,AlH5C8O5,103,C,5.332481384277344,0.4088134169578552,1.8071558475494385,1.0,True
3,finetune_000223_v00,finetune_000223,AlH5C8O5,104,C,5.430608749389648,-0.9609982371330261,1.4722391366958618,1.0,True
3,finetune_000223_v00,finetune_000223,AlH5C8O5,105,C,6.424873352050781,1.1144739389419556,2.326314687728882,1.0,True
3,finetune_000223_v00,finetune_000223,AlH5C8O5,106,C,6.329150199890137,2.5984365940093994,2.6424672603607178,1.0,True
3,finetune_000223_v00,finetune_000223,AlH5C8O5,107,C,6.633886814117432,-1.677036166191101,1.6602683067321777,0.9599931944962324,True
3,finetune_000223_v00,finetune_000223,AlH5C8O5,108,C,6.738485813140869,-3.1506214141845703,1.3380571603775024,0.9599881073921993,True
3,finetune_000223_v00,finetune_000223,AlH5C8O5,109,O,4.608551502227783,4.839946746826172,4.32493257522583,1.0,True
3,finetune_000223_v00,finetune_000223,AlH5C8O5,110,O,2.1130001544952393,-5.381753921508789,-2.3451576232910156,0.9599691844440768,True
3,finetune_000223_v00,finetune_000223,AlH5C8O5,111,O,5.687883377075195,-3.762885808944702,0.8746253848075867,1.0,True
3,finetune_000223_v00,finetune_000223,AlH5C8O5,112,O,5.206000328063965,3.2003235816955566,2.4102275371551514,1.0,True
3,finetune_000223_v00,finetune_000223,AlH5C8O5,113,O,3.820221424102783,-4.914772987365723,-0.4741348624229431,1.0,True
3,finetune_000223_v00,finetune_000223,AlH5C8O5,114,C,5.55689811706543,4.954097747802734,-1.9962595701217651,1.0,True
3,finetune_000223_v00,finetune_000223,AlH5C8O5,115,O,4.640109539031982,4.995606899261475,0.7136316299438477,1.0,True
3,finetune_000253_v00,finetune_000253,ErH2C5O6,0,C,-2.084099769592285,-6.265425682067871,-1.487099051475525,0.8799081832327744,True
3,finetune_000253_v00,finetune_000253,ErH2C5O6,1,O,-2.779898166656494,-5.223821640014648,-1.6281527280807495,0.9599711827177335,True
3,finetune_000253_v00,finetune_000253,ErH2C5O6,2,Er,-4.477502822875977,-3.845458984375,-2.2413973808288574,0.9599671223006381,True
3,finetune_000253_v00,finetune_000253,ErH2C5O6,3,H,-5.70866584777832,-0.8224585652351379,-0.28548258543014526,0.9198898444850822,False
3,finetune_000253_v00,finetune_000253,ErH2C5O6,4,C,-7.2224626541137695,-2.0363576412200928,-1.0909970998764038,0.9599535959401003,True
3,finetune_000253_v00,finetune_000253,ErH2C5O6,5,C,-6.614476680755615,-0.8067953586578369,-0.49973735213279724,0.9199024434958004,True
3,finetune_000253_v00,finetune_000253,ErH2C5O6,6,C,-6.634638786315918,1.5661815404891968,0.1362697035074234,0.9599457731354496,True
3,finetune_000253_v00,finetune_000253,ErH2C5O6,7,C,-7.269667625427246,0.28962960839271545,-0.2757124602794647,0.9599742335754822,True
3,finetune_000253_v00,finetune_000253,ErH2C5O6,8,C,-3.287872552871704,-3.3207411766052246,-5.1726765632629395,0.9599525015077965,True
3,finetune_000253_v00,finetune_000253,ErH2C5O6,9,C,-4.6214776039123535,-2.55324387550354,-5.1726765632629395,0.9599512327882063,True
3,finetune_000253_v00,finetune_000253,ErH2C5O6,10,O,-3.6051151752471924,-1.6056193113327026,-2.2109313011169434,0.959974173932398,True
3,finetune_000253_v00,finetune_000253,ErH2C5O6,11,O,-5.23762321472168,-0.8381218314170837,5.401877403259277,0.9200078516869785,True
3,finetune_000253_v00,finetune_000253,ErH2C5O6,12,O,-2.6492414474487305,-3.344236135482788,-6.243885517120361,0.9600072699318584,True
3,finetune_000253_v00,finetune_000253,ErH2C5O6,13,O,-6.413985729217529,-2.882171154022217,-1.5502309799194336,0.9599904955244453,True
3,finetune_000253_v00,finetune_000253,ErH2C5O6,14,O,-2.9467124938964844,-3.8611221313476562,-4.101468086242676,0.959993448931159,True
3,finetune_000253_v00,finetune_000253,ErH2C5O6,15,O,-7.330437660217285,2.607785224914551,-0.004783934447914362,0.9599919585432329,True
3,finetune_000253_v00,finetune_000253,ErH2C5O6,16,O,-5.336730003356934,-2.662886142730713,-4.156662464141846,0.9599687752687752,True
3,finetune_000253_v00,finetune_000253,ErH2C5O6,17,Er,-3.431847333908081,-2.0285260677337646,6.093043804168701,0.9599705295713397,True
3,finetune_000253_v00,finetune_000253,ErH2C5O6,18,Er,-1.0754493474960327,-5.803360939025879,4.857102870941162,0.959992808071155,True
3,finetune_000253_v00,finetune_000253,ErH2C5O6,19,Er,-0.029793810099363327,-3.9864277839660645,-1.0054562091827393,0.9599656876049761,True
3,finetune_000253_v00,finetune_000253,ErH2C5O6,20,H,1.2013691663742065,-7.009428024291992,-2.9613709449768066,0.9599578051081806,True
3,finetune_000253_v00,finetune_000253,ErH2C5O6,21,C,2.7151660919189453,-5.795528888702393,-2.1558563709259033,0.9599727048951824,True
3,finetune_000253_v00,finetune_000253,ErH2C5O6,22,C,2.107180118560791,-7.025091171264648,-2.7471160888671875,0.9599480512642538,True
3,finetune_000253_v00,finetune_000253,ErH2C5O6,23,C,-1.2194240093231201,-4.51114559173584,1.9258232116699219,0.9599472527104049,True
3,finetune_000253_v00,finetune_000253,ErH2C5O6,24,C,0.11418095231056213,-5.2786431312561035,1.9258232116699219,1.0,True
3,finetune_000253_v00,finetune_000253,ErH2C5O6,25,O,-1.8580552339553833,-4.4876508712768555,2.9970319271087646,1.0,True
3,finetune_000253_v00,finetune_000253,ErH2C5O6,26,O,0.37871986627578735,-5.9521613121032715,2.9418373107910156,1.0,True
3,finetune_000253_v00,finetune_000253,ErH2C5O6,27,O,1.906689167022705,-4.949715614318848,-1.6966224908828735,0.9199940306862794,True
3,finetune_000253_v00,finetune_000253,ErH2C5O6,28,O,3.964691162109375,-5.638896942138672,-2.1102824211120605,1.0,True
3,finetune_000253_v00,finetune_000253,ErH2C5O6,29,O,-1.560584306716919,-3.970764636993408,0.8546145558357239,1.0,True
3,finetune_000253_v00,finetune_000253,ErH2C5O6,30,O,0.8294334411621094,-5.169000625610352,0.9098091125488281,1.0,True
3,finetune_000253_v00,finetune_000253,ErH2C5O6,31,O,0.42291632294654846,-3.9237749576568604,4.887568473815918,0.9599578051081806,True
3,finetune_000253_v00,finetune_000253,ErH2C5O6,32,O,-0.9021815657615662,-6.226267337799072,-1.0359221696853638,1.0,True
3,finetune_000253_v00,finetune_000253,ErH2C5O6,33,O,2.190227508544922,0.5950623154640198,-7.585413455963135,1.0,True
3,finetune_000253_v00,finetune_000253,ErH2C5O6,34,Er,-4.580333232879639,3.845179319381714,0.6179125905036926,1.0,True
3,finetune_000253_v00,finetune_000253,ErH2C5O6,35,Er,4.580172061920166,-3.845458984375,-0.6180285215377808,1.0,True
3,finetune_000253_v00,finetune_000253,ErH2C5O6,36,H,-2.3936574459075928,2.4824795722961426,-5.760613918304443,1.0,True
3,finetune_000253_v00,finetune_000253,ErH2C5O6,37,H,-0.20182333886623383,0.8926633596420288,-5.86288595199585,1.0,True
3,finetune_000253_v00,finetune_000253,ErH2C5O6,38,H,-3.349170207977295,0.8221789002418518,-1.3380022048950195,1.0,True
3,finetune_000253_v00,finetune_000253,ErH2C5O6,39,H,-0.864328920841217,-0.27424609661102295,-1.2341065406799316,1.0,True
3,finetune_000253_v00,finetune_000253,ErH2C5O6,40,H,2.39349627494812,-2.4827592372894287,5.760498046875,1.0,True
3,finetune_000253_v00,finetune_000253,ErH2C5O6,41,H,0.1971118301153183,-0.8851114511489868,5.86439323425293,1.0,True
3,finetune_000253_v00,finetune_000253,ErH2C5O6,42,H,3.3490090370178223,-0.8224585652351379,1.3378862142562866,1.0,True
3,finetune_000253_v00,finetune_000253,ErH2C5O6,43,H,0.8732255697250366,0.27396640181541443,1.2356139421463013,1.0,True
3,finetune_000253_v00,finetune_000253,ErH2C5O6,44,C,-2.6827149391174316,0.563735842704773,-6.566128253936768,0.9599525015077965,True
3,finetune_000253_v00,finetune_000253,ErH2C5O6,45,C,-1.9250385761260986,1.7071504592895508,-5.9748687744140625,1.0,True
3,finetune_000253_v00,finetune_000253,ErH2C5O6,46,C,0.1368560642004013,2.8818914890289307,-5.338861465454102,0.9599457731354496,True
3,finetune_000253_v00,finetune_000253,ErH2C5O6,47,C,-0.6478630304336548,1.6914873123168945,-5.750843524932861,1.0,True
3,finetune_000253_v00,finetune_000253,ErH2C5O6,48,C,-1.8353732824325562,2.0360779762268066,-0.5324876308441162,1.0,True
3,finetune_000253_v00,finetune_000253,ErH2C5O6,49,C,-2.443359136581421,0.8065156936645508,-1.1237473487854004,1.0,True
3,finetune_000253_v00,finetune_000253,ErH2C5O6,50,C,-2.423197031021118,-1.5664613246917725,-1.7597544193267822,1.0,True
3,finetune_000253_v00,finetune_000253,ErH2C5O6,51,C,-1.7881683111190796,-0.289909303188324,-1.347772240638733,1.0,True
3,finetune_000253_v00,finetune_000253,ErH2C5O6,52,C,2.682553768157959,-0.5640155673027039,6.566012382507324,0.9599687752687752,True
3,finetune_000253_v00,finetune_000253,ErH2C5O6,53,C,1.924877643585205,-1.7074302434921265,5.974752426147461,1.0,True
3,finetune_000253_v00,finetune_000253,ErH2C5O6,54,C,-0.13701702654361725,-2.882171154022217,5.338745594024658,1.0,True
3,finetune_000253_v00,finetune_000253,ErH2C5O6,55,C,0.6477020382881165,-1.6917669773101807,5.750727653503418,1.0,True
3,finetune_000253_v00,finetune_000253,ErH2C5O6,56,C,1.8352123498916626,-2.0363576412200928,0.5323716998100281,1.0,True
3,finetune_000253_v00,finetune_000253,ErH2C5O6,57,C,2.4431982040405273,-0.8067953586578369,1.123631477355957,1.0,True
3,finetune_000253_v00,finetune_000253,ErH2C5O6,58,C,2.4230360984802246,1.5661815404891968,1.7596385478973389,1.0,True
3,finetune_000253_v00,finetune_000253,ErH2C5O6,59,C,1.788007378578186,0.28962960839271545,1.3476563692092896,1.0,True
3,finetune_000253_v00,finetune_000253,ErH2C5O6,60,C,-5.769963264465332,3.3204615116119385,3.549191951751709,0.9599656876049761,True
3,finetune_000253_v00,finetune_000253,ErH2C5O6,61,C,-4.436358451843262,2.552963972091675,3.549191951751709,1.0,True
3,finetune_000253_v00,finetune_000253,ErH2C5O6,62,C,5.769802570343018,-3.3207411766052246,-3.5493080615997314,0.9599480512642538,True
3,finetune_000253_v00,finetune_000253,ErH2C5O6,63,C,4.436197280883789,-2.55324387550354,-3.5493080615997314,1.0,True
3,finetune_000253_v00,finetune_000253,ErH2C5O6,64,O,-2.1903884410858154,-0.5953419804573059,-6.6117024421691895,1.0,True
3,finetune_000253_v00,finetune_000253,ErH2C5O6,65,O,1.3870322704315186,2.8035755157470703,-5.479915142059326,1.0,True
3,finetune_000253_v00,finetune_000253,ErH2C5O6,66,O,-4.171819686889648,1.8794457912445068,4.565206050872803,1.0,True
3,finetune_000253_v00,finetune_000253,ErH2C5O6,67,O,-2.643850088119507,2.8818914890289307,-0.07325372099876404,1.0,True
3,finetune_000253_v00,finetune_000253,ErH2C5O6,68,O,-0.5858482122421265,2.1927101612091064,-0.48691368103027344,1.0,True
3,finetune_000253_v00,finetune_000253,ErH2C5O6,69,O,-6.111123561859131,3.86084246635437,2.4779834747314453,1.0,True
3,finetune_000253_v00,finetune_000253,ErH2C5O6,70,O,-1.7273985147476196,-2.608065128326416,-1.6187008619308472,1.0,True
3,finetune_000253_v00,finetune_000253,ErH2C5O6,71,O,5.452559947967529,-1.6056193113327026,-0.5875625610351562,1.0,True
3,finetune_000253_v00,finetune_000253,ErH2C5O6,72,O,-3.7211058139801025,2.6626064777374268,2.5331778526306152,0.9599904955244453,True
3,finetune_000253_v00,finetune_000253,ErH2C5O6,73,O,2.190227508544922,0.5950623154640198,6.611586093902588,1.0,True
3,finetune_000253_v00,finetune_000253,ErH2C5O6,74,O,-1.387193202972412,-2.8038551807403564,5.479799270629883,1.0,True
3,finetune_000253_v00,finetune_000253,ErH2C5O6,75,O,4.171658515930176,-1.8797255754470825,-4.565321922302246,1.0,True
3,finetune_000253_v00,finetune_000253,ErH2C5O6,76,O,2.6436891555786133,-2.882171154022217,0.07313776761293411,0.9599705313607964,True
3,finetune_000253_v00,finetune_000253,ErH2C5O6,77,O,0.5856872200965881,-2.1929898262023926,0.4867977201938629,1.0,True
3,finetune_000253_v00,finetune_000253,ErH2C5O6,78,O,6.110962867736816,-3.8611221313476562,-2.4780993461608887,0.9599727048951824,True
3,finetune_000253_v00,finetune_000253,ErH2C5O6,79,O,1.727237582206726,2.607785224914551,1.6185848712921143,1.0,True
3,finetune_000253_v00,finetune_000253,ErH2C5O6,80,O,-5.452721118927002,1.6053396463394165,0.5874465703964233,1.0,True
3,finetune_000253_v00,finetune_000253,ErH2C5O6,81,O,3.720944881439209,-2.662886142730713,-2.5332939624786377,1.0,True
3,finetune_000253_v00,finetune_000253,ErH2C5O6,82,O,-2.1903884410858154,-0.5953419804573059,7.585297584533691,0.9607384810790435,True
3,finetune_000253_v00,finetune_000253,ErH2C5O6,83,Er,1.0752882957458496,5.803081035614014,-4.8572187423706055,1.0,True
3,finetune_000253_v00,finetune_000253,ErH2C5O6,84,Er,0.029632840305566788,3.9861481189727783,1.0053402185440063,1.0,True
3,finetune_000253_v00,finetune_000253,ErH2C5O6,85,H,-1.2015302181243896,7.009148597717285,2.9612550735473633,1.0,True
3,finetune_000253_v00,finetune_000253,ErH2C5O6,86,C,-2.715327024459839,5.7952494621276855,2.15574049949646,0.9199048066476945,True
3,finetune_000253_v00,finetune_000253,ErH2C5O6,87,C,-2.1073410511016846,7.024811744689941,2.747000217437744,1.0,True
3,finetune_000253_v00,finetune_000253,ErH2C5O6,88,C,1.2192630767822266,4.510865688323975,-1.9259392023086548,1.0,True
3,finetune_000253_v00,finetune_000253,ErH2C5O6,89,C,-0.11434192210435867,5.278363227844238,-1.9259392023086548,0.9599711827177335,True
3,finetune_000253_v00,finetune_000253,ErH2C5O6,90,O,-0.4230772852897644,3.923495292663574,-4.8876848220825195,1.0,True
3,finetune_000253_v00,finetune_000253,ErH2C5O6,91,O,0.9020206332206726,6.225987911224365,1.0358062982559204,1.0,True
3,finetune_000253_v00,finetune_000253,ErH2C5O6,92,O,1.8578943014144897,4.48737096786499,-2.997147798538208,1.0,True
3,finetune_000253_v00,finetune_000253,ErH2C5O6,93,O,-0.3788808584213257,5.951881408691406,-2.941953420639038,0.9599742335754822,True
3,finetune_000253_v00,finetune_000253,ErH2C5O6,94,O,-1.9068500995635986,4.949435710906982,1.6965066194534302,1.0,True
3,finetune_000253_v00,finetune_000253,ErH2C5O6,95,O,-3.9648520946502686,5.638617038726807,2.110166549682617,1.0,True
3,finetune_000253_v00,finetune_000253,ErH2C5O6,96,O,1.5604233741760254,3.970484972000122,-0.8547305464744568,1.0,True
3,finetune_000253_v00,finetune_000253,ErH2C5O6,97,O,-0.8295944333076477,5.168720722198486,-0.9099250435829163,1.0,True
3,finetune_000253_v00,finetune_000253,ErH2C5O6,98,Er,3.4316864013671875,2.0282464027404785,-6.0931596755981445,1.0,True
3,finetune_000253_v00,finetune_000253,ErH2C5O6,99,Er,4.477342128753662,3.845179319381714,2.241281270980835,0.9599919585432329,True
3,finetune_000253_v00,finetune_000253,ErH2C5O6,100,H,5.708505153656006,0.8221789002418518,0.28536662459373474,0.9599425917746771,False
3,finetune_000253_v00,finetune_000253,ErH2C5O6,101,C,7.222301959991455,2.0360779762268066,1.090881109237671,1.0,True
3,finetune_000253_v00,finetune_000253,ErH2C5O6,102,C,6.614315986633301,0.8065156936645508,0.4996213912963867,1.0,True
3,finetune_000253_v00,finetune_000253,ErH2C5O6,103,C,6.6344780921936035,-1.5664613246917725,-0.13638566434383392,1.0,True
3,finetune_000253_v00,finetune_000253,ErH2C5O6,104,C,7.269506931304932,-0.289909303188324,0.2755964994430542,1.0,True
3,finetune_000253_v00,finetune_000253,ErH2C5O6,105,C,3.2877116203308105,3.3204615116119385,5.172560691833496,0.959974173932398,True
3,finetune_000253_v00,finetune_000253,ErH2C5O6,106,C,4.621316909790039,2.552963972091675,5.172560691833496,1.0,True
3,finetune_000253_v00,finetune_000253,ErH2C5O6,107,O,5.237462520599365,0.8378421068191528,-5.401993274688721,1.0,True
3,finetune_000253_v00,finetune_000253,ErH2C5O6,108,O,2.649080514907837,3.343956470489502,6.243769645690918,1.0,True
3,finetune_000253_v00,finetune_000253,ErH2C5O6,109,O,6.413825035095215,2.8818914890289307,1.5501151084899902,1.0,True
3,finetune_000253_v00,finetune_000253,ErH2C5O6,110,O,2.946551561355591,3.86084246635437,4.101352214813232,0.959992808071155,True
3,finetune_000253_v00,finetune_000253,ErH2C5O6,111,O,7.3302764892578125,-2.608065128326416,0.0046679796651005745,1.0,True
3,finetune_000253_v00,finetune_000253,ErH2C5O6,112,O,5.336569309234619,2.6626064777374268,4.156546592712402,1.0,True
3,finetune_000253_v00,finetune_000253,ErH2C5O6,113,O,3.604954242706299,1.6053396463394165,2.2108154296875,1.0,True
3,finetune_000253_v00,finetune_000253,ErH2C5O6,114,C,2.0839385986328125,6.265145778656006,1.4869831800460815,1.0,True
3,finetune_000253_v00,finetune_000253,ErH2C5O6,115,O,2.7797372341156006,5.223542213439941,1.6280367374420166,1.0,True
3,finetune_000159_v00,finetune_000159,Ho(CO2)4,0,C,-4.788256645202637,-6.322839260101318,0.7747468948364258,0.9599270833517928,True
3,finetune_000159_v00,finetune_000159,Ho(CO2)4,1,C,-5.348786354064941,0.22238461673259735,-5.849793434143066,0.9599781221133218,True
3,finetune_000159_v00,finetune_000159,Ho(CO2)4,2,Ho,-6.792863845825195,0.36115261912345886,-2.9908056259155273,0.9598228695880962,False
3,finetune_000159_v00,finetune_000159,Ho(CO2)4,3,C,-6.621854782104492,3.529688596725464,-2.5166242122650146,0.9600289341602453,True
3,finetune_000159_v00,finetune_000159,Ho(CO2)4,4,C,-6.659856796264648,-2.749563455581665,-2.400517225265503,0.9600122042935573,True
3,finetune_000159_v00,finetune_000159,Ho(CO2)4,5,C,-4.788256645202637,5.2411603927612305,0.7747468948364258,0.9598271278152054,True
3,finetune_000159_v00,finetune_000159,Ho(CO2)4,6,O,-6.061324596405029,2.662388563156128,-3.241712808609009,0.9598795239629467,True
3,finetune_000159_v00,finetune_000159,Ho(CO2)4,7,O,-6.042323589324951,-1.882263422012329,-3.061300754547119,0.9600280017136248,True
3,finetune_000159_v00,finetune_000159,Ho(CO2)4,8,O,-5.728806972503662,4.709216594696045,0.14173263311386108,0.9600204692728924,True
3,finetune_000159_v00,finetune_000159,Ho(CO2)4,9,O,-7.799917697906494,-1.0149633884429932,-1.2652713060379028,0.9600795859234205,True
3,finetune_000159_v00,finetune_000159,Ho(CO2)4,10,O,-5.0637712478637695,0.11830861866474152,5.172105312347412,0.9201054780736239,True
3,finetune_000159_v00,finetune_000159,Ho(CO2)4,11,O,-5.586299419403076,-4.195063591003418,0.07014364749193192,0.9600897921276998,True
3,finetune_000159_v00,finetune_000159,Ho(CO2)4,12,Ho,-2.042609453201294,-5.698383331298828,2.3679280281066895,0.9598253435813898,True
3,finetune_000159_v00,finetune_000159,Ho(CO2)4,13,C,4.712252616882324,-6.322839260101318,-0.7367855906486511,0.959947233910727,True
3,finetune_000159_v00,finetune_000159,Ho(CO2)4,14,O,3.7717020511627197,-6.854783535003662,-1.3697998523712158,0.9599852773466998,True
3,finetune_000159_v00,finetune_000159,Ho(CO2)4,15,O,-1.7290925979614258,-5.686819553375244,0.006766439415514469,0.960065617047171,True
3,finetune_000159_v00,finetune_000159,Ho(CO2)4,16,O,0.3135167956352234,-5.663691520690918,1.699571967124939,0.9600802429414638,True
3,finetune_000159_v00,finetune_000159,Ho(CO2)4,17,C,0.03800203651189804,-0.5408393740653992,-6.1320695877075195,0.9600165726361756,True
3,finetune_000159_v00,finetune_000159,Ho(CO2)4,18,O,-0.8360447883605957,-1.142167329788208,-6.8001227378845215,0.9600028314369979,True
3,finetune_000159_v00,finetune_000159,Ho(CO2)4,19,O,-0.9785524010658264,1.5175526142120361,-6.728533744812012,0.9600883921594767,True
3,finetune_000159_v00,finetune_000159,Ho(CO2)4,20,O,3.0211617946624756,0.3495886027812958,-6.863499641418457,0.959993519872788,True
3,finetune_000159_v00,finetune_000159,Ho(CO2)4,21,Ho,2.7076449394226074,0.36115261912345886,-4.502338409423828,0.9598651836626185,True
3,finetune_000159_v00,finetune_000159,Ho(CO2)4,22,Ho,2.042609453201294,-5.420847415924072,-2.3665170669555664,0.9197366937807525,True
3,finetune_000159_v00,finetune_000159,Ho(CO2)4,23,Ho,-2.7076449394226074,0.08361661434173584,4.503749370574951,0.9598577120595845,True
3,finetune_000159_v00,finetune_000159,Ho(CO2)4,24,Ho,-2.042609453201294,5.865616798400879,2.3679280281066895,0.9598271278152054,True
3,finetune_000159_v00,finetune_000159,Ho(CO2)4,25,C,1.9096022844314575,3.0324366092681885,-2.956805467605591,1.0,True
3,finetune_000159_v00,finetune_000159,Ho(CO2)4,26,C,0.03800203651189804,-0.5408393740653992,6.096930503845215,0.959993519872788,True
3,finetune_000159_v00,finetune_000159,Ho(CO2)4,27,C,2.8786542415618896,3.529688596725464,-4.028156757354736,1.0,True
3,finetune_000159_v00,finetune_000159,Ho(CO2)4,28,C,-4.151722431182861,0.22238461673259735,-4.866262912750244,0.9599852773466998,True
3,finetune_000159_v00,finetune_000159,Ho(CO2)4,29,C,2.8406522274017334,-2.749563455581665,-3.9120497703552246,1.0,True
3,finetune_000159_v00,finetune_000159,Ho(CO2)4,30,C,4.712252616882324,5.2411603927612305,-0.7367855906486511,1.0,True
3,finetune_000159_v00,finetune_000159,Ho(CO2)4,31,C,1.8716002702713013,-2.2523114681243896,-2.840698480606079,1.0,True
3,finetune_000159_v00,finetune_000159,Ho(CO2)4,32,C,-0.5985320806503296,-5.559615612030029,-0.49105992913246155,1.0,True
3,finetune_000159_v00,finetune_000159,Ho(CO2)4,33,C,-1.9096022844314575,-2.587667465209961,2.958216667175293,0.960017085914147,True
3,finetune_000159_v00,finetune_000159,Ho(CO2)4,34,C,-0.03800203651189804,0.9856086373329163,-6.095519542694092,1.0,True
3,finetune_000159_v00,finetune_000159,Ho(CO2)4,35,C,-2.8786542415618896,-3.0849194526672363,4.029567718505859,1.0,True
3,finetune_000159_v00,finetune_000159,Ho(CO2)4,36,C,4.151722431182861,0.22238461673259735,4.867673873901367,1.0,True
3,finetune_000159_v00,finetune_000159,Ho(CO2)4,37,C,-2.8406522274017334,3.1943325996398926,3.9134607315063477,0.9199299147887908,True
3,finetune_000159_v00,finetune_000159,Ho(CO2)4,38,C,-4.712252616882324,-4.796391487121582,0.7381966710090637,1.0,True
3,finetune_000159_v00,finetune_000159,Ho(CO2)4,39,C,-1.8716002702713013,2.697080612182617,2.842109441757202,0.9600280017136248,True
3,finetune_000159_v00,finetune_000159,Ho(CO2)4,40,C,0.5985320806503296,-5.559615612030029,0.49247097969055176,1.0,True
3,finetune_000159_v00,finetune_000159,Ho(CO2)4,41,O,1.7955962419509888,1.7835246324539185,-2.828606128692627,1.0,True
3,finetune_000159_v00,finetune_000159,Ho(CO2)4,42,O,1.2920691967010498,3.8997366428375244,-2.2960219383239746,0.9600165726361756,True
3,finetune_000159_v00,finetune_000159,Ho(CO2)4,43,O,0.9785524010658264,-1.072783350944519,-5.4990553855896,1.0,True
3,finetune_000159_v00,finetune_000159,Ho(CO2)4,44,O,-0.8360447883605957,-1.142167329788208,5.428877353668213,1.0,True
3,finetune_000159_v00,finetune_000159,Ho(CO2)4,45,O,3.0496633052825928,4.767036437988281,-4.104280471801758,1.0,True
3,finetune_000159_v00,finetune_000159,Ho(CO2)4,46,O,3.4391841888427734,2.662388563156128,-4.7532453536987305,1.0,True
3,finetune_000159_v00,finetune_000159,Ho(CO2)4,47,O,-3.0211617946624756,0.09518061578273773,-5.364089012145996,1.0,True
3,finetune_000159_v00,finetune_000159,Ho(CO2)4,48,O,-4.436737537384033,0.3264606297016144,-3.6591618061065674,1.0,True
3,finetune_000159_v00,finetune_000159,Ho(CO2)4,49,O,2.954658269882202,-3.9984753131866455,-4.052478313446045,0.9600795859234205,True
3,finetune_000159_v00,finetune_000159,Ho(CO2)4,50,O,3.4581851959228516,-1.882263422012329,-4.57283353805542,1.0,True
3,finetune_000159_v00,finetune_000159,Ho(CO2)4,51,O,3.7717020511627197,4.709216594696045,-1.3697998523712158,0.9598651836626185,True
3,finetune_000159_v00,finetune_000159,Ho(CO2)4,52,O,-3.9142096042633057,4.639832496643066,1.4427999258041382,1.0,True
3,finetune_000159_v00,finetune_000159,Ho(CO2)4,53,O,1.7005910873413086,-1.0149633884429932,-2.776803731918335,1.0,True
3,finetune_000159_v00,finetune_000159,Ho(CO2)4,54,O,1.311070203781128,-3.1196115016937256,-2.115609884262085,1.0,True
3,finetune_000159_v00,finetune_000159,Ho(CO2)4,55,O,-1.7290925979614258,5.877180576324463,0.006766439415514469,0.9600802429414638,True
3,finetune_000159_v00,finetune_000159,Ho(CO2)4,56,O,-0.3135167956352234,-5.455539226531982,-1.7103898525238037,1.0,True
3,finetune_000159_v00,finetune_000159,Ho(CO2)4,57,O,-1.7955962419509888,-1.3387553691864014,2.83001708984375,0.9600289341602453,True
3,finetune_000159_v00,finetune_000159,Ho(CO2)4,58,O,-1.2920691967010498,-3.454967498779297,2.2974328994750977,1.0,True
3,finetune_000159_v00,finetune_000159,Ho(CO2)4,59,O,-0.9785524010658264,1.5175526142120361,5.500466346740723,1.0,True
3,finetune_000159_v00,finetune_000159,Ho(CO2)4,60,O,0.8360447883605957,1.586936593055725,-5.42746639251709,1.0,True
3,finetune_000159_v00,finetune_000159,Ho(CO2)4,61,O,-3.0496633052825928,-4.322267532348633,4.0934624671936035,1.0,True
3,finetune_000159_v00,finetune_000159,Ho(CO2)4,62,O,-3.4391841888427734,-2.2176194190979004,4.7546563148498535,0.9600122042935573,True
3,finetune_000159_v00,finetune_000159,Ho(CO2)4,63,O,3.0211617946624756,0.3495886027812958,5.365499973297119,1.0,True
3,finetune_000159_v00,finetune_000159,Ho(CO2)4,64,O,4.436737537384033,0.11830861866474152,3.6605727672576904,1.0,True
3,finetune_000159_v00,finetune_000159,Ho(CO2)4,65,O,-2.954658269882202,4.443244457244873,4.041660308837891,0.9599781221133218,True
3,finetune_000159_v00,finetune_000159,Ho(CO2)4,66,O,-3.4581851959228516,2.3270325660705566,4.574244499206543,0.960065617047171,True
3,finetune_000159_v00,finetune_000159,Ho(CO2)4,67,O,-3.7717020511627197,-4.264447212219238,1.3712109327316284,1.0,True
3,finetune_000159_v00,finetune_000159,Ho(CO2)4,68,O,3.9142096042633057,-4.195063591003418,-1.4413888454437256,1.0,True
3,finetune_000159_v00,finetune_000159,Ho(CO2)4,69,O,-1.7005910873413086,1.4597326517105103,2.778214931488037,1.0,True
3,finetune_000159_v00,finetune_000159,Ho(CO2)4,70,O,-1.311070203781128,3.564380645751953,2.117021083831787,0.9607041032901494,True
3,finetune_000159_v00,finetune_000159,Ho(CO2)4,71,O,1.7290925979614258,-5.432411193847656,-0.005355400964617729,1.0,True
3,finetune_000159_v00,finetune_000159,Ho(CO2)4,72,O,0.3135167956352234,5.900308609008789,1.699571967124939,0.9600897921276998,True
3,finetune_000159_v00,finetune_000159,Ho(CO2)4,73,C,-0.03800203651189804,0.9856086373329163,6.133480548858643,1.0,True
3,finetune_000159_v00,finetune_000159,Ho(CO2)4,74,O,0.9785524010658264,-1.072783350944519,6.729944705963135,1.0,True
3,finetune_000159_v00,finetune_000159,Ho(CO2)4,75,O,-3.0211617946624756,0.09518061578273773,6.864911079406738,1.0,True
3,finetune_000159_v00,finetune_000159,Ho(CO2)4,76,O,0.8360447883605957,1.586936593055725,6.8015336990356445,1.0,True
3,finetune_000159_v00,finetune_000159,Ho(CO2)4,77,Ho,2.042609453201294,6.143152713775635,-2.3665170669555664,1.0,True
3,finetune_000159_v00,finetune_000159,Ho(CO2)4,78,C,-0.5985320806503296,6.004384517669678,-0.49105992913246155,1.0,True
3,finetune_000159_v00,finetune_000159,Ho(CO2)4,79,C,0.5985320806503296,6.004384517669678,0.49247097969055176,0.9198458128542822,True
3,finetune_000159_v00,finetune_000159,Ho(CO2)4,80,O,-0.3135167956352234,6.108460426330566,-1.7103898525238037,0.9598577120595845,True
3,finetune_000159_v00,finetune_000159,Ho(CO2)4,81,O,1.7290925979614258,6.131588459014893,-0.005355400964617729,1.0,True
3,finetune_000159_v00,finetune_000159,Ho(CO2)4,82,Ho,6.792863845825195,0.08361661434173584,2.9922168254852295,0.9598571698178057,True
3,finetune_000159_v00,finetune_000159,Ho(CO2)4,83,C,6.621854782104492,-3.0849194526672363,2.518035411834717,0.9598228695880962,False
3,finetune_000159_v00,finetune_000159,Ho(CO2)4,84,C,6.659856796264648,3.1943325996398926,2.401928186416626,0.959947233910727,True
3,finetune_000159_v00,finetune_000159,Ho(CO2)4,85,C,4.788256645202637,-4.796391487121582,-0.773335874080658,1.0,True
3,finetune_000159_v00,finetune_000159,Ho(CO2)4,86,O,5.0637712478637695,0.3264606297016144,-5.170694351196289,1.0,True
3,finetune_000159_v00,finetune_000159,Ho(CO2)4,87,O,5.586299419403076,4.639832496643066,-0.0687326043844223,1.0,True
3,finetune_000159_v00,finetune_000159,Ho(CO2)4,88,O,7.7049126625061035,-1.3387553691864014,1.3184846639633179,1.0,True
3,finetune_000159_v00,finetune_000159,Ho(CO2)4,89,O,6.061324596405029,-2.2176194190979004,3.243123769760132,1.0,True
3,finetune_000159_v00,finetune_000159,Ho(CO2)4,90,O,6.042323589324951,2.3270325660705566,3.062711715698242,1.0,True
3,finetune_000159_v00,finetune_000159,Ho(CO2)4,91,O,5.728806972503662,-4.264447212219238,-0.14032159745693207,1.0,True
3,finetune_000159_v00,finetune_000159,Ho(CO2)4,92,C,5.348786354064941,0.22238461673259735,5.851204872131348,1.0,True
3,finetune_000028_v00,finetune_000028,CuHC4O3,0,Cu,-2.7883360385894775,-3.0769548416137695,3.314936876296997,0.9600235117017846,True
3,finetune_000028_v00,finetune_000028,CuHC4O3,1,Cu,-4.573533535003662,-2.417556047439575,5.63763427734375,0.9599963905896802,True
3,finetune_000028_v00,finetune_000028,CuHC4O3,2,Cu,-5.554505348205566,0.9699435234069824,-2.6067137718200684,0.9600179659821979,True
3,finetune_000028_v00,finetune_000028,CuHC4O3,3,H,-5.355808258056641,0.8147908449172974,0.9080972671508789,0.9599381490306305,True
3,finetune_000028_v00,finetune_000028,CuHC4O3,4,H,-7.06347131729126,-0.8143119812011719,0.8305251002311707,0.9599438914521475,True
3,finetune_000028_v00,finetune_000028,CuHC4O3,5,C,-4.635576248168945,-0.9953234195709229,2.6162619590759277,0.959953851138623,True
3,finetune_000028_v00,finetune_000028,CuHC4O3,6,C,-4.393350124359131,0.5562031269073486,0.6527774333953857,0.9599409781117973,True
3,finetune_000028_v00,finetune_000028,CuHC4O3,7,C,-3.865579605102539,-0.37471282482147217,1.5135425329208374,0.9599327081924309,False
3,finetune_000028_v00,finetune_000028,CuHC4O3,8,C,-7.783703327178955,0.9958022832870483,-0.877639651298523,0.959942989403267,True
3,finetune_000028_v00,finetune_000028,CuHC4O3,9,C,-3.694772243499756,0.9052965641021729,-0.5077864527702332,0.91995080712989,True
3,finetune_000028_v00,finetune_000028,CuHC4O3,10,C,-4.154262542724609,1.189743161201477,-5.086567401885986,0.9599538162296618,True
3,finetune_000028_v00,finetune_000028,CuHC4O3,11,C,-5.2036824226379395,0.6467088460922241,-5.994935512542725,0.9599962364974735,True
3,finetune_000028_v00,finetune_000028,CuHC4O3,12,C,-5.942476272583008,4.266937255859375,-2.816178798675537,0.919944590876395,True
3,finetune_000028_v00,finetune_000028,CuHC4O3,13,O,-5.601121425628662,-0.2583483159542084,2.9850826263427734,0.9199587062319351,True
3,finetune_000028_v00,finetune_000028,CuHC4O3,14,O,-4.3655009269714355,-1.9908863306045532,3.2643587589263916,0.9599618591064618,True
3,finetune_000028_v00,finetune_000028,CuHC4O3,15,O,-2.9869906902313232,-1.7581573724746704,6.614034652709961,0.9599902198802984,True
3,finetune_000028_v00,finetune_000028,CuHC4O3,16,O,-3.620435953140259,-3.9302945137023926,4.953970909118652,0.959958235104218,True
3,finetune_000028_v00,finetune_000028,CuHC4O3,17,O,-6.818158149719238,0.25882717967033386,-1.2464603185653687,0.9599913004640374,True
3,finetune_000028_v00,finetune_000028,CuHC4O3,18,O,-4.306370258331299,1.8491419553756714,-1.2739055156707764,0.9599759913110922,True
3,finetune_000028_v00,finetune_000028,CuHC4O3,19,O,-4.163573265075684,1.2802488803863525,-3.8868002891540527,0.9207013949035414,True
3,finetune_000028_v00,finetune_000028,CuHC4O3,20,O,-6.802618503570557,0.685496985912323,-4.029967308044434,0.959985589732962,True
3,finetune_000028_v00,finetune_000028,CuHC4O3,21,O,-4.84028959274292,4.435019493103027,-2.2091636657714844,0.9599536049850422,True
3,finetune_000028_v00,finetune_000028,CuHC4O3,22,O,-6.187789440155029,3.193798303604126,-3.3170182704925537,0.9599856550235076,True
3,finetune_000028_v00,finetune_000028,CuHC4O3,23,H,-0.829383134841919,-6.735971927642822,3.093454599380493,0.9599640912784784,True
3,finetune_000028_v00,finetune_000028,CuHC4O3,24,C,0.19517990946769714,-6.710113048553467,3.2364704608917236,0.9599583025277348,True
3,finetune_000028_v00,finetune_000028,CuHC4O3,25,Cu,3.421131134033203,-3.0769548416137695,2.445789337158203,1.0,True
3,finetune_000028_v00,finetune_000028,CuHC4O3,26,Cu,-0.6553068161010742,-0.9694646596908569,3.4761886596679688,1.0,True
3,finetune_000028_v00,finetune_000028,CuHC4O3,27,Cu,1.635933518409729,-2.417556047439575,4.768486976623535,1.0,True
3,finetune_000028_v00,finetune_000028,CuHC4O3,28,Cu,-3.421476125717163,3.0774338245391846,-2.4454619884490967,1.0,True
3,finetune_000028_v00,finetune_000028,CuHC4O3,29,Cu,0.6549618244171143,0.9699435234069824,-3.4758613109588623,1.0,True
3,finetune_000028_v00,finetune_000028,CuHC4O3,30,Cu,-1.636278510093689,2.4180350303649902,-4.76815938949585,0.9599962364974735,True
3,finetune_000028_v00,finetune_000028,CuHC4O3,31,H,0.8536590933799744,0.8147908449172974,0.038949836045503616,1.0,True
3,finetune_000028_v00,finetune_000028,CuHC4O3,32,H,-2.185924768447876,-0.5427948832511902,-6.598250389099121,1.0,True
3,finetune_000028_v00,finetune_000028,CuHC4O3,33,H,-0.8540040254592896,-0.8143119812011719,-0.038622379302978516,1.0,True
3,finetune_000028_v00,finetune_000028,CuHC4O3,34,H,2.185579776763916,0.5432737469673157,6.598577976226807,1.0,True
3,finetune_000028_v00,finetune_000028,CuHC4O3,35,C,1.5738909244537354,-0.9953234195709229,1.7471145391464233,0.9599381490306305,True
3,finetune_000028_v00,finetune_000028,CuHC4O3,36,C,1.8161170482635498,0.5562031269073486,-0.21637004613876343,1.0,True
3,finetune_000028_v00,finetune_000028,CuHC4O3,37,C,2.3438875675201416,-0.37471282482147217,0.644395112991333,1.0,True
3,finetune_000028_v00,finetune_000028,CuHC4O3,38,C,-2.5150399208068848,-0.9048177003860474,1.3772614002227783,1.0,True
3,finetune_000028_v00,finetune_000028,CuHC4O3,39,C,-2.0555496215820312,-1.1892642974853516,5.956042289733887,1.0,True
3,finetune_000028_v00,finetune_000028,CuHC4O3,40,C,-1.2296583652496338,-0.3100658655166626,-6.912997722625732,1.0,True
3,finetune_000028_v00,finetune_000028,CuHC4O3,41,C,-1.0061298608779907,-0.6462299823760986,6.864410400390625,1.0,True
3,finetune_000028_v00,finetune_000028,CuHC4O3,42,C,0.26992371678352356,-0.4264303743839264,6.195865154266357,0.9599684863516367,True
3,finetune_000028_v00,finetune_000028,CuHC4O3,43,C,-0.2673358619213104,-4.266458511352539,3.6856536865234375,0.9599409781117973,True
3,finetune_000028_v00,finetune_000028,CuHC4O3,44,C,-2.9090800285339355,6.219274997711182,-3.866354465484619,1.0,True
3,finetune_000028_v00,finetune_000028,CuHC4O3,45,C,0.6360985040664673,-5.443032741546631,3.521496057510376,1.0,True
3,finetune_000028_v00,finetune_000028,CuHC4O3,46,C,2.039449453353882,-5.13272762298584,3.7622461318969727,0.9599438914521475,True
3,finetune_000028_v00,finetune_000028,CuHC4O3,47,C,-1.5742359161376953,0.9958022832870483,-1.7467870712280273,1.0,True
3,finetune_000028_v00,finetune_000028,CuHC4O3,48,C,-1.8164620399475098,-0.5557242631912231,0.21669749915599823,1.0,True
3,finetune_000028_v00,finetune_000028,CuHC4O3,49,C,-2.3442325592041016,0.37519168853759766,-0.644067645072937,1.0,True
3,finetune_000028_v00,finetune_000028,CuHC4O3,50,C,2.514694929122925,0.9052965641021729,-1.3769339323043823,1.0,True
3,finetune_000028_v00,finetune_000028,CuHC4O3,51,C,2.0552046298980713,1.189743161201477,-5.955714702606201,1.0,True
3,finetune_000028_v00,finetune_000028,CuHC4O3,52,C,1.2293133735656738,0.3105447292327881,6.898250102996826,1.0,True
3,finetune_000028_v00,finetune_000028,CuHC4O3,53,C,1.0057848691940308,0.6467088460922241,-6.864083290100098,1.0,True
3,finetune_000028_v00,finetune_000028,CuHC4O3,54,C,-0.27026867866516113,0.4269092381000519,-6.195537567138672,0.9199048485097289,True
3,finetune_000028_v00,finetune_000028,CuHC4O3,55,C,0.26699092984199524,4.266937255859375,-3.685326099395752,1.0,True
3,finetune_000028_v00,finetune_000028,CuHC4O3,56,C,2.911839246749878,-6.231725692749023,3.8737847805023193,1.0,True
3,finetune_000028_v00,finetune_000028,CuHC4O3,57,C,-0.6364434361457825,5.443511962890625,-3.5211684703826904,1.0,True
3,finetune_000028_v00,finetune_000028,CuHC4O3,58,C,-2.0335848331451416,5.133206367492676,-3.7627878189086914,1.0,True
3,finetune_000028_v00,finetune_000028,CuHC4O3,59,O,0.6083458065986633,-0.2583483159542084,2.1159353256225586,0.9599913004640374,True
3,finetune_000028_v00,finetune_000028,CuHC4O3,60,O,1.8439663648605347,-1.9908863306045532,2.3952112197875977,1.0,True
3,finetune_000028_v00,finetune_000028,CuHC4O3,61,O,-1.9034419059753418,-1.848663091659546,2.1433804035186768,0.9599583025277348,True
3,finetune_000028_v00,finetune_000028,CuHC4O3,62,O,3.2224764823913574,-1.7581573724746704,5.744887351989746,1.0,True
3,finetune_000028_v00,finetune_000028,CuHC4O3,63,O,-2.046238899230957,-1.279770016670227,4.756275177001953,1.0,True
3,finetune_000028_v00,finetune_000028,CuHC4O3,64,O,0.5928065180778503,-0.6850181221961975,4.899442195892334,1.0,True
3,finetune_000028_v00,finetune_000028,CuHC4O3,65,O,-1.3695224523544312,-4.434540748596191,3.0786385536193848,0.9599538162296618,True
3,finetune_000028_v00,finetune_000028,CuHC4O3,66,O,-0.022022604942321777,-3.193319320678711,4.186493396759033,1.0,True
3,finetune_000028_v00,finetune_000028,CuHC4O3,67,O,2.589031457901001,-3.9302945137023926,4.0848236083984375,1.0,True
3,finetune_000028_v00,finetune_000028,CuHC4O3,68,O,-0.6086907982826233,0.25882717967033386,-2.115607738494873,1.0,True
3,finetune_000028_v00,finetune_000028,CuHC4O3,69,O,-1.844311237335205,1.9913651943206787,-2.394883871078491,0.9200414776839827,True
3,finetune_000028_v00,finetune_000028,CuHC4O3,70,O,1.9030969142913818,1.8491419553756714,-2.1430530548095703,1.0,True
3,finetune_000028_v00,finetune_000028,CuHC4O3,71,O,-3.2228214740753174,1.758636236190796,-5.7445597648620605,0.9599856550235076,True
3,finetune_000028_v00,finetune_000028,CuHC4O3,72,O,2.045893907546997,1.2802488803863525,-4.755948066711426,1.0,True
3,finetune_000028_v00,finetune_000028,CuHC4O3,73,O,-0.5931515097618103,0.685496985912323,-4.899114608764648,0.959953851138623,True
3,finetune_000028_v00,finetune_000028,CuHC4O3,74,O,1.3691774606704712,4.435019493103027,-3.078310966491699,1.0,True
3,finetune_000028_v00,finetune_000028,CuHC4O3,75,O,0.02167765237390995,3.193798303604126,-4.186165809631348,0.9599640912784784,True
3,finetune_000028_v00,finetune_000028,CuHC4O3,76,O,-2.589376211166382,3.9307732582092285,-4.084496021270752,1.0,True
3,finetune_000028_v00,finetune_000028,CuHC4O3,77,H,0.829038143157959,6.736450672149658,-3.0931272506713867,1.0,True
3,finetune_000028_v00,finetune_000028,CuHC4O3,78,C,-0.1924206018447876,6.697662353515625,-3.2290401458740234,1.0,True
3,finetune_000028_v00,finetune_000028,CuHC4O3,79,Cu,5.5541605949401855,-0.9694646596908569,2.607041120529175,0.9599863557721771,True
3,finetune_000028_v00,finetune_000028,CuHC4O3,80,Cu,2.7879910469055176,3.0774338245391846,-3.3146092891693115,1.0,True
3,finetune_000028_v00,finetune_000028,CuHC4O3,81,Cu,4.573188781738281,2.4180350303649902,-5.6373066902160645,1.0,True
3,finetune_000028_v00,finetune_000028,CuHC4O3,82,H,7.063126087188721,0.8147908449172974,-0.8301976323127747,0.9599327081924309,False
3,finetune_000028_v00,finetune_000028,CuHC4O3,83,H,5.355463027954102,-0.8143119812011719,-0.9077698588371277,1.0,True
3,finetune_000028_v00,finetune_000028,CuHC4O3,84,C,7.783358097076416,-0.9953234195709229,0.8779670596122742,1.0,True
3,finetune_000028_v00,finetune_000028,CuHC4O3,85,C,3.694427251815796,-0.9048177003860474,0.5081139206886292,1.0,True
3,finetune_000028_v00,finetune_000028,CuHC4O3,86,C,4.15391731262207,-1.1892642974853516,5.086894989013672,1.0,True
3,finetune_000028_v00,finetune_000028,CuHC4O3,87,C,5.2033371925354,-0.6462299823760986,5.99526309967041,0.9599536049850422,True
3,finetune_000028_v00,finetune_000028,CuHC4O3,88,C,5.942131519317627,-4.266458511352539,2.8165061473846436,1.0,True
3,finetune_000028_v00,finetune_000028,CuHC4O3,89,C,4.635231018066406,0.9958022832870483,-2.6159346103668213,1.0,True
3,finetune_000028_v00,finetune_000028,CuHC4O3,90,C,4.39300537109375,-0.5557242631912231,-0.6524499654769897,1.0,True
3,finetune_000028_v00,finetune_000028,CuHC4O3,91,C,3.865234613418579,0.37519168853759766,-1.513215184211731,1.0,True
3,finetune_000028_v00,finetune_000028,CuHC4O3,92,O,6.817812919616699,-0.2583483159542084,1.2467877864837646,1.0,True
3,finetune_000028_v00,finetune_000028,CuHC4O3,93,O,4.306025505065918,-1.848663091659546,1.2742329835891724,1.0,True
3,finetune_000028_v00,finetune_000028,CuHC4O3,94,O,4.163228511810303,-1.279770016670227,3.8871278762817383,1.0,True
3,finetune_000028_v00,finetune_000028,CuHC4O3,95,O,6.802273750305176,-0.6850181221961975,4.030294895172119,1.0,True
3,finetune_000028_v00,finetune_000028,CuHC4O3,96,O,4.839944839477539,-4.434540748596191,2.209491014480591,1.0,True
3,finetune_000028_v00,finetune_000028,CuHC4O3,97,O,6.187444686889648,-3.193319320678711,3.3173458576202393,1.0,True
3,finetune_000028_v00,finetune_000028,CuHC4O3,98,O,5.600776195526123,0.25882717967033386,-2.984755277633667,1.0,True
3,finetune_000028_v00,finetune_000028,CuHC4O3,99,O,4.3651556968688965,1.9913651943206787,-3.264031410217285,1.0,True
3,finetune_000028_v00,finetune_000028,CuHC4O3,100,O,2.9866456985473633,1.758636236190796,-6.613707542419434,1.0,True
3,finetune_000028_v00,finetune_000028,CuHC4O3,101,O,3.620090961456299,3.9307732582092285,-4.953643321990967,0.9199400062731717,True
3,finetune_000260_v00,finetune_000260,CuHC4O3,0,Cu,-2.7883360385894775,-3.0769548416137695,3.314936876296997,0.9600022715414479,True
3,finetune_000260_v00,finetune_000260,CuHC4O3,1,Cu,-4.573533535003662,-2.417556047439575,5.63763427734375,0.9200431578688117,True
3,finetune_000260_v00,finetune_000260,CuHC4O3,2,Cu,-5.554505348205566,0.9699435234069824,-2.6067137718200684,0.9600199079859314,True
3,finetune_000260_v00,finetune_000260,CuHC4O3,3,H,-5.355808258056641,0.8147908449172974,0.9080972671508789,0.9599712737351571,True
3,finetune_000260_v00,finetune_000260,CuHC4O3,4,H,-7.06347131729126,-0.8143119812011719,0.8305251002311707,0.9599328414445256,False
3,finetune_000260_v00,finetune_000260,CuHC4O3,5,C,-4.635576248168945,-0.9953234195709229,2.6162619590759277,0.9599462384358162,True
3,finetune_000260_v00,finetune_000260,CuHC4O3,6,C,-4.393350124359131,0.5562031269073486,0.6527774333953857,0.9206652914696001,True
3,finetune_000260_v00,finetune_000260,CuHC4O3,7,C,-3.865579605102539,-0.37471282482147217,1.5135425329208374,0.9599607157881606,True
3,finetune_000260_v00,finetune_000260,CuHC4O3,8,C,-7.783703327178955,0.9958022832870483,-0.877639651298523,0.919894991472198,True
3,finetune_000260_v00,finetune_000260,CuHC4O3,9,C,-3.694772243499756,0.9052965641021729,-0.5077864527702332,0.9599462893170381,True
3,finetune_000260_v00,finetune_000260,CuHC4O3,10,C,-4.154262542724609,1.189743161201477,-5.086567401885986,0.9599464379316155,True
3,finetune_000260_v00,finetune_000260,CuHC4O3,11,C,-5.2036824226379395,0.6467088460922241,-5.994935512542725,0.9198973390915702,True
3,finetune_000260_v00,finetune_000260,CuHC4O3,12,C,-5.942476272583008,4.266937255859375,-2.816178798675537,0.9599496012322057,True
3,finetune_000260_v00,finetune_000260,CuHC4O3,13,O,-5.601121425628662,-0.2583483159542084,2.9850826263427734,0.9599871312976808,True
3,finetune_000260_v00,finetune_000260,CuHC4O3,14,O,-4.3655009269714355,-1.9908863306045532,3.2643587589263916,0.9199315946552498,True
3,finetune_000260_v00,finetune_000260,CuHC4O3,15,O,-2.9869906902313232,-1.7581573724746704,6.614034652709961,0.960042178950575,True
3,finetune_000260_v00,finetune_000260,CuHC4O3,16,O,-3.620435953140259,-3.9302945137023926,4.953970909118652,0.9599904908098725,True
3,finetune_000260_v00,finetune_000260,CuHC4O3,17,O,-6.818158149719238,0.25882717967033386,-1.2464603185653687,0.9599660997300814,True
3,finetune_000260_v00,finetune_000260,CuHC4O3,18,O,-4.306370258331299,1.8491419553756714,-1.2739055156707764,0.9599876521083647,True
3,finetune_000260_v00,finetune_000260,CuHC4O3,19,O,-4.163573265075684,1.2802488803863525,-3.8868002891540527,0.959984168331275,True
3,finetune_000260_v00,finetune_000260,CuHC4O3,20,O,-6.802618503570557,0.685496985912323,-4.029967308044434,0.9599531937917046,True
3,finetune_000260_v00,finetune_000260,CuHC4O3,21,O,-4.84028959274292,4.435019493103027,-2.2091636657714844,0.9199512838359833,True
3,finetune_000260_v00,finetune_000260,CuHC4O3,22,O,-6.187789440155029,3.193798303604126,-3.3170182704925537,0.9599684372492858,True
3,finetune_000260_v00,finetune_000260,CuHC4O3,23,H,-0.829383134841919,-6.735971927642822,3.093454599380493,0.9199178458073686,True
3,finetune_000260_v00,finetune_000260,CuHC4O3,24,C,0.19517990946769714,-6.710113048553467,3.2364704608917236,0.9599486429132387,True
3,finetune_000260_v00,finetune_000260,CuHC4O3,25,Cu,3.421131134033203,-3.0769548416137695,2.445789337158203,1.0,True
3,finetune_000260_v00,finetune_000260,CuHC4O3,26,Cu,-0.6553068161010742,-0.9694646596908569,3.4761886596679688,1.0,True
3,finetune_000260_v00,finetune_000260,CuHC4O3,27,Cu,1.635933518409729,-2.417556047439575,4.768486976623535,1.0,True
3,finetune_000260_v00,finetune_000260,CuHC4O3,28,Cu,-3.421476125717163,3.0774338245391846,-2.4454619884490967,1.0,True
3,finetune_000260_v00,finetune_000260,CuHC4O3,29,Cu,0.6549618244171143,0.9699435234069824,-3.4758613109588623,1.0,True
3,finetune_000260_v00,finetune_000260,CuHC4O3,30,Cu,-1.636278510093689,2.4180350303649902,-4.76815938949585,1.0,True
3,finetune_000260_v00,finetune_000260,CuHC4O3,31,H,0.8536590933799744,0.8147908449172974,0.038949836045503616,0.9599904908098725,True
3,finetune_000260_v00,finetune_000260,CuHC4O3,32,H,-2.185924768447876,-0.5427948832511902,-6.598250389099121,1.0,True
3,finetune_000260_v00,finetune_000260,CuHC4O3,33,H,-0.8540040254592896,-0.8143119812011719,-0.038622379302978516,1.0,True
3,finetune_000260_v00,finetune_000260,CuHC4O3,34,H,2.185579776763916,0.5432737469673157,6.598577976226807,1.0,True
3,finetune_000260_v00,finetune_000260,CuHC4O3,35,C,1.5738909244537354,-0.9953234195709229,1.7471145391464233,0.9199103909741188,True
3,finetune_000260_v00,finetune_000260,CuHC4O3,36,C,1.8161170482635498,0.5562031269073486,-0.21637004613876343,0.9599496012322057,True
3,finetune_000260_v00,finetune_000260,CuHC4O3,37,C,2.3438875675201416,-0.37471282482147217,0.644395112991333,0.9599462893170381,True
3,finetune_000260_v00,finetune_000260,CuHC4O3,38,C,-2.5150399208068848,-0.9048177003860474,1.3772614002227783,1.0,True
3,finetune_000260_v00,finetune_000260,CuHC4O3,39,C,-2.0555496215820312,-1.1892642974853516,5.956042289733887,1.0,True
3,finetune_000260_v00,finetune_000260,CuHC4O3,40,C,-1.2296583652496338,-0.3100658655166626,-6.912997722625732,0.9600022715414479,True
3,finetune_000260_v00,finetune_000260,CuHC4O3,41,C,-1.0061298608779907,-0.6462299823760986,6.864410400390625,1.0,True
3,finetune_000260_v00,finetune_000260,CuHC4O3,42,C,0.26992371678352356,-0.4264303743839264,6.195865154266357,1.0,True
3,finetune_000260_v00,finetune_000260,CuHC4O3,43,C,-0.2673358619213104,-4.266458511352539,3.6856536865234375,0.9599465720722113,True
3,finetune_000260_v00,finetune_000260,CuHC4O3,44,C,-2.9090800285339355,6.219274997711182,-3.866354465484619,1.0,True
3,finetune_000260_v00,finetune_000260,CuHC4O3,45,C,0.6360985040664673,-5.443032741546631,3.521496057510376,1.0,True
3,finetune_000260_v00,finetune_000260,CuHC4O3,46,C,2.039449453353882,-5.13272762298584,3.7622461318969727,0.9199345369793672,True
3,finetune_000260_v00,finetune_000260,CuHC4O3,47,C,-1.5742359161376953,0.9958022832870483,-1.7467870712280273,1.0,True
3,finetune_000260_v00,finetune_000260,CuHC4O3,48,C,-1.8164620399475098,-0.5557242631912231,0.21669749915599823,1.0,True
3,finetune_000260_v00,finetune_000260,CuHC4O3,49,C,-2.3442325592041016,0.37519168853759766,-0.644067645072937,1.0,True
3,finetune_000260_v00,finetune_000260,CuHC4O3,50,C,2.514694929122925,0.9052965641021729,-1.3769339323043823,1.0,True
3,finetune_000260_v00,finetune_000260,CuHC4O3,51,C,2.0552046298980713,1.189743161201477,-5.955714702606201,0.9199338203627625,False
3,finetune_000260_v00,finetune_000260,CuHC4O3,52,C,1.2293133735656738,0.3105447292327881,6.898250102996826,1.0,True
3,finetune_000260_v00,finetune_000260,CuHC4O3,53,C,1.0057848691940308,0.6467088460922241,-6.864083290100098,1.0,True
3,finetune_000260_v00,finetune_000260,CuHC4O3,54,C,-0.27026867866516113,0.4269092381000519,-6.195537567138672,1.0,True
3,finetune_000260_v00,finetune_000260,CuHC4O3,55,C,0.26699092984199524,4.266937255859375,-3.685326099395752,1.0,True
3,finetune_000260_v00,finetune_000260,CuHC4O3,56,C,2.911839246749878,-6.231725692749023,3.8737847805023193,1.0,True
3,finetune_000260_v00,finetune_000260,CuHC4O3,57,C,-0.6364434361457825,5.443511962890625,-3.5211684703826904,0.959970878867089,True
3,finetune_000260_v00,finetune_000260,CuHC4O3,58,C,-2.0335848331451416,5.133206367492676,-3.7627878189086914,1.0,True
3,finetune_000260_v00,finetune_000260,CuHC4O3,59,O,0.6083458065986633,-0.2583483159542084,2.1159353256225586,1.0,True
3,finetune_000260_v00,finetune_000260,CuHC4O3,60,O,1.8439663648605347,-1.9908863306045532,2.3952112197875977,1.0,True
3,finetune_000260_v00,finetune_000260,CuHC4O3,61,O,-1.9034419059753418,-1.848663091659546,2.1433804035186768,1.0,True
3,finetune_000260_v00,finetune_000260,CuHC4O3,62,O,3.2224764823913574,-1.7581573724746704,5.744887351989746,1.0,True
3,finetune_000260_v00,finetune_000260,CuHC4O3,63,O,-2.046238899230957,-1.279770016670227,4.756275177001953,1.0,True
3,finetune_000260_v00,finetune_000260,CuHC4O3,64,O,0.5928065180778503,-0.6850181221961975,4.899442195892334,1.0,True
3,finetune_000260_v00,finetune_000260,CuHC4O3,65,O,-1.3695224523544312,-4.434540748596191,3.0786385536193848,0.959984168331275,True
3,finetune_000260_v00,finetune_000260,CuHC4O3,66,O,-0.022022604942321777,-3.193319320678711,4.186493396759033,1.0,True
3,finetune_000260_v00,finetune_000260,CuHC4O3,67,O,2.589031457901001,-3.9302945137023926,4.0848236083984375,1.0,True
3,finetune_000260_v00,finetune_000260,CuHC4O3,68,O,-0.6086907982826233,0.25882717967033386,-2.115607738494873,1.0,True
3,finetune_000260_v00,finetune_000260,CuHC4O3,69,O,-1.844311237335205,1.9913651943206787,-2.394883871078491,1.0,True
3,finetune_000260_v00,finetune_000260,CuHC4O3,70,O,1.9030969142913818,1.8491419553756714,-2.1430530548095703,1.0,True
3,finetune_000260_v00,finetune_000260,CuHC4O3,71,O,-3.2228214740753174,1.758636236190796,-5.7445597648620605,1.0,True
3,finetune_000260_v00,finetune_000260,CuHC4O3,72,O,2.045893907546997,1.2802488803863525,-4.755948066711426,1.0,True
3,finetune_000260_v00,finetune_000260,CuHC4O3,73,O,-0.5931515097618103,0.685496985912323,-4.899114608764648,1.0,True
3,finetune_000260_v00,finetune_000260,CuHC4O3,74,O,1.3691774606704712,4.435019493103027,-3.078310966491699,1.0,True
3,finetune_000260_v00,finetune_000260,CuHC4O3,75,O,0.02167765237390995,3.193798303604126,-4.186165809631348,1.0,True
3,finetune_000260_v00,finetune_000260,CuHC4O3,76,O,-2.589376211166382,3.9307732582092285,-4.084496021270752,1.0,True
3,finetune_000260_v00,finetune_000260,CuHC4O3,77,H,0.829038143157959,6.736450672149658,-3.0931272506713867,1.0,True
3,finetune_000260_v00,finetune_000260,CuHC4O3,78,C,-0.1924206018447876,6.697662353515625,-3.2290401458740234,1.0,True
3,finetune_000260_v00,finetune_000260,CuHC4O3,79,Cu,5.5541605949401855,-0.9694646596908569,2.607041120529175,1.0,True
3,finetune_000260_v00,finetune_000260,CuHC4O3,80,Cu,2.7879910469055176,3.0774338245391846,-3.3146092891693115,1.0,True
3,finetune_000260_v00,finetune_000260,CuHC4O3,81,Cu,4.573188781738281,2.4180350303649902,-5.6373066902160645,1.0,True
3,finetune_000260_v00,finetune_000260,CuHC4O3,82,H,7.063126087188721,0.8147908449172974,-0.8301976323127747,1.0,True
3,finetune_000260_v00,finetune_000260,CuHC4O3,83,H,5.355463027954102,-0.8143119812011719,-0.9077698588371277,1.0,True
3,finetune_000260_v00,finetune_000260,CuHC4O3,84,C,7.783358097076416,-0.9953234195709229,0.8779670596122742,1.0,True
3,finetune_000260_v00,finetune_000260,CuHC4O3,85,C,3.694427251815796,-0.9048177003860474,0.5081139206886292,1.0,True
3,finetune_000260_v00,finetune_000260,CuHC4O3,86,C,4.15391731262207,-1.1892642974853516,5.086894989013672,1.0,True
3,finetune_000260_v00,finetune_000260,CuHC4O3,87,C,5.2033371925354,-0.6462299823760986,5.99526309967041,1.0,True
3,finetune_000260_v00,finetune_000260,CuHC4O3,88,C,5.942131519317627,-4.266458511352539,2.8165061473846436,1.0,True
3,finetune_000260_v00,finetune_000260,CuHC4O3,89,C,4.635231018066406,0.9958022832870483,-2.6159346103668213,0.9599531937917046,True
3,finetune_000260_v00,finetune_000260,CuHC4O3,90,C,4.39300537109375,-0.5557242631912231,-0.6524499654769897,0.9599486429132387,True
3,finetune_000260_v00,finetune_000260,CuHC4O3,91,C,3.865234613418579,0.37519168853759766,-1.513215184211731,1.0,True
3,finetune_000260_v00,finetune_000260,CuHC4O3,92,O,6.817812919616699,-0.2583483159542084,1.2467877864837646,1.0,True
3,finetune_000260_v00,finetune_000260,CuHC4O3,93,O,4.306025505065918,-1.848663091659546,1.2742329835891724,0.9600199079859314,True
3,finetune_000260_v00,finetune_000260,CuHC4O3,94,O,4.163228511810303,-1.279770016670227,3.8871278762817383,1.0,True
3,finetune_000260_v00,finetune_000260,CuHC4O3,95,O,6.802273750305176,-0.6850181221961975,4.030294895172119,1.0,True
3,finetune_000260_v00,finetune_000260,CuHC4O3,96,O,4.839944839477539,-4.434540748596191,2.209491014480591,1.0,True
3,finetune_000260_v00,finetune_000260,CuHC4O3,97,O,6.187444686889648,-3.193319320678711,3.3173458576202393,1.0,True
3,finetune_000260_v00,finetune_000260,CuHC4O3,98,O,5.600776195526123,0.25882717967033386,-2.984755277633667,0.9599876521083647,True
3,finetune_000260_v00,finetune_000260,CuHC4O3,99,O,4.3651556968688965,1.9913651943206787,-3.264031410217285,1.0,True
3,finetune_000260_v00,finetune_000260,CuHC4O3,100,O,2.9866456985473633,1.758636236190796,-6.613707542419434,1.0,True
3,finetune_000260_v00,finetune_000260,CuHC4O3,101,O,3.620090961456299,3.9307732582092285,-4.953643321990967,1.0,True
3,finetune_000112_v00,finetune_000112,FeH3(CO2)3,0,O,-5.162624835968018,-3.2683703899383545,-5.037230014801025,0.9599929046785529,True
3,finetune_000112_v00,finetune_000112,FeH3(CO2)3,1,Fe,-6.512849807739258,3.384807586669922,2.0815000534057617,0.9599751151205447,True
3,finetune_000112_v00,finetune_000112,FeH3(CO2)3,2,Fe,-6.724649906158447,-2.482192277908325,2.0815000534057617,0.9600031393020846,True
3,finetune_000112_v00,finetune_000112,FeH3(CO2)3,3,H,-5.083199977874756,-2.8694143295288086,-0.5661680102348328,0.9198899406520584,False
3,finetune_000112_v00,finetune_000112,FeH3(CO2)3,4,H,-5.083199977874756,-2.094970226287842,-3.596832036972046,0.959964759381018,True
3,finetune_000112_v00,finetune_000112,FeH3(CO2)3,5,H,-6.618750095367432,0.4513076841831207,1.7234820127487183,0.9599746791371522,True
3,finetune_000112_v00,finetune_000112,FeH3(CO2)3,6,C,-4.677249908447266,-2.1067042350769043,-0.19149799644947052,0.959931843144854,True
3,finetune_000112_v00,finetune_000112,FeH3(CO2)3,7,C,-4.677249908447266,-2.857680320739746,-3.9715020656585693,0.9599405545273667,True
3,finetune_000112_v00,finetune_000112,FeH3(CO2)3,8,C,-6.618750095367432,0.4513076841831207,2.655993938446045,0.9599379780849079,True
3,finetune_000112_v00,finetune_000112,FeH3(CO2)3,9,O,-5.144975185394287,2.539959669113159,0.7410140037536621,0.9599876647539564,True
3,finetune_000112_v00,finetune_000112,FeH3(CO2)3,10,O,-5.144975185394287,4.229655742645264,3.4219861030578613,0.9599932981370545,True
3,finetune_000112_v00,finetune_000112,FeH3(CO2)3,11,O,-5.162624835968018,-1.6960142850875854,0.8742300271987915,0.9599663402644755,True
3,finetune_000112_v00,finetune_000112,FeH3(CO2)3,12,O,-6.715825080871582,-0.6516883373260498,3.2304880619049072,0.9599570085695207,True
3,finetune_000112_v00,finetune_000112,FeH3(CO2)3,13,O,-5.162624835968018,-3.2683703899383545,3.2887699604034424,0.959965901799282,True
3,finetune_000112_v00,finetune_000112,FeH3(CO2)3,14,O,-6.521675109863281,1.5543036460876465,3.2304880619049072,0.9599618605347965,True
3,finetune_000112_v00,finetune_000112,FeH3(CO2)3,15,H,-5.083199977874756,-2.094970226287842,4.729167938232422,0.9599611559265531,True
3,finetune_000112_v00,finetune_000112,FeH3(CO2)3,16,C,-4.677249908447266,-2.857680320739746,4.354497909545898,0.9599649944295281,True
3,finetune_000112_v00,finetune_000112,FeH3(CO2)3,17,O,-2.109174966812134,-6.518688201904297,-0.9325119853019714,0.9599659668236752,True
3,finetune_000112_v00,finetune_000112,FeH3(CO2)3,18,O,2.3033249378204346,-6.518688201904297,0.9325119853019714,0.9599939872762572,True
3,finetune_000112_v00,finetune_000112,FeH3(CO2)3,19,Fe,2.312150001525879,3.384807586669922,-6.244500160217285,0.9599961625175436,True
3,finetune_000112_v00,finetune_000112,FeH3(CO2)3,20,Fe,2.1003499031066895,-2.482192277908325,-6.244500160217285,0.9600006133757328,True
3,finetune_000112_v00,finetune_000112,FeH3(CO2)3,21,H,-3.74180006980896,2.9975857734680176,-4.729167938232422,0.9599641532597107,True
3,finetune_000112_v00,finetune_000112,FeH3(CO2)3,22,H,-0.6707000136375427,-2.094970226287842,-4.729167938232422,0.9599309600803307,False
3,finetune_000112_v00,finetune_000112,FeH3(CO2)3,23,H,2.206249952316284,0.4513076841831207,-6.602518081665039,0.9599690675891042,True
3,finetune_000112_v00,finetune_000112,FeH3(CO2)3,24,C,-4.147749900817871,3.7602956295013428,-4.354497909545898,1.0,True
3,finetune_000112_v00,finetune_000112,FeH3(CO2)3,25,C,-0.26475000381469727,-2.857680320739746,-4.354497909545898,1.0,True
3,finetune_000112_v00,finetune_000112,FeH3(CO2)3,26,C,2.206249952316284,0.4513076841831207,-5.670005798339844,1.0,True
3,finetune_000112_v00,finetune_000112,FeH3(CO2)3,27,O,0.7324749827384949,-1.6373443603515625,-7.584986209869385,0.9599939872762572,True
3,finetune_000112_v00,finetune_000112,FeH3(CO2)3,28,O,3.680025100708008,4.229655742645264,-4.9040141105651855,1.0,True
3,finetune_000112_v00,finetune_000112,FeH3(CO2)3,29,O,0.7324749827384949,-3.327040195465088,-4.9040141105651855,1.0,True
3,finetune_000112_v00,finetune_000112,FeH3(CO2)3,30,O,0.750124990940094,2.5986297130584717,-7.451769828796387,0.9599876647539564,True
3,finetune_000112_v00,finetune_000112,FeH3(CO2)3,31,O,2.109174966812134,-0.6516883373260498,-5.0955119132995605,1.0,True
3,finetune_000112_v00,finetune_000112,FeH3(CO2)3,32,O,3.662374973297119,-3.2683703899383545,-5.037230014801025,1.0,True
3,finetune_000112_v00,finetune_000112,FeH3(CO2)3,33,O,2.3033249378204346,1.5543036460876465,-5.0955119132995605,1.0,True
3,finetune_000112_v00,finetune_000112,FeH3(CO2)3,34,O,0.750124990940094,4.170985698699951,-5.037230014801025,1.0,True
3,finetune_000112_v00,finetune_000112,FeH3(CO2)3,35,Fe,-2.312150001525879,-2.482192277908325,-2.0815000534057617,1.0,True
3,finetune_000112_v00,finetune_000112,FeH3(CO2)3,36,Fe,-2.1003499031066895,3.384807586669922,-2.0815000534057617,0.9599746791371522,True
3,finetune_000112_v00,finetune_000112,FeH3(CO2)3,37,Fe,2.312150001525879,3.384807586669922,2.0815000534057617,1.0,True
3,finetune_000112_v00,finetune_000112,FeH3(CO2)3,38,Fe,2.1003499031066895,-2.482192277908325,2.0815000534057617,0.9599690675891042,True
3,finetune_000112_v00,finetune_000112,FeH3(CO2)3,39,H,-0.6707000136375427,-2.8694143295288086,0.5661680102348328,0.9599618605347965,True
3,finetune_000112_v00,finetune_000112,FeH3(CO2)3,40,H,-3.74180006980896,3.7720296382904053,0.5661680102348328,1.0,True
3,finetune_000112_v00,finetune_000112,FeH3(CO2)3,41,H,-3.74180006980896,2.9975857734680176,3.596832036972046,0.9599663402644755,True
3,finetune_000112_v00,finetune_000112,FeH3(CO2)3,42,H,-0.6707000136375427,-2.094970226287842,3.596832036972046,1.0,True
3,finetune_000112_v00,finetune_000112,FeH3(CO2)3,43,H,0.6707000136375427,3.7720296382904053,-0.5661680102348328,1.0,True
3,finetune_000112_v00,finetune_000112,FeH3(CO2)3,44,H,3.74180006980896,-2.8694143295288086,-0.5661680102348328,0.959931843144854,True
3,finetune_000112_v00,finetune_000112,FeH3(CO2)3,45,H,3.74180006980896,-2.094970226287842,-3.596832036972046,1.0,True
3,finetune_000112_v00,finetune_000112,FeH3(CO2)3,46,H,0.6707000136375427,2.9975857734680176,-3.596832036972046,1.0,True
3,finetune_000112_v00,finetune_000112,FeH3(CO2)3,47,H,-2.206249952316284,-5.415692329406738,-2.4395179748535156,1.0,True
3,finetune_000112_v00,finetune_000112,FeH3(CO2)3,48,H,-2.206249952316284,0.4513076841831207,-1.7234820127487183,1.0,True
3,finetune_000112_v00,finetune_000112,FeH3(CO2)3,49,H,2.206249952316284,-5.415692329406738,2.4395179748535156,0.9599379780849079,True
3,finetune_000112_v00,finetune_000112,FeH3(CO2)3,50,H,2.206249952316284,0.4513076841831207,1.7234820127487183,1.0,True
3,finetune_000112_v00,finetune_000112,FeH3(CO2)3,51,C,-0.26475000381469727,-2.1067042350769043,0.19149799644947052,1.0,True
3,finetune_000112_v00,finetune_000112,FeH3(CO2)3,52,C,-4.147749900817871,3.00931978225708,0.19149799644947052,1.0,True
3,finetune_000112_v00,finetune_000112,FeH3(CO2)3,53,C,-4.147749900817871,3.7602956295013428,3.9715020656585693,1.0,True
3,finetune_000112_v00,finetune_000112,FeH3(CO2)3,54,C,-0.26475000381469727,-2.857680320739746,3.9715020656585693,1.0,True
3,finetune_000112_v00,finetune_000112,FeH3(CO2)3,55,C,0.26475000381469727,3.00931978225708,-0.19149799644947052,1.0,True
3,finetune_000112_v00,finetune_000112,FeH3(CO2)3,56,C,4.147749900817871,-2.1067042350769043,-0.19149799644947052,1.0,True
3,finetune_000112_v00,finetune_000112,FeH3(CO2)3,57,C,4.147749900817871,-2.857680320739746,-3.9715020656585693,1.0,True
3,finetune_000112_v00,finetune_000112,FeH3(CO2)3,58,C,0.26475000381469727,3.7602956295013428,-3.9715020656585693,1.0,True
3,finetune_000112_v00,finetune_000112,FeH3(CO2)3,59,C,-2.206249952316284,-5.415692329406738,-1.507006049156189,1.0,True
3,finetune_000112_v00,finetune_000112,FeH3(CO2)3,60,C,-2.206249952316284,0.4513076841831207,-2.655993938446045,1.0,True
3,finetune_000112_v00,finetune_000112,FeH3(CO2)3,61,C,2.206249952316284,-5.415692329406738,1.507006049156189,1.0,True
3,finetune_000112_v00,finetune_000112,FeH3(CO2)3,62,C,2.206249952316284,0.4513076841831207,2.655993938446045,1.0,True
3,finetune_000112_v00,finetune_000112,FeH3(CO2)3,63,O,0.7324749827384949,-1.6373443603515625,0.7410140037536621,0.9600031393020846,True
3,finetune_000112_v00,finetune_000112,FeH3(CO2)3,64,O,-2.3033249378204346,-4.31269645690918,-0.9325119853019714,1.0,True
3,finetune_000112_v00,finetune_000112,FeH3(CO2)3,65,O,-0.750124990940094,-1.6960142850875854,-0.8742300271987915,1.0,True
3,finetune_000112_v00,finetune_000112,FeH3(CO2)3,66,O,3.680025100708008,2.539959669113159,0.7410140037536621,1.0,True
3,finetune_000112_v00,finetune_000112,FeH3(CO2)3,67,O,-2.109174966812134,5.215311527252197,-0.9325119853019714,0.9599611559265531,True
3,finetune_000112_v00,finetune_000112,FeH3(CO2)3,68,O,-3.662374973297119,2.5986297130584717,-0.8742300271987915,0.9599589805717278,True
3,finetune_000112_v00,finetune_000112,FeH3(CO2)3,69,O,3.680025100708008,4.229655742645264,3.4219861030578613,1.0,True
3,finetune_000112_v00,finetune_000112,FeH3(CO2)3,70,O,-2.109174966812134,1.5543036460876465,-3.2304880619049072,1.0,True
3,finetune_000112_v00,finetune_000112,FeH3(CO2)3,71,O,-3.662374973297119,4.170985698699951,-3.2887699604034424,0.9599932981370545,True
3,finetune_000112_v00,finetune_000112,FeH3(CO2)3,72,O,0.7324749827384949,-3.327040195465088,3.4219861030578613,1.0,True
3,finetune_000112_v00,finetune_000112,FeH3(CO2)3,73,O,-2.3033249378204346,-0.6516883373260498,-3.2304880619049072,1.0,True
3,finetune_000112_v00,finetune_000112,FeH3(CO2)3,74,O,-0.750124990940094,-3.2683703899383545,-3.2887699604034424,0.9599961625175436,True
3,finetune_000112_v00,finetune_000112,FeH3(CO2)3,75,O,-0.7324749827384949,2.539959669113159,-0.7410140037536621,1.0,True
3,finetune_000112_v00,finetune_000112,FeH3(CO2)3,76,O,2.3033249378204346,5.215311527252197,0.9325119853019714,1.0,True
3,finetune_000112_v00,finetune_000112,FeH3(CO2)3,77,O,0.750124990940094,2.5986297130584717,0.8742300271987915,1.0,True
3,finetune_000112_v00,finetune_000112,FeH3(CO2)3,78,O,-3.680025100708008,-1.6373443603515625,-0.7410140037536621,0.9600006133757328,True
3,finetune_000112_v00,finetune_000112,FeH3(CO2)3,79,O,2.109174966812134,-4.31269645690918,0.9325119853019714,1.0,True
3,finetune_000112_v00,finetune_000112,FeH3(CO2)3,80,O,3.662374973297119,-1.6960142850875854,0.8742300271987915,1.0,True
3,finetune_000112_v00,finetune_000112,FeH3(CO2)3,81,O,-3.680025100708008,-3.327040195465088,-3.4219861030578613,1.0,True
3,finetune_000112_v00,finetune_000112,FeH3(CO2)3,82,O,2.109174966812134,-0.6516883373260498,3.2304880619049072,0.9599641532597107,True
3,finetune_000112_v00,finetune_000112,FeH3(CO2)3,83,O,3.662374973297119,-3.2683703899383545,3.2887699604034424,1.0,True
3,finetune_000112_v00,finetune_000112,FeH3(CO2)3,84,O,-0.7324749827384949,4.229655742645264,-3.4219861030578613,1.0,True
3,finetune_000112_v00,finetune_000112,FeH3(CO2)3,85,O,2.3033249378204346,1.5543036460876465,3.2304880619049072,1.0,True
3,finetune_000112_v00,finetune_000112,FeH3(CO2)3,86,O,0.750124990940094,4.170985698699951,3.2887699604034424,1.0,True
3,finetune_000112_v00,finetune_000112,FeH3(CO2)3,87,Fe,-2.312150001525879,-2.482192277908325,6.244500160217285,1.0,True
3,finetune_000112_v00,finetune_000112,FeH3(CO2)3,88,Fe,-2.1003499031066895,3.384807586669922,6.244500160217285,1.0,True
3,finetune_000112_v00,finetune_000112,FeH3(CO2)3,89,H,3.74180006980896,-2.094970226287842,4.729167938232422,1.0,True
3,finetune_000112_v00,finetune_000112,FeH3(CO2)3,90,H,0.6707000136375427,2.9975857734680176,4.729167938232422,1.0,True
3,finetune_000112_v00,finetune_000112,FeH3(CO2)3,91,H,-2.206249952316284,0.4513076841831207,6.602518081665039,1.0,True
3,finetune_000112_v00,finetune_000112,FeH3(CO2)3,92,C,4.147749900817871,-2.857680320739746,4.354497909545898,1.0,True
3,finetune_000112_v00,finetune_000112,FeH3(CO2)3,93,C,0.26475000381469727,3.7602956295013428,4.354497909545898,0.9599659668236752,True
3,finetune_000112_v00,finetune_000112,FeH3(CO2)3,94,C,-2.206249952316284,0.4513076841831207,5.670005798339844,0.9599751151205447,True
3,finetune_000112_v00,finetune_000112,FeH3(CO2)3,95,O,-0.750124990940094,-1.6960142850875854,7.451769828796387,1.0,True
3,finetune_000112_v00,finetune_000112,FeH3(CO2)3,96,O,-2.109174966812134,1.5543036460876465,5.0955119132995605,1.0,True
3,finetune_000112_v00,finetune_000112,FeH3(CO2)3,97,O,-3.662374973297119,4.170985698699951,5.037230014801025,1.0,True
3,finetune_000112_v00,finetune_000112,FeH3(CO2)3,98,O,-2.3033249378204346,-0.6516883373260498,5.0955119132995605,1.0,True
3,finetune_000112_v00,finetune_000112,FeH3(CO2)3,99,O,-0.750124990940094,-3.2683703899383545,5.037230014801025,1.0,True
3,finetune_000112_v00,finetune_000112,FeH3(CO2)3,100,O,-3.680025100708008,-3.327040195465088,4.9040141105651855,1.0,True
3,finetune_000112_v00,finetune_000112,FeH3(CO2)3,101,O,-0.7324749827384949,4.229655742645264,4.9040141105651855,1.0,True
3,finetune_000112_v00,finetune_000112,FeH3(CO2)3,102,H,-2.206249952316284,6.318307876586914,-2.4395179748535156,1.0,True
3,finetune_000112_v00,finetune_000112,FeH3(CO2)3,103,H,2.206249952316284,6.318307876586914,2.4395179748535156,1.0,True
3,finetune_000112_v00,finetune_000112,FeH3(CO2)3,104,C,-2.206249952316284,6.318307876586914,-1.507006049156189,1.0,True
3,finetune_000112_v00,finetune_000112,FeH3(CO2)3,105,C,2.206249952316284,6.318307876586914,1.507006049156189,1.0,True
3,finetune_000112_v00,finetune_000112,FeH3(CO2)3,106,O,-2.3033249378204346,7.421303749084473,-0.9325119853019714,1.0,True
3,finetune_000112_v00,finetune_000112,FeH3(CO2)3,107,O,2.109174966812134,7.421303749084473,0.9325119853019714,1.0,True
3,finetune_000112_v00,finetune_000112,FeH3(CO2)3,108,H,5.083199977874756,2.9975857734680176,-4.729167938232422,1.0,True
3,finetune_000112_v00,finetune_000112,FeH3(CO2)3,109,C,4.677249908447266,3.7602956295013428,-4.354497909545898,1.0,True
3,finetune_000112_v00,finetune_000112,FeH3(CO2)3,110,Fe,6.512849807739258,-2.482192277908325,-2.0815000534057617,1.0,True
3,finetune_000112_v00,finetune_000112,FeH3(CO2)3,111,Fe,6.724649906158447,3.384807586669922,-2.0815000534057617,1.0,True
3,finetune_000112_v00,finetune_000112,FeH3(CO2)3,112,H,5.083199977874756,3.7720296382904053,0.5661680102348328,0.9599570085695207,True
3,finetune_000112_v00,finetune_000112,FeH3(CO2)3,113,H,5.083199977874756,2.9975857734680176,3.596832036972046,0.9599405545273667,True
3,finetune_000112_v00,finetune_000112,FeH3(CO2)3,114,H,6.618750095367432,0.4513076841831207,-1.7234820127487183,0.959965901799282,True
3,finetune_000112_v00,finetune_000112,FeH3(CO2)3,115,C,4.677249908447266,3.00931978225708,0.19149799644947052,1.0,True
3,finetune_000112_v00,finetune_000112,FeH3(CO2)3,116,C,4.677249908447266,3.7602956295013428,3.9715020656585693,1.0,True
3,finetune_000112_v00,finetune_000112,FeH3(CO2)3,117,C,6.618750095367432,0.4513076841831207,-2.655993938446045,1.0,True
3,finetune_000112_v00,finetune_000112,FeH3(CO2)3,118,O,6.521675109863281,-4.31269645690918,-0.9325119853019714,1.0,True
3,finetune_000112_v00,finetune_000112,FeH3(CO2)3,119,O,5.162624835968018,2.5986297130584717,-0.8742300271987915,1.0,True
3,finetune_000112_v00,finetune_000112,FeH3(CO2)3,120,O,6.715825080871582,1.5543036460876465,-3.2304880619049072,0.9607409107142698,True
3,finetune_000112_v00,finetune_000112,FeH3(CO2)3,121,O,5.162624835968018,4.170985698699951,-3.2887699604034424,0.9599929046785529,True
3,finetune_000112_v00,finetune_000112,FeH3(CO2)3,122,O,6.521675109863281,-0.6516883373260498,-3.2304880619049072,1.0,True
3,finetune_000112_v00,finetune_000112,FeH3(CO2)3,123,O,5.144975185394287,-1.6373443603515625,-0.7410140037536621,0.9199297538105462,True
3,finetune_000112_v00,finetune_000112,FeH3(CO2)3,124,O,5.144975185394287,-3.327040195465088,-3.4219861030578613,1.0,True
3,finetune_000112_v00,finetune_000112,FeH3(CO2)3,125,O,5.144975185394287,-3.327040195465088,4.9040141105651855,1.0,True
3,finetune_000051_v00,finetune_000051,CoHC4O3,0,C,-1.741438388824463,-7.201661109924316,-2.9885916709899902,0.9199756828958683,True
3,finetune_000051_v00,finetune_000051,CoHC4O3,1,Co,-4.314479351043701,-0.5298824906349182,-3.4533653259277344,0.9599164499429123,False
3,finetune_000051_v00,finetune_000051,CoHC4O3,2,Co,-5.252559185028076,3.0904624462127686,2.746713161468506,0.9599350975224361,True
3,finetune_000051_v00,finetune_000051,CoHC4O3,3,Co,-6.666455268859863,-2.3659145832061768,-3.008894205093384,0.9599465400412596,True
3,finetune_000051_v00,finetune_000051,CoHC4O3,4,H,-5.125264644622803,0.22004608809947968,0.21407151222229004,0.9600083175325476,True
3,finetune_000051_v00,finetune_000051,CoHC4O3,5,C,-3.527139902114868,-0.3100758194923401,-6.286299228668213,0.9599741258748135,True
3,finetune_000051_v00,finetune_000051,CoHC4O3,6,C,-4.552348613739014,0.5432911515235901,6.333197593688965,0.9199512940914485,True
3,finetune_000051_v00,finetune_000051,CoHC4O3,7,C,-4.033069133758545,-3.5554563999176025,-2.7765908241271973,0.9599868433628912,True
3,finetune_000051_v00,finetune_000051,CoHC4O3,8,C,-3.8387644290924072,-5.986259460449219,-2.656594753265381,0.9599898861707729,True
3,finetune_000051_v00,finetune_000051,CoHC4O3,9,C,-3.1720314025878906,-4.783787727355957,-2.7897751331329346,0.9599756282588301,True
3,finetune_000051_v00,finetune_000051,CoHC4O3,10,C,-5.2224202156066895,1.0346237421035767,5.084222793579102,0.9599861970308046,True
3,finetune_000051_v00,finetune_000051,CoHC4O3,11,C,-6.877503395080566,1.2673600912094116,0.7568265199661255,0.9599953606746855,True
3,finetune_000051_v00,finetune_000051,CoHC4O3,12,C,-6.562576770782471,0.05195865407586098,-1.324628472328186,0.9599935997105081,True
3,finetune_000051_v00,finetune_000051,CoHC4O3,13,C,-6.147127628326416,0.4398527443408966,-0.06887540966272354,0.9599772904179126,True
3,finetune_000051_v00,finetune_000051,CoHC4O3,14,O,-5.289460182189941,-3.6718246936798096,-2.4004194736480713,0.9599641245483321,True
3,finetune_000051_v00,finetune_000051,CoHC4O3,15,O,-5.530672550201416,-1.5513368844985962,-4.596212387084961,0.9599479978039127,True
3,finetune_000051_v00,finetune_000051,CoHC4O3,16,O,-4.428356647491455,4.590319633483887,3.837806224822998,0.9199635961933738,True
3,finetune_000051_v00,finetune_000051,CoHC4O3,17,O,-4.609294891357422,1.9784992933273315,4.429532051086426,0.9599500728979576,True
3,finetune_000051_v00,finetune_000051,CoHC4O3,18,O,-3.4634976387023926,-2.443493366241455,-3.143420696258545,0.9198973938318683,True
3,finetune_000051_v00,finetune_000051,CoHC4O3,19,O,-6.368251800537109,0.49157196283340454,4.729671001434326,0.9599472950406185,True
3,finetune_000051_v00,finetune_000051,CoHC4O3,20,O,-5.822149753570557,-0.7884785532951355,-2.050659656524658,0.9599566466016642,True
3,finetune_000051_v00,finetune_000051,CoHC4O3,21,O,-3.0815422534942627,-0.6074613332748413,-5.063735008239746,0.9599642289498769,True
3,finetune_000051_v00,finetune_000051,CoHC4O3,22,O,-6.431901454925537,1.5647456645965576,1.97939133644104,0.9599556414605941,True
3,finetune_000051_v00,finetune_000051,CoHC4O3,23,Co,-0.964090883731842,1.4871667623519897,4.618612766265869,0.960023700100663,True
3,finetune_000051_v00,finetune_000051,CoHC4O3,24,Co,2.3862695693969727,-0.5298824906349182,-2.4396133422851562,0.9599888395329771,True
3,finetune_000051_v00,finetune_000051,CoHC4O3,25,Co,-1.9022209644317627,-2.1331779956817627,-4.296416282653809,0.9599953606746855,True
3,finetune_000051_v00,finetune_000051,CoHC4O3,26,Co,-3.3193912506103516,3.3361287117004395,5.055030822753906,0.960023700100663,True
3,finetune_000051_v00,finetune_000051,CoHC4O3,27,Co,1.4481898546218872,3.0904624462127686,3.760465145111084,1.0,True
3,finetune_000051_v00,finetune_000051,CoHC4O3,28,Co,0.034293800592422485,-2.3659145832061768,-1.9951422214508057,1.0,True
3,finetune_000051_v00,finetune_000051,CoHC4O3,29,H,1.930580496788025,-5.986259460449219,-1.5572543144226074,0.9599898861707729,True
3,finetune_000051_v00,finetune_000051,CoHC4O3,30,H,0.4966588318347931,-0.4523036777973175,-7.179991245269775,0.9599164499429123,False
3,finetune_000051_v00,finetune_000051,CoHC4O3,31,H,-1.7748867273330688,0.7372382283210754,-6.829051971435547,1.0,True
3,finetune_000051_v00,finetune_000051,CoHC4O3,32,H,-2.8537025451660156,1.4095879793167114,-0.13686534762382507,0.9599350975224361,True
3,finetune_000051_v00,finetune_000051,CoHC4O3,33,H,1.5754841566085815,0.22004608809947968,1.2278233766555786,1.0,True
3,finetune_000051_v00,finetune_000051,CoHC4O3,34,H,-0.03273896500468254,-5.986259460449219,-3.243483543395996,1.0,True
3,finetune_000051_v00,finetune_000051,CoHC4O3,35,C,0.8484415411949158,-1.3961793184280396,-4.839120388031006,0.9599741258748135,True
3,finetune_000051_v00,finetune_000051,CoHC4O3,36,C,-1.5068506002426147,1.6164648532867432,1.3503990173339844,1.0,True
3,finetune_000051_v00,finetune_000051,CoHC4O3,37,C,3.1736090183258057,-0.3100758194923401,-5.272547245025635,1.0,True
3,finetune_000051_v00,finetune_000051,CoHC4O3,38,C,2.14840030670166,0.5432911515235901,7.346949577331543,1.0,True
3,finetune_000051_v00,finetune_000051,CoHC4O3,39,C,-1.1952742338180542,0.41399314999580383,-0.7089127898216248,1.0,True
3,finetune_000051_v00,finetune_000051,CoHC4O3,40,C,2.667679786682129,-3.5554563999176025,-1.7628389596939087,1.0,True
3,finetune_000051_v00,finetune_000051,CoHC4O3,41,C,2.8619844913482666,-5.986259460449219,-1.6428427696228027,1.0,True
3,finetune_000051_v00,finetune_000051,CoHC4O3,42,C,3.528717517852783,-4.783787727355957,-1.7760231494903564,1.0,True
3,finetune_000051_v00,finetune_000051,CoHC4O3,43,C,1.4783289432525635,1.0346237421035767,6.09797477722168,1.0,True
3,finetune_000051_v00,finetune_000051,CoHC4O3,44,C,-1.9725555181503296,1.215640902519226,0.10969281941652298,0.9599552786608262,True
3,finetune_000051_v00,finetune_000051,CoHC4O3,45,C,1.609026312828064,5.728142261505127,5.068297863006592,1.0,True
3,finetune_000051_v00,finetune_000051,CoHC4O3,46,C,-0.176754429936409,1.2673600912094116,1.770578384399414,1.0,True
3,finetune_000051_v00,finetune_000051,CoHC4O3,47,C,1.377808690071106,-0.25835663080215454,-6.933432579040527,1.0,True
3,finetune_000051_v00,finetune_000051,CoHC4O3,48,C,-2.501906633377075,2.353463649749756,2.204007625579834,0.9599508537906087,True
3,finetune_000051_v00,finetune_000051,CoHC4O3,49,C,1.836807131767273,-0.6591805219650269,-5.693741321563721,1.0,True
3,finetune_000051_v00,finetune_000051,CoHC4O3,50,C,-0.6826382875442505,4.512740612030029,5.2802934646606445,1.0,True
3,finetune_000051_v00,finetune_000051,CoHC4O3,51,C,-3.212196111679077,0.9053256511688232,6.732248306274414,1.0,True
3,finetune_000051_v00,finetune_000051,CoHC4O3,52,C,-2.796752452850342,0.5174315571784973,-7.11199951171875,1.0,True
3,finetune_000051_v00,finetune_000051,CoHC4O3,53,C,0.17841649055480957,5.741072177886963,5.267111778259277,1.0,True
3,finetune_000051_v00,finetune_000051,CoHC4O3,54,C,-1.7414214611053467,-4.770857810974121,-2.98858904838562,1.0,True
3,finetune_000051_v00,finetune_000051,CoHC4O3,55,C,0.13817228376865387,0.05195865407586098,-0.3108765482902527,1.0,True
3,finetune_000051_v00,finetune_000051,CoHC4O3,56,C,-1.8720532655715942,-0.07733938097953796,-1.9589022397994995,0.9599861970308046,True
3,finetune_000051_v00,finetune_000051,CoHC4O3,57,C,-1.111559510231018,-5.986259460449219,-3.1499977111816406,1.0,True
3,finetune_000051_v00,finetune_000051,CoHC4O3,58,C,0.5536214113235474,0.4398527443408966,0.9448764324188232,0.9599772904179126,True
3,finetune_000051_v00,finetune_000051,CoHC4O3,59,O,1.4112886190414429,-3.6718246936798096,-1.3866676092147827,0.9599642289498769,True
3,finetune_000051_v00,finetune_000051,CoHC4O3,60,O,-2.471757650375366,1.745762825012207,6.006218910217285,1.0,True
3,finetune_000051_v00,finetune_000051,CoHC4O3,61,O,1.1700763702392578,-1.5513368844985962,-3.582460403442383,1.0,True
3,finetune_000051_v00,finetune_000051,CoHC4O3,62,O,-1.0780394077301025,-3.633035182952881,-3.2053263187408447,1.0,True
3,finetune_000051_v00,finetune_000051,CoHC4O3,63,O,-0.1130824163556099,3.400777578353882,4.8983612060546875,0.9599479978039127,True
3,finetune_000051_v00,finetune_000051,CoHC4O3,64,O,2.272392511367798,4.590319633483887,4.851558208465576,1.0,True
3,finetune_000051_v00,finetune_000051,CoHC4O3,65,O,-1.258941411972046,-1.0212149620056152,-2.5984950065612793,1.0,True
3,finetune_000051_v00,finetune_000051,CoHC4O3,66,O,2.091454029083252,1.9784992933273315,5.443284034729004,1.0,True
3,finetune_000051_v00,finetune_000051,CoHC4O3,67,O,-3.6175785064697266,2.780147075653076,1.6501684188842773,0.9599556414605941,True
3,finetune_000051_v00,finetune_000051,CoHC4O3,68,O,3.2372512817382812,-2.443493366241455,-2.129668951034546,1.0,True
3,finetune_000051_v00,finetune_000051,CoHC4O3,69,O,0.3324970602989197,0.49157196283340454,5.743422508239746,1.0,True
3,finetune_000051_v00,finetune_000051,CoHC4O3,70,O,-0.2672361135482788,-1.8228627443313599,-5.392960548400879,1.0,True
3,finetune_000051_v00,finetune_000051,CoHC4O3,71,O,0.8785991668701172,-0.7884785532951355,-1.0369079113006592,1.0,True
3,finetune_000051_v00,finetune_000051,CoHC4O3,72,O,-1.9390279054641724,4.629108905792236,5.65646505355835,1.0,True
3,finetune_000051_v00,finetune_000051,CoHC4O3,73,O,-2.1735689640045166,2.5086212158203125,3.4465816020965576,1.0,True
3,finetune_000051_v00,finetune_000051,CoHC4O3,74,O,-3.0178775787353516,0.4657123386859894,-2.313453197479248,1.0,True
3,finetune_000051_v00,finetune_000051,CoHC4O3,75,O,3.619206666946411,-0.6074613332748413,-4.049983024597168,1.0,True
3,finetune_000051_v00,finetune_000051,CoHC4O3,76,O,0.2688474655151367,1.5647456645965576,2.993143081665039,1.0,True
3,finetune_000051_v00,finetune_000051,CoHC4O3,77,H,0.4966588318347931,-0.4523036777973175,7.920008659362793,1.0,True
3,finetune_000051_v00,finetune_000051,CoHC4O3,78,Co,4.798527717590332,-2.1331779956817627,-3.2826645374298096,0.9599641245483321,True
3,finetune_000051_v00,finetune_000051,CoHC4O3,79,Co,3.3813576698303223,3.3361287117004395,6.068782806396484,0.9599935997105081,True
3,finetune_000051_v00,finetune_000051,CoHC4O3,80,Co,6.735042572021484,-2.3659145832061768,-0.9813903570175171,1.0,True
3,finetune_000051_v00,finetune_000051,CoHC4O3,81,H,4.9258623123168945,0.7372382283210754,-5.815299987792969,1.0,True
3,finetune_000051_v00,finetune_000051,CoHC4O3,82,H,3.847046375274658,1.4095879793167114,0.8768865466117859,1.0,True
3,finetune_000051_v00,finetune_000051,CoHC4O3,83,C,5.1938982009887695,1.6164648532867432,2.3641507625579834,1.0,True
3,finetune_000051_v00,finetune_000051,CoHC4O3,84,C,5.50547456741333,0.41399314999580383,0.3048390746116638,1.0,True
3,finetune_000051_v00,finetune_000051,CoHC4O3,85,C,4.728193283081055,1.215640902519226,1.123444676399231,0.9607343182389775,True
3,finetune_000051_v00,finetune_000051,CoHC4O3,86,C,6.523994445800781,1.2673600912094116,2.784330368041992,0.9599500728979576,True
3,finetune_000051_v00,finetune_000051,CoHC4O3,87,C,4.1988420486450195,2.353463649749756,3.217759609222412,0.9599756658326183,True
3,finetune_000051_v00,finetune_000051,CoHC4O3,88,C,3.903996467590332,0.5174315571784973,-6.098247528076172,1.0,True
3,finetune_000051_v00,finetune_000051,CoHC4O3,89,C,4.959327697753906,-4.770857810974121,-1.9748371839523315,1.0,True
3,finetune_000051_v00,finetune_000051,CoHC4O3,90,C,6.838921070098877,0.05195865407586098,0.7028753161430359,1.0,True
3,finetune_000051_v00,finetune_000051,CoHC4O3,91,C,4.828695774078369,-0.07733938097953796,-0.9451503753662109,1.0,True
3,finetune_000051_v00,finetune_000051,CoHC4O3,92,C,7.254370212554932,0.4398527443408966,1.9586282968521118,1.0,True
3,finetune_000051_v00,finetune_000051,CoHC4O3,93,O,5.62270975112915,-3.633035182952881,-2.1915745735168457,1.0,True
3,finetune_000051_v00,finetune_000051,CoHC4O3,94,O,5.441807746887207,-1.0212149620056152,-1.5847430229187012,1.0,True
3,finetune_000051_v00,finetune_000051,CoHC4O3,95,O,3.0831704139709473,2.780147075653076,2.6639201641082764,0.9599472950406185,True
3,finetune_000051_v00,finetune_000051,CoHC4O3,96,O,6.4335126876831055,-1.8228627443313599,-4.379208564758301,1.0,True
3,finetune_000051_v00,finetune_000051,CoHC4O3,97,O,7.579348087310791,-0.7884785532951355,-0.02315598726272583,1.0,True
3,finetune_000051_v00,finetune_000051,CoHC4O3,98,O,4.527180194854736,2.5086212158203125,4.460333347320557,1.0,True
3,finetune_000051_v00,finetune_000051,CoHC4O3,99,O,3.6828713417053223,0.4657123386859894,-1.2997013330459595,0.9599566466016642,True
3,finetune_000038_v00,finetune_000038,CoHC4O3,0,C,-1.741438388824463,-7.201661109924316,-2.9885916709899902,0.9599440819504488,True
3,finetune_000038_v00,finetune_000038,CoHC4O3,1,Co,-4.314479351043701,-0.5298824906349182,-3.4533653259277344,0.9600146672612753,True
3,finetune_000038_v00,finetune_000038,CoHC4O3,2,Co,-5.252559185028076,3.0904624462127686,2.746713161468506,0.9600116963530594,True
3,finetune_000038_v00,finetune_000038,CoHC4O3,3,Co,-6.666455268859863,-2.3659145832061768,-3.008894205093384,0.9199525821391079,True
3,finetune_000038_v00,finetune_000038,CoHC4O3,4,H,-5.125264644622803,0.22004608809947968,0.21407151222229004,0.9599671954141571,True
3,finetune_000038_v00,finetune_000038,CoHC4O3,5,C,-3.527139902114868,-0.3100758194923401,-6.286299228668213,0.9599444170969935,True
3,finetune_000038_v00,finetune_000038,CoHC4O3,6,C,-4.552348613739014,0.5432911515235901,6.333197593688965,0.9599462237959564,True
3,finetune_000038_v00,finetune_000038,CoHC4O3,7,C,-4.033069133758545,-3.5554563999176025,-2.7765908241271973,0.9599795352302252,True
3,finetune_000038_v00,finetune_000038,CoHC4O3,8,C,-3.8387644290924072,-5.986259460449219,-2.656594753265381,0.9599898898306349,True
3,finetune_000038_v00,finetune_000038,CoHC4O3,9,C,-3.1720314025878906,-4.783787727355957,-2.7897751331329346,0.9599778263488145,True
3,finetune_000038_v00,finetune_000038,CoHC4O3,10,C,-5.2224202156066895,1.0346237421035767,5.084222793579102,0.9199906355058164,True
3,finetune_000038_v00,finetune_000038,CoHC4O3,11,C,-6.877503395080566,1.2673600912094116,0.7568265199661255,0.919921090267293,True
3,finetune_000038_v00,finetune_000038,CoHC4O3,12,C,-6.562576770782471,0.05195865407586098,-1.324628472328186,0.9599986920105531,True
3,finetune_000038_v00,finetune_000038,CoHC4O3,13,C,-6.147127628326416,0.4398527443408966,-0.06887540966272354,0.9198851698841279,False
3,finetune_000038_v00,finetune_000038,CoHC4O3,14,O,-5.289460182189941,-3.6718246936798096,-2.4004194736480713,0.9599598126094587,True
3,finetune_000038_v00,finetune_000038,CoHC4O3,15,O,-5.530672550201416,-1.5513368844985962,-4.596212387084961,0.9599516666778218,True
3,finetune_000038_v00,finetune_000038,CoHC4O3,16,O,-4.428356647491455,4.590319633483887,3.837806224822998,0.9599457934663985,True
3,finetune_000038_v00,finetune_000038,CoHC4O3,17,O,-4.609294891357422,1.9784992933273315,4.429532051086426,0.9198899989490688,True
3,finetune_000038_v00,finetune_000038,CoHC4O3,18,O,-3.4634976387023926,-2.443493366241455,-3.143420696258545,0.9599418832837645,False
3,finetune_000038_v00,finetune_000038,CoHC4O3,19,O,-6.368251800537109,0.49157196283340454,4.729671001434326,0.9198890114653799,True
3,finetune_000038_v00,finetune_000038,CoHC4O3,20,O,-5.822149753570557,-0.7884785532951355,-2.050659656524658,0.9599566383307168,True
3,finetune_000038_v00,finetune_000038,CoHC4O3,21,O,-3.0815422534942627,-0.6074613332748413,-5.063735008239746,0.9599547127574424,True
3,finetune_000038_v00,finetune_000038,CoHC4O3,22,O,-6.431901454925537,1.5647456645965576,1.97939133644104,0.9599512901162824,True
3,finetune_000038_v00,finetune_000038,CoHC4O3,23,Co,-0.964090883731842,1.4871667623519897,4.618612766265869,0.9600137729136128,True
3,finetune_000038_v00,finetune_000038,CoHC4O3,24,Co,2.3862695693969727,-0.5298824906349182,-2.4396133422851562,1.0,True
3,finetune_000038_v00,finetune_000038,CoHC4O3,25,Co,-1.9022209644317627,-2.1331779956817627,-4.296416282653809,1.0,True
3,finetune_000038_v00,finetune_000038,CoHC4O3,26,Co,-3.3193912506103516,3.3361287117004395,5.055030822753906,1.0,True
3,finetune_000038_v00,finetune_000038,CoHC4O3,27,Co,1.4481898546218872,3.0904624462127686,3.760465145111084,0.9600116963530594,True
3,finetune_000038_v00,finetune_000038,CoHC4O3,28,Co,0.034293800592422485,-2.3659145832061768,-1.9951422214508057,1.0,True
3,finetune_000038_v00,finetune_000038,CoHC4O3,29,H,1.930580496788025,-5.986259460449219,-1.5572543144226074,1.0,True
3,finetune_000038_v00,finetune_000038,CoHC4O3,30,H,0.4966588318347931,-0.4523036777973175,-7.179991245269775,1.0,True
3,finetune_000038_v00,finetune_000038,CoHC4O3,31,H,-1.7748867273330688,0.7372382283210754,-6.829051971435547,1.0,True
3,finetune_000038_v00,finetune_000038,CoHC4O3,32,H,-2.8537025451660156,1.4095879793167114,-0.13686534762382507,0.9199885818411879,True
3,finetune_000038_v00,finetune_000038,CoHC4O3,33,H,1.5754841566085815,0.22004608809947968,1.2278233766555786,1.0,True
3,finetune_000038_v00,finetune_000038,CoHC4O3,34,H,-0.03273896500468254,-5.986259460449219,-3.243483543395996,1.0,True
3,finetune_000038_v00,finetune_000038,CoHC4O3,35,C,0.8484415411949158,-1.3961793184280396,-4.839120388031006,1.0,True
3,finetune_000038_v00,finetune_000038,CoHC4O3,36,C,-1.5068506002426147,1.6164648532867432,1.3503990173339844,1.0,True
3,finetune_000038_v00,finetune_000038,CoHC4O3,37,C,3.1736090183258057,-0.3100758194923401,-5.272547245025635,1.0,True
3,finetune_000038_v00,finetune_000038,CoHC4O3,38,C,2.14840030670166,0.5432911515235901,7.346949577331543,1.0,True
3,finetune_000038_v00,finetune_000038,CoHC4O3,39,C,-1.1952742338180542,0.41399314999580383,-0.7089127898216248,1.0,True
3,finetune_000038_v00,finetune_000038,CoHC4O3,40,C,2.667679786682129,-3.5554563999176025,-1.7628389596939087,1.0,True
3,finetune_000038_v00,finetune_000038,CoHC4O3,41,C,2.8619844913482666,-5.986259460449219,-1.6428427696228027,1.0,True
3,finetune_000038_v00,finetune_000038,CoHC4O3,42,C,3.528717517852783,-4.783787727355957,-1.7760231494903564,1.0,True
3,finetune_000038_v00,finetune_000038,CoHC4O3,43,C,1.4783289432525635,1.0346237421035767,6.09797477722168,0.9199206377453159,True
3,finetune_000038_v00,finetune_000038,CoHC4O3,44,C,-1.9725555181503296,1.215640902519226,0.10969281941652298,1.0,True
3,finetune_000038_v00,finetune_000038,CoHC4O3,45,C,1.609026312828064,5.728142261505127,5.068297863006592,1.0,True
3,finetune_000038_v00,finetune_000038,CoHC4O3,46,C,-0.176754429936409,1.2673600912094116,1.770578384399414,1.0,True
3,finetune_000038_v00,finetune_000038,CoHC4O3,47,C,1.377808690071106,-0.25835663080215454,-6.933432579040527,0.9599671954141571,True
3,finetune_000038_v00,finetune_000038,CoHC4O3,48,C,-2.501906633377075,2.353463649749756,2.204007625579834,1.0,True
3,finetune_000038_v00,finetune_000038,CoHC4O3,49,C,1.836807131767273,-0.6591805219650269,-5.693741321563721,1.0,True
3,finetune_000038_v00,finetune_000038,CoHC4O3,50,C,-0.6826382875442505,4.512740612030029,5.2802934646606445,1.0,True
3,finetune_000038_v00,finetune_000038,CoHC4O3,51,C,-3.212196111679077,0.9053256511688232,6.732248306274414,0.9599516666778218,True
3,finetune_000038_v00,finetune_000038,CoHC4O3,52,C,-2.796752452850342,0.5174315571784973,-7.11199951171875,1.0,True
3,finetune_000038_v00,finetune_000038,CoHC4O3,53,C,0.17841649055480957,5.741072177886963,5.267111778259277,1.0,True
3,finetune_000038_v00,finetune_000038,CoHC4O3,54,C,-1.7414214611053467,-4.770857810974121,-2.98858904838562,1.0,True
3,finetune_000038_v00,finetune_000038,CoHC4O3,55,C,0.13817228376865387,0.05195865407586098,-0.3108765482902527,1.0,True
3,finetune_000038_v00,finetune_000038,CoHC4O3,56,C,-1.8720532655715942,-0.07733938097953796,-1.9589022397994995,0.9599795352302252,True
3,finetune_000038_v00,finetune_000038,CoHC4O3,57,C,-1.111559510231018,-5.986259460449219,-3.1499977111816406,1.0,True
3,finetune_000038_v00,finetune_000038,CoHC4O3,58,C,0.5536214113235474,0.4398527443408966,0.9448764324188232,1.0,True
3,finetune_000038_v00,finetune_000038,CoHC4O3,59,O,1.4112886190414429,-3.6718246936798096,-1.3866676092147827,1.0,True
3,finetune_000038_v00,finetune_000038,CoHC4O3,60,O,-2.471757650375366,1.745762825012207,6.006218910217285,1.0,True
3,finetune_000038_v00,finetune_000038,CoHC4O3,61,O,1.1700763702392578,-1.5513368844985962,-3.582460403442383,1.0,True
3,finetune_000038_v00,finetune_000038,CoHC4O3,62,O,-1.0780394077301025,-3.633035182952881,-3.2053263187408447,1.0,True
3,finetune_000038_v00,finetune_000038,CoHC4O3,63,O,-0.1130824163556099,3.400777578353882,4.8983612060546875,1.0,True
3,finetune_000038_v00,finetune_000038,CoHC4O3,64,O,2.272392511367798,4.590319633483887,4.851558208465576,1.0,True
3,finetune_000038_v00,finetune_000038,CoHC4O3,65,O,-1.258941411972046,-1.0212149620056152,-2.5984950065612793,0.9599432639184785,True
3,finetune_000038_v00,finetune_000038,CoHC4O3,66,O,2.091454029083252,1.9784992933273315,5.443284034729004,1.0,True
3,finetune_000038_v00,finetune_000038,CoHC4O3,67,O,-3.6175785064697266,2.780147075653076,1.6501684188842773,0.9599440819504488,True
3,finetune_000038_v00,finetune_000038,CoHC4O3,68,O,3.2372512817382812,-2.443493366241455,-2.129668951034546,1.0,True
3,finetune_000038_v00,finetune_000038,CoHC4O3,69,O,0.3324970602989197,0.49157196283340454,5.743422508239746,1.0,True
3,finetune_000038_v00,finetune_000038,CoHC4O3,70,O,-0.2672361135482788,-1.8228627443313599,-5.392960548400879,1.0,True
3,finetune_000038_v00,finetune_000038,CoHC4O3,71,O,0.8785991668701172,-0.7884785532951355,-1.0369079113006592,1.0,True
3,finetune_000038_v00,finetune_000038,CoHC4O3,72,O,-1.9390279054641724,4.629108905792236,5.65646505355835,1.0,True
3,finetune_000038_v00,finetune_000038,CoHC4O3,73,O,-2.1735689640045166,2.5086212158203125,3.4465816020965576,1.0,True
3,finetune_000038_v00,finetune_000038,CoHC4O3,74,O,-3.0178775787353516,0.4657123386859894,-2.313453197479248,0.9599512901162824,True
3,finetune_000038_v00,finetune_000038,CoHC4O3,75,O,3.619206666946411,-0.6074613332748413,-4.049983024597168,1.0,True
3,finetune_000038_v00,finetune_000038,CoHC4O3,76,O,0.2688474655151367,1.5647456645965576,2.993143081665039,1.0,True
3,finetune_000038_v00,finetune_000038,CoHC4O3,77,H,0.4966588318347931,-0.4523036777973175,7.920008659362793,1.0,True
3,finetune_000038_v00,finetune_000038,CoHC4O3,78,Co,4.798527717590332,-2.1331779956817627,-3.2826645374298096,0.9199678003801801,True
3,finetune_000038_v00,finetune_000038,CoHC4O3,79,Co,3.3813576698303223,3.3361287117004395,6.068782806396484,1.0,True
3,finetune_000038_v00,finetune_000038,CoHC4O3,80,Co,6.735042572021484,-2.3659145832061768,-0.9813903570175171,1.0,True
3,finetune_000038_v00,finetune_000038,CoHC4O3,81,H,4.9258623123168945,0.7372382283210754,-5.815299987792969,0.9607904341491187,True
3,finetune_000038_v00,finetune_000038,CoHC4O3,82,H,3.847046375274658,1.4095879793167114,0.8768865466117859,1.0,True
3,finetune_000038_v00,finetune_000038,CoHC4O3,83,C,5.1938982009887695,1.6164648532867432,2.3641507625579834,1.0,True
3,finetune_000038_v00,finetune_000038,CoHC4O3,84,C,5.50547456741333,0.41399314999580383,0.3048390746116638,1.0,True
3,finetune_000038_v00,finetune_000038,CoHC4O3,85,C,4.728193283081055,1.215640902519226,1.123444676399231,1.0,True
3,finetune_000038_v00,finetune_000038,CoHC4O3,86,C,6.523994445800781,1.2673600912094116,2.784330368041992,1.0,True
3,finetune_000038_v00,finetune_000038,CoHC4O3,87,C,4.1988420486450195,2.353463649749756,3.217759609222412,1.0,True
3,finetune_000038_v00,finetune_000038,CoHC4O3,88,C,3.903996467590332,0.5174315571784973,-6.098247528076172,1.0,True
3,finetune_000038_v00,finetune_000038,CoHC4O3,89,C,4.959327697753906,-4.770857810974121,-1.9748371839523315,1.0,True
3,finetune_000038_v00,finetune_000038,CoHC4O3,90,C,6.838921070098877,0.05195865407586098,0.7028753161430359,0.9600146672612753,True
3,finetune_000038_v00,finetune_000038,CoHC4O3,91,C,4.828695774078369,-0.07733938097953796,-0.9451503753662109,1.0,True
3,finetune_000038_v00,finetune_000038,CoHC4O3,92,C,7.254370212554932,0.4398527443408966,1.9586282968521118,1.0,True
3,finetune_000038_v00,finetune_000038,CoHC4O3,93,O,5.62270975112915,-3.633035182952881,-2.1915745735168457,0.9199024317971152,True
3,finetune_000038_v00,finetune_000038,CoHC4O3,94,O,5.441807746887207,-1.0212149620056152,-1.5847430229187012,1.0,True
3,finetune_000038_v00,finetune_000038,CoHC4O3,95,O,3.0831704139709473,2.780147075653076,2.6639201641082764,0.9599432866003635,True
3,finetune_000038_v00,finetune_000038,CoHC4O3,96,O,6.4335126876831055,-1.8228627443313599,-4.379208564758301,0.9599547127574424,True
3,finetune_000038_v00,finetune_000038,CoHC4O3,97,O,7.579348087310791,-0.7884785532951355,-0.02315598726272583,1.0,True
3,finetune_000038_v00,finetune_000038,CoHC4O3,98,O,4.527180194854736,2.5086212158203125,4.460333347320557,1.0,True
3,finetune_000038_v00,finetune_000038,CoHC4O3,99,O,3.6828713417053223,0.4657123386859894,-1.2997013330459595,1.0,True
3,finetune_000195_v00,finetune_000195,CoHC4O3,0,C,-1.741438388824463,-7.201661109924316,-2.9885916709899902,0.959965755759213,True
3,finetune_000195_v00,finetune_000195,CoHC4O3,1,Co,-4.314479351043701,-0.5298824906349182,-3.4533653259277344,0.9599800493906184,True
3,finetune_000195_v00,finetune_000195,CoHC4O3,2,Co,-5.252559185028076,3.0904624462127686,2.746713161468506,0.960021225109718,True
3,finetune_000195_v00,finetune_000195,CoHC4O3,3,Co,-6.666455268859863,-2.3659145832061768,-3.008894205093384,0.9599762185933022,True
3,finetune_000195_v00,finetune_000195,CoHC4O3,4,H,-5.125264644622803,0.22004608809947968,0.21407151222229004,0.9199582324184892,True
3,finetune_000195_v00,finetune_000195,CoHC4O3,5,C,-3.527139902114868,-0.3100758194923401,-6.286299228668213,0.8398138160480463,False
3,finetune_000195_v00,finetune_000195,CoHC4O3,6,C,-4.552348613739014,0.5432911515235901,6.333197593688965,0.9199490362689446,True
3,finetune_000195_v00,finetune_000195,CoHC4O3,7,C,-4.033069133758545,-3.5554563999176025,-2.7765908241271973,0.9199600941325996,True
3,finetune_000195_v00,finetune_000195,CoHC4O3,8,C,-3.8387644290924072,-5.986259460449219,-2.656594753265381,0.9599670117896975,True
3,finetune_000195_v00,finetune_000195,CoHC4O3,9,C,-3.1720314025878906,-4.783787727355957,-2.7897751331329346,0.960006055538098,True
3,finetune_000195_v00,finetune_000195,CoHC4O3,10,C,-5.2224202156066895,1.0346237421035767,5.084222793579102,0.9599612216713549,True
3,finetune_000195_v00,finetune_000195,CoHC4O3,11,C,-6.877503395080566,1.2673600912094116,0.7568265199661255,0.9199298160662092,True
3,finetune_000195_v00,finetune_000195,CoHC4O3,12,C,-6.562576770782471,0.05195865407586098,-1.324628472328186,0.9599689534738319,True
3,finetune_000195_v00,finetune_000195,CoHC4O3,13,C,-6.147127628326416,0.4398527443408966,-0.06887540966272354,0.9599660101898485,True
3,finetune_000195_v00,finetune_000195,CoHC4O3,14,O,-5.289460182189941,-3.6718246936798096,-2.4004194736480713,0.9599427626350525,True
3,finetune_000195_v00,finetune_000195,CoHC4O3,15,O,-5.530672550201416,-1.5513368844985962,-4.596212387084961,0.9599397410165795,True
3,finetune_000195_v00,finetune_000195,CoHC4O3,16,O,-4.428356647491455,4.590319633483887,3.837806224822998,0.9599489460350317,True
3,finetune_000195_v00,finetune_000195,CoHC4O3,17,O,-4.609294891357422,1.9784992933273315,4.429532051086426,0.96003992368423,True
3,finetune_000195_v00,finetune_000195,CoHC4O3,18,O,-3.4634976387023926,-2.443493366241455,-3.143420696258545,0.9599383238455632,False
3,finetune_000195_v00,finetune_000195,CoHC4O3,19,O,-6.368251800537109,0.49157196283340454,4.729671001434326,0.9599414849516155,True
3,finetune_000195_v00,finetune_000195,CoHC4O3,20,O,-5.822149753570557,-0.7884785532951355,-2.050659656524658,0.9199050242733315,True
3,finetune_000195_v00,finetune_000195,CoHC4O3,21,O,-3.0815422534942627,-0.6074613332748413,-5.063735008239746,0.9599417410287863,True
3,finetune_000195_v00,finetune_000195,CoHC4O3,22,O,-6.431901454925537,1.5647456645965576,1.97939133644104,0.9599495401522039,True
3,finetune_000195_v00,finetune_000195,CoHC4O3,23,Co,-0.964090883731842,1.4871667623519897,4.618612766265869,0.9599606548742676,True
3,finetune_000195_v00,finetune_000195,CoHC4O3,24,Co,2.3862695693969727,-0.5298824906349182,-2.4396133422851562,1.0,True
3,finetune_000195_v00,finetune_000195,CoHC4O3,25,Co,-1.9022209644317627,-2.1331779956817627,-4.296416282653809,0.960021225109718,True
3,finetune_000195_v00,finetune_000195,CoHC4O3,26,Co,-3.3193912506103516,3.3361287117004395,5.055030822753906,1.0,True
3,finetune_000195_v00,finetune_000195,CoHC4O3,27,Co,1.4481898546218872,3.0904624462127686,3.760465145111084,0.959988915145267,True
3,finetune_000195_v00,finetune_000195,CoHC4O3,28,Co,0.034293800592422485,-2.3659145832061768,-1.9951422214508057,1.0,True
3,finetune_000195_v00,finetune_000195,CoHC4O3,29,H,1.930580496788025,-5.986259460449219,-1.5572543144226074,0.9607719787283396,True
3,finetune_000195_v00,finetune_000195,CoHC4O3,30,H,0.4966588318347931,-0.4523036777973175,-7.179991245269775,1.0,True
3,finetune_000195_v00,finetune_000195,CoHC4O3,31,H,-1.7748867273330688,0.7372382283210754,-6.829051971435547,0.9599612216713549,True
3,finetune_000195_v00,finetune_000195,CoHC4O3,32,H,-2.8537025451660156,1.4095879793167114,-0.13686534762382507,1.0,True
3,finetune_000195_v00,finetune_000195,CoHC4O3,33,H,1.5754841566085815,0.22004608809947968,1.2278233766555786,1.0,True
3,finetune_000195_v00,finetune_000195,CoHC4O3,34,H,-0.03273896500468254,-5.986259460449219,-3.243483543395996,1.0,True
3,finetune_000195_v00,finetune_000195,CoHC4O3,35,C,0.8484415411949158,-1.3961793184280396,-4.839120388031006,1.0,True
3,finetune_000195_v00,finetune_000195,CoHC4O3,36,C,-1.5068506002426147,1.6164648532867432,1.3503990173339844,1.0,True
3,finetune_000195_v00,finetune_000195,CoHC4O3,37,C,3.1736090183258057,-0.3100758194923401,-5.272547245025635,1.0,True
3,finetune_000195_v00,finetune_000195,CoHC4O3,38,C,2.14840030670166,0.5432911515235901,7.346949577331543,1.0,True
3,finetune_000195_v00,finetune_000195,CoHC4O3,39,C,-1.1952742338180542,0.41399314999580383,-0.7089127898216248,0.9599489460350317,True
3,finetune_000195_v00,finetune_000195,CoHC4O3,40,C,2.667679786682129,-3.5554563999176025,-1.7628389596939087,1.0,True
3,finetune_000195_v00,finetune_000195,CoHC4O3,41,C,2.8619844913482666,-5.986259460449219,-1.6428427696228027,1.0,True
3,finetune_000195_v00,finetune_000195,CoHC4O3,42,C,3.528717517852783,-4.783787727355957,-1.7760231494903564,1.0,True
3,finetune_000195_v00,finetune_000195,CoHC4O3,43,C,1.4783289432525635,1.0346237421035767,6.09797477722168,1.0,True
3,finetune_000195_v00,finetune_000195,CoHC4O3,44,C,-1.9725555181503296,1.215640902519226,0.10969281941652298,1.0,True
3,finetune_000195_v00,finetune_000195,CoHC4O3,45,C,1.609026312828064,5.728142261505127,5.068297863006592,0.9599417410287863,True
3,finetune_000195_v00,finetune_000195,CoHC4O3,46,C,-0.176754429936409,1.2673600912094116,1.770578384399414,0.9599689868783262,True
3,finetune_000195_v00,finetune_000195,CoHC4O3,47,C,1.377808690071106,-0.25835663080215454,-6.933432579040527,1.0,True
3,finetune_000195_v00,finetune_000195,CoHC4O3,48,C,-2.501906633377075,2.353463649749756,2.204007625579834,1.0,True
3,finetune_000195_v00,finetune_000195,CoHC4O3,49,C,1.836807131767273,-0.6591805219650269,-5.693741321563721,1.0,True
3,finetune_000195_v00,finetune_000195,CoHC4O3,50,C,-0.6826382875442505,4.512740612030029,5.2802934646606445,1.0,True
3,finetune_000195_v00,finetune_000195,CoHC4O3,51,C,-3.212196111679077,0.9053256511688232,6.732248306274414,1.0,True
3,finetune_000195_v00,finetune_000195,CoHC4O3,52,C,-2.796752452850342,0.5174315571784973,-7.11199951171875,0.9599670117896975,True
3,finetune_000195_v00,finetune_000195,CoHC4O3,53,C,0.17841649055480957,5.741072177886963,5.267111778259277,1.0,True
3,finetune_000195_v00,finetune_000195,CoHC4O3,54,C,-1.7414214611053467,-4.770857810974121,-2.98858904838562,1.0,True
3,finetune_000195_v00,finetune_000195,CoHC4O3,55,C,0.13817228376865387,0.05195865407586098,-0.3108765482902527,1.0,True
3,finetune_000195_v00,finetune_000195,CoHC4O3,56,C,-1.8720532655715942,-0.07733938097953796,-1.9589022397994995,1.0,True
3,finetune_000195_v00,finetune_000195,CoHC4O3,57,C,-1.111559510231018,-5.986259460449219,-3.1499977111816406,0.9599762185933022,True
3,finetune_000195_v00,finetune_000195,CoHC4O3,58,C,0.5536214113235474,0.4398527443408966,0.9448764324188232,1.0,True
3,finetune_000195_v00,finetune_000195,CoHC4O3,59,O,1.4112886190414429,-3.6718246936798096,-1.3866676092147827,1.0,True
3,finetune_000195_v00,finetune_000195,CoHC4O3,60,O,-2.471757650375366,1.745762825012207,6.006218910217285,1.0,True
3,finetune_000195_v00,finetune_000195,CoHC4O3,61,O,1.1700763702392578,-1.5513368844985962,-3.582460403442383,1.0,True
3,finetune_000195_v00,finetune_000195,CoHC4O3,62,O,-1.0780394077301025,-3.633035182952881,-3.2053263187408447,1.0,True
3,finetune_000195_v00,finetune_000195,CoHC4O3,63,O,-0.1130824163556099,3.400777578353882,4.8983612060546875,0.9599397410165795,True
3,finetune_000195_v00,finetune_000195,CoHC4O3,64,O,2.272392511367798,4.590319633483887,4.851558208465576,1.0,True
3,finetune_000195_v00,finetune_000195,CoHC4O3,65,O,-1.258941411972046,-1.0212149620056152,-2.5984950065612793,1.0,True
3,finetune_000195_v00,finetune_000195,CoHC4O3,66,O,2.091454029083252,1.9784992933273315,5.443284034729004,1.0,True
3,finetune_000195_v00,finetune_000195,CoHC4O3,67,O,-3.6175785064697266,2.780147075653076,1.6501684188842773,1.0,True
3,finetune_000195_v00,finetune_000195,CoHC4O3,68,O,3.2372512817382812,-2.443493366241455,-2.129668951034546,1.0,True
3,finetune_000195_v00,finetune_000195,CoHC4O3,69,O,0.3324970602989197,0.49157196283340454,5.743422508239746,1.0,True
3,finetune_000195_v00,finetune_000195,CoHC4O3,70,O,-0.2672361135482788,-1.8228627443313599,-5.392960548400879,0.9599554841211276,True
3,finetune_000195_v00,finetune_000195,CoHC4O3,71,O,0.8785991668701172,-0.7884785532951355,-1.0369079113006592,1.0,True
3,finetune_000195_v00,finetune_000195,CoHC4O3,72,O,-1.9390279054641724,4.629108905792236,5.65646505355835,1.0,True
3,finetune_000195_v00,finetune_000195,CoHC4O3,73,O,-2.1735689640045166,2.5086212158203125,3.4465816020965576,1.0,True
3,finetune_000195_v00,finetune_000195,CoHC4O3,74,O,-3.0178775787353516,0.4657123386859894,-2.313453197479248,1.0,True
3,finetune_000195_v00,finetune_000195,CoHC4O3,75,O,3.619206666946411,-0.6074613332748413,-4.049983024597168,1.0,True
3,finetune_000195_v00,finetune_000195,CoHC4O3,76,O,0.2688474655151367,1.5647456645965576,2.993143081665039,1.0,True
3,finetune_000195_v00,finetune_000195,CoHC4O3,77,H,0.4966588318347931,-0.4523036777973175,7.920008659362793,0.96003992368423,True
3,finetune_000195_v00,finetune_000195,CoHC4O3,78,Co,4.798527717590332,-2.1331779956817627,-3.2826645374298096,1.0,True
3,finetune_000195_v00,finetune_000195,CoHC4O3,79,Co,3.3813576698303223,3.3361287117004395,6.068782806396484,0.960006055538098,True
3,finetune_000195_v00,finetune_000195,CoHC4O3,80,Co,6.735042572021484,-2.3659145832061768,-0.9813903570175171,1.0,True
3,finetune_000195_v00,finetune_000195,CoHC4O3,81,H,4.9258623123168945,0.7372382283210754,-5.815299987792969,1.0,True
3,finetune_000195_v00,finetune_000195,CoHC4O3,82,H,3.847046375274658,1.4095879793167114,0.8768865466117859,1.0,True
3,finetune_000195_v00,finetune_000195,CoHC4O3,83,C,5.1938982009887695,1.6164648532867432,2.3641507625579834,1.0,True
3,finetune_000195_v00,finetune_000195,CoHC4O3,84,C,5.50547456741333,0.41399314999580383,0.3048390746116638,1.0,True
3,finetune_000195_v00,finetune_000195,CoHC4O3,85,C,4.728193283081055,1.215640902519226,1.123444676399231,0.9599660101898485,True
3,finetune_000195_v00,finetune_000195,CoHC4O3,86,C,6.523994445800781,1.2673600912094116,2.784330368041992,1.0,True
3,finetune_000195_v00,finetune_000195,CoHC4O3,87,C,4.1988420486450195,2.353463649749756,3.217759609222412,1.0,True
3,finetune_000195_v00,finetune_000195,CoHC4O3,88,C,3.903996467590332,0.5174315571784973,-6.098247528076172,1.0,True
3,finetune_000195_v00,finetune_000195,CoHC4O3,89,C,4.959327697753906,-4.770857810974121,-1.9748371839523315,0.9599414849516155,True
3,finetune_000195_v00,finetune_000195,CoHC4O3,90,C,6.838921070098877,0.05195865407586098,0.7028753161430359,1.0,True
3,finetune_000195_v00,finetune_000195,CoHC4O3,91,C,4.828695774078369,-0.07733938097953796,-0.9451503753662109,1.0,True
3,finetune_000195_v00,finetune_000195,CoHC4O3,92,C,7.254370212554932,0.4398527443408966,1.9586282968521118,1.0,True
3,finetune_000195_v00,finetune_000195,CoHC4O3,93,O,5.62270975112915,-3.633035182952881,-2.1915745735168457,1.0,True
3,finetune_000195_v00,finetune_000195,CoHC4O3,94,O,5.441807746887207,-1.0212149620056152,-1.5847430229187012,1.0,True
3,finetune_000195_v00,finetune_000195,CoHC4O3,95,O,3.0831704139709473,2.780147075653076,2.6639201641082764,1.0,True
3,finetune_000195_v00,finetune_000195,CoHC4O3,96,O,6.4335126876831055,-1.8228627443313599,-4.379208564758301,1.0,True
3,finetune_000195_v00,finetune_000195,CoHC4O3,97,O,7.579348087310791,-0.7884785532951355,-0.02315598726272583,0.9599606548742676,True
3,finetune_000195_v00,finetune_000195,CoHC4O3,98,O,4.527180194854736,2.5086212158203125,4.460333347320557,0.9599407829694383,True
3,finetune_000195_v00,finetune_000195,CoHC4O3,99,O,3.6828713417053223,0.4657123386859894,-1.2997013330459595,1.0,True
3,finetune_000029_v00,finetune_000029,PrH4(C3O4)2,0,Pr,-4.39024019241333,3.1949594020843506,-2.206629991531372,0.8799176902017875,True
3,finetune_000029_v00,finetune_000029,PrH4(C3O4)2,1,H,-5.190118312835693,3.0423226356506348,2.076054811477661,0.9599494538098519,True
3,finetune_000029_v00,finetune_000029,PrH4(C3O4)2,2,H,-3.805851459503174,2.4402551651000977,1.6416727304458618,0.959966016348801,True
3,finetune_000029_v00,finetune_000029,PrH4(C3O4)2,3,H,-5.6205644607543945,0.6594922542572021,1.1193443536758423,0.959953693846871,True
3,finetune_000029_v00,finetune_000029,PrH4(C3O4)2,4,H,-6.383962154388428,0.39661771059036255,-0.22806285321712494,0.919912988338505,False
3,finetune_000029_v00,finetune_000029,PrH4(C3O4)2,5,H,-7.425100326538086,2.516573667526245,0.8484947681427002,0.9599626128701632,True
3,finetune_000029_v00,finetune_000029,PrH4(C3O4)2,6,C,-3.6938869953155518,3.517192840576172,3.375699520111084,0.9599637559462654,True
3,finetune_000029_v00,finetune_000029,PrH4(C3O4)2,7,C,-4.24723482131958,3.2288787364959717,2.0013716220855713,0.9599619637602288,True
3,finetune_000029_v00,finetune_000029,PrH4(C3O4)2,8,C,-5.938821792602539,-1.3247864246368408,0.7807860374450684,0.9599619369126243,True
3,finetune_000029_v00,finetune_000029,PrH4(C3O4)2,9,C,-5.66038179397583,0.08286423981189728,0.3369574546813965,0.9599760747556201,True
3,finetune_000029_v00,finetune_000029,PrH4(C3O4)2,10,C,-4.627039432525635,-0.018893642351031303,-3.5947656631469727,0.959951214926882,True
3,finetune_000029_v00,finetune_000029,PrH4(C3O4)2,11,O,-4.472959518432617,3.7207086086273193,4.32769775390625,0.959984055024365,True
3,finetune_000029_v00,finetune_000029,PrH4(C3O4)2,12,O,-5.846288204193115,-1.630060076713562,1.9861595630645752,0.959989440895673,True
3,finetune_000029_v00,finetune_000029,PrH4(C3O4)2,13,O,-6.228477954864502,-2.1897284984588623,-0.10449685901403427,0.9599846554778947,True
3,finetune_000029_v00,finetune_000029,PrH4(C3O4)2,14,O,-6.691986083984375,2.575932502746582,-1.6205217838287354,0.9599681346519042,True
3,finetune_000029_v00,finetune_000029,PrH4(C3O4)2,15,O,-5.23038387298584,1.0410842895507812,-3.309391736984253,0.9599735387698883,True
3,finetune_000029_v00,finetune_000029,PrH4(C3O4)2,16,O,-5.061804294586182,-1.1636698246002197,-3.308324098587036,0.9599637678779941,True
3,finetune_000029_v00,finetune_000029,PrH4(C3O4)2,17,O,-5.0734429359436035,3.7800674438476562,-4.553499221801758,0.9199811449169281,True
3,finetune_000029_v00,finetune_000029,PrH4(C3O4)2,18,C,-4.018958568572998,4.40757417678833,1.0817232131958008,0.9199146228527045,True
3,finetune_000029_v00,finetune_000029,PrH4(C3O4)2,19,O,-3.3370745182037354,5.374274253845215,1.473473072052002,0.9599751425669358,True
3,finetune_000029_v00,finetune_000029,PrH4(C3O4)2,20,O,-4.5702033042907715,4.365175247192383,-0.04784690961241722,0.9599875985835459,True
3,finetune_000029_v00,finetune_000029,PrH4(C3O4)2,21,O,-2.9793078899383545,5.043560981750488,-3.1599347591400146,0.9599733001928772,True
3,finetune_000029_v00,finetune_000029,PrH4(C3O4)2,22,O,-1.5006862878799438,7.3161540031433105,1.0602171421051025,0.9599766550514952,True
3,finetune_000029_v00,finetune_000029,PrH4(C3O4)2,23,Pr,1.2458678483963013,-5.2848639488220215,-2.206629991531372,0.9599726124866846,True
3,finetune_000029_v00,finetune_000029,PrH4(C3O4)2,24,H,0.4459896683692932,-5.437500953674316,2.076054811477661,0.9599492204605109,False
3,finetune_000029_v00,finetune_000029,PrH4(C3O4)2,25,H,1.8302565813064575,-6.0395684242248535,1.6416727304458618,0.959951214926882,True
3,finetune_000029_v00,finetune_000029,PrH4(C3O4)2,26,H,0.015543496236205101,-7.820331573486328,1.1193443536758423,1.0,True
3,finetune_000029_v00,finetune_000029,PrH4(C3O4)2,27,H,-1.788992166519165,-5.963250160217285,0.8484947681427002,1.0,True
3,finetune_000029_v00,finetune_000029,PrH4(C3O4)2,28,H,-1.4402271509170532,-4.453841209411621,0.5888543725013733,1.0,True
3,finetune_000029_v00,finetune_000029,PrH4(C3O4)2,29,C,1.9422211647033691,-4.962630748748779,3.375699520111084,1.0,True
3,finetune_000029_v00,finetune_000029,PrH4(C3O4)2,30,C,1.38887357711792,-5.2509446144104,2.0013716220855713,1.0,True
3,finetune_000029_v00,finetune_000029,PrH4(C3O4)2,31,C,-3.439025402069092,-4.767594814300537,0.881262481212616,1.0,True
3,finetune_000029_v00,finetune_000029,PrH4(C3O4)2,32,C,-2.0796585083007812,-5.166146755218506,0.3806428611278534,1.0,True
3,finetune_000029_v00,finetune_000029,PrH4(C3O4)2,33,C,-2.090958595275879,-5.41206169128418,-1.1025474071502686,1.0,True
3,finetune_000029_v00,finetune_000029,PrH4(C3O4)2,34,O,1.1631487607955933,-4.759115219116211,4.32769775390625,1.0,True
3,finetune_000029_v00,finetune_000029,PrH4(C3O4)2,35,O,-5.9940876960754395,-4.894792079925537,-0.8471488952636719,1.0,True
3,finetune_000029_v00,finetune_000029,PrH4(C3O4)2,36,O,-4.104870796203613,-5.564698219299316,1.571148157119751,0.959966016348801,True
3,finetune_000029_v00,finetune_000029,PrH4(C3O4)2,37,O,-3.1337783336639404,-5.1576666831970215,-1.7548788785934448,1.0,True
3,finetune_000029_v00,finetune_000029,PrH4(C3O4)2,38,O,-1.055877923965454,-5.903891086578369,-1.6205217838287354,1.0,True
3,finetune_000029_v00,finetune_000029,PrH4(C3O4)2,39,O,-4.403192043304443,-4.216406345367432,-3.9592366218566895,1.0,True
3,finetune_000029_v00,finetune_000029,PrH4(C3O4)2,40,O,0.5626652240753174,-4.699756145477295,-4.553499221801758,1.0,True
3,finetune_000029_v00,finetune_000029,PrH4(C3O4)2,41,H,4.007107734680176,3.0423226356506348,-5.421403884887695,1.0,True
3,finetune_000029_v00,finetune_000029,PrH4(C3O4)2,42,H,3.5766615867614746,0.6594922542572021,-6.378114223480225,0.9599681346519042,True
3,finetune_000029_v00,finetune_000029,PrH4(C3O4)2,43,H,1.7721259593963623,2.516573667526245,-6.648963928222656,1.0,True
3,finetune_000029_v00,finetune_000029,PrH4(C3O4)2,44,C,5.5033392906188965,3.517192840576172,-4.121759414672852,1.0,True
3,finetune_000029_v00,finetune_000029,PrH4(C3O4)2,45,C,3.2584047317504883,-1.3247864246368408,-6.716672897338867,0.9599637559462654,True
3,finetune_000029_v00,finetune_000029,PrH4(C3O4)2,46,C,3.536844491958618,0.08286423981189728,-7.160501480102539,0.9607397693619305,True
3,finetune_000029_v00,finetune_000029,PrH4(C3O4)2,47,C,0.12209265679121017,3.712228775024414,-6.616196155548096,1.0,True
3,finetune_000029_v00,finetune_000029,PrH4(C3O4)2,48,C,1.481459617614746,3.3136770725250244,-7.11681604385376,1.0,True
3,finetune_000029_v00,finetune_000029,PrH4(C3O4)2,49,O,4.72426700592041,3.7207086086273193,-3.1697611808776855,1.0,True
3,finetune_000029_v00,finetune_000029,PrH4(C3O4)2,50,O,3.350937843322754,-1.630060076713562,-5.511299133300781,1.0,True
3,finetune_000029_v00,finetune_000029,PrH4(C3O4)2,51,O,-0.5437526106834412,2.9151253700256348,-5.9263105392456055,0.9599917040212552,True
3,finetune_000029_v00,finetune_000029,PrH4(C3O4)2,52,Pr,-4.583155632019043,-3.0461907386779785,-1.800453543663025,1.0,True
3,finetune_000029_v00,finetune_000029,PrH4(C3O4)2,53,Pr,4.806985855102539,3.1949594020843506,2.1619110107421875,1.0,True
3,finetune_000029_v00,finetune_000029,PrH4(C3O4)2,54,H,3.5766615867614746,0.6594922542572021,5.487885475158691,1.0,True
3,finetune_000029_v00,finetune_000029,PrH4(C3O4)2,55,H,2.8132638931274414,0.39661771059036255,4.140478134155273,1.0,True
3,finetune_000029_v00,finetune_000029,PrH4(C3O4)2,56,H,1.7721259593963623,2.516573667526245,5.21703577041626,1.0,True
3,finetune_000029_v00,finetune_000029,PrH4(C3O4)2,57,H,2.1208908557891846,4.02598237991333,4.957395553588867,1.0,True
3,finetune_000029_v00,finetune_000029,PrH4(C3O4)2,58,H,-3.7832772731781006,-2.8935539722442627,-6.083138465881348,1.0,True
3,finetune_000029_v00,finetune_000029,PrH4(C3O4)2,59,H,-5.167543888092041,-2.2914862632751465,-5.648756504058838,1.0,True
3,finetune_000029_v00,finetune_000029,PrH4(C3O4)2,60,H,-3.3528311252593994,-0.5107234120368958,-5.126428127288818,0.9599494538098519,True
3,finetune_000029_v00,finetune_000029,PrH4(C3O4)2,61,H,-2.589433431625366,-0.24784888327121735,-3.7790207862854004,1.0,True
3,finetune_000029_v00,finetune_000029,PrH4(C3O4)2,62,H,-1.5482953786849976,-2.367804765701294,-4.855578422546387,1.0,True
3,finetune_000029_v00,finetune_000029,PrH4(C3O4)2,63,H,-1.8970603942871094,-3.877213478088379,-4.595938205718994,0.9599526590924757,True
3,finetune_000029_v00,finetune_000029,PrH4(C3O4)2,64,C,1.6171493530273438,-4.072249412536621,1.0817232131958008,0.9199156307594958,True
3,finetune_000029_v00,finetune_000029,PrH4(C3O4)2,65,C,3.2584047317504883,-1.3247864246368408,5.149327278137207,1.0,True
3,finetune_000029_v00,finetune_000029,PrH4(C3O4)2,66,C,3.536844491958618,0.08286423981189728,4.705498695373535,0.9599751425669358,True
3,finetune_000029_v00,finetune_000029,PrH4(C3O4)2,67,C,-4.34635591506958,0.16766247153282166,-0.4123179018497467,1.0,True
3,finetune_000029_v00,finetune_000029,PrH4(C3O4)2,68,C,0.12209265679121017,3.712228775024414,5.24980354309082,1.0,True
3,finetune_000029_v00,finetune_000029,PrH4(C3O4)2,69,C,1.481459617614746,3.3136770725250244,4.7491841316223145,1.0,True
3,finetune_000029_v00,finetune_000029,PrH4(C3O4)2,70,C,1.4701595306396484,3.0677621364593506,3.26599383354187,1.0,True
3,finetune_000029_v00,finetune_000029,PrH4(C3O4)2,71,C,-1.393318772315979,4.221018314361572,-0.7202656269073486,1.0,True
3,finetune_000029_v00,finetune_000029,PrH4(C3O4)2,72,C,-3.034574031829834,1.473555326461792,-4.787869453430176,0.9599766550514952,True
3,finetune_000029_v00,finetune_000029,PrH4(C3O4)2,73,C,-3.313014030456543,0.06590459495782852,-4.344040870666504,1.0,True
3,finetune_000029_v00,finetune_000029,PrH4(C3O4)2,74,C,4.570186614990234,-0.018893642351031303,0.7737755179405212,1.0,True
3,finetune_000029_v00,finetune_000029,PrH4(C3O4)2,75,C,0.10173794627189636,-3.563459873199463,-4.888346195220947,0.9199445610771476,True
3,finetune_000029_v00,finetune_000029,PrH4(C3O4)2,76,C,-1.2576290369033813,-3.1649081707000732,-4.387726306915283,1.0,True
3,finetune_000029_v00,finetune_000029,PrH4(C3O4)2,77,C,-1.2463289499282837,-2.9189932346343994,-2.904536247253418,1.0,True
3,finetune_000029_v00,finetune_000029,PrH4(C3O4)2,78,O,-2.432969570159912,3.585031509399414,3.521392345428467,0.9599846554778947,True
3,finetune_000029_v00,finetune_000029,PrH4(C3O4)2,79,O,2.2990336418151855,-3.1055493354797363,1.473473072052002,1.0,True
3,finetune_000029_v00,finetune_000029,PrH4(C3O4)2,80,O,1.0659047365188599,-4.114648342132568,-0.04784690961241722,1.0,True
3,finetune_000029_v00,finetune_000029,PrH4(C3O4)2,81,O,3.350937843322754,-1.630060076713562,6.354700565338135,1.0,True
3,finetune_000029_v00,finetune_000029,PrH4(C3O4)2,82,O,2.9687483310699463,-2.1897284984588623,4.264044284820557,1.0,True
3,finetune_000029_v00,finetune_000029,PrH4(C3O4)2,83,O,-3.743011951446533,-0.8923155069351196,-0.6976918578147888,1.0,True
3,finetune_000029_v00,finetune_000029,PrH4(C3O4)2,84,O,-3.9115912914276123,1.312438726425171,-0.6987595558166504,0.9599875985835459,True
3,finetune_000029_v00,finetune_000029,PrH4(C3O4)2,85,O,-0.5437526106834412,2.9151253700256348,5.9396891593933105,1.0,True
3,finetune_000029_v00,finetune_000029,PrH4(C3O4)2,86,O,-3.8999526500701904,-3.631298542022705,0.5464158058166504,1.0,True
3,finetune_000029_v00,finetune_000029,PrH4(C3O4)2,87,O,0.4273397624492645,3.3221569061279297,2.6136624813079834,1.0,True
3,finetune_000029_v00,finetune_000029,PrH4(C3O4)2,88,O,2.5052402019500732,2.575932502746582,2.7480194568634033,1.0,True
3,finetune_000029_v00,finetune_000029,PrH4(C3O4)2,89,O,2.6568002700805664,-3.436262607574463,-3.1599347591400146,1.0,True
3,finetune_000029_v00,finetune_000029,PrH4(C3O4)2,90,O,-2.0752029418945312,3.2543182373046875,-1.1120154857635498,1.0,True
3,finetune_000029_v00,finetune_000029,PrH4(C3O4)2,91,O,-0.8420740962028503,4.2634172439575195,0.40930449962615967,1.0,True
3,finetune_000029_v00,finetune_000029,PrH4(C3O4)2,92,O,-3.1271071434020996,1.7788289785385132,-5.993243217468262,1.0,True
3,finetune_000029_v00,finetune_000029,PrH4(C3O4)2,93,O,-2.744917869567871,2.3384974002838135,-3.9025866985321045,1.0,True
3,finetune_000029_v00,finetune_000029,PrH4(C3O4)2,94,O,3.9668426513671875,1.0410842895507812,1.0591495037078857,1.0,True
3,finetune_000029_v00,finetune_000029,PrH4(C3O4)2,95,O,4.1354217529296875,-1.1636698246002197,1.0602171421051025,1.0,True
3,finetune_000029_v00,finetune_000029,PrH4(C3O4)2,96,O,0.7675831913948059,-2.7663564682006836,-5.5782318115234375,1.0,True
3,finetune_000029_v00,finetune_000029,PrH4(C3O4)2,97,O,4.123783588409424,3.7800674438476562,-0.18495818972587585,1.0,True
3,finetune_000029_v00,finetune_000029,PrH4(C3O4)2,98,O,-0.2035091519355774,-3.1733880043029785,-2.2522048950195312,1.0,True
3,finetune_000029_v00,finetune_000029,PrH4(C3O4)2,99,O,-2.281409502029419,-2.427163600921631,-2.386561870574951,1.0,True
3,finetune_000029_v00,finetune_000029,PrH4(C3O4)2,100,Pr,-6.267256736755371,-4.16552734375,1.745187520980835,1.0,True
3,finetune_000029_v00,finetune_000029,PrH4(C3O4)2,101,H,-3.7832772731781006,-2.8935539722442627,5.782861709594727,1.0,True
3,finetune_000029_v00,finetune_000029,PrH4(C3O4)2,102,H,-3.3528311252593994,-0.5107234120368958,6.739572048187256,1.0,True
3,finetune_000029_v00,finetune_000029,PrH4(C3O4)2,103,H,-1.5482953786849976,-2.367804765701294,7.0104217529296875,1.0,True
3,finetune_000029_v00,finetune_000029,PrH4(C3O4)2,104,C,-5.279508590698242,-3.3684239387512207,4.483216762542725,1.0,True
3,finetune_000029_v00,finetune_000029,PrH4(C3O4)2,105,C,-3.034574031829834,1.473555326461792,7.07813024520874,1.0,True
3,finetune_000029_v00,finetune_000029,PrH4(C3O4)2,106,C,0.10173794627189636,-3.563459873199463,6.977653980255127,1.0,True
3,finetune_000029_v00,finetune_000029,PrH4(C3O4)2,107,O,-4.500436305999756,-3.571939706802368,3.5312187671661377,1.0,True
3,finetune_000029_v00,finetune_000029,PrH4(C3O4)2,108,O,-3.1271071434020996,1.7788289785385132,5.8727569580078125,1.0,True
3,finetune_000029_v00,finetune_000029,PrH4(C3O4)2,109,O,0.7675831913948059,-2.7663564682006836,6.287768363952637,1.0,True
3,finetune_000029_v00,finetune_000029,PrH4(C3O4)2,110,Pr,-2.706138849258423,4.314296245574951,-5.7522711753845215,1.0,True
3,finetune_000029_v00,finetune_000029,PrH4(C3O4)2,111,Pr,-1.0220372676849365,5.433632850646973,2.568087577819824,1.0,True
3,finetune_000029_v00,finetune_000029,PrH4(C3O4)2,112,H,-0.22215905785560608,5.586269855499268,-1.7145973443984985,1.0,True
3,finetune_000029_v00,finetune_000029,PrH4(C3O4)2,113,H,-1.6064260005950928,6.188337326049805,-1.2802151441574097,1.0,True
3,finetune_000029_v00,finetune_000029,PrH4(C3O4)2,114,H,2.0128228664398193,6.112019062042236,-0.48703721165657043,1.0,True
3,finetune_000029_v00,finetune_000029,PrH4(C3O4)2,115,H,1.6640578508377075,4.602610111236572,-0.22739677131175995,1.0,True
3,finetune_000029_v00,finetune_000029,PrH4(C3O4)2,116,C,-1.7183905839920044,5.1113996505737305,-3.014241933822632,1.0,True
3,finetune_000029_v00,finetune_000029,PrH4(C3O4)2,117,C,-1.1650429964065552,5.399713516235352,-1.6399140357971191,1.0,True
3,finetune_000029_v00,finetune_000029,PrH4(C3O4)2,118,C,3.662856101989746,4.916363716125488,-0.5198048949241638,1.0,True
3,finetune_000029_v00,finetune_000029,PrH4(C3O4)2,119,C,2.3034892082214355,5.314915657043457,-0.019185278564691544,0.9599733001928772,True
3,finetune_000029_v00,finetune_000029,PrH4(C3O4)2,120,C,2.314789295196533,5.560830116271973,1.4640049934387207,1.0,True
3,finetune_000029_v00,finetune_000029,PrH4(C3O4)2,121,O,4.627022743225098,4.365175247192383,4.320694446563721,1.0,True
3,finetune_000029_v00,finetune_000029,PrH4(C3O4)2,122,O,-0.33883458375930786,4.848525047302246,4.914957046508789,1.0,True
3,finetune_000029_v00,finetune_000029,PrH4(C3O4)2,123,O,-0.9393181800842285,4.907884120941162,-3.9662399291992188,1.0,True
3,finetune_000029_v00,finetune_000029,PrH4(C3O4)2,124,O,4.328701496124268,5.713467121124268,-1.2096905708312988,1.0,True
3,finetune_000029_v00,finetune_000029,PrH4(C3O4)2,125,O,3.3576090335845947,5.306435585021973,2.1163363456726074,1.0,True
3,finetune_000029_v00,finetune_000029,PrH4(C3O4)2,126,O,1.2797086238861084,6.05265998840332,1.9819793701171875,1.0,True
3,finetune_000029_v00,finetune_000029,PrH4(C3O4)2,127,Pr,-2.706138849258423,4.314296245574951,6.113729000091553,1.0,True
3,finetune_000029_v00,finetune_000029,PrH4(C3O4)2,128,C,4.242789268493652,-4.258805274963379,-0.7202656269073486,0.9599726124866846,True
3,finetune_000029_v00,finetune_000029,PrH4(C3O4)2,129,O,3.2031383514404297,-4.894792079925537,3.521392345428467,1.0,True
3,finetune_000029_v00,finetune_000029,PrH4(C3O4)2,130,O,1.7245168685913086,-7.167385101318359,-0.6987595558166504,1.0,True
3,finetune_000029_v00,finetune_000029,PrH4(C3O4)2,131,O,3.5609049797058105,-5.225505352020264,-1.1120154857635498,1.0,True
3,finetune_000029_v00,finetune_000029,PrH4(C3O4)2,132,O,4.794034004211426,-4.216406345367432,0.40930449962615967,0.9599760747556201,True
3,finetune_000029_v00,finetune_000029,PrH4(C3O4)2,133,O,2.89119029045105,-6.141326427459717,-3.9025866985321045,1.0,True
3,finetune_000029_v00,finetune_000029,PrH4(C3O4)2,134,Pr,2.929969310760498,-4.16552734375,-5.7522711753845215,1.0,True
3,finetune_000029_v00,finetune_000029,PrH4(C3O4)2,135,Pr,4.614070892333984,-3.0461907386779785,2.568087577819824,1.0,True
3,finetune_000029_v00,finetune_000029,PrH4(C3O4)2,136,H,5.413949012756348,-2.8935539722442627,-1.7145973443984985,1.0,True
3,finetune_000029_v00,finetune_000029,PrH4(C3O4)2,137,H,4.029682159423828,-2.2914862632751465,-1.2802151441574097,1.0,True
3,finetune_000029_v00,finetune_000029,PrH4(C3O4)2,138,H,5.844395160675049,-0.5107234120368958,-0.7578867673873901,1.0,True
3,finetune_000029_v00,finetune_000029,PrH4(C3O4)2,139,H,6.607792854309082,-0.24784888327121735,0.5895204544067383,1.0,True
3,finetune_000029_v00,finetune_000029,PrH4(C3O4)2,140,C,4.850870132446289,0.16766247153282166,3.956223249435425,1.0,True
3,finetune_000029_v00,finetune_000029,PrH4(C3O4)2,141,C,3.917717456817627,-3.3684239387512207,-3.014241933822632,1.0,True
3,finetune_000029_v00,finetune_000029,PrH4(C3O4)2,142,C,4.471065044403076,-3.0801100730895996,-1.6399140357971191,1.0,True
3,finetune_000029_v00,finetune_000029,PrH4(C3O4)2,143,C,6.162652015686035,1.473555326461792,-0.4193284213542938,1.0,True
3,finetune_000029_v00,finetune_000029,PrH4(C3O4)2,144,C,5.884212493896484,0.06590459495782852,0.024500135332345963,1.0,True
3,finetune_000029_v00,finetune_000029,PrH4(C3O4)2,145,O,5.454214096069336,-0.8923155069351196,3.670849323272705,1.0,True
3,finetune_000029_v00,finetune_000029,PrH4(C3O4)2,146,O,5.285634994506836,1.312438726425171,3.6697816848754883,1.0,True
3,finetune_000029_v00,finetune_000029,PrH4(C3O4)2,147,O,4.6967902183532715,-3.571939706802368,-3.9662399291992188,1.0,True
3,finetune_000029_v00,finetune_000029,PrH4(C3O4)2,148,O,6.0701189041137695,1.7788289785385132,-1.624701976776123,1.0,True
3,finetune_000029_v00,finetune_000029,PrH4(C3O4)2,149,O,6.452308654785156,2.3384974002838135,0.465954452753067,1.0,True
3,finetune_000029_v00,finetune_000029,PrH4(C3O4)2,150,O,6.915816783905029,-2.427163600921631,1.9819793701171875,1.0,True
3,finetune_000029_v00,finetune_000029,PrH4(C3O4)2,151,Pr,2.929969310760498,-4.16552734375,6.113729000091553,1.0,True
3,finetune_000029_v00,finetune_000029,PrH4(C3O4)2,152,Pr,6.491087436676025,4.314296245574951,-1.3837299346923828,1.0,True
