base_mof_id,mof_name,source,cif_path,formula,open_metal_site,has_functional_group,formation_energy_eV_atom_proxy,pore_volume_cm3_g,void_fraction,gravimetric_surface_area_m2_g,volumetric_surface_area_m2_cm3,lcd_A,pld_A,density_g_cm3,nsites,nelements,mean_atomic_number,mean_atomic_radius_A,mean_electronegativity_diff,metal_fraction
finetune_000000,ZnCrH18C14(N2O)2,HF_COREMOF_GCMC,/home/rakeyma/Tüm_çalışmalar/MOF Radyoaktif Gaz Adsorpsiyonu/data/processed/cif/finetune_000000.cif,ZnCrH18C14(N2O)2,False,False,-0.47606208845416387,0.09604547402800646,0.10185166600708184,3.4245074118772756e+25,3.6315275517469388e+25,2.2145268798608373,1.2179897839234606,1.0604525308228716,40,6,5.0,0.52125,0.6658995586589784,0.05
finetune_000001,ErH4(CO2)4,HF_COREMOF_GCMC,/home/rakeyma/Tüm_çalışmalar/MOF Radyoaktif Gaz Adsorpsiyonu/data/processed/cif/finetune_000001.cif,ErH4(CO2)4,False,False,-0.2729219457086594,0.023600667038622233,0.05,9.4800095235009e+24,2.008419827284324e+25,1.5,1.2,2.1185841873950237,34,4,9.411764705882353,0.6088235294117648,0.7877935960643498,0.058823529411764705
finetune_000002,LiC6N4F3,HF_COREMOF_GCMC,/home/rakeyma/Tüm_çalışmalar/MOF Radyoaktif Gaz Adsorpsiyonu/data/processed/cif/finetune_000002.cif,LiC6N4F3,False,False,-0.45334514620200034,0.039745277462582225,0.05,8.573472372599009e+24,1.0785523362706945e+25,1.954323412334816,1.2,1.258011094451963,56,4,6.714285714285714,0.6964285714285714,1.0861946188413936,0.07142857142857142
finetune_000003,NiPC3NO3,HF_COREMOF_GCMC,/home/rakeyma/Tüm_çalışmalar/MOF Radyoaktif Gaz Adsorpsiyonu/data/processed/cif/finetune_000003.cif,NiPC3NO3,False,False,-0.34859336670466917,0.18032553057819853,0.24006455958428397,2.8074524444819397e+25,3.7375175466133446e+25,3.0524746918998127,1.6788610805448971,1.3312843656388382,54,5,10.222222222222221,0.7666666666666667,0.5554313638965664,0.1111111111111111
finetune_000004,CuH8(C2N)4,HF_COREMOF_GCMC,/home/rakeyma/Tüm_çalışmalar/MOF Radyoaktif Gaz Adsorpsiyonu/data/processed/cif/finetune_000004.cif,CuH8(C2N)4,False,False,-0.3595788678012127,0.05556521108350604,0.06374764214332951,3.752883638938055e+25,4.305526399621553e+25,1.7305181678393637,1.2,1.1472581656807983,21,4,5.380952380952381,0.55,0.4242861652234256,0.047619047619047616
finetune_000005,CuHC4O3,HF_COREMOF_GCMC,/home/rakeyma/Tüm_çalışmalar/MOF Radyoaktif Gaz Adsorpsiyonu/data/processed/cif/finetune_000005.cif,CuHC4O3,False,False,-0.20597854636990207,0.14306361389834307,0.18913494331402203,2.5852239851953995e+25,3.417753673141659e+25,2.7268008935398664,1.4997404914469266,1.3220338712288924,54,4,8.666666666666666,0.688888888888889,0.577510822409416,0.1111111111111111
finetune_000006,Ho(CO2)4,HF_COREMOF_GCMC,/home/rakeyma/Tüm_çalışmalar/MOF Radyoaktif Gaz Adsorpsiyonu/data/processed/cif/finetune_000006.cif,Ho(CO2)4,False,False,-0.4785943460144064,0.14997836171222506,0.25281674030478984,2.4414133620380375e+25,4.115461463109865e+25,4.837021143375599,2.6603616288565797,1.6856881047273249,52,3,11.923076923076923,0.7192307692307693,0.9079035680560402,0.07692307692307693
finetune_000007,CoHC4O3,HF_COREMOF_GCMC,/home/rakeyma/Tüm_çalışmalar/MOF Radyoaktif Gaz Adsorpsiyonu/data/processed/cif/finetune_000007.cif,CoHC4O3,False,False,-0.30168744698035965,0.20272234461597277,0.24081560498963828,3.3889723538711354e+25,4.025789210541387e+25,3.325674945771934,1.8291212201745637,1.1879085428191327,54,4,8.444444444444445,0.688888888888889,0.5829397481729994,0.1111111111111111
finetune_000008,Ho(CO2)4,HF_COREMOF_GCMC,/home/rakeyma/Tüm_çalışmalar/MOF Radyoaktif Gaz Adsorpsiyonu/data/processed/cif/finetune_000008.cif,Ho(CO2)4,False,False,-0.4785943460144064,0.14997836171222506,0.25281674030478984,2.4414133620380375e+25,4.115461463109865e+25,4.837021143375599,2.6603616288565797,1.6856881047273249,52,3,11.923076923076923,0.7192307692307693,0.9079035680560402,0.07692307692307693
finetune_000009,CuHC4O3,HF_COREMOF_GCMC,/home/rakeyma/Tüm_çalışmalar/MOF Radyoaktif Gaz Adsorpsiyonu/data/processed/cif/finetune_000009.cif,CuHC4O3,False,False,-0.20597854636990207,0.14306361389834307,0.18913494331402203,2.5852239851953995e+25,3.417753673141659e+25,2.7268008935398664,1.4997404914469266,1.3220338712288924,54,4,8.666666666666666,0.688888888888889,0.577510822409416,0.1111111111111111
finetune_000010,SmH9(C2O)6,HF_COREMOF_GCMC,/home/rakeyma/Tüm_çalışmalar/MOF Radyoaktif Gaz Adsorpsiyonu/data/processed/cif/finetune_000010.cif,SmH9(C2O)6,False,False,-0.5533311169052184,0.033113620854002664,0.05,8.2408418593811e+24,1.244328111340469e+25,1.8852289118300725,1.2,1.5099526632997664,56,4,6.821428571428571,0.5750000000000001,0.8128037893612454,0.03571428571428571
finetune_000011,LaC12(ClO)6,HF_COREMOF_GCMC,/home/rakeyma/Tüm_çalışmalar/MOF Radyoaktif Gaz Adsorpsiyonu/data/processed/cif/finetune_000011.cif,LaC12(ClO)6,False,False,-0.5688211219557444,0.027855608691282376,0.05,5.564325439575443e+24,9.987800843348366e+24,1.9871936116040632,1.2,1.7949706486093728,50,4,11.16,0.7979999999999999,0.9036142705823099,0.04
finetune_000012,AlPC2O3F,HF_COREMOF_GCMC,/home/rakeyma/Tüm_çalışmalar/MOF Radyoaktif Gaz Adsorpsiyonu/data/processed/cif/finetune_000012.cif,AlPC2O3F,False,False,-0.4080257540944188,0.05086012839542326,0.07780803109458789,1.7197507043226284e+25,2.630949242529157e+25,1.5,1.2,1.5298433871352473,32,5,9.125,0.7437499999999999,0.853477591972982,0.125
finetune_000013,CuH8(C2N)4,HF_COREMOF_GCMC,/home/rakeyma/Tüm_çalışmalar/MOF Radyoaktif Gaz Adsorpsiyonu/data/processed/cif/finetune_000013.cif,CuH8(C2N)4,False,False,-0.3595788678012127,0.05556521108350604,0.06374764214332951,3.752883638938055e+25,4.305526399621553e+25,1.7305181678393637,1.2,1.1472581656807983,21,4,5.380952380952381,0.55,0.4242861652234256,0.047619047619047616
finetune_000014,Yb(CO2)4,HF_COREMOF_GCMC,/home/rakeyma/Tüm_çalışmalar/MOF Radyoaktif Gaz Adsorpsiyonu/data/processed/cif/finetune_000014.cif,Yb(CO2)4,False,False,-0.2276657727356584,0.10933107061073145,0.20330193716306155,3.835293045214321e+25,7.1317558798656345e+25,3.805963847844579,2.093280116314519,1.859507421151205,26,3,12.153846153846153,0.7192307692307693,0.964376597715966,0.07692307692307693
finetune_000015,CuHC4O3,HF_COREMOF_GCMC,/home/rakeyma/Tüm_çalışmalar/MOF Radyoaktif Gaz Adsorpsiyonu/data/processed/cif/finetune_000015.cif,CuHC4O3,False,False,-0.20597854636990207,0.14306361389834307,0.18913494331402203,2.5852239851953995e+25,3.417753673141659e+25,2.7268008935398664,1.4997404914469266,1.3220338712288924,54,4,8.666666666666666,0.688888888888889,0.577510822409416,0.1111111111111111
finetune_000016,ErH4(CO2)4,HF_COREMOF_GCMC,/home/rakeyma/Tüm_çalışmalar/MOF Radyoaktif Gaz Adsorpsiyonu/data/processed/cif/finetune_000016.cif,ErH4(CO2)4,False,False,-0.2729219457086594,0.023600667038622233,0.05,9.4800095235009e+24,2.008419827284324e+25,1.5,1.2,2.1185841873950237,34,4,9.411764705882353,0.6088235294117648,0.7877935960643498,0.058823529411764705
finetune_000017,CoH9C13(N2O)2,HF_COREMOF_GCMC,/home/rakeyma/Tüm_çalışmalar/MOF Radyoaktif Gaz Adsorpsiyonu/data/processed/cif/finetune_000017.cif,CoH9C13(N2O)2,False,False,-0.43165131742136087,0.03929864632399415,0.05,1.0547736028047207e+25,1.3419973732793931e+25,1.584030555260851,1.2,1.2723084553035109,58,5,5.448275862068965,0.5689655172413793,0.5617259118110896,0.034482758620689655
finetune_000018,CoHC4O3,HF_COREMOF_GCMC,/home/rakeyma/Tüm_çalışmalar/MOF Radyoaktif Gaz Adsorpsiyonu/data/processed/cif/finetune_000018.cif,CoHC4O3,False,False,-0.30168744698035965,0.20272234461597277,0.24081560498963828,3.3889723538711354e+25,4.025789210541387e+25,3.325674945771934,1.8291212201745637,1.1879085428191327,54,4,8.444444444444445,0.688888888888889,0.5829397481729994,0.1111111111111111
finetune_000019,CoHC4O3,HF_COREMOF_GCMC,/home/rakeyma/Tüm_çalışmalar/MOF Radyoaktif Gaz Adsorpsiyonu/data/processed/cif/finetune_000019.cif,CoHC4O3,False,False,-0.30168744698035965,0.20272234461597277,0.24081560498963828,3.3889723538711354e+25,4.025789210541387e+25,3.325674945771934,1.8291212201745637,1.1879085428191327,54,4,8.444444444444445,0.688888888888889,0.5829397481729994,0.1111111111111111
finetune_000020,Ho(CO2)4,HF_COREMOF_GCMC,/home/rakeyma/Tüm_çalışmalar/MOF Radyoaktif Gaz Adsorpsiyonu/data/processed/cif/finetune_000020.cif,Ho(CO2)4,False,False,-0.4785943460144064,0.14997836171222506,0.25281674030478984,2.4414133620380375e+25,4.115461463109865e+25,4.837021143375599,2.6603616288565797,1.6856881047273249,52,3,11.923076923076923,0.7192307692307693,0.9079035680560402,0.07692307692307693
finetune_000021,EuHC6N2O5,HF_COREMOF_GCMC,/home/rakeyma/Tüm_çalışmalar/MOF Radyoaktif Gaz Adsorpsiyonu/data/processed/cif/finetune_000021.cif,EuHC6N2O5,False,False,-0.27288817714981606,0.026663069368171966,0.05,6.59103069616188e+24,1.235984988290522e+25,2.179271850871295,1.2,1.8752529691756201,45,5,10.266666666666667,0.7066666666666668,0.768988946604566,0.06666666666666667
finetune_000022,NiPC3NO3,HF_COREMOF_GCMC,/home/rakeyma/Tüm_çalışmalar/MOF Radyoaktif Gaz Adsorpsiyonu/data/processed/cif/finetune_000022.cif,NiPC3NO3,False,False,-0.34859336670466917,0.18032553057819853,0.24006455958428397,2.8074524444819397e+25,3.7375175466133446e+25,3.0524746918998127,1.6788610805448971,1.3312843656388382,54,5,10.222222222222221,0.7666666666666667,0.5554313638965664,0.1111111111111111
finetune_000023,Ho(CO2)4,HF_COREMOF_GCMC,/home/rakeyma/Tüm_çalışmalar/MOF Radyoaktif Gaz Adsorpsiyonu/data/processed/cif/finetune_000023.cif,Ho(CO2)4,False,False,-0.4785943460144064,0.14997836171222506,0.25281674030478984,2.4414133620380375e+25,4.115461463109865e+25,4.837021143375599,2.6603616288565797,1.6856881047273249,52,3,11.923076923076923,0.7192307692307693,0.9079035680560402,0.07692307692307693
finetune_000024,TbH2C5O6,HF_COREMOF_GCMC,/home/rakeyma/Tüm_çalışmalar/MOF Radyoaktif Gaz Adsorpsiyonu/data/processed/cif/finetune_000024.cif,TbH2C5O6,False,False,-0.5801692033466341,0.024106507108901363,0.05,5.19364682630987e+24,1.0772292316857692e+25,2.040859243064058,1.2,2.074128772539487,56,4,10.357142857142858,0.6678571428571427,0.8381639159496189,0.07142857142857142
finetune_000025,Ho(CO2)4,HF_COREMOF_GCMC,/home/rakeyma/Tüm_çalışmalar/MOF Radyoaktif Gaz Adsorpsiyonu/data/processed/cif/finetune_000025.cif,Ho(CO2)4,False,False,-0.4785943460144064,0.14997836171222506,0.25281674030478984,2.4414133620380375e+25,4.115461463109865e+25,4.837021143375599,2.6603616288565797,1.6856881047273249,52,3,11.923076923076923,0.7192307692307693,0.9079035680560402,0.07692307692307693
finetune_000026,MnHC4O3,HF_COREMOF_GCMC,/home/rakeyma/Tüm_çalışmalar/MOF Radyoaktif Gaz Adsorpsiyonu/data/processed/cif/finetune_000026.cif,MnHC4O3,False,False,-0.35667302523190136,0.250478780251175,0.27327521048561265,3.946863419937481e+25,4.306073076369193e+25,3.5594545584836754,1.9577000071660215,1.0910114230498005,54,4,8.222222222222221,0.6944444444444445,0.6822206387965699,0.1111111111111111
finetune_000027,CoHC4O3,HF_COREMOF_GCMC,/home/rakeyma/Tüm_çalışmalar/MOF Radyoaktif Gaz Adsorpsiyonu/data/processed/cif/finetune_000027.cif,CoHC4O3,False,False,-0.30168744698035965,0.20272234461597277,0.24081560498963828,3.3889723538711354e+25,4.025789210541387e+25,3.325674945771934,1.8291212201745637,1.1879085428191327,54,4,8.444444444444445,0.688888888888889,0.5829397481729994,0.1111111111111111
finetune_000028,CuHC4O3,HF_COREMOF_GCMC,/home/rakeyma/Tüm_çalışmalar/MOF Radyoaktif Gaz Adsorpsiyonu/data/processed/cif/finetune_000028.cif,CuHC4O3,False,False,-0.20597854636990207,0.14306361389834307,0.18913494331402203,2.5852239851953995e+25,3.417753673141659e+25,2.7268008935398664,1.4997404914469266,1.3220338712288924,54,4,8.666666666666666,0.688888888888889,0.577510822409416,0.1111111111111111
finetune_000029,PrH4(C3O4)2,HF_COREMOF_GCMC,/home/rakeyma/Tüm_çalışmalar/MOF Radyoaktif Gaz Adsorpsiyonu/data/processed/cif/finetune_000029.cif,PrH4(C3O4)2,False,False,-0.2932541461957817,0.026923411635638637,0.05,6.362688521709699e+24,1.1816274638254576e+25,2.2767644146902857,1.2522204280796572,1.8571197690940024,57,4,8.578947368421053,0.6236842105263158,0.8272544953035915,0.05263157894736842
finetune_000030,Ho(CO2)4,HF_COREMOF_GCMC,/home/rakeyma/Tüm_çalışmalar/MOF Radyoaktif Gaz Adsorpsiyonu/data/processed/cif/finetune_000030.cif,Ho(CO2)4,False,False,-0.4785943460144064,0.14997836171222506,0.25281674030478984,2.4414133620380375e+25,4.115461463109865e+25,4.837021143375599,2.6603616288565797,1.6856881047273249,52,3,11.923076923076923,0.7192307692307693,0.9079035680560402,0.07692307692307693
finetune_000031,Fe2C4Cl2O9,HF_COREMOF_GCMC,/home/rakeyma/Tüm_çalışmalar/MOF Radyoaktif Gaz Adsorpsiyonu/data/processed/cif/finetune_000031.cif,Fe2C4Cl2O9,False,False,-0.19166179001917397,0.11039892674188669,0.17194972198736236,3.022556998070554e+25,4.707725435812568e+25,3.6217121208939003,1.9919416664916454,1.557530739310372,34,4,10.705882352941176,0.7647058823529411,0.6185668920981788,0.11764705882352941
finetune_000032,Ho(CO2)4,HF_COREMOF_GCMC,/home/rakeyma/Tüm_çalışmalar/MOF Radyoaktif Gaz Adsorpsiyonu/data/processed/cif/finetune_000032.cif,Ho(CO2)4,False,False,-0.4785943460144064,0.14997836171222506,0.25281674030478984,2.4414133620380375e+25,4.115461463109865e+25,4.837021143375599,2.6603616288565797,1.6856881047273249,52,3,11.923076923076923,0.7192307692307693,0.9079035680560402,0.07692307692307693
finetune_000033,NiH2(C5O4)2,HF_COREMOF_GCMC,/home/rakeyma/Tüm_çalışmalar/MOF Radyoaktif Gaz Adsorpsiyonu/data/processed/cif/finetune_000033.cif,NiH2(C5O4)2,False,False,-0.337802224968648,0.09650883224578254,0.11892371212094677,2.53603086768485e+25,3.12504252533392e+25,2.471562703285617,1.3593594868070893,1.2322572903802156,42,4,7.333333333333333,0.6500000000000001,0.5748260606479145,0.047619047619047616
finetune_000034,CoHC4O3,HF_COREMOF_GCMC,/home/rakeyma/Tüm_çalışmalar/MOF Radyoaktif Gaz Adsorpsiyonu/data/processed/cif/finetune_000034.cif,CoHC4O3,False,False,-0.30168744698035965,0.20272234461597277,0.24081560498963828,3.3889723538711354e+25,4.025789210541387e+25,3.325674945771934,1.8291212201745637,1.1879085428191327,54,4,8.444444444444445,0.688888888888889,0.5829397481729994,0.1111111111111111
finetune_000035,CoH4(C3O2)2,HF_COREMOF_GCMC,/home/rakeyma/Tüm_çalışmalar/MOF Radyoaktif Gaz Adsorpsiyonu/data/processed/cif/finetune_000035.cif,CoH4(C3O2)2,False,False,-0.32840939587086077,0.09139525219719186,0.11256595737159547,3.724561264952296e+25,4.587314926096322e+25,2.360973354343989,1.2985353448891939,1.231639003837161,30,4,6.6,0.5966666666666668,0.5829397481729994,0.06666666666666667
finetune_000036,Ho(CO2)4,HF_COREMOF_GCMC,/home/rakeyma/Tüm_çalışmalar/MOF Radyoaktif Gaz Adsorpsiyonu/data/processed/cif/finetune_000036.cif,Ho(CO2)4,False,False,-0.4785943460144064,0.14997836171222506,0.25281674030478984,2.4414133620380375e+25,4.115461463109865e+25,4.837021143375599,2.6603616288565797,1.6856881047273249,52,3,11.923076923076923,0.7192307692307693,0.9079035680560402,0.07692307692307693
finetune_000037,SmH9(C2O)6,HF_COREMOF_GCMC,/home/rakeyma/Tüm_çalışmalar/MOF Radyoaktif Gaz Adsorpsiyonu/data/processed/cif/finetune_000037.cif,SmH9(C2O)6,False,False,-0.5533311169052184,0.033113620854002664,0.05,8.2408418593811e+24,1.244328111340469e+25,1.8852289118300725,1.2,1.5099526632997664,56,4,6.821428571428571,0.5750000000000001,0.8128037893612454,0.03571428571428571
finetune_000038,CoHC4O3,HF_COREMOF_GCMC,/home/rakeyma/Tüm_çalışmalar/MOF Radyoaktif Gaz Adsorpsiyonu/data/processed/cif/finetune_000038.cif,CoHC4O3,False,False,-0.30168744698035965,0.20272234461597277,0.24081560498963828,3.3889723538711354e+25,4.025789210541387e+25,3.325674945771934,1.8291212201745637,1.1879085428191327,54,4,8.444444444444445,0.688888888888889,0.5829397481729994,0.1111111111111111
finetune_000039,CuH8(C2N)4,HF_COREMOF_GCMC,/home/rakeyma/Tüm_çalışmalar/MOF Radyoaktif Gaz Adsorpsiyonu/data/processed/cif/finetune_000039.cif,CuH8(C2N)4,False,False,-0.3595788678012127,0.05556521108350604,0.06374764214332951,3.752883638938055e+25,4.305526399621553e+25,1.7305181678393637,1.2,1.1472581656807983,21,4,5.380952380952381,0.55,0.4242861652234256,0.047619047619047616
finetune_000040,CoHC4O3,HF_COREMOF_GCMC,/home/rakeyma/Tüm_çalışmalar/MOF Radyoaktif Gaz Adsorpsiyonu/data/processed/cif/finetune_000040.cif,CoHC4O3,False,False,-0.30168744698035965,0.20272234461597277,0.24081560498963828,3.3889723538711354e+25,4.025789210541387e+25,3.325674945771934,1.8291212201745637,1.1879085428191327,54,4,8.444444444444445,0.688888888888889,0.5829397481729994,0.1111111111111111
finetune_000041,Ho(CO2)4,HF_COREMOF_GCMC,/home/rakeyma/Tüm_çalışmalar/MOF Radyoaktif Gaz Adsorpsiyonu/data/processed/cif/finetune_000041.cif,Ho(CO2)4,False,False,-0.4785943460144064,0.14997836171222506,0.25281674030478984,2.4414133620380375e+25,4.115461463109865e+25,4.837021143375599,2.6603616288565797,1.6856881047273249,52,3,11.923076923076923,0.7192307692307693,0.9079035680560402,0.07692307692307693
finetune_000042,Ho(CO2)4,HF_COREMOF_GCMC,/home/rakeyma/Tüm_çalışmalar/MOF Radyoaktif Gaz Adsorpsiyonu/data/processed/cif/finetune_000042.cif,Ho(CO2)4,False,False,-0.4785943460144064,0.14997836171222506,0.25281674030478984,2.4414133620380375e+25,4.115461463109865e+25,4.837021143375599,2.6603616288565797,1.6856881047273249,52,3,11.923076923076923,0.7192307692307693,0.9079035680560402,0.07692307692307693
finetune_000043,MgH3(CO2)3,HF_COREMOF_GCMC,/home/rakeyma/Tüm_çalışmalar/MOF Radyoaktif Gaz Adsorpsiyonu/data/processed/cif/finetune_000043.cif,MgH3(CO2)3,False,False,-0.2555940590495932,0.11726612878003695,0.1414060559937077,2.9217665416605936e+25,3.5232294908070165e+25,3.1553513543091047,1.7354432448700077,1.205855923315687,52,4,6.230769230769231,0.6115384615384617,0.7631677404083587,0.07692307692307693
finetune_000044,CuHC4O3,HF_COREMOF_GCMC,/home/rakeyma/Tüm_çalışmalar/MOF Radyoaktif Gaz Adsorpsiyonu/data/processed/cif/finetune_000044.cif,CuHC4O3,False,False,-0.20597854636990207,0.14306361389834307,0.18913494331402203,2.5852239851953995e+25,3.417753673141659e+25,2.7268008935398664,1.4997404914469266,1.3220338712288924,54,4,8.666666666666666,0.688888888888889,0.577510822409416,0.1111111111111111
finetune_000045,ErH4(CO2)4,HF_COREMOF_GCMC,/home/rakeyma/Tüm_çalışmalar/MOF Radyoaktif Gaz Adsorpsiyonu/data/processed/cif/finetune_000045.cif,ErH4(CO2)4,False,False,-0.2729219457086594,0.023600667038622233,0.05,9.4800095235009e+24,2.008419827284324e+25,1.5,1.2,2.1185841873950237,34,4,9.411764705882353,0.6088235294117648,0.7877935960643498,0.058823529411764705
finetune_000046,NiH9C11(NO)2,HF_COREMOF_GCMC,/home/rakeyma/Tüm_çalışmalar/MOF Radyoaktif Gaz Adsorpsiyonu/data/processed/cif/finetune_000046.cif,NiH9C11(NO)2,False,False,-0.4316147466124268,0.11050820778470832,0.11439936982589449,2.8987157079593816e+25,3.0007838959891437e+25,2.7487932508246935,1.5118362879535816,1.035211520657062,50,5,5.32,0.552,0.5538736317970011,0.04
finetune_000047,Ho(CO2)4,HF_COREMOF_GCMC,/home/rakeyma/Tüm_çalışmalar/MOF Radyoaktif Gaz Adsorpsiyonu/data/processed/cif/finetune_000047.cif,Ho(CO2)4,False,False,-0.4785943460144064,0.14997836171222506,0.25281674030478984,2.4414133620380375e+25,4.115461463109865e+25,4.837021143375599,2.6603616288565797,1.6856881047273249,52,3,11.923076923076923,0.7192307692307693,0.9079035680560402,0.07692307692307693
finetune_000048,ErH4(CO2)4,HF_COREMOF_GCMC,/home/rakeyma/Tüm_çalışmalar/MOF Radyoaktif Gaz Adsorpsiyonu/data/processed/cif/finetune_000048.cif,ErH4(CO2)4,False,False,-0.2729219457086594,0.023600667038622233,0.05,9.4800095235009e+24,2.008419827284324e+25,1.5,1.2,2.1185841873950237,34,4,9.411764705882353,0.6088235294117648,0.7877935960643498,0.058823529411764705
finetune_000049,NiPC3NO3,HF_COREMOF_GCMC,/home/rakeyma/Tüm_çalışmalar/MOF Radyoaktif Gaz Adsorpsiyonu/data/processed/cif/finetune_000049.cif,NiPC3NO3,False,False,-0.3171504197678396,0.17070782543812318,0.23020822226701376,2.692186791180484e+25,3.630551403356974e+25,2.957968170983657,1.6268824940410116,1.3485510794609579,54,5,10.222222222222221,0.7666666666666667,0.5554313638965664,0.1111111111111111
finetune_000050,Ho(CO2)4,HF_COREMOF_GCMC,/home/rakeyma/Tüm_çalışmalar/MOF Radyoaktif Gaz Adsorpsiyonu/data/processed/cif/finetune_000050.cif,Ho(CO2)4,False,False,-0.4785943460144064,0.14997836171222506,0.25281674030478984,2.4414133620380375e+25,4.115461463109865e+25,4.837021143375599,2.6603616288565797,1.6856881047273249,52,3,11.923076923076923,0.7192307692307693,0.9079035680560402,0.07692307692307693
finetune_000051,CoHC4O3,HF_COREMOF_GCMC,/home/rakeyma/Tüm_çalışmalar/MOF Radyoaktif Gaz Adsorpsiyonu/data/processed/cif/finetune_000051.cif,CoHC4O3,False,False,-0.30168744698035965,0.20272234461597277,0.24081560498963828,3.3889723538711354e+25,4.025789210541387e+25,3.325674945771934,1.8291212201745637,1.1879085428191327,54,4,8.444444444444445,0.688888888888889,0.5829397481729994,0.1111111111111111
finetune_000052,ZnHC4O3,HF_COREMOF_GCMC,/home/rakeyma/Tüm_çalışmalar/MOF Radyoaktif Gaz Adsorpsiyonu/data/processed/cif/finetune_000052.cif,ZnHC4O3,False,False,-0.2677312773291185,0.20687860416176837,0.2515640963015523,3.3991159257691533e+25,4.133320260715269e+25,3.442719217267522,1.8934955694971374,1.2159986158106626,54,4,8.777777777777779,0.688888888888889,0.6504229393248673,0.1111111111111111
finetune_000053,Ho(CO2)4,HF_COREMOF_GCMC,/home/rakeyma/Tüm_çalışmalar/MOF Radyoaktif Gaz Adsorpsiyonu/data/processed/cif/finetune_000053.cif,Ho(CO2)4,False,False,-0.4785943460144064,0.14997836171222506,0.25281674030478984,2.4414133620380375e+25,4.115461463109865e+25,4.837021143375599,2.6603616288565797,1.6856881047273249,52,3,11.923076923076923,0.7192307692307693,0.9079035680560402,0.07692307692307693
finetune_000054,CoPC3NO3,HF_COREMOF_GCMC,/home/rakeyma/Tüm_çalışmalar/MOF Radyoaktif Gaz Adsorpsiyonu/data/processed/cif/finetune_000054.cif,CoPC3NO3,False,False,-0.339007787587708,0.18989651439432215,0.24830970135903974,2.900170840812462e+25,3.7922789560895155e+25,3.13185845514548,1.722522150330014,1.3076053668021625,54,5,10.11111111111111,0.7666666666666667,0.5632406235349152,0.1111111111111111
finetune_000055,ZnHC4O3,HF_COREMOF_GCMC,/home/rakeyma/Tüm_çalışmalar/MOF Radyoaktif Gaz Adsorpsiyonu/data/processed/cif/finetune_000055.cif,ZnHC4O3,False,False,-0.2677312773291185,0.20687860416176837,0.2515640963015523,3.3991159257691533e+25,4.133320260715269e+25,3.442719217267522,1.8934955694971374,1.2159986158106626,54,4,8.777777777777779,0.688888888888889,0.6504229393248673,0.1111111111111111
finetune_000056,ErH4(CO2)4,HF_COREMOF_GCMC,/home/rakeyma/Tüm_çalışmalar/MOF Radyoaktif Gaz Adsorpsiyonu/data/processed/cif/finetune_000056.cif,ErH4(CO2)4,False,False,-0.2729219457086594,0.023600667038622233,0.05,9.4800095235009e+24,2.008419827284324e+25,1.5,1.2,2.1185841873950237,34,4,9.411764705882353,0.6088235294117648,0.7877935960643498,0.058823529411764705
finetune_000057,CrH5C8O5,HF_COREMOF_GCMC,/home/rakeyma/Tüm_çalışmalar/MOF Radyoaktif Gaz Adsorpsiyonu/data/processed/cif/finetune_000057.cif,CrH5C8O5,False,False,-0.1996028447800176,0.17789152380917048,0.18534084844974164,5.2356922155067925e+25,5.454940272953646e+25,2.9326498508797854,1.6129574179838821,1.0418756581598696,38,4,6.157894736842105,0.5921052631578949,0.647316576336494,0.05263157894736842
finetune_000058,ZnCrH18C14(N2O)2,HF_COREMOF_GCMC,/home/rakeyma/Tüm_çalışmalar/MOF Radyoaktif Gaz Adsorpsiyonu/data/processed/cif/finetune_000058.cif,ZnCrH18C14(N2O)2,False,False,-0.47606208845416387,0.09604547402800646,0.10185166600708184,3.4245074118772756e+25,3.6315275517469388e+25,2.2145268798608373,1.2179897839234606,1.0604525308228716,40,6,5.0,0.52125,0.6658995586589784,0.05
finetune_000059,Ho(CO2)4,HF_COREMOF_GCMC,/home/rakeyma/Tüm_çalışmalar/MOF Radyoaktif Gaz Adsorpsiyonu/data/processed/cif/finetune_000059.cif,Ho(CO2)4,False,False,-0.4785943460144064,0.14997836171222506,0.25281674030478984,2.4414133620380375e+25,4.115461463109865e+25,4.837021143375599,2.6603616288565797,1.6856881047273249,52,3,11.923076923076923,0.7192307692307693,0.9079035680560402,0.07692307692307693
finetune_000060,MgH6C8S2(NO)4,HF_COREMOF_GCMC,/home/rakeyma/Tüm_çalışmalar/MOF Radyoaktif Gaz Adsorpsiyonu/data/processed/cif/finetune_000060.cif,MgH6C8S2(NO)4,False,False,-0.5201537452132456,0.3052292661117404,0.28763886436227715,6.098681039384603e+25,5.747213268973177e+25,4.079784268198212,2.2438813475090167,0.9423698717572395,50,6,6.32,0.6240000000000001,0.6693031201680346,0.04
finetune_000061,MgPHCO6,HF_COREMOF_GCMC,/home/rakeyma/Tüm_çalışmalar/MOF Radyoaktif Gaz Adsorpsiyonu/data/processed/cif/finetune_000061.cif,MgPHCO6,False,False,-0.3514950327118205,0.09183493617924217,0.13499857555114858,2.705562218012952e+25,3.977212384444526e+25,1.9888527039069894,1.2,1.4700132778190231,40,5,8.2,0.7050000000000001,0.6865974075103983,0.1
finetune_000062,MgPHCO6,HF_COREMOF_GCMC,/home/rakeyma/Tüm_çalışmalar/MOF Radyoaktif Gaz Adsorpsiyonu/data/processed/cif/finetune_000062.cif,MgPHCO6,False,False,-0.3514950327118205,0.09183493617924217,0.13499857555114858,2.705562218012952e+25,3.977212384444526e+25,1.9888527039069894,1.2,1.4700132778190231,40,5,8.2,0.7050000000000001,0.6865974075103983,0.1
finetune_000063,EuHC6N2O5,HF_COREMOF_GCMC,/home/rakeyma/Tüm_çalışmalar/MOF Radyoaktif Gaz Adsorpsiyonu/data/processed/cif/finetune_000063.cif,EuHC6N2O5,False,False,-0.27288817714981606,0.026663069368171966,0.05,6.59103069616188e+24,1.235984988290522e+25,2.179271850871295,1.2,1.8752529691756201,45,5,10.266666666666667,0.7066666666666668,0.768988946604566,0.06666666666666667
finetune_000064,Ho(CO2)4,HF_COREMOF_GCMC,/home/rakeyma/Tüm_çalışmalar/MOF Radyoaktif Gaz Adsorpsiyonu/data/processed/cif/finetune_000064.cif,Ho(CO2)4,False,False,-0.4785943460144064,0.14997836171222506,0.25281674030478984,2.4414133620380375e+25,4.115461463109865e+25,4.837021143375599,2.6603616288565797,1.6856881047273249,52,3,11.923076923076923,0.7192307692307693,0.9079035680560402,0.07692307692307693
finetune_000065,MnHC3N3Cl,HF_COREMOF_GCMC,/home/rakeyma/Tüm_çalışmalar/MOF Radyoaktif Gaz Adsorpsiyonu/data/processed/cif/finetune_000065.cif,MnHC3N3Cl,False,False,-0.3158415251168576,0.24213078848637803,0.28296294032432157,3.665584283877443e+25,4.283736543611582e+25,4.435337482107187,2.4394356151589527,1.168636760707698,54,5,9.11111111111111,0.7444444444444445,0.586890108964191,0.1111111111111111
finetune_000066,ZnHC4O3,HF_COREMOF_GCMC,/home/rakeyma/Tüm_çalışmalar/MOF Radyoaktif Gaz Adsorpsiyonu/data/processed/cif/finetune_000066.cif,ZnHC4O3,False,False,-0.2677312773291185,0.20687860416176837,0.2515640963015523,3.3991159257691533e+25,4.133320260715269e+25,3.442719217267522,1.8934955694971374,1.2159986158106626,54,4,8.777777777777779,0.688888888888889,0.6504229393248673,0.1111111111111111
finetune_000067,CuHC4O3,HF_COREMOF_GCMC,/home/rakeyma/Tüm_çalışmalar/MOF Radyoaktif Gaz Adsorpsiyonu/data/processed/cif/finetune_000067.cif,CuHC4O3,False,False,-0.20597854636990207,0.14306361389834307,0.18913494331402203,2.5852239851953995e+25,3.417753673141659e+25,2.7268008935398664,1.4997404914469266,1.3220338712288924,54,4,8.666666666666666,0.688888888888889,0.577510822409416,0.1111111111111111
finetune_000068,CoHC4O3,HF_COREMOF_GCMC,/home/rakeyma/Tüm_çalışmalar/MOF Radyoaktif Gaz Adsorpsiyonu/data/processed/cif/finetune_000068.cif,CoHC4O3,False,False,-0.30168744698035965,0.20272234461597277,0.24081560498963828,3.3889723538711354e+25,4.025789210541387e+25,3.325674945771934,1.8291212201745637,1.1879085428191327,54,4,8.444444444444445,0.688888888888889,0.5829397481729994,0.1111111111111111
finetune_000069,CuHC4O3,HF_COREMOF_GCMC,/home/rakeyma/Tüm_çalışmalar/MOF Radyoaktif Gaz Adsorpsiyonu/data/processed/cif/finetune_000069.cif,CuHC4O3,False,False,-0.20597854636990207,0.14306361389834307,0.18913494331402203,2.5852239851953995e+25,3.417753673141659e+25,2.7268008935398664,1.4997404914469266,1.3220338712288924,54,4,8.666666666666666,0.688888888888889,0.577510822409416,0.1111111111111111
finetune_000070,ZnHC4O3,HF_COREMOF_GCMC,/home/rakeyma/Tüm_çalışmalar/MOF Radyoaktif Gaz Adsorpsiyonu/data/processed/cif/finetune_000070.cif,ZnHC4O3,False,False,-0.2677312773291185,0.20687860416176837,0.2515640963015523,3.3991159257691533e+25,4.133320260715269e+25,3.442719217267522,1.8934955694971374,1.2159986158106626,54,4,8.777777777777779,0.688888888888889,0.6504229393248673,0.1111111111111111
finetune_000071,YH4(CO2)4,HF_COREMOF_GCMC,/home/rakeyma/Tüm_çalışmalar/MOF Radyoaktif Gaz Adsorpsiyonu/data/processed/cif/finetune_000071.cif,YH4(CO2)4,False,False,-0.2927306989086387,0.02906006822972668,0.05,1.224155585179548e+25,2.1062503630451072e+25,1.5,1.2,1.7205740745251605,34,4,7.705882352941177,0.6117647058823531,0.7949017234853627,0.058823529411764705
finetune_000072,CoHC4O3,HF_COREMOF_GCMC,/home/rakeyma/Tüm_çalışmalar/MOF Radyoaktif Gaz Adsorpsiyonu/data/processed/cif/finetune_000072.cif,CoHC4O3,False,False,-0.30168744698035965,0.20272234461597277,0.24081560498963828,3.3889723538711354e+25,4.025789210541387e+25,3.325674945771934,1.8291212201745637,1.1879085428191327,54,4,8.444444444444445,0.688888888888889,0.5829397481729994,0.1111111111111111
finetune_000073,CoHC4O3,HF_COREMOF_GCMC,/home/rakeyma/Tüm_çalışmalar/MOF Radyoaktif Gaz Adsorpsiyonu/data/processed/cif/finetune_000073.cif,CoHC4O3,False,False,-0.30168744698035965,0.20272234461597277,0.24081560498963828,3.3889723538711354e+25,4.025789210541387e+25,3.325674945771934,1.8291212201745637,1.1879085428191327,54,4,8.444444444444445,0.688888888888889,0.5829397481729994,0.1111111111111111
finetune_000074,LaC12(ClO)6,HF_COREMOF_GCMC,/home/rakeyma/Tüm_çalışmalar/MOF Radyoaktif Gaz Adsorpsiyonu/data/processed/cif/finetune_000074.cif,LaC12(ClO)6,False,False,-0.5688211219557444,0.027855608691282376,0.05,5.564325439575443e+24,9.987800843348366e+24,1.9871936116040632,1.2,1.7949706486093728,50,4,11.16,0.7979999999999999,0.9036142705823099,0.04
finetune_000075,PrH4(C3O4)2,HF_COREMOF_GCMC,/home/rakeyma/Tüm_çalışmalar/MOF Radyoaktif Gaz Adsorpsiyonu/data/processed/cif/finetune_000075.cif,PrH4(C3O4)2,False,False,-0.2932541461957817,0.026923411635638637,0.05,6.362688521709699e+24,1.1816274638254576e+25,2.2767644146902857,1.2522204280796572,1.8571197690940024,57,4,8.578947368421053,0.6236842105263158,0.8272544953035915,0.05263157894736842
finetune_000076,CrH5C8O5,HF_COREMOF_GCMC,/home/rakeyma/Tüm_çalışmalar/MOF Radyoaktif Gaz Adsorpsiyonu/data/processed/cif/finetune_000076.cif,CrH5C8O5,False,False,-0.1996028447800176,0.17789152380917048,0.18534084844974164,5.2356922155067925e+25,5.454940272953646e+25,2.9326498508797854,1.6129574179838821,1.0418756581598696,38,4,6.157894736842105,0.5921052631578949,0.647316576336494,0.05263157894736842
finetune_000077,LaC12(ClO)6,HF_COREMOF_GCMC,/home/rakeyma/Tüm_çalışmalar/MOF Radyoaktif Gaz Adsorpsiyonu/data/processed/cif/finetune_000077.cif,LaC12(ClO)6,False,False,-0.5688211219557444,0.027855608691282376,0.05,5.564325439575443e+24,9.987800843348366e+24,1.9871936116040632,1.2,1.7949706486093728,50,4,11.16,0.7979999999999999,0.9036142705823099,0.04
finetune_000078,ZnCrH18C14(N2O)2,HF_COREMOF_GCMC,/home/rakeyma/Tüm_çalışmalar/MOF Radyoaktif Gaz Adsorpsiyonu/data/processed/cif/finetune_000078.cif,ZnCrH18C14(N2O)2,False,False,-0.47606208845416387,0.09604547402800646,0.10185166600708184,3.4245074118772756e+25,3.6315275517469388e+25,2.2145268798608373,1.2179897839234606,1.0604525308228716,40,6,5.0,0.52125,0.6658995586589784,0.05
finetune_000079,MgPHCO6,HF_COREMOF_GCMC,/home/rakeyma/Tüm_çalışmalar/MOF Radyoaktif Gaz Adsorpsiyonu/data/processed/cif/finetune_000079.cif,MgPHCO6,False,False,-0.3514950327118205,0.09183493617924217,0.13499857555114858,2.705562218012952e+25,3.977212384444526e+25,1.9888527039069894,1.2,1.4700132778190231,40,5,8.2,0.7050000000000001,0.6865974075103983,0.1
finetune_000080,LaC12(ClO)6,HF_COREMOF_GCMC,/home/rakeyma/Tüm_çalışmalar/MOF Radyoaktif Gaz Adsorpsiyonu/data/processed/cif/finetune_000080.cif,LaC12(ClO)6,False,False,-0.5688211219557444,0.027855608691282376,0.05,5.564325439575443e+24,9.987800843348366e+24,1.9871936116040632,1.2,1.7949706486093728,50,4,11.16,0.7979999999999999,0.9036142705823099,0.04
finetune_000081,Ho(CO2)4,HF_COREMOF_GCMC,/home/rakeyma/Tüm_çalışmalar/MOF Radyoaktif Gaz Adsorpsiyonu/data/processed/cif/finetune_000081.cif,Ho(CO2)4,False,False,-0.4785943460144064,0.14997836171222506,0.25281674030478984,2.4414133620380375e+25,4.115461463109865e+25,4.837021143375599,2.6603616288565797,1.6856881047273249,52,3,11.923076923076923,0.7192307692307693,0.9079035680560402,0.07692307692307693
finetune_000082,CuHC4O3,HF_COREMOF_GCMC,/home/rakeyma/Tüm_çalışmalar/MOF Radyoaktif Gaz Adsorpsiyonu/data/processed/cif/finetune_000082.cif,CuHC4O3,False,False,-0.20597854636990207,0.14306361389834307,0.18913494331402203,2.5852239851953995e+25,3.417753673141659e+25,2.7268008935398664,1.4997404914469266,1.3220338712288924,54,4,8.666666666666666,0.688888888888889,0.577510822409416,0.1111111111111111
finetune_000083,CoHC4O3,HF_COREMOF_GCMC,/home/rakeyma/Tüm_çalışmalar/MOF Radyoaktif Gaz Adsorpsiyonu/data/processed/cif/finetune_000083.cif,CoHC4O3,False,False,-0.30168744698035965,0.20272234461597277,0.24081560498963828,3.3889723538711354e+25,4.025789210541387e+25,3.325674945771934,1.8291212201745637,1.1879085428191327,54,4,8.444444444444445,0.688888888888889,0.5829397481729994,0.1111111111111111
finetune_000084,CoHC4O3,HF_COREMOF_GCMC,/home/rakeyma/Tüm_çalışmalar/MOF Radyoaktif Gaz Adsorpsiyonu/data/processed/cif/finetune_000084.cif,CoHC4O3,False,False,-0.30168744698035965,0.20272234461597277,0.24081560498963828,3.3889723538711354e+25,4.025789210541387e+25,3.325674945771934,1.8291212201745637,1.1879085428191327,54,4,8.444444444444445,0.688888888888889,0.5829397481729994,0.1111111111111111
finetune_000085,ZnH3(CO2)3,HF_COREMOF_GCMC,/home/rakeyma/Tüm_çalışmalar/MOF Radyoaktif Gaz Adsorpsiyonu/data/processed/cif/finetune_000085.cif,ZnH3(CO2)3,False,False,-0.24269095618386277,0.052105398663349865,0.07953073960619306,1.3063331714848035e+25,1.993913221383093e+25,2.354517765567317,1.2949847710620246,1.5263435583716922,52,4,7.615384615384615,0.6000000000000001,0.6504229393248673,0.07692307692307693
finetune_000086,Ho(CO2)4,HF_COREMOF_GCMC,/home/rakeyma/Tüm_çalışmalar/MOF Radyoaktif Gaz Adsorpsiyonu/data/processed/cif/finetune_000086.cif,Ho(CO2)4,False,False,-0.4785943460144064,0.14997836171222506,0.25281674030478984,2.4414133620380375e+25,4.115461463109865e+25,4.837021143375599,2.6603616288565797,1.6856881047273249,52,3,11.923076923076923,0.7192307692307693,0.9079035680560402,0.07692307692307693
finetune_000087,FeHC4O3,HF_COREMOF_GCMC,/home/rakeyma/Tüm_çalışmalar/MOF Radyoaktif Gaz Adsorpsiyonu/data/processed/cif/finetune_000087.cif,FeHC4O3,False,False,-0.29345957025858943,0.2132917425616269,0.24421624944712994,3.5062473095194724e+25,4.014607210204248e+25,3.3668647255100255,1.8517755990305143,1.1449868921979853,54,4,8.333333333333334,0.6944444444444445,0.5968458762528228,0.1111111111111111
finetune_000088,CoHC4O3,HF_COREMOF_GCMC,/home/rakeyma/Tüm_çalışmalar/MOF Radyoaktif Gaz Adsorpsiyonu/data/processed/cif/finetune_000088.cif,CoHC4O3,False,False,-0.30168744698035965,0.20272234461597277,0.24081560498963828,3.3889723538711354e+25,4.025789210541387e+25,3.325674945771934,1.8291212201745637,1.1879085428191327,54,4,8.444444444444445,0.688888888888889,0.5829397481729994,0.1111111111111111
finetune_000089,EuHC6N2O5,HF_COREMOF_GCMC,/home/rakeyma/Tüm_çalışmalar/MOF Radyoaktif Gaz Adsorpsiyonu/data/processed/cif/finetune_000089.cif,EuHC6N2O5,False,False,-0.27288817714981606,0.026663069368171966,0.05,6.59103069616188e+24,1.235984988290522e+25,2.179271850871295,1.2,1.8752529691756201,45,5,10.266666666666667,0.7066666666666668,0.768988946604566,0.06666666666666667
finetune_000090,ErH4(CO2)4,HF_COREMOF_GCMC,/home/rakeyma/Tüm_çalışmalar/MOF Radyoaktif Gaz Adsorpsiyonu/data/processed/cif/finetune_000090.cif,ErH4(CO2)4,False,False,-0.2729219457086594,0.023600667038622233,0.05,9.4800095235009e+24,2.008419827284324e+25,1.5,1.2,2.1185841873950237,34,4,9.411764705882353,0.6088235294117648,0.7877935960643498,0.058823529411764705
finetune_000091,ZnHC4O3,HF_COREMOF_GCMC,/home/rakeyma/Tüm_çalışmalar/MOF Radyoaktif Gaz Adsorpsiyonu/data/processed/cif/finetune_000091.cif,ZnHC4O3,False,False,-0.2677312773291185,0.20687860416176837,0.2515640963015523,3.3991159257691533e+25,4.133320260715269e+25,3.442719217267522,1.8934955694971374,1.2159986158106626,54,4,8.777777777777779,0.688888888888889,0.6504229393248673,0.1111111111111111
finetune_000092,AlH5C8O5,HF_COREMOF_GCMC,/home/rakeyma/Tüm_çalışmalar/MOF Radyoaktif Gaz Adsorpsiyonu/data/processed/cif/finetune_000092.cif,AlH5C8O5,False,False,-0.21645545912214337,0.21360919249904964,0.20169697092847594,6.382617227450461e+25,6.026681465866189e+25,2.988357040731488,1.6435963724023186,0.9442335723888536,38,4,5.578947368421052,0.5842105263157897,0.6629856710367125,0.05263157894736842
finetune_000093,EuHC6N2O5,HF_COREMOF_GCMC,/home/rakeyma/Tüm_çalışmalar/MOF Radyoaktif Gaz Adsorpsiyonu/data/processed/cif/finetune_000093.cif,EuHC6N2O5,False,False,-0.27288817714981606,0.026663069368171966,0.05,6.59103069616188e+24,1.235984988290522e+25,2.179271850871295,1.2,1.8752529691756201,45,5,10.266666666666667,0.7066666666666668,0.768988946604566,0.06666666666666667
finetune_000094,CuHC4O3,HF_COREMOF_GCMC,/home/rakeyma/Tüm_çalışmalar/MOF Radyoaktif Gaz Adsorpsiyonu/data/processed/cif/finetune_000094.cif,CuHC4O3,False,False,-0.21778492960460177,0.14987242595586403,0.19636881349759072,2.684101402433429e+25,3.516816414637138e+25,2.7735832734284385,1.5254708003856412,1.3102397738955625,54,4,8.666666666666666,0.688888888888889,0.577510822409416,0.1111111111111111
finetune_000095,Cd3H8(C6O5)4,HF_COREMOF_GCMC,/home/rakeyma/Tüm_çalışmalar/MOF Radyoaktif Gaz Adsorpsiyonu/data/processed/cif/finetune_000095.cif,Cd3H8(C6O5)4,False,False,-0.27154193232315904,0.029379047387483478,0.05,6.906213466629339e+24,1.1753637508293807e+25,2.1092829231755514,1.2,1.7018931669412054,55,4,8.290909090909091,0.6445454545454548,0.6380830666927308,0.05454545454545454
finetune_000096,CoHC4O3,HF_COREMOF_GCMC,/home/rakeyma/Tüm_çalışmalar/MOF Radyoaktif Gaz Adsorpsiyonu/data/processed/cif/finetune_000096.cif,CoHC4O3,False,False,-0.30168744698035965,0.20272234461597277,0.24081560498963828,3.3889723538711354e+25,4.025789210541387e+25,3.325674945771934,1.8291212201745637,1.1879085428191327,54,4,8.444444444444445,0.688888888888889,0.5829397481729994,0.1111111111111111
finetune_000097,GdH6(C2O3)3,HF_COREMOF_GCMC,/home/rakeyma/Tüm_çalışmalar/MOF Radyoaktif Gaz Adsorpsiyonu/data/processed/cif/finetune_000097.cif,GdH6(C2O3)3,False,False,-0.3993625648712235,0.022590590422429595,0.05,8.679646910925667e+24,1.921075710864971e+25,1.5,1.2,2.2133108991412787,44,4,8.090909090909092,0.5863636363636364,0.8020403668145388,0.045454545454545456
finetune_000098,Ho(CO2)4,HF_COREMOF_GCMC,/home/rakeyma/Tüm_çalışmalar/MOF Radyoaktif Gaz Adsorpsiyonu/data/processed/cif/finetune_000098.cif,Ho(CO2)4,False,False,-0.4785943460144064,0.14997836171222506,0.25281674030478984,2.4414133620380375e+25,4.115461463109865e+25,4.837021143375599,2.6603616288565797,1.6856881047273249,52,3,11.923076923076923,0.7192307692307693,0.9079035680560402,0.07692307692307693
finetune_000099,CuHC4O3,HF_COREMOF_GCMC,/home/rakeyma/Tüm_çalışmalar/MOF Radyoaktif Gaz Adsorpsiyonu/data/processed/cif/finetune_000099.cif,CuHC4O3,False,False,-0.20597854636990207,0.14306361389834307,0.18913494331402203,2.5852239851953995e+25,3.417753673141659e+25,2.7268008935398664,1.4997404914469266,1.3220338712288924,54,4,8.666666666666666,0.688888888888889,0.577510822409416,0.1111111111111111
finetune_000100,Ag(C3N2)2,HF_COREMOF_GCMC,/home/rakeyma/Tüm_çalışmalar/MOF Radyoaktif Gaz Adsorpsiyonu/data/processed/cif/finetune_000100.cif,Ag(C3N2)2,False,False,-0.23731476570658652,0.17506585142667108,0.2334607825666004,3.2578159210237525e+25,4.344492362056756e+25,3.59194373561157,1.9755690545863636,1.3335598042910666,44,3,10.090909090909092,0.7636363636363636,0.45419036635411913,0.09090909090909091
finetune_000101,Ho(CO2)4,HF_COREMOF_GCMC,/home/rakeyma/Tüm_çalışmalar/MOF Radyoaktif Gaz Adsorpsiyonu/data/processed/cif/finetune_000101.cif,Ho(CO2)4,False,False,-0.4785943460144064,0.14997836171222506,0.25281674030478984,2.4414133620380375e+25,4.115461463109865e+25,4.837021143375599,2.6603616288565797,1.6856881047273249,52,3,11.923076923076923,0.7192307692307693,0.9079035680560402,0.07692307692307693
finetune_000102,NiH9C11(NO)2,HF_COREMOF_GCMC,/home/rakeyma/Tüm_çalışmalar/MOF Radyoaktif Gaz Adsorpsiyonu/data/processed/cif/finetune_000102.cif,NiH9C11(NO)2,False,False,-0.4316147466124268,0.11050820778470832,0.11439936982589449,2.8987157079593816e+25,3.0007838959891437e+25,2.7487932508246935,1.5118362879535816,1.035211520657062,50,5,5.32,0.552,0.5538736317970011,0.04
finetune_000103,Ho(CO2)4,HF_COREMOF_GCMC,/home/rakeyma/Tüm_çalışmalar/MOF Radyoaktif Gaz Adsorpsiyonu/data/processed/cif/finetune_000103.cif,Ho(CO2)4,False,False,-0.4785943460144064,0.14997836171222506,0.25281674030478984,2.4414133620380375e+25,4.115461463109865e+25,4.837021143375599,2.6603616288565797,1.6856881047273249,52,3,11.923076923076923,0.7192307692307693,0.9079035680560402,0.07692307692307693
finetune_000104,Ho(CO2)4,HF_COREMOF_GCMC,/home/rakeyma/Tüm_çalışmalar/MOF Radyoaktif Gaz Adsorpsiyonu/data/processed/cif/finetune_000104.cif,Ho(CO2)4,False,False,-0.4785943460144064,0.14997836171222506,0.25281674030478984,2.4414133620380375e+25,4.115461463109865e+25,4.837021143375599,2.6603616288565797,1.6856881047273249,52,3,11.923076923076923,0.7192307692307693,0.9079035680560402,0.07692307692307693
finetune_000105,Ho(CO2)4,HF_COREMOF_GCMC,/home/rakeyma/Tüm_çalışmalar/MOF Radyoaktif Gaz Adsorpsiyonu/data/processed/cif/finetune_000105.cif,Ho(CO2)4,False,False,-0.4785943460144064,0.14997836171222506,0.25281674030478984,2.4414133620380375e+25,4.115461463109865e+25,4.837021143375599,2.6603616288565797,1.6856881047273249,52,3,11.923076923076923,0.7192307692307693,0.9079035680560402,0.07692307692307693
finetune_000106,Ho(CO2)4,HF_COREMOF_GCMC,/home/rakeyma/Tüm_çalışmalar/MOF Radyoaktif Gaz Adsorpsiyonu/data/processed/cif/finetune_000106.cif,Ho(CO2)4,False,False,-0.4785943460144064,0.14997836171222506,0.25281674030478984,2.4414133620380375e+25,4.115461463109865e+25,4.837021143375599,2.6603616288565797,1.6856881047273249,52,3,11.923076923076923,0.7192307692307693,0.9079035680560402,0.07692307692307693
finetune_000107,ZnCrH18C14(N2O)2,HF_COREMOF_GCMC,/home/rakeyma/Tüm_çalışmalar/MOF Radyoaktif Gaz Adsorpsiyonu/data/processed/cif/finetune_000107.cif,ZnCrH18C14(N2O)2,False,False,-0.47606208845416387,0.09604547402800646,0.10185166600708184,3.4245074118772756e+25,3.6315275517469388e+25,2.2145268798608373,1.2179897839234606,1.0604525308228716,40,6,5.0,0.52125,0.6658995586589784,0.05
finetune_000108,ErH4(CO2)4,HF_COREMOF_GCMC,/home/rakeyma/Tüm_çalışmalar/MOF Radyoaktif Gaz Adsorpsiyonu/data/processed/cif/finetune_000108.cif,ErH4(CO2)4,False,False,-0.2729219457086594,0.023600667038622233,0.05,9.4800095235009e+24,2.008419827284324e+25,1.5,1.2,2.1185841873950237,34,4,9.411764705882353,0.6088235294117648,0.7877935960643498,0.058823529411764705
finetune_000109,Ho(CO2)4,HF_COREMOF_GCMC,/home/rakeyma/Tüm_çalışmalar/MOF Radyoaktif Gaz Adsorpsiyonu/data/processed/cif/finetune_000109.cif,Ho(CO2)4,False,False,-0.4785943460144064,0.14997836171222506,0.25281674030478984,2.4414133620380375e+25,4.115461463109865e+25,4.837021143375599,2.6603616288565797,1.6856881047273249,52,3,11.923076923076923,0.7192307692307693,0.9079035680560402,0.07692307692307693
finetune_000110,ZnHC4O3,HF_COREMOF_GCMC,/home/rakeyma/Tüm_çalışmalar/MOF Radyoaktif Gaz Adsorpsiyonu/data/processed/cif/finetune_000110.cif,ZnHC4O3,False,False,-0.2677312773291185,0.20687860416176837,0.2515640963015523,3.3991159257691533e+25,4.133320260715269e+25,3.442719217267522,1.8934955694971374,1.2159986158106626,54,4,8.777777777777779,0.688888888888889,0.6504229393248673,0.1111111111111111
finetune_000111,Ho(CO2)4,HF_COREMOF_GCMC,/home/rakeyma/Tüm_çalışmalar/MOF Radyoaktif Gaz Adsorpsiyonu/data/processed/cif/finetune_000111.cif,Ho(CO2)4,False,False,-0.4785943460144064,0.14997836171222506,0.25281674030478984,2.4414133620380375e+25,4.115461463109865e+25,4.837021143375599,2.6603616288565797,1.6856881047273249,52,3,11.923076923076923,0.7192307692307693,0.9079035680560402,0.07692307692307693
finetune_000112,FeH3(CO2)3,HF_COREMOF_GCMC,/home/rakeyma/Tüm_çalışmalar/MOF Radyoaktif Gaz Adsorpsiyonu/data/processed/cif/finetune_000112.cif,FeH3(CO2)3,False,False,-0.24564512930196405,0.04182254577722779,0.06150666533011828,1.060893698679908e+25,1.5602119015687923e+25,2.064892740520459,1.2,1.4706580909191904,52,4,7.3076923076923075,0.6038461538461539,0.5968458762528228,0.07692307692307693
finetune_000113,CoHC4O3,HF_COREMOF_GCMC,/home/rakeyma/Tüm_çalışmalar/MOF Radyoaktif Gaz Adsorpsiyonu/data/processed/cif/finetune_000113.cif,CoHC4O3,False,False,-0.30168744698035965,0.20272234461597277,0.24081560498963828,3.3889723538711354e+25,4.025789210541387e+25,3.325674945771934,1.8291212201745637,1.1879085428191327,54,4,8.444444444444445,0.688888888888889,0.5829397481729994,0.1111111111111111
finetune_000114,ZnH3(CO2)3,HF_COREMOF_GCMC,/home/rakeyma/Tüm_çalışmalar/MOF Radyoaktif Gaz Adsorpsiyonu/data/processed/cif/finetune_000114.cif,ZnH3(CO2)3,False,False,-0.24269095618386277,0.052105398663349865,0.07953073960619306,1.3063331714848035e+25,1.993913221383093e+25,2.354517765567317,1.2949847710620246,1.5263435583716922,52,4,7.615384615384615,0.6000000000000001,0.6504229393248673,0.07692307692307693
finetune_000115,ZnHC4O3,HF_COREMOF_GCMC,/home/rakeyma/Tüm_çalışmalar/MOF Radyoaktif Gaz Adsorpsiyonu/data/processed/cif/finetune_000115.cif,ZnHC4O3,False,False,-0.2677312773291185,0.20687860416176837,0.2515640963015523,3.3991159257691533e+25,4.133320260715269e+25,3.442719217267522,1.8934955694971374,1.2159986158106626,54,4,8.777777777777779,0.688888888888889,0.6504229393248673,0.1111111111111111
finetune_000116,Fe5H8C4N20OF7,HF_COREMOF_GCMC,/home/rakeyma/Tüm_çalışmalar/MOF Radyoaktif Gaz Adsorpsiyonu/data/processed/cif/finetune_000116.cif,Fe5H8C4N20OF7,False,False,-0.3714816346717107,0.027216813967264913,0.05,8.614467119214068e+24,1.5825634715318147e+25,1.5,1.2,1.8370996715536807,45,6,8.28888888888889,0.6422222222222221,0.7318242047559417,0.1111111111111111
finetune_000117,EuHC6N2O5,HF_COREMOF_GCMC,/home/rakeyma/Tüm_çalışmalar/MOF Radyoaktif Gaz Adsorpsiyonu/data/processed/cif/finetune_000117.cif,EuHC6N2O5,False,False,-0.27288817714981606,0.026663069368171966,0.05,6.59103069616188e+24,1.235984988290522e+25,2.179271850871295,1.2,1.8752529691756201,45,5,10.266666666666667,0.7066666666666668,0.768988946604566,0.06666666666666667
finetune_000118,CoHC4O3,HF_COREMOF_GCMC,/home/rakeyma/Tüm_çalışmalar/MOF Radyoaktif Gaz Adsorpsiyonu/data/processed/cif/finetune_000118.cif,CoHC4O3,False,False,-0.30168744698035965,0.20272234461597277,0.24081560498963828,3.3889723538711354e+25,4.025789210541387e+25,3.325674945771934,1.8291212201745637,1.1879085428191327,54,4,8.444444444444445,0.688888888888889,0.5829397481729994,0.1111111111111111
finetune_000119,CuHC4O3,HF_COREMOF_GCMC,/home/rakeyma/Tüm_çalışmalar/MOF Radyoaktif Gaz Adsorpsiyonu/data/processed/cif/finetune_000119.cif,CuHC4O3,False,False,-0.20597854636990207,0.14306361389834307,0.18913494331402203,2.5852239851953995e+25,3.417753673141659e+25,2.7268008935398664,1.4997404914469266,1.3220338712288924,54,4,8.666666666666666,0.688888888888889,0.577510822409416,0.1111111111111111
finetune_000120,CoHC4O3,HF_COREMOF_GCMC,/home/rakeyma/Tüm_çalışmalar/MOF Radyoaktif Gaz Adsorpsiyonu/data/processed/cif/finetune_000120.cif,CoHC4O3,False,False,-0.30168744698035965,0.20272234461597277,0.24081560498963828,3.3889723538711354e+25,4.025789210541387e+25,3.325674945771934,1.8291212201745637,1.1879085428191327,54,4,8.444444444444445,0.688888888888889,0.5829397481729994,0.1111111111111111
finetune_000121,LaC12(ClO)6,HF_COREMOF_GCMC,/home/rakeyma/Tüm_çalışmalar/MOF Radyoaktif Gaz Adsorpsiyonu/data/processed/cif/finetune_000121.cif,LaC12(ClO)6,False,False,-0.5688211219557444,0.027855608691282376,0.05,5.564325439575443e+24,9.987800843348366e+24,1.9871936116040632,1.2,1.7949706486093728,50,4,11.16,0.7979999999999999,0.9036142705823099,0.04
finetune_000122,CoHC4O3,HF_COREMOF_GCMC,/home/rakeyma/Tüm_çalışmalar/MOF Radyoaktif Gaz Adsorpsiyonu/data/processed/cif/finetune_000122.cif,CoHC4O3,False,False,-0.30168744698035965,0.20272234461597277,0.24081560498963828,3.3889723538711354e+25,4.025789210541387e+25,3.325674945771934,1.8291212201745637,1.1879085428191327,54,4,8.444444444444445,0.688888888888889,0.5829397481729994,0.1111111111111111
finetune_000123,Ho(CO2)4,HF_COREMOF_GCMC,/home/rakeyma/Tüm_çalışmalar/MOF Radyoaktif Gaz Adsorpsiyonu/data/processed/cif/finetune_000123.cif,Ho(CO2)4,False,False,-0.4785943460144064,0.14997836171222506,0.25281674030478984,2.4414133620380375e+25,4.115461463109865e+25,4.837021143375599,2.6603616288565797,1.6856881047273249,52,3,11.923076923076923,0.7192307692307693,0.9079035680560402,0.07692307692307693
finetune_000124,Fe2C4Cl2O9,HF_COREMOF_GCMC,/home/rakeyma/Tüm_çalışmalar/MOF Radyoaktif Gaz Adsorpsiyonu/data/processed/cif/finetune_000124.cif,Fe2C4Cl2O9,False,False,-0.19457082168212675,0.12079591757760155,0.18514518171862593,3.2545086912313033e+25,4.988219926023356e+25,3.7770417350350907,2.0773729542693,1.5327105868431787,34,4,10.705882352941176,0.7647058823529411,0.6185668920981788,0.11764705882352941
finetune_000125,MgPHCO6,HF_COREMOF_GCMC,/home/rakeyma/Tüm_çalışmalar/MOF Radyoaktif Gaz Adsorpsiyonu/data/processed/cif/finetune_000125.cif,MgPHCO6,False,False,-0.3514950327118205,0.09183493617924217,0.13499857555114858,2.705562218012952e+25,3.977212384444526e+25,1.9888527039069894,1.2,1.4700132778190231,40,5,8.2,0.7050000000000001,0.6865974075103983,0.1
finetune_000126,CoHC4O3,HF_COREMOF_GCMC,/home/rakeyma/Tüm_çalışmalar/MOF Radyoaktif Gaz Adsorpsiyonu/data/processed/cif/finetune_000126.cif,CoHC4O3,False,False,-0.30168744698035965,0.20272234461597277,0.24081560498963828,3.3889723538711354e+25,4.025789210541387e+25,3.325674945771934,1.8291212201745637,1.1879085428191327,54,4,8.444444444444445,0.688888888888889,0.5829397481729994,0.1111111111111111
finetune_000127,Ho(CO2)4,HF_COREMOF_GCMC,/home/rakeyma/Tüm_çalışmalar/MOF Radyoaktif Gaz Adsorpsiyonu/data/processed/cif/finetune_000127.cif,Ho(CO2)4,False,False,-0.4785943460144064,0.14997836171222506,0.25281674030478984,2.4414133620380375e+25,4.115461463109865e+25,4.837021143375599,2.6603616288565797,1.6856881047273249,52,3,11.923076923076923,0.7192307692307693,0.9079035680560402,0.07692307692307693
finetune_000128,ErH4(CO2)4,HF_COREMOF_GCMC,/home/rakeyma/Tüm_çalışmalar/MOF Radyoaktif Gaz Adsorpsiyonu/data/processed/cif/finetune_000128.cif,ErH4(CO2)4,False,False,-0.2729219457086594,0.023600667038622233,0.05,9.4800095235009e+24,2.008419827284324e+25,1.5,1.2,2.1185841873950237,34,4,9.411764705882353,0.6088235294117648,0.7877935960643498,0.058823529411764705
finetune_000129,LiC6N4F3,HF_COREMOF_GCMC,/home/rakeyma/Tüm_çalışmalar/MOF Radyoaktif Gaz Adsorpsiyonu/data/processed/cif/finetune_000129.cif,LiC6N4F3,False,False,-0.45334514620200034,0.039745277462582225,0.05,8.573472372599009e+24,1.0785523362706945e+25,1.954323412334816,1.2,1.258011094451963,56,4,6.714285714285714,0.6964285714285714,1.0861946188413936,0.07142857142857142
finetune_000130,NiH9C11(NO)2,HF_COREMOF_GCMC,/home/rakeyma/Tüm_çalışmalar/MOF Radyoaktif Gaz Adsorpsiyonu/data/processed/cif/finetune_000130.cif,NiH9C11(NO)2,False,False,-0.4316147466124268,0.11050820778470832,0.11439936982589449,2.8987157079593816e+25,3.0007838959891437e+25,2.7487932508246935,1.5118362879535816,1.035211520657062,50,5,5.32,0.552,0.5538736317970011,0.04
finetune_000131,Ho(CO2)4,HF_COREMOF_GCMC,/home/rakeyma/Tüm_çalışmalar/MOF Radyoaktif Gaz Adsorpsiyonu/data/processed/cif/finetune_000131.cif,Ho(CO2)4,False,False,-0.4785943460144064,0.14997836171222506,0.25281674030478984,2.4414133620380375e+25,4.115461463109865e+25,4.837021143375599,2.6603616288565797,1.6856881047273249,52,3,11.923076923076923,0.7192307692307693,0.9079035680560402,0.07692307692307693
finetune_000132,CuHC4O3,HF_COREMOF_GCMC,/home/rakeyma/Tüm_çalışmalar/MOF Radyoaktif Gaz Adsorpsiyonu/data/processed/cif/finetune_000132.cif,CuHC4O3,False,False,-0.20597854636990207,0.14306361389834307,0.18913494331402203,2.5852239851953995e+25,3.417753673141659e+25,2.7268008935398664,1.4997404914469266,1.3220338712288924,54,4,8.666666666666666,0.688888888888889,0.577510822409416,0.1111111111111111
finetune_000133,Ho(CO2)4,HF_COREMOF_GCMC,/home/rakeyma/Tüm_çalışmalar/MOF Radyoaktif Gaz Adsorpsiyonu/data/processed/cif/finetune_000133.cif,Ho(CO2)4,False,False,-0.4785943460144064,0.14997836171222506,0.25281674030478984,2.4414133620380375e+25,4.115461463109865e+25,4.837021143375599,2.6603616288565797,1.6856881047273249,52,3,11.923076923076923,0.7192307692307693,0.9079035680560402,0.07692307692307693
finetune_000134,LaC12(ClO)6,HF_COREMOF_GCMC,/home/rakeyma/Tüm_çalışmalar/MOF Radyoaktif Gaz Adsorpsiyonu/data/processed/cif/finetune_000134.cif,LaC12(ClO)6,False,False,-0.5688211219557444,0.027855608691282376,0.05,5.564325439575443e+24,9.987800843348366e+24,1.9871936116040632,1.2,1.7949706486093728,50,4,11.16,0.7979999999999999,0.9036142705823099,0.04
finetune_000135,CoHC4O3,HF_COREMOF_GCMC,/home/rakeyma/Tüm_çalışmalar/MOF Radyoaktif Gaz Adsorpsiyonu/data/processed/cif/finetune_000135.cif,CoHC4O3,False,False,-0.30168744698035965,0.20272234461597277,0.24081560498963828,3.3889723538711354e+25,4.025789210541387e+25,3.325674945771934,1.8291212201745637,1.1879085428191327,54,4,8.444444444444445,0.688888888888889,0.5829397481729994,0.1111111111111111
finetune_000136,YH4(CO2)4,HF_COREMOF_GCMC,/home/rakeyma/Tüm_çalışmalar/MOF Radyoaktif Gaz Adsorpsiyonu/data/processed/cif/finetune_000136.cif,YH4(CO2)4,False,False,-0.2927306989086387,0.02906006822972668,0.05,1.224155585179548e+25,2.1062503630451072e+25,1.5,1.2,1.7205740745251605,34,4,7.705882352941177,0.6117647058823531,0.7949017234853627,0.058823529411764705
finetune_000137,LiH4C6NO2,HF_COREMOF_GCMC,/home/rakeyma/Tüm_çalışmalar/MOF Radyoaktif Gaz Adsorpsiyonu/data/processed/cif/finetune_000137.cif,LiH4C6NO2,False,False,-0.28252711009483344,0.049446137108705226,0.05,1.275812609503011e+25,1.290103417682752e+25,1.5,1.2,1.0112013379341875,56,5,4.714285714285714,0.6071428571428571,0.84395260530435,0.07142857142857142
finetune_000138,CoHC4O3,HF_COREMOF_GCMC,/home/rakeyma/Tüm_çalışmalar/MOF Radyoaktif Gaz Adsorpsiyonu/data/processed/cif/finetune_000138.cif,CoHC4O3,False,False,-0.30168744698035965,0.20272234461597277,0.24081560498963828,3.3889723538711354e+25,4.025789210541387e+25,3.325674945771934,1.8291212201745637,1.1879085428191327,54,4,8.444444444444445,0.688888888888889,0.5829397481729994,0.1111111111111111
finetune_000139,TbH8C8(NO3)2,HF_COREMOF_GCMC,/home/rakeyma/Tüm_çalışmalar/MOF Radyoaktif Gaz Adsorpsiyonu/data/processed/cif/finetune_000139.cif,TbH8C8(NO3)2,False,False,-0.4850084406581334,0.02481166212658632,0.05,8.506364654357456e+24,1.714186782602257e+25,1.6927034589673409,1.2,2.015181399170503,50,5,7.32,0.5700000000000001,0.8027353237524806,0.04
finetune_000140,PrC15NO6,HF_COREMOF_GCMC,/home/rakeyma/Tüm_çalışmalar/MOF Radyoaktif Gaz Adsorpsiyonu/data/processed/cif/finetune_000140.cif,PrC15NO6,False,False,-0.45502663698191426,0.033931102779569206,0.05,7.638365937384501e+24,1.125569950821604e+25,2.1533334623322977,1.2,1.4735742697436376,46,4,8.869565217391305,0.7217391304347828,0.872954752550211,0.043478260869565216
finetune_000141,Cd(CO2)4,HF_COREMOF_GCMC,/home/rakeyma/Tüm_çalışmalar/MOF Radyoaktif Gaz Adsorpsiyonu/data/processed/cif/finetune_000141.cif,Cd(CO2)4,False,False,-0.2440178580712028,0.0704500841992481,0.12175838365490033,1.3898865619909783e+25,2.402131142569935e+25,3.029836813613426,1.6664102474873843,1.7282929472524298,52,3,10.461538461538462,0.703846153846154,0.7144695001654492,0.07692307692307693
finetune_000142,CuH8(C2N)4,HF_COREMOF_GCMC,/home/rakeyma/Tüm_çalışmalar/MOF Radyoaktif Gaz Adsorpsiyonu/data/processed/cif/finetune_000142.cif,CuH8(C2N)4,False,False,-0.30568759892107583,0.04294860150369703,0.05,1.4717735090892115e+25,1.7134126113076357e+25,2.108388495984552,1.2,1.1641822608751529,42,4,5.380952380952381,0.5499999999999998,0.4242861652234256,0.047619047619047616
finetune_000143,CoHC4O3,HF_COREMOF_GCMC,/home/rakeyma/Tüm_çalışmalar/MOF Radyoaktif Gaz Adsorpsiyonu/data/processed/cif/finetune_000143.cif,CoHC4O3,False,False,-0.30168744698035965,0.20272234461597277,0.24081560498963828,3.3889723538711354e+25,4.025789210541387e+25,3.325674945771934,1.8291212201745637,1.1879085428191327,54,4,8.444444444444445,0.688888888888889,0.5829397481729994,0.1111111111111111
finetune_000144,Ho(CO2)4,HF_COREMOF_GCMC,/home/rakeyma/Tüm_çalışmalar/MOF Radyoaktif Gaz Adsorpsiyonu/data/processed/cif/finetune_000144.cif,Ho(CO2)4,False,False,-0.4785943460144064,0.14997836171222506,0.25281674030478984,2.4414133620380375e+25,4.115461463109865e+25,4.837021143375599,2.6603616288565797,1.6856881047273249,52,3,11.923076923076923,0.7192307692307693,0.9079035680560402,0.07692307692307693
finetune_000145,YH4(CO2)4,HF_COREMOF_GCMC,/home/rakeyma/Tüm_çalışmalar/MOF Radyoaktif Gaz Adsorpsiyonu/data/processed/cif/finetune_000145.cif,YH4(CO2)4,False,False,-0.2927306989086387,0.02906006822972668,0.05,1.224155585179548e+25,2.1062503630451072e+25,1.5,1.2,1.7205740745251605,34,4,7.705882352941177,0.6117647058823531,0.7949017234853627,0.058823529411764705
finetune_000146,CuHC4O3,HF_COREMOF_GCMC,/home/rakeyma/Tüm_çalışmalar/MOF Radyoaktif Gaz Adsorpsiyonu/data/processed/cif/finetune_000146.cif,CuHC4O3,False,False,-0.20597854636990207,0.14306361389834307,0.18913494331402203,2.5852239851953995e+25,3.417753673141659e+25,2.7268008935398664,1.4997404914469266,1.3220338712288924,54,4,8.666666666666666,0.688888888888889,0.577510822409416,0.1111111111111111
finetune_000147,Ho(CO2)4,HF_COREMOF_GCMC,/home/rakeyma/Tüm_çalışmalar/MOF Radyoaktif Gaz Adsorpsiyonu/data/processed/cif/finetune_000147.cif,Ho(CO2)4,False,False,-0.4785943460144064,0.14997836171222506,0.25281674030478984,2.4414133620380375e+25,4.115461463109865e+25,4.837021143375599,2.6603616288565797,1.6856881047273249,52,3,11.923076923076923,0.7192307692307693,0.9079035680560402,0.07692307692307693
finetune_000148,ZnH3(CO2)3,HF_COREMOF_GCMC,/home/rakeyma/Tüm_çalışmalar/MOF Radyoaktif Gaz Adsorpsiyonu/data/processed/cif/finetune_000148.cif,ZnH3(CO2)3,False,False,-0.24269095618386277,0.052105398663349865,0.07953073960619306,1.3063331714848035e+25,1.993913221383093e+25,2.354517765567317,1.2949847710620246,1.5263435583716922,52,4,7.615384615384615,0.6000000000000001,0.6504229393248673,0.07692307692307693
finetune_000149,CoPC3NO3,HF_COREMOF_GCMC,/home/rakeyma/Tüm_çalışmalar/MOF Radyoaktif Gaz Adsorpsiyonu/data/processed/cif/finetune_000149.cif,CoPC3NO3,False,False,-0.339007787587708,0.18989651439432215,0.24830970135903974,2.900170840812462e+25,3.7922789560895155e+25,3.13185845514548,1.722522150330014,1.3076053668021625,54,5,10.11111111111111,0.7666666666666667,0.5632406235349152,0.1111111111111111
finetune_000150,CoHC4O3,HF_COREMOF_GCMC,/home/rakeyma/Tüm_çalışmalar/MOF Radyoaktif Gaz Adsorpsiyonu/data/processed/cif/finetune_000150.cif,CoHC4O3,False,False,-0.30168744698035965,0.20272234461597277,0.24081560498963828,3.3889723538711354e+25,4.025789210541387e+25,3.325674945771934,1.8291212201745637,1.1879085428191327,54,4,8.444444444444445,0.688888888888889,0.5829397481729994,0.1111111111111111
finetune_000151,Ho(CO2)4,HF_COREMOF_GCMC,/home/rakeyma/Tüm_çalışmalar/MOF Radyoaktif Gaz Adsorpsiyonu/data/processed/cif/finetune_000151.cif,Ho(CO2)4,False,False,-0.4785943460144064,0.14997836171222506,0.25281674030478984,2.4414133620380375e+25,4.115461463109865e+25,4.837021143375599,2.6603616288565797,1.6856881047273249,52,3,11.923076923076923,0.7192307692307693,0.9079035680560402,0.07692307692307693
finetune_000152,MgHC4O3,HF_COREMOF_GCMC,/home/rakeyma/Tüm_çalışmalar/MOF Radyoaktif Gaz Adsorpsiyonu/data/processed/cif/finetune_000152.cif,MgHC4O3,False,False,-0.3313131240628077,0.3302806347162024,0.30215804457783757,5.465608757842059e+25,5.000225508577311e+25,3.7153482452248734,2.0434415348736805,0.9148524400695502,54,4,6.777777777777778,0.7055555555555557,0.7631677404083587,0.1111111111111111
finetune_000153,CoHC4O3,HF_COREMOF_GCMC,/home/rakeyma/Tüm_çalışmalar/MOF Radyoaktif Gaz Adsorpsiyonu/data/processed/cif/finetune_000153.cif,CoHC4O3,False,False,-0.30168744698035965,0.20272234461597277,0.24081560498963828,3.3889723538711354e+25,4.025789210541387e+25,3.325674945771934,1.8291212201745637,1.1879085428191327,54,4,8.444444444444445,0.688888888888889,0.5829397481729994,0.1111111111111111
finetune_000154,Ho(CO2)4,HF_COREMOF_GCMC,/home/rakeyma/Tüm_çalışmalar/MOF Radyoaktif Gaz Adsorpsiyonu/data/processed/cif/finetune_000154.cif,Ho(CO2)4,False,False,-0.4785943460144064,0.14997836171222506,0.25281674030478984,2.4414133620380375e+25,4.115461463109865e+25,4.837021143375599,2.6603616288565797,1.6856881047273249,52,3,11.923076923076923,0.7192307692307693,0.9079035680560402,0.07692307692307693
finetune_000155,Ho(CO2)4,HF_COREMOF_GCMC,/home/rakeyma/Tüm_çalışmalar/MOF Radyoaktif Gaz Adsorpsiyonu/data/processed/cif/finetune_000155.cif,Ho(CO2)4,False,False,-0.4785943460144064,0.14997836171222506,0.25281674030478984,2.4414133620380375e+25,4.115461463109865e+25,4.837021143375599,2.6603616288565797,1.6856881047273249,52,3,11.923076923076923,0.7192307692307693,0.9079035680560402,0.07692307692307693
finetune_000156,NiHC4O3,HF_COREMOF_GCMC,/home/rakeyma/Tüm_çalışmalar/MOF Radyoaktif Gaz Adsorpsiyonu/data/processed/cif/finetune_000156.cif,NiHC4O3,False,False,-0.25707246597398564,0.20009922280642364,0.23980272092014432,3.3799141657058993e+25,4.050553530619685e+25,3.3039826906252547,1.8171904798438903,1.1984190520926208,54,4,8.555555555555555,0.688888888888889,0.5748260606479145,0.1111111111111111
finetune_000157,CoHC4O3,HF_COREMOF_GCMC,/home/rakeyma/Tüm_çalışmalar/MOF Radyoaktif Gaz Adsorpsiyonu/data/processed/cif/finetune_000157.cif,CoHC4O3,False,False,-0.30168744698035965,0.20272234461597277,0.24081560498963828,3.3889723538711354e+25,4.025789210541387e+25,3.325674945771934,1.8291212201745637,1.1879085428191327,54,4,8.444444444444445,0.688888888888889,0.5829397481729994,0.1111111111111111
finetune_000158,CoHC4O3,HF_COREMOF_GCMC,/home/rakeyma/Tüm_çalışmalar/MOF Radyoaktif Gaz Adsorpsiyonu/data/processed/cif/finetune_000158.cif,CoHC4O3,False,False,-0.30168744698035965,0.20272234461597277,0.24081560498963828,3.3889723538711354e+25,4.025789210541387e+25,3.325674945771934,1.8291212201745637,1.1879085428191327,54,4,8.444444444444445,0.688888888888889,0.5829397481729994,0.1111111111111111
finetune_000159,Ho(CO2)4,HF_COREMOF_GCMC,/home/rakeyma/Tüm_çalışmalar/MOF Radyoaktif Gaz Adsorpsiyonu/data/processed/cif/finetune_000159.cif,Ho(CO2)4,False,False,-0.4785943460144064,0.14997836171222506,0.25281674030478984,2.4414133620380375e+25,4.115461463109865e+25,4.837021143375599,2.6603616288565797,1.6856881047273249,52,3,11.923076923076923,0.7192307692307693,0.9079035680560402,0.07692307692307693
finetune_000160,MgPHCO6,HF_COREMOF_GCMC,/home/rakeyma/Tüm_çalışmalar/MOF Radyoaktif Gaz Adsorpsiyonu/data/processed/cif/finetune_000160.cif,MgPHCO6,False,False,-0.3514950327118205,0.09183493617924217,0.13499857555114858,2.705562218012952e+25,3.977212384444526e+25,1.9888527039069894,1.2,1.4700132778190231,40,5,8.2,0.7050000000000001,0.6865974075103983,0.1
finetune_000161,PrH4(C3O4)2,HF_COREMOF_GCMC,/home/rakeyma/Tüm_çalışmalar/MOF Radyoaktif Gaz Adsorpsiyonu/data/processed/cif/finetune_000161.cif,PrH4(C3O4)2,False,False,-0.2932541461957817,0.026923411635638637,0.05,6.362688521709699e+24,1.1816274638254576e+25,2.2767644146902857,1.2522204280796572,1.8571197690940024,57,4,8.578947368421053,0.6236842105263158,0.8272544953035915,0.05263157894736842
finetune_000162,FeHC4O3,HF_COREMOF_GCMC,/home/rakeyma/Tüm_çalışmalar/MOF Radyoaktif Gaz Adsorpsiyonu/data/processed/cif/finetune_000162.cif,FeHC4O3,False,False,-0.29345957025858943,0.2132917425616269,0.24421624944712994,3.5062473095194724e+25,4.014607210204248e+25,3.3668647255100255,1.8517755990305143,1.1449868921979853,54,4,8.333333333333334,0.6944444444444445,0.5968458762528228,0.1111111111111111
finetune_000163,CoHC4O3,HF_COREMOF_GCMC,/home/rakeyma/Tüm_çalışmalar/MOF Radyoaktif Gaz Adsorpsiyonu/data/processed/cif/finetune_000163.cif,CoHC4O3,False,False,-0.30168744698035965,0.20272234461597277,0.24081560498963828,3.3889723538711354e+25,4.025789210541387e+25,3.325674945771934,1.8291212201745637,1.1879085428191327,54,4,8.444444444444445,0.688888888888889,0.5829397481729994,0.1111111111111111
finetune_000164,TbH8C8(NO3)2,HF_COREMOF_GCMC,/home/rakeyma/Tüm_çalışmalar/MOF Radyoaktif Gaz Adsorpsiyonu/data/processed/cif/finetune_000164.cif,TbH8C8(NO3)2,False,False,-0.4850084406581334,0.02481166212658632,0.05,8.506364654357456e+24,1.714186782602257e+25,1.6927034589673409,1.2,2.015181399170503,50,5,7.32,0.5700000000000001,0.8027353237524806,0.04
finetune_000165,CoHC4O3,HF_COREMOF_GCMC,/home/rakeyma/Tüm_çalışmalar/MOF Radyoaktif Gaz Adsorpsiyonu/data/processed/cif/finetune_000165.cif,CoHC4O3,False,False,-0.30168744698035965,0.20272234461597277,0.24081560498963828,3.3889723538711354e+25,4.025789210541387e+25,3.325674945771934,1.8291212201745637,1.1879085428191327,54,4,8.444444444444445,0.688888888888889,0.5829397481729994,0.1111111111111111
finetune_000166,TbH8C8(NO3)2,HF_COREMOF_GCMC,/home/rakeyma/Tüm_çalışmalar/MOF Radyoaktif Gaz Adsorpsiyonu/data/processed/cif/finetune_000166.cif,TbH8C8(NO3)2,False,False,-0.4850084406581334,0.02481166212658632,0.05,8.506364654357456e+24,1.714186782602257e+25,1.6927034589673409,1.2,2.015181399170503,50,5,7.32,0.5700000000000001,0.8027353237524806,0.04
finetune_000167,LaC12(ClO)6,HF_COREMOF_GCMC,/home/rakeyma/Tüm_çalışmalar/MOF Radyoaktif Gaz Adsorpsiyonu/data/processed/cif/finetune_000167.cif,LaC12(ClO)6,False,False,-0.5688211219557444,0.027855608691282376,0.05,5.564325439575443e+24,9.987800843348366e+24,1.9871936116040632,1.2,1.7949706486093728,50,4,11.16,0.7979999999999999,0.9036142705823099,0.04
finetune_000168,CoHC4O3,HF_COREMOF_GCMC,/home/rakeyma/Tüm_çalışmalar/MOF Radyoaktif Gaz Adsorpsiyonu/data/processed/cif/finetune_000168.cif,CoHC4O3,False,False,-0.30168744698035965,0.20272234461597277,0.24081560498963828,3.3889723538711354e+25,4.025789210541387e+25,3.325674945771934,1.8291212201745637,1.1879085428191327,54,4,8.444444444444445,0.688888888888889,0.5829397481729994,0.1111111111111111
finetune_000169,CoHC4O3,HF_COREMOF_GCMC,/home/rakeyma/Tüm_çalışmalar/MOF Radyoaktif Gaz Adsorpsiyonu/data/processed/cif/finetune_000169.cif,CoHC4O3,False,False,-0.30168744698035965,0.20272234461597277,0.24081560498963828,3.3889723538711354e+25,4.025789210541387e+25,3.325674945771934,1.8291212201745637,1.1879085428191327,54,4,8.444444444444445,0.688888888888889,0.5829397481729994,0.1111111111111111
finetune_000170,CoHC4O3,HF_COREMOF_GCMC,/home/rakeyma/Tüm_çalışmalar/MOF Radyoaktif Gaz Adsorpsiyonu/data/processed/cif/finetune_000170.cif,CoHC4O3,False,False,-0.30168744698035965,0.20272234461597277,0.24081560498963828,3.3889723538711354e+25,4.025789210541387e+25,3.325674945771934,1.8291212201745637,1.1879085428191327,54,4,8.444444444444445,0.688888888888889,0.5829397481729994,0.1111111111111111
finetune_000171,Ho(CO2)4,HF_COREMOF_GCMC,/home/rakeyma/Tüm_çalışmalar/MOF Radyoaktif Gaz Adsorpsiyonu/data/processed/cif/finetune_000171.cif,Ho(CO2)4,False,False,-0.4785943460144064,0.14997836171222506,0.25281674030478984,2.4414133620380375e+25,4.115461463109865e+25,4.837021143375599,2.6603616288565797,1.6856881047273249,52,3,11.923076923076923,0.7192307692307693,0.9079035680560402,0.07692307692307693
finetune_000172,AlH5C8O5,HF_COREMOF_GCMC,/home/rakeyma/Tüm_çalışmalar/MOF Radyoaktif Gaz Adsorpsiyonu/data/processed/cif/finetune_000172.cif,AlH5C8O5,False,False,-0.2158044738518941,0.20142572307430212,0.192406380937295,6.088620349570138e+25,5.815987096791099e+25,2.9266162052360323,1.6096389128798179,0.9552224909542459,38,4,5.578947368421052,0.5842105263157897,0.6629856710367125,0.05263157894736842
finetune_000173,ErH4(CO2)4,HF_COREMOF_GCMC,/home/rakeyma/Tüm_çalışmalar/MOF Radyoaktif Gaz Adsorpsiyonu/data/processed/cif/finetune_000173.cif,ErH4(CO2)4,False,False,-0.2729219457086594,0.023600667038622233,0.05,9.4800095235009e+24,2.008419827284324e+25,1.5,1.2,2.1185841873950237,34,4,9.411764705882353,0.6088235294117648,0.7877935960643498,0.058823529411764705
finetune_000174,CaH2C6SO4,HF_COREMOF_GCMC,/home/rakeyma/Tüm_çalışmalar/MOF Radyoaktif Gaz Adsorpsiyonu/data/processed/cif/finetune_000174.cif,CaH2C6SO4,False,False,-0.3754845406747163,0.13296512517172407,0.14690946747682954,2.301038405955142e+25,2.542353315773737e+25,2.512834216837471,1.3820588192606091,1.1048721782279105,56,5,7.571428571428571,0.7071428571428571,0.7906857782962837,0.07142857142857142
finetune_000175,CoHC4O3,HF_COREMOF_GCMC,/home/rakeyma/Tüm_çalışmalar/MOF Radyoaktif Gaz Adsorpsiyonu/data/processed/cif/finetune_000175.cif,CoHC4O3,False,False,-0.30168744698035965,0.20272234461597277,0.24081560498963828,3.3889723538711354e+25,4.025789210541387e+25,3.325674945771934,1.8291212201745637,1.1879085428191327,54,4,8.444444444444445,0.688888888888889,0.5829397481729994,0.1111111111111111
finetune_000176,CoPC3NO3,HF_COREMOF_GCMC,/home/rakeyma/Tüm_çalışmalar/MOF Radyoaktif Gaz Adsorpsiyonu/data/processed/cif/finetune_000176.cif,CoPC3NO3,False,False,-0.339007787587708,0.18989651439432215,0.24830970135903974,2.900170840812462e+25,3.7922789560895155e+25,3.13185845514548,1.722522150330014,1.3076053668021625,54,5,10.11111111111111,0.7666666666666667,0.5632406235349152,0.1111111111111111
finetune_000177,MgPHCO6,HF_COREMOF_GCMC,/home/rakeyma/Tüm_çalışmalar/MOF Radyoaktif Gaz Adsorpsiyonu/data/processed/cif/finetune_000177.cif,MgPHCO6,False,False,-0.3514950327118205,0.09183493617924217,0.13499857555114858,2.705562218012952e+25,3.977212384444526e+25,1.9888527039069894,1.2,1.4700132778190231,40,5,8.2,0.7050000000000001,0.6865974075103983,0.1
finetune_000178,EuH6C12(SO2)3,HF_COREMOF_GCMC,/home/rakeyma/Tüm_çalışmalar/MOF Radyoaktif Gaz Adsorpsiyonu/data/processed/cif/finetune_000178.cif,EuH6C12(SO2)3,False,False,-0.41220156333419705,0.20204667970931284,0.2504674305847825,3.336664515864815e+25,4.136300528246477e+25,5.079742204819134,2.7938582126505236,1.2396513070402009,56,5,8.464285714285714,0.6553571428571429,0.7233698915492681,0.03571428571428571
finetune_000179,CuH2C8N4(OF)2,HF_COREMOF_GCMC,/home/rakeyma/Tüm_çalışmalar/MOF Radyoaktif Gaz Adsorpsiyonu/data/processed/cif/finetune_000179.cif,CuH2C8N4(OF)2,False,False,-0.4599689216924911,0.0621677291567671,0.08354699797293963,1.9125639375524242e+25,2.57028811541231e+25,2.076788150348894,1.2,1.3438965699110685,38,6,7.421052631578948,0.6447368421052632,0.7160171475289928,0.05263157894736842
finetune_000180,CrH5C8O5,HF_COREMOF_GCMC,/home/rakeyma/Tüm_çalışmalar/MOF Radyoaktif Gaz Adsorpsiyonu/data/processed/cif/finetune_000180.cif,CrH5C8O5,False,False,-0.1996028447800176,0.17789152380917048,0.18534084844974164,5.2356922155067925e+25,5.454940272953646e+25,2.9326498508797854,1.6129574179838821,1.0418756581598696,38,4,6.157894736842105,0.5921052631578949,0.647316576336494,0.05263157894736842
finetune_000181,Ho(CO2)4,HF_COREMOF_GCMC,/home/rakeyma/Tüm_çalışmalar/MOF Radyoaktif Gaz Adsorpsiyonu/data/processed/cif/finetune_000181.cif,Ho(CO2)4,False,False,-0.4785943460144064,0.14997836171222506,0.25281674030478984,2.4414133620380375e+25,4.115461463109865e+25,4.837021143375599,2.6603616288565797,1.6856881047273249,52,3,11.923076923076923,0.7192307692307693,0.9079035680560402,0.07692307692307693
finetune_000182,MgPHCO6,HF_COREMOF_GCMC,/home/rakeyma/Tüm_çalışmalar/MOF Radyoaktif Gaz Adsorpsiyonu/data/processed/cif/finetune_000182.cif,MgPHCO6,False,False,-0.3514950327118205,0.09183493617924217,0.13499857555114858,2.705562218012952e+25,3.977212384444526e+25,1.9888527039069894,1.2,1.4700132778190231,40,5,8.2,0.7050000000000001,0.6865974075103983,0.1
finetune_000183,CoHC4O3,HF_COREMOF_GCMC,/home/rakeyma/Tüm_çalışmalar/MOF Radyoaktif Gaz Adsorpsiyonu/data/processed/cif/finetune_000183.cif,CoHC4O3,False,False,-0.30168744698035965,0.20272234461597277,0.24081560498963828,3.3889723538711354e+25,4.025789210541387e+25,3.325674945771934,1.8291212201745637,1.1879085428191327,54,4,8.444444444444445,0.688888888888889,0.5829397481729994,0.1111111111111111
finetune_000184,MgPHCO6,HF_COREMOF_GCMC,/home/rakeyma/Tüm_çalışmalar/MOF Radyoaktif Gaz Adsorpsiyonu/data/processed/cif/finetune_000184.cif,MgPHCO6,False,False,-0.3514950327118205,0.09183493617924217,0.13499857555114858,2.705562218012952e+25,3.977212384444526e+25,1.9888527039069894,1.2,1.4700132778190231,40,5,8.2,0.7050000000000001,0.6865974075103983,0.1
finetune_000185,MgPHCO6,HF_COREMOF_GCMC,/home/rakeyma/Tüm_çalışmalar/MOF Radyoaktif Gaz Adsorpsiyonu/data/processed/cif/finetune_000185.cif,MgPHCO6,False,False,-0.3514950327118205,0.09183493617924217,0.13499857555114858,2.705562218012952e+25,3.977212384444526e+25,1.9888527039069894,1.2,1.4700132778190231,40,5,8.2,0.7050000000000001,0.6865974075103983,0.1
finetune_000186,UH2(C5O4)2,HF_COREMOF_GCMC,/home/rakeyma/Tüm_çalışmalar/MOF Radyoaktif Gaz Adsorpsiyonu/data/processed/cif/finetune_000186.cif,UH2(C5O4)2,False,False,-0.19490305754780538,0.14746093976688085,0.2330971396495256,3.1446031398414465e+25,4.970794288906241e+25,4.551368288254971,2.5032525585402343,1.5807381942501246,42,4,10.380952380952381,0.6690476190476191,0.7389646473275971,0.047619047619047616
finetune_000187,ZnH3(CO2)3,HF_COREMOF_GCMC,/home/rakeyma/Tüm_çalışmalar/MOF Radyoaktif Gaz Adsorpsiyonu/data/processed/cif/finetune_000187.cif,ZnH3(CO2)3,False,False,-0.24269095618386277,0.052105398663349865,0.07953073960619306,1.3063331714848035e+25,1.993913221383093e+25,2.354517765567317,1.2949847710620246,1.5263435583716922,52,4,7.615384615384615,0.6000000000000001,0.6504229393248673,0.07692307692307693
finetune_000188,YH4(CO2)4,HF_COREMOF_GCMC,/home/rakeyma/Tüm_çalışmalar/MOF Radyoaktif Gaz Adsorpsiyonu/data/processed/cif/finetune_000188.cif,YH4(CO2)4,False,False,-0.2927306989086387,0.02906006822972668,0.05,1.224155585179548e+25,2.1062503630451072e+25,1.5,1.2,1.7205740745251605,34,4,7.705882352941177,0.6117647058823531,0.7949017234853627,0.058823529411764705
finetune_000189,CoHC4O3,HF_COREMOF_GCMC,/home/rakeyma/Tüm_çalışmalar/MOF Radyoaktif Gaz Adsorpsiyonu/data/processed/cif/finetune_000189.cif,CoHC4O3,False,False,-0.30168744698035965,0.20272234461597277,0.24081560498963828,3.3889723538711354e+25,4.025789210541387e+25,3.325674945771934,1.8291212201745637,1.1879085428191327,54,4,8.444444444444445,0.688888888888889,0.5829397481729994,0.1111111111111111
finetune_000190,TbH8C8(NO3)2,HF_COREMOF_GCMC,/home/rakeyma/Tüm_çalışmalar/MOF Radyoaktif Gaz Adsorpsiyonu/data/processed/cif/finetune_000190.cif,TbH8C8(NO3)2,False,False,-0.4850084406581334,0.02481166212658632,0.05,8.506364654357456e+24,1.714186782602257e+25,1.6927034589673409,1.2,2.015181399170503,50,5,7.32,0.5700000000000001,0.8027353237524806,0.04
finetune_000191,Ho(CO2)4,HF_COREMOF_GCMC,/home/rakeyma/Tüm_çalışmalar/MOF Radyoaktif Gaz Adsorpsiyonu/data/processed/cif/finetune_000191.cif,Ho(CO2)4,False,False,-0.4785943460144064,0.14997836171222506,0.25281674030478984,2.4414133620380375e+25,4.115461463109865e+25,4.837021143375599,2.6603616288565797,1.6856881047273249,52,3,11.923076923076923,0.7192307692307693,0.9079035680560402,0.07692307692307693
finetune_000192,ZnCrH18C14(N2O)2,HF_COREMOF_GCMC,/home/rakeyma/Tüm_çalışmalar/MOF Radyoaktif Gaz Adsorpsiyonu/data/processed/cif/finetune_000192.cif,ZnCrH18C14(N2O)2,False,False,-0.47606208845416387,0.09604547402800646,0.10185166600708184,3.4245074118772756e+25,3.6315275517469388e+25,2.2145268798608373,1.2179897839234606,1.0604525308228716,40,6,5.0,0.52125,0.6658995586589784,0.05
finetune_000193,CoHC4O3,HF_COREMOF_GCMC,/home/rakeyma/Tüm_çalışmalar/MOF Radyoaktif Gaz Adsorpsiyonu/data/processed/cif/finetune_000193.cif,CoHC4O3,False,False,-0.30168744698035965,0.20272234461597277,0.24081560498963828,3.3889723538711354e+25,4.025789210541387e+25,3.325674945771934,1.8291212201745637,1.1879085428191327,54,4,8.444444444444445,0.688888888888889,0.5829397481729994,0.1111111111111111
finetune_000194,MgPHCO6,HF_COREMOF_GCMC,/home/rakeyma/Tüm_çalışmalar/MOF Radyoaktif Gaz Adsorpsiyonu/data/processed/cif/finetune_000194.cif,MgPHCO6,False,False,-0.3514950327118205,0.09183493617924217,0.13499857555114858,2.705562218012952e+25,3.977212384444526e+25,1.9888527039069894,1.2,1.4700132778190231,40,5,8.2,0.7050000000000001,0.6865974075103983,0.1
finetune_000195,CoHC4O3,HF_COREMOF_GCMC,/home/rakeyma/Tüm_çalışmalar/MOF Radyoaktif Gaz Adsorpsiyonu/data/processed/cif/finetune_000195.cif,CoHC4O3,False,False,-0.30168744698035965,0.20272234461597277,0.24081560498963828,3.3889723538711354e+25,4.025789210541387e+25,3.325674945771934,1.8291212201745637,1.1879085428191327,54,4,8.444444444444445,0.688888888888889,0.5829397481729994,0.1111111111111111
finetune_000196,LaC12(ClO)6,HF_COREMOF_GCMC,/home/rakeyma/Tüm_çalışmalar/MOF Radyoaktif Gaz Adsorpsiyonu/data/processed/cif/finetune_000196.cif,LaC12(ClO)6,False,False,-0.5688211219557444,0.027855608691282376,0.05,5.564325439575443e+24,9.987800843348366e+24,1.9871936116040632,1.2,1.7949706486093728,50,4,11.16,0.7979999999999999,0.9036142705823099,0.04
finetune_000197,Ho(CO2)4,HF_COREMOF_GCMC,/home/rakeyma/Tüm_çalışmalar/MOF Radyoaktif Gaz Adsorpsiyonu/data/processed/cif/finetune_000197.cif,Ho(CO2)4,False,False,-0.4785943460144064,0.14997836171222506,0.25281674030478984,2.4414133620380375e+25,4.115461463109865e+25,4.837021143375599,2.6603616288565797,1.6856881047273249,52,3,11.923076923076923,0.7192307692307693,0.9079035680560402,0.07692307692307693
finetune_000198,AlH5C8O5,HF_COREMOF_GCMC,/home/rakeyma/Tüm_çalışmalar/MOF Radyoaktif Gaz Adsorpsiyonu/data/processed/cif/finetune_000198.cif,AlH5C8O5,False,False,-0.2158044738518941,0.20142572307430212,0.192406380937295,6.088620349570138e+25,5.815987096791099e+25,2.9266162052360323,1.6096389128798179,0.9552224909542459,38,4,5.578947368421052,0.5842105263157897,0.6629856710367125,0.05263157894736842
finetune_000199,MgPHCO6,HF_COREMOF_GCMC,/home/rakeyma/Tüm_çalışmalar/MOF Radyoaktif Gaz Adsorpsiyonu/data/processed/cif/finetune_000199.cif,MgPHCO6,False,False,-0.3514950327118205,0.09183493617924217,0.13499857555114858,2.705562218012952e+25,3.977212384444526e+25,1.9888527039069894,1.2,1.4700132778190231,40,5,8.2,0.7050000000000001,0.6865974075103983,0.1
finetune_000200,CuH8(C2N)4,HF_COREMOF_GCMC,/home/rakeyma/Tüm_çalışmalar/MOF Radyoaktif Gaz Adsorpsiyonu/data/processed/cif/finetune_000200.cif,CuH8(C2N)4,False,False,-0.36105652261387783,0.04641999144503889,0.05382039392919458,3.168457201349375e+25,3.6735813475174998e+25,1.5935546152688367,1.2,1.159422745540954,21,4,5.380952380952381,0.55,0.4242861652234256,0.047619047619047616
finetune_000201,CuH8(C2N)4,HF_COREMOF_GCMC,/home/rakeyma/Tüm_çalışmalar/MOF Radyoaktif Gaz Adsorpsiyonu/data/processed/cif/finetune_000201.cif,CuH8(C2N)4,False,False,-0.3595788678012127,0.05556521108350604,0.06374764214332951,3.752883638938055e+25,4.305526399621553e+25,1.7305181678393637,1.2,1.1472581656807983,21,4,5.380952380952381,0.55,0.4242861652234256,0.047619047619047616
finetune_000202,LaC12(ClO)6,HF_COREMOF_GCMC,/home/rakeyma/Tüm_çalışmalar/MOF Radyoaktif Gaz Adsorpsiyonu/data/processed/cif/finetune_000202.cif,LaC12(ClO)6,False,False,-0.5688211219557444,0.027855608691282376,0.05,5.564325439575443e+24,9.987800843348366e+24,1.9871936116040632,1.2,1.7949706486093728,50,4,11.16,0.7979999999999999,0.9036142705823099,0.04
finetune_000203,AlH5C8O5,HF_COREMOF_GCMC,/home/rakeyma/Tüm_çalışmalar/MOF Radyoaktif Gaz Adsorpsiyonu/data/processed/cif/finetune_000203.cif,AlH5C8O5,False,False,-0.2158044738518941,0.20142572307430212,0.192406380937295,6.088620349570138e+25,5.815987096791099e+25,2.9266162052360323,1.6096389128798179,0.9552224909542459,38,4,5.578947368421052,0.5842105263157897,0.6629856710367125,0.05263157894736842
finetune_000204,MgPHCO6,HF_COREMOF_GCMC,/home/rakeyma/Tüm_çalışmalar/MOF Radyoaktif Gaz Adsorpsiyonu/data/processed/cif/finetune_000204.cif,MgPHCO6,False,False,-0.3514950327118205,0.09183493617924217,0.13499857555114858,2.705562218012952e+25,3.977212384444526e+25,1.9888527039069894,1.2,1.4700132778190231,40,5,8.2,0.7050000000000001,0.6865974075103983,0.1
finetune_000205,CuH8(C2N)4,HF_COREMOF_GCMC,/home/rakeyma/Tüm_çalışmalar/MOF Radyoaktif Gaz Adsorpsiyonu/data/processed/cif/finetune_000205.cif,CuH8(C2N)4,False,False,-0.3595788678012127,0.05556521108350604,0.06374764214332951,3.752883638938055e+25,4.305526399621553e+25,1.7305181678393637,1.2,1.1472581656807983,21,4,5.380952380952381,0.55,0.4242861652234256,0.047619047619047616
finetune_000206,Ho(CO2)4,HF_COREMOF_GCMC,/home/rakeyma/Tüm_çalışmalar/MOF Radyoaktif Gaz Adsorpsiyonu/data/processed/cif/finetune_000206.cif,Ho(CO2)4,False,False,-0.4785943460144064,0.14997836171222506,0.25281674030478984,2.4414133620380375e+25,4.115461463109865e+25,4.837021143375599,2.6603616288565797,1.6856881047273249,52,3,11.923076923076923,0.7192307692307693,0.9079035680560402,0.07692307692307693
finetune_000207,CuHC4O3,HF_COREMOF_GCMC,/home/rakeyma/Tüm_çalışmalar/MOF Radyoaktif Gaz Adsorpsiyonu/data/processed/cif/finetune_000207.cif,CuHC4O3,False,False,-0.20597854636990207,0.14306361389834307,0.18913494331402203,2.5852239851953995e+25,3.417753673141659e+25,2.7268008935398664,1.4997404914469266,1.3220338712288924,54,4,8.666666666666666,0.688888888888889,0.577510822409416,0.1111111111111111
finetune_000208,NiH9C11(NO)2,HF_COREMOF_GCMC,/home/rakeyma/Tüm_çalışmalar/MOF Radyoaktif Gaz Adsorpsiyonu/data/processed/cif/finetune_000208.cif,NiH9C11(NO)2,False,False,-0.4316147466124268,0.11050820778470832,0.11439936982589449,2.8987157079593816e+25,3.0007838959891437e+25,2.7487932508246935,1.5118362879535816,1.035211520657062,50,5,5.32,0.552,0.5538736317970011,0.04
finetune_000209,CuHC4O3,HF_COREMOF_GCMC,/home/rakeyma/Tüm_çalışmalar/MOF Radyoaktif Gaz Adsorpsiyonu/data/processed/cif/finetune_000209.cif,CuHC4O3,False,False,-0.20597854636990207,0.14306361389834307,0.18913494331402203,2.5852239851953995e+25,3.417753673141659e+25,2.7268008935398664,1.4997404914469266,1.3220338712288924,54,4,8.666666666666666,0.688888888888889,0.577510822409416,0.1111111111111111
finetune_000210,EuHC6N2O5,HF_COREMOF_GCMC,/home/rakeyma/Tüm_çalışmalar/MOF Radyoaktif Gaz Adsorpsiyonu/data/processed/cif/finetune_000210.cif,EuHC6N2O5,False,False,-0.27288817714981606,0.026663069368171966,0.05,6.59103069616188e+24,1.235984988290522e+25,2.179271850871295,1.2,1.8752529691756201,45,5,10.266666666666667,0.7066666666666668,0.768988946604566,0.06666666666666667
finetune_000211,CoHC4O3,HF_COREMOF_GCMC,/home/rakeyma/Tüm_çalışmalar/MOF Radyoaktif Gaz Adsorpsiyonu/data/processed/cif/finetune_000211.cif,CoHC4O3,False,False,-0.30168744698035965,0.20272234461597277,0.24081560498963828,3.3889723538711354e+25,4.025789210541387e+25,3.325674945771934,1.8291212201745637,1.1879085428191327,54,4,8.444444444444445,0.688888888888889,0.5829397481729994,0.1111111111111111
finetune_000212,CuH8(C2N)4,HF_COREMOF_GCMC,/home/rakeyma/Tüm_çalışmalar/MOF Radyoaktif Gaz Adsorpsiyonu/data/processed/cif/finetune_000212.cif,CuH8(C2N)4,False,False,-0.3595788678012127,0.05556521108350604,0.06374764214332951,3.752883638938055e+25,4.305526399621553e+25,1.7305181678393637,1.2,1.1472581656807983,21,4,5.380952380952381,0.55,0.4242861652234256,0.047619047619047616
finetune_000213,MgPHCO6,HF_COREMOF_GCMC,/home/rakeyma/Tüm_çalışmalar/MOF Radyoaktif Gaz Adsorpsiyonu/data/processed/cif/finetune_000213.cif,MgPHCO6,False,False,-0.3514950327118205,0.09183493617924217,0.13499857555114858,2.705562218012952e+25,3.977212384444526e+25,1.9888527039069894,1.2,1.4700132778190231,40,5,8.2,0.7050000000000001,0.6865974075103983,0.1
finetune_000214,ZnHC4O3,HF_COREMOF_GCMC,/home/rakeyma/Tüm_çalışmalar/MOF Radyoaktif Gaz Adsorpsiyonu/data/processed/cif/finetune_000214.cif,ZnHC4O3,False,False,-0.2677312773291185,0.20687860416176837,0.2515640963015523,3.3991159257691533e+25,4.133320260715269e+25,3.442719217267522,1.8934955694971374,1.2159986158106626,54,4,8.777777777777779,0.688888888888889,0.6504229393248673,0.1111111111111111
finetune_000215,Ho(CO2)4,HF_COREMOF_GCMC,/home/rakeyma/Tüm_çalışmalar/MOF Radyoaktif Gaz Adsorpsiyonu/data/processed/cif/finetune_000215.cif,Ho(CO2)4,False,False,-0.4785943460144064,0.14997836171222506,0.25281674030478984,2.4414133620380375e+25,4.115461463109865e+25,4.837021143375599,2.6603616288565797,1.6856881047273249,52,3,11.923076923076923,0.7192307692307693,0.9079035680560402,0.07692307692307693
finetune_000216,CoH9C13(N2O)2,HF_COREMOF_GCMC,/home/rakeyma/Tüm_çalışmalar/MOF Radyoaktif Gaz Adsorpsiyonu/data/processed/cif/finetune_000216.cif,CoH9C13(N2O)2,False,False,-0.43165131742136087,0.03929864632399415,0.05,1.0547736028047207e+25,1.3419973732793931e+25,1.584030555260851,1.2,1.2723084553035109,58,5,5.448275862068965,0.5689655172413793,0.5617259118110896,0.034482758620689655
finetune_000217,CuH9C11N4O,HF_COREMOF_GCMC,/home/rakeyma/Tüm_çalışmalar/MOF Radyoaktif Gaz Adsorpsiyonu/data/processed/cif/finetune_000217.cif,CuH9C11N4O,False,False,-0.3966017232823755,0.040180619718452486,0.05,1.1897180851350633e+25,1.480462588023125e+25,1.7499467991913353,1.2,1.2443810063247502,52,5,5.384615384615385,0.5576923076923077,0.5564746175702895,0.038461538461538464
finetune_000218,CoHC4O3,HF_COREMOF_GCMC,/home/rakeyma/Tüm_çalışmalar/MOF Radyoaktif Gaz Adsorpsiyonu/data/processed/cif/finetune_000218.cif,CoHC4O3,False,False,-0.30168744698035965,0.20272234461597277,0.24081560498963828,3.3889723538711354e+25,4.025789210541387e+25,3.325674945771934,1.8291212201745637,1.1879085428191327,54,4,8.444444444444445,0.688888888888889,0.5829397481729994,0.1111111111111111
finetune_000219,CoPC3NO3,HF_COREMOF_GCMC,/home/rakeyma/Tüm_çalışmalar/MOF Radyoaktif Gaz Adsorpsiyonu/data/processed/cif/finetune_000219.cif,CoPC3NO3,False,False,-0.339007787587708,0.18989651439432215,0.24830970135903974,2.900170840812462e+25,3.7922789560895155e+25,3.13185845514548,1.722522150330014,1.3076053668021625,54,5,10.11111111111111,0.7666666666666667,0.5632406235349152,0.1111111111111111
finetune_000220,ErH4(CO2)4,HF_COREMOF_GCMC,/home/rakeyma/Tüm_çalışmalar/MOF Radyoaktif Gaz Adsorpsiyonu/data/processed/cif/finetune_000220.cif,ErH4(CO2)4,False,False,-0.2729219457086594,0.023600667038622233,0.05,9.4800095235009e+24,2.008419827284324e+25,1.5,1.2,2.1185841873950237,34,4,9.411764705882353,0.6088235294117648,0.7877935960643498,0.058823529411764705
finetune_000221,CuH2C8N4(OF)2,HF_COREMOF_GCMC,/home/rakeyma/Tüm_çalışmalar/MOF Radyoaktif Gaz Adsorpsiyonu/data/processed/cif/finetune_000221.cif,CuH2C8N4(OF)2,False,False,-0.4599689216924911,0.0621677291567671,0.08354699797293963,1.9125639375524242e+25,2.57028811541231e+25,2.076788150348894,1.2,1.3438965699110685,38,6,7.421052631578948,0.6447368421052632,0.7160171475289928,0.05263157894736842
finetune_000222,Co3H16(C9O7)2,HF_COREMOF_GCMC,/home/rakeyma/Tüm_çalışmalar/MOF Radyoaktif Gaz Adsorpsiyonu/data/processed/cif/finetune_000222.cif,Co3H16(C9O7)2,False,False,-0.41599459438565584,0.03245610710146474,0.05,1.040159107241851e+25,1.60240891489249e+25,1.743909415652086,1.2,1.540542118735599,51,4,6.215686274509804,0.569607843137255,0.5829397481729994,0.058823529411764705
finetune_000223,AlH5C8O5,HF_COREMOF_GCMC,/home/rakeyma/Tüm_çalışmalar/MOF Radyoaktif Gaz Adsorpsiyonu/data/processed/cif/finetune_000223.cif,AlH5C8O5,False,False,-0.21645545912214337,0.21360919249904964,0.20169697092847594,6.382617227450461e+25,6.026681465866189e+25,2.988357040731488,1.6435963724023186,0.9442335723888536,38,4,5.578947368421052,0.5842105263157897,0.6629856710367125,0.05263157894736842
finetune_000224,Ho(CO2)4,HF_COREMOF_GCMC,/home/rakeyma/Tüm_çalışmalar/MOF Radyoaktif Gaz Adsorpsiyonu/data/processed/cif/finetune_000224.cif,Ho(CO2)4,False,False,-0.4785943460144064,0.14997836171222506,0.25281674030478984,2.4414133620380375e+25,4.115461463109865e+25,4.837021143375599,2.6603616288565797,1.6856881047273249,52,3,11.923076923076923,0.7192307692307693,0.9079035680560402,0.07692307692307693
finetune_000225,CoHC4O3,HF_COREMOF_GCMC,/home/rakeyma/Tüm_çalışmalar/MOF Radyoaktif Gaz Adsorpsiyonu/data/processed/cif/finetune_000225.cif,CoHC4O3,False,False,-0.30168744698035965,0.20272234461597277,0.24081560498963828,3.3889723538711354e+25,4.025789210541387e+25,3.325674945771934,1.8291212201745637,1.1879085428191327,54,4,8.444444444444445,0.688888888888889,0.5829397481729994,0.1111111111111111
finetune_000226,SrU2P2H4(C3O4)2,HF_COREMOF_GCMC,/home/rakeyma/Tüm_çalışmalar/MOF Radyoaktif Gaz Adsorpsiyonu/data/processed/cif/finetune_000226.cif,SrU2P2H4(C3O4)2,False,False,-0.5660985795729906,0.0161233082656799,0.05,3.968439746241035e+24,1.2306530647585094e+25,1.5918567931821002,1.2,3.1011005419049193,46,6,15.478260869565217,0.7608695652173915,0.8015696406981049,0.13043478260869565
finetune_000227,MnHC3N3Cl,HF_COREMOF_GCMC,/home/rakeyma/Tüm_çalışmalar/MOF Radyoaktif Gaz Adsorpsiyonu/data/processed/cif/finetune_000227.cif,MnHC3N3Cl,False,False,-0.3158415251168576,0.24213078848637803,0.28296294032432157,3.665584283877443e+25,4.283736543611582e+25,4.435337482107187,2.4394356151589527,1.168636760707698,54,5,9.11111111111111,0.7444444444444445,0.586890108964191,0.1111111111111111
finetune_000228,Ho(CO2)4,HF_COREMOF_GCMC,/home/rakeyma/Tüm_çalışmalar/MOF Radyoaktif Gaz Adsorpsiyonu/data/processed/cif/finetune_000228.cif,Ho(CO2)4,False,False,-0.4785943460144064,0.14997836171222506,0.25281674030478984,2.4414133620380375e+25,4.115461463109865e+25,4.837021143375599,2.6603616288565797,1.6856881047273249,52,3,11.923076923076923,0.7192307692307693,0.9079035680560402,0.07692307692307693
finetune_000229,ErH4(CO2)4,HF_COREMOF_GCMC,/home/rakeyma/Tüm_çalışmalar/MOF Radyoaktif Gaz Adsorpsiyonu/data/processed/cif/finetune_000229.cif,ErH4(CO2)4,False,False,-0.2729219457086594,0.023600667038622233,0.05,9.4800095235009e+24,2.008419827284324e+25,1.5,1.2,2.1185841873950237,34,4,9.411764705882353,0.6088235294117648,0.7877935960643498,0.058823529411764705
finetune_000230,PrH4(C3O4)2,HF_COREMOF_GCMC,/home/rakeyma/Tüm_çalışmalar/MOF Radyoaktif Gaz Adsorpsiyonu/data/processed/cif/finetune_000230.cif,PrH4(C3O4)2,False,False,-0.2932541461957817,0.026923411635638637,0.05,6.362688521709699e+24,1.1816274638254576e+25,2.2767644146902857,1.2522204280796572,1.8571197690940024,57,4,8.578947368421053,0.6236842105263158,0.8272544953035915,0.05263157894736842
finetune_000231,NiPC3NO3,HF_COREMOF_GCMC,/home/rakeyma/Tüm_çalışmalar/MOF Radyoaktif Gaz Adsorpsiyonu/data/processed/cif/finetune_000231.cif,NiPC3NO3,False,False,-0.34859336670466917,0.18032553057819853,0.24006455958428397,2.8074524444819397e+25,3.7375175466133446e+25,3.0524746918998127,1.6788610805448971,1.3312843656388382,54,5,10.222222222222221,0.7666666666666667,0.5554313638965664,0.1111111111111111
finetune_000232,MgH6C8S2(NO)4,HF_COREMOF_GCMC,/home/rakeyma/Tüm_çalışmalar/MOF Radyoaktif Gaz Adsorpsiyonu/data/processed/cif/finetune_000232.cif,MgH6C8S2(NO)4,False,False,-0.5201537452132456,0.3052292661117404,0.28763886436227715,6.098681039384603e+25,5.747213268973177e+25,4.079784268198212,2.2438813475090167,0.9423698717572395,50,6,6.32,0.6240000000000001,0.6693031201680346,0.04
finetune_000233,CoHC4O3,HF_COREMOF_GCMC,/home/rakeyma/Tüm_çalışmalar/MOF Radyoaktif Gaz Adsorpsiyonu/data/processed/cif/finetune_000233.cif,CoHC4O3,False,False,-0.30168744698035965,0.20272234461597277,0.24081560498963828,3.3889723538711354e+25,4.025789210541387e+25,3.325674945771934,1.8291212201745637,1.1879085428191327,54,4,8.444444444444445,0.688888888888889,0.5829397481729994,0.1111111111111111
finetune_000234,Ho(CO2)4,HF_COREMOF_GCMC,/home/rakeyma/Tüm_çalışmalar/MOF Radyoaktif Gaz Adsorpsiyonu/data/processed/cif/finetune_000234.cif,Ho(CO2)4,False,False,-0.4785943460144064,0.14997836171222506,0.25281674030478984,2.4414133620380375e+25,4.115461463109865e+25,4.837021143375599,2.6603616288565797,1.6856881047273249,52,3,11.923076923076923,0.7192307692307693,0.9079035680560402,0.07692307692307693
finetune_000235,SmH9(C2O)6,HF_COREMOF_GCMC,/home/rakeyma/Tüm_çalışmalar/MOF Radyoaktif Gaz Adsorpsiyonu/data/processed/cif/finetune_000235.cif,SmH9(C2O)6,False,False,-0.5533311169052184,0.033113620854002664,0.05,8.2408418593811e+24,1.244328111340469e+25,1.8852289118300725,1.2,1.5099526632997664,56,4,6.821428571428571,0.5750000000000001,0.8128037893612454,0.03571428571428571
finetune_000236,CoPC3NO3,HF_COREMOF_GCMC,/home/rakeyma/Tüm_çalışmalar/MOF Radyoaktif Gaz Adsorpsiyonu/data/processed/cif/finetune_000236.cif,CoPC3NO3,False,False,-0.339007787587708,0.18989651439432215,0.24830970135903974,2.900170840812462e+25,3.7922789560895155e+25,3.13185845514548,1.722522150330014,1.3076053668021625,54,5,10.11111111111111,0.7666666666666667,0.5632406235349152,0.1111111111111111
finetune_000237,CuH8(C2N)4,HF_COREMOF_GCMC,/home/rakeyma/Tüm_çalışmalar/MOF Radyoaktif Gaz Adsorpsiyonu/data/processed/cif/finetune_000237.cif,CuH8(C2N)4,False,False,-0.3595788678012127,0.05556521108350604,0.06374764214332951,3.752883638938055e+25,4.305526399621553e+25,1.7305181678393637,1.2,1.1472581656807983,21,4,5.380952380952381,0.55,0.4242861652234256,0.047619047619047616
finetune_000238,Ho(CO2)4,HF_COREMOF_GCMC,/home/rakeyma/Tüm_çalışmalar/MOF Radyoaktif Gaz Adsorpsiyonu/data/processed/cif/finetune_000238.cif,Ho(CO2)4,False,False,-0.4785943460144064,0.14997836171222506,0.25281674030478984,2.4414133620380375e+25,4.115461463109865e+25,4.837021143375599,2.6603616288565797,1.6856881047273249,52,3,11.923076923076923,0.7192307692307693,0.9079035680560402,0.07692307692307693
finetune_000239,ZnHC4O3,HF_COREMOF_GCMC,/home/rakeyma/Tüm_çalışmalar/MOF Radyoaktif Gaz Adsorpsiyonu/data/processed/cif/finetune_000239.cif,ZnHC4O3,False,False,-0.2677312773291185,0.20687860416176837,0.2515640963015523,3.3991159257691533e+25,4.133320260715269e+25,3.442719217267522,1.8934955694971374,1.2159986158106626,54,4,8.777777777777779,0.688888888888889,0.6504229393248673,0.1111111111111111
finetune_000240,Ho(CO2)4,HF_COREMOF_GCMC,/home/rakeyma/Tüm_çalışmalar/MOF Radyoaktif Gaz Adsorpsiyonu/data/processed/cif/finetune_000240.cif,Ho(CO2)4,False,False,-0.4785943460144064,0.14997836171222506,0.25281674030478984,2.4414133620380375e+25,4.115461463109865e+25,4.837021143375599,2.6603616288565797,1.6856881047273249,52,3,11.923076923076923,0.7192307692307693,0.9079035680560402,0.07692307692307693
finetune_000241,YH4(CO2)4,HF_COREMOF_GCMC,/home/rakeyma/Tüm_çalışmalar/MOF Radyoaktif Gaz Adsorpsiyonu/data/processed/cif/finetune_000241.cif,YH4(CO2)4,False,False,-0.2927306989086387,0.02906006822972668,0.05,1.224155585179548e+25,2.1062503630451072e+25,1.5,1.2,1.7205740745251605,34,4,7.705882352941177,0.6117647058823531,0.7949017234853627,0.058823529411764705
finetune_000242,YH4(CO2)4,HF_COREMOF_GCMC,/home/rakeyma/Tüm_çalışmalar/MOF Radyoaktif Gaz Adsorpsiyonu/data/processed/cif/finetune_000242.cif,YH4(CO2)4,False,False,-0.2927306989086387,0.02906006822972668,0.05,1.224155585179548e+25,2.1062503630451072e+25,1.5,1.2,1.7205740745251605,34,4,7.705882352941177,0.6117647058823531,0.7949017234853627,0.058823529411764705
finetune_000243,CoHC4O3,HF_COREMOF_GCMC,/home/rakeyma/Tüm_çalışmalar/MOF Radyoaktif Gaz Adsorpsiyonu/data/processed/cif/finetune_000243.cif,CoHC4O3,False,False,-0.30168744698035965,0.20272234461597277,0.24081560498963828,3.3889723538711354e+25,4.025789210541387e+25,3.325674945771934,1.8291212201745637,1.1879085428191327,54,4,8.444444444444445,0.688888888888889,0.5829397481729994,0.1111111111111111
finetune_000244,DyH4(CO2)4,HF_COREMOF_GCMC,/home/rakeyma/Tüm_çalışmalar/MOF Radyoaktif Gaz Adsorpsiyonu/data/processed/cif/finetune_000244.cif,DyH4(CO2)4,False,False,-0.2683971562056278,0.022990871482619267,0.05,9.611706394007919e+24,2.0903310257886954e+25,1.5,1.2,2.174776194882356,34,4,9.294117647058824,0.6088235294117648,0.7949017234853627,0.058823529411764705
finetune_000245,YH4(CO2)4,HF_COREMOF_GCMC,/home/rakeyma/Tüm_çalışmalar/MOF Radyoaktif Gaz Adsorpsiyonu/data/processed/cif/finetune_000245.cif,YH4(CO2)4,False,False,-0.2927306989086387,0.02906006822972668,0.05,1.224155585179548e+25,2.1062503630451072e+25,1.5,1.2,1.7205740745251605,34,4,7.705882352941177,0.6117647058823531,0.7949017234853627,0.058823529411764705
finetune_000246,Ho(CO2)4,HF_COREMOF_GCMC,/home/rakeyma/Tüm_çalışmalar/MOF Radyoaktif Gaz Adsorpsiyonu/data/processed/cif/finetune_000246.cif,Ho(CO2)4,False,False,-0.4785943460144064,0.14997836171222506,0.25281674030478984,2.4414133620380375e+25,4.115461463109865e+25,4.837021143375599,2.6603616288565797,1.6856881047273249,52,3,11.923076923076923,0.7192307692307693,0.9079035680560402,0.07692307692307693
finetune_000247,CuHC4O3,HF_COREMOF_GCMC,/home/rakeyma/Tüm_çalışmalar/MOF Radyoaktif Gaz Adsorpsiyonu/data/processed/cif/finetune_000247.cif,CuHC4O3,False,False,-0.20597854636990207,0.14306361389834307,0.18913494331402203,2.5852239851953995e+25,3.417753673141659e+25,2.7268008935398664,1.4997404914469266,1.3220338712288924,54,4,8.666666666666666,0.688888888888889,0.577510822409416,0.1111111111111111
finetune_000248,YH4(CO2)4,HF_COREMOF_GCMC,/home/rakeyma/Tüm_çalışmalar/MOF Radyoaktif Gaz Adsorpsiyonu/data/processed/cif/finetune_000248.cif,YH4(CO2)4,False,False,-0.2927306989086387,0.02906006822972668,0.05,1.224155585179548e+25,2.1062503630451072e+25,1.5,1.2,1.7205740745251605,34,4,7.705882352941177,0.6117647058823531,0.7949017234853627,0.058823529411764705
finetune_000249,Fe5H8C4N20OF7,HF_COREMOF_GCMC,/home/rakeyma/Tüm_çalışmalar/MOF Radyoaktif Gaz Adsorpsiyonu/data/processed/cif/finetune_000249.cif,Fe5H8C4N20OF7,False,False,-0.3714816346717107,0.027216813967264913,0.05,8.614467119214068e+24,1.5825634715318147e+25,1.5,1.2,1.8370996715536807,45,6,8.28888888888889,0.6422222222222221,0.7318242047559417,0.1111111111111111
finetune_000250,ErH4(CO2)4,HF_COREMOF_GCMC,/home/rakeyma/Tüm_çalışmalar/MOF Radyoaktif Gaz Adsorpsiyonu/data/processed/cif/finetune_000250.cif,ErH4(CO2)4,False,False,-0.2729219457086594,0.023600667038622233,0.05,9.4800095235009e+24,2.008419827284324e+25,1.5,1.2,2.1185841873950237,34,4,9.411764705882353,0.6088235294117648,0.7877935960643498,0.058823529411764705
finetune_000251,CoHC4O3,HF_COREMOF_GCMC,/home/rakeyma/Tüm_çalışmalar/MOF Radyoaktif Gaz Adsorpsiyonu/data/processed/cif/finetune_000251.cif,CoHC4O3,False,False,-0.30168744698035965,0.20272234461597277,0.24081560498963828,3.3889723538711354e+25,4.025789210541387e+25,3.325674945771934,1.8291212201745637,1.1879085428191327,54,4,8.444444444444445,0.688888888888889,0.5829397481729994,0.1111111111111111
finetune_000252,NiH9C11(NO)2,HF_COREMOF_GCMC,/home/rakeyma/Tüm_çalışmalar/MOF Radyoaktif Gaz Adsorpsiyonu/data/processed/cif/finetune_000252.cif,NiH9C11(NO)2,False,False,-0.4316147466124268,0.11050820778470832,0.11439936982589449,2.8987157079593816e+25,3.0007838959891437e+25,2.7487932508246935,1.5118362879535816,1.035211520657062,50,5,5.32,0.552,0.5538736317970011,0.04
finetune_000253,ErH2C5O6,HF_COREMOF_GCMC,/home/rakeyma/Tüm_çalışmalar/MOF Radyoaktif Gaz Adsorpsiyonu/data/processed/cif/finetune_000253.cif,ErH2C5O6,False,False,-0.544140207922475,0.023302793152788225,0.05,5.060604286869507e+24,1.0858364174819955e+25,2.0576297528953065,1.2,2.145665529113509,56,4,10.571428571428571,0.6678571428571427,0.7877935960643498,0.07142857142857142
finetune_000254,CoHC4O3,HF_COREMOF_GCMC,/home/rakeyma/Tüm_çalışmalar/MOF Radyoaktif Gaz Adsorpsiyonu/data/processed/cif/finetune_000254.cif,CoHC4O3,False,False,-0.30168744698035965,0.20272234461597277,0.24081560498963828,3.3889723538711354e+25,4.025789210541387e+25,3.325674945771934,1.8291212201745637,1.1879085428191327,54,4,8.444444444444445,0.688888888888889,0.5829397481729994,0.1111111111111111
finetune_000255,CoH10C12N2O3F,HF_COREMOF_GCMC,/home/rakeyma/Tüm_çalışmalar/MOF Radyoaktif Gaz Adsorpsiyonu/data/processed/cif/finetune_000255.cif,CoH10C12N2O3F,False,False,-0.36536647490179824,0.035938430676836795,0.05,1.0685280826021216e+25,1.4866092682377678e+25,1.6361309391365961,1.2,1.3912683180188568,58,6,5.379310344827586,0.5465517241379311,0.7204724530164602,0.034482758620689655
finetune_000256,YH4(CO2)4,HF_COREMOF_GCMC,/home/rakeyma/Tüm_çalışmalar/MOF Radyoaktif Gaz Adsorpsiyonu/data/processed/cif/finetune_000256.cif,YH4(CO2)4,False,False,-0.2927306989086387,0.02906006822972668,0.05,1.224155585179548e+25,2.1062503630451072e+25,1.5,1.2,1.7205740745251605,34,4,7.705882352941177,0.6117647058823531,0.7949017234853627,0.058823529411764705
finetune_000257,Fe2C4Cl2O9,HF_COREMOF_GCMC,/home/rakeyma/Tüm_çalışmalar/MOF Radyoaktif Gaz Adsorpsiyonu/data/processed/cif/finetune_000257.cif,Fe2C4Cl2O9,False,False,-0.19457082168212675,0.12079591757760155,0.18514518171862593,3.2545086912313033e+25,4.988219926023356e+25,3.7770417350350907,2.0773729542693,1.5327105868431787,34,4,10.705882352941176,0.7647058823529411,0.6185668920981788,0.11764705882352941
finetune_000258,Ho(CO2)4,HF_COREMOF_GCMC,/home/rakeyma/Tüm_çalışmalar/MOF Radyoaktif Gaz Adsorpsiyonu/data/processed/cif/finetune_000258.cif,Ho(CO2)4,False,False,-0.4785943460144064,0.14997836171222506,0.25281674030478984,2.4414133620380375e+25,4.115461463109865e+25,4.837021143375599,2.6603616288565797,1.6856881047273249,52,3,11.923076923076923,0.7192307692307693,0.9079035680560402,0.07692307692307693
finetune_000259,Ho(CO2)4,HF_COREMOF_GCMC,/home/rakeyma/Tüm_çalışmalar/MOF Radyoaktif Gaz Adsorpsiyonu/data/processed/cif/finetune_000259.cif,Ho(CO2)4,False,False,-0.4785943460144064,0.14997836171222506,0.25281674030478984,2.4414133620380375e+25,4.115461463109865e+25,4.837021143375599,2.6603616288565797,1.6856881047273249,52,3,11.923076923076923,0.7192307692307693,0.9079035680560402,0.07692307692307693
finetune_000260,CuHC4O3,HF_COREMOF_GCMC,/home/rakeyma/Tüm_çalışmalar/MOF Radyoaktif Gaz Adsorpsiyonu/data/processed/cif/finetune_000260.cif,CuHC4O3,False,False,-0.20597854636990207,0.14306361389834307,0.18913494331402203,2.5852239851953995e+25,3.417753673141659e+25,2.7268008935398664,1.4997404914469266,1.3220338712288924,54,4,8.666666666666666,0.688888888888889,0.577510822409416,0.1111111111111111
finetune_000261,CuHC4O3,HF_COREMOF_GCMC,/home/rakeyma/Tüm_çalışmalar/MOF Radyoaktif Gaz Adsorpsiyonu/data/processed/cif/finetune_000261.cif,CuHC4O3,False,False,-0.20597854636990207,0.14306361389834307,0.18913494331402203,2.5852239851953995e+25,3.417753673141659e+25,2.7268008935398664,1.4997404914469266,1.3220338712288924,54,4,8.666666666666666,0.688888888888889,0.577510822409416,0.1111111111111111
finetune_000262,Fe2C4Cl2O9,HF_COREMOF_GCMC,/home/rakeyma/Tüm_çalışmalar/MOF Radyoaktif Gaz Adsorpsiyonu/data/processed/cif/finetune_000262.cif,Fe2C4Cl2O9,False,False,-0.19457082168212675,0.12079591757760155,0.18514518171862593,3.2545086912313033e+25,4.988219926023356e+25,3.7770417350350907,2.0773729542693,1.5327105868431787,34,4,10.705882352941176,0.7647058823529411,0.6185668920981788,0.11764705882352941
finetune_000263,Ho(CO2)4,HF_COREMOF_GCMC,/home/rakeyma/Tüm_çalışmalar/MOF Radyoaktif Gaz Adsorpsiyonu/data/processed/cif/finetune_000263.cif,Ho(CO2)4,False,False,-0.4785943460144064,0.14997836171222506,0.25281674030478984,2.4414133620380375e+25,4.115461463109865e+25,4.837021143375599,2.6603616288565797,1.6856881047273249,52,3,11.923076923076923,0.7192307692307693,0.9079035680560402,0.07692307692307693
finetune_000264,CuHC4O3,HF_COREMOF_GCMC,/home/rakeyma/Tüm_çalışmalar/MOF Radyoaktif Gaz Adsorpsiyonu/data/processed/cif/finetune_000264.cif,CuHC4O3,False,False,-0.20597854636990207,0.14306361389834307,0.18913494331402203,2.5852239851953995e+25,3.417753673141659e+25,2.7268008935398664,1.4997404914469266,1.3220338712288924,54,4,8.666666666666666,0.688888888888889,0.577510822409416,0.1111111111111111
finetune_000265,Ho(CO2)4,HF_COREMOF_GCMC,/home/rakeyma/Tüm_çalışmalar/MOF Radyoaktif Gaz Adsorpsiyonu/data/processed/cif/finetune_000265.cif,Ho(CO2)4,False,False,-0.4785943460144064,0.14997836171222506,0.25281674030478984,2.4414133620380375e+25,4.115461463109865e+25,4.837021143375599,2.6603616288565797,1.6856881047273249,52,3,11.923076923076923,0.7192307692307693,0.9079035680560402,0.07692307692307693
finetune_000266,NiH9C11(NO)2,HF_COREMOF_GCMC,/home/rakeyma/Tüm_çalışmalar/MOF Radyoaktif Gaz Adsorpsiyonu/data/processed/cif/finetune_000266.cif,NiH9C11(NO)2,False,False,-0.4316147466124268,0.11050820778470832,0.11439936982589449,2.8987157079593816e+25,3.0007838959891437e+25,2.7487932508246935,1.5118362879535816,1.035211520657062,50,5,5.32,0.552,0.5538736317970011,0.04
finetune_000267,ErH4(CO2)4,HF_COREMOF_GCMC,/home/rakeyma/Tüm_çalışmalar/MOF Radyoaktif Gaz Adsorpsiyonu/data/processed/cif/finetune_000267.cif,ErH4(CO2)4,False,False,-0.2729219457086594,0.023600667038622233,0.05,9.4800095235009e+24,2.008419827284324e+25,1.5,1.2,2.1185841873950237,34,4,9.411764705882353,0.6088235294117648,0.7877935960643498,0.058823529411764705
finetune_000268,CuHC4O3,HF_COREMOF_GCMC,/home/rakeyma/Tüm_çalışmalar/MOF Radyoaktif Gaz Adsorpsiyonu/data/processed/cif/finetune_000268.cif,CuHC4O3,False,False,-0.20597854636990207,0.14306361389834307,0.18913494331402203,2.5852239851953995e+25,3.417753673141659e+25,2.7268008935398664,1.4997404914469266,1.3220338712288924,54,4,8.666666666666666,0.688888888888889,0.577510822409416,0.1111111111111111
finetune_000269,CuHC4O3,HF_COREMOF_GCMC,/home/rakeyma/Tüm_çalışmalar/MOF Radyoaktif Gaz Adsorpsiyonu/data/processed/cif/finetune_000269.cif,CuHC4O3,False,False,-0.20597854636990207,0.14306361389834307,0.18913494331402203,2.5852239851953995e+25,3.417753673141659e+25,2.7268008935398664,1.4997404914469266,1.3220338712288924,54,4,8.666666666666666,0.688888888888889,0.577510822409416,0.1111111111111111
finetune_000270,LiC6N4F3,HF_COREMOF_GCMC,/home/rakeyma/Tüm_çalışmalar/MOF Radyoaktif Gaz Adsorpsiyonu/data/processed/cif/finetune_000270.cif,LiC6N4F3,False,False,-0.45334514620200034,0.039745277462582225,0.05,8.573472372599009e+24,1.0785523362706945e+25,1.954323412334816,1.2,1.258011094451963,56,4,6.714285714285714,0.6964285714285714,1.0861946188413936,0.07142857142857142
finetune_000271,Fe2C4Cl2O9,HF_COREMOF_GCMC,/home/rakeyma/Tüm_çalışmalar/MOF Radyoaktif Gaz Adsorpsiyonu/data/processed/cif/finetune_000271.cif,Fe2C4Cl2O9,False,False,-0.19457082168212675,0.12079591757760155,0.18514518171862593,3.2545086912313033e+25,4.988219926023356e+25,3.7770417350350907,2.0773729542693,1.5327105868431787,34,4,10.705882352941176,0.7647058823529411,0.6185668920981788,0.11764705882352941
finetune_000272,Fe2C4Cl2O9,HF_COREMOF_GCMC,/home/rakeyma/Tüm_çalışmalar/MOF Radyoaktif Gaz Adsorpsiyonu/data/processed/cif/finetune_000272.cif,Fe2C4Cl2O9,False,False,-0.19457082168212675,0.12079591757760155,0.18514518171862593,3.2545086912313033e+25,4.988219926023356e+25,3.7770417350350907,2.0773729542693,1.5327105868431787,34,4,10.705882352941176,0.7647058823529411,0.6185668920981788,0.11764705882352941
finetune_000273,Ho(CO2)4,HF_COREMOF_GCMC,/home/rakeyma/Tüm_çalışmalar/MOF Radyoaktif Gaz Adsorpsiyonu/data/processed/cif/finetune_000273.cif,Ho(CO2)4,False,False,-0.4785943460144064,0.14997836171222506,0.25281674030478984,2.4414133620380375e+25,4.115461463109865e+25,4.837021143375599,2.6603616288565797,1.6856881047273249,52,3,11.923076923076923,0.7192307692307693,0.9079035680560402,0.07692307692307693
finetune_000274,NdC4NO4,HF_COREMOF_GCMC,/home/rakeyma/Tüm_çalışmalar/MOF Radyoaktif Gaz Adsorpsiyonu/data/processed/cif/finetune_000274.cif,NdC4NO4,False,False,-0.5120882148416853,0.07867591162492978,0.14166960992378708,1.725828694115664e+25,3.1076535732592883e+25,3.1451168138769607,1.7298142476323286,1.8006732556105103,40,4,12.3,0.77,0.868918149194733,0.1
finetune_000275,PrH4(C3O4)2,HF_COREMOF_GCMC,/home/rakeyma/Tüm_çalışmalar/MOF Radyoaktif Gaz Adsorpsiyonu/data/processed/cif/finetune_000275.cif,PrH4(C3O4)2,False,False,-0.2932541461957817,0.026923411635638637,0.05,6.362688521709699e+24,1.1816274638254576e+25,2.2767644146902857,1.2522204280796572,1.8571197690940024,57,4,8.578947368421053,0.6236842105263158,0.8272544953035915,0.05263157894736842
finetune_000276,MgPHCO6,HF_COREMOF_GCMC,/home/rakeyma/Tüm_çalışmalar/MOF Radyoaktif Gaz Adsorpsiyonu/data/processed/cif/finetune_000276.cif,MgPHCO6,False,False,-0.3514950327118205,0.09183493617924217,0.13499857555114858,2.705562218012952e+25,3.977212384444526e+25,1.9888527039069894,1.2,1.4700132778190231,40,5,8.2,0.7050000000000001,0.6865974075103983,0.1
finetune_000277,AlP2C8N3O7,HF_COREMOF_GCMC,/home/rakeyma/Tüm_çalışmalar/MOF Radyoaktif Gaz Adsorpsiyonu/data/processed/cif/finetune_000277.cif,AlP2C8N3O7,False,False,-0.3203434239135617,0.03285796455921925,0.05,9.71204462315858e+24,1.4778828745850578e+25,1.5462410064411045,1.2,1.5217010752411642,42,5,8.0,0.7142857142857143,0.6393934625877871,0.047619047619047616
finetune_000278,UH2(C5O4)2,HF_COREMOF_GCMC,/home/rakeyma/Tüm_çalışmalar/MOF Radyoaktif Gaz Adsorpsiyonu/data/processed/cif/finetune_000278.cif,UH2(C5O4)2,False,False,-0.19490305754780538,0.14746093976688085,0.2330971396495256,3.1446031398414465e+25,4.970794288906241e+25,4.551368288254971,2.5032525585402343,1.5807381942501246,42,4,10.380952380952381,0.6690476190476191,0.7389646473275971,0.047619047619047616
finetune_000279,EuHC6N2O5,HF_COREMOF_GCMC,/home/rakeyma/Tüm_çalışmalar/MOF Radyoaktif Gaz Adsorpsiyonu/data/processed/cif/finetune_000279.cif,EuHC6N2O5,False,False,-0.27288817714981606,0.026663069368171966,0.05,6.59103069616188e+24,1.235984988290522e+25,2.179271850871295,1.2,1.8752529691756201,45,5,10.266666666666667,0.7066666666666668,0.768988946604566,0.06666666666666667
finetune_000280,CoHC4O3,HF_COREMOF_GCMC,/home/rakeyma/Tüm_çalışmalar/MOF Radyoaktif Gaz Adsorpsiyonu/data/processed/cif/finetune_000280.cif,CoHC4O3,False,False,-0.30168744698035965,0.20272234461597277,0.24081560498963828,3.3889723538711354e+25,4.025789210541387e+25,3.325674945771934,1.8291212201745637,1.1879085428191327,54,4,8.444444444444445,0.688888888888889,0.5829397481729994,0.1111111111111111
finetune_000281,CuH2C8N4(OF)2,HF_COREMOF_GCMC,/home/rakeyma/Tüm_çalışmalar/MOF Radyoaktif Gaz Adsorpsiyonu/data/processed/cif/finetune_000281.cif,CuH2C8N4(OF)2,False,False,-0.4599689216924911,0.0621677291567671,0.08354699797293963,1.9125639375524242e+25,2.57028811541231e+25,2.076788150348894,1.2,1.3438965699110685,38,6,7.421052631578948,0.6447368421052632,0.7160171475289928,0.05263157894736842
finetune_000282,Ho(CO2)4,HF_COREMOF_GCMC,/home/rakeyma/Tüm_çalışmalar/MOF Radyoaktif Gaz Adsorpsiyonu/data/processed/cif/finetune_000282.cif,Ho(CO2)4,False,False,-0.4785943460144064,0.14997836171222506,0.25281674030478984,2.4414133620380375e+25,4.115461463109865e+25,4.837021143375599,2.6603616288565797,1.6856881047273249,52,3,11.923076923076923,0.7192307692307693,0.9079035680560402,0.07692307692307693
finetune_000283,CoHC4O3,HF_COREMOF_GCMC,/home/rakeyma/Tüm_çalışmalar/MOF Radyoaktif Gaz Adsorpsiyonu/data/processed/cif/finetune_000283.cif,CoHC4O3,False,False,-0.30168744698035965,0.20272234461597277,0.24081560498963828,3.3889723538711354e+25,4.025789210541387e+25,3.325674945771934,1.8291212201745637,1.1879085428191327,54,4,8.444444444444445,0.688888888888889,0.5829397481729994,0.1111111111111111
finetune_000284,CuH8(C2N)4,HF_COREMOF_GCMC,/home/rakeyma/Tüm_çalışmalar/MOF Radyoaktif Gaz Adsorpsiyonu/data/processed/cif/finetune_000284.cif,CuH8(C2N)4,False,False,-0.3595788678012127,0.05556521108350604,0.06374764214332951,3.752883638938055e+25,4.305526399621553e+25,1.7305181678393637,1.2,1.1472581656807983,21,4,5.380952380952381,0.55,0.4242861652234256,0.047619047619047616
finetune_000285,MgPHCO6,HF_COREMOF_GCMC,/home/rakeyma/Tüm_çalışmalar/MOF Radyoaktif Gaz Adsorpsiyonu/data/processed/cif/finetune_000285.cif,MgPHCO6,False,False,-0.3514950327118205,0.09183493617924217,0.13499857555114858,2.705562218012952e+25,3.977212384444526e+25,1.9888527039069894,1.2,1.4700132778190231,40,5,8.2,0.7050000000000001,0.6865974075103983,0.1
finetune_000286,Ho(CO2)4,HF_COREMOF_GCMC,/home/rakeyma/Tüm_çalışmalar/MOF Radyoaktif Gaz Adsorpsiyonu/data/processed/cif/finetune_000286.cif,Ho(CO2)4,False,False,-0.4785943460144064,0.14997836171222506,0.25281674030478984,2.4414133620380375e+25,4.115461463109865e+25,4.837021143375599,2.6603616288565797,1.6856881047273249,52,3,11.923076923076923,0.7192307692307693,0.9079035680560402,0.07692307692307693
finetune_000287,Ho(CO2)4,HF_COREMOF_GCMC,/home/rakeyma/Tüm_çalışmalar/MOF Radyoaktif Gaz Adsorpsiyonu/data/processed/cif/finetune_000287.cif,Ho(CO2)4,False,False,-0.4785943460144064,0.14997836171222506,0.25281674030478984,2.4414133620380375e+25,4.115461463109865e+25,4.837021143375599,2.6603616288565797,1.6856881047273249,52,3,11.923076923076923,0.7192307692307693,0.9079035680560402,0.07692307692307693
finetune_000288,TbH8C8(NO3)2,HF_COREMOF_GCMC,/home/rakeyma/Tüm_çalışmalar/MOF Radyoaktif Gaz Adsorpsiyonu/data/processed/cif/finetune_000288.cif,TbH8C8(NO3)2,False,False,-0.4850084406581334,0.02481166212658632,0.05,8.506364654357456e+24,1.714186782602257e+25,1.6927034589673409,1.2,2.015181399170503,50,5,7.32,0.5700000000000001,0.8027353237524806,0.04
finetune_000289,TbH8C8(NO3)2,HF_COREMOF_GCMC,/home/rakeyma/Tüm_çalışmalar/MOF Radyoaktif Gaz Adsorpsiyonu/data/processed/cif/finetune_000289.cif,TbH8C8(NO3)2,False,False,-0.4850084406581334,0.02481166212658632,0.05,8.506364654357456e+24,1.714186782602257e+25,1.6927034589673409,1.2,2.015181399170503,50,5,7.32,0.5700000000000001,0.8027353237524806,0.04
finetune_000290,CoHC4O3,HF_COREMOF_GCMC,/home/rakeyma/Tüm_çalışmalar/MOF Radyoaktif Gaz Adsorpsiyonu/data/processed/cif/finetune_000290.cif,CoHC4O3,False,False,-0.30168744698035965,0.20272234461597277,0.24081560498963828,3.3889723538711354e+25,4.025789210541387e+25,3.325674945771934,1.8291212201745637,1.1879085428191327,54,4,8.444444444444445,0.688888888888889,0.5829397481729994,0.1111111111111111
finetune_000291,CuH8(C2N)4,HF_COREMOF_GCMC,/home/rakeyma/Tüm_çalışmalar/MOF Radyoaktif Gaz Adsorpsiyonu/data/processed/cif/finetune_000291.cif,CuH8(C2N)4,False,False,-0.3595788678012127,0.05556521108350604,0.06374764214332951,3.752883638938055e+25,4.305526399621553e+25,1.7305181678393637,1.2,1.1472581656807983,21,4,5.380952380952381,0.55,0.4242861652234256,0.047619047619047616
finetune_000292,CoHC4O3,HF_COREMOF_GCMC,/home/rakeyma/Tüm_çalışmalar/MOF Radyoaktif Gaz Adsorpsiyonu/data/processed/cif/finetune_000292.cif,CoHC4O3,False,False,-0.30168744698035965,0.20272234461597277,0.24081560498963828,3.3889723538711354e+25,4.025789210541387e+25,3.325674945771934,1.8291212201745637,1.1879085428191327,54,4,8.444444444444445,0.688888888888889,0.5829397481729994,0.1111111111111111
finetune_000293,MnHC3N3Cl,HF_COREMOF_GCMC,/home/rakeyma/Tüm_çalışmalar/MOF Radyoaktif Gaz Adsorpsiyonu/data/processed/cif/finetune_000293.cif,MnHC3N3Cl,False,False,-0.3158415251168576,0.24213078848637803,0.28296294032432157,3.665584283877443e+25,4.283736543611582e+25,4.435337482107187,2.4394356151589527,1.168636760707698,54,5,9.11111111111111,0.7444444444444445,0.586890108964191,0.1111111111111111
finetune_000294,CoHC4O3,HF_COREMOF_GCMC,/home/rakeyma/Tüm_çalışmalar/MOF Radyoaktif Gaz Adsorpsiyonu/data/processed/cif/finetune_000294.cif,CoHC4O3,False,False,-0.30168744698035965,0.20272234461597277,0.24081560498963828,3.3889723538711354e+25,4.025789210541387e+25,3.325674945771934,1.8291212201745637,1.1879085428191327,54,4,8.444444444444445,0.688888888888889,0.5829397481729994,0.1111111111111111
finetune_000295,CoPC3NO3,HF_COREMOF_GCMC,/home/rakeyma/Tüm_çalışmalar/MOF Radyoaktif Gaz Adsorpsiyonu/data/processed/cif/finetune_000295.cif,CoPC3NO3,False,False,-0.339007787587708,0.18989651439432215,0.24830970135903974,2.900170840812462e+25,3.7922789560895155e+25,3.13185845514548,1.722522150330014,1.3076053668021625,54,5,10.11111111111111,0.7666666666666667,0.5632406235349152,0.1111111111111111
finetune_000296,Yb(CO2)4,HF_COREMOF_GCMC,/home/rakeyma/Tüm_çalışmalar/MOF Radyoaktif Gaz Adsorpsiyonu/data/processed/cif/finetune_000296.cif,Yb(CO2)4,False,False,-0.2276657727356584,0.10933107061073145,0.20330193716306155,3.835293045214321e+25,7.1317558798656345e+25,3.805963847844579,2.093280116314519,1.859507421151205,26,3,12.153846153846153,0.7192307692307693,0.964376597715966,0.07692307692307693
finetune_000297,CoHC4O3,HF_COREMOF_GCMC,/home/rakeyma/Tüm_çalışmalar/MOF Radyoaktif Gaz Adsorpsiyonu/data/processed/cif/finetune_000297.cif,CoHC4O3,False,False,-0.30168744698035965,0.20272234461597277,0.24081560498963828,3.3889723538711354e+25,4.025789210541387e+25,3.325674945771934,1.8291212201745637,1.1879085428191327,54,4,8.444444444444445,0.688888888888889,0.5829397481729994,0.1111111111111111
finetune_000298,CoHC4O3,HF_COREMOF_GCMC,/home/rakeyma/Tüm_çalışmalar/MOF Radyoaktif Gaz Adsorpsiyonu/data/processed/cif/finetune_000298.cif,CoHC4O3,False,False,-0.30168744698035965,0.20272234461597277,0.24081560498963828,3.3889723538711354e+25,4.025789210541387e+25,3.325674945771934,1.8291212201745637,1.1879085428191327,54,4,8.444444444444445,0.688888888888889,0.5829397481729994,0.1111111111111111
finetune_000299,CoHC4O3,HF_COREMOF_GCMC,/home/rakeyma/Tüm_çalışmalar/MOF Radyoaktif Gaz Adsorpsiyonu/data/processed/cif/finetune_000299.cif,CoHC4O3,False,False,-0.30168744698035965,0.20272234461597277,0.24081560498963828,3.3889723538711354e+25,4.025789210541387e+25,3.325674945771934,1.8291212201745637,1.1879085428191327,54,4,8.444444444444445,0.688888888888889,0.5829397481729994,0.1111111111111111
